ply
format ascii 1.0
element vertex 8199
property float x
property float y
property float z
end_header
-0.937223 -0.12854 0.207564
0.832924 0.16787 -0.290403
-0.0186346 -0.0512668 0.0349926
0.648028 -0.176972 0.343523
0.542902 -0.320346 -0.21008
-0.976027 0.117996 -0.211705
-0.999768 0.185243 0.114662
0.542902 0.125131 -0.319153
-0.999606 -0.0787529 0.205801
-0.117295 -0.101782 0.222002
0.784771 -0.139467 0.36045
-0.545454 0.0984241 -0.221777
0.776021 0.365152 0.12569
0.778035 -0.352084 -0.155971
0.276684 0.216299 0.113059
0.0440336 -0.0379286 -0.239462
0.362905 -0.239927 0.0408917
-0.555285 0.0481454 0.239632
-0.977892 -0.0188965 -0.239521
-0.195822 0.242816 -0.0190827
-0.692734 -0.240925 -0.0324062
-0.3012 -0.211695 -0.118852
-0.835833 0.242209 0.0273527
0.630803 0.0248697 0.0575298
0.832924 0.267397 -0.19927
0.832924 -0.0522912 -0.314388
0.543126 0.214298 0.321754
0.649829 -0.355425 0.150174
0.542902 -0.204847 -0.322721
0.543968 0.372221 -0.100754
0.052599 -0.243219 -0.000489675
0.194948 -0.0640936 0.235752
0.272027 0.15917 -0.183403
-0.237919 0.0504827 -0.237221
-0.39234 -0.184316 0.159741
-0.489253 0.242009 0.0291261
-0.982233 -0.232508 -0.0433663
-0.000384201 0.165633 0.179556
0.832924 0.138553 0.303447
0.832924 -0.169489 0.0517266
-0.287596 0.118933 0.213484
0.306784 -0.112487 -0.214811
0.542902 -0.138287 0.254663
-0.784068 -0.0130016 0.0612407
0.0575562 0.23563 -0.0609781
-0.121222 -0.0507035 -0.0339004
-0.730527 -0.0753011 -0.230461
-0.516437 -0.0565674 -0.0232031
0.542902 -0.374487 -0.0764765
0.383876 0.00285842 0.0626147
0.832924 0.154038 0.0175639
-0.999768 0.0664687 -0.0133001
-0.810664 0.149747 -0.191125
0.514834 0.226962 0.0895263
-0.651238 -0.160929 0.183432
0.169403 -0.0473467 -0.0383559
-0.890364 0.119783 0.213007
-0.319142 0.0555842 -0.0262639
0.629619 0.0204617 0.3861
-0.195889 -0.233444 0.0692722
-0.444357 -0.0916957 -0.224453
0.754525 0.144988 -0.356497
-0.849726 -0.208066 0.126984
-0.662256 0.200761 0.138946
0.832924 -0.0324243 -0.10492
-0.056409 0.139091 -0.198965
-0.652813 0.225695 -0.0907747
0.642469 -0.0406364 -0.382534
0.832924 0.00432498 0.149505
0.63737 0.288515 -0.255198
0.46921 -0.200592 -0.136652
0.460983 0.0425706 0.240684
0.473735 0.193532 -0.146975
0.746148 -0.229004 -0.309197
-0.390866 0.196075 -0.143592
-0.0528724 -0.185766 -0.156111
0.746522 0.379913 -0.066598
-0.462973 -0.242868 -0.0121938
0.483873 -0.0394598 -0.239215
0.024705 0.0559987 0.0273337
-0.741079 0.00645233 0.244318
0.22175 -0.228153 -0.0833569
0.832924 -0.258515 0.216956
0.194782 -0.211571 0.121002
0.363959 -0.136963 0.20207
-0.963076 0.215046 -0.113513
0.783535 -0.38479 0.0236527
0.717472 0.274382 0.2722
0.168573 0.11391 0.216214
-0.883519 -0.164862 -0.177951
-0.588959 -0.17825 -0.164601
-0.29318 -0.0578318 0.237377
0.0279474 -0.000714109 0.244396
0.604651 0.38034 0.0660801
-0.995697 0.202769 0.0952744
-0.648666 0.0572075 -0.0226781
0.672267 -0.254747 0.290337
0.0303761 -0.178345 0.166428
0.507173 -0.00158335 -0.060716
0.342531 0.238964 -0.0465336
0.619722 -0.317311 -0.217942
-0.447642 0.166156 0.17907
0.542902 -0.263778 0.0544276
0.832924 -0.191656 -0.163797
0.111489 0.116364 -0.21297
-0.189997 -0.110257 -0.215961
0.832924 0.092471 -0.218225
-0.13046 0.0662608 0.235266
-0.159935 0.201321 0.138129
-0.32104 0.227085 0.0892117
-0.999768 -0.0934065 0.0400605
0.554385 0.325693 0.207846
0.832924 0.224322 0.169239
0.110498 -0.166395 -0.176525
-0.511187 -0.101599 0.222086
0.113928 0.228953 0.0842494
-0.393209 0.0624917 -0.234366
-0.233647 0.184364 -0.158243
0.324473 0.110599 0.21793
-0.88717 -0.0321579 -0.0515716
0.224613 0.0148501 -0.242028
0.399363 0.085843 -0.22691
0.782795 0.0238169 0.385909
-0.0460109 0.238828 0.0491437
0.28052 0.0523176 -0.0320882
0.691795 0.151814 0.355585
-0.69099 0.0713264 -0.231849
-0.583451 -0.232228 0.0733017
0.740289 -0.0610404 0.00845837
0.542902 -0.297836 0.234182
-0.408597 0.0374933 0.241526
-0.999768 0.0567678 0.137639
-0.587691 -0.0417919 -0.238818
-0.848249 -0.0977128 0.223835
0.638047 -0.12803 0.364687
-0.999768 -0.0995209 -0.11488
-0.215896 0.00400504 0.0625547
-0.837592 -0.242445 -0.018484
-0.161354 -0.232002 -0.0720941
-0.097829 -0.002626 -0.242452
0.20088 0.231376 -0.0753378
-0.418243 0.00228503 0.0626366
0.832924 -0.112832 0.228541
-0.837913 0.015675 -0.241977
-0.74817 -0.189858 -0.151134
-0.332436 -0.240537 0.0370281
-0.944337 0.117703 -0.212238
0.832924 -0.272728 -0.0411266
0.832924 0.27293 -0.0550749
-0.0765021 0.225259 -0.0918389
-0.984658 -0.193318 0.133353
0.677389 -0.38049 -0.0607381
-0.441787 -0.197941 -0.140443
-0.058194 -0.230376 0.0790036
-0.241775 -0.167237 0.177661
0.478036 -0.193036 0.149005
-0.519515 0.218304 -0.107177
-0.314943 -0.0601857 -0.234858
-0.758731 0.135812 0.203132
0.443197 0.160978 0.183758
0.325212 -0.0170414 0.243786
-0.327328 0.240287 -0.0393174
0.341435 -0.206678 -0.127321
-0.78118 0.226934 -0.0876697
0.472177 0.24174 -0.029413
0.78107 -0.354496 0.152368
-0.712475 -0.225809 0.0913816
-0.699289 0.242379 0.0257352
-0.753197 -0.00279614 -0.0606688
0.752433 0.0223029 -0.384069
0.583567 -0.382698 0.0470166
-0.672112 -0.0587466 0.0191822
0.730049 0.338674 -0.183917
0.832924 0.0922581 -0.0928423
-0.100642 0.0510688 0.0359087
0.149133 0.0492747 0.038386
0.00522436 -0.0529781 -0.0303208
0.542902 0.0859848 0.32404
-0.908501 0.0206668 0.0591819
-0.543717 0.0447208 0.0437022
0.832924 0.00434401 0.273766
-0.630041 -0.0518512 0.238766
0.648002 -0.0131986 -0.0592677
0.267461 -0.0481445 0.0393
0.73263 0.061845 -0.00200554
0.742236 -0.119308 -0.365716
0.510133 -0.00120711 0.0626553
0.392306 0.232659 0.0732637
-0.315406 -0.0570042 0.0240795
0.648256 0.0867074 -0.374878
-0.999768 0.0350372 -0.13162
0.370083 -0.0269431 -0.0544469
-0.91124 0.00435122 0.244363
0.75075 0.255787 -0.287859
0.542902 -0.0394699 0.326408
-0.434623 0.027069 -0.0545898
-0.840084 0.201014 0.138578
-0.57596 -0.237308 -0.0523761
0.542902 -0.0857338 -0.337043
-0.204737 0.0310712 -0.0524703
0.666411 0.344506 0.174745
0.832924 0.281617 0.0626623
0.542902 0.0245098 -0.380841
-0.56495 0.155943 0.188066
0.650525 0.198332 -0.329923
0.542902 0.216657 -0.239364
0.460207 -0.241931 -0.0240908
-0.948341 0.243622 -0.00220814
0.542902 -0.15553 -0.218032
0.186586 -0.0934628 -0.223724
0.832924 -0.283132 0.0735504
0.832924 -0.162458 -0.274893
-0.634222 0.160074 -0.18262
0.832924 -0.140044 -0.0582296
-0.505108 -0.192562 0.149621
0.832924 0.115682 0.128827
0.371246 -0.0228927 -0.24137
-0.0512386 -0.238438 -0.0470672
0.164681 -0.242713 0.0167241
0.542902 0.323742 -0.205433
-0.763733 -0.162191 0.182309
0.307999 -0.204591 0.132556
0.446419 -0.0686395 0.234459
0.542902 0.214725 0.207406
0.0883665 -0.101155 0.22229
-0.653924 0.0990979 0.223408
0.416576 -0.127931 -0.206013
-0.134576 -0.1885 0.154746
-0.401867 -0.0839434 0.22939
0.633637 -0.149619 -0.354409
0.0805766 -0.0370174 0.0501772
0.542902 -0.28543 -0.144896
-0.836067 0.0594642 -0.0162585
0.832924 0.0729103 -0.32763
-0.925428 -0.23787 0.0517368
0.0430709 0.184979 -0.157529
0.512404 0.113268 -0.214622
-0.487358 0.00675281 -0.242381
0.709085 0.384191 0.0369931
-0.0478339 -0.0992794 -0.22121
0.542902 0.318553 -0.000586004
0.639404 0.382421 -0.0505505
0.0851777 0.0231787 -0.0563079
-0.190381 -0.0244414 0.243147
0.832924 0.182564 -0.278109
-0.591432 0.235471 0.0635093
0.832924 -0.0152173 -0.211772
0.564104 -0.226924 0.312653
-0.314281 0.129508 -0.205292
0.0424777 -0.21646 -0.110004
0.542902 0.265268 -0.107817
-0.355276 -0.149137 -0.191273
0.542902 -0.351124 0.140698
0.433382 0.0604763 -0.0122893
0.0153504 0.0680678 -0.232819
0.642224 -0.247139 -0.294938
0.366299 0.192826 -0.147894
-0.163246 0.120883 -0.210454
0.715407 -0.0576672 0.382265
0.214612 0.242044 0.0288232
0.232424 0.0345709 0.241961
0.254228 -0.142195 0.1984
0.72778 -0.302853 -0.237556
0.576792 -0.0614841 -0.000299866
0.773023 -0.233945 0.307413
0.0956434 -0.225218 0.0928448
0.832924 0.188429 -0.132155
0.232396 -0.172819 -0.170269
0.633101 0.354476 -0.151464
0.0662797 0.0999295 0.223036
0.128717 0.0193822 0.243642
-0.97365 -0.198388 -0.139815
-0.0413004 0.0367099 -0.0487893
0.686315 -0.381558 0.0556743
0.443403 -0.0609333 0.00928669
-0.0138843 -0.101904 0.221946
-0.831595 -0.0894652 -0.22535
-0.250948 -0.241902 -0.024369
-0.983701 0.148406 0.183906
0.163117 0.184679 -0.157877
0.18459 0.19322 0.149311
-0.427879 0.237462 -0.0535454
-0.0331687 -0.020885 0.0589539
0.740593 -0.308039 0.232746
-0.452363 0.138297 -0.199514
0.542902 0.0322714 -0.278103
0.617418 0.268461 0.278058
-0.209456 -0.187163 -0.154442
0.832924 -0.095293 0.129981
-0.97563 -0.123117 -0.208917
-0.0318351 0.082592 0.230034
0.263947 -0.243174 0.00589862
-0.222963 -0.0598043 -0.0133896
-0.558391 0.0292061 -0.0535049
0.123267 0.0219966 -0.241492
0.561194 0.06181 -0.00265994
-0.0699812 -0.0153189 0.243902
-0.420125 0.221723 0.101919
-0.999768 0.164341 -0.0368685
-0.371881 -0.237066 -0.0534421
-0.426809 -0.230732 0.0779426
-0.25656 0.190389 0.152924
-0.515293 0.211874 0.121206
0.542902 -0.262951 -0.243594
-0.410185 -0.0602764 -0.0112483
0.782615 0.319967 0.216591
-0.88935 -0.222054 -0.0983253
-0.742436 0.0610311 0.0113808
-0.865344 0.205178 -0.130366
0.542902 -0.141247 0.353929
-0.751531 0.220224 0.105144
0.542902 0.316756 0.111201
-0.724727 0.187089 -0.155035
0.773781 0.212055 0.323239
-0.717508 -0.0905833 0.226833
0.301427 0.0798305 -0.229079
-0.992404 -0.0240998 -0.0557519
-0.0945324 0.151379 0.191772
-0.918554 -0.153483 0.189746
-0.582124 -0.042575 0.0454304
0.832924 0.0875349 0.219685
0.353836 0.183899 0.160709
0.542902 -0.282653 -0.0499531
-0.350699 0.17517 0.170224
0.683294 -0.353785 -0.152094
-0.999768 -0.0363718 0.120517
-0.187336 0.136209 0.202865
-0.576672 0.24169 -0.0298129
0.832924 -0.189689 0.152071
0.542902 0.124027 0.237735
0.127375 -0.171661 0.17336
-0.229005 0.233404 0.0708231
-0.65346 -0.124225 -0.208262
-0.999768 0.12887 -0.129297
0.0924643 0.175242 0.170149
-0.980876 0.0653381 0.23015
-0.533822 -0.115946 -0.212969
-0.813259 0.0671174 0.235023
0.20551 0.104444 -0.219024
-0.315747 0.0323057 0.242273
0.452592 -0.23377 0.0681457
0.777678 0.00408524 0.0625497
-0.142145 0.192636 -0.148139
-0.282586 -0.216886 0.111098
-0.663234 -0.213567 -0.11548
0.832924 -0.282626 -0.18097
0.832924 -0.10018 -0.173143
0.123755 -0.232495 -0.0705058
0.783564 -0.379122 -0.0686538
-0.137256 0.237462 0.055473
-0.909403 0.229545 0.0826058
-0.999768 -0.18721 0.0368721
-0.324164 -0.13685 0.202147
0.832924 -0.0678317 0.329363
0.0428757 0.242022 0.0290089
0.282258 0.215533 -0.112593
0.542902 -0.260412 0.145495
0.131037 0.243524 -0.00663627
-0.487596 -0.0119432 0.244094
0.758885 -0.00188559 -0.0607065
-0.126424 -0.243033 0.0105867
0.184636 0.0413735 -0.0450056
-0.6653 0.0220335 0.0586835
0.639198 -0.311261 0.228397
0.267363 -0.0350028 -0.0497088
0.600295 0.146456 0.357828
0.0226417 -0.147216 -0.19275
-0.625087 -0.0308641 -0.052347
-0.864099 -0.0525673 0.0329383
0.172688 -0.0366665 0.0504407
-0.481082 0.0958334 0.22483
-0.999768 0.118366 0.066236
-0.30305 0.0266738 0.0567086
0.773055 0.117314 0.368424
-0.131728 -0.0336372 0.0525604
-0.219209 0.0607584 0.236748
0.244958 0.0401179 0.0480293
0.373457 -0.238498 -0.046768
0.0235177 0.2169 0.111894
-0.296618 -0.0242672 -0.0556798
0.262781 0.163152 0.181822
-0.796352 -0.235289 0.0626097
-0.768842 -0.230705 -0.076095
-0.0674038 0.207692 0.128287
-0.183636 -0.020379 -0.241596
0.69988 -0.184511 0.339517
0.832924 0.213012 0.257946
-0.250217 0.227943 -0.085044
-0.999768 -0.146226 -0.0394584
-0.918981 0.0480004 -0.0380709
0.597538 -0.357093 -0.144204
0.704527 0.0666197 0.380871
-0.870642 0.238008 -0.0511079
-0.0540069 -0.167028 0.177858
-0.748436 0.00776424 -0.242351
-0.381383 0.242116 0.028187
-0.824254 -0.0171825 0.243776
0.544453 0.0268178 0.385713
0.832924 -0.174306 0.287783
-0.538046 0.169045 -0.174404
0.302624 0.24205 0.028768
0.392636 -0.199461 0.140218
-0.78963 -0.0605106 -0.0100247
-0.49707 -0.0295764 0.0550065
-0.611024 0.0437718 -0.238539
0.657522 -0.0520572 0.0337656
0.557921 0.208461 -0.323644
-0.268656 -0.142992 -0.195893
-0.203518 -0.104872 0.22055
-0.400066 -0.0211532 -0.241529
-0.520478 -0.215524 -0.111812
-0.133849 -0.161693 -0.180824
0.419327 0.225183 -0.0920223
-0.466811 0.0602908 0.0150356
-0.920478 0.0416945 -0.238908
0.832924 0.198347 0.0900085
-0.387338 0.115573 0.215327
0.376318 0.0493414 0.239388
-0.999328 0.0245277 0.0576777
-0.668042 -0.0226927 -0.241389
-0.019883 0.241207 -0.0333896
-0.911006 -0.0664269 -0.233171
0.542902 -0.209578 0.210209
-0.775561 0.0840299 -0.227583
0.514431 -0.0198001 0.243574
0.832924 0.30981 -0.128459
-0.570439 -0.150033 0.192503
0.354092 0.0615964 0.00724164
0.672875 0.221238 0.317012
0.649383 0.0582133 -0.0200904
-0.858557 0.0924999 -0.224296
-0.921195 0.190108 0.153275
0.472644 0.0423757 -0.238789
-0.121817 0.0441126 -0.0423973
-0.321856 0.0248829 -0.241215
0.601606 -0.0553213 0.382613
-0.999768 0.0534125 -0.210243
0.28503 -0.0384242 -0.239383
0.832924 0.332906 0.000615577
0.094076 -0.0983639 -0.221618
-0.924369 -0.0738499 0.232859
0.344204 -0.0586682 0.0194341
0.832924 0.0409304 -0.155116
-0.311286 0.196877 -0.142498
0.832924 -0.318761 -0.10605
-0.504944 -0.23559 0.0614485
-0.999768 -0.115419 0.128065
0.479595 -0.135163 0.203286
0.832924 0.300785 0.148726
-0.245739 0.0605204 0.0140164
-0.100865 0.0754632 -0.230545
-0.999768 -0.0400934 -0.166857
0.832924 0.187269 -0.0535427
-0.387527 0.0593426 0.0186009
0.166816 -0.203052 -0.132993
-0.767812 0.24331 -0.0117669
0.542902 -0.0881585 -0.257501
-0.824024 -0.200852 -0.136272
0.0165141 -0.222298 0.0997073
0.425519 0.149889 -0.191014
0.606123 -0.384255 -0.0294661
-0.636693 0.0256182 0.243068
-0.651244 -0.241059 0.033358
0.34491 0.137388 -0.200137
0.0886334 -0.0558997 -0.0247153
-0.773619 -0.135003 -0.201463
-0.114216 0.242879 -0.0183085
-0.939679 -0.0614619 0.00304708
0.832924 -0.211141 -0.0890111
0.124304 0.223197 -0.096691
0.275173 -0.0766593 0.231943
0.447211 0.211422 0.121999
-0.122619 -0.0738739 -0.230922
0.598463 0.359356 0.141511
0.832924 -0.29314 0.149149
0.542902 0.269833 0.259744
-0.635914 -0.208503 0.126259
0.718057 -0.0473251 -0.381762
0.832924 -0.229193 -0.234538
0.698804 0.369975 0.110568
-0.460365 -0.149573 0.192863
0.784206 0.383296 0.0455066
-0.999768 -0.00176595 0.201225
0.832924 -0.0920403 -0.247981
-0.239198 0.125989 -0.207456
0.832924 -0.329972 0.00970707
0.542902 -0.21419 -0.171152
0.574946 0.38571 -0.0103814
0.542902 -0.328633 0.00931924
-0.266286 0.243579 0.00653291
0.297739 -0.232006 -0.0720814
-0.153528 0.229604 -0.0805095
0.257819 -0.230297 0.0792353
-0.095137 -0.219238 -0.104403
-0.840916 -0.160499 0.18381
0.263006 0.240948 -0.0351557
-0.925186 0.174956 -0.168515
0.705067 0.0206778 0.059178
0.77892 0.302998 -0.237905
0.832924 0.0642476 0.317662
-0.596315 0.202266 -0.134804
-0.00469499 0.217506 -0.108771
0.699921 -0.179922 -0.340051
0.181352 -0.131016 0.206001
-0.504091 -0.170458 -0.172622
0.400988 0.243632 -0.00136628
0.776925 0.362214 -0.132047
0.832924 0.0186229 -0.277218
-0.0176844 0.0032113 -0.24245
-0.556222 -0.037829 0.241408
0.2412 0.104304 0.221019
-0.910719 -0.242167 -0.0216879
0.832924 -0.205621 -0.0118406
-0.760019 -0.24322 -0.000340798
0.459862 0.239917 0.0433943
0.832924 0.176064 -0.203999
-0.172517 0.0569301 0.0252656
0.697494 0.366539 -0.119626
-0.363874 0.00321766 -0.0606687
0.606125 0.143377 -0.357145
0.542902 0.214893 -0.160325
0.423016 0.102283 0.221964
-0.361973 -0.02475 0.243115
-0.724824 0.0762422 0.23222
-0.233126 -0.224548 -0.0925438
0.583125 0.0197671 -0.0575608
0.832924 -0.0969919 0.0513743
0.832924 0.225804 0.00784301
-0.462939 0.191807 -0.149202
0.315061 0.0252692 0.057354
0.832924 -0.0351995 0.213311
-0.777025 -0.208225 0.126721
-0.255981 -0.0192864 -0.241687
-0.71836 0.133542 -0.202707
0.565897 0.283523 -0.260708
0.549348 -0.325285 -0.205898
0.349473 -0.160621 -0.181774
-0.469986 0.0759761 -0.230377
-0.360916 -0.219474 0.10584
0.0148984 0.135014 -0.201736
0.37357 -0.0687862 0.234416
0.505521 -0.229511 -0.0795844
-0.371584 -0.205721 -0.128851
-0.690329 0.152048 0.191241
-0.585187 0.204585 0.133217
0.720315 -0.367439 0.11747
0.630411 -0.198153 0.331708
0.433095 0.00557528 -0.0605083
0.832924 0.155149 0.187869
0.784727 -0.275057 -0.26916
0.724039 0.203213 -0.326952
0.602032 -0.272198 0.273973
0.572002 -0.0400344 -0.382597
0.720299 0.0862624 -0.37498
0.483189 -0.107952 -0.21712
0.682043 0.0232784 -0.384012
-0.437541 -0.230136 -0.0777804
-0.0150728 -0.242582 0.0186307
-0.166209 0.0506713 -0.237181
0.496372 0.05678 0.0256129
0.542902 0.0392213 0.27189
-0.0698107 -0.0601022 0.0140109
-0.704264 0.23921 -0.0452787
-0.054307 0.190987 -0.150244
0.704595 0.300792 -0.240675
0.409929 -0.218982 -0.104934
-0.496789 0.239458 -0.0439789
-0.919241 -0.213916 0.116766
-0.822645 -8.5474e-05 -0.0607413
0.542902 0.255829 0.151451
-0.129499 -0.226983 0.0883906
0.68518 0.143415 -0.35713
-0.831018 0.0368655 0.0506043
0.624417 0.316224 0.22204
0.509149 -0.0594657 -0.0147376
0.832924 0.0524626 0.0998429
-0.383421 0.128105 -0.206164
0.783892 -0.04813 0.383591
0.503141 0.185105 0.159311
0.565629 0.0894003 -0.374248
0.7781 -0.173798 -0.343217
-0.833879 0.152231 0.191094
0.0930241 0.0619165 0.000882409
0.409602 -0.0103746 0.244168
0.832924 0.12315 -0.153933
0.585718 0.0826329 0.377722
-0.259592 -0.239202 0.0450323
0.613632 0.0284102 -0.38367
-0.399522 -0.242732 0.0164321
0.725078 -0.385239 -0.0120238
0.135205 -0.0463088 -0.237983
0.303955 0.0490934 0.239439
-0.497175 -0.000232162 -0.0607405
-0.693005 -0.0368503 -0.0483737
-0.999768 0.19699 0.0228488
-0.785759 -0.0726594 0.233236
-0.701639 -0.192121 0.150192
-0.0599917 -0.028828 -0.0534828
0.832924 -0.190751 0.221033
-0.634193 0.243575 0.0067155
0.183408 0.227806 0.0873335
-0.548297 -0.243084 0.00919949
0.578526 -0.018054 0.0599068
-0.427182 -0.148332 -0.191896
0.589723 -0.3374 0.187402
-0.32228 -0.186911 0.156675
0.542902 0.266712 0.0424769
0.784245 0.26867 0.277855
0.542902 0.150398 0.299573
0.679048 0.247823 -0.294716
-0.372795 -0.0922611 -0.224222
-0.999768 0.0831015 -0.0804167
-0.200296 -0.206094 0.130187
-0.686345 -0.17283 -0.170257
0.784313 -0.0364768 -0.382954
-0.255018 0.00446206 0.244361
0.562603 -0.146846 -0.355566
0.677574 -0.0994803 -0.371596
0.542902 0.355598 0.0549985
-0.608945 0.0541953 0.0308527
-0.772293 0.185865 0.158419
0.093991 -0.0375235 0.241456
-0.718092 -0.0218633 0.0585886
-0.569954 -0.201426 0.137356
0.709719 -0.339776 0.183034
0.0202312 0.00426631 -0.0606086
0.542902 -0.0223177 -0.317315
0.421053 -0.0659958 -0.233293
0.703608 0.315952 0.222428
0.514444 -0.222417 0.0994396
0.340452 0.0320473 -0.0518945
0.542902 0.265978 -0.0405806
-0.655909 0.230348 0.0803118
0.409644 -0.182536 -0.159857
0.225431 0.197825 -0.141191
-0.254422 -0.0847559 -0.227159
0.717638 -0.12157 0.366901
-0.983108 -0.140973 0.190111
0.700154 0.0268776 -0.054682
0.0772714 0.0283126 0.0559007
0.490258 0.225215 -0.0919455
-0.621003 -0.112883 0.216533
0.275891 -0.205589 -0.129061
-0.0245246 -0.219508 -0.103839
0.609723 0.325956 -0.205503
0.439466 0.0366663 0.0507507
0.726072 -0.371084 -0.103344
-0.366518 0.225729 -0.0906916
-0.522723 -0.0478909 -0.237669
-0.622025 0.106742 -0.21792
0.832924 0.107256 -0.0275572
0.702255 -0.0445605 -0.0415012
-0.797575 0.194381 -0.145859
0.542902 -0.339794 0.0737781
0.832924 0.117573 -0.277908
0.59688 -0.370001 0.109053
0.832924 0.101497 0.0552968
-0.550278 0.0216003 -0.241527
0.77951 -0.375622 0.0875103
-0.880303 0.0605443 0.236803
-0.191772 -0.243223 0.00143274
-0.711572 0.0432298 -0.0432733
0.737949 0.345069 0.173624
-0.987547 0.22514 -0.0541723
0.784595 0.0775736 -0.376864
-0.962297 -0.0303157 0.0545924
0.016704 -0.0523352 0.0333183
-0.0409065 0.0604706 0.0142446
0.0150751 -0.236578 -0.055529
-0.999768 -0.083904 -0.024142
-0.943315 0.0585937 0.0209408
0.543439 -0.0817831 0.377816
-0.812284 0.228066 0.0866458
0.832924 -0.139225 -0.122211
0.695917 0.00349576 0.386618
-0.862297 -0.235524 0.0617043
0.606774 -0.0945955 -0.372869
0.640632 0.385681 0.013274
-0.178217 -0.0293343 -0.0532098
0.484319 0.12033 0.212698
0.608919 0.239635 -0.301384
-0.150413 -0.203631 -0.132109
0.542902 0.154198 -0.252847
-0.590255 0.100732 0.222674
0.242526 -0.120762 -0.210283
0.249532 -0.189869 0.153049
0.315678 0.0172639 -0.24187
0.174982 -0.152488 -0.188622
0.832924 -0.00366731 0.336833
-0.363789 -0.0296101 0.0549879
0.542902 -0.153556 -0.285253
0.42293 -0.157976 0.185997
0.609478 0.219719 0.318069
-0.690299 -0.0324041 0.242203
0.21604 -0.0613857 0.00467065
0.34099 0.218937 0.107821
-0.583817 -0.215191 -0.112448
0.832924 -0.222722 0.0925899
-0.251109 -0.0461583 0.04168
-0.12857 -0.0390845 0.241206
-0.785411 -0.0433591 -0.238538
0.542902 -0.0724765 0.272672
0.608489 -0.204038 -0.326178
-0.873581 0.147108 -0.19315
0.542902 0.318644 -0.14105
0.412062 0.0249049 -0.241213
-0.264529 -0.118257 0.213628
0.104194 0.169814 -0.173661
0.467891 -0.158748 -0.183405
-0.267497 0.0311952 -0.0523984
-0.309259 -0.23626 -0.056843
-0.594977 -0.103721 -0.219167
-0.174231 -0.154267 0.189105
-0.51338 -0.237311 -0.052361
0.517974 -0.243221 -0.00014158
-0.626317 0.165009 0.180132
0.379357 0.141856 0.198945
0.103627 -0.208625 -0.124127
0.832924 0.0266781 0.207351
0.309587 -0.164717 0.180015
0.061484 0.0271916 -0.240969
0.362638 -0.0854373 -0.226904
0.832924 0.248112 -0.115985
-0.999768 0.124804 0.129073
-0.520863 0.0598276 -0.0149551
-0.0355719 -0.205679 0.130847
0.832924 -0.151105 -0.210287
0.70118 0.385057 -0.0241768
-0.352213 -0.0527335 -0.0307329
-0.427325 -0.0246105 0.243129
0.650268 0.0950506 0.374789
0.104468 -0.241174 0.0324895
0.832924 -0.0384463 0.105384
0.0383908 -0.0677734 0.234713
0.660749 -0.289025 -0.254148
0.622047 -0.374383 -0.0907939
-0.631812 -0.241694 -0.0262792
-0.399719 -0.138252 0.201185
-0.999768 -0.190986 -0.0849907
0.542902 0.263049 -0.199187
-0.505204 0.146576 0.195481
0.324153 -0.242915 -0.0112873
0.597689 -0.280204 -0.263814
-0.976081 -0.228285 0.0838249
0.210474 -0.241804 -0.0252899
0.542902 0.0949648 -0.265734
0.542902 0.323265 -0.0650889
-0.9651 -0.0292319 0.242611
-0.729467 -0.0613255 -0.00363405
0.186433 -0.00467067 0.244349
0.604462 0.372278 -0.100545
0.832924 -0.1327 0.00264861
-0.113588 0.154555 -0.187283
-0.999433 0.111848 -0.188261
-0.450024 -0.206614 0.129354
0.225482 -0.0480627 -0.237634
-0.666574 0.196817 -0.142581
0.173848 0.0541494 -0.236417
-0.764065 0.238782 0.0493715
-0.57648 -0.0570424 -0.0220552
0.782795 0.0514909 -0.0333568
-0.200684 0.213759 -0.115896
-0.165401 -0.0613411 0.00534882
0.158406 -0.230927 0.0773563
0.2553 -0.021214 0.243453
0.0179104 -0.0900141 -0.225131
-0.295304 0.0774825 -0.229879
-0.775665 0.0480283 -0.0380367
0.779837 -0.320377 -0.213426
0.729003 -0.269014 0.277113
0.832924 -0.0646258 0.269477
0.832924 -0.111842 -0.307984
0.0727143 0.0404045 0.241057
0.671669 0.332111 -0.195455
0.212291 0.156698 -0.185505
0.680896 -0.325883 -0.204955
0.0235455 -0.000705421 0.0626647
0.548306 -0.385139 -0.0147043
-0.335845 0.0871502 0.228344
-0.927332 0.233357 -0.0690519
0.492658 0.0513 -0.0336404
0.558262 -0.0339475 -0.050426
-0.718588 0.221592 -0.100277
0.0407129 0.0536612 -0.0298682
0.214923 -0.00900497 -0.0600502
0.140388 0.00182246 -0.060721
-0.977501 -0.240412 0.0230612
0.354645 -0.223387 0.0972154
-0.999768 -0.14728 -0.154575
0.637835 -0.384888 0.0219246
0.204648 0.0616379 0.00682169
0.00595181 -0.191432 -0.149146
0.783503 0.0539202 0.0313443
-0.448002 -0.0355507 -0.0493236
0.706059 -0.262356 -0.281522
-0.43871 -0.0480108 0.0394682
-0.321638 0.242256 0.0269136
0.542902 -0.203387 -0.25372
0.832924 0.0678561 0.163225
-0.713387 -0.13224 -0.203282
-0.944249 -0.164693 -0.178107
-0.366122 0.20963 0.125073
0.542902 -0.342049 -0.128333
-0.999768 0.122975 0.00493426
-0.916899 -0.120615 -0.210367
-0.549511 0.242644 0.0229915
0.542902 0.134218 0.360003
0.552611 0.0375699 0.0500763
0.832924 -0.150682 0.10729
0.454037 0.105274 -0.218629
0.5028 -0.0837637 0.229456
0.129523 -0.0591332 0.0178805
0.410741 -0.243141 0.00729879
0.195131 -0.175025 0.16994
0.832924 0.00516414 -0.334074
-0.960288 0.237656 0.0546217
-0.826355 -0.155022 -0.186553
0.289565 -0.164546 -0.178243
0.436189 -0.022493 0.0583434
-0.950975 -0.2248 -0.091935
0.832924 -0.244226 -0.136976
0.832924 -0.257269 0.0213401
0.511096 0.16323 -0.179823
0.0684701 0.214686 -0.114186
-0.350806 0.168163 -0.17525
0.832924 0.251965 0.117064
0.542902 0.0625745 -0.327887
0.832924 0.330568 -0.0629788
-0.063406 -0.0734994 0.232971
0.171583 0.0581482 0.237403
0.774826 0.385667 -0.0117767
-0.881581 0.0589611 0.0198329
-0.235822 -0.0176248 -0.0581086
0.542902 0.201443 0.26516
-0.075349 -0.146961 -0.192944
0.532537 -0.0488927 0.0383369
0.0340994 -0.130527 0.206313
0.0795414 -0.197809 0.142556
-0.637586 -0.0290783 0.0552781
0.542902 -0.195347 0.269042
-0.999768 -0.150883 0.0819124
0.778155 -0.050646 -0.0339841
-0.0557751 -0.0447195 -0.238286
0.832924 -0.0820151 -0.0754305
-0.073115 0.0438266 0.240459
0.360129 0.222254 -0.0988157
0.781218 0.208484 -0.323629
0.633826 -0.0562712 -0.0238876
0.114058 0.134284 0.204149
0.832924 0.144476 0.24635
-0.876731 -0.0428068 0.240567
-0.712761 -0.240693 0.0359709
-0.458036 -0.0731045 0.233096
0.658113 -0.0459004 0.383866
-0.588934 0.228233 -0.084272
0.0516423 -0.236727 0.0568288
0.511321 0.0740664 0.232924
-0.705819 -0.14758 0.194402
-0.665744 0.0121739 -0.0595711
0.227497 -0.0135908 0.0611085
0.144304 -0.0905451 0.226848
-0.467426 0.0427265 0.240656
0.0126963 0.117512 0.214272
-0.316932 -0.11367 -0.214189
0.0799564 0.209086 0.125986
-0.722833 -0.217856 -0.107235
0.45987 -0.0419512 -0.0440928
0.832924 -0.120813 0.307289
-0.0444608 0.0684441 -0.23271
0.120072 0.0812561 0.23051
-0.973846 0.0296044 -0.053291
-0.0172027 -0.0363457 0.241638
-0.885689 -0.0151264 -0.241985
-0.478717 0.0246007 0.0576464
0.13849 -0.207605 0.127743
-0.896381 0.242859 0.0204811
-0.950604 0.111555 0.217441
-0.115831 -0.150351 0.192253
-0.999768 -0.0378339 -0.110214
-0.269255 -0.184868 -0.157169
-0.461569 0.221308 -0.100894
0.214029 -0.239295 0.0445239
0.746226 0.165564 0.349386
0.0209141 0.06232 0.236341
-0.434886 0.243462 0.0103469
-0.107488 -0.239198 -0.043124
0.542902 -0.307206 0.176909
0.201219 0.15589 0.18811
-0.716454 0.190666 0.152577
-0.999768 0.0930922 0.184971
0.708977 -0.0349679 0.0516625
0.78389 -0.277649 0.268423
-0.460201 0.202554 0.136303
0.306324 -0.119372 0.213003
0.664012 0.291476 0.253756
0.128959 -0.00368034 0.0625488
-0.475445 0.229738 0.08206
-0.592218 0.0100267 0.0618856
0.832924 0.222743 -0.234926
0.542902 0.350528 0.15585
-0.834293 -0.231633 -0.0732567
-0.454104 -0.0380876 -0.239437
-0.983943 0.175333 -0.15603
0.542902 -0.253048 0.268058
0.156877 0.143915 -0.195526
-0.799774 -0.122314 0.211316
0.307222 -0.237296 0.0543574
-0.991992 -0.0673847 -0.215888
0.832924 0.257429 0.214076
0.187027 0.242774 -0.0195891
0.832924 -0.330579 -0.0515934
-0.565524 -0.0906922 0.226789
-0.0844018 0.0994297 0.22326
0.733813 -0.336623 -0.186873
0.314766 -0.0542475 -0.0280548
-0.64062 -0.0742654 -0.230796
0.642683 0.370232 0.109697
-0.979008 0.190255 0.147744
0.832924 -0.0437308 -0.164183
-0.344733 -0.0774921 0.231664
0.244518 0.0658608 -0.233449
-0.999768 0.174567 -0.0913101
0.757674 -0.183299 0.340175
0.255633 0.234968 0.0653726
-0.148503 0.0204284 0.0592651
-0.817156 0.240718 -0.0366579
-0.0728926 -0.242092 0.0244133
0.394462 -0.0589651 -0.0165301
0.392535 0.207744 0.128201
-0.325393 -0.183038 -0.159285
0.644145 0.18111 0.341574
0.412755 -0.113157 0.216389
0.67865 0.0563422 0.0265943
0.832924 -0.138594 0.172576
0.0605967 -0.187305 -0.15427
-0.839856 -0.052531 -0.0310688
-0.169584 0.0264153 0.242983
0.784273 -0.0484679 0.0388885
0.31207 0.187363 -0.154706
0.0571269 0.104454 -0.219019
-0.311725 0.224343 -0.0940291
-0.0885302 -0.00129993 0.0626531
-0.310827 0.199206 0.141179
0.594398 -0.159795 0.351875
-0.433125 0.0223684 -0.241458
0.542902 0.0317186 0.330489
0.0696282 -0.237251 -0.0526261
-0.230971 -0.0604287 0.236725
-0.249122 0.152186 0.19113
-0.114106 0.221582 0.102227
0.542902 0.270566 0.205259
-0.205474 0.178006 0.167243
-0.918659 -0.199456 -0.138295
-0.86822 0.0286939 -0.0537744
-0.36144 0.0291382 0.0554704
0.687066 -0.295421 0.248638
-0.889283 -0.186421 0.157262
0.832924 -0.08125 0.184354
-0.182635 0.168408 -0.175016
-0.736106 0.029626 0.0552088
-0.0211946 0.0282367 0.242779
0.353377 0.0557547 -0.236047
-0.682741 0.0581109 0.0222997
-0.376024 0.0512802 -0.0336695
0.542902 -0.292798 0.100493
-0.282465 0.166581 -0.176744
0.783767 0.335973 -0.188778
-0.146897 0.164315 0.180768
0.174557 -0.00962091 -0.24227
0.782884 -0.327001 0.205103
0.151098 0.239492 0.0457272
-0.0929413 -0.209768 0.124127
-0.535013 0.0961703 0.224686
0.315119 -0.0287722 0.055442
-0.516612 -0.152204 0.19078
-0.269623 0.220734 0.104061
-0.689797 0.0347256 0.241939
0.564086 -0.249705 -0.292773
0.553388 0.371483 0.105347
0.832924 -0.0372779 -0.26271
0.542902 -0.0954495 0.325697
-0.940415 -0.0382299 -0.0473066
0.393544 0.0392974 -0.0467834
0.288105 0.0586678 0.0207228
-0.835305 0.225669 -0.0908396
-0.578818 0.142251 -0.196732
0.726415 0.232589 0.308762
0.0786615 -0.155096 0.188421
0.440341 -0.213738 0.117094
0.832924 0.172458 0.137231
-0.595173 0.0577532 -0.0213169
-0.138075 0.118464 0.213745
-0.408133 0.190526 0.152752
0.542902 -0.0259692 0.378455
0.832924 0.0396393 -0.225206
-0.528064 -0.219135 0.106547
0.832924 0.147627 -0.0979206
-0.212269 0.213983 0.117416
-0.0201871 0.030447 0.0547554
-0.299954 0.163909 0.181138
-0.538972 0.232421 0.074024
0.145672 0.167656 0.177661
0.513894 0.00415741 -0.242437
0.118111 -0.242424 -0.0187545
-0.043227 0.140833 0.199673
0.132678 0.206533 0.130157
-0.107965 -0.00679056 -0.0603437
-0.339224 0.134535 0.203983
-0.271918 0.0652279 0.235555
0.542902 -0.237682 -0.122131
-0.378517 0.242294 -0.0246258
0.579375 0.356514 -0.146638
-0.626708 -0.229144 -0.0806243
-0.478689 -0.127486 -0.206288
-0.504813 0.133441 -0.202773
-0.859089 -0.00625311 0.0623322
0.611619 0.0583773 0.0215623
0.418954 0.18742 -0.154638
0.832924 0.0565519 0.262262
0.503097 0.243338 0.0131406
-0.61992 -0.0611728 0.00728212
-0.190561 -0.0396757 0.0480485
0.743635 0.378013 0.0784493
0.832924 0.278156 0.00981087
0.832924 0.0406267 -0.102745
0.354494 0.241124 0.0358932
-0.0659334 -0.121351 0.211874
-0.00782345 0.171563 -0.171945
-0.794285 0.0587662 0.0204292
-0.278009 -0.0578007 -0.0200714
0.240703 0.196256 0.145276
0.141921 0.0591242 -0.0173877
0.313396 -0.0122557 -0.0594699
-0.585552 0.0053113 0.244345
0.314051 0.155624 0.188331
0.587803 -0.111348 0.370145
-0.910174 -0.0319437 0.0536324
0.832924 0.146574 0.0837041
0.832924 0.321782 0.0958466
0.740244 -0.382 0.0524945
-0.349027 0.0887087 -0.225812
0.662044 0.381247 0.0605433
0.219284 -0.204366 -0.130977
-0.465994 -0.0613837 -0.00277309
0.042168 0.186283 0.157925
0.662069 -0.371882 0.10239
-0.330726 0.0572833 0.0244241
0.0484541 0.149028 0.193612
0.684188 -0.222924 -0.3136
-0.600197 -0.242827 0.0148529
-0.999768 0.00937489 -0.182049
-0.298456 -0.243172 -0.00405823
-0.924323 0.153791 0.189837
0.183792 0.0138658 0.0611415
-0.865455 -0.12625 -0.207044
-0.429003 0.0833976 0.229743
0.17539 0.213296 -0.116738
0.542902 -0.180492 0.320448
-0.11096 0.191904 0.151009
0.0797116 0.2434 -0.00990743
-0.999768 0.00686062 0.149968
-0.0615308 0.243642 0.000414534
0.542902 -0.262538 -0.19084
-0.371888 0.231316 0.0774481
-0.115744 -0.120561 -0.210398
-0.810728 -0.0507922 0.0356999
0.639411 -0.342442 -0.176036
0.712366 -0.229963 0.310416
0.463054 -0.00850067 0.244242
0.145214 -0.0370812 0.241525
-0.393022 -0.176617 -0.166343
-0.526846 0.182933 0.161812
0.542902 0.240501 -0.286743
-0.838991 -0.0407768 -0.238993
-0.45913 -0.240188 0.0392908
0.571593 0.248381 0.296177
-0.201215 0.0901003 -0.225264
0.7458 -0.0142254 0.386362
0.5142 -0.169064 0.175911
0.832924 -0.242653 0.141568
-0.0262076 0.221923 0.101479
-0.563513 -0.021889 -0.0566493
0.29531 0.190442 0.152858
0.832924 0.218862 -0.173039
0.101957 0.0674995 -0.232984
0.454776 -0.230928 -0.0754233
-0.999768 -0.0909719 -0.169192
0.399467 -0.0502264 0.0365165
-0.176638 0.0873692 0.22826
0.832924 -0.269491 -0.0919333
-0.999768 -0.0783316 0.0917399
-0.161852 -0.0779033 0.231525
-0.65031 0.239937 -0.041353
0.253602 0.118907 -0.21157
0.760745 0.0692153 0.380409
-0.666783 -0.0907105 0.226782
-0.207388 -0.150359 -0.190318
-0.874612 0.177013 0.168297
0.763301 -0.0958396 0.37448
-0.540293 -0.00449508 0.0624919
-0.0774921 0.0580587 -0.0205113
0.542902 -0.302423 -0.0970199
-0.912091 0.215025 -0.113553
-0.659142 -0.227935 0.0858759
-0.764125 0.165393 -0.177849
0.557266 0.163641 -0.348363
0.0592103 -0.027028 -0.0544053
-0.235472 0.111492 0.217473
0.542902 -0.335067 -0.0405902
-0.836348 0.108759 0.218856
0.542902 -0.0367032 -0.269212
-0.999768 -0.189424 -0.0139816
0.542902 0.270047 0.0930146
-0.572807 -0.14258 -0.196192
-0.613352 0.0174858 -0.0582743
0.0918469 -0.0170216 -0.241858
-0.930372 0.0607333 0.236754
-0.00541048 0.243189 0.0158224
0.171879 -0.236145 -0.057314
-0.0571566 0.177124 0.168181
0.515399 -0.170283 -0.172794
0.392537 0.0490438 0.0386869
-0.0137383 0.197642 0.143374
-0.187864 0.241873 0.0302652
-0.714063 0.232883 0.0725401
0.780798 -0.0886963 -0.374315
-0.886711 0.210882 0.122935
-0.604219 -0.177134 0.167725
-0.685688 0.163385 -0.179683
-0.999768 0.082412 -0.148007
-0.999768 0.0718273 0.0362741
-0.537208 -0.0577697 0.022086
0.0614105 0.229703 0.0821607
-0.276591 0.239821 -0.0420041
-0.819061 0.0611287 -0.234723
0.832924 -0.0785022 -0.128461
0.542902 0.380902 -0.0519318
-0.399474 0.156415 0.187672
-0.740967 -0.0429784 0.240536
-0.396206 -0.0336305 -0.0506353
0.679107 -0.0907504 0.375752
-0.949991 0.214775 0.11595
0.832924 0.068893 -0.26517
0.0733512 -0.141083 -0.197268
0.0924062 0.240305 0.041141
-0.178487 0.229839 0.0817747
-0.999768 0.0709798 0.0902527
-0.941045 -0.187537 0.155919
-0.999768 -0.0708306 0.155954
-0.206228 -0.0668321 -0.233055
0.542902 -0.0080486 0.286228
-0.66555 0.127284 -0.20667
-0.172279 0.0565976 -0.0240978
0.57825 0.300508 0.242957
0.477373 -0.0449657 0.0429994
0.686456 0.378696 -0.0731129
-0.999768 -0.0717989 -0.0719519
0.133577 -0.124514 -0.20809
-0.860348 0.231634 0.0764809
0.237287 0.0361117 -0.0492227
0.425439 0.239322 -0.0446974
-0.945326 -0.119379 0.212998
-0.84372 0.17809 -0.165223
-0.26548 0.20732 -0.126961
0.667887 -0.369774 -0.107899
-0.105008 -0.19277 -0.147423
0.122941 -0.133714 0.204248
-0.808539 -0.186312 0.157392
0.0655982 0.146752 -0.19342
-0.307482 -0.0226886 0.0582656
0.107528 0.238246 -0.0500107
0.620205 -0.2377 0.304508
-0.473623 0.051855 -0.0328065
-0.428077 0.0996918 -0.221213
-0.01005 -0.147898 0.194159
0.517682 0.0611035 -0.234729
0.542902 0.092813 0.275417
-0.42132 0.0593106 -0.0167784
-0.757628 -0.0479489 0.0395455
-0.681312 0.024381 -0.241266
-0.424013 0.169073 -0.174378
-0.114065 0.0174905 0.243784
0.542902 -0.257542 0.201266
-0.376632 -0.235328 0.0624623
-0.23444 -0.222424 0.0994227
0.157149 0.097673 -0.222106
0.229906 -0.0961255 0.224525
0.374531 0.0981652 0.22382
-0.863359 0.0154588 0.24392
0.257441 -0.238727 -0.0456068
0.599562 0.338803 0.18561
0.359678 -0.176933 0.167939
0.267074 -0.0827116 -0.22791
-0.416035 -0.240766 -0.0335369
0.832924 -0.330413 0.0625031
-0.51085 -0.0547918 0.238103
-0.782486 -0.0899373 -0.225162
-0.0271962 -0.151828 -0.189152
-0.769833 0.0942038 0.22552
0.403043 -0.233952 0.06751
0.300054 0.2328 -0.0708786
0.322582 -0.066924 0.234958
-0.960348 0.071745 -0.231721
-0.63844 -0.177817 -0.165066
-0.00670974 0.0578693 -0.0210147
0.477679 -0.241866 0.0266406
-0.540862 -0.191355 -0.149244
0.270338 -0.0606998 -0.00892255
-0.885701 -0.242474 0.0200517
-0.411851 0.218957 -0.10585
0.562094 0.175662 0.344412
0.60962 -0.0487399 0.0385368
-0.439579 0.125842 0.209475
-0.249782 -0.19867 0.141344
-0.796817 0.0224304 0.243382
-0.770483 0.127313 -0.206652
-0.495832 -0.0862515 -0.226597
-0.923931 0.00569957 -0.0604974
-0.999768 -0.145628 0.0127854
-0.205804 -0.236814 -0.0545285
-0.999768 0.0112606 -0.0898832
0.227533 0.22049 0.104581
0.832924 -0.234978 -0.186215
-0.348364 -0.243056 -0.0080592
-0.35224 -0.0188664 -0.24172
-0.789375 -0.0330719 -0.0509974
0.653455 -0.189907 -0.334587
0.588632 -0.00420424 0.386607
-0.906307 0.0899192 -0.225336
0.0325458 0.242665 -0.0208313
0.542902 0.170201 0.224794
0.752744 0.296018 0.248425
0.672049 0.258548 0.287323
-0.956969 0.0178342 0.243759
-0.999768 0.109921 -0.0408975
-0.777018 -0.211626 -0.118975
-0.315874 0.0198269 -0.0575408
-0.119301 0.216438 -0.110861
0.156773 0.236338 -0.0582218
0.832924 -0.0427045 0.156236
-0.431922 0.0449984 0.0434112
-0.620574 -0.00770617 -0.24234
0.832924 0.328897 0.0479166
-0.715449 -0.0263457 -0.241016
0.451142 -0.00523869 -0.242408
-0.473044 -0.216487 -0.109952
0.00191365 0.234913 0.0655716
0.721533 0.117204 0.368459
-0.894705 -0.0597159 -0.0137542
-0.362479 0.0245864 0.243174
0.251271 0.229854 -0.0798006
-0.320105 -0.229563 0.0813659
0.542902 0.303599 0.161723
-0.896967 -0.118693 0.213384
-0.873698 0.0482636 -0.237678
-0.205856 0.233153 -0.0697267
0.70674 0.191896 0.335622
-0.654412 -0.055766 -0.0250054
0.539042 0.0348297 -0.0501154
0.832924 0.230098 0.0552433
0.273963 -0.00629407 0.0623278
-0.535527 0.00570469 0.244336
0.832924 -0.062877 -0.211127
-0.999768 0.0199207 0.104842
0.301331 0.231736 0.076166
0.590789 -0.336824 -0.186512
-0.872035 -0.196223 -0.14282
-0.750659 -0.125982 0.209136
-0.740873 0.0536568 -0.236529
0.669464 -0.0117651 0.0614985
0.832924 -0.2169 0.0451278
0.832924 0.194739 0.212895
0.832924 -0.223142 0.184846
0.107893 0.200026 -0.138079
0.669221 -0.385212 -0.0128129
-0.344928 -0.225624 -0.0899133
-0.315823 -0.0171906 0.243775
-0.702761 0.215186 0.11518
-0.0232016 -0.0607839 0.010319
0.598916 0.185131 -0.337478
-0.421446 0.236923 0.0577685
-0.436896 -0.112149 0.216917
0.664815 -0.333638 0.194057
0.832924 0.229614 -0.0730671
-0.509261 0.0476285 -0.237805
0.832924 -0.318211 0.109874
0.627502 -0.378865 0.0719704
-0.091217 0.240781 0.0381822
-0.00980089 -0.0511386 -0.236991
-0.160991 0.0167464 -0.058485
-0.999768 -0.146546 -0.10816
0.328741 -0.053695 -0.236425
-0.999768 0.156589 0.0934584
0.300292 0.126702 -0.207024
0.381936 0.16313 -0.179913
-0.712154 0.118024 0.213989
0.346625 -0.227148 -0.0860304
0.694 -0.0612985 0.00591115
0.505631 0.0291031 0.242677
0.588904 -0.301808 0.240808
-0.37442 -0.0584062 0.0202494
0.603532 -0.0254637 -0.0551477
-0.540335 0.236067 -0.0592938
-0.405482 -0.213819 0.116945
0.778826 -0.384714 -0.0229762
-0.814815 0.10644 -0.218067
0.269776 0.00519258 -0.242418
-0.0117604 -0.234556 0.0653432
0.832924 -0.214449 0.26063
0.258906 0.24329 0.0140771
-0.7922 -0.177598 -0.1653
0.278558 0.128559 0.207813
0.542902 0.178459 -0.291992
-0.361926 -0.159052 0.185072
-0.829119 -0.241446 0.0303259
0.588616 0.381432 -0.0574196
-0.688285 -0.0924519 -0.224143
-0.11334 0.116153 -0.213084
0.0607099 -0.0597655 0.0154801
-0.251982 0.0312814 0.0542778
-0.932186 -0.0147212 -0.24201
-0.0174143 0.106668 -0.217956
0.627517 0.0304177 -0.0528424
0.542902 0.189004 -0.200538
-0.287039 0.237205 0.0565784
0.651214 0.37198 -0.101632
-0.75471 0.20841 -0.125179
0.832924 0.103973 0.267755
-0.189788 -0.215457 -0.11194
-0.503055 -0.242749 0.0161606
-0.794025 -0.240943 -0.0322761
0.832924 0.143663 -0.236259
-0.143093 0.00367022 -0.242444
0.542902 -0.370312 0.0303966
0.517429 0.154099 0.189586
0.514831 -0.200602 -0.136638
0.274052 0.0107893 -0.0598284
-0.115365 -0.0603305 0.0129068
-0.471512 -0.226022 0.0908472
0.125393 -0.0391401 -0.0465676
-0.381949 0.0734183 0.233129
-0.909844 0.242099 -0.0264123
-0.626431 0.216754 0.112178
0.398798 0.173154 0.172284
0.470607 0.141743 -0.197096
-0.130662 0.061867 -0.00150612
-0.512839 0.194128 -0.146194
-0.15535 -0.238343 0.0494679
0.77864 -0.368052 -0.113589
0.832924 0.111092 0.17769
-0.602349 0.0596 0.237042
-0.0595282 0.021354 -0.241549
-0.751206 -0.234843 0.0642897
-0.965497 0.15156 -0.1897
-0.746858 -0.0444774 -0.0415886
-0.511056 0.0561633 0.23788
-0.999768 -0.0200948 0.0786639
0.542902 -0.138107 0.305684
0.722225 -0.380759 -0.0590554
-0.303955 -0.0990297 0.223251
-0.678358 -0.231462 -0.0737878
0.389096 0.127703 -0.206412
-0.069918 0.238352 -0.0495134
0.832924 0.00072501 -0.135476
-0.0684644 0.228195 0.0863019
0.542902 0.0706494 0.373157
-0.150925 -0.24164 -0.0267547
-0.736166 -0.239273 -0.0427146
0.682502 -0.147402 0.357266
0.215283 -0.0477497 -0.0378634
-0.729805 0.0948448 -0.223321
-0.441769 -0.179375 0.165309
0.677652 -0.142719 -0.35724
-0.284324 -0.152973 0.19016
-0.277366 0.0198139 -0.241678
-0.999768 0.158821 0.0475995
0.667604 -0.219884 0.317663
0.542902 -0.107374 -0.298135
0.649322 0.137478 0.361377
0.600806 0.0573128 -0.0224225
-0.623183 -0.203585 -0.13218
0.542902 0.384603 0.0213097
-0.793104 0.210925 0.122862
0.542902 0.312412 0.0433629
0.311116 0.243084 -0.015521
-0.37299 0.0202951 -0.241639
0.418113 -0.240123 -0.0377635
0.510962 0.237716 -0.0524275
-0.999768 0.0397533 0.186022
-0.112125 0.234326 -0.0657379
-0.953316 -0.0858229 -0.226759
-0.363051 -0.114419 0.21572
0.542902 0.260924 -0.151798
-0.819299 -0.22281 0.0985458
0.734168 0.034157 0.385135
-0.201675 0.0199332 -0.241668
-0.747798 0.23584 -0.0601761
0.832924 0.0801119 -0.175437
-0.390599 -0.224134 -0.093531
0.366123 -0.125056 -0.207766
-0.980077 -0.0583283 0.0204845
0.362489 0.00652313 0.244316
0.353469 0.0975563 -0.222157
-0.275558 0.0586325 -0.0188975
-0.30656 -0.0163824 -0.241902
-0.154946 0.243643 0.00117956
0.741017 0.0426851 -0.0437965
0.744652 0.0410487 0.0472239
-0.990443 0.228798 -0.00592704
-0.277 -0.227267 -0.0857195
-0.762967 0.052933 0.23862
0.43236 -0.188279 0.155016
0.832924 -0.151722 0.24877
-0.999768 0.131846 -0.0815464
-0.0178654 -0.0172107 -0.058232
-0.787615 0.0272685 -0.24096
-0.594587 0.173608 -0.169895
0.732383 0.357421 -0.144428
0.542902 -0.209925 0.1665
-0.0127835 -0.182914 0.161356
-0.999768 -0.154885 0.147552
0.268286 0.192828 -0.147891
0.434452 0.229069 0.0839297
-0.78247 0.0327642 0.0533855
0.42089 0.0592858 0.237121
0.832924 -0.182831 -0.0500514
-0.311935 -0.152556 -0.188567
0.736516 -0.357237 -0.143849
-0.089515 -0.18442 0.15962
0.606533 0.0745519 -0.37747
0.832924 -0.105441 -0.0312956
-0.21537 0.0592008 -0.01714
-0.64429 0.0710556 -0.231931
-0.0683328 0.102783 -0.219803
0.636332 -0.0830261 0.377543
0.542902 -0.288068 -0.00633147
0.832924 -0.148203 -0.164957
-0.978934 0.0269765 -0.237741
0.417422 -0.034675 -0.049935
0.832924 0.270501 -0.153197
-0.737755 -0.160806 -0.181611
0.340323 0.0732453 0.233184
-0.951456 0.0151076 0.0608461
0.662992 0.0480098 0.383659
0.781261 0.34526 0.173242
-0.153149 -0.210684 0.122553
0.546972 -0.371839 0.102548
-0.860009 0.243459 -0.00849108
0.0143456 0.235878 -0.0600276
-0.586248 0.0844911 -0.227413
0.542902 0.0198564 -0.334179
0.465022 0.085362 0.229019
0.241459 -0.213352 0.117803
0.832924 0.150176 -0.0313688
-0.231688 -0.119818 -0.210821
0.542902 0.211884 0.164472
-0.408638 -0.113806 -0.214117
-0.559457 -0.0813111 -0.228413
0.509658 -0.0728733 -0.231239
0.344945 -0.102674 0.221588
-0.210476 0.0461282 0.0421863
0.179953 -0.0518232 -0.236843
0.246657 0.0613455 -0.00741039
0.210742 0.0763175 0.232195
0.325357 0.210697 -0.121325
0.578096 -0.371814 -0.100709
0.832924 -0.0337811 0.303454
0.38379 0.236523 -0.0574796
-0.616086 -0.141594 -0.196902
-0.779724 -0.0167434 0.243807
0.701052 0.355053 0.152045
0.542902 0.125772 -0.361941
0.64201 -0.284266 0.261374
0.55933 -0.0806314 -0.376135
-0.266669 -0.0105965 0.061718
0.542902 -0.16957 0.225039
-0.999768 -0.193635 0.0914095
0.832924 0.187629 0.0487331
0.36896 -0.243214 -0.00120792
0.265824 0.0675989 0.234885
0.542902 -0.306731 0.0458683
0.691821 0.351163 -0.158946
0.302817 -0.224271 0.095135
-0.488376 0.168895 -0.174549
-0.529928 0.243134 -0.0147731
0.542902 -0.0186743 -0.359679
-0.563341 0.0612724 0.00985764
-0.251689 0.0896137 -0.225457
-0.0998548 0.19027 -0.151143
-0.416879 -0.0595781 -0.235012
-0.606229 0.135643 0.203246
0.691371 0.0600066 -0.0142687
-0.197793 -0.180583 0.163979
0.276102 0.0157252 0.243903
0.511051 0.205089 -0.130505
-0.868592 -0.238428 -0.047118
-0.738509 0.16507 0.180076
0.173754 -0.0614822 0.00231833
0.579981 0.00280549 -0.384694
0.572984 -0.30264 -0.237827
-0.161808 -0.0585649 -0.235267
-0.704896 -0.19734 -0.141281
0.588316 0.0379393 0.384782
0.735567 0.385868 0.00361835
0.444972 0.243623 0.00411564
0.832924 -0.23111 -0.047861
0.459314 0.188069 0.155783
-0.939662 -0.237403 -0.0519493
0.553034 -0.345962 -0.169048
-0.219972 -0.139323 0.20044
0.0126964 -0.242766 -0.0139456
-0.174884 -0.170948 -0.172138
-0.256447 -0.208308 -0.124654
-0.883442 -0.223535 0.0968703
0.739008 -0.354282 0.15287
-0.670319 -0.129058 0.207241
0.191813 -0.180488 -0.162155
-0.459972 0.242371 -0.0238932
0.718798 -0.00290062 -0.38469
0.455615 0.214158 -0.115165
0.542902 -0.227291 -0.219172
0.60784 -0.354928 0.151353
0.148883 -0.179749 -0.16297
-0.283985 0.0545113 0.0302747
-0.156876 -0.122956 0.210941
-0.968925 -0.0700821 0.234029
-0.652779 -0.0138996 0.243989
-0.0109872 -0.117399 -0.212174
-0.936061 -0.242993 0.011555
-0.800752 0.127916 0.208211
-0.999768 -0.113493 -0.0693058
-0.124596 0.0420975 -0.238838
0.742895 0.285018 -0.259081
0.0696662 -0.00250266 0.244383
-0.503305 0.0512911 0.035583
0.743775 0.316405 -0.219852
0.517369 0.208128 0.127573
-0.348501 0.207375 -0.126872
0.319837 0.0583878 -0.0196033
0.832924 0.177178 0.287747
0.644923 0.157422 -0.351205
-0.150984 0.240126 -0.0402639
0.174246 -0.222646 -0.0969893
0.361995 -0.0369651 0.0502168
-0.082453 0.0257336 -0.0552159
-0.0735791 -0.0382163 0.0492469
0.596824 -0.169077 -0.345563
-0.999768 -0.0398138 0.183736
0.437107 0.0635011 -0.234097
-0.658986 0.240478 0.0400937
0.832924 -0.169791 -0.0932858
0.45259 0.04217 -0.0442797
0.622552 0.0613024 0.381763
0.542902 -0.0616881 -0.303149
0.780881 0.375129 -0.0894493
0.717446 0.0454289 -0.382043
-0.0407379 -0.0546597 -0.0272678
-0.231728 0.241963 0.0295118
0.783432 -0.136111 -0.359807
0.542902 0.271114 0.000595084
-0.457997 -0.173383 -0.169697
0.783825 0.171723 -0.344466
-0.653196 0.135381 0.203421
0.542902 -0.253192 -0.0837162
-0.542179 -0.176175 0.168739
0.589047 -0.199185 0.331088
0.702335 0.273034 -0.271627
0.0798666 -0.0581419 -0.235372
-0.742738 -0.194823 0.146643
-0.323431 -0.21141 0.121284
-0.588595 0.243486 0.00970771
0.600051 0.302735 -0.238238
0.134454 -0.087447 -0.226139
0.832924 -0.203514 -0.26678
0.308235 -0.189631 -0.151417
0.508903 -0.235742 0.0608539
-0.829761 -0.0629859 0.236052
-0.812999 0.181786 0.163106
0.832924 -0.294766 -0.139481
-0.157788 -0.135228 -0.201313
0.504235 -0.239791 -0.0397693
0.480474 -0.0462179 0.23993
0.832924 -0.0827039 0.0898819
0.0205137 0.0243505 -0.241269
-0.141943 0.0825364 -0.228125
0.469437 0.0041729 0.0625441
-0.570496 0.223192 0.0986298
-0.232138 0.240334 -0.0390355
-0.876577 -0.0876032 -0.226079
0.603473 0.272081 -0.272578
0.355881 0.0357291 0.0514237
-0.623942 -0.234422 0.065832
0.397264 0.209745 -0.122949
0.0822421 -0.225645 -0.0898603
0.641307 -0.359769 -0.137437
0.832924 -0.192008 -0.212661
0.832924 0.127412 -0.194653
-0.110658 -0.23745 0.0536696
0.832924 0.00606977 -0.176895
0.717477 0.167863 -0.346356
-0.0764203 0.167289 -0.176079
0.736798 -0.00478746 0.0624689
0.832924 0.0861123 -0.135076
0.390215 -0.153294 -0.18797
0.542902 0.3549 -0.0190883
0.390388 0.0606806 -0.0113236
-0.556766 0.207639 -0.126443
0.236169 -0.0579332 0.237352
-0.504641 0.096039 -0.222813
0.0559048 -0.217992 0.108889
0.441662 -0.0996689 -0.221035
0.832924 0.236805 -0.0330429
-0.545607 -0.122509 0.211202
0.3946 -0.220021 0.104686
-0.545721 -0.236227 0.0589094
0.351372 0.243582 -0.00448354
0.204272 -0.228175 0.0852282
-0.876879 0.0561099 -0.0251675
0.741727 -0.157627 -0.350926
0.832924 0.291369 -0.0911671
0.654209 0.312018 -0.226004
-0.680284 -0.0354596 0.0513177
0.74948 -0.260171 -0.283537
-0.655831 0.0609097 0.236709
-0.488203 -0.0391973 -0.0465201
0.469591 -0.166506 0.17835
0.832924 0.113043 0.0165316
-0.999768 -0.054865 0.0580839
-0.999768 0.0485352 -0.170165
0.453692 -0.105683 0.22016
0.685022 0.21596 -0.318709
-0.620876 0.192096 0.150763
0.71701 -0.0890675 -0.374227
-0.552512 -0.01862 -0.241739
0.0301389 0.207457 -0.126739
0.542902 -0.128732 -0.248069
-0.198584 0.139829 -0.19845
0.738911 0.371005 -0.105103
0.506079 -0.13654 -0.200429
0.304329 -0.0568149 0.0245427
0.413586 0.240999 0.0367437
-0.214919 0.00762459 0.244285
-0.959897 0.0556924 -0.0260427
0.516669 -0.118066 0.213734
0.832924 -0.108807 0.268938
-0.474929 -0.234487 -0.0636677
-0.486061 0.174531 0.170882
-0.151546 -0.0998618 -0.220948
0.832924 0.3048 -0.0306764
0.545149 0.34514 -0.171553
0.028622 -0.203083 0.134874
0.694942 -0.356872 0.146676
-0.660123 -0.190299 0.152511
0.354613 -0.0576223 -0.0205571
0.381209 -0.204139 -0.131329
-0.158601 0.212875 -0.117497
0.0552888 0.0661613 -0.233364
0.0435006 -0.11777 -0.211968
-0.0811656 -0.0787459 -0.229309
0.717191 0.238554 -0.302237
0.21222 -0.045463 0.0424584
-0.53411 -0.150702 -0.190047
0.677972 -0.022448 -0.384037
-0.789123 0.158966 0.185508
0.214671 -0.144685 -0.19465
-0.885801 0.184711 -0.15784
-0.0440806 0.214579 -0.114386
0.587468 0.384754 0.0303781
-0.971842 -0.0539928 -0.0285278
0.663941 0.319117 0.217846
0.64325 -0.164552 0.349667
-0.0662805 0.0371216 0.0504141
-0.507037 0.0364937 -0.0489472
-0.0595164 -0.227002 -0.0864113
0.542902 -0.25014 0.0974405
0.637896 0.242943 0.300665
0.453862 0.232556 -0.0716651
0.583114 -0.385442 0.0044616
0.574602 0.0484441 -0.381675
0.832924 0.165529 -0.165693
0.602582 0.186471 0.338672
0.333591 -0.237926 -0.0495426
0.542902 0.290885 -0.227734
0.777551 -0.208261 -0.323503
-0.0357475 0.233341 -0.0691048
0.575165 -0.381456 -0.0544461
0.717689 -0.012677 -0.0593814
0.784138 -0.304311 0.237621
-0.491742 -0.198348 -0.139871
0.29242 -0.0418199 0.240742
-0.884017 -0.0805041 0.230628
0.118562 0.0419866 -0.0444491
-0.999768 -0.00626337 -0.134163
-0.871615 0.0364675 0.0508957
0.542902 0.308005 -0.102913
0.684163 0.0703937 -0.378263
-0.543472 -0.230368 -0.077097
-0.813503 -0.124447 -0.20813
0.754692 0.105206 -0.370135
0.782664 0.376662 0.0847704
-0.859092 -0.132505 0.20504
0.832924 0.111438 -0.316981
0.599068 -0.131745 -0.361426
0.832924 0.272547 0.177549
0.344015 -0.00109255 0.0626578
-0.821483 0.0373669 -0.0483006
0.223735 0.240338 -0.0390121
0.832924 0.194342 -0.0923501
-0.49518 -0.0561942 0.0259911
0.832924 -0.294828 -0.00813894
0.557931 -0.324587 0.208923
0.64962 0.0479339 -0.381738
0.832924 0.192841 -0.0137193
-0.738555 0.242922 0.0196839
0.784608 0.240426 -0.300756
0.372683 0.0219214 -0.241498
0.26624 -0.223862 -0.0941746
-0.682904 -0.243179 0.00560266
-0.601228 -0.219426 0.105941
-0.560233 0.124057 0.21054
0.476987 0.230585 0.0796223
-0.403146 0.00431359 -0.0606054
0.105 0.0506209 0.0365519
-0.0432502 -0.243024 -0.00888871
-0.278643 -0.182144 0.162231
-0.796865 0.242688 0.0225042
0.188372 0.0472157 0.0409418
0.832924 -0.298363 0.0373799
0.311217 0.157691 -0.184668
0.218507 0.217808 -0.108171
-0.847386 -0.216877 -0.109186
0.603222 -0.244166 -0.297397
-0.547735 0.0614792 -0.234632
0.832924 0.0258327 0.306529
0.832924 -0.0137458 -0.299766
0.591641 0.0257066 0.0571576
0.624151 -0.0206582 0.386067
-0.609065 -0.144989 0.196354
-0.806703 -0.00789167 -0.242334
0.832924 0.125495 -0.0621517
-0.225159 -0.242333 0.0217731
-0.802323 -0.155864 0.187783
-0.394744 0.00108078 0.244396
0.636144 0.354908 0.152385
0.662411 0.385355 -0.0191046
0.832924 0.0918342 0.0979517
0.832924 -0.278875 0.112314
-0.243922 0.157643 -0.184709
0.542902 -0.160351 -0.324758
0.734835 -0.154926 0.354054
0.519427 -0.0365195 -0.0486205
0.741077 0.321896 0.213703
0.832924 -0.173999 0.0108534
-0.713202 -0.0537645 0.0308731
-0.705961 -0.0023182 -0.0606902
0.832924 -0.121254 0.0818896
0.642003 -0.382727 -0.0448469
0.832924 -0.0776127 -0.284045
-0.902522 -0.0567342 0.0247369
0.542902 0.294897 -0.171742
-0.663582 0.172973 0.172466
0.455709 0.0590937 0.0194148
0.760928 -0.366186 0.121352
0.362515 -0.0322061 0.24223
0.168096 -0.193138 0.148871
0.542902 0.236066 0.239759
0.414314 -0.0171987 -0.241845
0.430265 -0.202479 -0.133857
-0.132374 -0.0334433 -0.240131
-0.441563 0.0141356 0.243999
-0.524176 -0.0273371 -0.0542521
0.719008 0.125887 -0.363651
-0.952401 0.174488 0.170926
0.482534 0.0785692 -0.229512
-0.909029 0.131206 -0.204217
0.832924 -0.192488 -0.124561
0.519046 0.0613631 -0.00728113
-0.682351 0.243441 -0.00895887
0.417972 0.135662 0.203233
0.0426936 -0.0583062 -0.0186213
-0.837287 -0.0612357 0.00663753
0.643081 -0.0820064 -0.375837
-0.455496 -0.00754132 0.0621828
0.735244 -0.193336 -0.332621
0.136041 -0.218532 -0.105861
-0.36662 -0.056089 -0.235869
0.832924 -0.268906 0.179888
0.783018 0.175711 0.344387
0.346464 -0.204539 0.132638
0.353839 0.23238 0.0741551
0.175623 -0.0134991 -0.0592
0.502875 0.23839 0.0512625
-0.636657 0.210288 -0.122027
-0.60309 -0.0782088 0.231421
0.832924 -0.188753 0.112335
-0.403514 -0.0320041 0.0535955
-0.337426 -0.0265674 -0.0546294
-0.788435 -0.24197 0.0256403
-0.788078 0.0178015 -0.0581813
-0.31328 -0.050894 -0.0336205
-0.999768 -0.0259516 -0.20879
0.215097 -0.150759 0.191931
0.595879 0.371516 0.105227
-0.356414 -0.197593 0.142858
0.832924 -0.00161664 0.233217
0.640955 -0.00239364 -0.384694
0.832924 0.148946 -0.299911
-0.474827 -0.116753 0.214458
-0.999509 0.212322 0.057925
-0.304257 0.243508 -0.00715584
-0.0850938 -0.0567264 -0.0228262
0.453984 0.171913 -0.171598
0.392676 0.00329702 -0.0606648
-0.587861 0.0135697 -0.242102
0.0313131 0.224985 -0.0925021
-0.692171 -0.0587923 -0.0171044
0.832924 0.00113978 0.111449
0.283641 0.0472054 -0.237889
-0.942724 0.196805 -0.142598
-0.821363 -0.0207441 0.0590049
0.157464 -0.242255 -0.0207318
0.20969 0.123316 0.210976
0.427932 -0.157521 -0.184456
-0.240953 -0.167289 -0.175682
0.616636 -0.0179931 0.0599256
-0.927197 -0.0326871 0.242165
0.691941 -0.319492 0.216674
-0.100945 -0.0675828 0.234768
-0.263223 -0.0802752 0.230708
0.645522 0.231496 -0.307655
0.739854 -0.048177 -0.0373295
0.421093 0.193386 0.149096
0.607092 -0.0255363 -0.383842
-0.187177 -0.0555831 -0.0253961
-0.0161359 0.19883 -0.139782
-0.190956 0.193774 -0.146658
0.276272 -0.136711 -0.200312
0.832924 0.0360172 -0.310914
0.73416 0.365851 0.123627
0.122536 -0.234473 0.0656463
0.308655 -0.218567 -0.105789
-0.999768 -0.111365 0.173331
-0.710399 0.0611307 -0.00885202
0.832924 -0.0685319 0.231326
0.778136 0.274783 -0.269866
-0.258381 -0.0331936 0.242095
-0.97615 -0.177062 0.167147
0.782637 -0.246407 -0.295548
0.702913 -0.384893 0.0218186
0.412069 -0.0532891 0.238447
0.617702 0.113566 0.369597
-0.570076 0.183742 0.160889
0.318086 -0.144238 -0.194981
-0.872937 0.224367 -0.093973
0.0242687 -0.242085 0.0244828
-0.952631 0.240246 -0.0395639
-0.593538 -0.0315274 0.24232
0.832924 -0.123994 -0.268056
-0.999768 0.0600626 -0.0505422
0.109324 -0.0711055 0.233718
0.170233 0.212427 0.120228
0.270768 -0.239603 0.042794
0.578897 0.337314 -0.186385
-0.614432 0.241666 -0.0299937
-0.94727 -0.0501422 -0.237204
0.464703 -0.0710004 -0.23182
-0.394012 -0.0442591 0.240302
-0.685723 -0.05675 -0.235711
0.218106 0.234314 0.0677108
0.223548 -0.08714 -0.226257
-0.626708 0.0243714 0.0577445
-0.774508 -0.225465 0.0922366
0.645826 0.260994 -0.283167
0.674495 -0.0618029 -0.379684
-0.999768 -0.0644667 -0.136638
0.511898 0.0350056 0.0519252
-0.133024 -0.219855 -0.103109
0.550518 -0.379964 0.0658276
0.832924 -0.00803503 0.187509
-0.389192 0.158852 -0.183677
0.0959739 -0.0125584 -0.0594066
0.269744 -0.11239 0.216791
0.832924 0.125476 0.212209
-0.391696 0.235215 -0.0625353
-0.679333 -0.215097 0.114556
-0.152157 -0.01028 0.244172
-0.999768 0.159248 0.148366
0.577398 -0.221248 -0.314782
-0.902413 -0.233984 -0.065467
0.572309 -0.0490703 0.0381025
0.749675 -0.0374548 0.0498433
0.542902 -0.30528 0.139647
-0.0871618 -0.242975 -0.0100431
0.748447 -0.0694442 -0.378361
-0.205437 -0.0586202 0.0195864
-0.910621 0.0617637 -0.00337524
-0.492361 -0.212819 0.118772
-0.998274 0.142942 -0.16758
-0.16846 -0.0109258 0.0616585
0.447982 -0.181755 -0.16074
-0.876973 -0.051827 -0.236842
-0.847719 -0.186084 0.157663
-0.724711 -0.172877 0.172139
-0.00475637 0.0308563 -0.0525938
0.296124 0.0880464 0.227999
0.123356 -0.0390548 0.0485675
0.43008 0.0220714 0.243414
0.832924 0.042507 0.136022
0.339657 0.0357593 0.241788
-0.993383 -0.0426401 0.222614
-0.999768 0.162226 0.000212114
0.552482 -0.343074 0.176737
0.686263 0.108341 -0.369234
0.0546936 -0.0854651 -0.226894
0.832924 0.103778 0.316384
-0.851425 -0.0233032 -0.0560867
-0.646432 0.0603002 0.0149955
0.542902 0.284035 -0.0729889
0.684892 0.184251 -0.337957
-0.431262 0.203099 -0.133555
-0.700784 0.204891 -0.130813
0.67015 0.0319374 0.05389
0.328671 0.0529227 0.0330439
0.27141 -0.16978 0.175215
-0.153384 0.150519 -0.190521
-0.99654 0.0289336 0.221699
0.00143079 -0.0699319 0.234074
0.684051 0.109639 0.370782
0.542902 -0.185442 -0.194463
0.0561477 0.0618478 0.00387624
-0.0121997 0.0440507 -0.238488
0.618924 0.108484 -0.369192
0.700903 0.335657 0.191266
-0.280097 0.117375 -0.212418
-0.430062 0.0598817 -0.235042
0.470884 -0.00843883 -0.060133
-0.999768 -0.114209 0.0775575
-0.87783 -0.161333 0.183074
-0.886121 0.150282 0.192637
0.626435 -0.330407 0.19954
0.165577 -0.157818 0.186133
-0.250732 -0.235293 -0.0606668
-0.541324 0.140732 -0.197815
-0.557465 0.0556641 -0.0261008
0.67731 0.385485 0.0183579
-0.137486 0.0505418 0.0366637
0.542902 0.258038 -0.247346
-0.290931 -0.0890365 -0.225519
-0.831796 0.0342706 0.242003
0.715581 -0.377399 0.0793926
-0.687668 0.0855631 0.228944
-0.808551 -0.220282 -0.102201
0.668373 0.361971 0.134636
0.758967 -0.340901 0.180918
-0.75577 -0.0926202 0.226003
-0.701032 0.0387466 0.0491585
0.330089 0.201041 0.138538
0.615779 0.294437 0.250304
-0.515346 0.0224135 0.0585383
0.778741 -0.061497 0.00105282
-0.935852 -0.228069 0.0855138
0.746388 0.256368 0.289274
0.0100399 -0.22447 -0.0927294
0.542902 -0.331508 0.109751
0.832924 0.288402 0.113323
-0.278679 -0.230887 0.0774777
-0.458816 0.23881 0.0492306
-0.991806 -0.221437 0.0514804
0.832924 0.209829 0.124771
0.18624 -0.0990877 0.223225
0.238151 0.175866 -0.167572
0.748052 -0.0248889 -0.383885
-0.277089 -0.0488514 -0.237473
-0.72345 -0.243219 -0.000476217
-0.716179 -0.231895 -0.0724328
-0.633021 0.185753 -0.156622
-0.18343 -0.221434 0.101631
-0.466286 0.0375911 -0.239581
0.697212 -0.287557 -0.255803
0.832924 -0.11461 -0.211747
-0.57622 -0.242615 -0.0162414
0.542902 -0.299413 -0.178634
0.542902 -0.110932 0.278855
-0.970734 0.046496 0.0417729
0.36192 -0.185679 -0.156214
0.542902 0.297952 0.234284
0.0573993 -0.0373985 0.241475
-0.355308 0.0618409 -0.00208891
0.542902 0.00169736 0.354738
-0.805107 0.213745 -0.115922
0.775448 -0.298564 -0.242908
-0.486578 -0.171852 0.173169
0.0658891 -0.00567259 0.0623905
-0.218677 -0.0302459 -0.240556
-0.747048 0.202316 0.136659
-0.782371 0.238437 -0.0491122
0.510516 -0.202548 0.135683
0.547479 -0.000787942 -0.060734
-0.58485 -0.118477 0.213505
-0.465334 0.235428 -0.0617422
-0.122895 0.243024 0.0183119
0.832924 -0.156674 0.208387
-0.999768 -0.18217 -0.120436
0.395272 -0.100211 -0.220791
0.621455 0.385431 -0.0175907
-0.868394 0.0931702 0.225949
0.542902 0.0573768 -0.365365
-0.339688 0.236873 0.0579761
0.832924 0.0070206 -0.241192
-0.622023 0.233039 -0.0701015
0.594165 -0.0518821 -0.0321135
-0.742937 -0.214367 0.115928
-0.917184 0.0928022 0.226101
-0.29585 -0.23901 0.0460597
-0.0739191 -0.203583 -0.132182
0.483021 0.214221 0.116978
0.429477 -0.240359 0.0381972
0.703059 0.379209 0.072369
-0.924825 0.239165 0.0474442
0.398283 -0.231682 -0.073103
-0.237149 0.0127878 -0.242143
-0.0809619 0.209159 -0.123935
-0.685549 -0.236114 0.0593692
-0.339905 0.00100381 0.0626664
-0.839529 0.129516 -0.205287
-0.620421 0.240087 0.0424186
0.30346 0.0305691 -0.0527571
0.286489 -0.242107 -0.0223277
0.542902 0.241998 0.118073
-0.407016 -0.2094 -0.122823
0.0413118 -0.0339643 0.0523444
-0.960441 -0.00311697 -0.0606523
0.0414821 0.0325554 0.0535146
-0.0196217 0.143724 -0.195665
-0.14212 -0.0284221 -0.0536974
-0.519424 -0.242632 -0.0159903
-0.999768 0.199115 -0.0272562
0.479226 0.162324 0.182565
0.138193 0.059464 -0.235147
0.7819 -0.0122446 0.386431
0.16567 0.243495 0.00944506
0.229244 0.172706 0.172734
0.667756 0.040658 -0.0456364
0.469797 -0.223074 0.0979405
0.714361 0.0542265 0.0307963
0.279532 0.0319436 0.0538863
-0.999768 -0.135436 0.0484842
0.346363 0.167178 -0.176183
-0.752273 -0.107802 -0.217194
0.542902 0.121895 -0.236983
-0.993358 -0.225306 -0.00991815
-0.978132 0.100037 -0.218392
0.0259542 0.162107 -0.180829
-0.73469 0.242108 -0.0263281
-0.999768 0.0469837 -0.085997
-0.501393 0.0212285 0.243489
-0.494005 0.228347 -0.0839662
0.471437 -0.218995 -0.104908
0.542902 -0.341082 -0.0895215
-0.978198 -0.104899 0.217767
0.19851 0.180935 -0.162125
0.542902 -0.114971 -0.357773
-0.277162 -0.0583827 0.0203208
0.570959 -0.254809 0.290282
-0.390445 -0.143725 -0.195358
-0.0433801 -0.2393 0.0444948
-0.347678 0.0493899 -0.237449
0.548024 -0.0573815 -0.0211933
0.542902 0.165674 0.266387
0.473383 -0.0593318 -0.0152382
0.303303 -0.0778768 -0.229605
0.564896 0.379206 0.0723882
0.542902 0.28577 0.129022
0.199971 -0.243013 0.0110852
0.832924 -0.134023 0.0473802
0.832924 -0.261386 -0.21028
0.0441467 -0.23049 -0.0767359
-0.262701 -0.243068 0.00966027
0.542902 0.128025 -0.27922
-0.841069 -0.181534 -0.160989
0.748061 -0.38509 0.0177968
0.019889 0.101256 -0.220506
0.832924 0.178879 -0.242037
-0.395352 0.0384231 0.0494154
0.335711 -0.0191099 -0.241701
0.542902 0.12544 0.325027
0.221869 -0.00854979 0.24424
0.776749 0.382852 -0.0472446
0.542902 -0.237785 0.231967
-0.74728 0.0317236 -0.0520881
-0.678504 -0.145293 -0.194199
-0.999768 -0.115064 -0.00546208
0.483022 0.0247202 -0.0556653
0.562706 -0.282273 0.263535
0.0256179 -0.100132 0.222756
0.575794 0.253724 -0.289673
-0.985878 0.231566 0.0306816
0.262498 -0.18615 -0.155655
-0.688617 0.231102 -0.0761626
-0.999768 -0.194586 -0.0491473
-0.456136 -0.000542247 -0.0607375
0.0871621 0.227301 -0.0867234
-0.83964 0.218906 0.107885
-0.550087 0.20751 0.128583
-0.690242 0.104858 -0.218827
0.750827 0.057568 -0.380414
0.387021 -0.0562883 -0.235822
0.542902 0.357968 -0.138559
-0.867781 0.240057 0.042596
-0.935629 -0.0500112 0.0368198
0.172402 -0.122551 -0.209249
0.832924 -0.301296 -0.0752228
-0.434199 -0.243084 0.00919315
0.349888 0.157369 0.18687
-0.999768 -0.157604 -0.0731499
0.832924 -0.0334695 0.248704
0.501925 -0.0581104 0.0211264
0.191317 0.133814 -0.202529
0.576863 0.0554609 0.0284427
-0.829843 0.0593474 0.0185849
0.577522 0.277064 0.269463
0.542902 -0.0514363 -0.34578
0.668609 -0.264757 -0.279271
0.550492 0.004518 0.0625209
0.778009 0.242598 0.300944
0.666551 0.360826 -0.135767
-0.258729 -0.0410612 -0.0449094
0.542902 -0.291114 -0.222273
-0.580402 0.0402427 0.0479231
0.576681 0.318436 -0.216914
0.832924 0.0327188 0.170438
0.542902 0.348597 0.0178806
0.681579 -0.00247914 -0.0606834
-0.98132 -0.211925 -0.106529
0.782482 0.0406718 -0.382574
0.63487 0.338499 -0.184236
0.672356 -0.057234 -0.021573
0.143613 0.205546 -0.129789
0.332355 -0.242176 0.0235226
0.542902 0.238021 0.278588
0.742056 0.199131 0.331373
0.518389 -0.0326778 -0.240237
-0.4762 0.126816 0.208884
-0.954405 -0.214332 0.115993
-0.102088 0.233259 0.0713062
0.400729 -0.177966 0.166836
-0.563937 -0.21874 0.107364
-0.028636 -0.202263 -0.134182
0.167448 0.0616565 0.00662387
-0.716198 0.0285063 -0.240818
-0.800944 0.0594078 -0.0164514
0.0210598 -0.010744 -0.242222
0.135692 -0.0108299 -0.242218
-0.462954 -0.039304 0.24117
-0.993445 0.208985 -0.0847612
-0.999768 -0.166451 0.114436
-0.0905539 -0.040252 -0.239082
0.542902 -0.251088 -0.157688
0.571635 0.113694 0.369558
0.363281 0.0513473 -0.0335705
0.296994 -0.242655 0.0175886
0.542902 -0.0021734 -0.284627
-0.91343 -0.149574 -0.190933
-0.646431 0.0276698 -0.240915
-0.0866779 -0.171943 -0.17115
0.0950623 -0.0571206 0.0237892
0.542902 0.0665067 -0.28614
0.0291466 -0.174169 -0.168894
0.129629 -0.0585868 -0.0177621
0.542902 0.223663 -0.195609
-0.0260769 0.114175 0.216074
-0.0244841 -0.232268 -0.0712415
-0.635184 -0.0393544 -0.239232
-0.0819361 -0.110932 -0.215616
0.630681 -0.367375 0.117674
0.706216 -0.123774 -0.36423
-0.197143 -0.0689468 0.234368
0.213095 -0.195327 0.145965
0.656589 -0.3118 -0.225727
0.749072 0.227224 -0.31081
0.616428 0.212012 -0.321338
0.832924 -0.112488 -0.0998055
0.542902 0.0580974 0.303098
0.115774 -0.189795 -0.151212
-0.519475 -0.00749317 -0.242347
0.0837087 0.148234 0.194222
0.124133 0.186665 0.157471
0.10868 0.0495612 0.239343
-0.0267701 -0.224311 0.0950401
0.708476 0.321225 -0.212784
0.079502 0.0535594 -0.0300439
-0.700412 0.00172068 0.244393
-0.605976 -0.0716457 -0.231622
0.542902 0.299131 -0.0301998
0.542902 0.327774 0.0757792
-0.496234 0.243573 -0.00485465
-0.98194 0.120985 0.20511
0.67148 0.284228 -0.259944
0.752699 -0.0631645 0.38139
0.832924 -0.170363 -0.239771
0.218011 0.0556622 -0.0261047
0.154176 0.141719 0.199043
0.446551 -0.243117 0.00817395
-0.556269 0.223948 -0.0949577
-0.0614695 -0.217016 0.110841
0.185591 0.238912 0.0487245
-0.300241 0.089817 0.227306
0.832924 -0.13412 0.138251
0.421839 0.11801 -0.212068
-0.357642 0.236731 -0.0566328
0.530951 0.0570436 0.024999
-0.858031 0.132155 0.205538
-0.621658 0.0874141 0.228242
0.736483 -0.206837 0.326343
0.208312 0.0566436 -0.235837
-0.992372 0.191802 -0.120337
-0.887043 -0.206626 0.129334
-0.493113 0.196579 0.144835
-0.559804 0.187618 -0.154398
-0.418122 0.128859 -0.205697
-0.662198 -0.193911 -0.145927
0.832924 0.0381455 -0.189566
0.542902 0.0931293 -0.343873
0.542902 -0.221854 -0.292725
-0.999768 0.0899071 0.150662
-0.109887 0.0252053 0.0573824
-0.0186988 -0.240408 -0.0359501
-0.506445 0.235561 0.0631706
-0.0064856 0.0606464 0.0134204
-0.280382 0.0325425 0.242241
-0.976518 -0.150995 -0.188773
0.338048 -0.0380055 -0.0474845
0.0433276 0.0289421 -0.0536446
-0.571059 -0.0595659 0.0162813
0.754563 -0.382405 -0.0474673
0.599392 -0.0617125 -0.379699
-0.42631 -0.0603828 0.236736
0.688837 -0.0305898 0.3854
-0.315653 0.15724 -0.18505
-0.740012 0.0548369 -0.0277337
-0.316633 -0.163179 0.181419
-0.114597 -0.230663 -0.0762202
-0.181541 0.0318564 0.0539385
0.591018 0.320709 0.215486
-0.237815 0.0465318 -0.0398028
-0.999768 0.12352 0.163364
-0.229356 0.243578 -0.00468089
0.246073 0.13779 0.201792
0.418203 0.0593905 0.0184393
0.77999 -0.206418 0.326609
0.657453 0.000478317 0.386632
-0.231367 0.205692 -0.129561
0.0679402 -0.126114 0.209056
0.482316 -0.180915 -0.161681
0.832924 -0.0835661 0.298972
0.379804 -0.1049 0.220536
-0.0411624 0.165999 -0.177287
0.114316 -0.193984 0.14776
-0.355247 0.243588 0.00615766
-0.343328 -0.0614969 0.00110535
0.119195 0.144474 -0.195116
0.241323 -0.0180635 -0.241782
0.62874 -0.296771 -0.245088
0.444299 -0.134221 0.203913
-0.348299 0.126927 -0.206887
0.145797 0.22307 0.0989097
-0.876436 -0.242752 -0.0141871
0.57731 0.210294 0.32439
-0.076954 0.0520185 -0.236892
0.750338 0.177298 -0.341641
0.0753689 0.191819 -0.149188
0.19725 0.0361976 0.241723
-0.98684 -0.00477433 0.233207
0.562688 -0.276328 -0.267859
-0.57572 -0.239901 0.0410454
-0.946706 0.0160478 -0.241953
-0.424422 -0.15836 0.185668
-0.810985 0.237779 0.0540736
-0.492593 -0.0323319 -0.240284
-0.0434785 -0.0507864 0.0357084
-0.0749047 0.0601446 0.0156458
0.475477 0.040989 0.0472765
0.620583 -0.0611988 0.00702417
-0.189405 -0.240798 0.0352425
0.654629 0.120166 -0.365573
-0.384606 -0.00237097 0.0626175
-0.423193 -0.239162 0.0452492
-0.688579 -0.00236481 0.0626178
0.189267 0.0243094 -0.241273
0.0723276 -0.0677024 0.234733
0.0847247 -0.242909 -0.0114103
-0.0890688 -0.225202 0.0928842
0.542902 0.207366 -0.274232
-0.224843 -0.0276205 0.242802
-0.886721 0.00113015 -0.0607352
0.742736 0.383358 0.0449737
0.016559 -0.0394367 0.241148
-0.5644 0.0796591 0.231068
-0.221055 -0.209066 -0.123388
0.832924 -0.252493 -0.0139288
-0.668496 -0.0579022 0.23736
0.832924 -0.224638 0.220442
0.30998 0.0158968 0.243892
-0.15761 0.218377 0.108958
0.832924 -0.250728 0.0636917
-0.92314 -0.216735 -0.109464
0.542902 0.183977 0.295157
0.832924 -0.162103 -0.02327
-0.171981 0.181388 0.163551
0.542902 0.15915 -0.216518
-0.703438 -0.118375 0.213562
0.137736 0.166503 -0.176817
0.450319 0.127278 0.208603
-0.215095 0.151823 0.19142
-0.228013 -0.236702 0.0569354
0.032806 0.0923619 0.226282
0.44672 -0.0431428 -0.238577
0.439522 -0.0327283 0.242159
-0.609989 -0.0551277 -0.026339
-0.999768 0.00951103 -0.215878
0.832924 0.136116 0.0515359
-0.335135 -0.20268 -0.133555
-0.360751 -0.183343 -0.158936
-0.679842 0.0507471 -0.034443
-0.61547 0.137861 -0.199813
-0.963746 0.228818 -0.0826897
-0.97738 0.0609243 0.0119863
-0.659853 -0.0209657 -0.056995
-0.957673 -0.24274 -0.0143681
-0.385132 0.0982687 -0.221845
-0.999768 0.0981079 -0.115437
0.0408196 -0.240913 -0.0324938
-0.162038 -0.0432918 0.24048
0.542902 0.099622 0.354898
0.568918 -0.0471105 0.383718
-0.498309 -0.226875 -0.0867404
-0.976961 -0.176206 -0.164946
0.334001 0.230112 -0.0790642
-0.604669 -0.198436 0.141676
-0.354446 -0.117683 -0.212017
0.832924 0.118847 -0.115343
-0.0486894 -0.128948 -0.20538
-0.544819 -0.239765 -0.0399243
0.731789 -0.281089 -0.262873
-0.592486 -0.229184 -0.0805112
0.701083 -0.340305 -0.180113
-0.363743 -0.242328 0.0218217
-0.351718 0.0559907 0.237921
-0.71929 0.163897 -0.179219
-0.0371209 -0.00829609 0.244249
0.542902 0.130707 0.27066
-0.641903 0.0340742 -0.0506194
-0.156809 -0.050605 0.0359732
0.542902 -0.188288 -0.293054
-0.942853 0.228626 0.0851429
0.211254 0.206431 0.130319
0.542902 -0.162635 -0.2508
-0.330784 0.213481 0.118332
-0.0552929 0.0077258 0.0622121
0.760741 0.350302 -0.160821
0.542902 -0.000290071 0.318836
0.832924 0.0532111 0.228912
-0.489369 0.211412 -0.120087
0.564387 -0.173631 0.34523
-0.00975764 0.13969 0.200477
-0.750354 0.000242024 0.0626715
-0.875967 0.119145 -0.211436
-0.23651 -0.0996377 0.222979
-0.0828493 -0.145734 0.195799
-0.464862 0.111643 -0.215466
0.396598 0.0217934 0.243439
-0.761128 -0.0611469 0.00752892
0.736013 -0.32886 0.202092
-0.467883 -0.068875 -0.23246
-0.622587 0.231132 0.0780009
0.781308 0.00550791 -0.384666
-0.40252 0.0357891 -0.0494519
-0.209554 -0.0407198 -0.0452143
0.288152 -0.142928 0.197869
0.151874 0.0364201 -0.0490006
0.331103 -0.145081 0.196286
0.216916 0.0247806 0.0575686
0.832924 0.0744514 0.126425
0.542902 -0.0553995 0.357438
0.647969 0.0604767 0.0142169
-0.0521171 -0.0111458 -0.242204
0.430735 -0.0573326 -0.02132
0.542902 0.0934299 -0.308899
-0.271319 -0.113508 -0.214275
-0.999768 0.0641489 -0.115451
0.779684 0.0237048 -0.0560941
0.653342 -0.121329 -0.365051
0.320278 0.0524278 -0.236802
0.469166 0.0605454 -0.0119708
-0.0571808 0.00477574 -0.0605729
0.57812 -0.0786326 0.378487
-0.772043 -0.185038 0.158898
-0.819681 0.243599 -0.00364953
-0.341252 0.0386634 -0.0472955
-0.673157 0.214498 -0.114535
-0.230084 -0.0255245 0.0570493
0.576056 0.125152 -0.363903
0.0574254 0.069934 0.234199
-0.144466 -0.165334 0.179445
-0.534282 0.00743992 -0.060317
0.733178 0.384383 -0.0329515
-0.407156 0.243482 -0.00788119
0.0850663 -0.235178 0.0630315
0.575249 -0.109839 -0.368669
0.573741 0.0473858 -0.0388115
0.59791 -0.320599 0.215023
0.450276 -0.136456 -0.200486
0.631817 0.33513 0.192192
-0.664695 0.217595 0.110525
0.396197 0.0542841 -0.236387
-0.139168 -0.18498 -0.157037
-0.955591 0.140308 0.200043
0.719692 0.296582 0.24775
0.149496 -0.238918 0.0465453
0.373919 0.223039 0.0989793
-0.752396 -0.0423428 -0.238721
-0.337033 -0.0461651 0.23994
0.344274 -0.233958 0.0674875
0.38743 -0.156043 0.187633
0.832924 0.177388 0.24892
0.542902 -0.367886 -0.0441247
0.233378 0.057981 0.022649
-0.154563 -0.0511368 -0.0332589
-0.301516 0.234698 -0.0644181
-0.985181 -0.221045 -0.0750695
-0.238398 0.0344495 0.241978
-0.264491 0.097339 0.224181
-0.916827 -0.177681 -0.165212
-0.370922 0.141999 0.198842
0.229044 0.243524 -0.00663323
0.666953 -0.185907 0.338752
0.832924 -0.107162 0.16265
-0.999768 -0.0269328 0.15341
-0.159057 -0.24317 0.00605298
-0.802006 -0.23451 -0.0635832
0.4815 0.0101231 -0.242267
0.542902 -0.223859 0.285518
0.756906 -0.375159 -0.0875673
0.276916 -0.210249 0.123305
0.183527 -0.236774 0.0566304
-0.280003 0.205727 0.131434
0.69511 -0.30835 -0.230401
-0.094247 -0.0374945 -0.0478832
-0.75841 0.189642 -0.151925
-0.907694 0.049852 0.0376169
-0.239228 -0.05687 -0.235682
0.115065 0.0256192 0.0571972
-0.177976 -0.193044 -0.147064
-0.595901 -0.0166262 -0.0584009
-0.225954 0.197584 0.143455
0.401274 -0.024899 0.0573321
0.158142 0.225377 -0.0915528
0.702769 -0.364166 -0.125407
0.268861 0.0927495 -0.224193
-0.117007 0.0958888 0.224807
0.518363 0.242662 -0.0208635
-0.387336 -0.242502 -0.0177675
-0.897548 0.0154308 -0.241992
-0.034331 -0.128801 0.207401
-0.999768 0.179032 0.117488
0.832924 0.235664 0.0875267
0.24859 -0.00982244 -0.0599211
-0.999768 -0.08178 0.124312
-0.903447 0.0378548 0.24147
0.10682 -0.211808 0.120582
-0.552392 -0.21083 -0.12037
-0.706425 -0.0603082 0.236756
0.572408 -0.363352 0.12966
0.426641 -0.226274 0.0902119
-0.19878 0.0531217 -0.236649
-0.808653 0.0147588 0.0609318
0.568407 0.344248 0.175255
-0.436403 -0.216279 -0.110357
0.244146 0.145148 -0.194618
0.832924 0.0780182 0.288075
0.751776 -0.125085 0.365712
0.504271 -0.216684 -0.109566
0.16128 0.0215116 0.243464
0.832924 0.19327 0.179245
-0.449869 -0.239163 -0.0433107
-0.168442 -0.189801 0.153134
0.832924 0.25495 0.149536
-0.932908 0.150669 -0.190403
-0.537605 -0.203696 0.133939
0.542902 -0.270679 -0.115838
-0.617684 -0.000812284 0.244396
-0.02089 -0.0822968 -0.22806
0.60763 -0.380251 -0.0621919
0.128784 -0.223983 0.0958202
-0.000567704 -0.0221555 0.0584758
0.0680426 0.0530385 0.0328528
-0.273582 -0.00184446 -0.0607078
-0.0117716 -0.173429 -0.16965
-0.647972 -0.236912 -0.0541105
0.832924 -0.0617077 0.129832
0.233771 -0.242625 0.0180208
0.0935205 0.0350474 -0.239963
0.542902 0.246155 0.183776
-0.559909 -0.168013 -0.174992
0.0628661 -0.17774 0.167078
0.105812 -0.13978 -0.19819
-0.341354 -0.239303 -0.0425478
0.727816 -0.0919411 0.375461
0.0764513 -0.166096 -0.176805
0.758099 -0.256182 0.289067
-0.804901 0.0966552 0.224478
0.546122 -0.113066 0.369622
0.413265 0.0197126 0.0595084
-0.21932 -0.242536 -0.0173159
0.344008 -0.00169041 -0.0607128
-0.798189 0.172175 -0.171336
-0.845444 0.0634872 0.23603
0.832924 0.228089 -0.141986
-0.332862 -0.0398986 0.0478588
0.103709 0.107028 0.21971
-0.955323 -0.15723 0.186632
0.542902 -0.338625 0.040316
0.634319 0.377945 0.0787804
-0.190186 -0.000234139 -0.0607405
-0.999768 0.102229 0.105915
-0.485022 0.217247 0.111212
0.832924 0.0864137 -0.296526
0.770981 0.0616244 -0.0050328
0.565068 -0.185996 -0.336773
0.832924 -0.185661 0.189128
-0.333535 -0.0853885 -0.226923
0.106099 -0.00770629 0.244269
0.351605 0.125913 0.209431
0.832924 -0.225926 0.0136007
0.832924 0.23538 -0.203415
0.402064 -0.0833493 0.229608
-0.0945112 -0.0366914 0.241585
-0.582187 0.115 -0.213705
0.670101 -0.38486 0.0224313
0.706051 0.25206 0.293045
0.746562 -0.375467 0.0881813
-0.413508 -0.0582358 0.0207599
0.783934 -0.338008 -0.184368
-0.318546 0.0983864 -0.221793
0.0115816 -0.061491 9.67431e-05
-0.630887 -0.103944 -0.219062
0.77561 -0.381498 0.0560855
0.516133 0.115968 0.215114
0.634592 -0.385182 -0.013615
-0.476451 0.0239742 -0.0559824
0.660988 0.347234 -0.167302
-0.682987 0.236104 0.0610798
-0.575984 -0.19891 -0.139074
0.251311 0.208369 -0.125248
-0.690117 -0.1723 0.17272
-0.408109 -0.233987 -0.0654551
-0.522503 0.122617 0.211384
0.832924 0.228608 0.22985
0.542902 -0.126778 -0.327897
-0.42682 -0.178719 -0.164093
-0.255213 0.238161 0.0523372
-0.691469 -0.220802 -0.101083
-0.439748 -0.0554992 -0.0255728
7.85302e-05 0.0857929 0.228858
0.206303 -0.0143063 -0.242035
-0.042412 0.0529709 0.238612
0.635976 -0.270443 -0.273783
-0.608411 -0.23699 -0.0537729
-0.960249 -0.23664 0.0571979
0.638149 -0.214308 -0.319537
0.50614 0.186278 -0.156001
-0.999768 -0.113043 -0.145936
0.542902 -0.279143 0.0262986
0.229903 -0.124771 0.209866
-0.056051 -0.191493 0.150997
0.542902 -0.242193 0.173143
0.148718 0.0212798 0.0589628
-0.440429 -0.0092594 -0.242284
0.579241 -0.3766 0.0831461
-0.999768 0.0801051 -0.192401
-0.182845 0.0551359 0.238121
-0.182576 -0.241054 -0.0314641
0.542902 -0.0406554 0.269261
0.568095 -0.362652 -0.129689
-0.612051 -0.0499704 0.036877
0.542902 -0.063723 0.303436
0.832924 0.152514 -0.266988
0.327465 0.238081 0.0527065
-0.935757 -0.0127434 0.0612967
0.299392 -0.185682 0.15814
0.832924 -0.118328 -0.146403
0.697659 -0.374775 -0.0891768
0.670457 -0.0341031 -0.0503223
0.0214513 -0.233206 0.0700788
0.431394 -0.0495104 0.037511
-0.999768 0.103771 0.0369301
-0.20376 0.108055 0.219206
-0.0875431 0.132359 -0.203477
-0.656844 0.10011 -0.221026
-0.781754 0.224594 0.0953648
0.832924 0.0581991 0.193669
-0.093858 0.0708576 0.233921
0.0409365 0.0373434 0.241549
0.0482579 0.206976 0.129447
0.640728 0.214361 0.321712
0.832924 -0.17223 0.0835181
0.542902 0.185708 -0.247911
0.832924 -0.117954 0.196885
0.071443 -0.242013 0.0252076
-0.131318 0.208909 0.126282
0.165701 -0.217706 0.109466
0.783707 -0.0268808 -0.0544774
0.30913 0.218908 0.107881
0.832924 0.272698 -0.0232203
0.542902 -0.313608 -0.064128
-0.541627 -0.0654865 0.235366
-0.160333 -0.229725 0.0809014
-0.999768 0.160827 -0.120228
-0.999768 -0.121147 -0.179349
-0.372671 0.190386 0.152928
-0.94873 -0.137468 -0.199796
0.0118909 0.189055 -0.15265
0.567205 0.362706 0.13263
0.832924 0.0260206 0.248931
-0.253668 -0.143414 0.197515
-0.644658 -0.152651 -0.188491
0.542902 0.341647 -0.109275
-0.487088 -0.240878 -0.0327455
0.0893916 0.0949786 -0.223264
0.759235 0.355561 0.150848
0.00865979 -0.210395 -0.121123
0.151644 -0.12153 0.211771
0.721921 -0.291965 0.252705
-0.469207 -0.0418142 0.0461501
-0.0421779 0.0565882 -0.0241189
-0.607465 -0.0200579 0.0592481
-0.439918 0.188023 0.155838
-0.238094 0.222151 0.100973
-0.431078 0.0606638 0.0133352
-0.663521 -0.242299 -0.0202327
0.542902 0.238025 -0.123971
-0.551856 -0.0467378 -0.039081
-0.924733 0.127443 0.208502
-0.182314 0.238408 -0.0492471
0.571453 0.367782 -0.115783
0.779114 0.124397 -0.364161
-0.509471 -0.133618 -0.202382
-0.450475 0.217884 0.10995
0.602201 0.347167 -0.167439
-0.441656 -0.125122 -0.207726
0.232552 -0.172108 0.172913
0.14356 -0.149982 -0.190613
-0.979691 0.227055 0.0776118
0.24522 -0.213565 -0.115483
0.239298 -0.0589583 -0.0165531
0.127683 0.0611413 0.0107151
-0.616043 0.221338 -0.10083
-0.343182 0.197761 0.143209
0.652396 -0.382352 0.0498096
-0.223814 -0.0919076 -0.224366
0.381009 0.242083 -0.0265515
0.0440572 0.12045 0.21263
0.832924 0.253178 0.0337492
-0.618675 0.0618939 -0.000706724
0.832924 -0.0851557 -0.324778
-0.825695 -0.137483 0.201714
0.203299 -0.0343255 0.241936
0.0172214 0.201038 0.138543
0.832924 0.102103 -0.25045
0.542902 -0.229749 0.138229
0.784161 0.297468 0.246681
0.832924 0.170163 0.104568
0.754154 -0.284733 0.260862
0.570542 0.376317 -0.0843753
0.748365 -0.320093 -0.21385
0.206747 -0.236445 -0.0560817
0.129982 -0.242867 0.0141349
-0.281357 -0.239294 -0.0425992
0.240318 -0.0569671 0.0241711
-0.469964 -0.189672 0.153296
-0.999768 -0.0522889 -0.042826
0.546624 -0.0272445 0.0562277
0.832924 -0.0266374 -0.332522
-0.10115 0.126165 0.20928
-0.999768 -0.0837864 0.00725939
-0.248252 -0.0613545 0.00515672
-0.0581611 0.0150055 0.243948
-0.476956 -0.153055 -0.188164
0.674469 0.188189 0.337719
-0.550706 -0.0422401 0.0457502
-0.0484421 -0.0387992 0.241252
-0.900808 -0.232505 0.0724039
0.0628357 -0.00528223 -0.242407
0.542902 -0.354322 -0.0138214
-0.183689 0.225783 -0.0905584
0.542902 -0.185406 -0.227325
-0.769586 0.060902 -0.0101788
-0.267774 0.18564 -0.156754
-0.643128 -0.0519707 0.033903
-0.378923 -0.0600665 -0.0122452
-0.890279 -0.00852237 0.0620506
-0.831721 -0.233807 0.0680174
-0.639722 -0.134445 0.203765
-0.107772 -0.145822 -0.193803
-0.205375 0.0603405 0.0148218
0.48697 -0.243173 -0.00399946
0.0209023 0.0614213 -0.00683725
0.0883132 0.0743872 0.232821
0.384364 0.242373 0.0257986
-0.559955 0.0197077 0.0595101
0.0715175 0.17121 -0.172294
0.0979587 -0.000236922 0.0626699
0.120923 0.237546 0.0551056
0.322437 0.101204 -0.22053
-0.565937 -0.116901 -0.212448
-0.905185 0.172265 0.173176
-0.394785 -0.227665 0.0865969
0.542902 -0.241613 -0.268645
0.51394 -0.103584 -0.219232
-0.532586 0.0604144 0.0144972
0.141011 0.052538 0.238707
0.542902 -0.156452 0.279911
-0.720577 0.143278 0.197919
-0.812643 0.232828 -0.0707872
0.713841 -0.21524 -0.318912
-0.999768 0.136489 -0.0230576
-0.357278 0.107779 0.219342
-0.903219 0.158953 -0.183589
-0.992339 -0.0962224 -0.20431
-0.290877 0.0475297 -0.237825
-0.39708 0.208298 0.127293
-0.0104995 0.056951 0.237693
-0.0987357 0.209013 0.126108
-0.577003 -0.0604249 0.236726
-0.339487 0.188938 -0.152792
0.784321 -0.167932 0.348049
0.832924 0.304189 0.0267367
-0.714056 0.243608 -0.00317301
-0.834642 0.207631 -0.126457
0.0304842 0.230593 0.0795996
0.584684 0.221514 -0.31489
-0.194482 -0.228571 -0.0822156
0.512148 -0.0504087 0.239077
0.0314991 -0.0387365 -0.0468988
0.240803 -0.242717 -0.0147254
-0.0969382 0.0283107 -0.240841
0.124892 0.24258 0.0236919
0.509116 -0.0341569 0.0522157
-0.5185 0.24297 0.0190549
-0.269982 0.169529 0.175867
-0.717256 -0.105483 -0.218327
0.177347 0.165062 -0.178154
0.542902 0.345112 0.125119
0.70124 -0.384073 -0.0316894
0.518189 0.139685 -0.198551
-0.0868371 -0.0969974 0.224147
-0.524821 -0.0276431 0.242799
-0.739194 0.104737 0.220814
0.668346 -0.118608 0.367873
0.832924 -0.325965 -0.0210851
-0.809759 -0.243146 -0.00518471
0.0308187 -0.155316 0.188238
-0.43847 0.229079 -0.0819737
-0.0786991 -0.234545 -0.0634553
-0.508384 0.225829 0.0923732
-0.00527143 -0.202565 0.135658
0.254622 -0.154286 -0.18716
-0.710189 -0.208821 0.125729
-0.694187 0.184382 -0.158222
-0.332439 -0.111249 0.217383
-0.282665 0.220148 -0.103375
0.18055 0.173123 0.172315
0.292714 -0.0102235 0.244174
0.542902 0.186976 0.194042
-0.747029 -0.207521 -0.125951
-0.307633 -0.226185 -0.0885063
0.186931 0.0809178 -0.2287
-0.572858 -0.177853 0.166957
0.20658 0.0230299 -0.0563673
-0.473946 0.153643 0.189956
-0.852297 -0.24305 0.010158
-0.718292 0.0461616 0.240022
0.0562574 -0.0924587 0.22607
0.0108107 0.0307529 0.0545823
-0.559526 0.238292 0.0517235
0.376738 -0.0591418 0.0178502
-0.999768 -0.0699219 -0.106413
0.542902 0.285095 -0.13289
0.615113 0.363673 -0.128007
0.542902 0.293875 0.0736798
0.329506 -0.181827 0.162589
-0.680784 0.124012 0.210566
-0.275414 0.14358 -0.19577
-0.811097 -0.0968949 0.224192
0.832924 -0.0234936 0.132345
-0.182513 0.16021 0.18443
-0.820001 -0.0339256 -0.0504406
-0.867349 -0.0614968 0.00078002
-0.545211 -0.0600516 -0.0123131
-0.457926 0.171136 -0.172368
0.7685 0.145759 0.358113
0.607072 -0.367013 -0.116876
0.244566 0.0117765 0.0615778
-0.0133834 -0.0475611 0.0400247
-0.436232 0.0503472 0.239179
0.688629 -0.367089 0.118569
-0.720765 -0.180961 -0.161629
-0.981744 0.0938271 0.219118
-0.942631 0.0335686 -0.0509478
-0.999768 -0.113735 -0.0359799
-0.00219321 -0.00986444 0.244189
0.832924 -0.0600653 -0.242375
0.832924 0.279612 -0.123927
0.698655 -0.2714 0.274767
0.542902 0.0597539 0.34258
0.625576 -0.178985 -0.340544
-0.0611142 0.117103 0.214496
0.255417 -0.0538717 -0.236385
-0.42452 -0.017337 -0.0581947
0.702626 0.0332322 0.385216
-0.774553 -0.00800783 -0.24233
-0.404519 0.0328995 -0.240264
0.765064 0.385312 0.0218392
-0.982323 -0.000300925 0.0626694
0.158001 -0.0552319 0.0280563
0.577668 -0.350558 0.16128
-0.844348 0.174536 0.170877
0.832924 0.0945791 -0.0552672
-0.283504 -0.0424761 0.0455253
0.54043 -0.0610853 0.0080815
-0.012981 0.0787974 -0.229434
0.746909 0.101037 0.373219
0.542902 0.161087 -0.317006
-0.0333662 -0.0687392 0.23443
-0.583156 0.0360714 0.241742
0.360287 0.203177 0.135367
0.762472 0.333908 0.194317
0.0721387 -0.213284 -0.115997
-0.572151 -0.0177916 0.0599874
0.671327 0.373472 0.0979935
-0.132153 -0.0716491 0.23355
0.832924 0.194934 0.0166256
-0.945115 -0.185727 -0.156157
-0.288734 -0.199847 0.139662
-0.611394 0.0436839 -0.0428271
-0.751423 0.224648 -0.0933071
0.163743 -0.00892961 0.061991
-0.685987 0.226471 0.0907724
0.720885 -0.0538706 0.0306808
-0.11757 0.17002 0.17539
0.670885 -0.341742 -0.177384
-0.387454 0.221817 0.101712
-0.921406 0.20977 0.124837
-0.999555 -0.218332 0.0223033
0.202415 -0.216922 -0.109097
0.309269 0.222644 -0.0979432
0.71188 0.381526 -0.0568049
-0.743597 0.148315 -0.192231
0.423152 0.0327515 -0.0514639
0.44126 0.0330033 -0.24025
-0.0323011 0.16477 0.180352
0.717129 -0.0597518 -0.013607
0.101818 -0.23902 -0.0440763
-0.59658 0.237305 -0.0542243
0.502799 0.0322671 -0.240349
0.832924 -0.111164 0.0239502
0.105227 0.21742 0.110872
-0.0964674 -0.123212 0.21079
-0.95046 0.198605 0.142029
0.832924 -0.237159 -0.107528
0.399236 -0.240575 0.0367791
0.631 0.382862 0.0490951
-0.0478243 -0.097778 0.223806
0.165327 -0.0700003 0.234053
0.48783 -0.107905 0.219072
-0.102127 -0.0493252 0.0377617
0.41226 -0.0611161 0.00781068
0.832924 0.155783 -0.127027
0.656354 0.0159188 -0.058709
-0.88236 0.224383 0.095866
-0.883542 -0.0135794 0.244007
-0.215922 0.166079 -0.177213
-0.202059 0.236941 0.0576939
-0.910392 0.199231 -0.139214
-0.726554 0.051535 0.0352203
0.491702 0.000975168 0.244397
0.0974977 -0.174601 0.170379
-0.999768 0.0706465 0.205118
0.154486 0.194329 0.147857
-0.227549 -0.186236 0.157482
0.175168 0.087114 0.228357
0.108641 -0.0668278 -0.233056
-0.154758 0.13975 0.200435
0.832924 -0.0440771 -0.134043
-0.335114 0.00595585 0.24433
0.67756 0.0811266 0.378048
0.644495 -0.32781 -0.201871
0.609197 -0.384265 0.0312703
0.606654 -0.0880406 0.376399
0.542902 -0.267735 0.235136
0.195529 0.199895 -0.138267
-0.0807828 -0.236608 0.0573317
0.633695 -0.344822 0.17328
0.832924 -0.185289 0.253133
-0.81132 -0.0684194 -0.232594
0.440173 -0.216816 -0.109307
0.832924 -0.200877 0.0718745
0.542902 -0.317948 -0.146365
-0.954025 0.0788775 0.231336
-0.916887 -0.0509607 -0.0335217
-0.999768 0.0540044 0.0637182
0.336287 -0.121687 -0.209751
-0.855611 -0.0144308 -0.242028
-0.418583 -0.193569 0.148306
0.652995 -0.0613297 0.00550641
-0.999768 0.0930698 0.00165859
0.127609 0.0924667 -0.224309
-0.935788 0.0427684 0.0456468
-0.775051 0.0552276 -0.23617
0.139221 0.108141 0.219163
0.832924 0.160727 0.217404
-0.997631 0.0102456 -0.0599205
-0.293659 -0.124665 0.209929
-0.13638 -0.0605361 -0.00988305
-0.297172 0.0619119 0.00171982
0.647706 -0.0318332 0.0536997
-0.0448582 0.194797 0.147237
0.472773 -0.0837354 0.229466
0.394121 0.0727425 0.233341
0.142659 -0.238537 -0.0465739
0.605282 0.243481 0.300228
0.708491 0.0492444 -0.0364963
-0.135226 0.173399 -0.170106
0.472653 -0.237348 -0.0521941
0.832924 0.155275 -0.0658197
-0.315228 0.0617435 0.236493
-0.126299 0.0168824 -0.058447
-0.891712 0.232447 -0.0720125
-0.980493 0.206549 0.120857
-0.535409 0.15193 0.191335
0.210546 -0.111787 -0.215175
0.568845 0.148913 0.356811
-0.336067 0.230943 -0.0766369
0.648846 -0.377355 -0.0776742
-0.430171 0.204756 0.132952
-0.334251 0.0396237 0.0484438
-0.468487 0.24358 0.00648328
-0.61436 -0.164793 -0.178015
0.00336224 0.243177 -0.0140831
0.680786 -0.345599 0.171715
-0.345094 -0.235025 0.0636099
0.00871435 0.0266258 0.242961
0.482182 0.114423 -0.214012
0.415256 0.220229 0.105135
0.542902 0.0251796 0.298322
0.619709 0.37876 -0.0727851
0.30666 -0.0119496 -0.242165
-0.212593 -0.162166 0.182332
0.577071 -0.012196 -0.0594821
-0.846039 -0.037535 0.241454
-0.300184 -0.193212 -0.146846
-0.291741 0.0449187 -0.0415657
0.472306 -0.0594418 0.016758
0.685672 -0.0606686 0.381797
0.152669 0.0166949 -0.24191
-0.125117 0.148149 0.194288
0.543344 0.0546147 -0.0281528
-0.283979 0.144381 0.197114
0.610002 0.00705763 -0.0603609
0.279033 0.243479 -0.00798154
0.832924 0.262099 -0.0852731
-0.617321 -0.218112 -0.106716
-0.806867 -0.208338 0.126533
0.118515 -0.104298 0.220823
-0.394376 -0.163555 0.181079
0.690149 -0.0511703 0.0351381
0.197509 -0.0222037 0.0584571
-0.321825 0.180279 0.164778
-0.50301 -0.225664 0.0917439
-0.495655 0.0619164 0.000845337
-0.286636 -0.0237279 0.243218
-0.566902 0.163557 -0.179527
0.389863 0.223096 -0.0969198
-0.642947 -0.000126746 0.0626706
-0.575823 0.00529154 -0.0605324
-0.489042 -0.0831746 0.229672
0.648988 0.27223 0.274359
-0.400998 -0.112792 0.216581
0.542902 0.113264 0.297858
-0.529815 -0.0786883 -0.229328
-0.899207 0.0310434 -0.0524863
-0.684806 0.189119 0.154501
0.432422 0.204638 -0.131205
-0.916652 -0.176229 0.168682
0.783935 0.0318718 0.0539293
-0.596625 0.163551 0.181462
-0.733979 0.238895 0.0488078
-0.927795 0.0697627 -0.232321
-0.68629 -0.121308 -0.20997
0.777651 -0.0257727 0.0569347
0.0354833 -0.197054 -0.141678
-0.851438 -0.0671039 -0.232977
0.832924 0.036799 0.334167
0.715076 0.375496 -0.0879148
-0.923217 -0.101691 0.222044
0.542902 0.302027 0.19402
-0.639794 -0.24322 0.00230147
0.507357 -0.241725 0.0279353
-0.660141 0.177678 -0.165663
0.646287 0.0456478 0.0427154
-0.746785 0.231151 0.0779454
0.160772 -0.0737121 -0.230973
0.832924 0.138353 0.147981
-0.6962 -0.00380134 -0.242435
0.62709 0.158175 0.352798
0.0656009 0.23781 0.0539342
-0.142592 0.039838 0.241151
-0.764259 -0.241293 -0.0296361
-0.657639 0.0482645 0.0396748
-0.848455 -0.224924 0.0935626
0.704163 0.385847 0.00579025
-0.907895 -0.0953202 -0.222941
-0.0847161 0.242627 -0.0212511
-0.19231 -0.130451 0.206361
-0.785455 -0.196023 -0.143093
0.180081 0.0582592 -0.0199634
-0.300536 0.216372 0.112918
-0.444475 0.231883 0.0757112
-0.290005 -0.167529 -0.175454
0.832924 0.0947132 0.150757
-0.560812 0.243573 -0.00488153
-0.153093 0.0417214 -0.0446917
0.546173 -0.0543769 -0.38082
0.29771 -0.038915 -0.046753
0.155698 0.241772 -0.0291564
0.832924 0.0650631 -0.201851
-0.330146 0.159717 0.18486
-0.111725 -0.0120019 0.244092
0.543937 0.269708 -0.274916
0.507673 -0.142782 0.197975
0.311252 -0.0927134 0.225965
0.832924 -0.21326 0.134218
0.832924 -0.221374 -0.159963
0.584309 -0.321869 -0.211178
0.491105 -0.0293972 -0.0531754
0.542902 0.328216 -0.0354455
0.558568 -0.00229294 0.386624
-0.667511 0.0154355 0.243921
-0.44619 0.0203463 0.0592935
0.0978952 0.215883 -0.111929
0.574177 -0.136156 0.361719
-0.771436 -0.16261 -0.180004
-0.219362 0.224183 -0.0944065
0.174813 0.0169829 -0.0584187
0.0148424 0.240783 0.0381677
-0.826194 -0.238696 -0.0457683
0.832924 -0.145885 0.279834
0.278459 0.23922 0.0471605
-0.775531 -0.139278 0.200472
0.246249 0.0370758 -0.239661
0.233235 0.0916387 -0.224647
-0.756611 0.0514321 0.035374
-0.631097 -0.0868308 0.228305
0.630594 -0.0355429 -0.0493292
0.542902 -0.102115 0.250753
0.267236 0.184771 0.1597
-0.103577 -0.0261014 0.056781
0.326246 0.175259 0.170132
-0.163638 -0.221532 -0.0994867
0.832924 -0.0522461 0.189249
-0.803277 -0.0497995 0.239206
0.542902 0.0408424 -0.306238
0.832924 -0.0778693 0.154403
-0.869217 -0.0533828 -0.0296223
-0.32718 0.0698371 -0.232299
-0.167255 0.237413 0.0556843
-0.844862 -0.0378125 0.0495655
0.832924 -0.267831 -0.154492
-0.718124 -0.0484877 -0.0369336
0.832924 -0.256442 -0.0656064
-0.196698 0.195979 0.145652
-0.98247 -0.211144 0.107456
0.832924 0.249216 -0.173441
0.542902 -0.28846 0.0703322
-0.307825 0.178315 -0.164982
-0.999768 -0.0209051 -0.083994
-0.366163 -0.058234 0.237278
-0.867235 0.016894 -0.241896
0.486131 0.0595881 0.237045
0.152517 -0.00879152 0.244232
0.517917 0.228768 -0.0828266
-0.292094 0.242862 0.0204527
0.542902 0.153237 0.334346
0.357043 0.208551 -0.124947
-0.731659 -0.0222458 -0.0565112
-0.913848 -0.0374594 -0.239536
-0.17789 -0.0820076 -0.228164
-0.365774 -0.033004 -0.0510408
0.052279 0.243643 0.0007887
-0.741046 -0.241668 0.0284405
-0.914215 -0.195872 0.145227
0.832924 0.222064 -0.102674
-0.585023 -0.0404771 -0.0454283
-0.633055 -0.183216 0.16101
0.00187702 0.225156 0.0940175
0.097018 0.195916 0.145736
-0.944579 -0.111312 -0.215421
-0.974559 0.126724 -0.207011
0.617498 -0.298008 0.245517
0.0191206 0.143334 0.197879
0.67305 -0.169098 -0.345553
0.832924 -0.110315 -0.0681735
-0.999768 0.189251 -0.0641683
0.743858 -0.232599 0.308437
-0.628224 -0.223999 0.0957819
0.328891 -0.217592 0.109694
0.174681 -0.0400153 0.241052
0.324421 -0.171556 -0.171536
-0.709264 -0.156008 -0.185732
-0.372477 -0.0860129 0.228617
0.243878 -0.0356984 0.0511477
0.832924 -0.12032 0.112551
0.832924 0.301398 -0.0631247
-0.0802272 0.188885 0.154787
-0.86177 -0.150096 -0.190524
0.222938 0.128618 -0.205847
0.832924 -0.00465291 0.302891
-0.526697 -0.240502 0.0372647
-0.124043 -0.210079 0.123597
0.119915 0.157522 0.186741
0.832924 -0.164762 0.137001
-0.999768 -0.0639406 -0.188031
0.376657 -0.230283 0.0792781
-0.0358772 0.243283 0.0141959
-0.437421 -0.0614685 0.00284221
-0.266962 0.0661224 -0.233375
-0.7174 0.00841655 0.0621234
-0.292504 0.183608 0.161042
-0.106527 0.0587485 -0.0185528
-0.658733 -0.0962329 -0.222549
-0.734908 -0.148214 0.193916
0.0777998 0.122575 -0.209479
-0.718013 0.233023 -0.0701542
-0.935173 0.222772 -0.0976551
0.542902 0.277697 0.177074
0.475161 0.243608 0.00509596
0.376944 -0.218312 -0.10631
0.18491 0.238006 -0.0511205
0.358211 -0.0525703 -0.236678
-0.147844 0.0910124 0.226829
-0.384652 0.214324 -0.114858
-0.35903 0.0507903 0.0363106
0.559881 -0.202329 0.329168
0.832924 -0.171311 -0.184466
-0.295724 -0.13076 -0.204234
0.542902 0.186391 -0.334949
-0.999768 -0.176424 0.0680856
-0.576301 0.0567306 -0.235816
0.493187 0.0952669 0.225072
-0.0537136 -0.165794 -0.177087
-0.888636 0.235801 0.0622562
0.646063 -0.263888 0.282019
0.832924 -0.0613595 -0.103509
0.832924 -0.140256 -0.302346
0.0176497 -0.0601274 -0.234872
0.0963211 -0.0388394 -0.0468149
-0.456391 0.0745349 0.232774
0.832924 -0.0758637 -0.157281
-0.206217 0.0354058 0.24184
-0.443694 -0.22009 0.10454
0.542902 0.352068 -0.0678566
-0.310745 -0.0612843 -0.00415528
0.0452724 0.129799 -0.205109
0.542902 -0.184107 0.19649
-0.622592 0.113748 0.216299
0.426174 -0.233894 -0.0657839
0.698001 -0.209351 0.32473
-0.0613481 0.0740647 0.232924
-0.664281 0.0501139 -0.237298
-0.31617 0.115234 0.215509
-0.245321 0.0771666 0.231914
-0.332481 -0.134748 -0.201634
0.832924 0.222842 0.201555
-0.838835 0.154697 -0.187167
-0.128955 -0.129335 0.207067
-0.498793 -0.130596 0.206269
0.307269 0.131032 0.206258
0.491718 -0.213833 0.11692
-0.681573 0.0613159 -0.00762359
0.150219 -0.02641 -0.054705
-0.725932 -0.0180854 0.24371
-0.914978 -0.0254048 -0.0551746
0.832924 0.133138 -0.00413887
0.0502442 -0.154741 -0.186785
-0.871779 0.197476 0.143604
0.429616 0.0899014 -0.225343
-0.971589 0.19962 -0.138661
0.688629 0.281476 0.264837
-0.0242788 -0.0265847 -0.240989
-0.737238 -0.0708202 0.233805
0.32177 -0.0614934 0.00163648
-0.243875 0.00993787 -0.0599704
0.832924 0.0680851 -0.233474
-0.118259 -0.00207247 0.0626293
0.726151 0.146742 0.357711
0.483241 0.174603 -0.168879
-0.857976 0.0619042 0.00219541
-0.166063 0.112693 0.216852
-0.999768 -0.133765 0.104997
-0.999768 0.0886967 0.0676289
0.35374 -0.241779 -0.0255164
-0.999768 0.0682926 0.170495
0.33398 -0.0837894 -0.227517
-0.741535 -0.136933 -0.200161
-0.35803 -0.179436 0.165242
-0.860378 -0.227705 -0.0845609
0.0643205 0.171313 0.174122
-0.0371318 0.231939 0.0755397
0.548336 -0.369168 -0.109938
0.542902 0.201714 0.236488
-0.559227 -0.0537817 -0.236406
-0.379032 0.179475 -0.163729
-0.750805 -0.222699 -0.0968698
0.542902 0.185851 0.325082
-0.741361 0.118969 -0.211535
0.545281 -0.291958 -0.250784
0.70063 -0.00743575 0.0621961
0.832924 0.143684 0.119866
0.0784341 0.122963 0.211182
-0.349027 0.224866 0.094715
-0.442935 0.0512725 -0.0336809
-0.605189 -0.242639 -0.015902
-0.454262 -0.233437 0.0692946
0.482287 0.209075 -0.124075
0.608986 0.385811 0.00811472
0.0106717 0.183964 0.160634
0.241664 0.24082 0.0379311
-0.690546 0.138895 -0.199101
0.289795 0.175444 -0.168011
0.832924 -0.168729 -0.14039
-0.31546 -0.241317 -0.0294427
-0.173081 0.0945513 -0.223444
-0.114243 -0.209239 -0.123095
-0.538534 0.222277 0.100693
-0.399181 -0.082135 -0.228118
0.367921 0.0252399 -0.0554375
-0.528117 0.0336991 0.242083
-0.999768 0.113803 -0.153512
-0.76347 -0.0574684 -0.0209662
0.832924 -0.26965 -0.124104
0.542902 0.240011 -0.218945
-0.250196 -0.23107 0.0769224
0.651411 -0.238713 0.303711
-0.301534 0.00744589 0.24429
0.832924 -0.254307 0.0919407
-0.897185 0.0643357 -0.233871
0.682607 -0.245486 -0.296311
0.325963 0.243368 0.0125278
0.138365 -0.203436 -0.132408
0.439786 0.00968691 0.0619394
-0.692974 0.0254066 -0.0553633
-0.0872725 0.00791789 0.244276
0.092267 0.0171534 0.243808
-0.950296 -0.0903633 0.226921
0.0657379 -0.229 0.0829571
0.126631 0.187058 -0.155072
-0.207547 0.116914 -0.21267
-0.239274 0.175513 0.169868
-0.977153 -0.0471187 -0.236345
0.667801 0.382481 -0.0501016
-0.393145 0.23746 0.0554832
0.396401 -0.242545 -0.0172041
-0.429902 0.147897 0.19448
-0.999768 0.0476841 0.110679
-0.999768 -0.1756 0.0107731
0.561274 0.383403 0.044584
-0.842025 0.23824 -0.0500396
-0.963498 0.0453162 0.240183
-0.106393 -0.0966356 -0.222375
-0.921033 0.243604 0.00534217
-0.999768 0.136671 0.0297247
0.511037 0.0284418 -0.0539049
-0.940979 -0.00804431 0.244258
-0.431024 0.242454 -0.023067
0.62375 -0.118643 -0.365932
0.832924 0.0483976 0.289365
-0.781738 -0.103007 0.221433
0.542902 -0.278931 0.177842
0.725612 0.0055864 0.386595
0.542902 -0.212883 0.24685
-0.946388 -0.0535723 0.238383
0.832924 0.33303 -0.0322247
-0.932145 0.033046 0.242173
0.706081 -0.155083 -0.352056
-0.52033 -0.0425106 0.0454923
-0.205061 0.226466 0.0907866
0.112695 0.0576233 -0.0216497
0.410804 -0.13773 0.201545
0.346762 0.0107453 -0.24224
-0.845647 0.0450935 -0.238295
-0.459064 -0.00801104 0.244259
-0.597354 0.219567 0.106521
0.106867 -0.154379 0.189013
0.542902 -0.29536 0.202521
0.187238 -0.0532013 0.0318677
0.832924 -0.126946 -0.239998
0.832924 0.266074 0.0926669
0.265245 -0.0490765 0.239356
0.755373 -0.0288657 -0.0534627
-0.766176 0.0253255 0.243099
0.715272 -0.325801 -0.205084
-0.118264 -0.172717 0.172301
0.274004 0.227747 0.0874899
0.719756 0.0897945 0.376083
-0.410824 -0.193587 -0.146353
-0.051407 -0.0732076 -0.231134
-0.323885 -0.243042 0.0103546
0.832924 0.193177 -0.160583
0.102476 0.243574 0.00675206
0.511805 0.0876767 -0.226212
0.832924 -0.0088169 -0.264403
0.832924 -0.0211293 -0.184302
0.291995 0.171812 0.173628
0.00617079 -0.119412 0.21298
0.62885 -0.0485442 0.383538
0.769764 0.322383 -0.211035
-0.321953 0.212043 -0.118978
0.832924 0.0569911 -0.292235
0.078514 0.239689 -0.0427349
0.687543 0.302173 0.240877
0.0129948 0.0475366 -0.038632
0.832924 0.109938 0.2366
-0.353013 -0.136848 0.202149
-0.582427 0.0441854 -0.0423235
-0.389784 -0.201773 0.136842
-0.580802 0.214846 -0.113888
0.832924 0.203663 -0.209041
-0.84629 0.046928 -0.0393482
-0.999768 -0.0463896 0.088411
0.23595 -0.235337 0.0624262
0.268387 -0.108443 -0.216876
0.270776 0.201667 0.13762
-0.260757 0.12591 0.209433
-0.522383 0.0729446 -0.231348
0.702146 0.337484 -0.186079
0.620408 -0.149751 0.356283
0.781779 0.0873298 0.376663
-0.469394 -0.0527013 -0.0307866
-0.859345 -0.0679108 0.234673
0.542902 -0.205794 0.307185
0.130335 0.233937 -0.0670908
-0.836668 0.0104822 0.0618105
-0.123929 -0.242365 -0.0194586
-0.0297116 0.0100186 -0.0599575
0.480125 -0.232362 0.0728673
0.732408 0.0644246 0.381249
-0.853591 -0.0107538 0.244151
0.195364 0.243566 0.00707862
0.235462 -0.032869 -0.0511268
-0.798409 0.126938 -0.206881
0.396959 0.113162 0.216607
0.832924 -0.0881458 0.211412
-0.483121 -0.00349924 0.06256
-0.154675 0.242017 0.0290508
0.668305 -0.27593 0.270197
0.306488 -0.239468 -0.041628
-0.723293 -0.234951 0.0638882
0.478643 -0.132251 -0.203275
-0.990541 -0.0610903 -0.00610912
0.295771 0.239433 -0.0441136
-0.959012 0.242233 0.0271254
-0.810414 0.199077 0.141362
0.832924 0.114705 0.0819714
0.832924 0.308617 0.0712508
-0.895635 -0.209601 -0.122483
-0.774432 -0.0479717 0.239582
-0.999768 -0.119526 0.0225982
-0.110788 0.0470376 0.239852
-0.999768 0.0221607 -0.15634
0.542902 0.321093 0.139249
0.411546 0.0544304 -0.0284944
0.193567 -0.197905 -0.140493
0.614746 -0.348283 -0.164239
0.832924 0.0361553 -0.255595
0.646463 0.305177 0.237046
-0.449472 0.100862 0.222615
0.0877024 0.232583 0.0735084
0.758418 -0.343594 -0.173788
-0.100541 -0.24177 0.02753
0.318225 0.0615156 0.00798701
-0.650258 -0.0614843 0.00221913
0.564677 0.0524657 0.383076
0.391762 0.181491 -0.161506
0.832924 0.0527649 -0.12997
0.294281 0.0614964 -0.00622355
-0.0424711 0.117342 -0.212436
-0.925224 -0.229159 -0.0805821
0.722837 -0.0310829 0.385361
-0.838413 -0.13483 -0.201579
0.0343972 0.0481362 -0.237704
0.654743 0.378466 -0.0742778
0.33987 0.18751 -0.15453
-0.254154 0.242869 -0.0184285
0.484227 0.235966 -0.0596897
0.262354 0.0396855 0.241176
0.0589133 0.226099 -0.0897745
0.376412 -0.0480161 -0.037532
-0.570325 0.235107 -0.0629328
-0.564969 -0.224149 -0.0934977
0.757119 0.0592578 0.0188829
0.752816 -0.385246 -0.011818
0.600324 -0.299744 -0.241454
-0.59089 0.061728 0.00578423
-0.945861 -0.202459 -0.133888
0.287845 -0.0330463 0.0529432
-0.58478 -0.0144191 -0.242029
0.111049 0.0136897 -0.0592517
0.542902 0.070443 0.259061
0.542902 0.379802 -0.00693613
0.682866 0.315251 -0.221496
0.622531 0.0617417 -0.00367627
-0.34548 0.0104677 -0.242252
-0.529644 0.11877 -0.211646
-0.0804773 -0.0112631 -0.0596661
-0.272317 0.233284 -0.0692927
-0.655415 -0.226255 -0.0883286
-0.105721 0.0611872 0.0104237
0.374887 -0.211069 0.121882
-0.162848 0.0229802 -0.241401
0.478275 -0.0217203 0.0586432
-0.887533 -0.141094 0.199189
0.189729 -0.0578519 -0.0199296
0.0689793 0.190491 0.152796
0.832924 -0.076116 -0.186685
0.542902 0.355042 0.0857999
0.620877 0.170306 -0.345166
-0.999768 0.154581 -0.0626621
-0.999768 0.182416 0.0771157
-0.139592 0.226829 0.0898673
0.832924 -0.0243219 -0.237798
0.335791 -0.0433599 0.240467
-0.999768 -0.00641648 0.125806
0.181875 0.140298 0.20005
0.832924 -0.13928 -0.0933274
-0.181497 0.211941 0.121089
-0.47712 0.14989 -0.191013
0.727146 0.0218103 -0.0568379
-0.85314 0.0507849 0.0363184
-0.889462 -0.138658 -0.198974
0.666539 0.164743 0.349774
0.70809 -0.160875 0.35138
0.542902 -0.034339 0.299366
-0.55939 -0.0106287 0.244157
-0.408624 0.242523 0.0242869
0.542902 -0.121473 0.334791
-0.430133 -0.0258932 0.0568786
-0.336879 -0.0415059 -0.238868
0.61879 -0.332844 -0.193494
0.832924 -0.0897452 0.248804
0.542902 -0.0676339 -0.275782
0.550829 -0.0101269 -0.384564
0.149507 -0.2295 -0.0796159
0.542902 -0.310996 -0.0214674
0.542902 0.292837 0.0174096
-0.0496214 0.241497 -0.0312853
0.0741846 -0.11787 -0.211913
-0.849259 0.00665286 -0.0604047
-0.00442347 0.230064 -0.0792023
0.269917 0.105717 0.220346
0.0697124 0.242619 0.0232725
-0.532739 -0.171214 -0.171875
-0.999768 -0.00902595 0.174769
-0.187739 0.00392579 0.24437
-0.789349 -0.0373952 0.0498892
0.757039 0.371068 0.10681
0.72787 -0.247486 -0.294646
0.445338 0.242371 -0.0238912
0.0839658 -0.196098 -0.14299
-0.881437 -0.038624 0.0489196
-0.636004 -0.00704445 -0.0603142
-0.131878 0.136826 -0.200519
-0.624006 -0.240682 0.0360465
0.156396 -0.102886 -0.21956
-0.944936 0.0930047 -0.224088
-0.339716 -0.166225 -0.176684
0.658117 -0.229676 -0.3087
0.10832 0.242576 -0.021801
-0.560193 0.0213555 0.243478
0.542902 -0.0259172 0.350137
0.832924 0.162163 0.0612624
-0.501418 -0.110692 -0.215739
-0.762436 -0.0670765 -0.232985
-0.426619 -0.134412 0.203787
-0.467658 -0.104699 -0.218703
-0.466475 0.0483476 0.0395714
-0.369258 0.0321055 -0.0518594
-0.999768 0.130229 0.102342
0.694594 0.0427432 0.0456708
-0.274004 0.0156443 0.06071
0.748801 -0.365659 -0.121016
0.00743613 -0.0280204 -0.0539059
0.442105 -0.0199555 -0.0573542
-0.881123 0.242113 -0.0262836
-0.748323 -0.0262724 0.0567
-0.588129 0.240957 0.0370255
0.602179 -0.221294 0.316679
-0.0867817 0.243452 0.0106188
0.384193 0.0602276 0.0153027
0.832924 -0.0332303 0.330671
-0.40861 0.00607255 -0.242398
0.542902 0.213456 0.29456
-0.459608 0.208597 -0.12487
0.688102 -0.376763 0.0823958
0.542902 -0.272633 0.118755
0.768769 -0.113591 -0.367531
0.169145 0.120373 -0.210744
-0.185135 -0.13777 -0.199588
0.204517 -0.0649041 -0.233599
0.542902 0.242454 0.213329
0.592886 -0.242529 0.30066
0.542902 0.0420804 0.363267
0.143256 0.233345 0.0710183
-0.805576 -0.0527935 -0.0306325
-0.544037 -0.156425 0.187312
-0.313027 0.235271 0.0642564
-0.421835 0.187503 -0.154538
-0.786545 -0.0566927 0.0248361
0.593849 0.384644 -0.0298461
-0.891377 -0.238692 0.0477167
0.832924 -0.151656 0.0267506
0.586304 0.160416 -0.349854
0.105064 -0.0614641 -0.00105268
0.352945 -0.157662 0.186265
0.42839 -0.0894009 0.227305
-0.312686 0.139093 0.200893
0.589543 0.102691 -0.370838
0.542902 0.0535465 -0.261317
0.542902 0.265245 0.233047
0.306244 -0.00417777 0.0625153
-0.945058 -0.0557843 -0.0249659
-0.979211 0.170966 0.169507
0.0565727 0.219399 0.10687
0.332703 -0.0450757 0.0428808
-0.411198 0.104164 0.221086
0.226125 0.234445 -0.065319
-0.148251 -0.0996702 0.222964
-0.0474234 -0.0614394 -0.00170256
0.233627 -0.226124 0.0905915
0.414323 -0.208258 0.126667
0.753025 0.200757 -0.328459
-0.463227 -0.0568413 0.0244787
0.832924 0.31356 0.123236
0.159017 -0.0336816 -0.240098
0.58944 0.0619125 0.00167063
-0.65252 0.243234 -0.013138
-0.907591 -0.050997 0.238951
-0.804196 0.0451892 0.043209
-0.0122655 0.0498143 0.0376678
0.751943 0.0120814 0.386449
-0.678186 -0.150194 0.192377
-0.36691 0.146975 -0.193251
-0.0295187 0.184153 -0.158486
0.832924 -0.128353 -0.183252
-0.952885 0.169498 -0.173967
-0.136905 0.182992 0.161746
0.139766 -0.187783 0.155621
-0.684461 -0.241122 0.0328825
0.760113 -0.282675 -0.261171
0.832924 0.213924 -0.0473256
0.284992 0.151477 0.191695
0.489315 0.199309 0.141033
0.612177 0.0440491 0.044391
0.627599 0.31453 -0.222513
0.438937 0.0789656 0.231306
-0.0949955 0.0459472 -0.0404576
0.832924 0.0116995 -0.213056
0.832924 -0.299598 -0.0391094
0.611514 -0.123616 0.366213
-0.407012 0.230587 0.0796162
0.832924 -0.148184 0.0713746
-0.226829 0.0991765 -0.221443
-0.965693 -0.0305421 -0.0525334
-0.0873252 0.17083 0.174598
0.723554 -0.249512 0.294867
-0.602857 -0.193118 -0.146968
0.335892 -0.190061 -0.15088
-0.533967 0.0698329 0.234229
0.329312 0.228802 0.0846638
-0.00471913 -0.13998 -0.198049
-0.41984 -0.0453909 -0.0406082
-0.248626 0.0587927 -0.0184198
-0.789879 0.0526801 0.238676
0.138055 -0.0657675 0.235287
0.564128 0.384129 -0.0357132
0.380969 0.105176 -0.218675
0.331994 0.0757932 -0.230437
-0.236416 -0.147086 -0.192849
0.542902 -0.152765 0.328231
-0.454893 0.0611005 -0.0090372
0.613162 -0.385439 0.0047168
-0.739787 -0.22735 0.0874307
0.832924 0.084661 0.249072
-0.0205018 0.240821 0.0379271
-0.493732 -0.061484 -0.000303386
-0.539411 -0.228663 0.0838936
0.542902 0.0122407 0.268642
-0.65404 0.00196797 -0.242462
-0.855495 0.231742 -0.0742191
0.270744 -0.232866 -0.0692893
0.555847 0.230465 -0.308425
-0.999768 0.0815732 0.123042
0.458114 0.0152915 -0.0588706
-0.0612931 0.242208 0.0273589
-0.111511 -0.196848 0.143891
-0.403234 0.135152 0.203574
-0.0322 0.0263769 -0.241058
0.301744 0.206379 0.130402
-0.381315 -0.115237 -0.213353
0.279613 0.226666 -0.0883513
-0.29424 0.22725 0.0887854
-0.431422 -0.0882536 0.227755
-0.66341 0.233823 -0.0674785
0.832924 -0.0969326 0.322195
0.0157989 -0.11785 -0.211924
0.588035 -0.262469 -0.281416
0.832924 0.0861695 0.192938
0.832924 -0.134499 -0.0240691
0.232719 0.060827 0.23673
0.726859 0.373271 0.0987649
-0.999768 0.0332743 0.154316
0.832924 0.245831 0.185174
0.203692 -0.16356 -0.179145
0.243213 -0.233196 -0.068185
-0.268827 0.231961 0.0754694
0.750552 0.223268 0.315582
0.832924 0.11799 -0.228745
0.217827 -0.187846 -0.153614
-0.0772177 0.236247 0.0605164
-0.0678005 0.152061 0.19123
0.0662245 0.00479868 -0.0605712
-0.873944 0.168201 -0.175213
-0.41166 0.229952 -0.0795231
-0.795627 0.243099 -0.0153062
-0.402864 0.240885 -0.0355772
0.542902 -0.166087 0.254974
0.832924 -0.238962 0.115092
0.832924 -0.0382625 0.277108
0.570169 0.184526 -0.337808
0.380825 -0.172937 -0.17015
-0.646548 0.186844 0.157257
-0.424038 -0.0328754 -0.24021
-0.257297 -0.212331 0.119651
0.0704765 -0.033587 -0.240111
0.678249 -0.198485 -0.32958
-0.51105 0.0852238 0.229071
-0.131501 -0.236806 -0.0545638
-0.785685 -0.11457 -0.213711
-0.198137 -0.0171358 0.0601835
-0.783067 0.234348 0.0675897
-0.742762 -0.232601 -0.0701604
0.542902 -0.128878 -0.275108
0.262304 0.0561629 0.0269833
0.196607 -0.028913 -0.0534374
-0.81894 0.0343142 -0.240068
0.713081 -0.352273 -0.155546
-0.482408 -0.181162 -0.161405
-0.0906775 -0.1653 0.179476
0.832924 -0.196116 0.0257322
-0.522903 0.024987 -0.241204
0.375598 0.0744607 -0.230868
0.70984 -0.306898 0.234255
0.542902 0.234844 -0.260431
0.832924 0.155842 0.271813
-0.873289 -0.107919 0.219065
-0.726927 0.209895 -0.122696
-0.999768 -0.0948528 -0.0886724
0.389708 -0.027994 0.242759
-0.933126 0.0591426 -0.0173285
-0.410385 0.0653038 0.235534
-0.21309 -0.0043125 -0.242427
-0.00614234 -0.216287 0.112269
0.70918 0.214403 0.321684
0.304185 0.0450683 0.0433374
-0.62794 0.0504126 0.239165
-0.217777 0.0873642 0.228262
0.542902 -0.0896173 0.297533
-0.422554 0.172425 0.173016
0.573649 0.300969 -0.240454
-0.494292 -0.0609966 -0.234648
-0.837358 0.235406 0.0637546
-0.618386 0.0765768 -0.23018
0.832924 0.108046 -0.175751
-0.178766 0.0365249 -0.0489245
0.415225 0.15676 0.187383
-0.218913 0.0714514 -0.231811
-0.365372 -0.218301 -0.106334
0.714488 0.168489 0.347983
0.664103 -0.363885 0.128144
0.756179 0.334336 -0.191646
0.396195 0.0036939 -0.242444
0.034427 0.166176 0.179052
-0.999768 0.108279 -0.067348
-0.999768 0.186561 0.0472097
0.832924 -0.333053 0.0360251
-0.0332212 0.20815 0.127537
-0.601441 -0.237759 0.0522555
0.832924 -0.272184 0.0481621
0.149361 0.0815362 0.230411
0.832924 0.114585 0.292187
-0.999768 -0.137438 0.167473
0.445084 0.190102 -0.151352
0.678777 0.371959 -0.101708
-0.509591 -0.00346855 0.0625618
0.199326 0.219453 0.106758
0.725787 0.264235 -0.280159
0.0967971 -0.123381 0.210691
-0.00698081 0.00316745 0.0626006
0.363941 0.0540347 0.0311408
-0.335662 -0.000899648 -0.0607321
-0.158526 -0.0286184 -0.240756
0.775704 -0.0632734 -0.379442
-0.907695 -0.243183 0.00541844
0.304464 -0.205888 -0.128586
-0.0478822 -0.147441 0.194508
0.249736 0.0144897 0.243979
0.374635 0.165516 0.179665
0.556701 0.264706 0.281644
0.393394 0.192767 0.149899
0.450617 -0.199738 0.139819
0.192967 -0.229463 -0.0797211
-0.769826 0.242557 0.0239317
-0.515808 0.152818 -0.188694
-0.15765 0.061801 -0.00280874
0.832924 -0.0129359 -0.158646
0.743683 0.276259 0.270291
0.832924 0.168167 0.163212
0.732969 0.356211 0.149296
-0.140571 0.055619 -0.026193
-0.0464151 0.0493633 0.0382697
-0.32736 0.0618765 -0.00125662
0.653065 0.0209432 -0.384145
-0.835302 0.0810318 -0.22866
-0.993314 -0.0295654 0.0550126
-0.374302 0.166945 0.178332
-0.427695 0.148952 -0.191741
-0.778354 -0.0102891 -0.0598423
0.577986 -0.350127 -0.160291
0.748325 0.126097 0.365508
0.565795 -0.384525 0.0277749
-0.743882 0.183029 0.161704
-0.330088 0.243308 -0.011807
0.670776 0.164511 -0.347954
-0.372973 -0.16456 -0.17823
0.0378954 0.237481 0.0553892
0.413082 0.233904 -0.0672015
0.459051 0.222071 0.101151
-0.892532 0.0835967 0.229671
-0.663867 0.243268 0.0144727
0.832924 0.199377 0.148828
0.542902 0.292685 -0.201573
-0.828235 -0.115203 0.2153
0.0346163 -0.0603066 0.0130271
0.487004 0.142283 0.198638
-0.999768 -0.0371115 -0.1364
0.832924 0.248407 -0.00956433
0.206873 -0.113929 0.215981
-0.861849 0.157879 0.186437
0.46946 0.0168758 0.243827
0.646275 0.326562 -0.204543
-0.0611286 -0.017691 0.060018
0.626702 0.052486 -0.0318212
-0.711439 -0.0520511 -0.236793
-0.999768 0.00610729 0.0826282
-0.0306181 0.224675 -0.0932435
0.542902 -0.31416 -0.120489
-0.696112 0.059683 0.237021
-0.728995 0.214227 0.116965
0.542902 -0.256538 -0.218248
-0.824834 0.193936 -0.146446
0.542902 0.152264 -0.289005
-0.887717 -0.18316 -0.159145
-0.528751 0.205944 -0.129163
-0.166903 0.18741 -0.154649
-0.849623 -0.203874 -0.131737
0.542902 0.328427 0.169855
0.832924 -0.0903861 -0.22153
0.542902 -0.0672479 0.334159
0.832924 0.163143 -0.00869415
-0.457302 0.0125127 -0.242157
-0.817938 -0.173242 -0.16984
0.0217451 0.24334 0.01311
-0.999768 0.033371 0.0824632
-0.099201 0.239519 -0.043654
-0.325771 -0.215899 -0.111091
-0.467053 -0.0155593 -0.241957
-0.234454 -0.0476806 -0.0379485
0.301924 0.201808 -0.135483
0.143589 0.124914 -0.208101
0.665834 -0.304924 0.236831
-0.976489 0.240993 -0.0290461
0.0809456 -0.214657 0.115384
-0.279501 -0.00803573 -0.242329
0.00223985 -0.24034 0.0383252
-0.48963 -0.240331 0.0383798
-0.318662 -0.0773257 0.23172
0.542902 -0.140686 0.228706
0.542902 0.257998 -0.0741191
0.542902 -0.315231 0.0824673
-0.4851 0.0716624 0.233675
0.725928 -0.184763 0.339379
-0.237142 -0.122834 0.211012
0.115236 -0.0284268 -0.240778
-0.195469 0.050768 -0.0344131
-0.532718 0.228677 -0.083073
0.231436 -0.238956 -0.0444165
0.280178 -0.234237 0.0664969
0.572765 -0.384677 -0.0235609
-0.215358 0.130635 0.20651
-0.999768 -0.0907709 -0.0541542
0.63116 0.130734 -0.361944
-0.608578 0.0307038 0.242481
-0.999768 0.145192 0.069731
-0.999768 -0.0846842 0.180498
0.494398 -0.0130231 -0.242109
-0.3512 0.0551823 -0.0270663
-0.956214 0.0468656 -0.237956
-0.477319 -0.242944 0.0126206
-0.663605 -0.015736 0.0605757
-0.14192 -0.059474 0.0166357
-0.47633 -0.0166859 -0.0583839
-0.513251 0.165517 0.179663
0.42677 0.170658 -0.172837
0.0701907 -0.0459375 -0.0400007
-0.245684 0.210821 0.12304
0.751417 0.301567 -0.239708
-0.144724 -0.00333083 -0.0606404
-0.624613 -0.0257577 0.243009
-0.595499 -0.126535 -0.20687
-0.999768 -0.123914 -0.095535
0.686092 0.239114 0.303726
0.265569 -0.221178 0.102194
-0.80893 -0.100977 -0.220442
0.784789 -0.00124928 -0.0607248
-0.241342 -0.196691 -0.142178
-0.999768 -0.162227 0.0436506
-0.472735 0.017584 0.243777
-0.774539 -0.238429 0.0490405
-0.0312602 -0.0396753 -0.0461193
-0.461836 -0.227098 -0.0861624
-0.630128 0.144975 0.196676
0.105729 -0.243205 0.00394233
0.278735 -0.195346 0.145939
0.129588 0.240706 -0.0367356
0.181206 -0.242953 -0.0105057
-0.691556 -0.0837901 0.229446
0.0938705 -0.233235 -0.0680526
0.542902 0.00832015 -0.360685
0.758606 0.0437276 0.384169
-0.275645 -0.216708 -0.109519
-0.5151 0.234619 -0.064703
-0.857113 0.0403761 0.241061
-0.61091 0.205906 0.131152
-0.753889 -0.016554 0.24382
0.832924 -0.290446 -0.107028
0.346847 -0.0753704 0.232368
-0.209917 -0.0167184 -0.0583747
-0.407752 0.0828563 -0.22801
0.832924 0.0664436 -0.102479
0.491814 0.0619133 0.000332704
0.21203 0.100487 0.222785
-0.0786728 -0.18839 -0.15295
-0.969515 -0.128086 0.207847
0.732168 0.0203844 0.0592804
-0.813288 -0.0433988 -0.238531
0.363209 0.231501 -0.0749565
-0.688652 -0.208854 -0.123744
-0.137555 0.108355 -0.217128
-0.29606 0.00248989 0.0626294
0.118994 -0.0299242 0.242526
0.542902 0.204767 -0.299848
-0.301887 0.240908 -0.0354248
0.00136155 -0.168046 0.17689
-0.470631 0.188272 0.155536
0.832924 0.292068 -0.167223
-0.758569 0.240852 -0.035793
-0.999768 0.085753 -0.0516936
-0.958481 -0.201185 0.137713
-0.527552 0.239997 0.0429379
0.623557 0.089408 0.376175
0.621144 -0.259244 0.286312
0.616592 -0.225794 -0.311544
-0.548024 0.17299 0.172449
-0.488305 -0.149751 0.192724
-0.808988 -0.0605065 0.0119767
0.0935011 0.14442 -0.195156
-0.529278 0.0460471 -0.040347
0.542902 -0.226235 -0.148463
-0.999768 -0.0186266 -0.184169
-0.384981 -0.0470024 0.0406981
0.215077 0.18714 0.156903
0.764381 0.370028 -0.108459
-0.485178 -0.0540636 0.238271
0.620526 0.346414 0.170913
-0.289101 0.0184913 -0.0579718
0.542902 -0.27886 -0.0832056
-0.116205 0.201999 -0.1352
-0.758657 0.0354546 -0.239904
0.613987 -0.180987 0.341416
0.367236 -0.195999 0.145054
-0.381717 0.0614885 -0.00629044
-0.85269 0.217765 -0.108258
0.761236 -0.0545496 0.0294103
-0.394912 -0.0466747 -0.237911
0.832924 0.12293 -0.0876599
-0.0884716 0.221704 0.10196
-0.729565 0.00766242 -0.0602903
-0.840381 -0.111381 -0.215385
0.319309 -0.231122 0.0767618
-0.0690718 0.045358 -0.041099
-0.339971 0.146954 -0.193267
-0.603475 0.155928 -0.186149
-0.999768 -0.0487365 -0.0830806
0.5573 0.0932665 0.375237
0.27242 0.133738 -0.202579
0.0362322 0.23885 -0.047106
0.832924 -0.195897 -0.238241
0.229961 0.0116838 -0.0596659
-0.362653 0.239256 0.0469704
0.189437 0.222797 -0.0975976
0.273185 0.0353506 -0.0497585
0.744821 -0.0948837 -0.372795
-0.589083 -0.158059 -0.183996
0.542902 -0.348422 -0.0650483
0.674449 0.133193 0.36298
0.764969 -0.314372 0.224073
-0.168846 0.242719 -0.0202219
-0.986295 0.0758579 -0.219245
0.542902 -0.0890241 0.353337
-0.657451 -0.0516206 -0.236887
-0.331188 -0.232818 -0.0694461
-0.999768 0.18767 -0.00182846
-0.801395 -0.0026487 0.244381
0.105509 -0.22054 -0.101647
-0.0463077 -0.213467 -0.115662
-0.181433 -0.0932251 0.225753
-0.350305 0.241869 -0.0283715
0.405788 -0.198439 -0.139743
-0.466888 -0.201583 -0.135195
-0.342483 -0.0545718 0.0293675
-0.776347 -0.237448 -0.0517463
-0.0780815 -0.240735 -0.033754
0.286316 -0.0535667 -0.0292978
-0.185867 0.061777 -0.00318267
-0.659321 -0.23666 0.0571097
-0.363071 0.194864 -0.145218
-0.365559 0.0703962 -0.232131
-0.0959257 0.0994965 -0.221301
0.418778 0.242707 -0.0203594
-0.155899 0.0653217 0.235529
0.832924 0.201754 -0.253204
-0.213818 -0.168916 -0.174124
0.542902 0.148211 0.245676
0.542902 0.0993833 -0.368632
0.494096 0.0186383 0.0598554
0.553095 0.233368 0.308172
0.832924 -0.0369151 -0.288124
0.542902 0.14325 -0.34349
-0.199715 -0.201258 -0.135675
0.238303 0.229371 0.083091
-0.890796 0.208173 -0.12557
-0.0340478 0.243333 -0.011316
-0.226315 -0.0495823 0.0374131
-0.955607 0.0618549 -0.00179231
0.421647 0.207759 0.128178
-0.529258 0.198623 0.142004
0.649845 0.0702656 0.380216
0.517435 0.0476015 -0.0385542
0.66635 -0.361198 -0.133659
0.542902 -0.302254 0.0158437
0.832924 -0.164404 -0.0674758
-0.861378 0.211434 0.121977
0.542902 0.260197 0.069649
0.542902 0.232282 0.142043
-0.698903 0.0468095 -0.237967
0.436404 -0.242671 -0.0154243
-0.999768 -0.0990782 0.147431
-0.708315 0.0591134 0.0193519
0.25466 -0.0906082 0.226823
-0.859084 0.0683517 -0.232737
0.784196 0.059794 0.382002
0.832924 0.316306 -0.0955592
-0.999768 -0.0147084 -0.158028
0.752687 0.0574727 -0.0220282
-0.607788 0.188067 -0.153855
0.599825 0.0366588 -0.0488268
0.832924 -0.232802 -0.0746369
0.493929 -0.160474 -0.181903
0.779903 -0.0772465 0.378774
0.12316 -0.01655 -0.0584225
0.633556 -0.220433 0.317281
-0.675514 0.239569 -0.0433865
0.613877 -0.261554 -0.282265
0.672533 -0.038551 0.0489786
0.832924 -0.204546 -0.190709
-0.650345 -0.218418 0.108025
0.479241 -0.228369 -0.0827701
0.832924 0.297764 -0.00640622
0.725397 0.33255 0.196642
0.547196 -0.245043 0.298606
0.763396 -0.15508 0.353987
0.22968 0.153205 0.190311
-0.839909 0.242233 -0.0251952
0.0516285 -0.197181 0.143431
0.567821 -0.31148 0.228097
0.542902 0.240093 -0.166053
-0.999768 -0.157959 -0.131708
0.542902 -0.210193 -0.20061
0.264184 -0.0595388 0.0163869
-0.497966 0.0551882 -0.0270548
-0.889293 0.0167931 0.243833
0.542902 -0.230554 -0.244193
-0.880488 0.0150514 0.0608601
0.832924 0.0256775 -0.123058
0.832924 -0.20832 -0.0370801
0.3959 -0.0214092 -0.056831
-0.186915 0.0086187 0.0620959
-0.3811 0.243642 0.00041241
0.832924 -0.0452195 -0.19172
0.603304 -0.380512 0.0625317
-0.813419 0.164054 0.181006
-0.645839 0.140395 -0.198053
0.448608 0.10299 0.221636
-0.441122 -0.0661313 -0.233254
-0.216514 -0.0842036 0.229294
-0.183239 0.0722593 -0.231562
0.681043 0.0105791 0.061794
0.217171 -0.0758332 0.232216
-0.966077 -0.234069 -0.065164
0.7083 0.0220868 -0.384082
0.0387847 -0.226782 0.0889121
0.0432103 -0.00595624 -0.0604332
0.00014304 0.210887 0.122927
0.337819 -0.123999 0.210325
0.832924 -0.213228 0.16092
0.190426 -0.154864 0.188613
-0.887699 -0.108906 -0.216644
0.270146 0.0618668 0.00344202
-0.760041 0.102291 -0.220031
0.690829 -0.000248014 -0.384702
0.640047 0.364671 -0.125159
0.454172 0.238801 -0.0473458
0.691939 -0.0432383 -0.382248
0.389374 -0.126752 0.208668
0.617618 0.364952 0.126273
0.558758 0.289033 0.256543
0.542902 0.101789 0.249371
0.652117 -0.377274 0.0799935
-0.872248 0.243314 0.013618
0.832924 0.226866 0.143175
0.601848 0.307581 0.233907
0.542902 -0.236649 -0.195905
-0.380318 -0.0498579 -0.035104
-0.580859 0.0556995 0.0279576
-0.22693 -0.232749 -0.0696754
-0.590424 -0.161648 0.182794
-0.693061 0.221299 -0.100915
-0.999768 -0.2109 -0.0301355
-0.993332 -0.109466 0.198343
0.348328 0.103755 0.221279
0.157116 -0.175805 0.169127
-0.0644097 -0.0498339 -0.0351374
-0.792329 -0.173486 0.171521
-0.207702 -0.223903 0.0960077
-0.999768 0.121314 -0.105432
0.683956 0.382928 0.0485709
0.661077 0.332427 0.19685
-0.247257 0.00517125 0.0624717
-0.129909 0.225899 -0.090271
-0.580696 -0.0687371 -0.232501
0.542902 -0.325419 0.154486
-0.936312 0.210072 -0.122395
-0.706049 0.238749 0.0495339
-0.999768 -0.103648 0.106004
-0.286635 0.199299 -0.139119
-0.941125 -0.14099 0.199264
-0.606477 -0.228845 0.0833893
0.530577 0.020152 0.0593602
0.298981 -0.0607517 -0.00859718
-0.550624 0.240666 -0.0369879
0.832924 0.278 0.0366317
0.373345 -0.232161 -0.0715845
-0.517258 -0.177432 0.167408
-0.0576984 0.219325 0.107022
-0.783159 0.20599 -0.12909
-0.696568 -0.0602308 0.0134012
-0.297114 -0.242409 0.0208668
0.596665 -0.375935 -0.0842094
0.832924 0.155628 -0.18965
-0.999768 -0.0707287 0.0296283
-0.654022 0.155392 0.188524
0.238864 0.209963 0.124509
-0.894798 0.191686 0.151287
-0.345758 0.2193 -0.105145
0.246995 0.220545 -0.102534
0.255785 0.0539273 -0.0294022
-0.999768 -0.167774 -0.0269169
-0.999768 -0.169728 -0.0988332
0.015003 -0.0348171 -0.239935
-0.191092 0.243598 0.00562201
0.542902 -0.132193 -0.300297
0.542902 0.00633111 -0.31326
0.322014 0.0151337 -0.0589102
-0.910867 -0.241479 0.0300597
0.69231 -0.112166 0.369897
-0.22709 -0.211752 0.120681
0.10242 -0.0268419 0.0564259
0.434098 -0.00595073 0.24432
0.0426138 0.00920639 -0.242302
0.832924 0.220448 0.0321361
-0.116953 -0.0289314 -0.0534276
-0.869862 -0.211395 -0.119382
0.832924 -0.103031 -0.284721
-0.384987 -0.0126357 -0.0593902
-0.407148 0.206642 -0.128053
-0.999768 -0.0579012 0.134717
0.752464 0.0218169 -0.0568354
0.766276 0.308955 0.232083
-0.279699 0.242938 -0.0175526
-0.116476 -0.17826 -0.16459
-0.695506 0.20303 0.135589
-0.263889 0.0420918 -0.238839
0.832924 0.175007 -0.0316095
-0.739269 -0.0153029 -0.241974
-0.15992 0.043671 0.0447694
-0.369946 4.96628e-05 0.244398
-0.306673 0.0490282 0.0387071
-0.17975 -0.0553602 0.0277922
-0.969179 0.221755 0.101847
0.376192 0.243622 -0.00222679
0.603897 0.00481136 0.0624997
0.564748 -0.335772 -0.188391
0.760965 -0.0338117 0.385129
-0.718733 0.224054 0.0966385
0.34884 -0.141203 -0.197182
-0.999768 -0.202981 0.0659914
-0.857522 -0.240408 0.0378802
-0.161248 -0.0330776 0.0529232
0.446446 0.224414 -0.0938632
-0.998134 0.0338234 -0.0507832
0.0904012 -0.180448 -0.162199
-0.790463 -0.150475 -0.190226
-0.595828 -0.059685 0.0158089
0.493099 -0.158494 0.185553
0.417838 0.236208 0.06067
-0.893009 -0.239944 -0.0388605
-0.0233536 -0.167072 0.177817
0.499422 -0.182752 0.161541
-0.14338 -0.0135566 0.0611163
0.227986 -0.0326835 0.242165
-0.643744 0.23646 0.0596642
-0.289813 -0.0461226 -0.0397912
-0.362458 -0.241268 -0.0298304
-0.338055 -0.223395 0.0971973
-0.278171 -0.201985 -0.134598
-0.662624 -0.165472 -0.177387
0.281831 -0.0623868 -0.234283
0.832924 -0.208699 -0.0644265
-0.82699 -0.200587 0.138589
-0.999768 -0.0791273 0.0627255
0.46311 0.147318 0.194921
-0.265075 -0.163416 -0.179275
-0.729889 -0.0426924 0.0453172
-0.832183 0.12997 0.206931
-0.782961 -0.222388 -0.0975751
-0.112906 0.2387 0.0497709
-0.719245 0.0217402 0.243444
-0.164037 -0.238345 -0.0475245
-0.973533 0.0255213 0.0572413
0.542902 -0.325527 -0.182084
-0.622599 0.0213305 -0.241551
-0.631786 0.049083 0.0386361
-0.273567 -0.242727 -0.0145681
-0.779878 0.146183 -0.193847
-0.907676 0.226123 -0.0897167
-0.401814 0.0526854 -0.0315012
-0.0262452 0.0615717 -0.00554946
0.0792723 0.223477 0.0979768
0.832924 -0.0858743 -0.100892
0.413801 -0.0416589 -0.238841
-0.917632 -0.133623 0.204308
-0.999768 -0.13192 -0.127994
-0.197748 -0.0613227 -0.00367015
-0.662922 -0.0418139 -0.0442209
0.458983 -0.115366 -0.213283
-0.835034 0.0847477 0.229248
0.832924 -0.307753 0.0734609
-0.0715706 -0.216059 -0.110783
0.388996 0.0306362 0.0546486
0.333262 -0.218874 -0.105158
-0.141243 0.0154156 0.243923
-0.126737 -0.240785 0.0353332
-0.377502 -0.0113407 -0.242194
-0.999768 0.0888595 -0.0272776
-0.536748 -0.102158 0.221828
-0.219332 0.0082043 -0.060222
-0.912263 -0.225191 0.0929113
0.268413 -0.0204184 -0.241593
-0.0139314 -0.242881 -0.0119451
-0.363696 -0.229178 0.0824571
-0.0158194 0.182323 0.162502
0.610799 0.28853 -0.255181
-0.092262 -0.0614182 0.00408322
0.44328 -0.173584 0.171421
0.426411 0.177864 0.167395
-0.193687 -0.0426153 -0.238672
0.832924 -0.268787 0.145844
-0.207842 0.2397 -0.0426741
0.0399006 0.0843867 -0.227452
0.832924 0.278879 0.137592
-0.999768 0.0137078 -0.119419
-0.715556 0.0718054 -0.231702
-0.500006 0.110027 0.21822
0.596747 -0.060115 0.0139516
0.243235 -0.20079 -0.136362
0.25062 0.236892 -0.0559661
0.782575 -0.257628 0.287773
-0.963168 -0.0612901 -0.00408539
0.629196 0.061416 -0.379815
-0.668144 0.150251 -0.190732
0.339088 0.0339575 -0.240118
0.291042 0.0240618 -0.241297
0.704234 -0.0685675 -0.378521
-0.745633 0.0768471 -0.23009
0.28845 -0.00906322 -0.0600413
-0.762956 0.166459 0.178788
-0.560935 0.102364 0.221927
-0.920575 0.11241 -0.21507
0.746263 -0.059029 -0.0163125
-0.758774 -0.027246 -0.0542975
0.617186 0.257281 -0.286531
0.0738962 0.050688 -0.237177
0.542902 -0.227762 0.193794
-0.384107 0.0370306 0.241597
-0.920617 0.00723845 -0.242367
-0.751002 0.0795894 0.231092
-0.445909 0.0841622 -0.227534
-0.602985 0.0326311 0.0534679
0.832924 -0.247725 0.1655
0.108971 0.00216921 -0.242461
-0.796275 0.0697046 -0.232338
0.200981 -0.039565 -0.239197
0.416973 -0.088843 -0.225595
0.542902 -0.176047 -0.271224
0.724341 -0.384035 0.0340608
0.542902 -0.358026 0.0551593
0.735079 -0.343252 0.176389
0.542902 0.286223 -0.252925
-0.646847 -0.0691556 0.234306
0.779353 0.149905 -0.354466
0.494935 0.24318 -0.0140346
0.567194 0.385551 0.0168204
0.430217 0.00863916 -0.242323
0.1928 -0.133921 -0.202182
0.590626 0.350295 0.162766
0.542902 0.0825165 0.297535
-0.145468 -0.146655 0.195105
0.627383 -0.382646 0.0474495
0.766217 0.380164 0.0670995
-0.714399 0.167768 0.177555
0.650299 -0.10243 0.372723
0.0455332 -0.063964 -0.233858
-0.858802 -0.169974 -0.173096
-0.168447 -0.153445 -0.187848
-0.8192 0.212742 0.119666
-0.438442 0.215025 -0.113552
0.0469589 -0.241066 0.0333007
-0.895739 0.238509 -0.0487657
0.103813 -0.11925 -0.211142
-0.518373 -0.196973 -0.141789
0.180457 -0.226374 0.0899579
-0.0505372 0.045529 -0.238213
-0.297049 -0.225378 0.0924517
-0.274912 0.0380249 0.0497268
-0.521004 0.239883 -0.0416553
0.832924 -0.233875 -0.210518
0.465711 0.20264 0.136175
0.766919 0.282954 0.263253
-0.555233 -0.189676 0.153291
0.472103 -0.238228 0.0500269
0.832924 0.0809642 0.0762042
-0.206776 -0.0472759 0.239722
-0.534829 0.187687 -0.154315
0.205142 0.0108444 0.244166
-0.524516 -0.0819306 0.230121
-0.999768 -0.0901251 -0.137293
-0.00406361 0.00371193 -0.0606426
0.832924 -0.0185974 0.159298
0.619289 0.373225 0.0989407
-0.208913 -0.127098 -0.206526
-0.343706 -0.0644082 -0.233736
0.54338 -0.261956 -0.281893
-0.518537 -0.061206 0.00695059
0.773585 -0.385458 0.000748503
-0.659501 -0.205496 0.131138
-0.653797 -0.0389863 0.241222
-0.999768 0.153196 -0.14564
0.832924 0.24884 -0.0582674
-0.999768 0.0372345 -0.19163
0.486883 0.155974 -0.18611
-0.478734 0.130093 -0.204924
-0.0182078 -0.188994 -0.152207
-0.607075 0.179203 0.165954
-0.359642 0.0828535 0.22994
-0.491754 -0.243017 -0.00906621
0.690154 -0.237647 0.304549
-0.0768296 -0.198915 0.140997
0.782617 0.101062 -0.371283
-0.822768 0.169573 -0.173894
0.726091 -0.1368 -0.359546
0.4842 -0.0473049 -0.0384064
0.0821374 0.0137786 -0.24209
-0.433202 0.241335 0.0344065
0.373803 0.236816 0.0582113
-0.772476 0.115917 0.215141
0.699917 0.127547 0.365004
0.329362 0.140743 0.199736
0.677192 0.267795 -0.276772
0.179206 -0.2406 -0.0346817
-0.435261 -0.242409 -0.0189349
-0.0420072 -0.242803 0.0152751
0.623344 -0.0650965 -0.379133
-0.390706 0.225578 -0.0910621
-0.38349 -0.191141 -0.149517
-0.635034 -0.0476203 -0.0380227
-0.476029 -0.236451 0.0579864
-0.45119 -0.146073 -0.193615
-0.235998 0.0520404 0.0344507
-0.398792 -0.240002 0.0404356
-0.994783 0.0479947 0.0400073
0.604942 0.0204602 0.3861
0.544539 -0.161546 -0.349141
0.832924 0.064931 -0.150842
-0.484614 0.05305 -0.236665
0.288857 -0.096833 -0.22229
0.652575 -0.351256 -0.157815
0.832924 -0.00889855 -0.110352
0.0649258 -0.060605 -0.00949
0.589492 0.0282083 -0.383685
0.650889 -0.045333 -0.0406716
-0.183201 0.00441835 -0.242432
0.0531832 -0.148244 0.193893
-0.768253 -0.179596 -0.163138
0.832924 0.24545 -0.226801
-0.439382 0.119067 -0.21148
-0.999768 0.0708868 0.0110918
-0.34697 0.242037 0.0288812
0.599385 -0.0257558 0.385757
0.432071 -0.226142 -0.0886145
0.665589 0.0241558 0.385888
0.00861478 -0.164185 -0.178574
0.542902 -0.070376 -0.361797
0.542902 -0.114161 0.303008
0.542902 -0.285417 0.153286
0.832924 -0.128364 0.254656
-0.971163 -0.100755 -0.220544
-0.581433 0.133754 0.204497
0.254344 -0.0509397 -0.0335528
-0.999768 -0.025738 0.206705
0.832924 -0.105189 -0.126233
-0.978324 0.0552527 -0.233472
0.15365 -0.0603543 -0.0108559
-0.565879 -0.185559 -0.156355
-0.405706 0.0529466 0.0330046
0.832924 -0.324925 -0.0797412
0.542902 0.207193 -0.216282
0.327926 0.12299 -0.209237
-0.566443 0.232428 0.0740019
-0.551025 -0.240706 0.0358812
0.16844 0.235037 0.0651213
-0.123889 -0.0107908 -0.24222
-0.719959 -0.241917 -0.0242243
-0.790521 -0.196129 0.144878
0.48613 -0.0860901 -0.226658
0.703795 -0.0912591 0.375628
-0.770489 0.0134694 0.0612301
0.703881 0.0612014 0.0103321
0.832924 0.200556 0.237403
0.547584 0.377819 -0.0774588
-0.665847 0.0356931 -0.0495195
0.402044 0.240286 -0.0393248
0.515576 0.00729487 0.244295
0.832924 -0.305935 0.0145855
0.606325 0.00555377 -0.384666
-0.696131 -0.235909 -0.0582612
0.832924 -0.147788 -0.255882
0.414995 -0.00584922 0.0623733
0.377782 -0.242295 0.0222068
0.758107 -0.0465843 -0.381853
0.218805 -0.217039 0.110795
-0.971998 0.243642 0.00180621
-0.940413 -0.0161501 -0.0585339
0.832924 0.220015 -0.0159116
0.832924 -0.273208 0.00225102
0.315607 0.0694314 0.234349
-0.999768 -0.0638711 -0.163721
0.0132582 0.24085 -0.0358043
-0.880709 0.0809701 -0.228682
-0.251767 0.218398 -0.106987
-0.957229 -0.0556232 0.0272405
-0.515264 0.174354 -0.169133
-0.643635 0.118004 -0.212071
-0.605892 0.24349 -0.00766743
0.492761 0.134192 -0.20228
-0.0897691 -0.130586 -0.204345
0.759113 0.024929 0.057504
-0.627388 -0.159113 0.185019
-0.524919 -0.0227418 0.0582443
-0.045136 0.101131 0.222493
-0.684605 -0.0130947 -0.0592907
-0.634246 0.0495652 -0.237413
-0.500135 -0.0322701 0.242221
0.686308 0.0468108 -0.381877
0.713239 -0.381523 0.0559127
0.753605 -0.304681 -0.235215
0.832924 -0.139908 0.225488
-0.974441 -0.0724503 -0.231372
0.542902 -0.266254 0.0797286
-0.743303 -0.242525 -0.0174645
0.721161 0.365397 -0.123041
0.273748 0.0706729 -0.232048
-0.741106 0.0390324 0.241282
-0.831027 0.00576732 0.244335
-0.0892649 0.152038 -0.189319
0.712111 0.345583 0.172595
-0.37687 -0.132341 0.205146
-0.826592 -0.175835 0.169096
-0.915803 -0.0613946 -0.00259032
-0.204539 0.0260184 0.0570151
-0.235266 -0.239248 -0.0428507
-0.415084 0.0136656 0.244026
0.595861 0.0613539 0.381754
0.152581 -0.142023 0.198524
-0.131114 -0.234461 0.0656908
0.458271 -0.0334039 0.0527127
0.358762 0.120859 -0.210467
0.366566 0.149068 -0.191651
0.715155 0.347241 -0.167288
0.451285 0.235025 0.0651644
-0.807754 -0.190467 -0.15037
0.611864 0.32842 0.203492
0.304358 0.0498624 -0.0356732
0.832924 0.289666 0.0889706
0.393583 -0.122419 -0.209326
0.0586847 0.0212483 0.243487
0.456303 -0.0525001 0.0330489
0.648622 -0.32368 0.210333
0.832924 -0.0388471 -0.215083
-0.221802 0.148425 -0.192147
-0.985838 0.0544401 -0.0284767
0.273824 0.234123 -0.0664463
-0.229705 0.233071 -0.0699949
0.511297 -0.186343 -0.155425
0.482457 -0.0226951 0.243318
-0.170422 -0.174059 0.170936
0.542902 -0.352834 0.00997727
0.336524 0.0505497 -0.034723
0.695186 -0.0216555 -0.0567383
0.832924 0.151023 -0.213027
0.570112 -0.05358 -0.0292742
-0.742956 0.173251 -0.170256
-0.266406 0.241706 0.0316162
0.832924 0.0238463 0.118631
-0.212268 -0.219887 -0.103042
-0.611185 0.243099 0.0172248
-0.572443 0.0316329 -0.240432
0.832924 0.171007 -0.0876519
-0.100103 0.224066 -0.0946813
0.62529 -0.105086 0.37198
-0.0834997 0.232936 -0.0704359
-0.870081 -0.197351 0.143196
0.0509873 -0.0510276 0.0353516
-0.982328 0.159136 -0.174593
0.343229 -0.0243132 0.0575894
0.298075 0.112032 0.217195
-0.905426 -0.0232073 0.243269
0.760922 -0.332242 -0.194522
-0.149691 -0.22143 0.101641
-0.26979 -0.0537015 0.238353
0.832924 0.0922628 -0.27208
0.542902 -0.180931 0.296691
0.832924 0.208536 0.0652246
0.627168 0.273824 -0.270834
0.621896 0.20217 0.329524
-0.839192 -0.0545785 0.0293546
0.542902 0.37845 0.0634615
-0.177187 -0.202807 0.135293
-0.910838 0.220518 0.104521
0.546664 -0.355432 -0.148228
-0.294475 -0.169399 0.175586
0.542902 0.293753 0.105341
0.832924 0.127557 0.101928
0.614932 -0.374643 0.0916556
0.171467 -0.172074 -0.171018
0.832924 -0.227129 -0.0218628
-0.578629 0.0601873 0.236894
0.296994 -0.0645327 0.235631
-0.781916 0.199141 0.141272
-0.999768 0.171676 0.027659
0.251185 -0.0148454 0.0608068
-0.275411 0.0897115 -0.225418
0.777589 -0.118164 0.368017
-0.934919 0.24233 0.0262188
0.194082 0.00334325 -0.0606624
0.120641 0.212696 -0.117818
0.832924 0.127554 0.270233
0.0995114 0.186542 -0.155688
-0.0156151 0.236815 -0.0562876
0.243818 0.0808659 0.230648
-0.469245 -0.216259 0.112324
0.256446 -0.203941 0.133563
0.254485 0.21999 0.105638
0.585405 0.233341 0.308193
-0.934036 -0.204501 0.132697
-0.504079 -0.152266 -0.1888
0.756076 0.384869 -0.0269075
0.542902 -0.276222 -0.0271557
-0.855388 0.19151 -0.149581
0.114048 0.0466929 -0.237989
-0.510877 -0.00764845 0.244271
-0.0414043 -0.0149055 -0.0588622
0.441596 -0.239658 -0.0405484
-0.780212 0.0735209 0.233097
-0.708323 0.096234 0.224659
0.542902 0.261823 -0.175583
-0.959982 -0.00804196 0.0621173
0.832924 -0.168228 0.161945
0.311566 -0.034948 -0.239916
0.646141 0.00754575 0.0622339
-0.999768 0.155688 0.121028
0.363334 0.0782473 0.231551
0.210497 0.0821867 -0.22825
0.832924 0.191503 -0.186144
0.602869 -0.0601621 -0.011801
-0.765806 0.060392 0.0145964
-0.52469 -0.131819 0.205484
-0.574945 -0.242653 0.0176238
0.545968 -0.0587211 0.382103
0.832924 -0.225057 0.0691136
-0.322724 0.00134223 -0.242466
-0.137671 0.243065 -0.0157983
0.760592 0.182266 0.340957
0.168009 0.0334337 0.0529638
-0.058086 0.23106 -0.0762883
0.778872 -0.22808 -0.309878
0.133828 -0.154895 0.188588
0.318852 0.240253 -0.0395187
0.661689 0.141893 -0.357735
0.239553 -0.0706803 -0.231918
-0.141092 0.235589 -0.0611361
-0.72604 -0.110549 0.217742
-0.820277 -0.0597482 -0.0136221
-0.95626 -0.0100409 -0.242253
-0.426544 -0.207436 0.128021
0.556223 0.311723 -0.226409
0.765147 -0.155544 -0.351853
-0.0796768 0.134292 0.204144
-0.463167 -0.1703 0.174706
-0.947093 -0.214941 -0.112922
-0.493958 0.185349 -0.157096
0.832924 0.253958 0.0572385
0.11028 -0.0515033 -0.0327026
-0.458752 0.0373661 -0.0483012
-0.546216 -0.13441 -0.201859
0.832924 0.13102 -0.257528
0.542902 0.354353 -0.0425653
0.697148 -0.385453 -0.000936784
0.323289 -0.228064 -0.0835971
-0.418694 -0.176414 0.168487
0.484125 -0.241583 -0.0272486
0.283252 -0.23878 -0.0453357
-0.999768 -0.0129156 -0.111658
0.671446 0.0902056 -0.374055
0.832924 -0.25916 -0.18106
-0.0350275 -0.233734 0.0682711
-0.413451 -0.226147 -0.0886029
-0.265939 -0.223861 0.0961081
0.542902 0.320155 -0.182248
-0.548527 -0.242565 -0.0169357
-0.56624 0.00444166 -0.242432
-0.606653 -0.0534791 0.238404
0.754122 -0.207511 -0.323984
0.0479622 0.0115338 0.0616236
0.781841 -0.343267 0.176358
0.465104 -0.0240315 -0.241259
-0.999768 0.0913204 -0.171821
-0.985031 0.138762 -0.187737
0.542902 0.323548 0.0227447
0.760493 -0.383713 0.0376106
0.832924 -0.171331 0.23414
-0.395868 0.17745 0.167835
0.832924 -0.18697 -0.0260176
-0.198931 0.0742364 0.232869
0.107695 0.231114 -0.0761247
0.367346 -0.00450696 -0.0605615
0.227179 0.227002 -0.0874935
0.162034 0.0515472 -0.0332726
0.759133 0.0791046 -0.376547
-0.980971 -0.0468604 0.0408662
-0.999768 0.130061 -0.0528182
0.177543 0.230822 -0.0769942
0.746551 -0.00154948 -0.384699
-0.25451 0.237209 -0.0546317
0.731958 -0.383488 -0.0379656
0.350327 0.0596108 -0.0157459
-0.40502 0.109385 -0.216614
0.542902 -0.0457564 -0.320254
0.635083 -0.0468022 0.0409348
0.542902 -0.164979 0.348372
-0.076784 -0.051659 0.238808
-0.734681 -0.0588025 0.0190004
0.65526 -0.0688254 0.380403
0.575632 0.330796 0.199591
0.624502 -0.0112401 -0.0596705
0.418317 0.0441621 0.0442766
-0.211117 0.243005 0.0185818
-0.205929 0.182389 -0.160498
-0.499046 -0.210343 -0.121213
0.0759415 0.0765838 -0.230178
-0.978584 0.0258891 0.240142
0.832924 0.142276 -0.170499
-0.0329615 0.0907463 -0.225006
0.724927 0.308323 -0.230996
0.542902 0.0337101 -0.359394
0.759711 -0.186493 -0.336498
0.722797 -0.0336824 -0.0506013
0.438267 0.0526396 0.0335045
-0.999768 0.111647 -0.0176313
0.654814 -0.203593 0.328385
0.459826 0.0187167 -0.241764
-0.60972 -0.0342442 -0.240018
0.538722 -0.0226955 -0.0563334
0.492294 -0.19718 -0.141503
-0.684799 -0.190212 -0.15069
0.299276 0.103536 -0.219452
0.182273 0.102943 -0.219729
0.658425 0.384629 0.0319631
-0.687296 0.169394 0.175998
0.542902 -0.377242 0.00652928
0.832924 0.135108 0.176004
0.716116 0.285977 -0.258027
-0.00398725 -0.226549 0.0895104
0.832924 -0.0638814 0.106648
0.660657 0.115445 0.369014
0.284893 -0.0964109 0.224402
0.832924 -0.162077 -0.117825
0.384048 -0.00547917 0.244332
-0.385289 -0.219084 0.106652
-0.844118 0.0287708 -0.0537344
-0.0717297 0.00136406 -0.242466
0.711482 0.146485 -0.355887
0.778066 0.257959 -0.285924
-0.105866 0.0298038 -0.0531825
-0.524071 -0.225194 -0.0909756
-0.175756 0.204801 -0.130953
0.709136 0.357361 -0.144576
0.410485 0.135363 -0.201503
-0.59924 -0.206546 -0.127534
-0.812496 0.145014 0.196647
-0.63838 0.206929 0.129522
0.129447 -0.00599288 0.244319
-0.390094 0.0938604 0.225663
-0.100188 0.0517481 -0.23695
-0.259024 0.0536595 0.0318006
0.542902 0.288492 0.0510782
0.560019 -0.0583956 0.0202816
-0.0180239 -0.0522547 -0.0315192
-0.326157 0.0194741 0.0595874
0.392894 -0.0316519 -0.240374
-0.184716 0.113105 -0.214707
-0.275613 -0.0725769 -0.231332
0.151611 -0.0284184 0.0556288
0.163456 -0.103823 0.221049
0.694509 0.164809 -0.347814
-0.675959 -0.0127067 0.244055
0.707824 0.363331 0.130896
0.567487 0.354101 0.154263
-0.938899 -0.171613 0.173408
-0.8158 -0.238175 0.0502852
0.421215 0.243476 0.0099926
-0.90006 0.0560994 -0.02519
-0.614547 0.00383775 0.0625648
0.573354 -0.165615 -0.347233
0.832924 0.327301 0.0231059
-0.264606 -0.162241 0.182264
0.832924 -0.214724 -0.118034
0.336533 0.242533 -0.022252
-0.108262 -0.230147 0.0796757
0.570744 -0.0241128 0.385864
0.587616 -0.19064 -0.334171
-0.998917 0.116005 0.188283
-0.25267 -0.219481 -0.103896
-0.0766177 0.196586 -0.142897
-0.492169 0.113658 -0.214417
0.388563 0.196658 -0.142798
0.542902 -0.195431 0.228541
0.155317 0.0405294 -0.239106
-0.410286 -0.133939 -0.20217
0.751673 0.362045 -0.132508
-0.690127 -0.227967 0.0857899
-0.590718 0.228475 0.0855507
0.637204 0.285973 0.259961
-0.589002 -0.0981171 0.223656
0.573527 0.00653266 0.0623467
0.560652 0.024819 -0.0556225
0.765108 -0.359444 -0.138279
0.251598 0.019556 -0.0576309
-0.929542 0.240423 -0.0385008
-0.787441 0.109139 -0.216737
-0.454303 -0.0945078 0.225215
0.188952 -0.199022 0.140845
0.542902 0.26722 -0.221915
0.473539 -0.206674 0.129256
-0.999768 -0.146045 0.126206
-0.948648 -0.241381 0.0308621
0.593185 0.377301 -0.0799164
0.74089 0.308339 0.232904
-0.0799807 0.0207233 0.059162
0.355465 -0.107068 -0.217556
-0.372107 -0.229134 -0.0806505
-0.780064 0.0496734 0.0378575
0.542902 0.298194 -0.053263
0.657889 -0.139091 0.360596
-0.320389 -0.236144 0.059245
-0.896005 0.243617 -0.00258269
-0.705012 -0.0401683 0.0476268
0.333876 -0.238744 0.0474499
0.649012 -0.169886 -0.345167
-0.33387 -0.200493 0.138726
0.411631 -0.0514283 -0.0328175
-0.0610288 0.0618074 -0.00270305
-0.999768 0.0538548 -0.144956
0.365867 0.175917 -0.167519
0.702446 -0.236311 -0.303662
-0.905977 0.0657638 0.235405
0.656502 -0.346301 0.170285
0.661734 0.297937 -0.244184
0.72998 0.327025 -0.203806
-0.999768 0.144307 -0.103871
-0.763244 -0.067538 0.234781
-0.999768 -0.0483657 0.161876
0.832924 0.191981 0.270086
0.450438 0.150655 -0.190415
0.251493 0.243308 -0.0118112
-0.308092 -0.0387454 0.241261
-0.396489 0.017225 0.0602792
0.427552 0.216093 -0.111526
-0.419119 -0.0928907 -0.223962
-0.796466 -0.22161 0.101244
0.500502 0.215955 -0.111791
0.542902 -0.0904202 -0.280406
-0.415586 -0.243166 -0.00434366
-0.336347 -0.152533 0.190515
0.504606 0.217905 0.109908
0.543423 -0.0968062 -0.372301
-0.963534 0.185948 -0.156392
-0.0331365 -0.05976 -0.234966
0.703859 -0.0203893 -0.384152
0.660896 0.237042 0.305349
0.832924 -0.19349 0.0485872
0.553582 -0.223029 -0.313525
-0.10918 0.171331 -0.172175
0.781032 -0.374331 -0.0910078
0.00996295 -0.19253 0.149663
0.832924 0.183782 0.0722105
-0.617444 -0.12064 -0.210353
0.832924 0.167252 0.0381033
0.737561 0.0546435 0.0300284
0.595006 -0.361922 0.133629
-0.882245 -0.230079 -0.0779451
0.618801 0.383644 -0.0404744
-0.582789 0.191342 -0.149794
0.302134 0.238357 0.0514192
0.737046 -0.347308 -0.16628
-0.548638 0.189026 0.154615
0.554103 0.0529081 0.0330678
0.666171 -0.163504 0.35016
0.0525765 -0.171643 -0.171449
0.662065 -0.0219846 0.385993
0.360193 -0.0614858 0.00214399
-0.453604 0.060572 -0.234866
0.374812 0.0445385 -0.238398
-0.999768 0.0350209 -0.105555
-0.718171 0.00572593 -0.242406
0.832924 -0.244565 -0.163396
-0.278622 0.00736805 0.244293
-0.704999 -0.07778 -0.229637
-0.928437 0.00972966 0.0619328
-0.986179 -0.157227 0.172669
-0.103455 -0.0618363 -0.234429
0.595083 0.116968 0.368534
0.689079 0.205208 0.327638
-0.316702 -0.013839 -0.0591215
0.542902 0.170461 -0.270547
-0.475877 -0.0477479 -0.237698
-0.722851 -0.13234 0.205147
-0.251017 0.174284 -0.169205
0.76817 -0.0140084 -0.384441
-0.247361 -0.0586559 -0.0175437
-0.306039 -0.0452318 0.0427116
-0.0220988 0.0497291 -0.0358532
0.542902 0.117078 -0.340785
0.832924 -0.00976481 0.211848
-0.448043 0.0556046 0.0281519
0.832924 0.0151435 -0.155908
0.373732 0.0263879 0.242986
0.542902 0.180913 0.245977
0.707727 0.218177 -0.317201
0.6734 -0.383441 -0.0384208
-0.999768 0.0151108 0.185808
-0.137245 0.206853 -0.127715
0.0569777 0.204644 -0.131196
-0.304917 0.240101 0.0423411
0.244078 -0.240345 0.0382892
0.127713 -0.240578 0.0367564
0.165196 0.158851 0.185607
-0.00368345 0.122772 -0.209364
-0.62623 0.0554364 -0.0265624
0.240872 -0.22353 -0.0949524
-0.909367 -0.0139281 -0.242058
0.681589 0.342185 -0.177339
0.678479 -0.298332 -0.243192
-0.0570272 0.205043 -0.130576
-0.428001 0.005089 -0.0605488
0.56728 0.0230141 -0.384028
-0.692855 0.0198216 0.059472
0.0548599 -0.203863 -0.131753
-0.865101 -0.106139 -0.218009
-0.274147 -0.0988823 0.223317
-0.482249 0.236064 0.061234
0.727236 -0.376593 -0.0812466
-0.354492 -0.239614 0.0427301
-0.671176 0.0820277 -0.228307
-0.0730498 -0.0257969 -0.241075
0.0680692 0.0363613 -0.0490432
-0.134687 -0.144 -0.195156
-0.182004 -0.234708 -0.0628572
0.207659 0.0541249 0.0309794
0.59065 0.169251 0.347612
0.832924 -0.299695 0.094765
0.832924 0.0132406 -0.310857
0.133234 -0.167315 -0.175657
0.404678 0.162329 -0.180632
-0.59373 0.028213 -0.054022
0.413327 -0.0062722 -0.0604007
-0.302511 0.0129238 -0.242136
0.453249 0.125313 -0.207863
0.526932 -0.0537668 -0.0289395
-0.366629 0.11024 -0.216183
0.214139 -0.0585521 -0.0178709
0.832924 -0.18564 -0.0756436
0.280706 0.242671 0.0226959
0.771116 0.188848 -0.33542
-0.960501 -0.23922 -0.0430041
-0.994744 0.0339422 -0.220877
-0.593618 -0.061008 -0.00678845
0.167672 -0.189673 -0.151365
0.0948109 -0.0394133 -0.239222
-0.484029 0.24236 -0.0240001
-0.999768 -0.112199 0.0549116
-0.00190302 -0.231474 -0.0737494
-0.159177 0.16718 -0.176182
0.591457 -0.287249 0.258078
-0.902344 -0.0930629 0.22582
0.669135 0.0617085 0.00602669
-0.584403 -0.190611 0.152117
-0.657718 -0.0406904 0.0471698
0.412437 0.0617615 -0.0034066
-0.297377 -0.0388019 -0.239322
0.620707 0.137186 0.361488
-0.894723 0.0398063 -0.239227
-0.064647 -0.243213 -0.00126581
0.587265 0.202664 -0.327291
0.505722 -0.0512567 -0.236966
0.396117 -0.238212 -0.0481781
0.257829 -0.170978 -0.172109
0.208131 0.0421765 -0.0442738
0.204986 -0.133393 0.204459
-0.489954 0.0454439 0.240158
-0.170767 -0.208945 -0.123592
0.542902 -0.233703 0.255877
-0.297778 0.0469142 0.239876
-0.640166 -0.211418 -0.119342
0.701184 0.25656 -0.287174
0.542902 -0.0843273 -0.304524
0.68111 -0.12094 -0.36518
0.260739 0.177201 -0.166169
0.542902 0.106916 -0.287489
-0.829185 -0.243161 0.00649446
-0.67636 -0.109426 0.218312
0.202334 0.000924606 0.0626674
0.645504 0.0437978 -0.0427137
0.329096 -0.196316 0.144622
0.513054 0.0522564 0.238769
0.044521 -0.0130735 0.0612249
-0.396064 -0.0219238 0.24339
-0.107865 -0.0586837 -0.0174553
-0.951474 0.235451 -0.0616571
0.354392 -0.2426 0.0183787
0.15321 0.076865 -0.230084
-0.852384 0.026038 0.057006
0.629254 0.191678 -0.333818
-0.226608 -0.230496 0.0786465
0.646984 0.178837 -0.340842
0.248303 -0.159309 0.184849
-0.0929504 0.0330947 0.242167
-0.999768 0.103687 -0.0912618
-0.249598 0.198208 -0.140656
-0.274278 -0.234522 -0.0635408
-0.999768 -0.169571 -0.0539642
0.832924 0.0387318 -0.33336
0.588035 0.260057 0.285954
-0.000388126 0.155755 -0.186293
0.549375 -0.365289 0.12405
-0.75158 -0.0871112 -0.226268
0.782969 0.354733 0.152797
-0.117637 0.0937486 -0.22378
0.0140551 -0.139199 0.200526
-0.765848 -0.241919 0.0261377
-0.670288 -0.0605733 -0.00967262
-0.440703 -0.162247 -0.18033
-0.136227 -0.228518 -0.0823631
-0.00439916 0.0214552 -0.24154
0.646482 -0.371742 -0.100972
-0.250302 -0.184811 0.159165
-0.900118 -0.164023 0.180651
0.602155 0.0477537 -0.381761
0.678098 0.378305 0.077011
0.50291 0.169647 0.175753
-0.999768 -0.0091237 0.103402
0.832924 -0.0561848 0.300768
0.156009 -0.21372 -0.115199
0.832924 -0.300704 0.124107
0.286105 -0.192352 -0.147964
-0.0850862 -0.227214 -0.0858587
0.713784 -0.352008 0.15807
-0.209697 0.202295 -0.13476
-0.555631 0.116476 -0.212909
0.721802 -0.175133 -0.342538
0.706157 0.190774 -0.334333
-0.249376 -0.10497 -0.218573
-0.767682 0.232955 -0.0703739
0.542902 0.334527 -0.0878989
0.687176 -0.335003 0.191679
-0.727375 -0.196473 -0.142478
0.607806 0.383894 0.0400276
-0.538634 0.0413354 -0.23897
-0.747215 -0.17356 0.171446
0.576904 -0.0629705 -0.379492
-0.39126 -0.239367 -0.0421951
0.784346 0.385766 0.0102076
0.188088 -0.240839 0.0349523
-0.494219 0.0310897 -0.240502
0.558646 0.353056 -0.154724
-0.253083 -0.129542 -0.205007
0.571137 -0.377648 -0.0762553
0.832924 0.126454 -0.30012
0.579448 0.191175 0.336034
0.639975 -0.103737 -0.370431
0.584299 -0.0355526 -0.0493223
0.163017 0.199222 -0.139227
-0.145894 0.0600526 -0.234998
-0.95009 0.136246 -0.200911
0.36686 -0.000879235 -0.242466
0.832924 0.092348 -0.194286
-0.40311 0.0619152 0.000559377
-0.40132 0.181309 -0.161709
-0.901134 0.240116 0.0422541
-0.45668 0.242231 0.0271422
0.19239 -0.0461825 -0.0397229
0.321272 0.235536 -0.061336
0.542902 -0.281969 0.252499
-0.600366 0.0637506 -0.23403
0.207267 0.228164 0.0863837
0.566273 0.380577 -0.0627516
0.832924 0.117514 0.0389862
0.731991 0.181688 0.341266
0.316722 0.139497 -0.198682
-0.73781 0.124494 0.210281
0.137461 0.129289 0.207358
0.542902 -0.022701 -0.293644
0.832924 0.212334 -0.122871
-0.532123 -0.189375 0.153665
0.542902 0.0121107 -0.267356
-0.542874 -0.0135321 -0.0591925
0.331161 0.00858859 0.244254
0.356593 -0.0546405 0.238138
0.542902 -0.00897292 -0.339479
0.223085 0.0437057 0.044735
-0.526236 -0.24292 0.0131258
-0.122308 0.069254 -0.232472
-0.228621 -0.0592822 0.0173489
-0.253021 -0.0274566 0.0561218
0.297135 -0.215011 0.114718
0.832924 -0.114297 -0.0101061
0.832924 0.204577 -0.0724366
0.434364 0.242084 0.0284737
0.667878 0.230524 -0.308381
0.291127 0.143848 -0.195575
0.480123 0.238074 0.052737
-0.0348666 -0.185312 0.158576
0.518697 -0.242091 -0.0224852
0.542902 0.296961 -0.00647415
0.542902 -0.136029 -0.350196
-0.712588 -0.0359382 0.241699
0.349516 -0.234125 -0.064966
-0.782842 -0.243204 0.00401389
0.231566 -0.20258 0.135635
-0.545451 0.0617357 -0.00375562
0.458959 0.0648765 0.235652
0.418092 0.0498378 -0.237356
-0.77217 0.215993 0.113647
0.416665 0.0808184 0.230665
0.832924 -0.103978 0.0967589
0.387033 -0.187342 -0.154226
-0.340963 0.030589 0.242495
0.388845 -0.080346 -0.228754
-0.78524 0.141323 0.199325
0.247464 -0.101373 -0.220261
0.365058 -0.0171985 0.0601651
-0.999768 -0.0630154 0.112199
-0.371913 -0.133491 -0.202465
-0.628687 -0.05942 -0.0149104
-0.665595 0.0814135 0.230455
0.515758 -0.235307 -0.0606122
-0.267982 0.0608877 0.0121859
0.0614276 -0.241942 -0.0239847
-0.452233 -0.0286746 0.0554939
-0.229682 0.0320179 0.0538417
-0.763992 -0.199577 -0.138122
0.542902 -0.274793 -0.164513
0.408863 -0.167055 -0.175903
0.58746 0.287364 -0.256487
0.0486645 -0.0100136 0.244183
0.629189 -0.366124 -0.119614
-0.870683 -0.215703 0.113399
-0.817893 0.0619079 -6.74417e-05
0.832924 -0.285448 -0.059441
-0.999768 -0.0576084 0.198725
-0.646268 -0.116189 0.214766
0.611462 -0.345557 0.1718
0.542902 -0.261637 -0.0573912
0.592184 -0.0390955 0.0485339
-0.12948 0.0358179 0.051361
-0.255239 -0.0416856 -0.238836
0.542902 -0.184923 -0.334688
0.189416 0.10687 0.219788
0.832924 -0.142497 0.301863
-0.901199 0.137029 0.202311
-0.421601 0.0292943 0.0553873
0.297707 -0.130116 -0.204644
-0.988325 -0.177884 -0.145856
-0.244914 0.0557358 0.237981
-0.377711 -0.24322 0.00230751
-0.401986 -0.158634 -0.183503
-0.999768 -0.14771 -0.00937879
0.0481925 0.162845 -0.180169
0.832924 0.27152 -0.177395
-0.399157 0.143243 -0.196016
-0.772055 0.215638 -0.112394
0.577908 0.0712516 -0.378103
0.459173 -0.15165 0.191224
0.832924 -0.190228 -0.102076
-0.389081 -0.0666376 0.23504
0.832924 -0.181666 -0.262594
0.323198 0.171505 -0.172002
0.34726 -0.0141348 0.243975
0.419392 -0.0360658 0.0508828
-0.662847 -0.073691 -0.23098
-0.845563 0.10893 -0.216842
-0.00365876 -0.095371 -0.222919
0.0619647 0.241905 -0.0280691
-0.810683 0.0184396 -0.0579878
-0.932791 -0.0705974 -0.231943
-0.582861 -0.224522 0.094536
0.339028 0.200894 -0.136823
-0.742804 0.148391 0.194102
0.74328 0.127062 -0.363244
0.4931 -0.0614952 0.000480832
-0.254861 -0.22883 -0.081501
0.713538 -0.32234 0.212392
0.0870082 0.0580512 0.0224612
0.0212705 0.026713 -0.0547605
-0.501459 -0.0216423 -0.0567433
0.221639 0.0392403 -0.239319
0.133198 0.0384459 0.0493974
-0.868449 -0.180889 0.163639
0.263762 -0.242612 -0.0162836
-0.95873 0.15899 0.185487
-0.0813975 0.182344 -0.160549
-0.654475 0.0387601 0.241326
0.832924 -0.0181456 0.26777
-0.681418 -0.186389 0.157299
0.686338 0.0497354 -0.0358447
0.461686 -0.0328346 0.242145
-0.892034 0.105453 -0.218543
0.490811 -0.0660445 0.235209
-0.224079 -0.199534 0.140113
-0.146317 0.0378388 -0.239543
0.565086 -0.205932 -0.324987
0.286874 -0.216796 -0.109346
-0.999768 -0.133332 -0.0574568
-0.745957 0.243502 -0.00732115
-0.332549 -0.0572217 -0.0216043
0.679108 -0.278576 -0.265527
-0.558962 0.079742 -0.22911
0.55611 -0.266976 0.279086
0.542902 0.205875 -0.180538
-0.801481 0.220427 0.104714
-0.238105 0.136734 0.202511
-0.993844 -0.01106 -0.224045
-0.352271 -0.0969039 0.224188
-0.335789 0.111003 -0.215795
0.438424 -0.0457473 -0.0402138
-0.933546 -0.241113 -0.0310246
0.626099 0.301239 -0.240118
-0.130395 -0.0939614 -0.223516
-0.812464 0.0448527 0.24027
0.542902 0.184487 -0.222177
0.454628 0.0764059 -0.230236
-0.06859 0.0718042 -0.231702
-0.289683 -0.150841 -0.189937
-0.453373 -0.132511 0.205036
0.073517 0.0609794 -0.00974863
0.193286 0.062134 0.23639
-0.521188 0.040653 0.0475702
0.582116 -0.239143 -0.301442
0.573837 0.0421755 0.0462041
0.672556 -0.0597401 0.0155849
0.0875924 0.204832 -0.130905
0.63085 0.374147 -0.0934304
0.736868 -0.000545042 -0.0607374
-0.688082 -0.0352181 -0.239877
0.771977 0.226022 -0.311682
0.481935 0.0357791 0.241785
0.756084 -0.0153307 0.0606826
0.5588 0.200003 0.330847
0.571443 0.314955 0.223844
0.210035 0.24292 -0.0177865
-0.123584 0.0139311 -0.242082
0.274624 0.205002 -0.13064
-0.770388 0.0299381 -0.0531088
-0.860417 -0.150387 0.192224
-0.675495 -0.23866 -0.0459486
-0.3832 0.0433246 -0.23862
-0.959801 -0.243134 0.00756151
0.45577 -0.241605 0.0289874
0.44335 -0.0657807 -0.233353
0.337342 0.219368 -0.105004
0.73718 0.348166 -0.165365
0.0577389 -0.223234 -0.0956401
0.542902 0.286514 -0.0981069
-0.917573 0.0588675 0.0201217
-0.293801 0.100856 -0.220688
0.542902 0.0656562 0.280547
-0.636884 0.0915801 -0.22467
-0.774506 -0.0454674 -0.0405241
0.404972 0.0419694 0.240789
-0.188813 0.0486146 0.0392361
0.562532 -0.153453 0.354698
-0.867794 0.115166 0.215545
-0.763188 0.00357474 0.244375
0.542902 -0.310935 0.11752
0.633487 0.245957 -0.296269
0.0758808 -0.0235657 0.243234
0.0294577 -0.214329 0.115999
-0.889391 -0.0707147 -0.231908
-0.174241 -0.23475 0.064633
0.307011 -0.0569316 -0.235667
-0.977196 -0.050036 0.237629
0.326168 -0.102758 -0.219619
0.542902 -0.260949 -0.135546
0.832924 -0.206465 0.199162
0.542902 0.19165 0.215517
0.832924 0.224943 0.108817
-0.365587 -0.209377 0.124792
-0.177275 -0.112764 0.216596
-0.177494 -0.0594704 0.236969
-0.352574 -0.234219 -0.0646326
-0.251814 0.110262 -0.216172
-0.567874 -0.232002 -0.0720943
-0.285524 -0.0230722 0.0581109
0.715506 -0.0607506 0.0105336
-0.830939 -0.224102 -0.0936074
0.832924 0.134885 -0.135377
0.542902 -0.332274 0.194885
-0.801251 -0.00497819 -0.0605236
-0.311953 -0.171158 -0.17193
0.832924 0.117013 0.153106
0.516486 0.136504 0.202667
0.832924 -0.167069 0.265361
0.832924 -0.0604403 -0.270386
-0.784737 -0.0693223 -0.232327
0.0946447 -0.15502 -0.186555
0.542902 -0.16952 -0.304833
-0.830431 -0.0207476 -0.241565
0.171596 -0.207479 0.127949
-0.813897 0.223832 -0.0952277
0.832924 -0.289673 0.170801
-0.544105 -0.0958862 -0.222699
0.301604 -0.243176 -0.00383992
-0.44792 0.239817 -0.0420253
0.832924 0.249887 -0.144264
0.167547 0.24173 0.031422
-0.565312 -0.13069 0.206209
-0.423401 0.0425585 -0.0439163
0.687693 0.0527776 0.383033
0.832924 0.199825 -0.230599
0.533877 -0.00972115 0.0618672
-0.0231937 0.23655 0.0593016
-0.145962 -0.118761 -0.211417
0.832924 -0.212471 -0.139966
-0.301775 -0.20982 0.124038
0.167429 0.0555942 0.028173
-0.936613 -0.0329712 0.0529912
-0.120955 0.239074 -0.0459787
-0.351398 -0.0982822 -0.221654
-0.231217 0.0618306 -0.00228995
0.440067 0.19981 0.140318
0.271291 -0.00560111 0.244329
0.718181 0.381823 0.0567353
0.576671 -0.288828 -0.254371
-0.999768 -0.200476 0.00969098
-0.991757 -0.176012 0.144656
0.638942 0.118459 0.368057
0.575129 -0.370576 0.107067
-0.994484 -0.217681 -0.0537322
-0.456518 0.137455 0.202021
0.359931 0.016295 0.0605382
-0.792655 0.176401 0.168942
-0.301651 -0.142418 0.198239
0.468536 0.224353 -0.0940074
0.459664 0.242861 0.020459
0.492841 0.24076 -0.0363905
0.547851 -0.0317189 -0.383379
-0.202068 -0.0901491 -0.225077
0.542902 -0.209821 -0.232866
0.0656317 0.138152 0.201543
0.774759 -0.291022 0.253795
0.598612 0.280932 0.265416
0.4928 -0.223512 0.0969238
0.683091 0.324877 0.209124
-0.205769 -0.238345 0.0494549
-0.220533 0.0308309 -0.240535
0.44614 -0.16647 -0.176455
0.762568 0.0450378 -0.0414401
0.0463579 0.054187 0.0308676
0.66052 -0.211919 -0.321123
-0.41764 -0.221845 0.100723
0.542902 -0.107027 -0.246041
-0.536501 0.0272105 0.0564507
0.661714 -0.291372 0.253392
0.0341455 0.146483 -0.193621
-0.144708 0.0602816 0.0150751
0.222813 -0.2432 -0.00244429
-0.234025 -0.00284672 0.244379
0.298687 0.0101682 -0.0599332
0.692712 0.382939 -0.0465486
-0.89763 -0.216025 0.112778
0.671582 -0.355829 0.149208
0.160176 0.180935 0.164054
-0.396175 -0.061106 0.0079012
0.738999 0.159018 -0.350488
-0.274871 -0.0233145 -0.0560821
0.761685 -0.135155 -0.360166
-0.807664 -0.229541 0.0814278
-0.354384 -0.196901 -0.141889
0.619184 -0.04355 -0.382212
0.832924 -0.236821 0.0324332
-0.291888 -0.0822387 0.230011
0.760559 -0.378939 0.0715717
-0.889883 -0.0611605 0.007401
-0.999768 -0.0484499 -0.208551
0.044584 -0.114072 0.215905
-0.541423 0.133317 0.204784
0.756338 0.375249 -0.0889521
0.282484 -0.22713 0.0880076
0.575123 0.375188 0.0911368
-0.111922 -0.16231 -0.180273
-0.0512259 -0.149373 -0.191089
0.832924 -0.0726424 -0.306791
0.606026 -0.150886 -0.353873
-0.501321 0.128952 0.207569
0.363364 0.214724 0.116045
0.542902 0.264808 0.114087
-0.515464 -0.0957093 -0.222775
0.24324 0.189803 -0.151725
-0.527007 0.029011 -0.0536083
-0.638251 -0.194624 -0.14498
0.372715 0.121565 0.211993
-0.636265 0.0699607 0.234191
0.578152 0.271069 -0.27358
-0.699067 -0.242892 -0.0117456
-0.59131 -0.240195 -0.0373139
0.704426 0.062755 -0.379597
-0.503684 -0.187198 -0.154399
0.764318 0.0482429 0.0397015
-0.312192 0.0546904 -0.236294
-0.388976 0.0207596 -0.0572197
0.468535 0.0516669 -0.0330924
-0.587539 -0.139344 0.200426
0.832924 0.126267 -0.0405025
0.35532 -0.218846 -0.105216
0.542902 0.0722331 -0.349558
0.179967 -0.212005 -0.118302
0.542902 0.368795 0.0378304
-0.702487 0.120985 -0.210396
0.25561 0.121332 0.212126
-0.0278169 0.00901055 0.0620407
0.0196673 -0.0341592 0.0522142
-0.0592406 0.176613 -0.16679
0.725228 0.259744 0.286239
-0.0641525 -0.0592211 -0.0156395
0.606492 0.336905 -0.187119
0.832924 0.255174 0.012202
0.542902 0.115586 -0.259186
-0.515187 -0.0433203 -0.0427716
-0.29269 0.132858 -0.203153
-0.542253 -0.0387492 -0.239331
0.545115 0.336488 0.189794
-0.869135 -0.0114241 -0.0596354
-0.792449 0.0367564 -0.0487552
0.832924 0.110955 -0.00626204
0.731084 0.0570634 -0.0230226
0.26181 0.0518189 -0.236935
-0.24067 -0.182292 -0.160134
-0.145705 -0.199832 0.139685
-0.706893 -0.242906 0.0133965
0.309678 -0.141473 0.198919
0.401415 0.111811 -0.21538
-0.775447 0.178423 -0.164866
-0.997444 -0.191237 0.112748
-0.999768 -0.133564 0.144103
0.832924 0.0947209 -0.15488
-0.691284 -0.133632 0.204302
0.832924 -0.146829 -0.231582
-0.999768 0.0273871 -0.0755289
-0.339208 -0.0152343 0.243908
-0.107684 -0.22085 0.102907
0.232772 0.11126 -0.215663
-0.328468 -0.0194487 -0.241673
-0.853284 -0.234958 -0.0619315
0.46462 -0.182297 0.162058
0.00125781 0.205936 -0.129176
0.384017 -0.187498 0.155967
0.274537 0.111644 -0.215466
0.4817 0.186626 0.157517
0.395999 0.092944 0.226043
-0.970807 0.00586932 -0.242403
0.220104 0.18382 -0.158869
0.778188 0.379565 -0.0685273
-0.256968 0.00431773 -0.242434
-0.397895 -0.234413 0.0658626
0.0825563 -0.24062 -0.0345417
-0.0571613 -0.241658 -0.0265995
-0.714961 0.0256505 -0.0552535
-0.984598 -0.0806075 0.221138
0.542902 0.375048 -0.0312057
0.542902 0.337538 -0.130727
-0.0717499 -0.176271 0.168638
-0.336481 -0.169255 0.175726
0.652749 0.276951 -0.267649
0.832924 -0.230098 0.241257
0.617946 -0.359606 -0.13786
0.39225 0.239513 0.0456133
0.0419848 -0.136068 -0.200749
0.233712 0.243274 0.0143693
-0.772526 -0.233279 0.0698338
0.396726 -0.0399249 -0.0459068
0.207886 -0.0570005 0.0240886
0.832924 -0.199892 0.0933611
-0.184972 -0.0626233 -0.23422
0.69802 -0.381415 -0.054733
0.0370794 -0.0304219 0.242463
-0.718503 -0.207685 -0.125683
0.0852383 0.0443889 0.0440452
0.832924 0.0550187 -0.176236
0.733286 0.107163 -0.369576
-0.640166 0.223807 0.0972146
-0.640857 0.198856 -0.139746
0.542902 -0.292862 -0.123432
-0.937386 0.234975 0.0653474
0.538954 0.0619163 0.00080322
0.298254 0.243548 0.00777909
0.0724096 -0.0519516 0.0339333
0.616462 -0.314455 0.223956
0.542902 0.305399 -0.0770196
0.641264 0.38469 -0.0292687
0.642276 0.0423882 0.384319
0.542902 -0.281547 -0.200827
0.348659 -0.189438 0.153587
0.832924 0.02598 0.150053
-0.831889 0.188418 0.155358
0.556032 0.335042 -0.190417
-0.312155 -0.0836568 -0.227566
-0.61863 0.170889 -0.17261
-0.984475 0.229261 0.0519651
0.213985 0.0494103 0.239374
-0.0446617 0.0319679 0.242318
-0.852117 -0.0596055 -0.0141965
-0.928197 0.243128 -0.0148641
0.320007 0.0915138 0.226627
0.196824 0.213496 -0.116376
-0.797598 -0.208612 -0.124148
-0.998995 0.0516495 0.215011
0.358175 0.24228 -0.0247638
0.832924 0.108214 0.198925
0.395207 0.224 0.096766
0.714035 -0.19595 -0.331091
-0.799209 -0.0256118 0.243025
-0.182836 0.22203 0.101243
-0.964769 -0.00210688 0.244387
0.729717 0.0222194 -0.384074
-0.915655 -0.239284 -0.0426504
-0.618021 -0.0536489 -0.236436
0.692083 0.177474 0.34348
-0.248748 -0.241948 0.0258487
-0.854982 -0.0431466 -0.0429438
0.832924 -0.141057 -0.144789
-0.938622 0.0955075 0.224969
0.542902 -0.360465 0.0792909
-0.635911 -0.13499 -0.201472
0.560734 -0.125145 -0.363762
0.516375 0.241262 0.0349284
-0.178463 0.145698 -0.19421
0.196723 0.234322 0.0676805
-0.0733634 -0.0566076 -0.235745
0.555759 -0.383636 -0.0364728
-0.311974 0.0398973 -0.0462859
-0.999768 -0.170348 0.0907427
0.662003 0.0013182 -0.384701
-0.52562 -0.234187 0.0666755
-0.990741 -0.212742 0.0835224
-0.428934 -0.00334275 0.244372
0.832924 0.022301 0.285338
0.0651399 -0.231715 -0.0729992
-0.330592 0.173083 -0.170425
-0.730862 0.238769 -0.0475018
0.542902 -0.159462 0.305652
-0.16758 -0.112543 -0.214782
-0.768147 -0.0331948 0.0528479
0.670726 0.0582958 -0.0198617
0.542902 -0.227521 0.310278
-0.181859 0.233096 -0.069913
-0.931507 0.177493 0.167789
0.000775659 -0.2432 0.0043646
-0.25954 0.131444 -0.204065
0.832924 -0.212924 -0.21685
0.832924 0.0968963 0.118673
0.0223405 -0.231124 -0.0748272
0.542902 -0.0690613 -0.323162
-0.733216 0.0611802 -0.00853956
0.720088 -0.360438 0.137613
0.295128 -0.148814 -0.191523
0.542902 0.209321 0.185643
0.613626 0.0421155 0.384349
0.621368 -0.361119 0.135802
0.658287 -0.152454 -0.353201
-0.886509 0.0445435 -0.0419566
0.832924 -0.260669 0.126139
-0.739563 0.0614772 0.236562
0.148648 0.0599275 0.0165055
0.0187919 0.217805 -0.108177
0.832924 -0.0849758 0.275794
0.654197 -0.385455 0.00228705
-0.849702 0.243426 0.0112346
-0.122601 -0.0525826 0.0329131
0.832924 -0.0572433 0.249374
0.0483375 -0.164424 0.180285
-0.994094 -0.141139 -0.174148
0.159305 -0.136735 -0.200296
0.542902 0.34109 -0.00289792
-0.682125 0.0474267 0.0406923
0.514604 0.234091 0.0684883
-0.0192728 -0.0601608 -0.0118074
0.610116 -0.000167963 0.386632
-0.598005 0.102265 -0.220043
0.284878 0.0584627 0.237325
-0.113292 -0.0427247 -0.238652
-0.168724 -0.242689 -0.0151554
0.687239 -0.166336 0.348818
0.224091 0.136553 0.202633
0.832924 -0.251429 0.192001
0.782665 0.289596 -0.253976
0.686194 0.347941 0.167765
0.542902 0.165922 0.314095
0.683352 0.300309 -0.241274
0.695459 -0.0558502 -0.0248231
0.77817 -0.188229 0.337462
0.698637 0.0856325 -0.375123
-0.810861 -0.0723106 0.233345
-0.643477 0.0357672 0.0513968
0.114395 0.172603 0.172838
-0.342098 -0.0236106 0.0578886
0.0617535 -0.208179 0.126797
-0.490379 0.0400204 0.0481117
0.759586 -0.356317 0.148029
0.0263495 -0.0191148 -0.0576381
-0.299207 -0.18561 0.158225
0.643102 0.321893 0.213707
0.379463 -0.0490026 0.239372
-0.107878 0.137437 -0.200104
-0.442503 0.184374 -0.158231
-0.596871 -0.209185 0.125117
-0.959047 -0.224014 0.095745
-0.763469 -0.216854 0.111161
0.00487653 -0.0928116 0.225924
-0.725281 0.202078 0.137012
0.542902 -0.0126029 -0.266146
0.559939 -0.296954 0.246796
0.24841 -0.138006 -0.199426
0.562903 0.144899 -0.356532
-0.810193 -0.144204 -0.195005
0.542902 -0.251662 0.121899
-0.417817 -0.0456876 0.0422099
-0.0919847 0.00749874 -0.06031
0.105073 0.207036 0.12935
0.555404 -0.313943 -0.222748
-0.21253 -0.108253 -0.21697
-0.999768 0.134974 0.0508504
-0.171526 -0.24221 0.0231609
-0.631225 0.242969 -0.0171365
0.421067 -0.21791 0.109055
0.150246 -0.223775 0.0963087
0.597022 -0.138144 0.360961
-0.662077 0.0619155 0.000610463
-0.955227 0.0172709 -0.0583366
0.367236 -0.149595 -0.190916
0.542902 -0.218717 -0.268313
0.832924 0.00829659 0.17405
-0.481716 0.20699 0.129424
-0.140745 -0.0605424 -0.234766
-0.295872 0.0699726 0.234188
0.832924 0.166937 -0.108415
-0.181257 0.0333385 -0.240204
-0.275247 -0.13766 0.201593
0.32161 0.0398757 -0.0463041
-0.014619 0.231067 0.0781959
-0.18978 -0.181295 -0.161257
0.357354 0.0584748 0.237322
-0.996522 0.148401 0.167086
-0.997472 0.220133 -0.0267613
-0.457123 -0.187528 -0.154001
-0.504534 0.181554 0.163365
0.554803 0.0688541 -0.378545
-0.866523 -0.183488 -0.158769
0.542902 0.27941 0.149182
0.832924 0.180585 0.196154
0.594581 0.361874 -0.132969
0.53154 0.045604 0.042763
-0.862385 0.2216 0.102187
-0.977149 -0.237912 0.0440426
0.454162 -0.0118354 0.0614845
0.0755393 -0.0886869 -0.225656
0.74352 -0.379726 -0.065281
0.041924 -0.0140737 -0.242049
-0.88981 0.0619126 0.000273355
0.578901 -0.0883989 -0.374386
-0.809809 -0.24233 0.0217978
0.518151 0.194426 0.147729
-0.00603961 0.0115522 0.244134
0.631471 0.0544063 0.0304684
-0.857223 0.188121 0.15572
0.543429 0.376105 0.0872307
0.374105 -0.0500698 0.0367376
-0.149806 0.233084 0.071883
-0.498682 0.0771006 -0.230006
0.643524 0.346676 0.170376
-0.517505 -0.210591 0.122714
0.782689 0.19424 0.334269
-0.0921078 -0.209249 -0.123079
0.542902 -0.105685 -0.319176
-0.640448 0.0048883 0.244353
-0.898358 -0.196111 -0.142973
0.289268 0.191471 -0.14963
0.754856 0.385831 -0.00498318
-0.246282 0.0703529 -0.232144
-0.478758 -0.204555 0.132613
0.832924 0.0835874 0.309244
-0.692289 -0.0523873 0.0332336
-0.23575 -0.24321 0.00355954
0.00226729 -0.240056 -0.038176
-0.0129001 -0.211366 -0.119432
0.625081 -0.283098 -0.260715
0.542902 -0.313503 0.218705
0.372904 0.189699 0.153784
0.832924 0.111633 -0.136278
0.832924 0.0121746 0.322929
0.772022 -0.260127 -0.283577
0.777656 -0.369986 0.109107
-0.618874 -0.243193 0.00484643
0.335651 -0.167831 0.177096
0.542902 0.068889 -0.307784
-0.277885 -0.236726 0.0568318
0.190373 0.242086 0.0284511
0.275154 0.0861451 0.228725
-0.471056 0.239887 -0.0416351
-0.302328 -0.233046 0.0706186
-0.345431 -0.212952 0.118532
-0.659659 -0.174876 0.170094
0.51883 -0.0708258 0.233803
0.542902 -0.279968 0.216884
-0.932516 -0.243011 -0.00919607
0.43359 -0.236108 0.0593927
0.281512 0.0478242 0.0402151
0.182902 0.016073 0.243881
-0.598709 0.127179 -0.206734
0.668286 0.353438 0.155783
0.832924 -0.27302 -0.0200848
0.0344658 0.233828 -0.0674618
-0.348037 0.021289 -0.05703
-0.968676 -0.190257 0.152563
0.832924 -0.153748 0.00515358
-0.789871 0.233621 -0.068165
0.621031 0.176327 0.344071
0.740397 -0.370411 0.10764
-0.999768 0.208589 -0.0498433
0.0832931 -0.0185057 0.0597649
-0.445839 0.243492 -0.0075969
-0.775284 -0.121547 0.211761
0.446732 -0.223939 0.0959244
-0.616561 -0.0887803 -0.22562
-0.999768 -0.0444261 -0.062514
-0.0236073 0.212302 -0.118521
-0.0409163 0.033382 0.0529967
0.0348998 -0.242889 -0.0118016
-0.792547 0.239771 0.0442079
0.121404 -0.109122 -0.216535
0.550669 0.114868 0.369194
0.124506 0.221053 0.103375
-0.0563885 -0.204188 0.133182
0.15486 0.216685 -0.110383
0.459691 0.202616 -0.134282
0.411772 0.199402 -0.138972
0.619931 -0.284358 0.261273
0.627148 0.0819384 -0.375943
0.757128 0.24098 0.302244
-0.230585 -0.153916 0.189393
0.542902 -0.334122 -0.0195012
0.72899 0.183482 -0.338374
0.244268 0.182721 0.162053
-0.0532811 -0.233416 -0.0674358
-0.783515 0.243584 0.00634683
0.534208 0.0162707 -0.0586152
-0.293631 -0.0622579 -0.234317
0.542902 0.118212 0.345183
-0.0617161 0.0285689 -0.0538393
0.690209 0.266758 0.279696
0.382107 -0.171255 0.173765
-0.63925 -0.220978 -0.1007
0.708331 -0.37227 0.100954
0.783768 0.331195 0.198924
0.143965 -0.0440602 0.0439519
0.542902 -0.350841 0.101646
-0.0371096 -0.226758 -0.0870424
-0.905567 -0.164401 -0.178376
0.581158 -0.27085 0.275311
0.242031 0.00320227 -0.24245
-0.186146 0.118115 0.213939
-0.960995 -0.0312542 -0.240427
-0.26804 -0.0614257 -0.00200265
0.285114 -0.125658 0.209332
-0.563639 0.0489565 0.0387997
-0.682922 0.211948 0.121077
-0.977894 -0.240815 -0.00925006
-0.331653 -0.0430399 -0.0430489
-0.834174 -0.216493 0.111868
-0.612859 0.209142 -0.123963
0.832924 -0.20724 0.23394
-0.530911 -0.20633 -0.12788
0.542902 0.0807732 0.345793
-0.546379 -0.220243 -0.102284
0.34005 0.0225106 0.0585008
-0.367649 0.00987586 0.0619097
-0.288322 0.21056 -0.121562
0.433573 -0.111287 0.217363
0.685146 -0.0805184 -0.376159
-0.836421 0.229153 0.0836978
-0.678157 0.241681 0.0318068
0.580707 -0.215354 0.320764
-0.471028 0.229444 -0.0809587
0.496951 0.0637899 -0.234019
0.562956 -0.101145 0.373076
-0.163476 -0.0155509 -0.0586954
0.655036 0.246122 -0.296132
-0.729668 -0.121044 -0.210121
-0.659881 -0.243119 0.00810624
0.542902 0.262488 -0.12854
0.113969 -0.0532271 0.031823
-0.892406 0.0382104 0.0495824
0.641835 0.363803 0.129571
0.241671 -0.187239 -0.15435
-0.903097 -0.0724218 0.23331
-0.544505 0.215986 -0.111732
-0.031803 -0.115859 -0.213016
0.575237 0.0579344 -0.0208432
0.131071 0.0282546 -0.0540008
0.733603 -0.135619 0.361922
-0.999768 -0.0398301 -0.187725
0.832924 0.329433 0.0727442
0.680032 0.336774 0.189283
-0.998097 0.172613 -0.137365
0.716309 0.0495973 0.383457
0.585744 0.365855 0.123615
0.42252 -0.174958 0.170009
-0.0250381 0.0601031 -0.234986
0.496061 0.100291 -0.220944
-0.439762 -0.0448328 0.240195
0.372926 -0.236255 0.0587953
-0.965834 -0.210523 -0.120902
-0.999768 0.210356 -0.00321906
0.832924 -0.0929734 -0.0566211
0.832924 -0.0961827 -0.152681
-0.292895 0.152581 -0.188884
0.542902 0.00724519 0.374818
0.369822 0.0614738 -0.00641333
-0.715114 -0.238984 -0.0442699
-0.506881 0.240417 0.0404616
0.653774 -0.063824 -0.37935
0.0137291 0.0456713 -0.238186
-0.299928 0.0586432 -0.018866
0.488662 -0.234091 -0.065088
0.727263 0.0635946 -0.379458
0.603511 0.0948331 0.374844
0.0989556 -0.0443103 0.0436929
-0.124566 -0.197015 -0.141732
-0.709003 0.0966686 -0.222542
-0.293004 -0.231957 -0.0722351
-0.366724 0.059355 0.0185592
0.688874 -0.0240019 0.0577232
-0.479239 0.201798 -0.135498
-0.205329 -0.240685 -0.0341006
-0.0693792 -0.0518412 0.0341074
-0.204538 -0.242638 0.0178333
0.283707 0.0349723 0.241903
0.237328 -0.0614226 0.00399441
0.0721418 -0.239065 0.045766
0.759664 -0.210043 0.32428
0.542902 0.219103 0.254215
-0.890061 0.219518 -0.104693
-0.701606 -0.217879 0.109118
-0.478222 -0.135035 0.203372
-0.0588437 0.157855 -0.184528
0.33585 -0.226734 0.0890345
-0.0491818 0.237404 -0.0537967
-0.929718 0.132713 -0.203247
0.832924 -0.102804 0.291165
-0.60534 -0.0371722 -0.0481302
0.676909 -0.374838 -0.0889177
-0.323841 -0.242952 -0.0105299
0.642982 -0.183818 0.339894
0.481852 0.242483 0.0247044
-0.754305 -0.150127 -0.1905
0.209128 -0.23487 0.0641902
-0.296492 -0.110533 -0.215821
-0.0282647 -0.215512 0.113765
0.542902 0.237601 -0.239545
0.711192 -0.277135 -0.267026
-0.191833 -0.194342 0.147284
-0.0016717 -0.00995657 -0.242256
-0.0569131 0.234715 0.0662861
-0.377306 -0.17206 0.172961
0.248087 -0.108535 0.218759
0.202036 0.0601518 -0.013687
0.832924 -0.0320001 -0.310183
0.832924 0.0219698 0.227528
0.436619 0.238458 0.0509385
0.467129 -0.243175 0.00581251
0.578793 -0.324954 0.208348
-0.350834 0.158972 0.185503
-0.762284 -0.200342 0.138946
0.547277 0.365354 0.125097
0.746854 0.146365 0.357865
-0.943233 0.183294 -0.159472
0.633949 0.0323782 -0.383359
0.703441 0.10267 0.372773
-0.808991 0.0162588 -0.241939
-0.293022 0.227654 -0.0858037
0.147422 0.213974 0.117431
0.758401 0.346481 0.170776
-0.999768 0.110544 0.0869644
-0.734793 -0.05502 -0.0265563
0.732108 0.214452 0.321651
-0.211237 -0.039111 0.0485211
-0.867053 -0.0260287 0.0568152
0.542902 0.355441 -0.0887085
0.542902 0.269175 0.0219422
0.548911 0.0442477 -0.38218
0.259983 0.0249346 0.0575015
-0.12017 0.183332 -0.159429
0.580341 0.382419 0.0524948
-0.475477 0.0607796 -0.0108258
0.347748 -0.0221696 -0.0565408
0.832924 -0.171065 -0.160916
-0.011925 -0.127986 0.207908
-0.214522 0.045311 -0.0411494
0.542902 -0.274123 -0.262357
0.832924 0.191083 0.116107
0.141717 0.243435 0.0110363
0.832924 0.319556 -0.0151376
0.542902 0.276057 -0.0194521
-0.314494 -0.202433 -0.133927
0.740159 -0.107923 0.371163
0.832924 0.136679 0.028736
0.32594 -0.000943574 -0.242466
0.542902 0.34221 0.10196
-0.279058 0.0837694 0.229608
0.552639 -0.380707 -0.0593811
0.719584 -0.0516771 -0.0324342
0.202461 0.00848448 -0.242328
-0.0889347 0.0371211 0.0504145
-0.194916 0.155958 -0.186124
0.686999 0.359853 -0.138305
0.0144363 0.174476 -0.169009
-0.399782 -0.0535298 -0.0293633
0.172997 0.0109411 -0.242232
0.550491 -0.382887 0.0454167
0.0285926 0.0198796 0.243602
-0.858297 -0.241311 -0.0294896
0.187119 0.0596616 0.0174935
0.0908265 -0.0797522 0.23089
0.542902 -0.240177 -0.175598
0.542902 -0.313662 -0.0435221
-0.148794 -0.242142 0.0238889
0.674822 0.38586 -0.00266812
0.542902 -0.329775 -0.107056
0.00306049 -0.0766073 -0.230031
0.353187 -0.197271 -0.141377
0.542902 -0.120672 0.241822
0.137255 -0.24292 -0.0111967
-0.932719 0.0125558 0.244085
0.256214 -0.0690049 0.234351
0.832924 -0.249075 -0.0893021
0.0984645 0.160998 0.18374
0.393603 0.0342057 -0.240083
-0.383872 -0.0669375 -0.233025
0.698512 0.1276 -0.363056
-0.157563 -0.178868 -0.163932
0.174927 0.0382491 0.241408
-0.613222 -0.00572123 -0.0604564
0.0253858 -0.23924 0.0448224
0.360846 0.243306 0.013766
-0.714192 -0.0587758 -0.0171581
-0.451743 0.0381369 0.0496397
-0.210831 0.240654 0.0389964
0.832924 0.173098 -0.145841
-0.218036 0.242576 -0.0218027
0.439366 0.145278 0.196451
-0.907647 0.10998 0.218244
-0.999768 -0.202784 -0.0679879
0.511543 -0.0489905 0.0382081
0.402991 -0.209886 -0.121997
0.619403 -0.382701 -0.0450611
-0.661915 -0.180839 -0.161765
-0.795904 0.189769 0.153697
0.68842 -0.369758 -0.107952
-0.430604 -0.235656 -0.0592622
0.727939 -0.065126 -0.379128
0.285896 -0.00751361 -0.242346
0.832924 0.298678 -0.147791
-0.170014 -0.0219124 0.243391
0.501909 0.232999 -0.0702315
-0.163631 -0.00175919 -0.242461
0.832924 -0.111913 0.142687
0.316424 -0.23441 -0.0639462
0.551495 -0.043751 0.0442682
-0.165747 0.221853 -0.0997041
0.333614 0.241468 0.0334299
0.542902 -0.0169969 0.33074
-0.855681 0.0566698 -0.0239349
-0.351171 -0.211381 -0.119405
0.436622 0.0613037 0.00963974
-0.127362 0.232799 0.0728115
-0.385941 -0.213148 -0.116246
0.654156 -0.384337 -0.0284203
-0.142197 0.218582 -0.106615
-0.934808 -0.0950033 -0.223076
-0.276136 -0.0286445 -0.240752
0.311002 -0.159254 -0.182968
-0.445709 0.159043 -0.183512
-0.854371 -0.0863368 -0.226564
0.616857 -0.050694 -0.0339142
-0.165967 0.00939908 0.0619835
-0.481143 0.0981148 -0.221913
-0.35473 0.0304234 -0.240586
0.542902 0.23371 0.167519
-0.00824014 0.186682 -0.155521
0.123431 -0.152902 -0.188288
0.165338 0.243341 -0.0111668
0.088489 0.0546492 0.238233
-0.65988 0.116655 0.214741
-0.195027 -0.147097 0.19477
-0.0150405 -0.0582209 0.237282
-0.372487 -0.189954 0.152943
0.633003 -0.0574873 0.0228457
0.0287767 -0.20853 -0.124284
-0.320886 0.24358 0.00652257
0.0382046 -0.100121 -0.220831
0.750145 0.38296 -0.046382
0.416495 -0.110114 -0.216034
-0.0897802 0.061667 -0.00457857
-0.246282 0.243447 0.0107341
-0.683039 -0.0494198 -0.0357046
0.547686 0.155209 0.354114
0.269671 -0.152828 0.190278
-0.00537881 -0.0571054 0.0238276
0.240224 0.160754 -0.182025
-0.85209 -0.115736 0.215013
-0.924134 0.0254663 -0.0553365
0.762519 -0.327854 0.20373
-0.8161 0.0875746 -0.226251
-0.803908 -0.139169 0.200547
-0.0334202 -0.167465 -0.175515
-0.289245 -0.18213 -0.160318
0.542902 0.0478082 -0.344627
0.832924 -0.14024 0.192924
0.561588 -0.385402 0.00752482
-0.637721 -0.19566 0.145515
0.593588 -0.38262 -0.0457373
-0.999768 0.10846 -0.133816
0.62905 0.22838 0.311895
0.832924 -0.0639425 0.172527
0.522267 -0.058619 0.0195903
-0.555418 0.00546198 -0.0605181
-0.69682 0.0563645 -0.0246159
-0.803902 -0.00828201 0.0620844
0.119173 -0.0538384 0.238322
0.771164 0.0592016 -0.380164
-0.141737 -0.243036 -0.00859096
0.832924 -0.119615 -0.0500171
-0.732888 0.0431982 -0.0433039
0.336009 -0.0541842 -0.0281733
0.584355 0.134611 0.362456
0.321392 -0.199615 -0.138067
0.832924 -0.307132 -0.122798
-0.999768 0.13582 0.147103
-0.239095 -0.00787871 -0.242334
-0.440312 -0.196605 0.144226
0.3162 0.192236 0.150584
0.226854 -0.15847 -0.183644
0.216495 -0.0527491 0.238568
-0.756455 0.0306357 0.0546489
0.570808 0.0140011 0.386386
0.724145 -0.385247 0.0137198
-0.720611 -0.19659 0.144246
-0.372287 -0.0309621 -0.240465
-0.636091 0.23697 -0.0556414
-0.214618 -0.120013 0.21264
0.542902 0.297835 -0.151585
0.743589 -0.361625 0.134437
-0.97727 0.0100734 -0.0599486
-0.0784457 0.0522736 0.0340869
0.176067 -0.180861 0.16367
-0.0173996 -0.239458 0.0436144
0.172439 -0.0321607 -0.0515699
0.309236 -0.240913 0.0344258
0.0816728 0.158212 -0.184224
-0.801785 -0.228298 -0.0829645
0.204702 -0.0912095 0.22658
-0.441083 0.0431584 -0.23865
-0.678353 0.102259 0.221975
0.542902 0.0215956 0.358996
-0.908315 0.182683 -0.160166
0.741225 -0.0527664 0.0326075
0.151153 -0.0525484 -0.0310401
0.542902 -0.189151 0.247885
0.385362 -0.226426 -0.087894
-0.982288 0.224308 -0.0756939
0.450267 -0.196338 -0.142663
0.172267 -0.0192246 0.243621
0.542902 -0.252309 -0.104018
0.666489 -0.318323 0.218396
-0.999768 0.0597463 -0.190939
0.326327 -0.0110328 0.0616387
-0.999768 0.216765 0.0315088
-0.496295 0.0199094 -0.057513
-0.0362754 0.1973 -0.141918
-0.959257 0.187445 0.156536
-0.496164 -0.0561245 -0.0242182
0.449629 0.0125324 0.244086
0.157283 0.170455 -0.173037
0.73809 -0.0432528 -0.382246
-0.733212 -0.226572 -0.0875215
-0.825753 -0.0381238 0.241361
0.411379 -0.18928 0.153782
-0.634019 0.242192 0.0275037
0.192738 0.152507 -0.188944
0.632331 -0.379581 -0.0661048
-0.572806 -0.0998204 -0.220967
-0.999768 0.103256 0.165936
-0.985988 -0.129577 -0.192718
-0.9771 0.220259 -0.0998298
-0.974481 -0.224827 -0.0918703
-0.054388 -0.20056 -0.136699
-0.293735 -0.00401871 -0.060597
0.695269 -0.207836 -0.323776
-0.472355 -0.0251379 0.0572251
0.542902 0.0173354 -0.291794
0.832924 -0.312695 0.0516955
0.498493 -0.0186297 0.0597253
0.71448 0.0365488 0.0508366
-0.158714 -0.0597298 -0.0136974
0.701611 -0.256818 0.288499
0.832924 -0.126314 0.285021
0.274809 -0.0266007 0.242917
0.772217 0.00656863 0.38658
-0.810205 0.0492848 -0.0364434
-0.88069 -0.233157 0.0702444
-0.414913 -0.0440475 0.240341
0.728179 0.224961 -0.312446
0.765056 -0.272456 0.273715
0.42477 -0.0685422 0.234488
-0.804468 -0.161671 -0.180844
-0.54299 0.00275101 -0.242455
-0.858798 0.158244 -0.184197
-0.428297 -0.10957 -0.21631
0.0968123 0.0375698 -0.0481469
0.0929264 -0.188614 0.154605
0.462812 0.24332 -0.0115636
0.0494267 -0.237423 -0.0518579
0.832924 -0.108191 -0.231095
0.433063 0.233036 -0.0701109
-0.443518 -0.237834 0.0519075
-0.878346 -0.125484 0.209438
0.602212 0.376243 0.0866278
0.381348 -0.0321621 0.0534985
-0.563387 -0.231505 0.0755856
0.591404 -0.181745 0.341012
-0.481757 0.220974 -0.101615
-0.674331 0.0530152 0.238602
-0.365623 -0.0102223 0.0617833
-0.619787 -0.183006 -0.159321
0.719301 0.385535 -0.0152784
0.832924 -0.0997863 0.0713719
0.19385 -0.0614943 0.000376378
0.542902 0.323231 -0.160709
0.479792 0.222992 0.0990873
0.38454 0.230874 -0.0768421
0.383744 0.054047 -0.0291896
-0.0185992 0.0972845 0.224205
-0.381982 -0.151426 0.191402
-0.15109 -0.18096 0.16356
0.832924 0.00428559 0.252513
0.0793598 -0.0260967 -0.0548537
0.583943 0.239531 -0.301466
0.542902 0.309063 -0.123299
0.628118 -0.0255386 -0.383842
0.722734 0.385293 0.0221848
-0.99341 -0.0627936 0.21772
-0.3162 0.00147221 0.0626586
0.832924 -0.103158 0.183185
-0.149724 -0.0812305 -0.228442
0.413605 0.00938838 0.244225
0.374332 -0.0592799 -0.0154277
0.542902 0.165959 -0.23647
-0.364841 -0.0614865 0.00210784
0.327474 0.053667 0.238456
0.36404 0.237454 -0.0535795
-0.05319 -0.0344098 0.0520452
0.542902 -0.318148 -0.0844183
0.0472215 -0.0476484 -0.0379882
-0.294779 -0.0607044 0.0108235
0.542902 -0.307792 -0.198267
-0.896938 -0.0493792 -0.0357595
0.486798 0.00388785 -0.0606323
-0.999768 0.104696 0.128035
0.784123 0.370695 0.108111
-0.464363 0.0110806 0.0617064
-0.731272 -0.0386803 -0.239342
-0.989009 -0.0340989 -0.22659
0.542902 -0.286843 0.050269
0.225115 0.0618034 0.00469919
0.72862 -0.267124 -0.277014
-0.259371 0.20304 0.135574
0.504969 -0.0514849 -0.0327309
-0.999768 0.0685959 -0.168649
0.5992 0.203583 0.328652
0.392755 0.159002 0.185477
0.583497 0.372335 -0.100336
-0.736291 0.0292799 -0.240727
-0.565425 0.100755 -0.220734
0.594724 0.3858 -0.00675911
-0.534498 0.243613 0.00480146
0.0968541 -0.140265 0.199778
-0.891324 -0.0379938 -0.239452
-0.696692 -0.22823 -0.0831491
0.832924 0.0292755 -0.171491
0.542902 0.132465 -0.300441
-0.0376698 0.18295 0.161793
-0.257456 -0.0570262 0.0240251
0.155431 -0.00345642 -0.242441
-0.155189 0.189681 0.153806
0.375184 -0.100642 -0.220595
0.558769 -0.373738 -0.0933869
0.275564 0.234286 0.0678076
0.209883 0.237387 -0.0538668
0.832924 0.275405 -0.10336
-0.0251105 -0.135729 -0.200977
0.542902 -0.0309748 -0.343803
0.409265 -0.0325262 0.242187
0.832924 -0.180892 -0.282861
0.232092 -0.0475579 0.0400286
0.764091 -0.302347 0.240128
0.64746 0.215088 -0.319296
0.743528 -0.176009 -0.342089
0.594962 -0.385212 -0.0128109
0.317493 -0.0362352 -0.0488298
0.419823 0.0732894 -0.23124
-0.010725 -0.0353199 -0.0494869
-0.999768 -0.0600816 0.0126202
0.651538 0.257764 0.288028
-0.592205 0.0822238 0.230167
-0.527828 -0.165285 0.17949
0.64834 -0.299473 -0.24179
-0.589967 0.14904 0.193602
-0.134193 -0.112548 0.216709
0.473209 0.0554339 0.0284969
0.46559 0.175391 0.169995
0.542902 0.311595 0.087625
0.56365 0.361089 -0.135071
0.735237 -0.0534255 0.382884
0.472157 0.0235323 0.0580943
-0.238643 -0.0811363 0.230404
-0.255791 0.226848 0.0898184
-0.7532 -0.237024 -0.053626
0.542902 -0.228565 0.158241
0.359312 0.142037 0.198815
0.832924 0.207059 -0.146122
0.699225 -0.137132 0.361349
0.710541 -0.0152813 0.386321
0.409457 -0.148896 -0.19146
-0.801074 0.0432858 -0.238627
-0.566291 0.200878 0.138777
-0.994009 0.0963702 -0.202591
-0.82218 0.0507624 0.0363506
-0.189701 -0.0427072 -0.0433734
-0.563723 -0.0522621 0.0334368
0.653251 0.201179 0.330131
0.467819 0.160658 -0.18211
0.393397 0.143946 -0.195503
0.339174 -0.243195 0.00471382
-0.180967 0.215437 -0.112777
-0.695078 0.241951 -0.0276888
-0.450651 -0.234587 -0.0633041
0.832924 -0.195143 0.00572477
0.291923 0.24229 -0.0246655
0.762813 0.16172 -0.349255
-0.601349 0.119086 0.213398
-0.869714 -0.0285903 -0.240759
0.265167 -0.0334352 0.0526924
-0.993701 0.212403 0.0770884
0.763576 -0.379338 -0.0674671
0.00364266 0.0904927 -0.225108
-0.75295 -0.239238 0.0448319
0.630237 -0.198784 -0.3294
-0.9078 -0.225675 -0.089788
-0.535055 -0.0532973 -0.0297716
0.663951 0.36827 0.116165
-0.0145767 -0.0834215 0.229581
0.664156 0.0701236 -0.378313
-0.709806 0.148296 -0.192246
0.432615 -0.0252507 -0.241133
0.6224 -0.0353823 0.0513724
0.658895 -0.0284364 -0.383637
0.542902 0.239741 -0.143894
0.285125 -0.179497 -0.163247
0.598231 -0.21839 -0.316767
-0.939139 -0.234412 0.0658694
0.0217005 0.0427128 0.240659
0.114478 -0.0867298 -0.226414
-0.883559 0.0358553 0.241774
0.567951 0.0263276 0.0568717
-0.380789 0.239026 -0.0462227
-0.101544 0.209282 -0.123729
0.542902 -0.0826541 0.255318
0.259895 0.0225357 -0.241443
0.832924 0.085214 -0.0729155
0.41583 -0.242847 -0.0125645
-0.988215 -0.159718 -0.165611
-0.0111617 -0.236911 -0.0541134
-0.730839 -0.00635823 0.062321
-0.0687915 -0.156836 0.186966
-0.450492 -0.242363 0.0214188
0.694513 0.375455 0.0900184
-0.509562 0.242765 -0.0196974
0.474866 0.0976995 -0.222095
0.435876 0.0494845 -0.0361799
0.542902 -0.260877 0.166132
-0.0719053 0.120239 -0.21082
-0.108078 0.24361 0.00495995
0.370101 -0.0889165 0.227496
-0.248814 -0.0517453 0.238789
0.376727 0.206854 -0.127714
0.542902 0.365234 0.00687392
0.605663 0.122703 -0.364733
0.542902 0.0826571 -0.326897
0.426467 0.119769 0.213015
-0.057457 0.222942 -0.0972691
-0.377699 0.204808 -0.130941
-0.138082 0.198643 0.141976
0.832924 -0.214664 -0.250255
0.832924 0.0640039 0.1434
-0.449381 -0.208947 -0.123587
0.832924 0.0722012 0.102577
0.832924 0.165911 -0.22627
0.547885 -0.36265 -0.129696
0.325469 -0.241034 -0.0316151
0.774633 -0.383014 -0.042381
-0.739706 0.20132 -0.136201
0.832924 0.317556 -0.0478956
-0.167942 0.00609954 0.244327
-0.22661 0.164506 0.180594
-0.038838 0.147911 -0.19254
0.263318 0.241336 0.0344005
0.832924 -0.0186849 0.109572
0.339555 -0.0609411 -0.00729955
0.769617 0.256372 0.289271
-0.891366 0.139874 -0.198419
0.373939 -0.221404 0.101699
0.832924 0.0857713 -0.115174
0.331214 -0.0869801 0.228248
0.304341 -0.17411 -0.168954
0.832924 -0.275862 0.0284381
0.606578 -0.331087 0.198403
0.449854 -0.0877741 0.227942
0.641236 0.104746 -0.370265
-0.853222 0.141515 -0.197259
0.284091 -0.22715 -0.0860259
0.0358929 0.111885 -0.215342
0.542902 0.299008 0.213679
0.832924 -0.0684477 0.208668
-0.56795 -0.109217 0.218417
-0.0867655 -0.0570601 0.0239407
-0.999768 0.142747 -0.00376338
-0.86383 0.0712552 0.2338
-0.556424 -0.153337 -0.187935
0.454786 0.0509325 -0.237126
-0.995867 0.0921357 0.204431
0.682637 -0.196497 0.332696
0.461252 -0.0966354 -0.222375
-0.686378 0.195902 -0.143826
-0.993045 0.178756 0.139666
0.587334 -0.0156382 -0.384377
0.832924 0.0463888 0.20976
0.680433 0.0247707 -0.0556434
0.678652 -0.0110791 0.386467
0.832924 -0.00390595 -0.194173
0.542902 -0.207448 0.186193
-0.0286453 -0.0377869 0.0495856
-0.721646 -0.218688 0.107471
-0.676362 -0.00373469 -0.242437
-0.129298 0.0143316 0.0610339
0.542902 -0.318005 0.0295496
0.227091 0.208702 -0.124697
-0.0293812 0.0102355 0.244191
0.634772 0.0056978 -0.0604975
0.598201 0.252481 -0.290752
0.581861 -0.142503 -0.357326
0.688115 -0.383856 0.0360728
-0.164633 0.153672 0.189933
0.761085 0.269555 0.276995
0.832924 -0.274886 0.0915671
0.518831 0.243634 -0.00108079
-0.561846 0.133827 -0.20252
-0.318492 -0.220229 0.104245
0.309015 0.0570633 0.0249523
0.0787752 -0.0611532 0.0074701
-0.142669 -0.0554494 0.23795
0.832924 0.140488 0.225132
0.646094 0.385776 -0.00788634
-0.34459 -0.243001 0.0113832
0.64517 -0.33489 0.191877
0.599163 0.314604 -0.222409
0.542902 -0.198233 -0.272842
-0.413645 0.0212676 -0.0570378
-0.371814 0.166494 -0.176825
0.148772 -0.193308 -0.14672
0.542902 -0.268297 -0.00738227
0.559751 0.114475 -0.367387
0.460226 -0.0522691 0.238674
-0.410524 0.0514787 -0.237008
0.542902 0.312364 0.0631567
-0.0784916 -0.231287 0.0762573
0.832924 -0.120453 0.0617855
0.31637 -0.0396135 0.241119
0.184352 0.205294 0.132114
-0.644571 0.0161861 -0.058638
-0.068289 -0.103951 0.220988
-0.394653 0.0534787 0.238498
-0.553047 -0.235593 -0.059508
-0.283935 0.101498 0.222325
-0.5443 -0.0263424 0.0566667
-0.127113 -0.0130173 -0.0593078
-0.571212 0.242966 0.0191112
-0.54893 0.0432296 -0.0432735
-0.587966 0.189151 0.15446
-0.609461 -0.128663 0.207487
0.471306 -0.117511 0.214041
-0.00394977 0.0615787 -0.234606
-0.564157 -0.241008 -0.031804
-0.612835 0.236311 0.0602622
-0.816981 0.132619 -0.203309
-0.739714 0.217134 -0.109504
-0.278723 0.192594 0.150123
-0.693814 -0.202953 0.135072
-0.459548 0.177326 0.167967
0.286187 -0.116018 -0.21293
0.832924 -0.00040972 -0.282459
0.832924 -0.0624365 -0.171752
0.224135 0.239274 0.0468756
0.832924 -0.017998 -0.129223
-0.230419 -0.0744338 -0.230742
0.784304 -0.361996 -0.131499
-0.255833 -0.010429 -0.059818
-0.645212 -0.0350366 -0.0496853
0.832924 0.178895 0.00512942
0.832924 -0.152554 -0.040539
-0.487541 0.0389162 -0.0470929
0.288329 -0.0514225 0.0347558
0.643053 -0.373232 0.0973022
-0.0683004 -0.127134 -0.206504
-0.999768 0.111003 0.147799
0.312981 -0.0450517 0.0429067
-0.98399 0.0430959 0.232166
0.199495 0.176926 0.16839
0.156504 -0.0529226 -0.236599
0.695377 0.374649 -0.0914173
-0.342155 -0.189351 0.153695
0.204027 -0.0845739 -0.227227
-0.718922 0.241277 0.0348213
0.543446 0.0535444 0.382926
-0.741654 -0.0584997 -0.235283
-0.0645712 0.214556 -0.114428
-0.525753 0.0983839 -0.221794
0.0275067 0.0199965 0.0594131
-0.658171 -0.140261 -0.197851
0.778576 0.0607098 0.0131087
0.580603 0.346402 -0.169008
-0.954 0.0330647 0.0531977
0.0463947 0.219827 -0.10405
0.403937 0.02505 -0.0555214
0.685508 0.0201914 0.386114
0.832924 0.0877958 0.16918
0.832924 0.217186 -0.194746
0.762545 0.283079 -0.261188
-0.999768 -0.0516457 0.0344261
0.776991 -0.361609 0.134482
0.832924 -0.170774 -0.210644
0.832924 0.00916575 0.197053
0.684807 -0.308072 0.232702
-0.64385 -0.233567 0.0688488
-0.987723 0.205095 -0.106616
-0.57435 0.00156256 0.0626567
0.832924 -0.0211422 0.230926
0.394977 -0.210042 0.12366
-0.488517 0.0592327 0.0189652
-0.279296 -0.24159 0.0291194
0.550361 0.313827 0.225427
0.542902 0.240164 0.259057
-0.224384 0.0310679 -0.0524721
-0.263831 0.0430015 0.240607
-0.999768 0.0136274 0.131524
-0.0896249 -0.0155818 0.243885
-0.523428 -0.0266872 -0.240978
0.213848 -0.167822 0.177104
-0.7003 -0.182268 -0.160162
-0.578133 0.168388 0.176965
-0.388089 -0.234343 -0.0641871
0.726604 -0.227452 -0.310338
0.782761 -0.0983718 0.37382
-0.0771339 0.0326812 -0.240293
0.832924 0.107388 -0.29543
-0.484418 -0.167562 -0.175422
0.542902 -0.229316 0.213364
0.832924 -0.289617 -0.158424
-0.224308 0.214924 -0.113742
0.426831 -0.176135 -0.166852
0.135636 0.0509818 -0.0341055
-0.673762 -0.107993 -0.217099
-0.522109 0.0546333 0.0300474
-0.999768 -0.0639625 -0.0270579
0.832924 -0.188552 -0.143781
-0.836092 0.232621 -0.0714552
-0.371183 0.232207 -0.0727711
0.758653 0.268952 -0.275652
-0.866681 0.181181 -0.161851
0.832924 -0.166052 0.189515
0.832924 0.256373 -0.0343679
-0.512264 0.0610583 0.0112202
0.0710998 0.231627 -0.0745709
0.542902 0.0423986 -0.325787
-0.537097 0.0560077 -0.0253852
-0.790861 -0.019412 -0.241676
-0.335743 0.11611 0.215037
0.74554 -0.0810824 0.377967
-0.210817 -0.0543925 -0.027781
-0.605841 0.00520761 -0.242417
0.748867 -0.167722 0.348151
-0.78364 0.161102 -0.181719
0.832924 0.199836 -0.0337119
0.569441 -0.338494 0.185407
0.832924 0.0732721 0.233113
-0.984506 -0.198677 -0.123514
-0.0253814 0.150814 0.192219
0.832924 0.0465738 0.308861
0.542902 0.0873667 -0.286452
0.502354 -0.230529 0.0785508
0.063195 0.0396649 0.0484096
0.731977 -0.0232335 0.0580449
0.302228 0.0399794 -0.239198
0.340822 -0.0378665 -0.239472
-0.264645 0.0514274 -0.0334515
-0.763264 0.151644 0.191563
-0.999768 0.164751 0.0662439
-0.676665 0.140857 0.199656
0.832924 0.252836 0.0781557
-0.908198 -0.000697924 0.0626649
-0.00406371 -0.20133 -0.135569
0.542902 0.150604 0.278857
0.250474 0.10169 -0.220308
0.349941 -0.175327 -0.167697
0.68894 0.234657 -0.30526
0.832924 -0.270096 0.199405
-0.110638 -0.13507 0.203348
0.243879 0.241515 -0.0311561
-0.948253 -0.231762 -0.072852
0.778003 0.344762 -0.172307
0.0420865 0.0606114 -0.0116591
0.636063 -0.311112 -0.226671
-0.978648 0.0606621 -0.0114143
-0.884334 -0.0536209 0.0311307
0.286503 0.00867483 0.0620881
0.255055 -0.177614 0.167213
0.73637 0.37586 -0.0863616
0.390527 -0.0614113 0.00421716
-0.782316 0.00938781 0.244225
0.623403 0.00557382 0.0624379
-0.269213 -0.199864 0.139638
0.466303 0.113737 0.216305
-0.251624 -0.0147537 0.243938
0.243461 -0.038731 -0.239334
-0.115588 -0.0551028 0.238031
0.266802 0.220854 -0.101875
-0.524673 -0.231988 -0.0721367
0.616678 0.355417 0.151188
-0.51579 -0.0656198 -0.233399
0.350404 0.237427 0.055626
-0.42745 -0.207809 -0.125478
-0.0468118 -0.115851 0.21495
0.412679 -0.226905 -0.0866637
-0.583244 -0.0140509 0.24398
-0.973764 0.0455199 -0.0409246
-0.548026 0.197991 -0.140959
0.601738 -0.327977 -0.201601
-0.928995 0.223523 0.0978726
-0.583439 -0.0780625 0.231471
0.74916 -0.245465 -0.296328
0.440671 0.058352 0.237353
0.252175 0.0829313 -0.227983
-0.589447 0.042645 -0.238741
-0.70509 0.227595 -0.0859582
0.0612996 -0.104884 -0.218615
-0.417382 -0.242114 0.0241845
0.832924 -0.0490316 0.319282
-0.903477 0.0110138 -0.0597889
-0.581725 0.116408 0.214875
0.658192 -0.381002 -0.057493
0.542902 -0.0421611 -0.362905
-0.6334 0.225118 -0.0921813
-0.453604 0.0208289 -0.0571952
-0.160864 0.0464483 0.239966
-0.373642 -0.240189 0.0392816
0.14752 -0.243178 0.0056952
0.669837 0.196247 -0.331163
0.590775 -0.258555 0.286937
-0.662964 0.235709 0.0626073
-0.496762 0.0111344 0.0616968
-0.629245 0.180795 0.16421
-0.0571381 0.0881443 -0.226031
0.765098 0.383699 0.0418991
0.188616 0.124995 0.209983
0.734662 -0.378646 0.0731293
0.224627 -0.0314391 0.0539372
0.542902 0.172611 0.345142
0.319003 0.211003 0.122727
-0.928896 -0.133652 -0.20236
0.832924 -0.177435 0.0311191
-0.653026 0.217656 -0.108473
-0.960231 0.107557 -0.217522
0.763476 0.37568 0.0890633
-0.766968 0.0108812 -0.0598123
0.537008 -0.0428176 -0.0432662
0.832924 -0.0597815 -0.146389
-0.421499 -0.164376 -0.178399
-0.366273 -0.0501801 0.0365821
-0.190656 -0.162129 0.182365
-0.944939 0.0491855 -0.0365732
0.648354 -0.0138733 0.061043
-0.61117 -0.0978027 0.223795
-0.572128 0.177697 -0.165643
0.428162 0.0412233 0.240918
0.832924 -0.143304 -0.278019
0.832924 0.239034 -0.0932606
0.736671 0.040276 -0.382616
0.472031 0.0629546 -0.234243
-0.819492 -0.0391364 0.0485001
-0.653096 0.0473842 -0.0388134
0.031187 -0.22517 -0.0910349
0.717305 -0.210974 0.323674
0.832924 0.294375 0.0480482
-0.488193 0.23414 -0.0663884
0.457652 -0.0553571 -0.0258691
-0.769443 0.229979 0.0813766
0.305036 0.214287 -0.114926
0.556773 0.256565 -0.28717
0.187141 -0.0243408 -0.241227
0.0418073 0.197836 -0.141175
-0.68772 -0.0513338 0.238879
0.637127 -0.299507 0.243677
-0.134074 -0.209147 -0.123252
0.567559 0.00732812 -0.0603301
-0.611088 -0.240565 -0.0349121
-0.539816 -0.0628077 -0.23417
0.832924 -0.200941 0.177206
0.592491 -0.0382366 -0.382782
0.602846 -0.112869 -0.367753
0.832924 -0.0914681 -0.302196
-0.49359 -0.112484 0.216742
-0.858787 -0.169244 0.175737
-0.710579 0.195366 -0.144548
0.663304 0.367668 -0.116141
0.542902 0.248771 -0.0976626
0.732181 0.381978 -0.0537404
-0.756922 0.243522 0.00864767
-0.453673 -0.220143 -0.102497
0.181367 -0.0816958 0.230205
0.135413 0.145584 0.196224
-0.794409 0.0881804 -0.226017
0.0621799 -0.0240835 0.0576884
0.369433 -0.0682427 -0.232646
0.832924 0.283704 0.161729
-0.511486 0.112573 -0.214985
-0.857715 -0.243042 -0.00842275
0.563429 0.033271 0.385212
0.542902 -0.322146 0.0643917
0.507535 -0.119799 -0.210831
-0.82323 -0.211109 -0.119882
0.542902 -0.273483 0.0993578
0.72984 0.294955 -0.247761
0.460443 -0.0259339 -0.0549301
-0.270063 -0.0960941 -0.222609
-0.670952 0.228138 -0.0845257
0.542902 -0.0913743 0.276775
0.626568 0.151852 -0.353639
0.832924 0.0546119 -0.316212
0.543248 0.36666 -0.119257
-0.874632 0.0499975 0.0374189
-0.0979272 -0.234005 -0.0653923
-0.216461 -0.24322 0.00225811
0.832924 -0.0329237 0.189779
0.769831 -0.0591371 -0.0159373
-0.493707 -0.233229 -0.0680715
0.715982 0.0364972 -0.0489447
0.564922 -0.0329436 0.0530088
-0.427535 0.228859 0.084507
-0.72454 -0.145194 -0.194272
0.124126 0.0521536 0.0342748
0.0334249 -0.0496598 0.239235
0.832924 0.0543554 -0.249119
-0.970777 0.235645 -0.0609238
-0.753576 -0.144252 0.1969
-0.389355 0.0100538 -0.242269
-0.07139 -0.094308 -0.22337
0.288459 -0.240812 0.0351463
0.619746 -0.0733587 0.37955
0.480815 -0.211138 -0.119831
0.1227 0.0705495 -0.232085
0.528738 -0.0609456 -0.00726647
-0.880248 0.135395 0.203411
-0.999768 0.134038 -0.150538
-0.857849 -0.0494139 -0.237357
0.832924 -0.0942794 -0.193155
-0.479727 -0.224427 -0.0928331
0.56225 0.325614 -0.206042
-0.985921 -0.232916 0.00742157
-0.70409 -0.232256 0.0732093
0.832924 -0.0832429 0.10915
0.15556 0.0161063 -0.0586593
-0.355835 0.181131 -0.161907
0.0353046 -0.0822522 -0.228076
0.832924 0.216697 0.0841048
-0.512541 0.192915 0.149708
-0.969149 0.202417 0.136508
0.0846836 0.0946904 0.225315
0.542902 0.0720141 -0.26682
-0.417291 0.213146 0.118939
-0.717588 0.0514165 -0.237022
-0.716311 -0.160088 0.184171
-0.795361 0.241051 -0.0344617
0.13255 -0.024639 0.0574472
0.12784 -0.0653146 -0.233484
0.832924 -0.241851 0.00276339
-0.813414 0.202929 -0.133811
0.160794 0.0606605 -0.0114221
-0.491531 0.159659 0.184909
0.745288 -0.318898 0.217551
0.466834 0.181775 -0.161189
-0.999768 0.0818281 -0.125717
-0.553833 -0.0613746 0.00485106
0.542902 -0.0176873 0.309031
-0.168983 -0.0429195 -0.0431669
-0.93886 -0.0330816 -0.240181
0.512172 0.0490149 0.0387243
0.639263 -0.00582026 0.386585
-0.736023 -0.205305 0.131439
-0.961611 0.232688 0.0731692
-0.731944 -0.239169 0.0452108
-0.999768 0.183352 -0.0398485
0.51553 0.0987 0.223584
0.542902 -0.202959 0.288153
-0.00308672 0.107612 0.219424
-0.999768 0.104134 0.0173981
-0.999768 0.0189596 0.205568
0.4478 -0.238883 0.0467299
0.0920865 -0.0794947 -0.22905
-0.0509045 -0.0594485 0.236975
-0.300132 0.117095 -0.212571
0.111117 0.0270878 0.24291
0.832924 -0.210079 0.109667
-0.668563 0.00349227 0.0625842
0.832924 -0.243128 -0.0325239
-0.0368516 0.00469044 -0.242427
-0.494848 0.231179 0.0778611
-0.128895 0.240735 0.0384774
0.832924 -0.169379 0.111739
-0.420915 0.121894 0.211803
-0.185955 0.181967 -0.160973
-0.73534 -0.0995833 -0.221074
-0.446811 -0.22785 0.0861041
-0.793615 -0.129699 -0.204908
0.542902 -0.183925 -0.246482
-0.180394 -0.0252938 0.0571546
0.832924 -0.12706 0.157211
0.623782 0.369046 -0.111726
-0.216612 -0.175695 0.169242
-0.467488 0.213582 0.118148
-0.781304 -0.156331 0.187391
-0.565165 -0.243222 1.54725e-05
0.706753 -0.283482 0.262228
-0.871459 0.214419 -0.114682
-0.382838 -0.0275025 0.0560987
0.542902 -0.314775 -0.165297
0.0890766 -0.242901 0.0134832
-0.860326 0.241959 -0.0276234
-0.180385 0.129324 -0.205407
0.253664 -0.237092 0.0552558
0.832924 0.0391288 0.19153
-0.459819 0.22579 0.0924709
0.163695 0.225759 0.0925475
-0.760038 -0.11133 0.217341
0.560325 -0.0716083 0.379886
0.125868 -0.214758 0.115195
-0.476351 0.180318 -0.162806
0.832924 0.279424 -0.0761606
0.078087 -0.0480685 0.239563
-0.367266 0.218734 0.108235
-0.827619 0.239678 0.0447243
-0.929026 0.110553 0.217953
-0.865878 -0.0863426 0.228492
-0.999768 0.0347939 0.124869
-0.999768 0.151922 -0.0862811
0.542902 0.22812 0.190255
0.719059 0.322323 0.213055
0.487456 -0.00322849 0.0625757
0.451195 0.0615948 -0.00532791
-0.567347 -0.164443 0.180266
-0.631087 0.128642 0.207761
-0.208201 -0.0103125 0.244171
0.0936262 0.019104 0.0597077
-0.0510823 -0.224064 0.0956273
-0.125253 0.132496 0.205318
0.648325 -0.365916 -0.120242
-0.305916 0.0358526 -0.239845
-0.226713 -0.0339912 -0.050397
0.425332 -0.191661 -0.148852
-0.0674439 0.0912708 0.226725
0.832924 0.13859 -0.116606
-0.958914 -0.0445965 -0.0414632
0.654923 -0.059636 -0.0140756
0.832924 0.16522 -0.289859
0.222545 0.00483279 0.0624981
-0.307859 -0.199967 0.13949
-0.388493 0.0807583 -0.228756
-0.00950459 0.123601 0.210808
0.542902 0.0997075 -0.24721
0.0254692 -0.243183 0.00543253
0.204066 0.121338 -0.210193
0.593327 -0.384957 0.0206145
-0.839711 -0.194493 -0.145153
0.142949 0.0320727 0.242304
-0.455538 0.0279232 0.242815
0.654274 0.354663 -0.151028
-0.970082 0.11209 0.217165
0.641753 -0.362365 0.132413
-0.267549 0.157671 -0.184684
-0.44017 0.237952 0.0532937
0.509221 0.0609047 0.0120935
-0.720097 0.0563706 -0.0246025
-0.518317 0.105163 0.220611
0.373945 0.040877 -0.0454454
-0.479774 -0.0598043 0.0153188
0.316901 0.0335907 0.242098
0.832924 -0.0917671 -0.267062
-0.930654 -0.0586112 0.0196147
0.129272 -0.225767 -0.0895582
-0.999768 0.150946 0.017069
0.490882 0.198493 -0.140257
-0.887205 -0.0622961 0.236236
0.174362 -0.23081 -0.07578
0.542902 0.218599 -0.315847
-0.0825473 -0.0237492 0.0578304
-0.999768 -0.131845 0.0703229
-0.827184 0.218083 -0.107622
-0.63893 -0.0208149 -0.241559
-0.953769 0.205557 -0.129773
0.587345 0.140384 -0.358327
0.631008 0.258707 0.287179
0.832924 0.16662 0.0804838
-0.813231 -0.240981 -0.0319988
0.125037 -0.240343 -0.0363765
-0.16716 -0.140199 0.199824
0.587852 -0.311199 -0.226552
0.438918 -0.149967 0.192554
-0.656815 0.162003 -0.180922
0.440354 0.186937 0.157146
-0.101804 -0.02503 -0.241157
0.772035 -0.310053 -0.228112
-0.144446 0.123958 -0.208669
0.832924 -0.133471 0.0987858
-0.599362 0.217345 -0.10909
0.569551 -0.379751 0.0670653
0.542902 -0.294955 -0.0679234
0.759075 -0.0613364 0.00541516
0.542902 0.106642 0.322057
-0.572539 -0.0304068 -0.240536
-0.113659 -0.0810606 0.230431
0.224226 -0.0263815 -0.241012
0.701448 0.293096 0.251877
0.253126 -0.126368 0.208902
-0.688923 -0.157737 -0.184272
-0.828274 -0.0561736 -0.235849
-0.836846 -0.010064 0.0618103
0.649558 0.156964 0.353339
-0.446259 0.234404 -0.0654647
0.409297 0.175928 -0.167507
-0.417089 -0.0127124 -0.242125
-0.582074 -0.216192 0.112455
-0.369732 0.121832 0.211839
-0.416379 -0.217321 -0.108306
0.191622 -0.117699 -0.212008
-0.594809 0.240908 -0.0354264
-0.520208 -0.160647 -0.18175
0.688857 0.363703 0.129854
-0.992333 -0.208012 -0.0889401
-0.153375 -0.16223 -0.180345
0.641433 -0.028512 0.385561
0.221137 0.169923 -0.173555
-0.999768 0.123645 -0.169748
0.637001 -0.0612345 -0.00472167
0.448695 -0.23603 -0.057778
0.102836 0.0895433 0.227414
0.832924 -0.0103679 -0.322739
-0.112385 -0.222553 -0.0972013
0.00666542 -0.177606 -0.165292
0.832924 0.206185 0.0447492
0.832924 0.151023 -0.153455
-0.159442 0.198076 -0.14084
0.543653 -0.19284 0.334838
0.333953 0.061812 -0.00262536
0.832924 -0.174185 -0.00863789
0.159334 0.099 0.223451
0.542902 0.33981 0.0444749
0.704314 -0.0415165 0.384368
-0.689769 0.243498 0.0093611
0.456574 -0.21233 -0.117722
0.832924 0.115956 -0.209773
-0.684391 -0.0749599 -0.230572
-0.0175671 0.214206 0.117004
-0.546973 -0.214901 0.114926
0.119478 0.197941 0.142958
-0.461844 0.11608 0.215053
0.387745 -0.243223 0.00134544
0.765457 -0.137656 0.361148
-0.393306 -0.102116 -0.219918
0.739183 -0.0198415 -0.0573934
-0.210154 -0.2158 0.113212
0.0237137 -0.0549557 -0.0266849
-0.610902 -0.225432 -0.0903897
-0.177033 0.193065 0.149513
-0.972974 -0.209956 0.123807
0.832924 0.0522183 0.119755
0.832924 -0.132562 -0.219117
-0.9987 -0.19309 -0.104993
-0.162125 0.0694617 -0.23241
0.0156328 -0.020669 0.243501
-0.462928 0.0933511 -0.223945
-0.788538 0.105327 0.220533
-0.604209 0.0258112 -0.241119
-0.999768 -0.152942 0.101175
-0.593151 -0.143566 -0.195474
0.666462 -0.379611 0.0678666
0.832924 0.293997 -0.109912
0.560857 -0.375617 0.0875287
-0.881079 0.196135 -0.143511
0.832924 -0.231389 0.202763
-0.705391 0.214237 -0.115018
-0.0856943 0.116357 0.214903
0.542902 -0.254398 0.219925
0.481926 -0.148925 -0.191437
-0.999768 -0.130389 -0.0169917
-0.218358 0.130296 -0.204796
-0.62077 -0.0718042 0.233502
-0.495806 0.147547 -0.192817
0.832924 0.06795 0.209881
-0.845249 -0.197596 0.142855
0.20073 0.13904 0.200929
0.491689 -0.203563 0.134143
-0.605631 -0.0170559 0.243785
0.832924 0.15117 0.102497
0.832924 -0.0206521 0.286516
-0.354057 -0.0808844 -0.228564
0.589713 -0.363214 -0.128118
-0.756936 -0.123904 -0.208452
0.111225 -0.0486378 -0.237517
0.221086 -0.215571 -0.111722
-0.143585 0.0282847 -0.0539855
0.832924 -0.146979 0.152105
-0.89871 -0.0163693 -0.0584732
-0.842856 -0.162579 -0.180031
0.67652 0.384496 -0.0316425
-0.992571 -0.0241114 0.22622
-0.340306 0.185766 0.158536
0.39462 -0.228335 0.084791
-0.96079 -0.0450672 0.04289
-0.81496 0.243107 0.0171077
0.144119 -0.241775 0.0274812
0.832924 -0.316212 -0.00322396
0.605707 0.0929675 -0.373382
-0.602966 0.0127464 0.244075
0.542902 -0.0775838 0.318358
0.542902 0.0465379 0.31879
-0.695324 -0.136813 -0.200243
-0.361358 0.214458 -0.11461
-0.115397 -0.185444 0.158421
0.453829 0.0462447 0.0420562
0.832924 -0.175601 0.209778
0.123883 0.128666 -0.205817
-0.870162 -0.0693563 -0.232317
-0.0287278 -0.150022 0.192511
0.0383785 0.224489 0.095614
0.194079 0.0519932 -0.0325941
-0.0302461 0.0546131 0.0300852
-0.51421 -0.0534669 0.0314041
-0.925382 -0.16474 -0.178064
-0.564774 0.0611142 -0.00895373
0.213871 -0.208221 0.126727
0.224584 0.145471 -0.194378
0.832924 -0.246911 -0.228061
-0.915864 0.237221 -0.0545804
-0.448009 -0.0279044 0.242769
0.665768 -0.0851975 -0.375127
0.512577 -0.150819 -0.189954
0.832924 0.109375 -0.0745431
0.107189 0.155929 -0.186148
-0.124923 0.00146983 0.244395
0.134335 0.0371491 -0.23965
0.329999 0.150261 -0.190723
0.71773 -0.107278 -0.369421
0.375432 0.230027 0.0812369
0.650315 -0.259954 -0.283736
0.546976 -0.243636 -0.297831
-0.782105 0.00925678 -0.2423
0.414293 0.23099 0.0784257
-0.624657 -0.0126289 0.0613212
0.390111 0.128407 0.207907
-0.471217 -0.0864421 -0.226524
0.571717 0.369659 0.11163
-0.978368 -0.0190514 0.0595884
0.832924 -0.00280413 0.129868
-0.636822 0.0615521 -0.00573157
0.738865 -0.385457 0.00136656
0.202047 0.0378403 0.0498694
-0.761157 0.0556301 -0.0261704
0.832924 -0.114269 0.0438887
0.133426 -0.114562 0.215644
-0.552384 0.232071 -0.0731985
0.631761 -0.353343 0.155042
0.378065 0.216158 -0.111401
-0.732362 -0.184533 0.159489
0.740077 0.212299 -0.32115
-0.501283 -0.0123189 -0.242146
0.698469 0.0840952 0.377399
0.325503 -0.0580093 0.0214163
0.542902 -0.0539061 0.287385
-0.922307 -0.0146082 0.243947
-0.0409058 0.124266 0.210416
-0.488841 -0.141461 -0.196998
-0.999768 0.0506161 0.164073
0.558945 -0.35128 0.159693
0.479878 -0.0574617 -0.235538
-0.936724 0.0509887 -0.237114
-0.0372304 -0.0416692 -0.238839
-0.792669 -0.239429 0.0437814
-0.340896 0.230845 0.0788559
-0.69522 0.11082 0.217817
-0.696444 0.0617828 0.00502494
-0.885755 0.166274 0.17896
0.496241 -0.242934 0.0128311
-0.0545096 -0.23613 0.0593014
-0.999768 -0.0713043 -0.0443565
0.542902 -0.335747 -0.15239
-0.406873 -0.0608118 0.236626
0.542902 0.304521 0.130204
-0.963463 -0.142846 0.197929
-0.382283 -0.114216 0.215829
0.832924 -0.0503198 0.224456
-0.929006 -0.208064 -0.125058
-0.408155 0.237412 -0.0537599
-0.999768 -0.102122 0.0155406
-0.716197 0.242453 -0.0230764
0.737523 0.0838666 0.37745
-0.224213 0.0584633 0.0213178
0.100088 -0.231465 0.0757069
0.542902 -0.150067 -0.235993
-0.549041 -0.0822964 0.22999
0.72564 -0.0428782 0.0451366
-0.190879 0.0183272 -0.0580224
0.66098 0.0534213 0.0322098
-0.650548 -0.0993712 0.223098
-0.29674 0.18966 -0.151903
-0.89622 -0.123584 -0.208642
0.493502 0.233308 0.0711417
0.59096 0.326046 -0.205361
0.499239 0.130321 0.206709
0.753121 -0.353867 -0.151904
-0.853231 -0.0595413 0.0163772
0.542902 0.142789 0.317895
0.115049 0.0617544 -0.00350526
-0.232796 0.239054 0.048011
-0.660635 -0.14494 0.196391
-0.902661 0.205769 0.131369
-0.999768 -0.0963292 0.0832112
0.0619975 0.0498689 -0.0356644
-0.0658724 0.242558 -0.0219939
0.585468 0.385726 0.011763
-0.866344 -0.226996 0.0883559
0.157641 -0.0534696 0.238406
0.832924 0.125182 -0.0217917
-0.855346 0.236705 0.0586699
-0.508339 -0.239488 0.0434451
0.333412 0.187607 0.156341
0.160576 -0.239542 -0.0412108
0.194667 0.0904312 0.227062
0.425226 -0.198752 0.141229
-0.613626 0.154619 0.18916
-0.294777 -0.220832 -0.101017
0.832924 0.143614 0.20261
0.656089 -0.335299 -0.189228
0.542902 0.067833 0.319475
0.0168492 -0.200436 -0.136879
0.621986 0.344807 -0.172218
0.356765 -0.213347 0.117812
-0.671766 -0.0490795 0.0380903
-0.57487 -0.0327978 0.24215
0.00982732 -0.208469 0.126315
-0.999768 -0.209821 0.0389651
0.236797 0.236295 0.0603251
-0.595638 -0.240869 0.0347438
0.420941 -0.0570843 0.0238802
0.240661 -0.0789851 0.231156
-0.548633 -0.180396 -0.162257
-0.313907 -0.113489 0.216214
0.350971 -0.0710945 -0.231792
0.158052 0.204846 0.132812
0.557471 -0.017002 -0.0582931
-0.029949 -0.241497 0.0299088
0.486635 0.0789131 0.231324
-0.977826 -0.00993761 -0.059902
-0.999768 0.156303 -0.0199965
-0.25508 -0.0977417 0.223822
0.832924 0.235311 0.125537
-0.0938062 0.117239 -0.212492
0.542902 0.258191 0.131559
0.233468 0.119415 0.213214
0.67247 -0.0434069 -0.382228
0.832924 0.269446 0.199773
0.615596 -0.207823 0.325713
0.658672 0.377979 0.0786169
-0.593437 -0.0847449 -0.227163
0.669152 0.304174 0.238336
-0.75347 0.115476 0.215379
-0.0120019 0.243602 -0.00348376
0.493416 -0.223155 -0.0958236
-0.586092 0.161542 -0.181331
0.248524 0.152649 0.190759
0.730674 -0.316737 -0.218772
0.542902 0.106785 -0.322594
0.832924 0.0834808 -0.251704
0.350683 0.0803736 -0.228891
0.367409 -0.117306 0.214154
-0.671412 -0.0307317 0.242424
0.49548 -0.239708 0.0421843
-0.0711767 0.239941 0.0432555
-0.999768 0.0870397 0.0254733
0.542902 0.338496 -0.0543169
0.542902 0.162357 -0.335618
-0.546595 0.055355 0.0286546
0.552958 0.248918 0.295725
0.683188 -0.363915 -0.126129
-0.208726 0.243553 -0.00564677
-0.576605 0.222812 -0.0975639
0.123902 0.117557 0.214247
-0.313687 -0.134931 -0.201512
0.286787 -0.162082 0.182406
-0.791969 0.220962 -0.101643
0.783493 0.384769 -0.0282482
0.59614 -0.0121679 0.0614174
-0.448699 0.152071 0.191222
0.00159933 -0.0398095 0.0479348
-0.336673 -0.112771 -0.214663
0.832924 -0.304439 -0.0935839
0.341586 0.0586644 0.0207328
0.542902 0.252903 -0.26525
-0.870049 -0.221629 -0.0992726
0.104102 0.235059 0.065039
0.542942 -0.303679 -0.236503
0.619598 -0.138272 -0.358983
0.0852539 -0.206504 -0.127601
-0.0966052 0.183164 0.16155
-0.936551 -0.158048 0.185936
0.379911 -0.241748 -0.0258
-0.751384 -0.174201 -0.16886
0.832924 0.288592 -0.045023
-0.491333 -0.218424 -0.106082
-0.763863 0.196507 0.144934
0.56405 0.0601432 0.0156518
0.68861 -0.267053 -0.277082
-0.678118 0.205354 -0.130091
0.427502 -0.140485 -0.197693
-0.0846008 -0.217687 0.109503
0.0332066 -0.047334 0.0403007
0.0785624 -0.170778 0.174237
-0.182236 -0.22341 -0.0952322
-0.505637 -0.241068 -0.0313581
-0.999768 0.0845248 -0.102734
-0.757951 -0.215249 -0.112338
0.832924 0.027811 -0.293386
-0.58262 0.213997 0.117389
-0.337251 -0.241878 -0.0245973
0.145667 0.230779 -0.0771225
-0.711036 -0.170001 -0.17307
-0.958376 -0.154602 -0.1869
-0.0971679 -0.241763 -0.0256614
-0.641928 0.112405 0.217002
0.68815 0.0278808 0.0561194
-0.723984 0.061367 0.00918134
-0.999768 0.185107 0.0993844
-0.392449 0.0195067 0.243632
0.721328 -0.0291251 -0.383585
0.144363 0.183452 -0.159292
-0.0206711 0.161773 -0.181126
-0.814524 0.184192 -0.158442
-0.181771 -0.0407513 0.240927
-0.530169 -0.0512959 0.238887
0.667787 0.375665 -0.0871984
-0.41415 -0.0968689 0.224203
0.180891 0.220415 0.104741
-0.999768 -0.0766315 -0.201787
-0.320055 0.234415 -0.065426
-0.926558 -0.0536915 -0.236426
-0.720194 0.0376573 0.0500097
0.119828 -0.20286 -0.133282
0.271646 -0.0167763 -0.0583581
-0.981967 -0.227803 0.0662265
0.451173 -0.152557 -0.188566
0.624003 0.0112037 -0.384546
-0.675595 -0.0748397 0.232541
0.73167 -0.208868 -0.323112
-0.572513 0.202332 -0.134705
0.195291 -0.0381786 0.0492769
-0.436046 -0.00294985 0.0625906
0.327215 -0.107604 0.219222
-0.905596 -0.206579 0.12941
-0.642205 -0.23837 0.049335
-0.714952 -0.0295516 -0.0530907
0.740641 0.0776506 -0.376848
0.558654 -0.126068 0.365373
-0.622814 0.196333 -0.143241
-0.0112007 -0.159939 -0.182371
-0.113641 0.114235 0.216042
-0.485816 0.140086 0.200199
-0.693312 -0.102656 0.221596
-0.887901 -0.243223 0.000381302
-0.803186 -0.0846868 -0.227185
-0.434947 -0.049149 -0.237412
-0.734747 0.230565 -0.0777527
0.292044 -0.0159331 0.0605226
-0.618093 -0.205552 0.131049
0.761106 -0.0461773 -0.0397289
0.0582235 -0.0496594 -0.237306
0.832924 0.176007 0.230435
-0.598245 0.0069512 -0.0603727
0.134777 0.152682 -0.188803
0.625477 0.23285 -0.306636
-0.859624 0.0586297 0.0208353
0.744793 0.336648 0.189509
0.555062 -0.0474835 -0.0381899
-0.337471 0.0674452 0.234929
0.308533 -0.0944879 -0.223294
0.439434 0.0249368 -0.0555711
-0.525737 -0.115914 0.214916
-0.657751 -0.240134 -0.0376982
0.701282 0.230708 0.310173
-0.501801 0.221947 -0.0994961
-0.655498 -0.00334074 -0.0606398
0.121929 0.062151 0.236386
-0.425637 0.0783427 -0.229589
-0.786879 0.0617449 -0.00363374
-0.44202 -0.14763 0.194364
-0.0188062 -0.0180093 0.243715
0.713749 -0.310166 -0.227959
-0.469262 -0.240141 -0.0376515
0.832924 -0.183858 0.130179
0.493624 0.0436288 0.0448112
-0.998462 -0.0129263 0.0612571
0.263077 0.0429014 0.0455198
0.781774 -0.0587737 0.0190943
-0.960107 -0.170423 0.174585
0.746863 0.385121 0.0251114
0.711704 -0.295076 -0.247119
0.55587 0.00766301 -0.384631
0.583462 -0.0586586 -0.0175352
-0.999768 -0.0590839 0.176939
-0.845054 -0.237098 0.0552296
0.710523 0.370964 -0.105245
0.0211023 -0.240019 -0.0384014
-0.19997 0.164725 0.180393
-0.928028 -0.0508678 0.238979
0.342588 0.0453973 0.0429863
0.525459 -0.00421366 -0.0605833
0.154668 -0.16656 -0.17637
0.542902 -0.112835 -0.265959
-0.377493 0.0505442 0.0366602
0.542902 -0.309546 -0.00305701
-0.652984 -0.0333096 -0.24015
-0.10238 -0.0491381 -0.0360827
0.412955 0.0974247 -0.222215
0.208187 0.225503 -0.0912443
0.542902 0.130868 0.303423
-0.672143 -0.163514 0.181116
-0.704448 0.0510948 0.0358708
0.832924 0.0129167 -0.258682
0.350238 0.0203061 0.243567
-0.620024 -0.0339357 0.0523634
0.542902 -0.18466 -0.315382
-0.686701 0.00519453 -0.0605404
-0.0481966 -0.0594762 0.0166272
0.621392 -0.246631 -0.295361
0.719152 -0.3613 -0.133387
0.236256 0.0574303 -0.0221337
0.619549 0.385073 0.0258505
-0.403265 -0.0150426 -0.0588273
-0.95967 -0.109148 0.218452
-0.816228 0.016762 0.243835
0.638177 0.38461 0.0321982
-0.545122 -0.141896 0.198615
-0.0367679 -0.240937 -0.0323202
-0.906104 -0.0473965 0.0402251
0.517708 -0.210326 -0.121242
-0.239751 -0.0318024 -0.240355
-0.462816 0.234593 0.0667247
0.106393 0.24248 0.0247322
-0.763044 -0.0223777 -0.241418
-0.132058 0.151679 -0.189605
-0.999768 0.0536514 -0.0688132
-0.377924 -0.0353972 0.24178
0.306389 -0.242175 -0.0216054
0.0252602 0.0401204 0.0480271
-0.297412 -0.241749 -0.0257889
0.832924 -0.260559 -0.108089
-0.921188 -0.233287 0.0698067
0.610543 0.0293512 0.0553569
-0.186502 -0.1562 -0.185572
-0.267863 0.226044 -0.0899112
-0.00334603 -0.0334515 -0.24013
-0.534965 0.0505217 0.239142
0.018892 -0.0754637 0.232337
-0.762175 -0.0328937 0.242137
0.832924 0.304949 0.103271
0.480645 0.217889 -0.10801
0.686374 -0.33498 -0.18979
-0.999768 0.0584779 0.186051
0.542902 -0.215167 0.26931
0.0618817 0.115978 0.215108
-0.987837 0.00516303 -0.230281
-0.608702 -0.163133 0.181461
-0.200335 -0.0509348 0.0354896
0.0738966 -0.0864859 0.228437
-0.935021 0.0305768 -0.240567
0.0705405 -0.105212 0.220387
0.669745 -0.237688 0.304517
-0.80302 0.23696 -0.0556836
0.0292355 -0.0610546 -0.0064113
0.106939 -0.229244 -0.0803407
-0.988857 -0.227694 0.0339484
-0.192966 0.0215181 0.243464
0.225825 -0.127348 -0.206373
0.648807 -0.368273 0.114806
0.631422 -0.273915 0.272249
0.528911 -0.0360104 0.050923
-0.173384 0.243619 -0.00244425
0.257071 0.0422175 -0.0442356
-0.250288 0.233801 0.0694824
0.832924 0.261566 -0.130093
0.347837 0.0161502 -0.0586476
-0.397355 0.243512 0.00895169
-0.248019 -0.236106 0.0594001
-0.880678 0.230873 0.0787733
0.179342 -0.0197072 0.0593689
0.228383 -0.140108 0.199888
0.500147 -0.242458 -0.0183272
-0.460838 -0.133294 -0.202595
-0.726024 -0.0534295 0.238415
0.74261 -0.0337534 0.385134
0.542902 0.259688 0.171376
0.590562 -0.0541481 0.0301701
-0.319388 -0.036019 -0.239758
-0.498859 -0.203988 0.13349
-0.497505 0.200794 -0.136968
-0.853222 0.00505911 -0.24242
0.571837 -0.240156 0.302566
0.212003 -0.241883 0.0264746
0.048792 0.0536315 0.238464
0.581127 -0.274653 -0.269572
-0.436311 0.0616988 -0.00421416
-0.879153 0.00200294 -0.242462
0.169903 -0.240497 0.037295
-0.435219 -0.241299 0.0315114
0.229102 0.0916897 0.226555
-0.327016 -0.0611396 0.236541
-0.781712 0.0349852 0.241901
-0.136238 -0.0225683 0.24333
-0.999768 -0.165533 -0.00508804
0.542902 0.112788 -0.305275
-0.238619 -0.211695 -0.118853
0.0209116 -0.218382 -0.106168
0.768075 0.227621 0.312451
-0.0620535 0.19035 0.152973
0.542902 0.249966 0.101576
0.235477 0.0268867 0.0566071
0.0745596 0.0613335 0.00942692
-0.532761 -0.237064 -0.0534493
0.542902 0.19616 -0.319453
0.145523 -0.0114404 0.0615618
-0.999768 -0.0383947 0.139122
-0.246764 0.034688 -0.240015
-0.0998721 0.0899052 0.227271
-0.231862 0.0174376 0.243788
-0.117456 0.0785749 0.23144
-0.768881 0.199643 -0.138629
-0.0606713 0.0547783 -0.027845
0.438423 0.139446 -0.198718
-0.584206 -0.0536761 0.031032
0.560555 0.131169 0.363717
0.616833 0.282052 0.264221
0.766649 -0.348329 0.166071
-0.392597 -0.0558991 0.0266461
-0.519768 -0.181519 -0.161006
0.705304 -0.331038 0.198485
-0.668057 0.225112 0.0941251
-0.255767 0.0227095 0.243356
-0.664837 0.186928 0.157157
0.405441 -0.161998 0.182482
-0.869868 0.00820768 -0.0602215
0.663206 -0.321509 -0.211723
0.689583 0.285932 -0.258076
0.212559 0.166636 0.178622
-0.430511 0.222276 -0.0987669
0.744139 -0.139937 -0.358338
0.596475 -0.348492 -0.163797
0.157374 -0.060772 0.0103965
-0.970396 -0.241517 -0.0278109
0.542902 -0.251288 0.249867
0.630442 -0.352188 -0.155736
-0.53676 0.112612 0.216894
-0.0708803 -0.033471 0.242057
0.00757819 -0.01072 -0.0597664
0.00530423 -0.181225 0.163265
0.542902 0.239321 -0.186205
-0.779211 -0.0613656 0.0049904
0.625459 -0.0866728 -0.374789
0.128164 -0.0825675 0.229892
0.542902 -0.303045 0.158046
0.515748 -0.19235 0.149896
-0.761467 0.151679 -0.189605
-0.237762 0.14121 -0.197476
-0.219873 0.185482 0.15887
0.832924 0.236188 -0.160651
-0.338654 -0.229975 0.0801782
-0.750356 -0.0607364 -0.00869398
-0.999768 -0.128682 -0.16207
0.485625 -0.172756 0.172261
0.542902 -0.35929 -0.0908133
-0.254166 -0.152289 -0.188782
-0.718339 -0.0606615 0.0110852
-0.0379023 0.241596 0.0324712
0.480823 0.230711 -0.0773235
0.832924 0.0194989 -0.189251
0.290791 -0.060346 0.0128276
0.542902 0.1486 -0.271129
0.018067 0.172597 0.172843
0.452683 -0.00542445 -0.0604843
0.214307 -0.0327215 -0.0512202
0.832924 -0.307266 -0.0225596
0.272043 -0.158422 -0.183685
-0.0836459 0.203232 0.135284
0.0363027 -0.189612 0.153371
-0.498479 -0.161377 0.183035
-0.151914 0.178946 -0.164302
-0.741549 -0.243222 0.0016969
-0.590276 -0.243159 -0.00464712
0.195723 0.240897 -0.0354982
-0.999768 0.147662 -0.0442164
-0.197854 0.232104 0.0750243
0.650568 -0.278112 -0.266011
-0.261144 0.141252 0.199376
-0.940572 -0.150589 -0.190136
-0.201897 0.22737 -0.0865441
-0.905482 0.151304 0.191832
0.758613 0.0412336 -0.382515
0.602414 0.355836 -0.148264
-0.667572 -0.241999 0.0253485
0.253339 0.0609449 0.0118721
0.424886 -0.0216272 0.243417
-0.999768 -0.157583 0.0612523
0.542902 -0.128755 0.282559
-0.999768 0.172669 -0.073206
-0.416517 0.243544 0.00791633
0.69857 -0.108022 -0.369205
-0.43931 -0.166158 0.178677
0.314582 -0.24293 0.0129211
0.832924 0.0287726 0.268329
0.832924 -0.109382 -0.253496
-0.557992 0.0361952 0.0510923
0.542902 0.0459618 0.288789
0.0914464 0.0370165 0.241599
0.0744912 0.0112842 0.0616696
0.832924 -0.133518 0.0253586
0.501204 0.0584991 -0.0192855
-0.985619 0.188085 -0.137717
0.239741 -0.00518092 0.244338
0.25637 0.0931595 0.225954
-0.488231 -0.2215 0.101486
0.542902 0.27977 0.243982
-0.284126 0.180396 -0.16272
0.497126 -0.207043 -0.12673
0.355934 -0.0498008 0.0371127
-0.609128 0.227835 -0.0853285
-0.527408 -0.136045 -0.200764
0.832924 -0.0718042 -0.228503
0.305122 0.0621685 -0.234452
-0.999768 0.0868018 0.0465619
0.377281 -0.137121 -0.200033
0.697655 0.205025 -0.325823
-0.442669 -0.0179321 -0.0580149
-0.74963 0.132809 -0.203185
-0.556982 -0.196394 -0.142585
-0.963098 -0.219056 -0.104781
-0.787791 -0.229812 0.080651
-0.787632 -0.054148 -0.0282409
-0.639891 -0.0568026 -0.235698
-0.523684 0.137924 0.201699
0.101187 0.0379193 0.0498086
0.716197 0.0602804 -0.0131507
-0.196582 0.0588605 -0.0182137
-0.735305 -0.0938399 0.225496
0.105029 0.0587911 0.0203543
0.172714 0.0316807 -0.240426
-0.0440188 0.0208222 -0.0571976
-0.919438 0.234267 0.067876
0.542902 -0.285245 -0.102835
-0.0324601 0.238883 -0.046938
0.542902 -0.296405 -0.0379518
-0.663349 0.0175152 -0.241853
0.105665 0.0843657 -0.227459
-0.999768 -0.0769372 -0.123131
-0.714998 0.176498 -0.166911
0.555222 0.041278 -0.045091
0.196023 0.0436021 -0.23857
0.719552 0.377131 0.0826324
0.770689 -0.0609934 0.381745
0.37202 0.240418 0.0404556
-0.0661543 -0.175187 -0.167842
0.832924 -0.160175 -0.292872
0.608936 0.381276 -0.058431
0.557636 -0.0610704 -0.00627946
0.368138 -0.163438 -0.179255
-0.499791 0.206059 0.13091
0.670235 -0.0482886 -0.0371881
-0.103767 -0.243195 -0.00279568
-0.999768 0.195132 0.0636465
0.469175 -0.00348185 -0.242441
-0.791747 -0.213482 0.117564
-0.676078 0.184031 -0.158627
-0.546516 0.0823782 0.230111
-0.0859094 -0.15868 -0.183464
0.157691 0.126894 0.208837
-0.967878 -0.136943 -0.200154
-0.999768 -0.149314 0.0305182
-0.157672 0.227211 0.0888859
0.542902 0.254367 0.270802
0.169542 0.0328248 -0.0514183
0.542902 -0.200752 -0.184801
0.832924 0.0476442 -0.206779
0.0953445 0.24107 -0.034333
0.0640598 0.15618 0.187868
-0.329337 0.044299 0.240372
-0.660288 0.208168 -0.125578
-0.313415 -0.239781 0.0417605
0.570344 0.0732847 0.379646
0.0236438 -0.188727 -0.152537
0.690371 -0.223149 0.31537
-0.999768 0.191907 -0.103739
0.505527 -0.0193223 -0.0575692
0.674269 -0.385438 0.00483804
-0.481379 -0.0598011 -0.013403
0.75882 -0.371394 0.104164
-0.999768 -0.118551 0.0952244
-0.95329 0.0495003 0.0380884
0.0155567 0.19981 -0.13839
-0.472384 0.241105 0.0360268
0.72866 0.250946 -0.292073
0.0414633 0.0604525 0.0143267
-0.363312 -0.000151762 -0.242468
-0.779521 0.189943 -0.151551
-0.2661 -0.0379811 0.0494332
-0.00194203 0.238978 0.0483913
-0.864505 -0.0296522 0.242559
0.113791 0.00864242 0.244252
-0.824244 -0.00357359 -0.242439
0.832924 0.314188 0.00211113
-0.554781 0.150397 -0.190617
-0.108531 0.241998 0.0292155
0.542902 -0.153678 0.24185
0.227056 -0.105238 -0.218445
0.568537 -0.0136715 -0.384453
-0.38177 -0.242233 0.0228988
-0.808456 -0.0261804 -0.241034
-0.714357 -0.183631 0.160534
-0.540998 0.237626 0.0547525
-0.999768 -0.00291588 0.219242
0.690849 0.32431 -0.208077
-0.883846 0.104843 0.220764
-0.561733 0.216396 0.112872
0.777009 0.160372 0.351803
-0.723317 0.118627 -0.211725
-0.656237 -0.205117 -0.129805
0.585935 -0.207386 -0.324063
0.291117 0.158009 -0.184397
-0.0452066 0.226491 0.090723
0.595393 -0.374807 0.0909742
-0.38415 0.131854 0.205732
-0.32046 0.095876 0.224812
-0.48684 -0.0478694 0.0396445
0.59101 0.367632 -0.116255
-0.819682 -0.152079 0.190881
-0.563142 -0.0715262 0.233588
-0.0901197 0.229005 0.0841067
-0.917193 -0.118209 0.213654
0.454327 0.0210358 0.0590509
0.0455178 0.104063 0.221133
0.700533 -0.00486336 -0.0605332
-0.921244 0.0321929 0.053736
0.647482 0.0228648 0.385966
-0.507699 -0.0757978 0.232228
-0.678321 0.0342764 0.0524156
-0.08048 -0.081314 0.230341
-0.0560868 -0.113676 -0.214186
-0.532374 0.165407 0.179765
0.475702 0.0992581 0.223336
-0.590537 -0.0257778 0.0569324
-0.990418 0.132147 0.187792
-0.675653 -0.0288646 -0.0534633
-0.702761 0.0757667 0.232375
0.24599 -0.243198 0.0044812
0.763868 0.246414 -0.29589
-0.629964 -0.236986 -0.053788
-0.899113 0.0575714 0.0237105
0.542902 0.00861817 0.334487
0.196954 -0.18932 0.153734
-0.875737 0.098494 -0.221746
-0.464392 -0.0292224 -0.0532706
-0.303425 0.215322 -0.112993
-0.506472 -0.218484 0.107889
0.832924 0.106066 0.216802
-0.747889 0.2362 0.0606989
0.732745 0.247412 0.296989
0.20231 -0.243008 -0.00928864
0.832924 0.169008 -0.0541773
0.502816 0.149441 -0.191363
0.542902 -0.205045 -0.304719
0.185624 -0.219504 0.105776
-0.379948 0.200224 0.139724
-0.752248 0.0470279 -0.0392322
0.701338 -0.0575861 0.0225835
0.368064 -0.0151676 0.243912
-0.759443 0.0639152 -0.233985
-0.939699 0.160928 0.183802
0.139437 0.180441 0.1646
0.112365 -0.0109655 0.0616512
0.612314 -0.0409783 0.384426
-0.172269 0.00139052 -0.0607308
0.0149321 0.116724 -0.212774
0.29349 -0.0813604 0.230325
0.832924 -0.041478 0.132702
-0.943844 -0.238441 0.0489836
-0.999768 0.128504 0.0810881
0.832924 0.170365 -0.264831
-0.0237684 0.026242 -0.0549821
0.747167 -0.291005 -0.251885
0.66088 0.385745 0.0110685
0.668296 0.108815 -0.369095
0.584455 -0.03573 0.384954
-0.123335 0.0561145 0.0270871
-0.971552 0.174466 -0.169019
-0.186689 0.23906 0.047977
-0.283326 0.240868 0.0376136
0.832924 -0.147547 -0.192673
0.832924 -0.0183157 -0.280974
0.832924 0.212089 0.222787
-0.0273546 -0.0548171 0.0288892
0.633707 -0.385443 0.00432437
-0.280645 -0.243096 0.00884689
-0.961039 0.0575848 0.0236766
-0.999768 0.0184726 -0.200311
0.542902 -0.149676 -0.304417
-0.38903 -0.203412 -0.132445
0.832924 -0.119739 -0.167491
-0.925393 -0.234794 -0.0625407
-0.293748 -0.0601725 -0.0117517
-0.603047 -0.113182 0.216376
0.542902 0.00661052 0.302257
0.198816 -0.23995 -0.0388212
0.718328 0.00658196 -0.0604121
-0.61514 0.237337 -0.0540833
0.605806 -0.310194 -0.227922
-0.0268868 -0.0980085 -0.221775
0.643951 0.38071 0.0638851
-0.316465 0.0788926 0.231331
0.668458 0.0961873 0.374499
-0.914881 0.0247957 -0.241224
0.00475941 -0.0527183 0.238574
0.138091 -0.061483 0.00228313
-0.884181 0.0211724 -0.0570723
0.150009 0.242179 0.0276267
-0.853471 0.225214 -0.0919479
-0.522742 0.134121 -0.202327
0.646248 0.0689793 -0.378522
0.542902 -0.104449 0.344167
-0.827887 -0.0910566 0.226642
0.134288 0.111496 -0.215542
0.832924 0.246522 0.228868
-0.932189 0.0798842 0.23099
0.0726558 -0.2229 0.0983399
-0.999768 0.00751625 -0.145992
-0.852514 0.0287191 -0.240793
0.743105 0.240671 -0.300561
-0.499806 -0.180216 0.164385
-0.999768 7.51128e-05 -0.0758712
-0.641618 0.23073 -0.077268
0.542902 0.222154 -0.295482
-0.129874 -0.0393097 -0.0464267
0.0046128 0.0459918 0.0423378
-0.367567 0.0584025 -0.0195615
-0.804503 -0.0410436 -0.0449252
0.832924 0.240766 0.16211
0.225094 0.00907982 0.244236
0.68716 -0.159104 -0.350259
-0.503799 0.0138739 -0.242085
0.329142 -0.0204921 -0.0571658
-0.437757 -0.0583298 0.0204802
0.670195 0.20613 0.327057
0.497661 0.241339 0.0343761
-0.906943 -0.0391619 -0.0465495
0.401911 0.0610643 0.011185
-0.334272 0.0500745 -0.035384
0.832924 0.0822599 0.266819
0.5821 -0.357464 0.145217
-0.248832 0.241249 0.0350245
-0.959692 0.0283274 -0.240839
-0.999768 -0.175486 -0.0740935
-0.472465 -0.0214908 0.243429
-0.560531 0.0448301 -0.238344
0.337015 0.234143 0.0683067
0.311079 -0.194142 0.14755
0.542902 0.182934 0.271116
0.697467 -0.357979 -0.142005
-0.160144 -0.193952 -0.145871
0.350831 0.170583 0.17484
-0.312335 0.209859 0.124687
0.832924 0.311684 0.0527999
0.542902 -0.333229 0.0904215
0.832924 0.133381 -0.219623
0.476055 0.0614188 0.00878647
-0.624565 0.0578689 0.0229455
0.69008 -0.385004 -0.0177403
-0.76769 -0.0571619 0.0236853
0.0439867 0.0118951 -0.0596255
0.706435 -0.0739818 0.379429
0.091533 -0.130836 -0.204186
0.832924 0.108667 0.10399
-0.488422 0.00894116 0.244241
0.512333 -0.211845 0.120516
-0.0477456 -0.0447013 -0.0413523
-0.824023 -0.0477489 -0.0378644
0.542902 -0.173066 0.2733
-0.0827615 0.217723 -0.108342
0.626525 0.329186 -0.200317
0.389341 -0.237837 0.0518913
0.301595 -0.231859 0.0744745
-0.837475 0.243626 -0.00193786
-0.13509 -0.240184 -0.0373814
0.176846 -0.116124 0.214801
0.0166703 0.0789406 0.231315
0.203102 0.239589 0.0452051
0.177752 0.191209 -0.149963
-0.825646 -0.0186432 -0.0577915
0.832924 0.123184 0.252903
0.105482 0.186153 0.158079
-0.894649 -0.0388915 0.241237
-0.264553 -0.238046 -0.0489756
0.652294 0.0315764 0.0541047
0.320604 0.0348569 -0.23999
0.832924 0.189078 -0.114307
-0.70558 -0.00781576 0.0621474
0.103272 0.223248 -0.0965737
-0.410331 -0.149877 0.192625
-0.409927 -0.0167438 0.0602969
0.425362 -0.0612325 -0.00474299
-0.047467 0.157702 0.186588
0.222599 -0.233714 -0.0664105
0.493337 0.0373167 -0.0483384
-0.828608 0.117338 -0.212438
0.542902 0.317 -0.0215573
-0.552777 0.176162 -0.167263
-0.999768 -0.0819149 -0.15381
0.692314 -0.378606 -0.0714118
-0.519442 0.220197 0.105202
-0.423934 0.0375539 -0.239587
0.542902 0.188033 -0.267418
0.832924 -0.287704 0.0126618
-0.431641 0.101496 0.222326
-0.963123 0.24295 -0.0173876
0.0344856 0.196254 0.145279
0.542902 -0.150345 -0.263735
0.396034 -0.0673875 0.234824
0.630859 -0.321178 0.214154
0.0362819 -0.0869334 0.228266
-0.533343 -0.0400763 -0.0457767
-0.457997 -0.111539 0.217233
-0.999768 -0.131996 0.000771509
0.271688 -0.185151 0.158765
0.32585 0.243558 -0.00548231
0.767049 0.0970942 0.374265
0.371173 0.0915404 -0.224686
0.717231 -0.14684 0.357498
0.640288 -0.229847 -0.308572
-0.473418 -0.0911885 0.226589
-0.805178 0.0312591 0.0542907
-0.98589 0.112205 -0.203635
0.611108 0.047399 -0.0387958
0.658808 0.0513485 -0.0335686
0.442064 -0.0827023 -0.227914
0.332362 -0.15685 -0.185024
-0.993882 -0.124388 0.18862
-0.0170995 -0.19489 0.146552
-0.525407 -0.00800849 -0.0601923
-0.358924 0.243251 -0.01284
-0.942983 0.230766 -0.0771603
0.542902 -0.122099 0.354608
-0.258848 0.240897 -0.0354995
-0.292792 -0.0524039 0.0332065
-0.693479 0.0885903 -0.225858
0.206124 0.196869 0.144438
0.542902 0.324121 -0.112416
0.10327 0.0190216 -0.241741
0.291624 0.226692 0.090214
-0.69975 -0.108386 -0.216904
0.0129704 0.156807 0.187343
-0.0765344 0.0262671 0.242999
-0.97417 -0.158249 0.185764
0.559606 -0.358223 0.14332
0.715067 0.0199148 0.386128
0.172051 -0.144849 0.196458
0.35538 0.0407903 -0.0455212
0.832924 0.161642 -0.24646
0.542902 -0.167644 -0.233258
-0.211284 -0.192221 0.150062
0.499353 0.11076 0.217848
0.542902 0.152705 0.227965
0.651271 0.374319 0.0946759
-0.265125 0.0148513 -0.0589798
-0.987671 0.231362 0.0129957
0.542902 0.283736 -0.0414029
-0.354433 -0.0387386 -0.239333
0.714578 -0.0198338 0.0593256
0.416727 0.20922 -0.123834
-0.934392 -0.221317 0.10189
0.558736 -0.0150518 0.0607545
0.832924 -0.0115829 0.319254
-0.769608 -0.104299 -0.218894
0.562725 0.372465 -0.099858
0.695105 -0.13963 -0.358457
0.542902 0.137648 -0.246388
0.600172 0.0522252 0.0341629
-0.943777 -0.0263568 0.242944
-0.964312 0.0924381 0.226251
0.174401 0.146248 -0.193798
0.592603 -0.346453 0.169975
-0.999768 0.0698974 0.0716492
0.151243 -0.122953 -0.209013
0.111525 -0.0299977 -0.0528427
0.679591 -0.372627 0.099615
0.138938 -0.106625 -0.217773
-0.891598 0.169546 -0.173921
0.101935 0.131545 -0.204001
-0.41305 -0.124169 0.210224
-0.277993 -0.130051 -0.204686
0.100315 0.0517665 -0.0329414
-0.999768 -0.0565565 -0.120748
-0.549534 0.24279 -0.0194011
0.542902 -0.349287 0.119927
-0.0827087 -0.113205 0.216364
-0.862891 -0.0413156 0.0466087
-0.0289921 -0.0933801 0.225688
-0.335545 0.16029 -0.182431
0.0127636 0.224771 -0.093013
-0.135323 -0.216642 0.111577
-0.517867 0.231728 0.0761928
0.643205 0.348462 -0.164746
-0.991501 0.0570067 0.0250859
-0.334423 0.0377917 -0.23955
-0.231557 0.195643 -0.144175
0.677165 0.128608 -0.362702
0.832924 0.0431795 -0.28111
0.626997 0.303129 0.239668
0.138618 0.237833 -0.051901
-0.750425 0.0603768 -0.012734
-0.681546 0.0697898 0.234242
0.542902 -0.296847 -0.15846
-0.0774912 -0.0419069 -0.0441342
-0.131211 -0.0883619 0.227713
0.188923 -0.231601 0.0752859
-0.383074 -0.210838 0.122285
-0.593625 -0.00906635 0.0619703
-0.999768 -0.0969181 0.0638899
-0.930468 0.0535177 0.032045
-0.831352 0.0993574 -0.221363
0.283669 -0.220213 0.104277
0.542902 -0.243922 -0.230688
0.784696 -0.0297125 0.38547
-0.611252 -0.187871 0.155514
0.252222 -0.242254 0.0226727
-0.348413 0.209395 0.125469
-0.250649 0.0263459 -0.0549336
-0.736589 0.161059 -0.181757
-0.324216 -0.238463 -0.0469425
0.832924 -0.145166 0.124121
0.776391 0.353697 -0.153264
0.249998 -0.0402268 0.241016
-0.148741 -0.234021 0.0672642
-0.235086 -0.00767982 0.0621651
0.75284 -0.384217 -0.0299443
-0.581116 0.243256 -0.0127531
-0.361699 -0.0142667 -0.0590199
-0.69517 0.232608 0.0734279
-0.054838 -0.133093 0.204656
-0.0193285 -0.00948385 0.0619054
0.832924 -0.214168 0.027649
-0.381507 0.0292021 0.0554365
0.436585 0.218094 0.109529
0.542902 0.282308 0.0341354
-0.327224 -0.060604 0.0114248
0.0991203 -0.203538 0.134181
-0.0988407 -0.115516 -0.213202
0.035719 0.174114 -0.169379
0.459577 -0.224377 -0.0929542
0.764714 -0.371138 -0.10315
0.0123524 0.230726 0.0792072
0.680217 -0.0610773 -0.00622021
0.542902 0.198397 0.305369
0.0437694 -0.207945 0.127184
-0.819188 0.112514 0.216945
-0.570467 0.240882 0.0375241
0.710373 -0.377682 -0.0760877
-0.174795 -0.211935 0.120356
0.362657 -0.0402983 -0.0455844
0.364922 -0.207772 -0.125539
0.623272 -0.00857142 -0.384603
0.0658749 -0.0725387 -0.231344
0.832924 0.0504766 0.16011
-0.153957 0.0539492 0.031293
0.832924 0.163746 0.121877
0.117553 -0.183032 0.161221
0.215505 0.243614 0.00469345
0.0790879 0.19949 0.140776
0.0742582 -0.139905 0.200032
0.723561 0.0607127 0.0130942
0.139771 -0.233434 0.0693045
-0.108768 0.0401204 0.0480271
0.0161795 0.0612278 0.0101584
0.283964 -0.243176 -0.00384684
0.832924 -0.187161 0.275707
0.832924 0.174345 0.27003
0.432781 -0.116103 -0.212884
-0.950184 -0.0678025 -0.232775
-0.917459 0.0490302 0.239452
0.231635 -0.0145683 -0.0589463
-0.594414 -0.221393 -0.0997932
-0.49175 -0.232413 0.0727045
0.136412 0.196458 -0.143071
0.442609 -0.039889 0.047867
0.784547 0.282778 0.263443
0.656272 0.336401 -0.188019
0.396738 -0.137077 -0.200063
0.542902 0.171737 -0.204067
-0.195648 -0.027028 -0.0544052
-0.646834 0.0833488 0.229761
-0.0506431 0.204793 0.132895
-0.021293 0.122243 -0.209671
0.760158 0.00221386 0.062639
-0.932338 0.198346 0.142393
0.784755 -0.188194 -0.335552
-0.999768 -0.00804111 -0.207734
0.832924 -0.287261 -0.0858653
0.612778 0.197058 -0.330683
0.0586473 0.058634 -0.0188929
0.661516 0.015985 0.060621
0.419577 -0.231687 0.0750154
-0.958346 0.0617459 0.236492
0.832924 0.109964 -0.100138
-0.163927 0.0282436 0.0559359
-0.782299 -0.242385 -0.0192245
0.0601154 0.199816 0.14031
-0.603731 -0.0128175 -0.24212
0.346021 0.225811 0.0924189
-0.19221 -0.228034 0.0856084
0.610626 0.256258 0.289372
-0.85758 -0.0505973 0.239037
-0.226793 0.114984 -0.213713
-0.434857 0.213625 0.11807
0.542902 -0.14331 -0.333917
0.0164543 0.149247 -0.191513
0.832924 -0.283892 0.134183
-0.538914 0.078666 -0.229479
-0.487793 -0.196002 0.14505
-0.256577 -0.0681869 -0.232662
-0.0620874 0.134425 0.204056
0.832924 -0.129983 -0.200766
-0.0763878 0.0607082 0.236761
0.832924 0.183017 -0.220154
0.671651 -0.0182811 -0.0579065
0.542902 0.0496567 -0.280753
0.694107 0.385215 0.0235577
-0.450954 -0.109631 -0.216279
0.542902 0.224634 0.221931
-0.374318 0.236422 0.0598153
0.542902 -0.286109 0.130046
0.699413 0.311787 -0.226321
-0.562661 -0.237301 0.0543357
0.375682 0.178328 0.166898
0.175211 -0.107265 -0.217459
-0.954754 0.221888 -0.0996256
-0.999768 0.0880549 0.0955232
0.832924 0.155366 0.143574
0.0347037 -0.235158 -0.0611796
0.2038 -0.00734267 0.244281
0.832924 0.150475 0.288543
0.677105 -0.0454823 0.383916
-0.257255 -0.173766 0.171236
-0.558993 -0.0550524 0.238042
0.183258 -0.242729 0.0164671
0.117356 -0.177808 -0.165076
-0.243896 0.0935591 0.225788
0.183454 0.154228 0.18948
-0.999768 0.182101 -0.0223364
-0.999768 -0.188295 0.0551506
-0.899676 -0.0534357 -0.236484
-0.694103 -0.159822 0.184403
0.251702 -0.0263045 -0.0547553
-0.313699 -0.0299591 -0.0528643
-0.983523 0.211895 0.104418
0.558409 0.385493 -0.0162487
-0.999768 0.214683 0.0140845
0.262599 -0.214715 -0.113347
0.832924 -0.12637 -0.291623
-0.533902 -0.0117617 0.244103
0.707246 -0.37107 -0.103394
0.542902 0.340171 -0.154879
-0.7007 -0.0198134 -0.0574031
0.832924 0.142269 -0.0812184
-0.999768 -0.0133031 0.141937
-0.477602 0.0242977 -0.241274
-0.999768 -0.152173 -0.0561636
0.207235 0.0293374 -0.24072
0.542902 -0.350067 -0.0308331
-0.414958 -0.235458 0.0619593
-0.5503 -0.0322193 -0.0515337
-0.435444 -0.22372 -0.094509
0.726081 -0.313851 0.224807
0.542902 -0.274951 0.270761
0.593707 0.330019 0.200878
-0.224376 -0.240209 0.0391555
0.462721 -0.187914 -0.153531
0.650364 -0.137976 -0.359096
-0.105847 -0.0786984 -0.229325
0.832924 -0.152274 -0.0815686
-0.669034 0.112328 -0.215112
0.403682 -0.0637715 -0.23391
0.280744 -0.0581884 0.23729
0.40977 0.184961 0.159479
0.542902 -0.27739 0.195295
0.0480113 0.0842469 0.229432
0.590396 -0.0946531 0.374783
0.0564359 -0.0545739 0.238154
-0.89248 -0.153487 -0.187813
-0.681604 -0.242407 -0.0189587
0.542902 0.283163 0.224893
-0.0476427 -0.221325 -0.0999419
0.0191686 -0.168925 0.176046
-0.682985 0.00723646 0.244297
0.279861 0.059501 -0.0161313
0.585873 0.378178 0.0776421
0.548053 0.299813 -0.241887
-0.329962 -0.0303493 0.242472
-0.32555 0.239078 0.0478868
-0.366569 0.0486951 -0.237591
0.0518461 0.0467414 -0.23798
0.739348 -0.255219 0.289921
-0.237045 0.223614 -0.0957312
0.0141698 -0.0438251 -0.0422633
0.575516 0.0339568 -0.0506963
0.262534 -0.127612 -0.20621
0.542902 -0.259798 -0.173537
-0.958117 -0.230236 0.0794147
0.832924 0.0742534 -0.310187
0.310474 0.180433 0.164608
-0.760449 -0.229384 0.0818742
-0.819866 0.234038 0.0686716
-0.823874 0.0972444 0.224223
0.832924 -0.0132967 0.246559
-0.3351 -0.0911815 0.226591
-0.517233 -0.199998 0.139445
0.832924 0.20625 -0.0024942
0.542902 0.117443 0.259265
-0.513383 0.0063245 -0.0604383
-0.472471 -0.159314 0.184845
0.64096 -0.148718 0.356718
0.429588 -0.0469193 0.239792
0.405924 0.034673 0.0521508
0.832924 -0.228936 0.153248
-0.685129 0.122776 -0.209362
0.729889 0.277014 -0.267585
-0.999768 0.049216 0.0932671
-0.152926 0.178303 0.166924
0.585878 -0.0632411 0.381377
-0.999768 0.0734361 0.142888
-0.803211 -0.025062 0.0572592
0.542902 -0.326914 0.137077
-0.426471 0.0268719 0.242934
-0.973015 0.141333 0.199318
-0.327656 0.22145 -0.100586
0.542902 0.14381 -0.314425
0.832924 -0.0473739 -0.230378
-0.800779 0.22873 -0.0829301
-0.876119 -0.240893 0.0345654
-0.0746483 0.142091 -0.196847
-0.853173 0.241976 0.0294014
0.832924 0.235692 -0.185957
0.701463 0.0381046 -0.382836
-0.0951803 0.243519 -0.00680528
-0.124448 0.0314545 0.242385
0.263237 0.145897 -0.194061
-0.999768 -0.139734 -0.073695
0.542902 -0.0388195 0.362894
-0.480012 0.00294217 -0.0606815
0.695498 -0.347754 -0.16535
-0.999768 0.0386057 0.203437
-0.71097 0.154805 0.189007
0.776798 0.040148 0.384559
-0.57489 0.0560644 -0.0252648
0.761701 0.125466 -0.363796
0.466889 0.0343113 -0.050463
-0.986456 -0.231029 -0.0248867
-0.0778553 0.215604 0.11439
0.0367684 0.031083 -0.240503
0.260706 -0.0359557 -0.239767
-0.709847 -0.224022 -0.0937969
0.59503 0.297506 0.246636
0.667376 0.064707 0.381201
0.562636 -0.23622 -0.303732
-0.326834 0.201425 -0.136047
0.679486 0.0374982 0.384825
-0.775248 -0.0495641 0.0374379
0.301714 0.00476666 -0.242426
0.256688 0.227019 0.0893805
0.76515 0.0234499 0.385931
-0.838405 0.0646591 -0.233782
-0.764505 0.0145171 -0.242048
-0.694251 0.0417985 -0.0446215
-0.432882 -0.239844 -0.0394591
-0.325518 -0.0131866 0.0611998
-0.999768 -0.0055665 -0.0958529
0.832924 0.125417 -0.177181
0.461426 -0.0523126 -0.236735
-0.318067 0.03444 0.0523069
0.113079 -0.220934 0.102726
0.473406 -0.066834 0.234984
0.321555 0.196368 -0.143193
0.669684 -0.382621 0.0476577
0.00380954 0.194545 0.147572
-0.0594029 0.0569407 0.237695
0.715188 0.384243 -0.0345044
0.210747 -0.180298 0.164295
-0.874634 0.231392 -0.0752875
0.719782 0.201831 0.329732
0.683343 0.356864 0.147721
0.578997 -0.0590677 0.0181086
-0.646715 0.216938 0.111819
-0.729405 0.175681 0.169694
-0.938116 0.0256806 0.0571694
-0.634829 -0.11978 -0.210842
-0.15593 0.0973159 -0.222262
-0.619816 0.123634 -0.20886
0.503929 -0.035305 0.241793
-0.1189 -0.0612768 -0.0042439
0.542902 0.319668 0.193692
-0.486424 0.224887 0.0946669
-0.631628 -0.166396 -0.176524
-0.999768 0.0727718 -0.0386493
0.225515 0.045708 -0.0407202
0.55223 -0.215462 0.320691
-0.892372 -0.242174 -0.021616
0.724627 -0.154689 -0.352229
0.662797 -0.000115268 -0.0607412
-0.999768 -0.119051 0.1537
0.832924 0.124833 0.19378
0.252848 -0.0611187 -0.00585809
0.257344 -0.00697406 -0.242363
-0.750452 -0.185098 0.158828
-0.127552 -0.162058 0.182428
-0.677207 -0.23199 0.0740595
-0.689475 0.237304 -0.0542249
0.00708504 0.0556383 0.0280831
-0.318676 0.220276 0.105036
-0.677289 -0.205883 0.130524
0.116265 -0.119598 0.212875
0.542902 -0.274452 -0.217305
-0.824141 0.222251 0.100751
-0.7023 0.141993 0.198847
0.832924 0.229684 -0.121765
-0.382291 0.152479 0.190896
0.708998 0.149507 0.356562
-0.848508 0.144784 0.196817
0.542902 0.0232586 -0.309308
-0.420104 -0.0759784 -0.230239
0.832924 0.267101 -0.00360256
-0.324541 -0.224673 -0.0922418
-0.999768 -0.0993405 -0.188909
0.402657 0.142413 0.198545
0.67833 -0.311043 -0.226765
0.832924 0.305213 -0.08008
0.542902 0.137313 -0.228965
0.500694 -0.176767 -0.166185
-0.674946 0.0649188 -0.233711
0.0177473 0.100324 0.222859
0.722255 -0.34275 -0.175439
0.247168 -0.220738 0.103151
0.832924 0.110007 -0.193013
0.231673 -0.15548 0.188102
-0.35413 -0.0592771 0.0173675
0.143517 -0.0398474 -0.045973
0.52116 -0.0223778 0.0583889
0.232293 -0.191185 0.151391
-0.171311 -0.239612 0.0427413
-0.0261795 0.135021 0.20366
0.832924 0.130473 0.0746939
0.688113 -0.0356411 -0.0492592
0.328484 0.006669 0.0623325
-0.741143 -0.0511694 0.0351395
-0.242317 -0.239512 0.0433135
-0.482099 -0.208425 -0.124459
0.454949 -0.122563 0.211171
-0.140535 -0.0450575 0.0429004
-0.291538 0.0433793 0.0450569
0.832924 0.235252 0.213685
0.151688 -0.235202 -0.061011
0.736362 -0.280039 0.265917
0.410107 -0.224294 0.0950813
-0.843508 -0.238481 -0.0468512
-0.753277 0.24111 0.0359877
0.832924 -0.253617 0.0465902
-0.337587 -0.190917 -0.149801
0.832924 0.0755189 -0.283035
0.527163 0.0572743 -0.0225163
0.832924 -0.229817 -0.127333
-0.00100237 0.142041 -0.196883
-0.610841 -0.0607271 -0.0087527
-0.623266 0.0338549 -0.0507627
0.832924 0.0425704 0.243773
-0.160818 0.237297 -0.0542562
-0.800929 0.243643 0.00118567
0.832924 -0.272253 -0.196779
-0.625996 -0.152904 -0.188287
-0.22872 0.227739 0.0875108
0.253454 0.202982 0.135661
-0.70102 0.185207 0.159192
0.761567 0.213477 -0.320371
0.542902 -0.331165 -0.0635229
-0.408671 0.194494 -0.14571
0.832924 -0.106943 0.250879
0.0710553 -0.187801 0.155599
-0.984478 0.0370935 0.0504351
-0.769632 -0.0518018 -0.236847
-0.598993 -0.0396581 0.0480634
-0.699906 -0.23825 0.0499204
0.518036 -0.181375 0.163097
-0.0413896 -0.0025935 0.0626078
-0.218692 -0.139056 -0.198697
0.739464 0.38103 0.0619157
-0.891995 -0.196934 0.143773
-0.00197756 -0.060325 -0.011005
-0.360378 0.0438083 -0.0427033
-0.951297 -0.0741055 0.232777
-0.454324 -0.055071 -0.236109
0.654272 -0.384407 0.0294141
0.387846 -0.014572 0.0608749
-0.819166 0.00112679 0.0626647
-0.207448 -0.0302103 0.24249
0.148958 -0.215729 0.113348
0.69708 0.0546134 0.0300847
-0.279315 0.158765 0.18568
-0.253131 0.0408394 -0.0454783
0.0420877 -0.23236 0.072876
-0.970148 0.240454 0.0402401
-0.755892 -0.0515515 0.238831
-0.908787 0.145443 -0.194399
0.0955617 0.120889 0.21238
0.604007 0.221964 -0.314574
-0.999768 -0.116268 -0.119187
-0.606598 0.226008 0.0919322
-0.835137 0.0619161 0.00119933
-0.852593 0.0996158 0.223177
-0.198448 -0.242731 -0.0145055
0.203668 -0.208288 -0.124687
-0.989852 0.191093 0.127987
-0.188706 0.175118 0.170278
-0.432603 0.0673221 0.234964
-0.766329 0.0420881 0.046285
0.542902 -0.102284 -0.342009
0.0869874 0.242652 0.0229114
0.832924 0.0267612 -0.140302
0.130951 0.240277 0.0413037
-0.943743 0.0762887 -0.230275
0.458498 -0.228569 0.0841525
0.343236 0.243355 0.0127929
0.322137 -0.208962 -0.123562
-0.10174 -0.17624 0.16867
0.542902 0.0126638 0.285905
-0.999768 0.0302205 -0.171609
-0.267136 -0.241179 -0.0305155
0.542902 0.0766872 -0.366237
-0.986996 -0.0408914 -0.0450616
0.562163 0.343823 -0.174162
-0.832281 0.014147 -0.0591475
-0.603274 0.239398 0.0462261
0.16674 0.00806775 0.0621691
0.16248 0.000432241 -0.0607416
0.75749 0.207272 0.326333
-0.240888 -0.0549236 0.0286784
