ply
format ascii 1.0
element vertex 8204
property float x
property float y
property float z
end_header
0.0937211 0.129529 -0.136614
-0.0411985 -0.151918 0.998762
-0.0432081 -0.139553 -0.996705
0.0939842 0.151877 0.480026
0.0966976 0.149236 -0.626875
0.0966976 -0.151171 0.178774
-0.0216155 -0.122528 -0.393612
0.0793033 0.124296 0.826506
-0.0134362 -0.124336 0.626366
0.0966421 -0.136891 -0.726672
-0.02156 0.122517 0.142465
-0.0296172 0.107309 -0.870724
-0.0296172 0.107399 -0.2837
0.0851209 -0.151918 0.999978
0.0927112 -0.151918 -0.998392
0.0966976 0.149045 0.386576
-0.0432081 -0.151687 0.082865
-0.0432081 0.15056 -0.718055
-0.0432081 0.151239 0.76659
0.0966976 -0.150907 -0.53339
-0.0429518 -0.151918 0.554061
0.0966976 0.151825 0.0292805
0.0946819 0.151877 -0.989532
0.0965955 -0.151918 -0.185979
0.0966976 -0.148735 0.318763
0.0966976 0.148247 0.999818
-0.0432081 -0.120391 -0.764981
0.0966976 0.148963 -0.5034
-0.0432081 -0.093583 0.793473
-0.0432081 0.0593818 0.206919
-0.0432081 -0.106622 -0.35973
-0.0432081 0.00864849 -0.0796331
-0.0432081 0.0747312 0.553086
-0.0432081 0.00225098 -0.56708
-0.0432081 -5.53053e-05 -0.944265
-0.0432081 0.00126009 0.974231
-0.0432081 -0.0273568 0.382624
0.0966976 -0.147173 0.678346
0.0966976 0.149639 -0.157061
0.0954218 0.151877 0.644752
0.0966976 0.141713 -0.817846
0.0966976 -0.139375 -0.0152006
0.0966976 0.151688 0.198742
-0.0432081 -0.108284 0.240543
-0.0414869 -0.151918 -0.0983352
0.0966976 -0.138428 0.159596
-0.042343 0.151877 -0.896496
0.0964553 -0.135553 -0.839803
0.0966976 -0.142198 0.478627
0.0965841 -0.151918 0.840512
0.0962252 0.134508 0.840297
-0.0432081 0.107219 -0.44348
-0.0432081 -0.1498 -0.607429
-0.0432081 0.150124 0.923667
-0.0432081 0.0886761 0.0531746
-0.0384508 -0.151918 -0.915713
0.096182 0.134351 -0.655934
0.0966976 -0.139612 -0.686651
-0.0296172 -0.040574 -0.22313
-0.0428453 0.151877 0.328511
0.0966976 0.150051 -0.352899
-0.0432081 0.0170698 0.691904
0.0966976 -0.151729 -0.337388
-0.0432081 0.0235348 -0.79712
-0.0432081 0.151502 -0.112715
-0.0432081 -0.146826 0.930971
-0.0374507 0.151877 -0.577248
-0.0296172 0.0387804 0.843453
0.0591007 0.151877 0.514262
-0.0224696 -0.151918 0.422363
-0.0296172 -0.100792 -0.488537
-0.0432081 -0.0273314 0.113167
-0.0325258 -0.151918 0.680936
-0.0296172 -0.0385058 0.507938
-0.0296172 -0.0253586 -0.68599
-0.0296172 0.0842654 0.429052
-0.0296172 0.0159933 -0.363854
-0.0262746 0.151877 0.646565
-0.00254326 -0.151918 -0.257033
-0.0296172 -0.0741915 -0.00138785
-0.0127732 0.151877 0.14327
-0.0296172 0.100799 -0.997786
-0.0296172 0.0618687 -0.176185
-0.0296172 -0.0608467 0.616572
0.0614796 -0.124336 0.579452
0.0483616 0.124296 -0.0639641
0.0504063 -0.151918 -0.436723
0.0571483 0.124296 0.739383
-0.0296172 -0.0656397 -0.854118
0.0522963 0.124296 0.294083
-0.0432081 0.0706799 -0.646292
-0.0296172 -0.0879824 -0.997059
-0.0296172 0.0491288 0.308898
0.0581304 0.151877 -0.253797
-0.0296172 -0.000300664 -0.465466
-0.0296172 -0.0538022 0.887373
-0.0068445 -0.151918 0.322869
-0.000713065 0.124296 -0.806298
0.0378314 -0.151918 0.758485
0.0515126 0.124296 -0.903493
-0.00120915 0.151877 -0.367043
0.0540191 -0.151918 0.0723844
0.0550385 -0.124336 -0.101839
0.0421649 -0.151918 0.237592
-0.0415114 0.151877 0.49632
-0.0305338 0.151877 -0.0185105
0.0478807 0.124296 0.922299
-0.0432081 0.151029 0.232653
0.0469341 -0.124336 0.916842
-0.0296172 0.0942188 0.996779
0.00523603 -0.124336 -0.682499
0.0455143 -0.151918 -0.762495
-0.0223412 0.151877 -0.203142
0.00558093 -0.124336 0.157661
0.0742218 0.124296 0.114011
-0.0432081 -0.0650972 -0.136189
0.0512092 -0.124336 -0.918338
0.0534411 0.151877 -0.738123
0.00529972 0.151877 0.843612
-0.0296172 0.0610404 -0.878792
-0.0296172 -0.0852863 0.996304
0.0485123 0.124296 -0.577567
0.0479337 -0.151918 -0.609337
-0.0296172 -0.0399959 0.295494
0.00411618 -0.151918 0.840247
-0.0296172 -0.0289653 0.203972
0.00656277 -0.151918 -0.0217082
-0.0432081 0.0126739 0.00838441
0.0562118 -0.124336 0.394018
0.0452159 0.124296 -0.437055
-0.0296172 -0.067142 0.709382
-0.0432081 0.0812399 -0.52616
0.00812917 -0.151918 -0.168918
0.00460923 -0.151918 -0.838157
0.0115668 0.151877 0.39544
-0.0432081 0.0654235 0.762235
-0.0432081 0.0236876 -0.279017
0.0348757 0.124296 0.592338
0.0128711 0.151877 0.0548811
0.0163816 -0.124336 0.497354
0.0092791 0.151877 -0.65211
-0.0296172 -0.0676432 -0.612895
-0.00289848 0.151877 -0.500452
-0.0296172 0.0684431 -0.729173
0.07664 -0.124336 -0.26241
0.014218 -0.151918 -0.535114
-0.0296172 -0.0138829 0.781431
-0.0355884 -0.151918 -0.42613
-0.0296172 0.0593421 0.126955
-0.0432081 0.0630038 0.922672
-0.0296172 0.0872876 -0.0659881
-0.0296172 0.0212939 0.613219
-0.0432081 -0.0532318 -0.301318
0.017107 -0.151918 -0.338928
0.0161618 -0.151918 -0.983231
-0.0296172 -0.0446642 -0.760904
0.0259094 0.124296 0.211989
-0.0296172 -0.0763913 0.441103
-0.0432081 0.0342661 0.487774
0.00845735 -0.151918 0.998523
0.0188487 0.151877 -0.968527
0.0218331 0.124296 -0.141344
-0.0296172 -0.0610419 -0.418713
-0.0432081 -0.101709 0.368959
-0.0326848 0.151877 0.571362
0.0221806 0.151877 0.987418
-0.0432081 0.0920927 0.691969
-0.0432081 0.089965 -0.36477
-0.0432081 -0.112111 -0.204669
0.00429789 -0.151918 0.617544
-0.0432081 -0.0721601 -0.9272
0.0575932 0.124296 0.444356
0.0336603 0.124296 0.672117
0.031363 -0.124336 0.691487
-0.0381645 -0.151918 0.754527
-0.0296172 -0.08655 -0.0705324
-0.0432081 0.10403 0.865118
-0.0432081 -0.081225 0.0668897
0.043198 0.124296 -0.315932
0.0966976 0.150201 0.572045
-0.0432081 0.0883759 0.620664
-0.0296172 0.0397714 0.377105
-0.0432081 -0.101083 -0.555325
-0.0432081 0.00162117 -0.147146
0.00223209 -0.124336 0.0383566
-0.0432081 -0.00572832 -0.877951
-0.0432081 -0.0839035 0.553536
-0.0432081 -0.0814079 0.166895
-0.0432081 -0.14894 0.485075
-0.0432081 -0.115047 0.86812
-0.0296172 0.0354376 -0.997371
-0.0432081 -0.0851379 -0.708406
-0.0432081 0.106278 0.280129
0.0304331 0.124296 -0.00137605
-0.0432081 -0.0402719 -0.514884
-0.0432081 0.0107416 0.253542
-0.0296172 0.0482418 -0.41998
-0.0432081 0.0730977 -0.940723
-0.0432081 -0.144191 -0.306273
-0.0432081 0.150378 0.428909
0.0942831 -0.130332 0.779939
-0.0432081 0.0246433 0.0747609
-0.0100886 0.151877 0.709994
-0.0296172 0.0101738 -0.630502
-0.0432081 0.144967 0.0846571
-0.0432081 0.102422 0.368743
0.0490622 0.151877 0.797342
-0.0406141 -0.151918 0.191548
-0.0296172 0.00955277 0.551
0.0574757 -0.124336 -0.37912
-0.0432081 -0.101048 0.30484
0.0123729 0.151877 -0.86245
-0.0432081 0.151179 -0.959932
-0.0432081 -0.014038 0.448091
0.0567689 -0.124336 -0.493506
0.0966976 0.149815 -0.0938288
0.044832 0.124296 -0.199811
-0.0432081 0.0813699 -0.820435
-0.0432081 0.00219382 0.910239
-0.0432081 0.0903795 -0.587631
0.0356175 -0.151918 0.445423
-0.0296172 0.0714292 -0.0045113
0.0966006 0.151877 -0.417194
-3.54111e-05 0.151877 0.276966
-0.0432081 -0.150789 -0.709214
0.0374197 -0.124336 -0.215415
0.00629029 0.124296 0.528272
0.0966976 0.144228 -0.0324631
0.042365 -0.124336 0.299588
-0.0432081 0.0668715 -0.235168
0.0966976 0.147522 0.259193
0.0471693 0.124296 0.354445
0.0958404 -0.133341 0.260197
-0.0432081 0.116662 0.18178
0.00398035 -0.151918 -0.47527
-0.0432081 -0.0538387 0.946817
-0.0296172 0.0933677 0.488535
-0.0432081 -0.151652 -0.992661
-0.0432081 0.0141171 0.164092
-0.0432081 -0.123569 -0.862358
-0.0432081 0.00763818 -0.734727
-0.0296172 -0.0955775 -0.261008
-0.0432081 -0.151641 -0.517987
0.0966976 0.149499 0.8983
-0.0296172 0.107843 0.805587
0.0966976 -0.151916 0.941248
-0.0432081 -0.0461101 -0.360675
0.0498146 0.151877 0.161724
-0.0432081 -0.0261188 -0.997982
-0.0432081 -0.117769 0.60492
0.0966976 -0.15087 0.539284
-0.0390533 0.151877 0.984792
-0.0432081 0.0889605 -0.123951
0.0941094 0.151877 0.326137
0.0175499 -0.151918 0.550025
-0.0432081 -0.0241881 0.838001
-0.0386915 0.151877 -0.321403
0.010782 0.151877 0.469147
0.00963658 0.124296 -0.703999
-0.00898067 0.151877 -0.426584
0.0966169 0.151877 -0.92908
-0.0118658 -0.151918 0.264146
-0.0432081 0.0145015 -0.207913
0.0966976 0.15143 0.703334
-0.0432081 0.132765 -0.634454
-0.0432081 -0.110475 -0.652784
-0.0432081 -0.145173 0.00797611
0.0965024 0.135775 -0.295304
0.0512103 0.124296 -0.378408
-0.000292265 0.151877 -0.260751
0.054837 -0.124336 0.63705
-0.0296172 -0.026317 -0.0338201
-0.0432081 0.148426 -0.836758
-0.0432081 0.108743 -0.769812
0.0434078 0.124296 -0.520147
0.00133575 -0.124336 -0.392007
0.0451988 -0.124336 0.80897
-0.0432081 -0.124925 -0.148867
-0.0432081 -0.0991851 0.661572
0.00726025 -0.124336 0.100545
-0.00244196 0.151877 -0.0728045
0.0966976 0.151446 -0.560355
0.0966976 -0.149496 -0.0721568
0.00489618 -0.124336 -0.584137
-0.0296172 -0.0273199 0.0544262
-0.0296172 0.0559219 -0.476399
0.0962769 -0.134747 -0.781188
0.0476795 -0.151918 0.129146
0.0966976 -0.151633 -0.937509
0.0559074 -0.124336 0.02104
0.0458803 -0.124336 -0.812228
-0.0432081 -0.0308405 0.661811
0.00182891 -0.151918 0.898169
0.0966976 0.138716 -0.214887
0.0181234 0.124296 0.105796
-0.0432081 -0.0936378 0.492489
0.0928134 -0.128533 -0.584283
0.0573612 -0.124336 -0.157857
0.0963271 0.151877 0.47313
0.0118966 -0.151918 -0.0807544
0.00987303 0.124296 0.768163
0.0966976 0.141217 -0.874772
-0.0432081 -0.0791079 -0.802017
-0.0432081 -0.13959 0.136764
-0.0296172 0.0565843 -0.322963
0.0118639 -0.151918 0.376274
-0.0296172 -0.00111799 0.334537
0.0959375 -0.133612 0.103083
0.0497158 -0.124336 -0.0418259
-0.0296172 0.0295863 -0.683846
-0.00251876 0.124296 0.896
0.0966976 0.147454 0.770332
0.0512656 -0.124336 0.188043
0.0532019 0.124296 -0.789515
0.0966976 -0.150672 -0.407575
0.0482291 0.124296 0.864456
0.0929736 -0.151918 0.424957
0.0795988 -0.124336 0.724964
-0.000407613 0.124296 -0.920125
-0.0432081 -0.139347 0.986505
0.0471897 -0.124336 0.971269
0.0484927 -0.151918 -0.870331
0.0532957 -0.124336 0.862722
0.0966976 -0.148523 -0.126679
-0.00808788 0.151877 -0.760233
-0.0432081 0.104389 -0.690013
-0.0296172 -0.0251426 -0.816194
0.0301177 -0.124336 -0.290028
0.0522454 -0.124336 -0.716851
0.0946586 -0.151918 -0.467393
0.0909855 0.12691 -0.709062
-0.00505414 -0.151918 -0.785573
0.00427909 -0.124336 -0.886759
0.0547141 -0.124336 -0.657528
-0.0432081 0.0262172 -0.518527
0.0107434 0.151877 -0.551998
-0.0432081 -0.148892 -0.0451159
0.0966976 -0.151383 -0.632166
0.00399322 -0.124336 0.213018
0.0966976 -0.150775 0.609
0.0560926 0.151877 -0.622217
0.00409406 0.124296 -0.606338
-0.0432081 0.116859 -0.169403
0.0578256 0.124296 0.0583666
0.0955475 0.132573 0.94825
-0.0432081 0.140153 0.0321973
-0.0432081 -0.0116131 -0.406644
0.00588818 -0.124336 -0.742102
-0.0432081 -0.151917 0.81793
-0.0296172 -0.0169726 0.729028
0.0966976 0.14019 -0.764765
0.0537014 0.124296 -0.846793
0.0889016 -0.151918 0.212029
-0.0432081 0.110012 0.123267
-0.00279865 -0.124336 -0.9418
-0.0432081 0.0340053 0.427796
-0.00228185 -0.124336 0.954003
0.062061 0.124296 -0.959642
-0.0296172 -0.0872278 0.116722
0.00118858 0.124296 0.326869
-0.0296172 0.0541372 0.657336
0.0966499 -0.136981 0.891596
-0.00317922 0.124296 0.951626
0.0529481 0.151877 -0.679874
-0.0432081 -0.0549041 0.246604
0.00592755 -0.124336 -0.125247
-0.0432081 -0.0952138 0.915769
-0.0296172 -0.0738916 0.83917
0.0966976 -0.147888 0.0418631
-0.0296005 0.109819 0.738447
0.0603692 -0.124336 -0.969373
-0.0432081 0.132862 -0.525794
-0.0296172 -0.0502245 -0.564732
-0.0432081 -0.0330011 0.575899
-0.0432081 0.131951 -0.394282
-0.00308818 -0.124336 0.786277
-0.0296172 -0.0386233 -0.0933372
0.0538179 -0.151918 0.347239
-0.00906539 -0.124336 0.722593
-0.0296172 -0.0581855 0.343016
-0.0432081 -0.151785 0.360021
0.0552625 -0.124336 -0.550302
0.00329275 -0.151918 -0.633206
-0.0432081 0.0456261 0.999883
-0.0296172 0.0322751 -0.0371777
0.0476401 0.151877 0.247889
-0.0432081 -0.14881 -0.819005
-0.0432081 0.150813 -0.470649
-0.0296172 -0.0523449 -0.468221
-0.0432081 0.149094 0.831623
0.0571089 -0.151918 0.507633
0.0488357 0.151877 -0.109551
-0.0432081 0.108195 -0.869363
-0.0393825 0.151877 0.378249
-0.0432081 -0.057824 0.758902
-0.0296172 0.0388629 -0.117154
-0.0296172 0.0583692 0.257009
-0.0296172 0.0499126 -0.562366
0.0937067 -0.129551 -0.88889
-0.0296172 -0.00509284 -0.319062
-0.0432081 -0.103269 -0.440639
0.096038 -0.133913 0.36594
-0.0296172 0.100252 0.230831
0.05539 0.151877 -0.476531
0.0461362 0.151877 0.633337
0.0961101 -0.151918 -0.734204
-0.0432081 0.120089 -0.233668
0.0966976 0.150594 0.148912
-0.0432081 0.12017 0.535835
-0.0296172 -0.0700665 -0.182389
-0.0356015 -0.151918 -0.374679
0.0959476 0.151877 0.0774764
-0.00897546 0.151877 0.193768
-0.0432081 0.0302777 -0.844557
0.0926571 0.128334 -0.602187
-0.0157327 0.151877 -0.15305
-0.0296172 0.0320329 0.796609
-0.00277051 0.124296 0.433261
-0.0296172 -0.0967072 -0.31375
-0.0432081 -0.0393106 0.998204
0.0592771 0.124296 0.978597
0.0667642 -0.151918 -0.300348
0.0624827 0.124296 0.553077
-0.0296172 0.0645147 -0.778758
-0.0432081 -0.0600214 -0.657054
0.0021278 0.124296 -0.462946
-0.0413167 -0.151918 -0.2308
-0.00859102 -0.124336 0.457537
0.0894845 0.125966 -0.457644
-0.0432081 -0.0206939 -0.264207
-0.0135915 0.124296 0.603829
-0.0432081 0.131704 -0.0585668
-0.0432081 0.101047 0.952483
-0.0432081 -0.0358629 0.158804
-0.0296172 0.0284377 0.737836
-0.0432081 0.150786 -0.790573
0.000262855 -0.124336 -0.438194
-0.0347684 0.151877 0.876889
0.0793476 0.124296 0.611462
0.0069292 0.151877 -0.308866
-0.00527711 -0.124336 0.578786
-0.0296172 0.0266519 -0.909472
-0.0181377 0.151877 -0.998265
-0.0281773 -0.151918 -0.561168
0.000820305 -0.124336 0.657487
-0.0432081 -0.139965 -0.469622
0.0962999 -0.151918 -0.231548
0.0575944 0.124296 0.398877
-0.0432081 -0.110616 -0.957366
0.00151818 0.124296 -0.0371087
0.014935 -0.124336 0.412524
0.0119809 0.151877 0.564372
-0.0213686 -0.122658 0.52724
-0.0296172 0.101199 -0.486052
0.0422012 -0.151918 -0.251721
-0.0304248 -0.151918 -0.664826
-0.0296172 0.0158151 0.207476
-0.0432081 -0.105778 -0.0323131
-0.0432081 0.0906505 0.325431
-0.0432081 -0.0247761 -0.605987
-0.0432081 -0.0245603 -0.183447
0.0514141 0.151877 -0.160499
-0.0359456 -0.151918 -0.185642
-0.0296172 0.0452786 0.0357591
-0.0432081 -0.0688328 0.399263
-0.0432081 0.0480726 -0.604733
-0.0432081 -0.123874 0.0481128
-0.0432081 0.148087 -0.272109
-0.0296172 -0.044303 -0.959801
0.0594706 -0.124336 -0.33437
0.0138365 0.124296 0.165632
-0.0308547 0.151877 -0.672538
0.0372522 0.124296 -0.997998
-0.0432081 0.113064 -0.920977
-0.0432081 -0.114032 0.412889
-0.0432081 -0.0334064 0.00892352
0.0452442 0.151877 0.707003
0.0708247 0.124296 0.222368
0.0562907 -0.124336 0.472992
0.0531462 0.151877 -0.0272614
-0.0296172 -0.0925671 -0.890591
0.0304467 0.151877 -0.821517
-0.0432081 -0.144272 0.296637
-0.0296172 -0.0347698 -0.908505
0.00340288 0.124296 -0.226755
-0.0296172 -0.102624 -0.111429
-0.0432081 -0.10621 0.751455
-0.0296172 -0.0813335 0.208595
-0.0351348 -0.151918 0.636734
-0.00710064 0.124296 -0.108521
0.0490527 0.151877 0.0911646
-0.0296172 0.0414222 0.887081
-0.0296172 0.108922 -0.327351
-0.0432081 0.105756 0.909087
-0.0432081 0.0184864 0.1198
-0.000631537 0.151877 0.0131375
-0.000458823 0.151877 0.800149
0.078001 0.124296 0.673493
0.0770312 0.124296 0.00211752
0.00406659 -0.151918 -0.213627
0.0425096 0.124296 0.48495
-0.0432081 0.134413 0.682346
0.020784 -0.124336 0.343546
-0.0432081 0.151005 0.277406
-0.00598606 -0.124336 -0.0523102
0.0299924 0.124296 -0.274986
0.0745132 0.124296 -0.13033
-0.0432081 0.0670378 -0.278169
0.0306991 0.151877 0.892223
-0.0296172 0.0378357 0.95647
0.0962985 0.134793 0.429245
-0.0432081 -0.0488156 0.802195
0.0263938 0.151877 -0.399824
-0.0296172 0.0569867 0.58962
-0.0296172 0.00131048 0.869708
-0.0296172 0.0742505 0.167006
0.0966061 0.136501 0.530682
0.0202418 -0.151918 -0.711279
-0.0432081 0.125131 0.463052
-0.0432081 0.109006 -0.0186293
0.0237204 0.124296 -0.750173
0.0556933 -0.151918 0.669363
-0.0432081 -0.107943 -0.602044
0.0156602 0.151877 -0.182845
-0.0432081 -0.0200727 0.621052
0.0379012 -0.151918 -0.132748
-0.0432081 -0.107141 0.959543
0.0497579 -0.124336 0.538398
-0.0432081 -0.150978 0.236277
0.0820042 -0.124336 -0.436875
0.0273023 -0.151918 0.942986
0.0160294 -0.151918 -0.9165
-0.0432081 -0.15121 0.889305
0.0284471 0.124296 0.822321
0.0541785 0.151877 0.0237141
0.0431245 0.151877 -0.34803
0.00586727 0.124296 0.640934
-0.0296172 0.0937325 -0.404222
-0.00256053 -0.151918 -0.298737
0.0244561 -0.151918 0.0163462
0.0210888 -0.124336 0.260663
-0.0432081 -0.114838 0.700168
0.0441719 -0.151918 0.605393
-0.0296172 0.067456 0.722957
-0.0296172 0.00842626 0.292759
-0.0296172 0.0456052 0.525312
-0.0296172 0.065299 0.0846271
-0.0285853 -0.11465 0.829307
0.0187911 0.124296 0.723741
-0.0432081 -0.118786 -0.399303
-0.0296172 0.0371819 -0.955818
-0.0432081 0.0106752 0.651176
0.0491729 -0.151918 0.716387
-8.22446e-05 -0.124336 -0.505608
0.0203101 -0.151918 0.184479
-0.0432081 0.0703112 0.815401
0.00253244 -0.151918 0.068811
-0.0432081 0.108949 0.575722
0.0425201 0.151877 -0.932489
0.0538235 -0.151918 -0.189892
0.000489453 0.124296 0.244814
0.0414127 0.124296 -0.648682
0.0784937 0.124296 0.804324
-0.0296172 -0.0843923 -0.746977
-0.0432081 -0.0648467 -0.0387239
0.0465649 0.151877 0.324363
0.0776567 0.124296 0.173597
-0.00428842 0.124296 0.36992
0.0925092 0.128188 -0.255433
-0.0432081 0.050305 -0.381096
0.0634771 -0.151918 0.276521
-0.0432081 -0.0371704 -0.722523
0.0582646 0.151877 -0.546168
-0.0121047 0.124296 -0.968923
-0.0295015 -0.111018 -0.82517
-0.0295082 0.110923 -0.727691
-0.0296172 0.0468316 -0.0750167
-0.0296172 -0.00136629 0.410594
0.0525312 -0.151918 -0.0713459
0.0329186 -0.151918 -0.400222
0.0126171 -0.124336 0.868587
-0.00950362 0.124296 0.0741527
-0.0296172 -0.00413735 0.486891
0.0462048 0.151877 0.951594
-0.0296172 -0.00572117 -0.771124
-0.0432081 -0.132915 -0.26735
-0.0148608 -0.12433 -0.984835
-0.0432081 -0.0530748 0.470742
-0.0279635 0.115998 -0.558777
-0.0124175 -0.124336 -0.341339
0.0314392 -0.151918 -0.571118
-0.00278189 0.124296 -0.395842
-0.0432081 -0.077771 -0.227515
0.0572443 0.151877 -0.875243
0.0829254 0.124296 -0.531392
-0.000268955 -0.124336 0.295013
-0.0262676 -0.151918 -0.745095
-0.0296172 0.105398 0.0186858
-0.0295828 0.110128 0.654098
-0.00453212 -0.151918 0.131074
0.0263766 0.151877 -0.779712
0.0187721 0.151877 0.353375
0.00944463 0.124296 -0.337116
0.0125236 0.151877 0.928015
0.0415783 -0.151918 0.889023
0.0866827 0.124823 0.355
0.0341444 -0.124336 -0.459853
-0.0296172 -0.0812882 0.273466
-0.0296172 0.096558 -0.205025
-0.0137961 0.124296 -0.847308
-0.0241392 -0.120826 0.339974
0.0226282 -0.124336 -0.780029
-0.029009 -0.113402 0.0872053
0.0608518 0.151877 0.838508
0.0318408 -0.151918 -0.673755
-0.0432081 -0.0793114 -0.519003
-0.0296172 0.0287577 -0.242576
0.0888734 -0.125694 0.971075
-0.00413237 0.124296 0.682776
0.0266424 0.151877 0.433294
0.0590531 0.151877 -0.293116
0.0443854 -0.151918 -0.94669
0.0797646 -0.124336 -0.20804
0.0594654 -0.151918 -0.00644618
-0.034184 -0.151918 -0.954545
0.0430325 -0.151918 0.836547
0.0326617 0.151877 0.752034
-0.0432081 -0.0222554 -0.647248
-0.0219772 -0.151918 -0.878427
-0.0296172 0.0626891 0.464636
0.0566705 -0.151918 -0.520911
-0.0432081 0.121732 0.402621
-0.00439264 0.124296 -0.529057
-0.0432081 -0.0786065 -0.386866
0.046067 -0.124336 0.101108
-0.0203272 -0.151918 -0.132397
0.0507661 0.151877 0.20093
0.0730083 -0.151918 -0.813137
-0.0265463 -0.118304 0.178566
0.0774409 -0.151918 0.752649
0.0824757 0.124296 0.496348
0.0739515 -0.151918 0.809233
0.0117873 0.151877 0.612978
-0.0432081 0.113973 -0.092831
0.0317751 -0.124336 -0.849202
0.0785798 0.124296 -0.330898
0.0710438 -0.124336 -0.754178
0.0859777 -0.124683 0.513389
0.0630423 -0.124336 0.435241
0.0800666 0.124296 -0.180548
-0.00919568 -0.151918 0.505655
0.0425375 0.124296 0.13557
0.05307 -0.151918 -0.99487
0.0176323 0.151877 -0.900331
-0.0218978 0.151877 0.534107
-0.017357 -0.124051 -0.0106784
-0.0296172 -0.0168868 0.940457
0.000868517 -0.151918 0.747065
0.00497321 -0.151918 0.691649
0.0872366 0.124993 -0.0640353
0.0657964 -0.124336 0.224702
-0.0296172 -0.0419218 0.42481
-0.0165595 -0.124186 0.384382
0.0197278 -0.151918 0.802406
-0.0296172 -0.091159 0.0327597
0.0731526 -0.124336 -0.616593
0.0947442 0.131011 0.293372
0.0945233 -0.130695 -0.373776
-0.00716345 0.124296 0.991307
0.0290619 -0.124336 -0.629578
-0.0432081 0.14385 0.726624
0.0958784 -0.133445 0.642712
-0.00782673 0.124296 0.490767
0.0580712 0.151877 0.580641
-0.0296172 0.0744561 0.392354
-0.0097177 -0.124336 -0.191619
0.0944348 -0.130558 -0.49861
-0.0296172 -0.0554691 -0.258196
-0.0432081 -0.110458 0.451587
0.0484348 0.124296 -0.712857
-0.0432081 0.148399 0.61304
-0.0432081 0.144249 -0.358045
-0.0432081 0.0360744 0.342141
0.029601 0.151877 -0.229162
0.0910121 0.126929 -0.389514
-0.026683 -0.118121 -0.718101
-0.0182317 -0.123852 0.913132
0.0294411 0.151877 -0.595695
-0.0069606 0.151877 0.0995459
-0.0432081 -0.0257792 -0.441436
0.0739172 -0.124336 0.133321
-0.0296172 0.0975041 -0.621838
-0.0296172 -0.0305704 -0.130847
-0.0432081 0.0692874 -0.982803
-0.0114422 -0.124336 -0.541267
-0.0359867 -0.151918 0.591492
0.0944375 0.130522 0.73708
-0.0296172 -0.0561611 0.0936374
-0.0296172 -0.0499964 0.545575
-0.0432081 0.116758 -0.808599
-0.0296172 0.00812341 0.042835
-0.0296172 0.0666551 -0.687531
0.0274239 -0.124336 0.72968
-0.0111882 0.124296 -0.884368
-0.0309419 -0.151918 0.852996
-0.0432081 -0.149343 0.717832
-0.0296172 0.0248693 -0.173564
-0.0432081 -0.119924 -0.0796717
-0.0432081 0.151428 0.168934
-0.0296172 0.0711054 0.354356
-0.0102044 0.151877 -0.943143
0.0282611 -0.124336 0.0646652
-0.0186684 0.123692 0.842915
0.0702538 -0.124336 0.32888
-0.0296172 -0.0652212 0.656513
0.0802724 -0.124336 0.0650337
-0.0432081 0.016455 -0.432821
-0.0296172 0.0327001 -0.760192
-0.0179111 -0.123932 -0.238727
-0.0296172 -0.00666137 -0.527776
0.0630748 0.151877 -0.399807
0.0245184 0.151877 -0.449526
0.0271702 0.124296 0.0354198
0.0268254 -0.151918 0.646846
0.0966976 -0.151053 -0.277372
0.00109762 -0.124336 -0.810166
-0.0121934 0.151877 0.747231
0.0618074 -0.151918 0.16649
0.0588223 -0.124336 0.773421
0.0716854 0.151877 0.924856
-0.0223323 0.151877 -0.610494
-0.0296172 -0.0240606 0.260586
-0.0432081 -0.111712 -0.92095
0.0628443 -0.151918 -0.692855
0.0713569 0.124296 -0.494834
-0.0432081 0.102472 0.772276
-0.0296172 -0.0292878 -0.852836
0.0323281 0.124296 -0.483188
0.0241762 -0.151918 0.284124
0.0700991 -0.151918 0.912119
-0.0432081 -0.0314219 0.69863
-0.0432081 0.00268896 0.585175
0.0702816 -0.124336 0.688146
0.096237 -0.134593 0.571689
-0.0296172 0.0706976 0.861096
0.021876 -0.124336 -0.362175
-0.0432081 0.0704879 -0.446154
0.068494 -0.151918 -0.571178
0.0086803 -0.151918 0.473327
0.0703096 0.124296 0.893105
0.0596832 0.151877 0.469063
-0.0432081 -0.00619662 0.521439
0.0668918 0.124296 -0.229332
-0.0432081 0.00576563 0.817825
-0.00794182 0.124296 -0.668378
-0.0432081 0.0671069 -0.0393246
-0.0432081 -0.0578959 0.0359979
0.0579246 0.151877 0.375066
0.0182628 0.151877 0.508355
-0.0114145 0.124296 0.562076
0.037829 -0.151918 0.408156
0.0279454 0.124296 -0.0994949
0.0192966 -0.124336 -0.248193
0.0675791 0.124296 -0.0949831
-0.005672 0.151877 -0.72137
-0.0220269 -0.151918 0.0362752
-0.0296172 -0.0665609 -0.334378
-0.0432081 0.14362 -0.755337
-0.0432081 0.102129 -0.961938
-0.0432081 -0.0712996 -0.100191
0.0901855 -0.126414 -0.30987
-0.0432081 0.10908 0.0856771
0.0628388 -0.151918 0.954507
-0.0432081 0.00520873 -0.980524
-0.0432081 -0.0815876 0.590693
0.0305236 -0.151918 0.320002
0.0680405 -0.151918 -0.902861
-0.0296172 0.0820915 -0.908823
-0.0296172 -0.00623214 0.0867583
0.0872453 0.124996 -0.907389
-0.0111489 0.124296 -0.183373
0.0707313 -0.124336 -0.862054
0.0354493 -0.124336 -0.00910722
0.0674134 0.124296 0.261755
0.0753667 -0.151918 -0.0408751
0.0236025 0.124296 0.272931
0.045409 0.124296 0.773036
-0.0127037 -0.124336 -0.617315
0.0557434 -0.151918 -0.356641
0.0660224 0.151877 0.421593
-0.0432081 -0.128919 0.789288
0.0265439 0.151877 -0.0521739
0.0951203 -0.131723 -0.96751
-0.0296172 0.0723578 0.968448
-0.0432081 0.055304 0.690139
-0.0432081 0.147544 0.125521
0.0848751 -0.124478 0.295719
0.0599246 0.151877 -0.982388
-0.0432081 0.059123 -0.143603
-0.04226 -0.151918 -0.781064
0.063899 -0.151918 0.557404
0.0670061 0.151877 -0.199276
0.0323348 -0.124336 -0.519803
-0.0432081 0.0373852 -0.715599
-0.0432081 0.14678 -0.433857
0.0560504 0.151877 0.670775
0.0127368 0.151877 0.66194
-0.0296172 0.00459016 0.373792
-0.00245622 -0.151918 -0.413848
-0.0432081 -0.119671 0.56842
-0.0432081 0.0254909 -0.33255
0.078866 -0.151918 0.390912
0.04351 -0.151918 0.995081
-0.0432081 -0.123062 -0.6874
-0.0296172 0.0490165 -0.817784
-0.00917781 -0.124336 -0.0873747
0.0758556 0.151877 -0.790516
0.0563012 -0.151918 -0.471775
0.0238583 -0.151918 -0.805469
-0.0432081 -0.034355 0.913205
-0.0296172 -0.0774753 0.521853
-0.0296172 0.0812597 0.52142
-0.0116313 -0.124336 0.988443
0.0745128 0.124296 -0.742554
-0.0432081 -0.0601392 -0.888639
0.0279573 -0.124336 -0.181754
-0.0432081 0.0150732 0.767382
-0.0296172 0.0468905 -0.207725
0.0507128 -0.124336 -0.413369
0.0246073 -0.124336 -0.963376
-0.0044179 0.151877 -0.828135
0.0746861 0.151877 -0.84291
0.00913967 0.151877 -0.122264
-0.0296172 -0.0932029 0.629365
0.0271775 0.124296 -0.949033
-0.00774931 -0.124336 -0.278215
0.0268442 -0.124336 0.592029
0.0888119 0.151877 -0.685016
0.0739108 0.124296 0.708979
-0.0432081 -0.116987 -0.520045
0.0305159 -0.124336 -0.0709189
-0.0432081 0.035188 -0.650279
-0.0134424 0.124296 0.295449
0.0591802 0.151877 0.999576
0.0144729 0.151877 0.30841
0.0762532 -0.124336 0.830045
-0.0296172 -0.0893064 -0.676839
0.0767415 -0.124336 0.934968
0.0670457 0.151877 -0.587064
0.0963786 -0.151918 0.712662
-0.013741 -0.151918 0.165364
0.0431766 -0.124336 0.149441
0.0753129 0.124296 -0.997006
-0.0296172 0.0166133 0.456301
-0.027042 0.117568 -0.135864
-0.025885 0.119079 0.151671
-0.0408421 -0.151918 -0.339793
0.071695 -0.151918 0.872262
-0.0296172 -0.0597554 0.137517
0.0671674 0.124296 0.325468
-0.0296172 0.0151211 -0.595966
0.0488339 -0.124336 -0.588804
-0.0296172 -0.00728593 -0.231545
0.0665328 0.151877 -0.0733035
0.0686295 0.151877 -0.437051
-0.0422482 0.151877 -0.17481
0.0955545 -0.13263 -0.157036
-0.0432081 -0.0128486 -0.494318
0.0888185 -0.125668 -0.0954644
-0.0296172 -0.105209 0.146373
0.024112 0.124296 -0.878981
0.0944526 0.151877 0.112698
-0.0296172 0.0199025 -0.400806
-0.0218639 -0.151918 0.959112
0.0470832 -0.151918 -0.835995
0.0277573 -0.151918 -0.499846
-0.0296172 -0.0880568 0.884078
0.0126435 0.151877 -0.0202984
-0.0420865 -0.151918 0.450323
-0.0296172 0.101066 -0.655793
0.0195526 0.151877 0.125814
0.0377085 0.124296 -0.614308
0.071724 0.151877 0.870797
0.0134177 0.124296 0.861858
-0.0296172 0.0423866 0.178987
0.0952231 0.131882 -0.958508
-0.0296172 -0.102122 -0.170154
0.00869492 0.151877 0.226675
-0.0236198 0.151877 0.057721
-0.0432081 -0.0892778 0.337306
-0.0432081 -0.0025826 -0.113406
-0.0266562 -0.118157 0.268472
0.0105514 0.124296 -0.571728
-0.0432081 -0.0756215 -0.582875
-0.022629 0.151877 -0.546103
-0.0194614 -0.123478 0.49037
-0.0432081 0.0408755 0.555976
0.0683871 -0.151918 0.45752
-0.0432081 -0.108259 0.00443588
0.0324538 -0.124336 -0.996306
0.0630353 0.151877 0.130136
-0.0225521 0.151877 0.461095
0.0679123 0.151877 0.28136
0.0014891 0.151877 -0.685565
0.0953514 0.151877 -0.626337
-0.0432081 0.0374616 0.232866
0.0634173 0.151877 -0.512789
-0.0109632 -0.151918 -0.698365
0.09078 -0.126805 0.0161584
0.0559212 -0.124336 0.258583
0.0421012 0.151877 0.543427
-0.00658632 0.124296 0.0356229
0.0209896 -0.124336 -0.554467
-0.00152043 -0.151918 -0.367059
-0.0296172 -0.0780215 -0.959446
-0.0296172 -0.0177002 -0.372697
0.0769977 0.151877 0.970806
0.0632192 -0.151918 -0.639346
0.0726028 0.124296 -0.632255
-0.0133401 0.124296 0.213784
-0.0432081 -0.117025 0.208037
0.0926934 0.12837 0.0530672
-0.0267754 0.151877 -0.86667
-0.0411524 -0.151918 0.394402
-0.0247872 0.151877 0.954365
-0.011507 0.124296 -0.00265767
-0.00846857 -0.151918 0.227522
0.0274349 -0.151918 0.0968515
-0.0296172 -0.0585666 -0.690638
0.00827763 -0.124336 0.82165
0.0307511 0.151877 -0.502169
-0.0296172 -0.00656078 0.137438
0.0325963 -0.151918 -0.308877
0.0631522 0.151877 0.766215
-0.0432081 -0.0654917 0.313289
-0.011157 -0.151918 -0.594284
-0.0296172 0.0903764 0.198836
0.0420791 0.124296 0.522638
-0.0280386 0.115849 0.341391
-0.0397933 -0.151918 0.520765
0.013173 0.124296 -0.425205
-0.0336217 0.151877 -0.240328
-0.0432081 -0.0330831 0.325658
0.0618128 0.124296 0.643754
-0.0432081 0.0551691 0.626884
-0.0296172 0.0749106 0.89419
-0.0432081 0.00181977 -0.0453774
0.0304309 0.124296 0.961585
-0.0432081 -0.0236698 -0.0668634
-0.0126505 -0.124336 0.625308
0.0313451 -0.151918 -0.04488
-0.00889742 -0.124336 -0.850878
0.0764995 -0.124336 -0.0642141
0.00108312 0.151877 0.877204
-0.0130699 -0.124336 -0.65418
0.0227892 -0.151918 0.517241
-0.0432081 0.0743983 0.28936
-0.0197625 -0.151918 -0.070835
-0.0432081 0.00146454 -0.670422
-0.0296172 0.0718237 -0.0967819
0.06392 -0.151918 0.0391021
0.0241099 -0.124336 0.462792
0.0277215 0.151877 -0.706749
-0.0432081 -0.0541014 0.187338
-0.0296172 0.096109 -0.252632
0.0271383 0.124296 0.0706526
-0.0432081 0.139278 0.797405
-0.0132364 0.124296 0.116629
-0.0296172 0.0806974 -0.852233
-0.0432081 0.13205 -0.990002
0.0259281 0.124296 0.408188
0.0530337 -0.151918 0.206462
0.0777418 0.124296 -0.419573
0.0868835 -0.124922 -0.65071
-0.00122562 0.124296 -0.292919
0.0171018 0.124296 -0.836052
-0.0151904 -0.151918 0.799465
-0.0296172 0.00194737 -0.705336
0.0727288 0.124296 -0.677185
0.0701575 0.124296 -0.0326176
0.0126083 -0.124336 -0.32011
0.0430106 0.124296 0.180645
0.0664079 -0.151918 -0.394446
0.0219373 0.124296 0.454756
0.0374563 -0.124336 -0.888621
-0.0264279 0.118418 -0.36964
0.0859387 -0.124674 0.407709
0.0807019 0.124296 -0.569156
-0.0432081 0.119728 0.502335
-0.0432081 -0.0336472 -0.330439
-0.0102747 -0.124336 -0.155952
0.0147136 -0.124336 0.922418
0.0236379 -0.124336 0.627317
-0.00521732 0.151877 -0.582606
-0.0432081 0.122594 -0.60341
-0.0432081 -0.0452273 -0.794318
0.0780481 -0.124336 0.613427
0.0687117 0.151877 -0.907676
-0.0432081 -0.0147585 0.230039
0.0743373 -0.151918 0.244134
0.0962838 0.151877 -0.729408
0.0752798 -0.124336 -0.998564
-0.0208452 -0.122914 0.119846
-0.0432081 0.0357677 0.27618
0.0633852 -0.124336 0.362224
-0.0296172 -0.10831 -0.791991
-0.0296172 0.0301298 0.919951
0.0868202 -0.124903 0.862265
0.0950024 0.151877 0.80929
0.0169734 -0.151918 -0.442364
0.0306646 0.124296 0.559767
0.0122229 -0.151918 -0.871495
-0.0296172 -0.055393 -0.994204
0.0234401 0.151877 0.183363
-0.0432081 -0.00376677 -0.912008
-0.0129195 -0.124336 0.686879
-0.0296172 0.0571478 -0.509238
-0.0112992 -0.151918 0.00569733
0.096108 0.151877 0.608568
0.0386516 -0.124336 -0.746935
0.0245821 -0.151918 0.151866
0.0829806 -0.124337 0.194638
0.0835769 -0.124353 -0.919614
0.0622681 0.124296 -0.270268
0.0950469 -0.151918 0.0763844
-0.0432081 0.041997 -0.00517639
0.069347 -0.151918 0.100821
0.0584452 -0.151918 -0.732483
0.0110108 -0.124336 0.529215
-0.0296172 0.0240436 -0.48667
0.0581899 -0.151918 -0.223733
0.0375461 -0.151918 -0.100249
-0.0432081 -0.0562395 -0.826474
0.0699809 -0.151918 -0.109062
0.0293899 0.124296 -0.678596
-0.0386721 -0.151918 0.327594
-0.0432081 -0.00114694 -0.837975
0.00202566 0.124296 -0.774341
0.0693102 -0.151918 -0.146705
-0.0111445 0.124296 0.401233
0.0842586 -0.124403 -0.715387
-0.0122178 -0.151918 0.0999678
-0.0296172 -0.0292249 0.970026
-0.0432081 -0.128044 -0.576326
-0.0120594 -0.151918 0.564026
-0.0110284 -0.124336 -0.469142
-0.0274043 0.117001 0.704338
-0.0152578 0.151877 0.248443
-0.0432081 0.123751 0.313331
-0.0432081 -0.121023 0.637581
0.0699871 0.124296 -0.818347
-0.0432081 -0.0251553 0.881103
-0.0432081 0.120393 0.9823
0.0942026 -0.130216 0.448242
0.0264445 -0.124336 0.769548
-0.0142303 0.151877 0.90667
-0.0432081 0.127958 -0.201518
-0.0296172 -0.0764371 0.965787
-0.0432081 0.099233 0.83372
-0.0432081 0.119537 0.626781
-0.0406398 0.151877 0.201032
0.0794746 -0.124336 -0.471307
0.0239849 -0.124336 0.999742
0.0323396 0.151877 0.860594
0.0418586 -0.151918 0.478821
-0.0168709 -0.124139 0.757769
-0.0432081 -0.0444707 -0.392261
0.0201961 0.124296 -0.366855
-0.00964053 0.151877 -0.793683
0.0884021 -0.151918 0.12799
-0.0432081 -0.141388 -0.637911
0.0374394 0.124296 -0.0321772
0.0689467 -0.151918 0.630893
0.0272389 -0.124336 0.375957
-0.0223205 -0.151918 -0.492731
0.0305163 -0.151918 0.0494746
-0.012674 0.151877 0.355573
0.0131699 -0.151918 -0.950906
0.0619943 -0.124336 -0.785183
-0.0296172 -0.0129829 0.175596
-0.0296172 0.0908935 -0.152346
0.000538824 0.124296 -0.638086
-0.0198042 0.123312 0.922249
0.088229 -0.125405 -0.549696
0.0368682 -0.151918 0.574811
-0.0296172 -0.0727844 0.370841
0.0714682 0.151877 -0.947907
-0.0296172 0.0606691 -0.35411
-0.0296172 0.0225392 -0.876295
-0.00333679 -0.151918 0.92915
-0.0432081 -0.0255542 -0.550904
-0.0296172 0.0836686 -0.304205
0.00591321 0.124296 -0.996918
-0.0119108 -0.151918 0.355832
0.039818 0.124296 -0.245213
0.07431 0.151877 0.726157
-0.0432081 0.0810363 -0.755226
-0.0199218 0.123267 0.77767
-0.0432081 -0.0949024 -0.849837
-0.0146516 0.151877 -0.457315
0.0942995 0.130315 0.87218
-0.0296172 -0.0473912 -0.158051
-0.00727473 -0.124336 -0.770431
0.0705957 0.151877 0.0502894
0.0521436 -0.151918 0.786474
0.00859296 -0.151918 0.425692
-0.0296172 -0.0231447 -0.29219
-0.0296172 0.0848603 -0.559471
-0.0432081 0.0926161 0.46049
0.0647605 0.151877 -0.708722
0.0891736 -0.151918 -0.865285
0.0315803 0.151877 -0.0829004
-0.0432081 -0.0860607 -0.287846
0.0883744 0.151877 -0.126347
-0.0432081 0.129058 0.254658
-0.0432081 -0.0448629 0.727009
0.0292237 0.124296 -0.172959
0.0342323 0.124296 0.625477
-0.00609979 -0.124336 0.24569
0.00509164 -0.151918 -0.11104
0.0359078 -0.124336 0.216383
-0.0296172 -0.097055 0.725113
0.0824287 -0.151918 -0.601814
-0.0432081 0.0820848 0.106879
-0.0432081 -0.128711 -0.895018
0.0739831 -0.124336 -0.521064
-0.0432081 -0.0539215 0.858596
-0.0432081 -0.0710899 -0.489127
0.0736857 -0.124336 -0.13157
0.0305209 0.124296 0.316056
0.065489 0.151877 -0.32592
-0.0432081 0.0817039 0.653859
-0.0432081 0.0542222 -0.912914
0.0428115 -0.151918 0.376144
0.00425053 -0.151918 -0.755988
0.0685798 -0.124336 0.994344
0.0371143 -0.124336 -0.686657
-0.0432081 0.0659785 0.492951
0.01145 0.124296 -0.0726336
-0.0432081 0.0819238 -0.334211
-0.0217011 0.122441 -0.427386
0.0651016 0.124296 0.948278
-0.0432081 0.144659 -0.92977
-0.0432081 0.129298 -0.300638
-0.0432081 0.111405 0.434499
-0.0432081 -0.0270655 0.756998
-0.00821598 0.151877 0.419058
-0.0432081 -0.087017 -0.632606
-0.0296172 0.0228732 -0.545959
-0.0200306 0.151877 -0.641218
-0.0432081 -0.118391 -0.330852
0.071111 0.151877 0.347279
-0.0137263 0.124296 -0.262816
-0.0432081 -0.117362 -0.994478
0.0831362 0.124298 0.0819965
-0.0432081 0.12802 -0.492205
-0.0162106 -0.124231 -0.913489
-0.0296172 0.0362206 0.14773
-0.00480758 0.124296 0.812986
-0.0432081 -0.0786469 -0.458912
0.0179407 0.151877 0.693053
0.0202292 -0.151918 -0.277547
0.0799269 0.124296 0.580829
0.0348404 0.124296 0.244221
-0.0325424 0.151877 -0.0789928
-0.0296172 0.0390598 0.10042
-0.0296172 0.0748981 0.0279991
-0.0432081 0.112265 -0.839027
-0.0296172 0.0170948 0.996571
-0.0296172 0.0395339 -0.449282
0.0269545 0.124296 -0.54595
0.0966976 -0.151635 0.288269
0.0857033 0.124582 -0.851677
0.00662829 0.151877 0.96018
-0.0239222 0.151877 0.30315
0.0957023 0.151877 -0.00118486
0.0656414 -0.151918 0.316767
0.00225857 -0.151918 -0.666433
0.0772639 0.124296 0.76662
0.074391 0.151877 0.548075
-0.0296172 -0.0505594 -0.0624744
0.0807523 0.124296 0.464083
0.0546376 -0.124336 0.743261
-0.0432081 -0.0743753 0.682132
0.0233215 -0.124336 0.561448
-0.020644 0.151877 -0.39843
0.029032 0.124296 0.998139
-0.0113331 -0.151918 -0.328282
0.0705416 -0.151918 0.588302
-0.0296172 0.0750327 0.787606
0.0840188 0.151877 -0.272388
0.0240112 -0.124336 -0.149605
-0.0432081 -0.0223555 0.547529
-0.00991606 0.151877 0.591355
-0.0296172 -0.0846001 0.767927
0.0914819 0.151877 0.228579
-0.0309099 -0.151918 -0.846494
0.0311387 -0.124336 0.841493
0.0551837 0.151877 -0.768339
0.00775196 -0.151918 0.966087
-0.0144261 0.151877 0.675774
0.0431576 0.151877 0.401453
0.0848239 0.12443 0.921188
-0.0177479 -0.123969 0.882923
-0.0296172 -0.0668993 0.923207
0.079898 -0.124336 0.542978
0.0631756 -0.124336 -0.235376
0.0675013 0.151877 -0.650162
0.0964715 0.151877 -0.471459
-0.00975615 -0.124336 0.0660572
0.0697373 -0.124336 -0.831369
-0.0157795 0.151877 -0.0457495
0.0781615 -0.151918 -0.764083
-0.0296172 -0.0223333 0.810379
-0.0432081 -0.0692069 -0.771962
-0.0240004 0.151877 -0.295122
0.0711792 -0.124336 -0.00984874
-0.0296172 0.00795644 -0.0180513
0.0194148 -0.151918 0.216211
-0.0133454 0.151877 -0.904507
0.0702663 -0.124336 -0.683272
-0.00757126 0.151877 -0.337647
-0.0186095 -0.151918 -0.455415
-0.0432081 0.120823 0.213499
0.0184443 -0.124336 -0.034778
-0.0271694 -0.151918 -0.0198392
0.010044 0.124296 0.135841
0.0700904 -0.151918 -0.962204
-0.00983665 -0.151918 -0.998218
0.0331294 -0.151918 -0.640662
-0.0143209 0.124296 0.179431
-0.0296172 -0.0669667 0.493671
0.0828533 -0.124336 -0.404084
-0.0296172 -0.00764626 0.674959
0.0393073 0.151877 0.290107
-0.0296172 -0.0762283 -0.545725
0.0156246 0.151877 -0.622216
0.0456969 -0.124336 -0.262717
0.0956292 -0.151918 -0.437426
0.0891564 0.125793 0.97889
0.0210508 0.151877 -0.282254
-0.0432081 0.141717 -0.142702
-0.0432081 0.0837699 0.142196
-0.0296172 0.0198288 0.510076
0.0705485 -0.124336 0.898561
-0.0296172 -0.0963822 -0.415007
-0.0432081 0.0593924 0.0587639
-0.013605 0.124296 -0.496873
-0.0100985 -0.151918 0.652876
0.0667165 -0.151918 -0.268637
-0.0432081 0.120904 0.0549006
0.0188261 -0.124336 -0.0984248
0.051914 -0.151918 -0.79153
0.095883 -0.151918 0.506747
0.073227 0.151877 -0.371051
-0.0187903 -0.123696 -0.307596
-0.0432081 0.00943521 0.94285
-0.0132926 -0.151918 -0.931519
-0.0296172 -0.0313708 0.355759
0.039294 -0.124336 0.662341
0.0263692 -0.151918 0.861056
0.0815851 0.124296 0.144222
0.0168423 0.151877 -0.741823
0.0259467 -0.124336 -0.48832
0.0912844 0.151877 0.502575
0.0172001 0.151877 -0.998092
-0.0432081 -0.0328976 -0.934737
-0.0208602 -0.122907 0.430145
0.0198676 -0.151918 0.72046
-0.0432081 -0.00602133 -0.797355
0.0284744 -0.124336 0.893796
-0.0296172 -0.0416045 -0.626764
0.00840691 -0.124336 0.00953186
-0.0228944 -0.121758 0.0231588
-0.00488146 0.124296 -0.154084
-0.0202314 0.123143 -0.702537
0.0437586 -0.124336 0.508226
-0.0184581 0.123751 -0.0724179
-0.0432081 -0.00653492 -0.345152
-0.0296172 0.10786 -0.518217
0.0416645 0.151877 -0.425224
-0.00576272 -0.151918 0.868225
-0.0432081 0.0710022 0.234189
-0.0296161 0.109286 -0.0452743
-0.0432081 -0.0512925 0.0680361
0.0193229 0.151877 -0.151181
-0.0432081 -0.150209 0.26787
-0.0296172 0.0373122 0.70896
0.0594865 0.124296 -0.462719
-0.0432081 0.0460111 -0.299179
0.0545031 0.124296 -0.347673
0.0685496 0.124296 0.831919
-0.0432081 -0.128589 0.665889
0.0881557 0.125334 -0.790227
0.0510513 0.124296 -0.407686
0.0722206 0.124296 0.0326355
0.0651836 -0.124336 -0.290907
0.00521989 0.151877 -0.212737
-0.0432081 0.0194249 0.395289
-0.0143755 -0.151918 0.713478
0.0412646 0.151877 0.0614991
-0.0432081 -0.119321 0.506759
0.006705 -0.151918 0.775621
0.0169434 -0.151918 0.252226
0.071346 -0.124336 0.162335
-0.0432081 0.0489482 0.402803
-0.0296172 -0.0612366 0.572437
0.0198882 0.124296 0.933866
0.0175804 -0.151918 -0.598825
-0.0123791 -0.151918 -0.523344
0.0586925 0.151877 -0.814582
0.0603078 0.151877 0.897544
-0.0432081 0.0826216 0.591526
0.0767412 0.124296 -0.934487
-0.0432081 -0.0973501 -0.139673
0.0217563 -0.124336 -0.926297
0.0966976 0.148029 0.673503
-0.0432081 0.0316877 0.583766
0.0817393 -0.151918 -0.665028
0.00300021 -0.151918 -0.0512351
-0.0296172 -0.0898713 0.466863
-0.0432081 0.088361 -0.792278
-0.0296172 -0.0795953 0.239834
-0.0155147 0.124257 -0.751267
0.014143 0.124296 -0.197633
-0.0432081 0.129359 0.946666
-0.0228926 0.121718 -0.939618
0.0782333 0.151877 -0.233039
0.0467903 0.124296 0.697858
-0.0432081 -0.101485 0.530437
0.0452085 0.151877 -0.84783
0.0299815 0.151877 0.0071469
0.0161331 0.124296 -0.507085
-0.0432081 0.132314 0.857421
-0.0432081 -0.0649472 -0.730564
0.0121502 -0.124336 -0.713679
-0.0296172 0.06806 -0.621006
-0.0296172 -0.0485092 -0.0144785
-0.0296172 0.0404842 0.767524
-0.0432081 0.0062068 0.71866
0.0329055 0.151877 -0.530887
-0.0296172 0.0869899 0.260202
0.0690086 0.124296 -0.880619
-0.0296172 -0.0407881 0.638457
-0.0432081 -0.130431 -0.547634
0.0236817 0.124296 0.793424
0.0359019 -0.124336 -0.123388
-0.0296172 0.0195831 -0.304239
-0.0432081 -0.0164089 0.286142
0.0193256 0.151877 0.0878182
0.010562 -0.124336 0.129138
0.0738509 0.151877 0.180876
0.0360333 0.151877 -0.319838
-0.0432081 -0.0753138 -0.358168
-0.0432081 0.134733 0.00079445
0.0883532 -0.125457 -0.807226
-0.0133317 -0.151918 0.449856
-0.0432081 -0.105692 -0.23439
0.0854744 0.124537 -0.359947
-0.0143824 -0.151918 0.534184
-0.0151348 -0.151918 0.292692
0.0671248 0.124296 -0.300027
-0.0432081 0.126476 -0.667282
0.0195405 0.151877 0.25384
-0.012011 0.151877 -0.10219
-0.0296172 0.0288493 -0.14407
-0.0296172 0.00466183 -0.25817
0.0302034 -0.124336 -0.389617
0.0966976 0.150102 -0.188575
0.0966976 -0.151551 -0.566062
0.0248 -0.151918 -0.19223
-0.0432081 0.0768219 -0.492562
0.0270997 0.124296 0.899084
-0.0125379 -0.151918 0.393117
0.0860245 0.124653 0.402323
0.0822236 -0.151918 0.343604
0.0328433 0.124296 -0.809624
-0.0296172 -0.0200907 -0.578671
-0.0129346 0.151877 0.497523
-0.00819884 0.151877 0.998729
0.00609138 -0.124336 -0.220761
0.0379422 0.151877 0.600866
-0.0432081 0.0266261 0.865402
0.0856815 -0.124618 0.753279
-0.0432081 -0.0492819 -0.197662
0.0384231 0.151877 -0.655279
0.0722799 -0.151918 -0.497052
-0.0296172 0.0904438 0.928926
-0.0296172 0.0996606 0.550226
0.0144634 0.151877 0.729464
0.0849508 -0.124489 -0.347134
0.0559225 -0.124336 0.0495386
0.0602777 -0.124336 -0.186865
-0.0296172 -0.0948484 0.396808
-0.0432081 -0.117239 -0.291122
-0.0432081 0.0476119 -0.537458
-0.0296172 -0.018457 -0.972427
0.0560746 0.124296 0.0908821
-0.0432081 -0.130511 -0.117013
0.0567528 0.124296 -0.155934
-0.0133951 -0.124336 0.851336
0.0220653 0.151877 0.819531
-0.0202625 -0.123171 -0.416795
0.0147459 0.151877 0.153822
0.0429406 -0.151918 -0.160711
0.09505 -0.13159 -0.0439519
-0.0296172 -0.0210605 -0.741555
0.0157608 -0.124336 -0.654665
-0.0404144 -0.151918 -0.157211
-0.0296172 -0.0527751 0.22179
0.0650991 -0.151918 0.419695
0.0519448 0.124296 -0.761192
0.0318353 0.124296 0.378284
0.0738995 -0.124336 0.658117
0.0220645 0.151877 0.778319
0.052957 -0.124336 0.71057
-0.0432081 0.0893893 -0.177157
0.0735208 -0.151918 0.695931
-0.0427607 -0.151918 0.111167
-0.0432081 0.0209564 0.318252
0.0751649 -0.124336 0.801802
0.0936122 0.151877 -0.323256
0.0265336 -0.151918 -0.370213
0.0352555 0.151877 -0.568072
0.0254371 -0.124336 0.94866
-0.0162851 -0.124222 -0.369283
0.0214765 -0.124336 0.190277
0.039774 -0.151918 0.917174
-0.0264252 0.118422 -0.463979
0.0191089 0.124296 0.500617
-0.0432081 0.123277 0.887052
0.0849668 -0.151918 0.182463
-0.0432081 -0.111286 0.988239
-0.0179952 0.123871 0.872545
0.0375762 0.151877 0.487949
-0.0136427 -0.151918 -0.816799
-0.0217519 -0.151918 0.999556
0.0693299 -0.151918 -0.93123
0.0541625 -0.151918 -0.32686
0.0130813 -0.151918 0.589718
0.0228101 -0.124336 -0.416692
-0.0432081 -0.0919388 0.821703
0.079264 0.151877 0.446302
-0.0432081 -0.125982 0.317988
-0.0432081 -0.151238 0.0548463
0.0283126 -0.151918 0.67615
-0.0296172 0.000295883 -0.187017
-0.0191085 0.123557 0.516487
-0.0126759 -0.151918 0.193459
-0.0432081 -0.131297 -0.73664
0.0258821 -0.151918 0.348965
-0.0432081 -0.0740924 0.733449
0.0132135 0.151877 -0.477619
-0.0295946 -0.109975 0.9352
-0.0432081 -0.140976 0.165996
-0.0296172 -0.027964 0.468087
-0.0432081 -0.119718 0.90146
-0.0296172 0.0878657 -0.709208
-0.0432081 0.138656 0.354042
-0.0296172 0.0175589 -0.822506
-0.0303615 0.151877 -0.504816
-0.0432081 -0.0543134 0.275915
-0.00191159 -0.151918 -0.728886
-0.0432081 -0.126436 -0.176617
-0.0432081 0.0695601 -0.405803
0.0629785 0.124296 -0.602788
0.0251324 0.124296 -0.397037
0.0553925 0.124296 -0.546588
-0.010655 0.124296 0.459848
0.061776 0.151877 -0.13411
0.0262381 0.151877 -0.372137
-0.0432081 0.0613289 0.330819
-0.0296172 0.107226 -0.895944
0.0966976 0.15145 0.357769
-0.0432081 -0.012455 0.0269677
0.0845458 0.151877 -0.532258
-7.11153e-05 -0.124336 0.362217
-0.0296172 -0.0484104 0.828517
-0.0296172 -0.0881131 -0.203518
-0.0296172 -0.0189066 -0.160098
-0.000590368 -0.151918 -0.560311
-0.00872401 0.124296 0.725824
0.0933979 0.151877 -0.0640381
-0.0191029 -0.123599 0.554707
-0.0432081 -0.0903397 0.0929157
-0.00622613 0.151877 0.326629
-0.0296172 -0.0828487 -0.825716
-0.0432081 0.133244 0.590007
-0.0147514 0.124292 0.26779
-0.0432081 0.085895 0.740017
0.00813616 0.124296 0.585631
0.0311986 0.124296 0.748685
0.0445324 -0.151918 -0.54566
0.0509673 0.124296 0.802946
0.0729466 0.151877 0.308482
0.033571 -0.151918 -0.0162708
0.0271132 0.124296 -0.921228
0.09516 -0.131799 0.229762
0.0124954 0.151877 0.535271
0.0470818 0.124296 -0.128359
0.0429129 -0.151918 0.539448
-0.0296172 0.0441252 -0.265312
0.0293537 -0.124336 0.0342481
-0.00147781 -0.124336 0.322405
-0.0432081 0.00809714 0.845199
-0.0295174 -0.110885 -0.0577189
0.034772 -0.151918 -0.896527
0.0196388 0.124296 0.353761
0.0301617 -0.124336 0.436111
-0.0432081 -0.120748 0.726871
0.0371577 -0.151918 0.968506
0.0859406 -0.151918 -0.708848
-0.0432081 -0.0413486 0.601908
-0.0102594 0.151877 -0.972114
-0.0432081 0.0403651 0.456742
0.0690172 0.151877 0.611603
-0.0296172 -0.0470327 -0.537672
-0.0432081 0.0591936 -0.839077
0.0857304 -0.151918 0.00632042
-0.0432081 0.118457 -0.262881
0.0155046 0.151877 -0.929332
-0.0432081 -0.135179 0.957365
-0.0432081 -0.0333141 -0.884283
-0.00679116 -0.151918 -0.901769
-0.0280418 0.151877 -0.813645
-0.018124 0.151877 0.77695
0.0966976 -0.138858 0.816737
-0.0432081 -0.0494514 -0.594739
0.0799886 -0.151918 0.657318
-0.0432081 -0.117455 0.478751
0.0950829 -0.151918 0.973902
-0.0432081 0.0942006 0.404965
-0.020442 0.123054 -0.621036
0.0555427 -0.124336 -0.442534
0.0518373 -0.124336 0.604704
-0.0432081 -0.0870083 0.941548
-0.0225328 0.151877 0.852821
-0.0363469 0.151877 0.701757
0.0231688 -0.151918 -0.777638
0.0423825 -0.124336 0.327389
-0.0296172 -0.0357652 -0.49012
0.00246198 0.124296 -0.73116
-0.0432081 -0.0835755 0.860356
-0.0188197 0.151877 0.221184
-0.0296172 0.0262813 0.668459
-0.0296172 -0.0737435 0.805647
-0.0432081 0.0512864 -0.746183
-0.0432081 0.0844358 -0.882085
-0.0432081 -0.129541 -0.494474
0.0914714 0.127278 0.555477
-0.0432081 0.035169 -0.931954
-0.0296172 -0.0191353 0.595055
-0.000502727 0.151877 0.636934
-0.0292333 -0.151918 -0.280324
-0.0432081 0.0693159 -0.201685
-0.0224131 0.122027 -0.586357
0.0310431 -0.151918 -0.227262
-0.0432081 0.125016 0.755933
0.0353756 0.151877 0.223581
-0.0432081 -0.126406 0.382132
-0.0296172 -0.00973034 0.997262
0.07006 -0.151918 0.836472
-0.0296172 -0.0145747 0.644166
-0.0432081 0.0599282 0.434661
-0.0296172 0.0674067 -0.590155
-0.0296172 -0.0147613 0.309186
-0.0296172 0.034388 0.636961
-0.0296172 -0.0532219 -0.116381
0.0710583 -0.124336 0.0914657
-0.0232553 0.121467 -0.782562
-0.0432081 -0.096505 0.190903
-0.0296172 -0.0983275 -0.579092
-0.0432081 -0.13043 -0.0143082
-0.0296172 -0.0323403 0.0810962
0.0960901 -0.134079 0.919341
-0.0432081 0.139086 -0.693942
0.0634991 -0.124336 -0.894513
0.0767386 -0.151918 -0.204529
-0.0296172 0.0905993 -0.459347
-0.0296172 -0.0415049 0.775073
-0.0432081 -0.0566047 0.977878
-0.0432081 -0.0133322 -0.209389
-0.0432081 -0.0524223 -0.440719
-0.0218351 -0.151918 -0.623207
0.0646058 0.151877 -0.00320447
0.0779944 -0.151918 0.780069
0.0724006 -0.151918 0.485858
0.0966976 -0.150346 -0.9052
0.0744676 -0.151918 -0.843146
0.0916242 0.127401 -0.107178
0.0045463 -0.151918 -0.141623
0.00447422 -0.151918 0.0352161
-0.0296172 -0.0106482 0.00427455
-0.0432081 -0.026192 -0.467915
-0.0432081 -0.0868339 0.418661
-0.0432081 -0.0785534 -0.158964
0.0800184 -0.124336 -0.945823
-0.0226801 -0.121899 0.804372
0.0902257 0.126398 0.202679
0.0721614 -0.151918 -0.54307
0.0966976 0.147438 -0.444099
0.000775181 0.151877 -0.526578
0.00819029 -0.124336 0.747733
-0.0432081 -0.132958 -0.97139
0.0966976 -0.151808 -0.306946
-0.0432081 -0.000746908 -0.288944
-0.0429653 -0.151918 -0.400819
-0.0432081 -0.0539513 0.443926
-0.0294162 0.151877 0.403403
0.0872293 0.124991 0.636865
-0.0296172 -0.103801 0.586721
-0.0432081 0.103712 -0.541155
-0.0212528 -0.122717 -0.880488
0.0327849 -0.151918 -0.738406
-0.0215666 -0.122554 -0.590261
-0.0121694 0.124296 0.75254
-0.0296172 -0.0112224 -0.092594
-0.0296172 0.0679491 0.995248
-0.0296172 0.0630348 -0.960881
0.0278188 0.124296 -0.782606
-0.02096 0.151877 0.817885
0.0328566 -0.124336 -0.336877
-0.0432081 -0.135354 -0.935558
0.0729039 -0.151918 -0.4199
0.0724987 0.151877 0.693145
0.038093 0.151877 0.91742
-0.0432081 -0.129231 0.540254
0.0934942 0.151877 -0.898995
-0.0432081 -0.106422 -0.466786
-0.0178398 0.123908 -0.345407
-0.0296172 -0.0343674 -0.420692
-0.0296172 -0.0448517 0.398732
0.0465092 -0.124336 -0.3105
0.0892281 -0.125871 -0.232876
-0.0432081 0.0921631 -0.228303
-0.0432081 -0.126322 0.105035
-0.0296172 0.0511629 -0.666406
-0.0432081 -0.0912494 -0.337378
-0.0432081 -0.12627 -0.80566
0.0141536 -0.124336 0.975485
0.0213389 -0.124336 0.795677
0.0740161 0.124296 0.525619
0.0223526 -0.124336 -0.604282
0.0397185 0.151877 -0.193111
0.00229493 -0.124336 0.603818
-0.0432081 0.11267 -0.349368
-0.0432081 -0.00574094 0.20164
0.00850986 0.124296 0.192166
-0.0432081 -0.0638603 0.114598
0.0297714 -0.151918 -0.471038
-0.0432081 0.0362989 -0.581409
0.081004 -0.151918 -0.366789
0.086258 0.124709 -0.155184
-0.0296172 0.0182014 -0.101195
-0.0296172 -0.00484753 0.755307
0.0205073 -0.151918 0.123797
0.0649672 0.151877 0.228414
0.0513754 0.151877 0.443135
-0.0101685 0.124296 -0.319434
-0.0256737 -0.119357 0.297664
0.0197618 0.124296 -0.974892
0.0747012 0.124296 0.378088
0.0308757 0.151877 -0.255134
0.0939854 0.151877 -0.591237
-0.0296172 -0.10257 0.0609948
-0.0211276 0.122738 -0.218343
-0.0432081 0.0831754 -0.669068
-0.0296172 0.0745283 0.678493
-0.0432081 0.130801 0.559535
0.0148496 0.124296 -0.253892
-0.0432081 0.0114445 0.352739
-0.0432081 0.058173 0.150416
-0.0296172 -0.084679 -0.0257248
-0.0296172 -0.0524355 0.679456
-0.0432081 0.137583 -0.556377
-0.0432081 0.131172 -0.032645
-0.0432081 0.0277979 0.97613
-0.0432081 0.022001 0.532034
-0.0201051 0.151877 0.0317357
-0.0296172 0.0393473 -0.624991
-0.00144218 0.151877 0.444041
-0.0432081 0.0410258 -0.890662
0.0966976 -0.138873 -0.254548
0.0439987 0.151877 -0.96201
-0.0296172 0.0942781 0.716482
-0.0432081 -0.10545 -0.735963
-0.0432081 -0.0537392 0.523906
0.075384 0.151877 -0.0449323
0.0269006 0.124296 -0.455572
-0.0432081 0.031162 0.822834
-0.0432081 -0.109623 0.124754
-0.0432081 0.143817 0.521922
-0.0264106 -0.151918 0.908901
-0.008561 -0.151918 -0.96484
0.0753549 0.151877 -0.174171
-0.0296172 0.0723698 -0.377878
-0.0296172 -0.0101182 0.704011
-0.0296172 -0.108656 -0.629168
-0.0296172 0.0961375 0.304233
-0.0296172 -0.0959471 0.685856
-0.0432081 -0.134656 0.838328
0.0504571 -0.124336 0.942539
0.0175689 0.151877 -0.343244
-0.0432081 -0.020231 0.421963
-0.0432081 -0.0788275 -0.431451
-0.0432081 0.00142347 -0.383313
-0.0432081 0.0974438 0.164644
-0.0432081 0.13057 0.106162
-0.0102113 -0.151918 -0.186986
-0.0296172 -0.0295223 0.859195
-0.0296172 0.01625 0.893507
-0.0296172 -0.00754184 -0.429407
-0.0432081 -0.137022 0.425491
0.0433061 0.151877 -0.898795
-0.0432081 0.0211394 -0.461376
-0.0216594 0.122464 -0.821378
0.0918187 -0.127603 0.701755
0.0724149 -0.151918 0.531009
0.0966976 -0.148949 0.867247
-0.0432081 0.0619965 0.84114
0.0747201 -0.151918 0.726401
-0.0432081 0.0488106 -0.0966481
-0.0208328 -0.151918 0.612549
0.0320963 0.151877 0.378353
0.0965438 0.151877 -0.391104
0.0170758 0.124296 0.697102
0.0586447 0.124296 0.156466
-0.0432081 0.124836 0.823473
-0.0432081 0.0751944 0.946964
-0.0296172 -0.0973054 -0.531243
-0.0168108 -0.151918 0.475339
-0.0432081 0.0539497 0.795751
-0.0432081 0.11294 -0.417347
0.0234294 -0.124336 -0.824453
0.0898512 0.151877 0.411381
-0.0432081 0.126526 -0.118253
-0.0432081 0.00884241 0.432043
0.00745562 -0.124336 0.703193
0.0966976 -0.143298 0.73838
-0.0208927 -0.122892 -0.132851
0.0518411 0.124296 -0.928938
-0.0200088 -0.123274 0.224408
-0.0432081 -0.0791028 -0.871675
-0.0296172 -0.0158797 -0.626712
-0.03373 -0.151918 0.782069
-0.0432081 0.132586 -0.862222
0.0454988 0.151877 0.352903
-0.0296172 -0.101324 -0.386815
-0.0432081 -0.128591 -0.837358
-0.0432081 -0.0689378 0.784733
0.0482303 -0.151918 0.296836
-0.0178135 0.151877 0.169016
-0.0296172 0.0842628 -0.429715
-0.0432081 -0.0724767 0.898795
0.0966102 -0.136577 -0.755835
-0.0296172 0.10398 0.605998
-0.0296172 -0.0653092 -0.282632
-0.0432081 0.00648384 0.792489
-0.0296172 0.0874686 -0.0323849
0.0966976 0.148176 0.926406
0.0455844 -0.124336 -0.948813
-0.0432081 0.0623994 -0.800012
0.0744905 -0.151918 -0.0841634
0.00929242 0.124296 0.0125224
-0.0143791 0.151877 0.382043
-0.0296172 0.0472632 -0.857438
-0.0432081 -0.131598 -0.354628
0.026458 0.151877 0.032158
-0.0432081 -0.0431291 -0.275789
-0.0432081 0.105638 -0.386595
-0.0218854 0.151877 -0.69828
-0.0432081 -0.0518274 0.374452
-0.0296172 -0.055932 0.165832
0.0761012 0.124296 -0.205851
-0.0432081 -0.0966491 -0.773493
0.0662389 -0.151918 0.983261
0.0436735 -0.151918 0.810281
0.0413112 -0.151918 0.262774
-0.0255089 -0.119536 -0.448106
-0.0432081 -0.0351472 -0.243608
0.0262142 0.124296 -0.59142
-0.0432081 0.0293515 -0.0630968
-0.0432081 0.127081 0.376345
0.0821463 -0.124336 0.0396185
0.0847474 0.124419 0.243267
0.0258232 0.151877 -0.679369
0.0809652 -0.124336 0.486545
-0.0223566 -0.122103 -0.747117
0.0538092 0.124296 0.0115846
0.0744062 0.151877 -0.751878
-0.0432081 0.0625675 -0.708197
0.0677944 0.151877 0.813997
0.0425487 0.151877 0.115369
0.0722028 -0.151918 -0.452404
-0.0432081 -0.0886902 0.705613
-0.0294922 -0.111092 0.775036
-0.0432081 -0.0251106 -0.779285
0.0709029 0.151877 0.649854
0.0739561 0.124296 0.858883
-0.0432081 0.131115 0.654749
0.0161723 0.124296 -0.310905
-0.0432081 -0.0846235 0.142083
-0.0296128 0.109472 0.680196
-0.0432081 -0.0291591 0.489143
0.0966976 -0.14875 -0.100968
-0.0432081 0.0407138 -0.187673
-0.0432081 0.0350627 0.19863
-0.0432081 -0.101499 0.278958
-0.0432081 -0.0753258 -0.315384
-0.0296172 0.0332749 0.0139059
-0.0432081 -0.0726234 0.633823
0.0170895 -0.124336 0.234208
-0.0432081 -0.0715342 -0.979278
-0.0170961 -0.151918 0.827247
0.0424202 -0.151918 -0.972406
0.0842483 -0.124402 -0.180286
0.0569087 -0.151918 -0.66429
0.0417182 -0.151918 -0.922008
0.0966976 -0.151905 -0.821162
-0.00246152 -0.124336 0.183892
-0.0131938 0.151877 0.931408
-0.0432081 -0.0212648 -0.0134903
0.00379844 -0.124336 0.895789
-0.0432081 0.0674276 -0.0730685
-0.0432081 -0.00509821 0.0661072
-0.0217385 0.151877 -0.124992
-0.0432081 0.0406525 -0.779272
-0.0432081 0.108982 -0.0683148
0.0360659 0.151877 -0.130721
-0.0169238 -0.151918 -0.0956027
-0.0296172 -0.0313464 0.133407
0.0482678 0.151877 0.732905
-0.0296172 0.00327738 -0.858103
-0.0296172 0.0970956 -0.933992
0.0542026 0.124296 0.576326
0.021705 -0.124336 0.313922
-0.0432081 0.127278 -0.891277
0.0637076 0.124296 0.194059
-0.0432081 -0.0399148 -0.671316
-0.0432081 0.120981 -0.74554
-0.0432081 0.0646041 0.373858
-0.0296172 0.0667299 -0.120882
0.0762478 0.151877 -0.489596
-0.0432081 0.0459884 -0.974335
0.0670272 0.124296 0.421594
-0.0148088 -0.151918 -0.392583
-0.0296172 -0.0936287 -0.940459
-0.0270394 -0.151918 -0.250802
-0.0296172 0.014894 -0.654969
-0.0141649 -0.151918 -0.158626
0.0942915 0.130304 -0.482973
-0.0432081 0.0602867 0.879199
0.0727259 0.151877 -0.103987
-0.0432081 0.00490516 0.625388
-0.0296172 0.106134 -0.112939
-0.01998 0.151877 -0.481242
0.0915192 -0.127356 0.342767
0.000641908 0.124296 -0.945914
-0.0432081 0.0429607 -0.162002
0.0958293 0.151877 0.857547
-0.0432081 0.127385 -0.954204
-0.0218705 -0.151918 0.0670336
-0.0432081 0.0413865 0.606675
0.0966976 0.146219 0.174223
0.0740406 -0.151918 -0.242358
-0.0257939 0.151877 0.00796378
-0.0174273 -0.151918 -0.225627
-0.0427034 0.151877 -0.650335
-0.0432081 0.0482195 0.733252
-0.0432081 -0.075516 -0.25513
-0.0275305 0.151877 -0.738548
-0.0296172 -0.0656177 0.292743
-0.0432081 -0.136464 -0.206179
-0.0296172 0.0983705 0.8875
-0.0432081 0.103817 -0.306263
-0.0296172 0.100639 -0.750146
0.025604 0.124296 -0.722419
-0.0432081 -0.0129249 -0.720038
-0.0432081 0.0533296 0.0164644
-0.0432081 -0.0948103 -0.0927842
-0.0432081 -0.140727 0.613044
-0.0258336 0.151877 -0.374646
-0.0432081 -0.124394 -0.428544
-0.0296172 0.100684 0.973316
0.0714332 0.151877 0.253003
-0.0259192 -0.11908 -0.561755
-0.0296172 -0.0584089 -0.504813
0.0476326 -0.124336 -0.356883
0.0925808 0.128258 0.331652
-0.0296172 0.00438622 -0.504746
0.0443695 -0.151918 -0.28032
-0.00326157 -0.124336 0.270628
-0.0201808 0.123164 0.968926
-0.0296172 -0.0812035 -0.651867
0.00677756 0.124296 0.834312
-0.0296172 -0.0728453 -0.907111
-0.0296172 0.0704144 0.609822
-0.0206551 -0.123001 -0.678482
-0.0430084 -0.151918 -0.583274
0.0530194 0.124296 -0.0126487
-0.0421367 0.151877 -0.4096
-0.00570979 0.151877 0.0753629
0.0345903 0.124296 0.434134
-0.0432081 0.0126973 -0.76077
-0.0194922 0.151877 0.616291
-0.0432081 0.03412 -0.223118
0.0742997 -0.151918 0.367166
-0.0119748 -0.151918 0.588726
-0.0296172 0.0677268 -0.542434
0.0966976 -0.150855 0.795318
-0.0296172 -0.0995169 0.434134
0.0922273 -0.127963 0.997635
-0.0296172 -0.0649119 -0.210192
-0.0426477 0.151877 -0.217938
0.0955454 -0.132609 -0.61308
0.0920376 -0.127792 -0.285855
0.014961 0.124296 -0.657423
0.031949 0.124296 -0.220197
-0.0296172 0.0396449 0.0613647
-0.0296172 -0.055472 -0.938062
0.0153847 0.124296 0.61045
-0.0262137 -0.118729 -0.94168
0.0103919 -0.151918 -0.391726
0.0680239 -0.151918 0.142006
0.0127632 -0.124336 -0.863948
-0.0432081 0.0881399 -0.731648
-0.00523982 0.151877 -0.878831
0.0562561 0.151877 -0.220792
-0.0296172 -0.0262514 -0.350231
0.0728198 0.151877 0.0839876
-0.0432081 -0.146772 -0.0704575
0.0263858 0.124296 -0.053844
0.0561838 0.124296 0.603357
-0.00471978 0.151877 -0.234568
0.0776584 -0.151918 -0.171264
-0.0432081 0.125977 -0.715025
0.0467256 0.124296 -0.871042
0.0493382 -0.124336 0.0760735
0.00951749 0.151877 -0.808081
-0.0178131 0.123914 0.637325
-0.0296172 0.0892454 0.0852386
0.0423638 -0.124336 0.124761
-0.0296172 0.0549878 -0.932951
-0.0296172 -0.0817879 -0.12321
-0.0432081 0.0352669 -0.359762
0.00856692 -0.151918 0.304555
-0.0296172 0.104836 0.0662851
0.0704506 0.151877 0.490814
0.0223931 -0.151918 0.493328
-0.0432081 0.151219 0.547084
0.0100461 0.124296 0.299939
-0.0231151 0.121566 0.242153
-0.0296172 0.050697 0.816853
0.00344892 -0.151918 -0.499166
-0.0175795 0.123965 -0.992573
0.0588968 0.124296 0.505667
0.0653368 -0.124336 0.281979
-0.0296172 0.00747291 0.229838
-0.0432081 -0.00141114 0.106628
-0.0296172 0.0553741 0.284592
-0.0296172 -0.10487 -0.979359
-0.0432081 -0.141712 0.032209
-0.0102865 -0.124336 0.407403
0.0441443 -0.151918 0.183353
0.0541824 -0.151918 0.739713
-0.0408861 0.151877 0.899949
0.0918747 -0.151918 -0.797152
-0.0432081 -0.103401 0.844428
-0.0432081 0.0516415 0.976752
0.0780144 0.151877 0.784864
-0.0432081 0.111907 -0.576644
0.0958059 0.133208 0.014423
0.0926342 0.128311 0.69187
0.040992 0.151877 -0.996843
-0.0432081 0.103812 0.250232
0.0701777 0.151877 0.397966
-0.0296172 -0.103156 -0.696208
-0.0432081 0.0127061 -0.893193
-0.0200032 -0.123276 -0.213066
-0.0296172 -0.0737513 0.18603
0.067728 -0.124336 0.958911
0.049439 0.151877 -0.45112
-0.0432081 0.101614 0.52095
0.0925028 0.128182 0.785508
0.00701504 -0.124336 -0.994153
-0.0432081 -0.128736 0.351762
0.0734765 0.151877 0.153834
0.0779796 -0.124336 0.38447
-0.0432081 0.133335 -0.454541
-0.0432081 -0.0863549 -0.0488308
-0.0432081 -0.143618 0.213693
-0.0296172 0.00957253 -0.128612
-0.0234015 0.121361 0.0953787
0.0137064 0.151877 0.589107
-0.0296172 -0.00347666 -0.997928
-0.0296172 -0.101736 0.221804
0.0515285 -0.151918 -0.0324059
-0.0432081 -0.151157 -0.867866
0.0027676 0.124296 -0.865183
-0.0296172 0.0528122 -0.0213317
-0.0432081 -0.131292 0.765087
-0.0296172 0.0731033 0.636434
-0.0432081 0.119881 0.721855
0.0492278 0.151877 -0.380592
-0.0296172 -0.0524714 0.0124044
-0.0296172 -0.00454549 -0.0637269
-0.0432081 0.138696 0.149009
-0.0296172 -0.102193 0.559836
0.0465196 0.124296 0.840881
-0.0432081 0.058742 0.103187
-0.0296172 -0.0654189 0.420173
-0.0236905 0.121145 -0.644845
-0.0137669 -0.124336 0.144105
-0.0432081 0.126347 0.923173
-0.0225771 -0.121965 0.965829
-0.0432081 0.0891042 0.800818
-0.0296172 -0.0619 -0.3772
-0.0432081 -0.0260765 -0.111199
-0.0432081 -0.00128122 -0.614127
-0.0198711 -0.123328 -0.490976
-0.0192951 -0.123535 0.200843
-0.0296172 0.0844943 0.764939
-0.0296172 0.0298463 -0.736801
-0.0432081 -0.0410146 -0.698542
0.0488967 -0.151918 0.692825
-0.0432081 0.042646 -0.491614
-0.0432081 -0.0123444 0.358627
0.0430667 -0.124336 0.238858
-0.0432081 0.0676262 -0.569826
0.00259435 0.151877 -0.394691
-0.0432081 -0.130681 -0.664842
-0.0432081 0.0108521 0.474884
0.0734519 -0.124336 -0.0380949
-0.0432081 0.0705186 0.412185
-0.0193349 -0.123522 -0.519081
0.0108319 0.124296 -0.0143548
-0.0432081 0.0401381 0.128968
-0.0428898 0.151877 -0.0437365
0.018217 0.151877 -0.426627
-0.0296172 0.0159275 0.0963545
0.0456331 0.124296 0.11192
-0.0432081 -0.0859071 0.0143442
0.0932594 -0.151918 0.457147
-0.0432081 -0.00328876 -0.589887
0.0112737 0.124296 -0.898618
0.0528021 -0.124336 -0.628256
0.0403098 -0.124336 0.276081
-0.0296172 -0.03203 0.238213
0.027827 -0.151918 0.623419
-0.0432081 -0.00527095 0.390496
-0.0432081 0.0227322 -0.615564
-0.0296172 0.0114393 -0.927304
-0.0432081 -0.129503 -0.37797
-0.0432081 0.0837309 0.010081
0.0733312 0.124296 -0.772113
-0.0296172 -0.0547943 -0.713759
-0.0432081 0.0262706 -0.382826
-0.0432081 -0.125265 0.0728554
-0.0432081 0.0514449 0.943136
-0.0296172 -0.0842161 0.318942
-0.0296172 0.0852286 -0.972377
0.0788391 -0.151918 -0.32227
0.0375919 0.151877 0.566387
0.0912066 -0.127114 0.593278
-0.0432081 0.0644174 0.184075
-0.0077211 0.151877 -0.183427
-0.0367692 0.151877 0.668205
-0.0432081 0.128068 -0.323977
-0.0296172 -0.101271 -0.867743
-0.0286896 0.114333 0.478265
0.095874 0.151877 0.282939
-0.0432081 -0.0312105 0.182703
0.0965715 0.136226 0.130501
-0.0232486 -0.121513 -0.0368463
-0.0432081 0.0227231 0.0296807
-0.0296172 -0.0633348 -0.635836
-0.0224549 -0.151918 -0.354172
0.0915592 0.127348 0.26975
-0.0228514 0.121746 0.582565
-0.0296172 0.105195 0.0420101
-0.0432081 -0.124539 -0.618852
0.0902717 0.126427 -0.508281
-0.0197766 -0.151918 -0.767533
-0.0432081 -0.143144 -0.758427
0.00993683 -0.151918 0.449612
-0.0296172 0.0687772 -0.259367
0.0418578 0.151877 0.975011
0.00588835 -0.124336 -0.297058
-0.0296172 0.00925566 0.182414
-0.0432081 0.0435373 0.906666
-0.0276169 0.151877 -0.772847
0.0536315 -0.124336 -0.0684538
0.053166 -0.124336 0.832751
-0.0432081 -0.13867 0.867634
0.0966975 0.138026 0.454212
-0.0296172 -0.0996418 0.511673
-0.00669812 0.124296 -0.552184
-0.0432081 0.148339 -0.600913
-0.0432081 -0.0677059 -0.0710373
-0.0432081 -0.151524 0.66031
0.0126645 -0.151918 -0.68932
0.0860232 0.151877 -0.967996
-0.00870148 0.151877 0.553847
0.0532005 -0.151918 0.857407
-0.0296172 0.072229 0.31106
-0.0296172 -0.0256778 0.527269
0.0660157 0.124296 -0.654497
0.00383282 -0.124336 0.477123
-0.0432081 -0.125191 0.814722
-0.0432081 -0.139012 0.696965
-0.03372 0.151877 -0.981102
0.0071309 0.124296 0.0580123
-0.0296172 0.0880727 -0.773516
-0.0432081 -0.124797 0.283258
0.0079213 -0.124336 0.38873
-0.0432081 -0.148391 -0.132871
0.0299033 -0.151918 -0.851519
-0.0296172 0.0806462 0.839384
0.0523976 0.124296 -0.688223
-0.0432081 0.0888151 -0.270373
-0.0432081 -0.0923257 0.257733
0.0966976 0.145375 -0.845698
-0.0201608 0.123172 -0.0240659
0.0960302 -0.133889 -0.452993
0.0278746 -0.151918 0.0737476
0.0501441 -0.151918 0.020551
0.045591 0.124296 -0.735787
-0.0212006 -0.122743 0.599943
0.0132337 0.124296 0.980478
-0.0432081 0.0731195 0.705167
-0.0211685 0.151877 0.120172
0.0559083 -0.124336 -0.467564
0.0942626 0.130261 0.658209
-0.0267897 -0.117973 0.363896
-0.0432081 0.0626936 0.517846
0.0356082 0.124296 0.157783
-0.0296172 -0.0416554 -0.649832
0.0267265 -0.124336 0.166851
-0.0325132 -0.151918 -0.538525
-0.0296172 0.0977033 -0.80838
0.0741717 -0.151918 0.0611998
-0.0264735 -0.1184 -0.260478
0.00509352 -0.124336 -0.173966
-0.0296172 0.0893045 0.570806
0.0450659 -0.124336 0.418559
-0.0432081 -0.113308 0.163101
0.0470714 -0.151918 -0.381964
-0.0234003 0.121362 0.42049
0.0313803 0.151877 -0.875419
0.0795968 -0.124336 0.246628
-0.0296172 -0.061203 -0.806859
-0.0296172 0.0947748 0.351845
-0.0432081 0.124209 0.779771
0.0353798 0.124296 0.648441
0.0308266 0.124296 -0.345563
0.0427272 0.124296 -0.973875
0.092882 0.128564 -0.981125
-0.0432081 -0.0349705 0.0345866
0.0742152 0.151877 -0.565019
0.0104733 -0.124336 -0.461082
0.047962 0.124296 0.22025
0.0126863 0.124296 -0.120159
0.0966976 -0.140692 -0.206079
-0.0296172 -0.0902717 -0.607498
-0.0296172 -0.0145855 -0.932297
-0.0224446 -0.122048 0.658682
-0.0432081 0.107015 -0.63767
-0.0432081 -0.0490881 -0.862304
-0.0208323 0.12288 0.539981
-0.0432081 0.128869 0.290993
0.0795252 0.151877 0.588695
0.0943341 0.130366 -0.551687
0.0760706 -0.124336 -0.569221
-0.0432081 0.0383336 -0.402299
0.0159633 -0.151918 0.401343
-0.0432081 -0.0665201 0.998522
-0.013539 -0.124336 -0.700422
0.00652945 -0.124336 -0.0152405
0.0730131 0.124296 0.284363
-0.0296172 -0.037459 -0.310796
-0.0432081 0.0127352 -0.231221
0.00872789 0.151877 0.759747
-0.0432081 -0.0424311 -0.0432222
0.0208234 0.151877 0.330371
-0.0362621 -0.151918 -0.686923
0.0169214 -0.151918 0.91735
0.0944547 0.130548 -0.0112801
-0.0225477 -0.151918 -0.719078
0.0811629 0.151877 0.752159
0.0952583 -0.131993 0.136813
-0.0432081 -0.129893 -0.236527
0.0966976 -0.146679 0.763746
-0.0432081 -0.130212 0.246906
-0.0296172 0.0100274 -0.962835
0.0934151 -0.129196 -0.861502
-0.0296172 -0.0631041 0.0535575
0.0740832 -0.151918 -0.984647
-0.0239158 -0.151918 0.143065
-0.0296172 -0.0257846 -0.393988
-0.0296172 -0.0150248 0.572651
0.0174822 -0.124336 0.673002
0.096043 0.133888 0.593733
-0.0211385 0.122733 0.318751
0.0732544 0.151877 0.948369
0.0259544 0.151877 -0.106947
0.0276786 -0.124336 -0.580457
0.0739729 -0.151918 0.934685
0.0791364 0.151877 0.524991
-0.0151392 -0.151918 -0.648021
-0.0296172 -0.0831876 0.608823
0.0220079 0.151877 0.639942
-0.0155041 -0.124298 -0.110835
-0.0296172 0.0549898 0.224573
-0.0296172 -0.0408748 0.744753
-0.0296172 0.0505279 -0.0506791
-0.0432081 0.14936 0.473827
-0.00282699 0.151877 -0.283294
0.0811377 0.151877 -0.304313
0.0865652 0.12479 -0.27705
0.0114446 -0.124336 -0.528617
-0.0204442 -0.151918 0.739331
-0.0296172 -0.0176003 0.897603
0.0223765 -0.151918 0.82492
-0.0296172 0.107082 -0.184951
-0.0432081 -0.0271846 -0.834823
-0.0432081 -0.139323 -0.445587
0.0847648 -0.151918 0.268779
-0.0296172 0.0881986 0.123904
-0.0204533 0.151877 -0.844074
-0.0212134 -0.122736 -0.392297
-0.00216181 0.124296 -0.363604
-0.0296172 0.093926 -0.00656447
-0.0271577 0.117393 -0.40066
-0.0136752 0.151877 0.974025
-0.0296172 0.0158669 -0.778521
0.0758908 -0.124336 0.461793
0.0328405 -0.151918 -0.522356
-0.0432081 -0.111727 0.0267384
-0.0432081 -0.0525656 -0.175333
-0.0296172 -0.0474944 -0.737283
-0.0296172 0.0229811 -0.568523
-0.0296172 -0.00808847 0.829323
0.0696487 0.124296 -0.720519
-0.0432081 -0.00861466 0.158163
0.0422982 -0.151918 -0.706689
0.0483788 0.124296 0.88799
0.0197689 -0.124336 -0.903885
-0.0296172 0.0208578 0.414094
-0.0296172 -0.022639 0.403282
0.0466677 -0.124336 0.562529
-0.0296172 0.0882221 -0.506372
-0.0296172 -0.104064 -0.0143488
-0.0432081 0.0593598 0.569474
0.0795037 0.124296 0.999116
0.0339915 0.151877 0.457345
-0.0252254 0.119789 -0.53672
0.0748029 0.151877 -0.348341
-0.0432081 -0.0707 0.224357
0.0895242 -0.126028 0.676191
-0.0432081 -0.0590391 -0.239831
-0.0432081 -0.0910539 -0.912252
-0.0296172 -0.0681707 0.870171
0.0487384 -0.151918 0.642139
-0.0296172 -0.10642 0.321923
0.0425988 -0.124336 -0.769883
0.0463458 -0.124336 -0.868071
-0.0226347 0.151877 -0.262205
-0.0100196 0.124296 0.658299
-0.0432081 0.0894461 -0.101582
0.0242875 0.124296 -0.634291
-0.0432081 0.0786597 -0.60675
-0.0432081 -0.126636 -0.0473045
-0.0432081 -0.0408871 -0.98119
0.046172 0.151877 -0.272693
0.0521277 0.151877 -0.0495944
0.0445206 0.151877 -0.792754
0.0237281 -0.151918 -0.421066
-0.0432081 0.0475909 0.0837811
-0.0178105 -0.151918 -0.043117
0.0956779 0.151877 0.0515951
-0.0432081 0.0308783 0.298239
0.0162021 -0.151918 -0.244906
-0.0296172 -0.0177849 -0.664988
0.0495381 -0.124336 0.886404
0.0649332 0.124296 0.482549
-0.0432081 -0.103372 -0.808989
0.0311816 0.151877 0.674502
-0.0296172 0.101216 0.386398
0.0966976 -0.151474 0.247229
0.0476372 0.124296 -0.289188
0.0448735 0.151877 0.82298
0.0634918 -0.124336 0.306656
0.093084 0.12878 -0.685033
-0.0432081 -0.0779379 -0.409197
-0.0432081 0.0470467 -0.338145
-0.00510502 -0.151918 -0.435954
0.0697252 -0.151918 -0.877012
-0.0296172 -0.0231198 -0.510897
-0.0432081 0.0847914 0.876309
-0.0296172 -0.01619 -0.892098
0.0325586 -0.124336 0.398973
0.0966976 -0.146712 0.403119
0.0948237 0.131146 0.104689
-0.0279894 -0.151918 -0.799832
-0.0296172 -0.0920643 -0.724572
-0.0296172 0.0782425 0.218191
-0.0296172 -0.0448087 0.11575
0.0966976 0.146098 -0.795525
0.00395648 0.151877 -0.602814
-0.0206084 -0.151918 0.887481
0.00667748 -0.124336 -0.634422
0.00108297 -0.124336 0.433087
0.0326075 0.124296 -0.853636
0.0897138 0.126093 -0.231728
0.0790139 -0.151918 -0.520059
0.0908375 -0.126845 -0.117772
0.0831049 0.151877 0.836181
0.0890075 -0.125759 -0.738064
0.0723254 0.151877 0.205944
-0.0432081 -0.00373316 -0.168758
-0.00698596 -0.124336 0.510512
-0.0296172 0.0124187 0.960044
0.0785219 -0.151918 -0.0176743
-0.0432081 0.0106331 0.745716
-0.0296172 -0.0292874 -0.200235
0.0950352 -0.131563 -0.990082
0.0912352 0.151877 -0.707897
-0.0296172 0.0787229 -0.998454
-0.00325172 -0.124336 -0.255241
-0.0266924 0.118067 -0.682037
-0.0194591 0.123438 -0.908992
-0.0416552 -0.151918 -0.893872
-0.0296172 0.0596466 0.542335
-0.0356942 0.151877 0.745751
-0.0296172 0.0258579 0.565861
-0.0432081 -0.130471 0.460869
0.00976417 -0.151918 -0.31814
-0.00670076 -0.151918 -0.857081
-0.0296172 -0.0832682 0.573167
-0.0432081 0.00631856 -0.481501
0.0102343 0.124296 0.392718
0.0966976 0.139736 -0.372513
-0.0296172 0.0103666 -0.341482
-0.0432081 -0.0296782 0.788472
-0.0432081 0.0489989 -0.247986
-0.0296172 0.0368895 0.250148
-0.0296172 -0.0874975 0.744919
-0.0432081 0.0481712 -0.691577
0.0694256 -0.151918 0.222705
-0.0432081 0.0127436 -0.691844
0.0966976 0.149882 0.726913
-0.0249992 0.120013 0.363951
0.00153364 0.151877 0.0360672
0.0187926 0.151877 0.207185
-0.013007 -0.124336 0.93455
0.00924912 0.124296 -0.483703
-0.0432081 -0.122767 0.923188
-0.0296172 0.053658 -0.643683
-0.0432081 -0.00368791 0.886187
-0.0432081 -0.109498 -0.884445
0.00870704 0.124296 0.74584
0.0543857 0.124296 -0.18008
0.0457382 0.124296 0.719754
-0.0432081 -0.0737051 0.353669
0.0455029 0.124296 0.272075
-0.00179304 0.124296 -0.441384
-0.0432081 0.0253931 0.0517501
0.0966976 0.147495 -0.243991
0.00947276 0.151877 0.373213
-0.0296172 0.0989208 0.63422
-0.0296172 0.0506599 0.420204
0.0943543 -0.130437 0.946457
-0.0296172 0.0507077 -0.229385
-0.0432081 0.135866 -0.0929629
-0.0432081 -0.0961387 -0.186232
0.0483021 -0.151918 0.106819
0.0198362 -0.124336 0.286389
-0.00905012 0.151877 -0.0143856
0.0468117 -0.124336 0.450299
0.0957828 -0.151918 -0.503097
0.0942703 0.130273 0.714236
0.0412584 -0.124336 0.351171
0.0526442 -0.151918 -0.411405
-0.0296172 0.010397 0.270633
-0.00409619 -0.124336 -0.965839
0.00809615 -0.124336 0.0786227
0.0875589 -0.151918 0.561637
0.0960989 -0.134108 -0.423373
-0.0296172 -0.0446881 0.926797
-0.0417338 0.151877 0.450718
-0.025686 -0.151918 -0.978342
0.0363525 0.151877 0.144569
-0.0432081 0.137844 0.968628
0.0653159 -0.124336 0.520343
-0.0201649 0.123171 0.0526443
-0.0432081 -0.0548011 0.697637
-0.0296172 -0.0833258 -0.784107
-0.0296172 -0.050783 0.321875
-0.0432081 -0.0742206 0.475992
0.0558913 0.124296 0.678078
-0.0432081 0.10449 -0.469367
-0.0432081 0.107979 -0.14953
-0.0296172 0.0627834 -0.296449
0.0729752 -0.151918 0.296292
0.0380437 -0.124336 -0.237151
-0.0239619 0.120931 -0.867096
-0.0432081 0.0713839 -0.467872
0.0542172 -0.124336 -0.993194
-0.0432081 0.00513215 0.501609
0.0936715 -0.129507 0.841957
-0.0432081 -0.060735 -0.751958
0.0500361 -0.151918 -0.492573
0.0133109 -0.124336 -0.273001
-0.0296172 0.044707 0.503638
-0.0296172 0.0257824 -0.977746
-0.0432081 -0.059693 0.590331
-0.000577881 0.124296 0.0948089
0.0747818 0.124296 -0.441057
0.0949765 0.131415 -0.741672
0.0846254 -0.124444 0.429347
-0.0432081 -0.0702181 -0.676175
-0.0296172 -0.0463789 0.486229
-0.02944 -0.11146 -0.847474
-0.0229449 0.121683 -0.301387
-0.0218692 -0.151918 0.244938
0.00199306 -0.124336 -0.832161
0.0770273 0.151877 0.0202295
-0.0432081 -0.000891773 -0.643724
-0.0432081 -0.0199995 -0.308742
0.00799719 0.124296 0.224139
0.00425135 0.151877 0.173364
0.0407925 -0.124336 0.785742
-0.0417506 0.151877 -0.624428
0.0587185 0.124296 0.241965
-0.0432081 0.065256 -0.862537
0.00237787 0.124296 0.789872
0.00350774 0.151877 -0.444525
0.025158 -0.151918 0.699328
0.0370786 0.151877 0.266723
-0.0296172 -0.0308183 0.446688
0.0320063 -0.124336 -0.726398
0.0935213 0.129282 0.224163
-0.0432081 0.00823944 -0.537801
-0.0296172 0.0627237 0.744003
-0.0432081 -0.0320766 0.947517
0.0248773 0.151877 0.948485
-0.0296172 -0.0976846 0.973322
0.00123618 -0.124336 -0.416298
0.0207404 -0.151918 0.881842
-0.0432081 -0.0706411 -0.561927
0.0930372 0.128729 -0.31557
0.0719496 0.151877 0.105501
-0.0213897 0.151877 0.279714
0.0142062 0.151877 -0.838921
-0.0432081 0.108618 -0.501548
0.062828 -0.124336 0.114606
0.0500382 0.124296 -0.497764
0.0407148 0.124296 0.942582
-0.0296172 0.0390589 0.685756
-0.0430157 0.151877 0.254133
0.0172886 -0.124336 -0.202414
0.0626268 -0.124336 0.497738
0.0759435 0.151877 -0.150261
0.00625298 0.124296 0.917275
-0.00790266 -0.151918 -0.277825
-0.0432081 -0.0685382 0.823443
0.04523 -0.124336 0.992643
-0.0432081 -0.00750384 -0.753538
-0.0284309 0.114991 0.199086
0.00512503 0.151877 -0.0505478
0.00111292 -0.151918 0.815923
-0.0275414 0.116771 0.448996
0.0744144 0.151877 -0.611091
-0.0272027 -0.151918 -0.20521
0.0249062 -0.151918 -0.620872
0.0086335 -0.151918 0.16651
0.0945154 0.130642 -0.136329
0.0354306 -0.124336 0.487558
-0.0296172 -0.0975794 0.174123
-0.0296172 -0.0070236 0.463622
0.0952364 -0.151918 0.631914
0.0921823 -0.127922 0.320835
0.0722874 -0.124336 -0.59028
0.0951128 0.131668 -0.633356
-0.0296172 -0.103259 0.900046
0.00163513 -0.124336 0.549511
0.0225964 0.124296 0.477144
0.05341 -0.124336 -0.52691
-0.0296172 0.0128154 0.14764
-0.0296172 -0.10345 -0.50975
-0.0432081 0.0189389 -0.997089
-0.0432081 -0.0625211 -0.953806
-0.0312204 0.151877 0.595694
-0.0296172 0.0251306 -0.0793232
-0.0296172 0.0927302 -0.34665
0.0391165 0.124296 -0.830037
-0.0432081 -0.11135 0.338423
-0.0432081 0.0224389 -0.118321
-0.0296172 -0.00351196 0.609603
0.0775771 0.151877 -0.0237094
0.0966976 -0.147828 -0.386295
0.0380272 0.151877 -0.755671
-0.0432081 0.0546922 0.353512
0.0755743 0.151877 -0.887445
-0.0432081 -0.151019 -0.48857
0.0966976 0.142532 0.968069
0.090988 -0.151918 0.907905
0.00531979 -0.151918 0.667569
0.0717258 -0.124336 0.877275
0.0914978 -0.151918 0.584524
-0.0432081 -0.0192053 0.982998
0.0119106 -0.151918 -0.000857273
-0.0296172 0.0574112 -0.994097
-0.0296172 -0.0378853 -0.452597
0.0486466 0.124296 0.464566
0.0100336 0.151877 -0.0900474
0.0307316 -0.124336 0.0130142
-0.0432081 -0.0142081 -0.131349
-0.0296172 0.099306 -0.0835426
-0.0432081 -0.0706831 0.536767
-0.0296172 0.0413552 -0.795615
-0.0432081 0.0409377 -0.469142
0.0952253 -0.131927 -0.523915
-0.0296172 0.0438126 0.47442
-0.0432081 -0.142923 0.573635
-0.0432081 -0.0125593 0.861059
-0.00539561 0.151877 -0.625384
-0.0296172 0.100245 -0.600659
0.0966976 -0.144068 -0.652132
0.0042281 -0.151918 0.342006
-0.0296172 -0.000284202 0.926387
-0.0432081 0.0872472 0.505292
0.0646934 0.124296 0.783753
-0.0432081 -0.0112351 0.957053
-0.0226967 -0.151918 0.374465
-0.0432081 0.0305198 0.936263
0.0710949 0.124296 -0.250144
-0.0432081 0.108526 0.145404
-0.0432081 0.0727504 0.268195
-0.0432081 -0.0103871 0.251498
-0.0432081 0.110513 -0.984691
0.00839217 -0.124336 -0.345513
0.090841 0.126807 -0.085977
0.0105368 -0.124336 -0.0780658
-0.0296172 0.090958 0.818434
-0.0432081 -0.0631441 -0.535273
0.0432398 0.151877 0.77353
-0.0432081 0.143189 0.637211
-0.0432081 0.133892 -0.911508
-0.0432081 -0.0547341 -0.323229
-0.0432081 -0.0571826 -0.912215
-0.0296172 -0.0538958 -0.779968
-0.0432081 -0.0358796 -0.574873
0.0904501 0.126542 0.900888
-0.0296172 -0.0801911 -0.47507
-0.0296172 0.0736692 -0.217321
-0.0296172 -0.0445707 -0.837751
-0.0267543 -0.118022 0.740079
0.0256841 0.124296 0.84457
0.0940015 -0.151918 -0.973721
0.0947353 -0.131037 0.0797559
-0.0432081 0.134808 -0.819624
0.00605554 0.151877 0.900737
-0.00441023 0.124296 -0.13296
0.0591815 -0.124336 -0.212798
0.0423825 -0.151918 -0.207648
-0.0296172 0.0982343 -0.830999
-0.0298109 0.151877 -0.343612
0.0831123 0.151877 -0.862629
-0.0113217 0.151877 -0.660448
-0.0432081 0.144556 0.0606086
0.0482682 0.124296 0.0347534
-0.0432081 0.0375607 -0.432646
-0.0289078 -0.113734 -0.187761
-0.0432081 0.0305854 0.362508
-0.0432081 -0.0110333 -0.693407
-0.0296172 -0.0280036 0.680482
-0.0432081 -0.0240231 -0.957303
-0.00346438 0.124296 0.703845
-0.0223164 -0.151918 -0.30608
0.0690977 0.151877 -0.458709
-0.0432081 0.0242492 -0.0165353
-0.0296172 -0.0862077 0.64924
-0.0296172 0.0903638 0.282571
0.0156073 0.151877 -0.579406
-0.0215728 0.151877 -0.523964
0.0770747 -0.151918 -0.345053
-0.0206864 -0.122987 0.0440703
-0.0296172 -0.0677561 0.0760557
-0.0296172 -0.0455684 0.710812
-0.0296172 -0.0907598 0.357176
-0.0296172 -0.0911167 -0.363989
-0.029093 0.113062 0.938115
-0.0432081 -0.0693658 -0.0181658
-0.0296172 0.105676 0.849136
-0.0239542 0.120937 0.895211
0.021301 -0.124336 -0.438046
-0.0432081 0.136936 -0.252832
-0.00560129 0.124296 0.153592
-0.0432081 0.119128 0.0327314
0.0935926 -0.151918 -0.0513661
-0.0296172 -0.00461567 -0.820764
-0.023675 -0.151918 0.936864
-0.0432081 0.127433 -0.790484
0.0952763 0.131989 -0.409462
-0.0296172 -0.106289 0.107876
0.0540518 0.124296 0.998948
0.00849102 -0.151918 0.105934
-0.0398707 -0.151918 0.969919
0.0368836 -0.151918 -0.347408
-0.0432081 0.0153322 -0.715191
-0.0128304 -0.151918 0.631945
-0.0432081 0.0994542 0.211987
0.0378488 0.151877 0.515865
0.0268546 0.124296 0.539141
-0.0432081 -0.0243606 -0.529968
0.0336728 0.124296 -0.0793252
-0.0296172 -0.0667963 -0.397602
-0.0296172 0.0791811 0.449387
-0.0296172 0.0773979 0.0644638
-0.0296172 0.0148757 -0.054542
-0.00392952 0.124296 0.348973
-0.00849788 0.151877 0.517995
-0.0432081 -0.11698 -0.10041
-0.013877 -0.151918 0.77177
0.0274366 -0.151918 0.778553
0.0655188 -0.124336 0.412772
-0.0296172 -0.089911 -0.237795
0.00300404 -0.124336 -0.789333
0.0961321 0.134178 0.620314
-0.00209648 -0.124336 -0.564423
-0.0124901 0.151877 -0.316638
-0.0432081 0.0788242 0.476445
-0.0296172 0.0570262 -0.395482
-0.0432081 0.0914174 -0.0506594
0.0891427 0.125786 0.822681
0.0581729 -0.151918 0.399991
-0.0432081 -0.134262 0.742789
-0.0296172 -0.0236541 -0.795368
0.0789543 -0.124336 0.566049
-0.0432081 0.0407913 0.163225
0.0429816 -0.124336 -0.60884
0.0140251 -0.151918 -0.894277
-0.0296172 -0.103927 -0.218656
-0.0296172 -0.0115651 -0.558313
-0.0432081 0.020361 -0.158391
-0.0432081 -0.0774538 0.0432518
-0.0296172 0.0269239 -0.420448
-0.0296172 -0.105229 -0.760199
-0.0432081 0.125928 -0.434094
0.00561714 -0.151918 -0.580219
-0.0432081 0.0205525 -0.951049
-0.0432081 0.0766046 -0.0194343
-0.0432081 0.0698793 -0.898806
0.0710944 0.124296 -0.395036
0.0178856 0.151877 0.287592
-0.0432081 0.086197 0.182178
0.0584558 -0.151918 -0.591384
-0.0432081 -0.111318 0.67966
9.54109e-05 -0.151918 -0.611783
-0.0229786 0.12166 -0.164001
-0.0215245 -0.151918 0.119072
0.0948441 -0.131222 -0.330118
0.0884141 -0.151918 -0.886148
-0.0296172 -0.0182192 0.503359
-0.0432081 0.0266536 -0.258174
-0.0432081 0.150838 0.944447
0.0966497 -0.136978 0.0599286
-0.0432081 -0.000686317 -0.444568
-0.0180937 0.123847 0.0183286
-0.0432081 0.132377 0.485791
-0.0432081 -0.0352557 0.218364
-0.0432081 0.132692 0.999036
9.15683e-05 0.151877 0.82352
-0.0432081 -0.00473109 0.558491
-0.0432081 -0.00141346 0.317423
0.0966924 0.137708 0.488421
0.0344044 -0.124336 -0.663747
0.0881535 0.125333 -0.828293
-0.0432081 0.0950159 0.671441
-0.0296172 -0.101605 -0.285951
0.0297091 -0.151918 0.73871
0.0348611 0.151877 -0.473623
0.00260094 0.151877 -0.163431
-0.0432081 -0.10495 -0.677254
-0.0296172 -0.103483 0.811144
-0.0296172 -0.0489076 0.961663
-0.0432081 0.022156 -0.6693
-0.0296172 -0.0952973 -0.454092
-0.0414458 0.151877 -0.388891
0.0859904 0.151877 -0.660161
-0.0296172 -0.100718 0.861917
0.0778004 -0.151918 0.439038
-0.0432081 -0.100438 0.0453057
0.0944805 0.130588 0.160847
-0.0432081 0.0769351 -0.159306
0.0677199 -0.124336 -0.808114
0.050057 -0.124336 -0.138466
-0.0296172 0.0888098 -0.6836
0.0664963 -0.124336 -0.731835
0.0947085 0.130952 -0.341988
-0.0432081 0.131856 0.705002
0.0280296 -0.124336 0.541318
0.0916272 -0.127444 -0.670736
-0.0296172 0.0799043 -0.1895
0.0324692 -0.151918 -0.996468
-0.0432081 -0.0298731 -0.756117
0.069479 -0.124336 -0.362323
-0.0432081 0.0409649 -0.132546
-0.0296172 -0.0713843 -0.0559543
0.0141537 0.151877 -0.762279
-0.0296172 0.102366 0.101154
0.0355251 0.151877 -0.299221
0.096314 0.134856 -0.579828
0.0948034 0.131111 -0.92724
0.0418839 0.151877 -0.00999723
-0.0432081 0.0961853 -0.851914
-0.0296172 0.0373756 -0.286263
-0.00057576 0.151877 0.12054
-0.0414709 0.151877 -0.537791
-0.0432081 -0.0499387 0.654129
0.055623 -0.151918 0.440587
-0.0269339 0.151877 0.7975
0.0295635 -0.151918 -0.0701985
-0.0296172 -0.0489364 0.261432
0.0784709 0.124296 0.308281
0.0216105 -0.124336 -0.803965
-0.0432081 0.131036 0.420964
0.0966976 0.147599 0.305372
-0.00282819 0.124296 0.622301
-0.0432081 -0.0280317 -0.147658
-0.0245532 -0.120469 0.706719
-0.0432081 -0.0329634 0.273954
0.0508327 -0.124336 -0.839436
-0.0432081 -0.0908263 -0.5009
-0.0296172 -0.0396736 0.617936
-0.0296172 -0.0221576 -0.872108
-0.0432081 -0.0701811 0.260345
0.0961904 -0.134422 0.38666
-0.0296172 -0.0643595 0.460261
-0.0432081 0.0881058 0.537502
-0.0432081 0.0842554 0.985052
0.0218585 -0.124336 -0.759514
0.0309619 0.151877 -0.635859
-0.0255681 -0.119472 -0.962988
-0.0296172 -0.00859699 0.432005
0.060209 -0.151918 0.76378
-0.0432081 -0.0516884 -0.085255
-0.0296172 0.033604 -0.504813
0.0966976 -0.140182 0.194513
-0.0432081 -0.0102494 0.659834
0.0626017 0.124296 0.131394
-0.0296172 0.0248005 -0.194058
-0.0432081 -0.124318 0.18887
-0.0296172 -0.106185 -0.340862
0.0793094 0.124296 0.443643
-0.0432081 -0.0033673 0.689671
-0.0432081 -0.0523383 0.902622
-0.0296172 0.00963109 0.0702952
-0.0296172 -0.00629938 0.538044
-0.0432081 0.132058 0.334666
-0.0245594 -0.151918 0.212205
0.0286808 0.151877 0.800165
-0.0417767 0.151877 -0.196746
-0.0296172 -0.105416 -0.907
0.00371873 -0.151918 0.284187
-0.0432081 0.0354533 0.652212
-0.0432081 0.0904853 0.0293759
0.0791387 0.151877 -0.815372
-0.0296172 -0.0474164 -0.345471
-0.0296172 0.0169096 0.593262
-0.0432081 0.13026 0.23162
-0.0103355 -0.124336 0.0874372
-0.0296172 -0.0201399 0.918706
0.0134407 0.151877 -0.243857
0.0250868 -0.151918 -0.150851
-0.0432081 0.0516834 -0.950768
-0.0231399 0.151877 0.0859473
-0.0432081 -0.0228694 0.0929878
0.050242 0.151877 0.870355
-0.0246007 0.151877 0.724372
-0.0249921 0.151877 -0.92124
0.0686315 -0.151918 0.121192
-0.0432081 -0.0911767 -0.96702
-0.0432081 0.110486 -0.215699
-0.0296172 0.0366155 -0.318941
0.0966976 -0.13976 -0.353868
-0.0432081 -0.0775326 0.506691
-0.0432081 0.0307713 0.722759
0.0103123 0.124296 0.560304
-0.0296172 -0.0355557 0.560968
-0.0296172 0.0478634 -0.726535
0.0937539 -0.151918 0.375118
-0.0296172 -0.0705358 0.0217268
-0.0432081 0.13116 -0.584978
-0.0432081 0.0358143 0.753153
-0.00513625 -0.151918 0.981801
0.0963826 0.135156 -0.171311
0.0716042 -0.151918 -0.786512
-0.0110011 0.124296 -0.0531129
0.0107352 0.151877 -0.949083
0.00358786 -0.151918 0.524703
-0.0432081 0.136233 0.187237
0.00839488 0.124296 -0.0939702
0.0137202 0.151877 0.417621
0.0332616 0.151877 -0.726284
0.0765348 0.151877 0.568611
-0.0296172 -0.0585831 0.734858
-0.00790082 -0.124336 -0.722557
0.0053298 -0.124336 0.843562
-0.0296172 0.0416401 0.866816
-0.0432081 0.0815693 -0.627597
-0.0432081 -0.063968 0.557656
0.0397873 -0.151918 0.00310391
0.0585657 -0.151918 -0.129532
0.0666463 0.124296 -0.0726683
0.0529096 -0.124336 0.677312
0.0582763 -0.151918 -0.0516938
0.00139215 -0.124336 -0.485436
-0.0432081 -0.0669508 0.151917
0.09412 0.130058 0.380112
0.0680635 0.151877 -0.927982
0.0167551 0.124296 -0.527288
-0.0296172 -0.0716835 0.942843
-0.0432081 0.147742 0.307544
-0.0432081 -0.123378 -0.311271
0.0488486 0.124296 -0.102557
-0.0296172 -0.0443974 0.587283
0.0965998 -0.151918 -0.162933
0.0796261 -0.124336 -0.772458
-0.0296172 -0.00322641 0.803843
-0.0296172 -0.07808 -0.300446
0.0465903 -0.151918 -0.815825
-0.0242866 0.120661 -0.0948998
-0.0276762 0.151877 0.341812
-0.0432081 -0.0620197 0.205893
-0.0432081 0.151706 0.851879
0.0821123 0.151877 0.626931
-0.0237454 0.121102 -0.238814
0.0774151 -0.124336 -0.15991
0.0566576 0.151877 0.557635
0.0458874 0.151877 0.423751
-0.0432081 -0.0837155 0.380914
0.0966976 0.147379 0.552104
0.0299182 0.124296 -0.56622
-0.0296172 -0.0165721 -0.47922
0.0251641 -0.151918 -0.934751
-0.0432081 0.0800418 0.908094
0.0769875 0.151877 0.67254
-0.0432081 0.0815347 -0.249973
-0.0296172 0.0984415 0.786522
-0.0432081 -0.0879195 -0.0104517
-0.0296172 0.0875507 0.371676
-0.0432081 -0.102302 -0.0700547
0.0100722 0.151877 0.490031
-0.0296172 0.0173679 0.706714
0.0446145 -0.151918 0.153033
-0.0296172 0.076886 0.330758
0.0431039 -0.124336 -0.791934
0.0790275 -0.124336 -0.976934
-0.0432081 0.029962 0.782009
-0.0432081 -0.127024 -0.711061
0.0526688 0.151877 0.932621
-0.0432081 -0.138083 -0.325484
0.0913689 0.127197 -0.041588
-0.0432081 -0.045297 -0.130993
-0.0296172 0.0487955 0.927244
-0.00747633 0.151877 0.477407
-0.0432081 0.0225361 0.907336
-0.0296172 0.0355119 0.988684
-0.0295557 -0.110512 -0.151546
0.0538639 -0.124336 -0.0199219
0.00632207 -0.151918 0.201057
0.0816829 -0.151918 0.890173
-0.0296172 -0.0897718 0.540057
-0.0296172 -0.0618149 -0.874036
-0.0296172 0.0641345 -0.432143
0.0695567 -0.124336 -0.310436
0.0535352 -0.151918 0.936789
0.0751137 -0.124336 0.633222
-0.0296172 0.0701818 -0.0544176
0.0734914 0.124296 -0.977094
-0.0296172 0.0439623 0.574456
-0.0296172 -0.0711828 -0.446298
-0.0432081 -0.0796386 0.297006
-0.0432081 0.0473845 -0.0349433
0.093485 0.129239 -0.436048
-0.0296172 0.0347357 0.213905
-0.0296172 0.0583035 0.905304
0.0732098 -0.151918 0.199657
-0.0432081 0.0636587 0.0392522
0.0305145 0.124296 -0.698528
-0.0432081 -0.0404696 -0.813706
0.00553228 -0.124336 0.767516
0.0313623 -0.124336 0.861447
0.0941098 -0.130085 -0.0759902
-0.0359898 0.151877 -0.451746
-0.0204603 -0.123087 -0.812111
-0.0296172 -0.0689959 -0.0857734
-0.0279457 -0.116074 0.398608
-0.0432081 -0.0560861 -0.00173669
-0.0432081 -0.048049 0.353514
0.0526705 0.124296 -0.631911
-0.0432081 0.0836232 -0.289615
-0.0295412 -0.110665 0.619766
-0.00520132 0.151877 -0.136107
0.0966976 -0.139917 0.522631
0.0919395 -0.151918 0.0963218
-0.0432081 -0.0447727 0.139047
0.0195 -0.151918 -0.125124
-0.0255833 0.119415 0.131766
-0.0432081 -0.0225122 -0.228223
-0.0296172 0.0667414 -0.752563
0.0966976 -0.151197 -0.585958
0.0623748 0.124296 0.622268
-0.0432081 0.0725068 -0.920762
0.0262462 0.124296 0.124157
0.0773213 0.124296 -0.474518
0.0699321 -0.151918 0.0184003
0.0214856 -0.151918 0.9835
0.0916881 0.151877 0.879209
-0.0432081 -0.0789222 0.662782
0.0111591 0.124296 0.660093
-0.0432081 -0.0965068 -0.400495
0.0784786 -0.151918 -0.621293
-0.0432081 -0.132348 0.401092
0.0775354 0.151877 0.378225
-0.0296172 -0.0836427 -0.144308
0.0653714 0.124296 0.912911
-0.0432081 -0.0532485 0.41235
0.0258013 -0.151918 0.462674
-0.0296172 -0.0387346 -0.179565
0.0359662 -0.124336 0.749978
0.0294471 0.124296 0.291893
0.000841044 0.124296 -0.686213
-0.0432081 0.00630731 0.671182
-0.027925 -0.116114 0.462905
0.033923 0.124296 0.0937987
-0.0432081 0.0514993 0.71369
-0.0296172 0.0580822 -0.456305
-0.0244624 0.120509 -0.198922
-0.0296172 -0.0103593 -0.602476
-0.0296641 -0.151918 -0.114905
0.0676115 0.124296 -0.0522791
-0.0296172 0.087923 -0.538949
-0.0432081 0.0844584 -0.385753
0.080443 -0.124336 0.269154
0.0827641 -0.151918 0.15554
0.00242988 -0.124336 -0.921937
-0.0296172 -0.0141203 -0.250139
-0.0296172 0.0861761 -0.950509
-0.014604 0.151877 -0.564204
-0.0296172 0.0353679 0.443239
-0.0432081 0.00633544 -0.309876
-0.0425882 0.151877 -0.301938
0.00702789 -0.151918 0.569275
-0.0293928 0.111707 0.760813
-0.0432081 -0.0199075 0.714941
-0.0296172 -0.0759149 0.0948208
-0.0432081 -0.0860542 0.451756
0.0640579 0.124296 -0.513219
-0.0292108 0.112596 0.293062
0.0462006 0.151877 -0.698461
0.0409093 -0.124336 -0.563886
0.0528708 0.151877 -0.600826
0.0966674 0.137174 -0.525427
-0.0258397 -0.119171 0.248762
0.0749358 -0.151918 -0.744596
-0.0432081 0.112672 0.00634105
-0.0432081 0.150173 -0.998334
-0.0296172 0.0355862 0.397647
0.0076321 -0.151918 0.636995
-0.0148811 0.124289 -0.721498
0.0705707 -0.151918 0.608036
-0.00503114 0.151877 0.296055
0.073789 -0.151918 0.0815958
-0.0432081 -0.133558 0.591284
0.0821339 0.151877 -0.771128
0.0319568 0.124296 -0.900915
0.0966976 -0.144625 0.022197
-0.0296172 -0.0107651 -0.274489
-0.0432081 0.0453697 0.672935
0.0466478 0.151877 -0.0685328
0.0601625 0.151877 0.0671042
0.0381018 0.124296 0.336947
0.0699201 -0.124336 -0.0889246
0.0241288 -0.124336 0.144404
0.0865399 -0.124824 0.118004
0.0344786 -0.124336 -0.540113
-0.0293066 -0.151918 0.344921
-0.0217133 0.151877 -0.224612
-0.0296172 0.0530293 -0.898344
-0.0432081 -0.137406 -0.286522
-0.0296172 0.0746334 -0.807311
-0.0296172 0.0715824 -0.660509
-0.0296172 0.0296334 -0.346179
-0.0432081 0.0203187 -0.862229
-0.0296172 0.0021583 -0.412279
-0.0276796 -0.151918 0.498896
-0.0296172 0.074421 -0.141576
-0.0432081 0.0470637 -0.871936
-0.0432081 -0.0973254 0.610384
-0.0296172 -0.0606623 0.387031
-0.0296172 0.0354173 -0.598279
-0.0296172 -0.0188858 -0.707146
0.0424448 -0.124336 -0.977433
-0.0432081 -0.0441642 0.101577
-0.0432081 -0.102057 0.07516
-0.0432081 -0.0479952 -0.41323
0.0760176 -0.124336 -0.385531
-0.0432081 -0.0664665 -0.702371
-0.0432081 0.0825208 0.344781
0.0573689 -0.124336 0.206992
0.0304356 0.151877 -0.0329558
0.0361456 -0.151918 -0.452496
0.0663769 0.124296 0.358381
0.0371512 0.151877 0.840999
0.0962349 -0.134585 0.550186
-0.0432081 0.0537814 0.859595
-0.0296172 0.0554387 0.780197
0.0244062 -0.151918 -0.832705
-0.0432081 -0.127147 -0.783378
-0.0432081 -0.0363589 0.252939
-0.0296172 -0.0406734 -0.607189
-0.0432081 0.129545 0.441913
-0.00269289 0.151877 -0.922077
-0.0432081 -0.0157644 0.0463305
-0.0432081 0.0139334 -0.183401
-0.0432081 -0.118837 0.43277
-0.0296172 0.0822273 -0.479534
0.0386361 -0.124336 -0.163596
-0.0432081 -0.140339 0.502666
-0.0432081 0.0619599 -0.522763
-0.0296172 -0.0619293 -0.586159
0.0678689 -0.124336 -0.704695
0.0271616 0.151877 0.714484
-0.0432081 -0.0152239 -0.853338
0.0154376 0.124296 0.424701
-0.0296172 0.0196563 0.837183
-0.0432081 0.130957 0.168403
-0.0296172 -0.00710205 0.215639
0.0966976 -0.13893 -0.922638
-0.0432081 -0.0725157 -0.83731
-0.0296172 0.0222878 0.339403
-0.0432081 -0.102106 0.88365
-0.011389 0.124296 -0.477072
-0.0296172 0.00505422 0.732661
-0.0296172 -0.081093 -0.694953
-0.0432081 0.0954077 -0.903538
-0.0107915 -0.124336 0.82592
-0.0432081 -0.00395092 -0.36452
-0.0432081 -0.0185591 0.338725
0.0185945 0.124296 0.880693
-0.0432081 0.064726 -0.310331
0.0477795 0.151877 0.653093
-0.0125114 -0.151918 -0.542855
-0.0242831 -0.120705 -0.0750137
-0.0242804 0.151877 -0.88836
0.0553546 0.151877 -0.179596
0.0789373 0.124296 0.962014
0.095739 0.133035 0.511517
-0.0432081 -0.113201 -0.269018
0.0786946 0.124296 0.746744
-0.00318047 -0.124336 0.341823
-0.0296172 -0.0821211 0.910894
0.0385794 -0.151918 -0.589252
0.016696 0.151877 -0.0691267
0.0934704 0.151877 0.946586
-0.0109701 -0.151918 0.678261
0.0291662 -0.124336 0.091417
-0.0432081 -0.0344012 -0.166302
0.0950671 -0.131622 0.619475
-0.0416899 0.151877 0.812174
-0.0296172 0.104592 -0.428514
0.0368034 0.151877 -0.173367
0.087626 0.125128 -0.886254
0.026883 -0.124336 0.815915
-0.0177084 0.123937 -0.282564
0.0573518 -0.151918 -0.852535
-0.0250006 0.151877 0.440769
-0.0258941 -0.119109 -0.773769
0.0375955 0.151877 0.999283
-0.0265638 -0.151918 0.31237
-0.0296172 0.0901287 0.861995
0.0672549 -0.124336 -0.641267
-0.0296172 0.0695963 -0.827822
-0.0296172 0.0376422 -0.527789
0.00744095 -0.124336 0.638047
0.0543243 0.151877 0.181836
0.0315989 0.124296 -0.419063
-0.0432081 0.127018 -0.374284
-0.0432081 0.0353587 0.515964
-0.0432081 -0.112135 -0.123282
-0.0432081 -0.142215 0.908093
-0.0432081 -0.120965 0.14526
-0.0432081 0.139444 -0.774296
0.0043277 0.124296 -0.751024
-0.0432081 0.0990582 -0.562095
0.0275354 -0.151918 -0.17302
0.0818047 -0.151918 -0.688414
-0.0432081 0.122951 -0.282307
-0.0296172 0.00603695 0.777858
-0.0432081 0.0852277 -0.0807657
-0.0296172 -0.0164308 0.37184
0.0754307 0.151877 -0.994019
0.0962629 -0.134692 -0.947925
-0.0432081 0.0431682 0.324073
0.0260816 -0.151918 -0.551537
-0.0296172 -0.107074 0.488719
-0.0432081 0.105776 0.705668
-0.0296172 0.00361692 0.0187794
0.0912198 -0.127124 -0.631135
0.0697853 0.124296 -0.372958
-0.0432081 -0.149324 0.79875
-0.0432081 0.0552431 -0.626062
-0.0250391 0.119974 0.385127
0.0778564 -0.151918 0.677073
-0.0432081 -0.0478067 -0.483435
-0.0432081 -0.0568294 -0.623698
-0.0432081 0.145111 -0.876969
-0.0432081 -0.0920261 -0.66038
-0.0243402 0.120615 0.824162
0.0221384 -0.151918 -0.657027
-0.0194987 0.123424 -0.801813
0.0966976 0.149796 -0.948297
0.0151673 0.151877 -0.513675
-0.0432081 -0.00778307 0.739248
-0.027201 0.151877 0.510562
-0.0432081 0.108918 -0.940994
0.0825935 0.151877 -0.213751
-0.0246507 -0.120381 -0.286705
-0.0296172 -0.108009 -0.0890078
-0.0296172 0.0345584 0.54379
0.00372512 -0.151918 0.947125
-0.0304791 0.151877 0.183594
-0.00339984 -0.151918 -0.347842
-0.00101222 0.124296 0.509809
0.0933979 -0.129176 -0.136759
-0.0432081 0.127063 0.608288
-0.0296172 -0.0839733 -0.56505
0.0463366 0.124296 -0.669376
-0.0432081 0.151114 0.0162245
0.0136024 0.151877 -0.722125
0.075826 -0.124336 -0.490545
-0.0432081 -0.124386 -0.457778
0.002546 -0.151918 -0.806335
-0.0296172 -0.0932959 0.293584
-0.0432081 -0.136556 -0.413592
0.0744725 0.124296 -0.549313
-0.0296172 0.071134 0.19597
0.0276823 0.124296 -0.294115
-0.00912911 0.151877 0.655354
0.0555764 0.124296 0.374336
0.0545686 0.151877 0.302708
-0.00576738 0.124296 -0.244952
0.0656496 -0.124336 -0.932997
-0.0296172 0.0658751 0.937008
-0.0432081 0.00734949 0.0855756
0.0386811 0.151877 -0.614007
0.0188635 -0.151918 0.754605
0.0562817 0.151877 0.2657
0.012856 0.151877 0.861292
-0.0432081 0.132246 -0.4135
0.0408023 0.124296 -0.362252
0.0233692 0.151877 0.106604
0.0725377 -0.124336 0.0106537
-0.0296172 0.0488485 0.337549
-0.0268164 0.117895 0.991992
-0.0432081 0.102154 -0.709086
-0.0247572 -0.120283 0.578148
-0.0296172 -0.0947677 0.00245206
-0.0296172 0.098707 -0.133403
0.0672446 0.124296 -0.700387
0.0277011 0.124296 0.19226
-0.0432081 -0.0210729 0.142235
-0.0432081 0.135729 -0.731547
0.0958215 0.13325 0.0339972
-0.0432081 0.0208065 -0.499813
0.0953127 -0.132104 0.496623
-0.0296172 0.00407097 0.638882
-0.0432081 0.00383907 0.999215
0.0376152 0.124296 -0.154951
-0.0296172 0.00140704 -0.211193
-0.0432081 -0.0711111 -0.195845
-0.0432081 0.0103006 0.605028
-0.0164076 0.124166 0.796472
-0.0432081 -0.0222826 -0.918803
-0.0296172 -0.070461 0.984201
-0.0432081 0.151547 -0.06286
-0.0296172 0.000403501 -0.683841
-0.0296172 -0.0560261 -0.669905
-0.0432081 0.0296257 -0.816567
-0.0235388 -0.1213 -0.169375
-0.0296172 -0.0656817 -0.152503
-0.0166517 -0.151918 -0.474484
-0.0296172 0.0403849 -0.834829
-0.0346544 0.151877 0.106639
-0.0432081 -0.128734 0.883952
0.0298416 -0.124336 0.5223
0.0483536 -0.124336 -0.281871
-0.0432081 -0.0690663 -0.998216
-0.0432081 -0.11305 0.259036
-0.0296172 0.0396166 -0.701909
-0.0296172 0.0402251 -0.372222
-0.0432081 -0.128706 0.227878
-0.0182836 -0.123839 -0.834276
-0.0432081 -0.11254 0.799067
-0.0233284 0.151877 -0.172403
-0.0432081 0.0656489 0.664149
-0.0432081 0.104349 0.340296
-0.0279981 0.11593 -0.96254
-0.0432081 0.133277 0.903381
-0.0296172 -0.0970372 0.950364
-0.0432081 0.0193358 0.223725
-0.0296172 0.0159553 0.806821
-0.0234052 -0.151918 -0.579705
-0.0296172 0.105187 -0.790872
-0.0296172 0.0483895 0.198833
0.0305524 -0.124336 0.645052
-0.00499643 0.124296 -0.208359
0.0382858 0.124296 0.503986
0.0867612 0.124845 -0.757533
0.0708327 0.124296 -0.798034
-0.0296172 0.0952698 -0.874338
-0.0432081 -0.0301398 0.306859
-0.0296172 0.0168977 0.486745
-0.0266018 -0.11823 0.998465
0.0514548 0.124296 -0.81354
-0.0432081 -0.0875976 -0.111241
-0.0296172 -0.0297994 -0.273903
0.0874701 -0.125113 0.172387
0.00953415 0.124296 0.0778438
0.0789897 -0.151918 -0.223678
-0.0432081 0.119611 0.799395
0.0714869 0.124296 -0.837378
0.0624604 0.124296 -0.320821
-0.0432081 -0.053607 0.298453
-0.0432081 -0.0300671 -0.379866
-0.00251668 0.151877 0.69058
-0.0432081 0.150924 -0.855593
-0.0432081 -0.0280614 0.738027
-0.0432081 0.070983 -0.364016
-0.0432081 0.00545246 -0.517973
-0.0432081 -0.126822 -0.59996
0.0165802 -0.124336 -0.0536784
-0.0432081 -0.0565803 -0.221001
-0.0296172 -0.0493598 0.989551
-0.0422339 -0.151918 0.413758
-0.0296172 0.0627767 -0.156569
0.0429412 0.151877 0.0415678
-0.0293719 0.111825 0.260457
-0.0432081 0.118688 0.841424
-0.0432081 -0.061889 -0.269772
0.0840734 -0.151918 -0.260053
-0.0296172 -0.0778203 -0.503312
-0.0296172 -0.00354228 -0.033132
-0.0339947 -0.151918 -0.934971
0.0467076 0.151877 0.687272
-0.0296172 0.0207792 -0.00205373
-0.0296172 0.0824264 0.241805
-0.0296172 -0.0602089 -0.970107
0.0518846 0.151877 -0.495153
-0.0432081 0.0376736 -0.557443
-0.0157603 -0.124278 0.16419
-0.0296172 0.07246 0.504437
-0.0296172 0.010024 0.526517
0.0764267 -0.151918 -0.0653269
-0.0432081 0.0894554 -0.417606
-0.0432081 -0.0262125 0.514107
-0.0341255 -0.151918 0.4677
0.0776421 -0.151918 -0.725856
0.0962374 -0.134594 0.279072
-0.0432081 -0.0372828 -0.0235566
0.00903562 -0.124336 0.45025
-0.0432081 0.0851127 -0.696344
0.0560303 -0.151918 -0.096244
-0.0296172 -0.0134696 0.847938
0.00314957 0.151877 0.982662
-0.0432081 -0.11961 0.944116
-0.0296172 -0.0228859 0.156702
0.0463515 0.124296 0.419329
-0.0296172 -0.070239 0.752633
-0.0432081 0.0522934 -0.117414
0.0196252 -0.124336 -0.696324
-0.0432081 -0.078132 -0.894403
0.0966976 -0.144541 -0.48574
-0.0296172 0.10358 0.323296
-0.0276731 -0.116582 -0.473531
0.0462407 0.124296 0.0747672
-0.0296172 0.0530004 0.00336817
0.0093114 -0.124336 0.0597873
0.0956221 -0.132788 0.719499
0.0623427 0.151877 -0.419257
-0.0432081 -0.0510701 0.498453
0.0123657 -0.151918 -0.515793
-0.0296172 -0.0136026 0.111381
0.00209412 -0.124336 -0.363294
-0.0296172 -0.0455367 0.459038
-0.0432081 -0.000808468 0.125695
-0.0289263 -0.113676 -0.540572
-0.0296172 0.0114219 -0.449483
0.00146173 -0.151918 0.724544
0.07971 0.151877 0.992498
0.0534634 -0.124336 0.168287
-0.0182141 -0.151918 -0.680969
-0.0432081 0.0596886 0.645528
-0.0296172 0.107504 0.404155
-0.0432081 0.0151105 0.924646
-0.0183562 0.151877 0.886119
-0.0432081 0.0900451 -0.648848
0.0154094 -0.124336 -0.946954
-0.0432081 0.0065573 -0.814091
0.0966976 0.145682 0.791003
-0.0296172 0.0493106 -0.581272
0.036354 -0.124336 -0.706788
-0.00388695 0.124296 -0.417299
-0.0296172 0.075301 -0.321172
-0.0296172 -0.0189497 -0.0516468
-0.0432081 -0.0550866 0.839833
0.0728656 0.151877 -0.630705
-0.0296172 0.0539857 0.389404
-0.0432081 -0.126545 0.0104782
-0.0278223 0.116269 -0.00835754
-0.0432081 -0.0120576 0.47662
-0.0432081 -0.0882452 0.960422
0.0748809 -0.151918 -0.474535
-0.0296172 -0.0618981 -0.310956
0.080155 0.151877 0.0664447
-0.0432081 0.109953 -0.61828
-0.00845787 0.124296 -0.574013
0.0815054 0.151877 0.126829
0.0773659 -0.124336 0.770557
-0.0432081 -0.036025 -0.293394
-0.0432081 0.0245154 0.13936
-0.0296172 0.104736 -0.231346
-0.0432081 -0.105386 -0.70895
-0.0432081 -0.078186 -0.602896
-0.0432081 -0.0397639 0.53767
-0.0296009 -0.109851 -0.42953
-0.0432081 -0.0910219 0.233203
0.0496801 0.151877 -0.639843
-0.0296172 -0.00839845 -0.954124
0.0667159 0.124296 -0.860283
-0.0286451 0.114453 0.169623
-0.0432081 -0.0960483 0.57493
-0.0432081 0.0234281 0.628215
-0.0432081 -0.0805893 -0.946808
-0.0296172 0.0882975 0.958603
-0.0296172 -0.0911856 0.928011
0.0555877 -0.151918 0.574343
0.0320975 0.151877 -0.91694
0.0830885 -0.151918 -0.91854
-0.0432081 -0.113834 -0.484297
-0.025616 -0.11942 -0.324489
0.00581084 -0.124336 -0.145248
-0.000496249 0.124296 0.27991
-0.0296172 0.0927429 0.910081
-0.0432081 0.0286262 0.889653
-0.0432081 -0.00949621 0.769365
-0.0432081 -0.10012 0.640179
-0.0432081 0.104474 0.929383
-0.0296172 -0.0478713 -0.892346
-0.0296172 -0.00824587 0.271722
0.0776488 0.151877 -0.730618
0.00232665 -0.124336 -0.606233
0.0270135 -0.151918 -0.759364
0.0805686 -0.151918 -0.646393
0.00526 0.124296 -0.174475
0.0782435 0.151877 0.892396
0.00356837 0.124296 -0.269817
-0.0304284 -0.151918 0.703971
0.066545 0.124296 -0.914539
-0.0296172 -0.000993619 -0.72531
-0.0432081 0.13834 -0.161044
-0.0258923 0.11907 0.619871
-0.0432081 0.0131015 0.194589
-0.0296172 0.00744141 -0.278489
-0.0432081 0.0632362 -0.670526
0.0731149 -0.124336 -0.419973
0.058385 -0.151918 0.821947
-0.0296172 -0.100309 0.203069
-0.0296172 -0.0566352 0.78806
0.0614643 -0.124336 -0.398158
-0.0296172 -0.0407639 0.87404
0.0496676 -0.151918 0.0510816
0.0425362 -0.151918 0.519213
0.0538012 0.151877 -0.56656
0.0751087 -0.151918 0.512342
0.055494 -0.124336 -0.120438
0.0575698 0.151877 -0.359746
-0.0208557 -0.151918 -0.411134
-0.0432081 0.125895 0.132941
0.0559327 0.124296 0.535672
0.0286881 0.151877 0.620723
0.0104899 0.124296 0.999468
-0.0432081 0.11363 0.593709
-0.0432081 -0.0264322 0.638513
0.0878603 -0.151918 -0.145605
-0.0296172 -0.0919769 -0.803449
-0.04159 -0.151918 -0.266451
0.0416855 -0.124336 -0.429601
-0.0432081 0.00397884 0.455697
-0.0432081 0.0598292 -0.552314
0.0966976 0.151552 0.437214
-0.0296172 -0.0348265 -0.0728033
0.0715092 -0.124336 0.847984
0.00933913 -0.151918 0.232703
-0.0432081 0.105957 0.487726
-0.0296172 0.0187453 -0.21978
-0.0432081 -0.0884566 -0.540215
0.0762043 -0.124336 0.916443
0.0607306 -0.151918 0.380866
-0.0296172 0.107927 0.506719
-0.00508295 -0.151918 0.413198
-0.0296172 -0.0105464 0.969616
0.0794029 -0.151918 -0.283938
0.0158362 0.124296 -0.158865
-0.0296172 0.0740468 0.581301
0.0184333 -0.124336 -0.505446
0.0437391 0.151877 -0.406302
-0.0296172 -0.0176619 -0.451039
-0.0432081 -0.134039 -0.915041
-0.0296172 0.0212268 -0.704041
0.0461956 -0.124336 0.37845
0.089315 -0.125916 0.211957
-0.0246355 0.151877 -0.954729
-0.0296172 -0.0786339 0.693949
-0.0296172 -0.0853213 -0.765459
-0.0296172 -0.036893 -0.369324
-0.0432081 0.0942967 0.441539
-0.00223939 -0.151918 0.548352
-0.0296172 -0.0289249 0.0206409
0.0439931 -0.124336 -0.198135
-0.0432081 -0.0443915 0.0508844
0.0348184 -0.124336 -0.0888992
-0.0432081 0.063465 -0.76627
0.00493489 -0.124336 0.996642
-0.0432081 -0.0992116 -0.618717
-0.00277131 0.124296 -0.824664
-0.0117836 0.151877 0.572975
-0.0432081 0.120609 0.669939
0.0504614 0.124296 0.312459
0.051196 0.151877 -0.528351
-0.0296172 0.0808883 -0.577542
-0.0270477 -0.151918 0.278594
0.00372684 0.151877 -0.984156
-0.0432081 -0.136128 -0.0884936
-0.025794 0.151877 0.479589
0.0128944 0.151877 -0.882194
-0.0275056 0.116832 0.22304
-0.0296172 0.09102 0.152332
0.0244072 0.151877 0.966918
-0.00864707 0.151877 0.399567
0.0528297 0.124296 0.822299
-0.0432081 0.0778231 0.0802968
0.0369905 -0.151918 0.426565
-0.0432081 0.018026 -0.351288
-0.0296172 0.0266769 -0.638694
0.0139617 0.124296 0.373816
-0.0432081 -0.149289 -0.00998107
-0.0432081 0.0220229 0.444912
-0.0432081 -0.110567 -0.582143
-0.0432081 -0.0687031 0.60694
-0.0432081 0.0621703 0.959982
-0.0432081 -0.0652873 -0.471652
-0.0296172 0.00573156 -0.580127
0.0126347 -0.151918 0.0842048
-0.0148955 -0.151918 -0.837416
0.0809517 0.124296 -0.587562
-0.0296172 -0.0236682 -0.323062
-0.00577899 -0.124336 0.868432
-0.0432081 -0.134675 -0.525094
0.00318883 -0.151918 -0.45454
-0.0432081 -0.0333461 0.81606
-0.0320782 0.151877 0.142636
-0.0296172 0.0561511 0.16264
0.0309119 0.124296 -0.117713
-0.0296172 0.0946112 0.58843
-0.0432081 0.0844377 0.383651
-0.0296172 -0.0375856 0.896023
-0.0421382 -0.151918 0.949852
-0.0296172 -0.0852449 -0.977876
-0.0296172 0.0710459 0.14891
0.0190529 0.124296 -0.0316268
0.0447467 0.151877 -0.583801
-0.0432081 -0.09564 -0.752409
0.059658 -0.151918 -0.712686
-0.0432081 0.00274173 -0.781218
-0.0296172 0.0308062 0.120885
0.0966976 0.151844 -0.645246
0.0268342 -0.124336 0.114971
-0.02768 0.116529 0.558614
-0.0296172 -0.100262 -0.645483
0.0769786 0.124296 0.655174
0.0906231 -0.126697 -0.0021879
0.0637546 -0.151918 0.894065
-0.0432081 -0.118482 -0.250892
-0.0296172 -0.0982339 -0.0420423
0.0300187 -0.151918 -0.87592
0.00649015 -0.151918 -0.933833
0.0422122 -0.124336 0.580312
-0.0432081 0.0256245 0.957843
-0.0296172 -0.0433736 0.180964
-0.0432081 0.0807943 -0.839948
0.0646926 0.151877 -0.27569
-0.0432081 -0.109734 -0.377872
-0.0432081 -0.0873752 0.979986
0.0683219 0.151877 -0.668455
0.0833631 0.124303 -0.617439
-0.0296172 -0.0858958 0.0785307
-0.00466803 0.151877 -0.73965
-0.0296172 -0.0375662 0.337075
-0.0296172 0.0701921 0.112212
0.0392017 0.124296 0.0568855
0.0166601 0.124296 0.253368
-0.0296172 -0.0404458 -0.872489
0.0965593 -0.136179 -0.722063
0.0599374 0.151877 0.532533
-0.0432081 0.136083 -0.340407
0.0140427 0.151877 -0.00207166
0.0321519 0.124296 0.979784
-0.0316723 -0.151918 0.872689
0.0015863 0.151877 0.257258
0.0404126 -0.151918 0.659337
-0.0432081 -0.0303883 0.0662527
-0.0296172 -0.0607924 -0.523285
-0.0293539 -0.111963 -0.664603
-0.0296172 -0.0921842 -0.435541
-0.0432081 0.0340297 -0.204661
-0.0432081 -0.0477161 -0.105512
-0.0432081 0.00211799 -0.00736198
-0.0432081 0.116218 0.962626
-0.0432081 -0.0126709 0.929033
-0.0296172 0.00464211 -0.549433
0.0953 -0.151918 -0.775093
-0.0296172 0.060556 0.701123
-0.0296172 -0.00044192 0.356097
-0.0432081 -0.151776 -0.727429
0.0479241 -0.151918 -0.629407
-0.0224395 0.151877 -0.438895
-0.0432081 0.125693 -0.542556
-0.0432081 0.101804 -0.035376
-0.0432081 -0.125866 0.974234
-0.0432081 -0.112799 -0.163401
-0.0269188 -0.117789 -0.607016
-0.0432081 0.131167 -0.842605
-0.0309148 0.151877 -0.0992722
0.0305842 -0.124336 0.609855
-0.0432081 0.0919415 -0.989524
-0.0296172 0.00661397 0.568961
0.0393809 -0.151918 0.218494
-0.0432081 0.00242593 0.279731
-0.0037998 -0.151918 -0.880109
-0.0296172 0.00476727 -0.160164
-0.0432081 0.137259 -0.185584
0.0135478 0.124296 0.678562
-0.0296172 0.0513998 -0.762307
-0.0268335 0.151877 -0.592886
0.0283222 -0.124336 0.711531
-0.0413994 0.151877 -0.490383
-0.0283074 -0.151918 0.0158884
-0.0296172 -0.0842255 -0.922183
-0.0231971 -0.121549 -0.861725
0.0765687 0.151877 0.853292
0.0298016 0.151877 -0.950683
0.071102 0.124296 0.690293
-0.0296172 0.00364296 -0.74897
0.0357047 0.124296 0.0193891
0.0740745 -0.124336 0.346801
-0.0432081 -0.0607869 0.66869
-0.0296172 -0.0774847 0.132389
-0.00458986 0.124296 0.859554
0.0244008 0.151877 -0.211769
-0.0242766 0.12067 -0.445266
0.0621196 0.151877 0.744628
-0.0081832 -0.124336 -0.323551
-0.0432081 0.0643343 0.59947
-0.00300089 -0.124336 -0.0306669
-0.0296172 0.0253248 0.286193
0.0495328 -0.151918 -0.569992
0.0327895 0.151877 0.31258
0.0593068 -0.124336 0.793029
-0.0204225 -0.151918 -0.913869
-0.0296172 0.009633 0.312769
-0.0432081 0.138967 -0.231978
0.0584529 0.124296 -0.987192
-0.0432081 0.0524387 -0.444644
0.0325019 0.151877 0.167039
-0.0432081 -0.100507 -0.830613
0.0966976 0.142173 0.750756
-0.0271079 0.117469 -0.765332
0.0580444 -0.124336 -0.570852
-0.0432081 -0.000321065 0.175267
0.05538 -0.124336 -0.00102351
-0.0432081 0.0478697 -0.280551
-0.0432081 0.105344 -0.196763
0.0173596 0.124296 -0.797366
0.0808434 0.151877 -0.0853682
0.0293242 -0.151918 0.902328
0.00757537 0.124296 -0.379812
-0.0296172 -0.0831154 0.053754
-0.0296172 -0.108015 0.379085
-0.000847241 -0.151918 0.148777
-0.0432081 0.0590848 -0.0110883
-0.0432081 0.108461 -0.665149
0.044604 0.124296 -0.59522
-0.0296172 0.0190909 0.754119
-0.0396886 -0.151918 0.735377
0.0523746 0.151877 -0.0918223
-0.0300009 -0.151918 0.0967161
-0.0296172 0.107602 -0.855342
-0.0294829 -0.111162 0.644238
-0.0296172 0.0174272 -0.322187
0.0356477 -0.151918 0.556779
-0.0432081 0.048895 0.24685
-0.0429344 -0.151918 0.151628
0.0582006 -0.151918 -0.170372
-0.0432081 -0.0274916 -0.624158
0.0629556 0.151877 0.712125
0.00172079 0.124296 0.472986
-0.0432081 -0.0937543 -0.791307
-0.0432081 0.127738 -0.0768522
0.0257937 -0.151918 0.602519
0.0738546 0.124296 0.729365
-0.0432081 0.0307719 -0.0965244
-0.0432081 0.0592078 0.302645
0.0401994 -0.124336 -0.646667
-0.0432081 0.124456 -0.971999
-0.0432081 -0.00240433 0.297574
0.0611557 -0.151918 0.258639
-0.00571565 0.151877 0.860503
0.0858768 -0.151918 0.826004
-0.0296172 -0.0844968 0.155457
-0.0296172 0.0477414 0.617654
-0.0296172 0.0426581 0.359312
-0.0432081 -0.0270919 -0.0906614
0.0790006 -0.151918 -0.126375
-0.0296172 -0.0570854 0.812525
0.0224051 -0.151918 -0.210091
-0.0296172 0.0131073 -0.527024
-0.0296172 0.0177584 0.857584
-0.0296172 0.0467201 -0.14632
0.00843728 0.151877 -0.781315
0.00299435 0.151877 0.342098
-0.0165448 -0.124188 0.312413
0.0484576 0.124296 0.964208
-0.0296172 0.102461 -0.167556
-0.0432081 0.0856969 0.850044
-0.0296172 -0.0704367 0.595188
-0.00433071 0.151877 -0.0318702
-0.0296172 -0.0477681 -0.286633
-0.0432081 -0.0549037 0.630754
-0.0296172 -0.0607938 0.770564
-0.0432081 -0.0585505 0.330726
-0.0296172 -0.102517 0.415342
0.0966976 -0.150586 -0.612674
0.0199061 0.124296 -0.616852
-0.0296172 -0.0746991 -0.719909
-0.0432081 -0.0935974 -0.249404
-0.0432081 -0.0695951 0.431178
-0.0432081 0.0523642 0.269266
-0.0432081 -0.0826205 -0.735343
-0.0296172 0.0259551 0.171694
-0.0267306 0.118015 -0.66406
-0.0432081 0.0972007 -0.32474
-0.0432081 0.105773 -0.245926
-0.0296172 -0.0272123 0.993085
0.00250812 -0.124336 0.803354
-0.0296172 0.0599071 -0.194048
-0.0432081 0.0182822 -0.556781
-0.0296172 0.00800543 0.114485
-0.0432081 -0.0147926 -0.0365094
-0.0317672 -0.151918 0.538704
0.045173 -0.124336 0.726931
-0.0296172 -0.0619877 0.512758
-0.0432081 0.0584665 0.475592
-0.0432081 -0.0118088 0.795836
0.0714949 -0.124336 0.594357
-0.0260775 -0.151918 0.575248
-0.0432081 -0.110156 0.551221
0.0966976 -0.146608 -0.0342587
-0.0296172 -0.0240483 0.22179
-0.0432081 0.0408876 -0.675178
-0.0432081 0.078682 -0.959513
0.0536335 0.124296 0.757092
-0.0432081 0.0884546 0.230043
0.0367149 -0.124336 -0.372253
-0.0296172 0.0998003 0.183575
-0.0432081 -0.0107268 -0.080905
0.0561933 0.151877 0.915046
-0.0432081 0.072603 -0.108441
0.0611346 0.151877 -0.857747
0.0512486 0.124296 -0.0828167
-0.0296172 -0.0549185 -0.0325769
-0.0296172 -0.0971832 0.833165
-0.0432081 -0.105088 -0.938227
-0.0432081 0.130002 0.0748092
0.0708985 -0.124336 -0.451753
0.0924027 -0.151918 -0.954894
0.0594555 0.151877 0.978329
-0.0432081 0.12727 0.738165
-0.0296172 -0.105881 -0.99727
0.0966976 0.146475 0.0945239
-0.0296172 0.08322 -0.742204
0.0966976 -0.141562 -0.551213
-0.0296172 -0.0822946 -0.325851
-0.00189974 -0.151918 0.249284
-0.00339068 0.151877 0.730644
0.0866777 -0.124862 -0.82503
-0.0141636 0.151877 -0.354267
-0.0121255 -0.151918 0.0511624
-0.0296172 -0.0388509 0.380947
-0.0296172 0.0169569 -0.846593
0.0639963 -0.124336 0.556261
0.0718019 -0.124336 -0.108045
-0.0296172 0.0996568 -0.580652
-0.0432081 0.124285 0.271883
0.0709502 0.124296 -0.112531
-0.0296172 -0.062835 -0.354499
-0.0432081 0.0489404 0.828314
-0.0296172 0.00262473 0.162554
0.0941258 0.130067 0.765456
-0.0296172 0.0041404 -0.903544
-0.0432081 0.0581807 0.452427
-0.0432081 0.11192 0.22996
-0.0296172 0.101119 -0.372664
-0.0244029 0.151877 -0.415878
-0.0432081 0.00689778 -0.0982867
0.0029964 -0.124336 -0.106664
-0.0110871 -0.151918 0.0812516
-0.0432081 -0.0229955 -0.422782
-0.0432081 -0.0963211 0.157103
0.087657 -0.12518 -0.0211068
-0.00565623 -0.124336 -0.868414
-0.00942386 -0.124336 0.0093159
0.00440634 0.124296 -0.588515
0.0679571 -0.124336 0.755134
-0.0296172 -0.0309567 -0.947993
0.00925241 -0.124336 0.720919
-0.0432081 0.0283463 0.104655
0.00910768 0.151877 -0.411316
-0.0240459 0.120863 0.0348479
-0.0432081 -0.0247767 -0.899914
-0.0296172 0.102942 0.532382
-0.0432081 -0.0349065 -0.21312
-0.0432081 0.0151125 0.561209
-0.0432081 -0.122898 -0.640033
0.0333701 0.124296 -0.378819
-0.0296172 -0.044015 -0.582977
-0.0432081 -0.0116425 -0.513042
-0.0432081 -0.0120465 0.815479
-0.0296172 -0.0365725 -0.709126
-0.0432081 0.107503 0.30583
-0.0432081 0.0825814 0.306114
0.0457087 -0.151918 0.0881096
0.0961157 -0.134163 -0.703569
-0.0296172 -0.0365183 -0.993156
0.0331021 -0.124336 0.932617
0.0949472 -0.131403 0.797673
-0.0432081 0.0142135 -0.410754
0.0457494 0.124296 -0.952574
0.0954079 0.132263 -0.198373
-0.00280003 0.124296 0.543548
-0.0295896 -0.110062 0.916461
-0.0328918 -0.151918 0.175549
0.0488914 -0.151918 -0.2975
-0.00114257 0.124296 0.970042
-0.00418712 -0.151918 0.487838
-0.0432081 0.106196 0.643402
-0.0296172 -0.0467099 0.205098
0.0799927 0.124296 -0.951946
-0.0296172 0.0935637 0.74849
-0.0432081 0.0966522 -0.516068
0.0263313 -0.151918 -0.964923
-0.0110437 -0.124336 -0.6353
-0.0432081 0.139695 -0.505982
-0.0296172 0.0809995 -0.641439
0.055156 0.151877 -0.833142
-0.01032 0.151877 -0.811413
-0.0432081 -0.0911299 0.215471
-0.0391379 -0.151918 0.837278
0.0963482 -0.135043 0.417626
0.0360036 -0.124336 -0.0268241
0.0360607 0.151877 0.079111
-0.0266407 -0.118178 0.862525
-0.0296172 -0.00536508 -0.392432
-0.0432081 0.121551 0.34942
-0.0432081 -0.100393 0.771683
-0.0296172 -0.0836204 -0.848494
0.0203136 0.151877 0.877358
-0.0432081 -0.133654 0.523103
-0.0432081 -0.0963953 0.998628
-0.0296172 -0.0779122 0.391645
0.0438022 -0.124336 -0.481453
0.0808487 0.151877 0.464542
-0.0432081 -0.144741 -0.250217
-0.0432081 0.101076 0.73092
-0.0432081 -0.107822 -0.4141
-0.0432081 0.14093 0.405139
0.0149745 -0.151918 -0.73417
-0.0432081 0.0189926 -0.0334268
0.0383971 -0.124336 -0.50088
0.0966976 -0.146731 0.659877
-0.0405941 -0.151918 -0.357473
-0.0432081 0.0899017 -0.923926
-0.0262022 -0.151918 -0.509978
-0.0432081 -0.0452396 -0.947391
0.0757097 0.124296 0.0557683
-0.0432081 0.12458 -0.138392
0.0279424 -0.151918 0.366598
-0.0296172 0.0367088 0.080769
-0.0285565 -0.151918 -0.324362
-0.00334258 -0.124336 0.117943
-0.0296172 -0.0458601 0.031639
-0.0432081 0.029959 -0.309836
-0.0432081 -0.028209 -0.362127
0.0966976 0.139708 -0.270646
-0.0432081 0.0799193 0.20704
-0.0296172 -0.00914802 -0.143816
0.0032315 0.124296 0.411485
-0.0296172 -0.0986355 0.268056
-0.0236895 0.151877 0.324052
-0.0296172 -0.0702951 -0.240255
-0.0296172 0.0847108 -0.239161
0.0557538 -0.124336 0.655986
-0.0339517 0.151877 0.361465
-0.0432081 0.0162299 -0.913698
0.0877807 -0.151918 0.229633
0.0965487 -0.136106 -0.17551
-0.0296172 0.0805677 -0.278002
-0.0432081 0.0666653 -0.387674
0.0250168 0.151877 -0.799674
-0.0178877 0.123896 -0.386758
-0.0296172 0.101559 0.425651
-0.0432081 -0.0597938 0.877634
-0.0432081 -0.0940498 -0.272121
-0.0432081 -0.133061 -0.877205
-0.0296172 -0.0133476 -0.11036
0.0279886 0.151877 -0.854326
0.0501982 0.124296 -0.477668
0.00959549 0.151877 0.712553
-0.0296172 -0.08579 -0.395429
-0.0432081 -0.0607594 0.719468
-0.0432081 -0.0529659 -0.640863
-0.0432081 -0.0104139 -0.988616
-0.0296172 -0.0286048 -0.594066
-0.0432081 -0.148413 -0.552045
-0.0432081 0.105287 -0.737174
0.0510464 0.124296 -0.216264
-0.0296172 -0.100052 0.340221
0.0955807 0.13265 0.572066
-0.0432081 -0.0391482 0.980619
-0.0296172 0.0219714 0.431849
0.0937036 -0.151918 -0.845613
-0.0254718 0.119534 0.723384
0.0218759 -0.124336 -0.230249
-0.0296172 0.0169424 0.97865
-0.0432081 0.128174 0.0176631
-0.0432081 0.0106178 0.332462
-0.0432081 -0.0157076 0.584463
0.0155007 0.151877 0.448684
0.0122853 -0.124336 0.578383
-0.00469036 0.151877 0.0553029
-0.0432081 0.0711252 -0.182661
-0.0432081 -0.038479 0.850228
-0.0296172 0.00362908 -0.883968
-0.0277353 -0.11647 0.00570519
0.0302106 -0.151918 0.198983
0.073223 -0.124336 0.708609
-0.0432081 -0.0783921 0.878612
-0.0158408 0.12423 -0.604141
0.0410197 -0.151918 -0.68871
-0.0432081 0.0614473 -0.820287
0.0493716 0.124296 -0.046448
0.0829029 0.124296 -0.649739
-0.0296172 -0.108504 0.0376914
-0.0296172 0.0552054 0.0694575
-0.0432081 0.0162091 0.37255
-0.0300646 0.151877 0.684408
0.00857707 0.124296 -0.0553363
-0.0432081 0.0713448 -0.423733
0.030837 0.124296 0.866679
0.0828354 -0.124336 -0.695565
-0.0296172 0.0117374 0.682199
-0.0432081 -0.0416805 -0.773562
-0.0432081 0.0506075 0.535188
-0.0296172 0.0800613 -0.928996
-0.0105079 -0.151918 0.851352
-0.0432081 0.109418 0.995963
-0.0432081 0.019243 -0.585435
-0.0432081 0.0641635 -0.334391
-0.0432081 -0.150882 -0.0277064
0.0856809 0.124578 -0.727578
-0.0432081 0.0771492 0.123885
-0.0296172 0.0573729 0.674961
-0.0432081 -0.143492 0.375448
-0.0432081 -0.0416077 0.677273
0.0141651 -0.124336 -0.377899
-0.0432081 0.112527 0.105482
-0.00319854 0.151877 -0.847063
-0.0432081 0.101839 0.814854
-0.0296172 -0.0294616 0.102334
-0.0182859 0.151877 -0.06535
0.0816648 -0.151918 0.0338414
0.0795513 0.124296 0.543007
0.0682232 0.151877 0.325339
-0.0432081 0.033955 -0.748639
-0.0432081 -0.0349104 0.433323
0.045245 0.124296 0.550043
-0.0432081 -0.137525 0.336455
-0.0421077 -0.151918 -0.970148
-0.0296172 0.0271231 0.265494
0.00171354 0.124296 0.876096
0.0442963 0.124296 -0.262122
0.0403713 -0.124336 -0.932067
0.06767 0.124296 0.930977
-0.0296172 0.0256782 0.232721
0.0427131 -0.151918 0.951923
-0.0296172 -0.0808221 -0.3445
-0.0296172 -0.0149509 0.876988
0.0210824 -0.124336 -0.675109
-0.0296172 0.0520155 0.637649
0.0748776 -0.151918 0.853278
-0.0432081 -0.0562891 0.920316
0.078486 0.124296 -0.0153033
-0.0296172 -0.082378 0.673217
-0.0296172 -0.00727742 0.239209
0.0537668 0.151877 -0.916732
-0.0432081 0.0863008 0.778898
-0.0265487 -0.151918 0.405378
0.0502651 -0.124336 -0.674418
-0.0432081 -0.136088 0.650116
-0.0432081 -0.134379 -0.990096
-0.0296172 -0.0763173 0.334514
0.0618705 -0.124336 0.242172
-0.0296172 -0.0257299 -0.724736
-0.0432081 -0.0491763 -0.928445
-0.0432081 -0.0461824 0.558339
-0.0432081 0.00537219 0.0315483
-0.0296172 0.0811774 0.409708
0.0073923 -0.151918 0.359408
-0.0432081 0.0988416 0.561133
-0.0432081 0.0752735 -0.78072
-0.0296172 -0.0598093 -0.487425
0.0949587 0.131383 0.995217
-0.0249343 0.151877 0.760893
-0.0296172 -0.0544418 0.362369
-0.0296172 0.087764 0.0420892
-0.0296172 -0.0416919 0.69318
-0.0432081 0.0299821 -0.535548
-0.0296172 -0.0172031 0.327841
-0.0432081 0.0682304 0.535614
-0.0284858 -0.114899 0.54112
0.0966976 -0.143329 0.696067
-0.0432081 0.0193015 -0.968986
-0.0264993 0.118326 -0.486602
-0.005909 -0.151918 -0.947293
-0.0432081 -0.106404 -0.307373
0.0563799 0.124296 0.339136
-0.0432081 0.136422 -0.616558
-0.0432081 0.0374163 -0.907947
-0.0296172 0.0300195 0.312254
0.00233995 0.151877 0.782975
0.094437 -0.130562 -0.565108
0.0517265 0.151877 0.613508
0.0022753 0.151877 -0.464095
-0.02603 0.151877 0.42046
-0.0296172 -0.10075 -0.128713
0.0966504 -0.136987 0.298365
0.0239501 0.124296 0.916968
0.0633582 -0.151918 0.651533
-0.0296172 -0.0413711 0.664335
-0.0187177 0.123677 -0.519245
0.0216914 0.124296 -0.234219
-0.0432081 -0.0657435 0.174443
-0.0123065 -0.151918 -0.114208
-0.0174535 -0.124032 0.641993
-0.0296172 -0.0361785 -0.254366
-0.0296172 -0.0735063 0.550596
0.0672969 -0.151918 0.334742
-0.0432081 -0.00831224 -0.964923
0.0534564 0.151877 -0.945969
-0.0432081 -0.014398 -0.815121
-0.0296172 0.02772 0.190713
-0.0295989 -0.109892 -0.244388
-0.0296172 0.0242281 0.651032
-0.0296172 0.045465 0.745833
-0.0432081 -0.0639442 -0.117574
-0.0296172 -0.00682717 0.0523691
-0.0432081 -0.137667 0.630122
0.0958993 0.133463 0.185948
-0.0281273 -0.151918 -0.59913
-0.0296172 -0.0382403 0.795011
-0.0401262 0.151877 -0.00179328
-0.0296172 -0.0634249 -0.762883
0.0311296 -0.151918 -0.32615
-0.0242215 0.151877 0.835569
-0.0375119 -0.151918 -0.458436
-0.0296172 0.057463 0.486383
0.0790693 -0.124336 -0.328101
-0.0432081 0.0465504 0.290811
-0.0296172 -0.0210756 -0.763096
-0.0296172 0.0554705 -0.105077
0.0345553 -0.124336 -0.0540755
0.0793971 -0.124336 -0.847067
-0.0432081 0.0435078 0.0463326
-0.0395355 0.151877 -0.519493
0.0671718 0.124296 0.876087
-0.0248046 -0.120239 -0.899011
-0.0296172 0.0765003 -0.890394
-0.0296172 -0.0448001 -0.403016
0.047523 -0.151918 0.462479
0.0966976 0.144896 -0.542388
-0.032883 -0.151918 -0.646938
0.0842714 0.151877 -0.403284
-0.0296172 -0.0324463 -0.00172177
0.0330975 -0.151918 0.170055
-0.0432081 -0.0744794 0.763526
-0.0432081 0.00235118 -0.326715
-0.0296172 0.0718608 -0.518774
0.0965844 0.136323 0.913834
0.0107031 0.124296 0.805012
-0.0432081 0.0104475 0.410051
0.0629435 -0.151918 -0.375155
-0.0267284 0.151877 -0.796425
-0.0203338 0.123101 0.950071
0.0805164 0.151877 -0.515185
0.0481927 -0.151918 0.622182
0.0919993 0.151877 -0.74613
0.0934822 -0.129276 0.465458
0.0849007 -0.124481 0.888418
0.0721563 -0.124336 -0.65968
0.0251931 0.151877 0.553276
0.0944783 0.130584 0.805907
-0.0432081 -0.0617252 -0.7875
-0.0296172 0.0177326 0.361291
-0.0296172 0.021173 -0.268064
-0.0296172 -0.0227647 -0.216194
0.0966976 0.147865 -0.609624
-0.0296172 0.0834981 0.702983
0.0615109 0.151877 0.960985
0.00730585 0.124296 -0.962984
-0.0432081 -0.0919317 -0.217701
-0.0296172 -0.00786458 0.626461
-0.0296172 -0.105419 0.670885
0.0966976 0.148311 -0.111706
0.0568924 -0.151918 -0.888486
-0.0296172 0.0533848 0.442951
-0.0296172 0.0826831 -0.114424
-0.0432081 -0.12627 0.997692
-0.0432081 -0.0900911 -0.689435
-0.0432081 -0.00986002 0.601179
-0.0432081 -0.118746 -0.561863
-0.0432081 -0.108478 0.396386
-0.0296172 -0.00160344 0.511965
-0.00261548 -0.151918 -0.0696123
-0.0432081 0.0683925 0.735141
-0.0296172 -0.00073093 0.946317
-0.0296172 -0.0874652 0.850586
-0.0296172 -0.0966267 0.242115
-0.0432081 -0.0363235 0.415916
-0.0196065 -0.123426 0.102721
-0.0206219 -0.123016 0.783648
-0.0432081 0.122237 -0.690608
0.0221185 -0.124336 -0.982588
0.0329092 0.124296 0.708337
0.0169611 0.124296 0.333659
0.0403194 0.151877 0.58386
-0.0111605 -0.151918 -0.0114714
0.0309229 -0.124336 -0.317697
0.0289621 0.151877 -0.5521
0.0573068 -0.124336 0.137651
0.065351 -0.151918 0.183284
-0.0032309 0.124296 0.93158
0.0267058 -0.124336 -0.873956
-0.0432081 -0.0702593 0.849001
-0.0296172 0.00284168 -0.802946
-0.0432081 0.120718 -0.647997
-0.0432081 0.0545706 -0.65411
-0.0296172 -0.0431899 0.27864
0.0149504 -0.151918 -0.301794
-0.0296172 0.0207945 0.945081
0.0966976 -0.149312 0.358425
-0.0432081 -0.0035029 -0.264698
0.0550794 -0.151918 0.87648
0.0966976 -0.13873 0.985072
-0.0432081 0.00408629 0.537047
-0.0432081 0.0769544 -0.551809
-0.0432081 -0.067933 0.0116259
-0.0296172 0.0700827 0.825898
-0.0296172 0.0306092 -0.465743
0.0342465 -0.151918 0.390979
-0.0432081 -0.0595185 -0.342066
-0.0432081 0.094928 0.26696
-0.0296172 -5.78258e-05 0.898741
-0.0432081 -0.127708 0.124429
0.050342 0.151877 -0.717962
-0.0296172 -0.0040475 -0.653645
0.0650522 -0.151918 -0.609408
-0.0432081 0.0830525 0.361889
0.0116284 0.151877 -0.669808
-0.0296172 0.000735595 -0.301113
-0.0432081 -0.0409018 -0.558466
0.0443268 -0.151918 0.49626
0.0282951 0.124296 0.765543
0.0960726 0.151877 0.522606
0.0965946 0.151877 0.589725
-0.0296172 0.0254855 0.875716
-0.0432081 -0.127599 -0.0643941
-0.0432081 0.0872169 -0.442631
0.0398961 0.151877 -0.147866
-0.0432081 0.119149 -0.515014
-0.0432081 -0.12881 0.265656
-0.0432081 -0.0349203 0.365494
-0.0296172 0.0871786 0.662651
0.0924429 -0.128165 0.658594
0.0517844 -0.151918 -0.145213
-0.0432081 0.0123679 -0.2483
-0.0432081 -0.0308033 -0.499197
-0.0296172 -0.0662954 -0.743236
0.0337925 -0.151918 -0.791578
-0.0432081 0.0385101 -0.0811552
0.0815942 0.124296 0.94292
0.0853448 0.124513 -0.80705
-0.0432081 -0.0142913 0.186861
0.0661035 0.151877 0.632866
-0.0296172 -0.0208191 0.0356659
-0.0221364 0.151877 0.988872
-0.0296172 0.0717887 0.917239
-0.0432081 0.0323224 0.181309
-0.0432081 0.0594118 -0.486119
-0.0432081 -0.067883 0.960004
-0.0296172 -0.0753246 -0.937023
0.0331442 0.124296 -0.505747
0.0931888 0.151877 0.981904
0.0966976 -0.138424 0.962846
-0.0296172 0.0713767 0.0468218
0.0826999 0.151877 0.293769
-0.00458433 0.151877 0.94733
-0.00435533 0.151877 0.212151
0.0297239 -0.124336 0.96853
0.00774826 -0.151918 -0.192275
-0.024032 0.120874 0.497132
0.0540425 -0.124336 -0.755469
-0.0296172 -0.0433747 -0.327069
-0.0296172 -0.100336 -0.956849
-0.0432081 -0.0765974 0.195918
0.0815706 0.151877 -0.250513
-0.0296172 -0.0149348 0.554655
-0.0432081 -0.103046 0.71675
-0.0432081 0.107016 0.196163
-0.0296172 0.0715435 0.655723
-0.022223 0.122143 0.671519
0.0966976 -0.1387 0.176934
-0.0432081 0.102127 -0.887022
-0.0432081 0.137883 -0.0159499
-0.0432081 -0.109611 0.0981562
-0.0296172 -0.0421041 -0.68286
-0.0432081 -0.00417639 -0.24133
0.00273009 -0.151918 0.0182732
-0.0217689 0.122404 -0.120409
-0.0432081 -0.12801 -0.955094
0.0957895 -0.133206 -0.470008
-0.0296172 0.00876257 -0.612048
-0.0432081 -0.0578725 -0.573189
-0.0432081 -0.132609 0.44398
-0.0432081 0.0419101 -0.51193
-0.0101092 0.124296 0.230497
-0.0399123 -0.151918 0.43344
-0.0296172 -0.0446284 0.528598
-0.0432081 -0.0985196 0.735249
0.0746764 -0.124336 -0.878607
-0.0432081 0.0272816 0.994769
-0.024458 -0.120554 -0.352749
-0.0296172 -0.0831017 -0.278049
-0.0432081 0.107572 0.417372
0.0240845 0.124296 -0.325962
-0.0432081 0.046413 -0.805802
0.00418911 0.124296 0.451562
0.0339225 -0.151918 0.0304667
-0.0296172 0.0641723 -0.847992
0.0678148 -0.124336 0.184177
-0.00331932 -0.151918 -0.981003
-0.0432081 -0.0873129 -0.484084
0.0154453 -0.124336 -0.844517
0.0652494 -0.151918 0.710896
0.0331442 0.124296 -0.766474
-0.0432081 -0.0905809 -0.986555
-0.0415984 0.151877 0.786129
-0.0287503 0.114164 0.11538
-0.0296172 0.00409889 0.394489
-0.0296172 0.00673554 0.660568
0.0461728 0.124296 0.905403
0.0837674 0.124323 0.424446
0.0689154 -0.124336 -0.911047
-0.0432081 0.0886548 -0.21144
-0.0296172 0.0893752 0.470137
0.0729456 0.124296 0.0955757
-0.0432081 0.082959 -0.314473
0.0611707 0.124296 -0.430912
0.0662633 -0.124336 0.0746207
0.0813356 -0.151918 0.408125
0.0612241 -0.124336 -0.269562
-0.0432081 -0.138784 0.679788
-0.0432081 0.121128 0.870177
-0.0432081 -0.114687 -0.976765
-0.0432081 -0.0799645 -0.180125
-0.0267675 0.151877 0.919872
-0.0432081 -0.0600204 0.084252
-0.0291533 -0.112872 0.846165
0.0966976 0.151442 -0.226098
-0.0296172 -0.0250703 -0.540088
-0.0170452 -0.124109 0.473167
-0.0432081 -0.11792 -0.220599
-0.0299053 -0.151918 -0.44277
-0.0432081 -0.0436976 0.886584
-0.0394375 0.151877 -0.12924
-0.0296172 0.0387919 0.596887
-0.0296172 -0.083521 0.490042
0.0439527 -0.124336 0.765292
-0.0432081 0.0576584 -0.729085
0.027245 -0.151918 -0.262124
-0.0406088 0.151877 -0.914664
-0.0296172 -0.097016 0.13055
-0.0296172 -0.0358454 -0.113819
0.0647724 -0.151918 -0.829257
-0.0276297 -0.116659 0.690506
-0.0432081 0.108255 0.466991
-0.0296172 0.0228844 -0.941218
0.010364 0.124296 0.0333765
-0.0296172 -0.0431112 0.15178
-0.0432081 -0.0380184 -0.740748
-0.0432081 -0.0420136 -0.461909
-0.0296172 0.0399868 -0.547637
0.0783586 -0.124336 -0.789472
-0.0296172 -0.0109714 -0.840194
-0.0296172 -0.103707 0.0206493
-0.0296172 -0.0189374 0.0691177
-0.0296172 0.0237725 0.774069
-0.00594881 0.151877 -0.543315
-0.0296172 -0.0615636 0.907163
-0.0287738 -0.151918 0.982674
-0.0432081 0.0266046 0.806554
-0.0296172 -0.0302807 0.830006
0.0426613 0.124296 -0.887834
-0.0296172 -0.0848167 -0.0938253
0.0122197 0.151877 -0.327212
-0.0432081 0.139435 0.217427
0.0819475 0.124296 0.0188178
0.0492672 -0.151918 0.330966
0.0966976 -0.143081 -0.29227
0.0962003 -0.134457 -0.401869
6.6715e-05 -0.124336 -0.903121
0.0801435 0.151877 0.710303
-0.0296172 -0.0645615 0.271115
-0.0296172 0.0724359 0.562846
-0.0432081 -0.0969673 0.111558
0.0542343 -0.151918 -0.45317
-0.0432081 -0.0874211 0.520623
0.0966976 0.140678 -0.911215
-0.0432081 0.121535 -0.476621
-0.0432081 -0.0925993 -0.570127
-0.0432081 -0.0922128 -0.593509
-0.0432081 -0.0117132 0.406095
0.0648664 0.124296 -0.532621
-0.0296172 -0.0416829 -0.435901
0.000869976 -0.124336 0.912409
-0.0296172 0.0814359 -0.359555
0.0446316 0.124296 0.203712
0.0911892 -0.127101 -0.195945
-0.0432081 0.0298574 -0.693827
-0.0432081 0.044156 0.112595
-0.0296172 0.0398997 -0.91989
-0.0432081 0.0491708 0.583441
-0.0432081 0.084344 -0.142459
0.0708195 -0.151918 -0.188754
0.0149972 0.124296 -0.21446
-0.0165614 -0.124186 0.284342
0.0360585 0.151877 0.935431
-0.0432081 0.0293287 0.840331
-0.0432081 0.080493 0.929103
0.00852204 0.124296 -0.544967
0.0498353 -0.124336 -0.734299
-0.0296172 0.108689 -0.264736
-0.0296172 0.0561517 0.951892
-0.0432081 -0.0185644 -0.28338
-0.0296172 -0.0197357 -0.412354
0.0207264 -0.151918 -0.0996398
0.0934774 -0.12927 -0.906923
0.0511429 -0.124336 -0.695953
0.0966976 -0.147343 -0.671235
-0.0432081 0.0995891 -0.821168
-0.0270723 0.117523 -0.839494
0.0118314 0.151877 -0.701209
-0.0296172 -0.0436927 0.061658
0.0577248 -0.124336 -0.51065
0.0873691 0.125038 -0.668934
-0.0432081 -0.00961008 -0.470733
-0.026894 -0.117825 0.981654
0.0623607 -0.124336 -0.949966
-0.0432081 -0.0818512 -0.0801281
0.0830471 0.124297 0.844738
0.0966976 0.14294 0.34327
0.0704536 0.124296 -0.898188
-0.0296172 -0.0823072 0.824619
0.0959665 -0.133697 -0.270617
-0.0432081 -0.141577 0.0977735
-0.0296172 -0.0610165 0.476732
-0.0432081 0.0715742 0.620918
-0.0432081 -0.0194971 0.675457
-0.000176982 -0.124336 0.675927
-0.0296172 -0.0992375 0.759678
-0.0432081 0.0432549 -0.991334
-0.0432081 -0.13728 -0.85265
0.0966976 -0.140404 0.118426
-0.0296172 -0.061222 -0.921217
0.0709502 -0.124336 -0.544312
-0.0296172 -0.0547776 -0.13371
0.0680422 -0.151918 -0.676857
0.0144731 -0.124336 0.0251845
-0.0296172 -0.0914194 0.783265
-0.0432081 0.0252327 0.466229
0.000954516 -0.151918 -0.71235
-0.0296172 0.0279941 -0.80686
-0.0432081 -0.0873784 -0.81698
-0.0432081 -0.0168528 -0.33192
-0.0432081 0.137172 0.504218
-0.0105132 0.151877 -0.381485
0.0588854 -0.151918 -0.249954
-0.0113347 -0.124336 -0.798043
-0.0161999 0.151877 -0.0859456
0.0414658 0.151877 -0.365107
0.0888358 -0.151918 0.924538
0.0587178 0.151877 -0.341856
-0.0432081 0.0913424 0.89436
0.0626567 -0.124336 0.622
-0.0432081 -0.120204 0.302254
-0.0296172 -0.0141675 -0.178547
0.0174759 0.124296 -0.816299
-0.0432081 -0.0883405 -0.931547
0.030962 0.151877 0.73235
0.0821043 -0.151918 0.949466
0.0966976 0.13893 0.399924
-0.0296172 0.0674252 0.806051
0.0152051 -0.151918 0.32677
-0.0296172 0.103632 0.135644
-0.0296172 0.0819375 -0.167711
-0.0432081 0.0515982 -0.216298
-0.0432081 0.110726 0.38868
-0.0432081 0.000301968 -0.196791
-0.0432081 0.0271616 0.249209
-0.0432081 -0.0601673 -0.455715
-0.0432081 -0.103047 -0.0521228
-0.0432081 -0.0571505 -0.843949
0.0106583 0.151877 -0.378845
-0.0296172 0.053572 0.0509208
-0.0296172 0.0415917 -0.174181
-0.0432081 0.0467001 0.775041
-0.0296172 -0.061688 0.529555
-0.0432081 -0.13286 0.714998
0.0295077 0.124296 -0.191031
0.0966976 0.149737 -0.779204
0.0966976 0.144258 0.213722
-0.0432081 -0.0914971 0.899467
-0.0432081 0.0764691 0.571709
-0.0296172 -0.0263218 0.768077
0.0165161 -0.124336 -0.401205
0.0117317 -0.151918 -0.354948
-0.0296172 0.0282467 -0.892833
-0.0432081 0.11713 -0.904559
-0.0432081 -0.0401337 -0.848193
-0.0432081 0.0505851 -0.0604021
0.0148843 0.124296 -0.442406
0.0284335 0.151877 0.4731
0.0206338 -0.124336 -0.116618
-0.0432081 -0.0451969 -0.997501
-0.0432081 0.127399 -0.218209
0.0160301 0.151877 -0.494283
-0.0296172 0.0116644 0.912349
-0.0432081 -0.0984819 -0.521615
-0.0432081 0.0841611 -0.863498
-0.0432081 -0.113476 0.587376
-0.0381905 0.151877 -0.944024
-0.00611003 -0.124336 0.533804
-0.0432081 -0.00786155 0.637171
-0.0296172 0.029974 -0.857044
-0.0326487 0.151877 -0.150697
0.0622469 -0.151918 -0.759061
0.0966367 0.136792 -0.0739308
0.0834658 0.151877 -0.918812
-0.0432081 -0.081202 0.618292
-0.0296172 0.03807 -0.392635
-0.0296172 -0.0840015 0.714732
-0.0296172 0.0129393 -0.672211
0.0154431 -0.151918 -0.0398549
-0.0432081 0.0348055 -0.0465053
0.056959 0.151877 0.597278
-0.0432081 -0.0199045 -0.569015
-0.0432081 -0.0455393 0.0203539
-0.0296172 -0.0630861 -0.835255
0.0426416 -0.151918 -0.723354
-0.0432081 0.0938745 0.0758037
-0.0432081 0.0392978 0.0279397
-0.0296172 -0.00101372 -0.488981
-0.0296172 0.00335114 0.446075
-0.0296172 -0.0821617 -0.167901
-0.0432081 -0.0738403 0.571179
-0.0432081 -0.0884726 -0.304327
0.0510924 -0.124336 -0.0853566
-0.0432081 0.0209319 -0.138604
-0.0296172 0.0550477 -0.977572
0.00427512 -0.151918 -0.233291
-0.0296172 -0.0234834 0.293383
-0.0296172 -0.0447772 0.943609
0.0536944 -0.124336 0.340111
-0.00398469 -0.124336 -0.207516
0.0576072 0.151877 0.781926
-0.0432081 -0.118989 -0.747838
0.0788371 0.151877 0.909024
-0.0296172 0.0556984 0.759082
0.059901 0.124296 0.661935
0.0966972 0.13798 0.0683675
-0.0296172 -0.0637826 0.637533
-0.0432081 -0.108683 0.179075
-0.0296172 0.0135719 0.131028
0.0738507 0.151877 -0.694803
0.0205922 -0.124336 0.480072
-0.0432081 -0.0325037 -0.863354
0.0850584 0.124465 -0.869859
0.0401956 -0.124336 0.626028
-0.0432081 0.0292293 0.680597
0.0871218 0.151877 -0.431282
-0.0249708 0.120041 0.857974
-0.0432081 0.0456755 0.369618
-0.0432081 0.0880934 0.968129
0.0126352 0.124296 -0.934444
0.0508127 -0.151918 0.904452
-0.0432081 0.047414 -0.320401
-0.0296172 -0.0918758 0.37523
-0.0432081 0.126213 0.517606
-0.0432081 0.149038 0.653181
-0.0432081 0.0764499 0.15775
-0.0432081 -0.0145504 -0.389962
0.0414431 0.124296 0.449627
0.0138046 0.151877 -0.360002
0.0466147 -0.124336 0.0358156
0.0055718 -0.124336 0.620072
0.0481384 -0.124336 0.693187
-0.0432081 0.139001 -0.286431
-0.0432081 0.0433786 0.810827
-0.0296172 0.0298088 -0.662182
-0.0296172 -0.0197429 -0.990252
-0.0296172 -0.00881218 -0.0121889
-0.0432081 0.117557 -0.855255
0.040224 -0.151918 -0.655631
-0.0432081 -0.0666984 0.933202
-0.0296172 -0.0280757 -0.564158
-0.0432081 0.0863172 0.637952
0.0244653 0.124296 0.575124
0.00154381 -0.151918 0.184972
-0.0296172 -0.0348007 -0.925471
0.0966976 0.140215 -0.0503245
0.0137083 0.124296 0.962722
-0.0296172 0.107652 0.920477
-0.0294367 0.111441 -0.879509
-0.00731658 -0.151918 0.430271
-0.0296172 0.106261 -0.699279
-0.0296172 0.068232 -0.496943
0.0630458 -0.124336 0.724871
0.0470512 0.151877 -0.241499
-0.0296172 -0.0701445 -0.110449
-0.0432081 0.0174291 -0.834127
-0.0296172 -0.0784465 -0.591881
0.0380974 -0.124336 0.198061
-0.0432081 -0.0325286 0.399812
0.0159632 -0.151918 0.0573357
-0.0296172 -0.10785 -0.402011
0.0966976 0.15106 0.825716
-0.02873 0.114221 -0.0622934
-0.0296172 0.10905 -0.0287439
-0.0432081 -0.0705066 -0.641932
-0.0296172 0.0567914 -0.370175
-0.0432081 0.0702723 0.0198203
0.0399229 -0.124336 0.470741
-0.0432081 -0.0935255 -0.166373
0.081129 0.151877 0.429892
-0.0296172 -0.0484314 0.759438
-0.0277643 -0.116417 0.951165
-0.0432081 -0.0906635 0.677607
-0.0296172 -0.0376525 -0.0521769
-0.00805573 -0.124336 -0.452455
0.0515885 -0.151918 -0.904233
0.0420045 -0.151918 -0.116759
-0.0432081 0.0392644 0.389032
-0.0296172 0.0585542 0.0242307
-0.0296172 0.0379651 -0.0136211
-0.0432081 -0.145827 -0.797965
0.0455858 0.124296 0.387564
0.00852484 -0.151918 0.508954
-0.0296172 -0.0602134 0.238917
-0.0432081 0.112112 -0.126267
0.000522132 -0.151918 -0.0951938
0.0966976 0.142386 0.241014
-0.0239358 -0.120992 0.897931
0.070862 0.124296 -0.349703
0.0856969 -0.151918 0.306774
-0.0432081 -0.0410518 0.235856
0.0779811 0.151877 -0.548974
0.0379679 -0.124336 -0.107039
0.0748464 0.124296 0.565155
-0.0141188 0.151877 0.264879
0.0254698 0.151877 0.404272
0.0056746 0.124296 0.11658
-0.0296172 -0.108653 0.877045
0.0966976 -0.138488 0.434224
-0.0432081 -0.103305 -0.324256
-0.0296172 0.0347347 0.903698
-0.0296172 -0.0915 -0.623914
0.0911019 0.151877 -0.829518
-0.0296172 0.10586 -0.915134
0.0433783 0.124296 -0.459368
-0.0296172 0.0979456 -0.639639
-0.0296172 -0.0476214 0.851743
0.0281716 0.124296 -0.0176682
0.0966976 -0.14738 0.145804
-0.0296172 -0.0290751 -0.236631
0.0672357 0.124296 -0.190825
-0.0111134 0.151877 -0.861471
0.00452986 -0.151918 0.267769
-0.0432081 -0.145924 -0.673286
-0.0296172 0.0704408 -0.0263163
0.0756527 0.151877 0.508933
-0.0432081 -0.076701 -0.75734
-0.0296172 0.00130335 0.256955
-0.0432081 0.0261285 0.50204
-0.0296172 -0.101006 0.989405
-0.0296172 -0.0704336 -0.266315
-0.0144828 -0.151918 0.337856
-0.0432081 0.0083498 -0.0610421
-0.0432081 -0.0200894 0.56496
-0.0296172 -0.013301 -0.196501
0.0427832 -0.151918 -0.0571209
0.0415909 0.151877 -0.809465
-0.0296172 -0.0396442 -0.801635
-0.0296172 0.0223259 0.386555
-0.0296172 0.0615289 -0.0823237
-0.0280268 -0.151918 -0.703078
0.021769 0.124296 -0.992553
0.00013687 -0.124336 0.493114
0.0699336 0.124296 0.593847
-0.0432081 -0.0990611 0.467085
0.0256563 0.151877 -0.984033
0.0123894 0.124296 -0.283646
-0.0296172 0.0250336 0.0425742
0.040971 0.124296 -0.332182
-0.0432081 0.0773033 0.4404
-0.0432081 0.142072 -0.804468
-0.0432081 -0.027844 -0.404298
0.0041824 0.124296 0.20819
-0.0432081 -0.070572 0.241471
-0.0432081 0.0926401 -0.942942
-0.0296172 -0.104592 0.794499
-0.0432081 -0.124458 -0.193886
-0.0432081 0.058847 -0.58688
0.0258041 -0.151918 0.236643
-0.0426277 0.151877 -0.372547
0.0129471 -0.151918 -0.0642539
-0.0432081 0.0900557 0.420815
0.0767278 0.151877 -0.387054
-0.0432081 -0.0290513 0.929209
-0.0219947 0.151877 -0.720023
-0.0432081 -0.133141 0.556157
-0.0258743 -0.119132 0.722986
-0.0432081 -0.136283 -0.161196
-0.0258879 0.151877 0.549985
-0.0432081 -0.0436353 0.0852159
-0.0296172 0.0175241 -0.724048
0.00350599 -0.124336 -0.547926
-0.0432081 0.128557 -0.762082
-0.0432081 0.0801017 0.250613
-0.0432081 -0.0110523 -0.05618
-0.0185735 0.151877 -0.278863
-0.0296172 -0.0204392 0.485575
-0.0291209 0.151877 -0.0348036
-0.0277021 0.116489 -0.502806
-0.0432081 -0.0370169 0.467248
-0.0296172 0.0437535 -0.8804
0.0207145 0.151877 0.0715308
-0.0432081 -0.0171392 0.906671
-0.0296172 0.0361761 -0.302562
0.0935942 -0.129411 -0.21753
0.0579071 -0.151918 0.801766
-0.0432081 0.0135611 -0.394254
-0.0432081 0.0239989 -0.772572
-0.0432081 -0.0904731 -0.373036
0.0250826 0.151877 0.576898
0.0811417 -0.151918 0.468106
0.0330444 -0.124336 -0.913405
-0.0432081 0.120553 -0.0466299
-0.0296172 0.0241417 -0.437617
-0.0230366 -0.121661 0.509129
-0.0296172 0.0543403 0.985392
0.00379434 -0.124336 -0.758295
-0.029446 -0.111421 0.283904
-0.0263558 -0.151918 0.654361
-0.0296172 0.0605754 -0.24526
-0.0432081 0.0926533 -0.0164845
-0.0236981 0.151877 -0.755483
-0.0432081 0.0392238 0.623424
0.0872502 -0.125038 -0.250036
-0.0432081 -0.0699201 0.283902
-0.0432081 -0.140736 0.067687
-0.0432081 0.0125861 0.885086
-0.0432081 0.0138951 0.516867
-0.0296172 -0.0529827 -0.18944
-0.0432081 0.0817469 -0.715824
-0.0296172 0.101352 0.458287
-0.0432081 0.0328596 0.406231
-0.0296172 -0.0989545 0.708234
0.00675288 0.151877 0.135911
-0.0432081 0.111881 0.690552
-0.0296172 0.0285854 0.525899
-0.0432081 -0.0529239 -0.37657
-0.0147792 -0.124332 -0.929724
-0.0283974 0.11507 0.276397
0.0883796 0.125428 0.478439
0.0238884 -0.151918 0.267832
-0.0432081 0.0264157 0.600243
-0.0432081 0.0723464 0.687211
-0.0243551 -0.151918 -0.174192
0.0853792 0.151877 -0.459295
0.0513502 0.151877 -0.307471
-0.0432081 -0.0647186 0.807607
-0.0432081 0.138804 0.882133
-0.0432081 0.00412065 -0.0267889
-0.0368801 -0.151918 0.251253
-0.0296172 0.0518676 0.141422
-0.0432081 -0.0900699 0.758831
-0.017427 -0.124037 -0.432804
-0.0432081 -0.0795319 0.110185
-0.00568402 0.151877 0.607076
-0.0296172 0.105533 -0.356994
-0.0296172 0.071513 -0.708081
0.0267698 0.124296 0.517127
-0.0432081 0.0736079 -0.740754
0.022595 0.124296 0.148025
-0.0432081 0.107246 0.788025
-0.0432081 0.0925619 0.757359
-0.0432081 0.0633201 0.395203
-0.0296172 0.100675 0.698353
-0.0107696 0.124296 0.136344
0.0583312 -0.151918 0.235926
-0.0296172 -2.12358e-05 -0.374524
-0.0337725 0.151877 0.6258
0.064785 -0.124336 0.814297
-0.00979875 -0.151918 0.914247
-0.0296172 -0.080377 -0.417748
-0.0296172 0.0505411 0.967941
-0.0253402 -0.119713 0.414879
-0.0432081 0.0174392 -0.29399
0.0293606 -0.124336 -0.270639
-0.0296172 0.051485 -0.492171
0.0842961 -0.151918 -0.397193
-0.0432081 0.14955 0.583485
-0.0180245 -0.151918 0.692866
0.0155441 0.151877 -0.264251
0.0214391 0.151877 -0.167691
0.0644614 0.124296 -0.574629
0.0324399 0.151877 0.343287
-0.00914663 0.124296 0.1948
-0.0432081 0.134869 0.840355
0.00546808 -0.124336 -0.236965
-0.0432081 -0.138262 -0.391616
0.00126696 -0.124336 0.230663
0.0912557 -0.127151 -0.933616
-0.0296172 0.0852271 0.603232
0.0765555 0.151877 -0.288762
-0.0432081 0.00535301 0.215521
0.0622578 -0.124336 -0.0520964
0.0751515 -0.151918 -0.436464
-0.0296172 0.0709974 0.280271
-0.0432081 0.139072 -0.677484
-0.0432081 -0.107942 -0.534776
-0.0432081 0.0656743 0.78456
-0.00809254 -0.151918 -0.0286227
0.0224951 -0.151918 0.841123
-0.0027946 0.151877 -0.480116
-0.0432081 -0.0522064 0.780434
-0.0296172 0.0610389 0.239602
-0.0277084 0.116478 -0.982385
0.0111776 -0.151918 0.137928
0.0201672 -0.151918 -0.48554
0.0475457 -0.151918 0.280656
-0.0432081 -0.101338 0.933673
-0.0296172 -0.0239831 0.187731
-0.0296172 0.0420836 0.724431
0.0341875 0.124296 0.260496
-0.0432081 -0.128735 0.854851
-0.0296172 0.079352 -0.446572
0.0842985 0.151877 -0.577685
0.0464609 -0.124336 0.847486
0.0908618 -0.151918 0.0576189
-0.0432081 -0.0744022 -0.853388
0.00634828 -0.151918 -0.998329
0.0966599 0.137068 -0.720309
-0.0296172 0.0645731 0.526921
0.0218696 -0.151918 0.436888
-0.00476406 -0.124336 -0.669779
-0.0296172 0.0278908 -0.583943
0.0815104 -0.124336 0.368683
-0.0255129 -0.151918 -0.894917
-0.0432081 -0.0553842 -0.154439
-0.0432081 0.000639083 0.0477671
-0.0432081 -0.12381 -0.0290651
-0.0296172 0.0402702 -0.0986295
-0.0432081 0.127369 -0.356111
-0.0432081 -0.0461557 -0.0700609
0.0242698 -0.124336 0.360062
-0.01975 0.151877 0.868749
-0.0432081 -0.128288 -0.133053
-0.0432081 -0.113173 -0.504336
-0.014161 0.151877 -0.681531
-0.0432081 -0.0681578 0.452385
-0.0294772 -0.111205 -0.36691
-0.0296172 -0.0667447 0.0374318
0.0014961 0.151877 -0.197017
-0.0432081 -0.0111446 -0.737802
-0.0432081 -0.0660898 -0.509731
0.0605217 0.124296 -0.943568
0.0382188 -0.151918 -0.0838283
0.0198387 -0.124336 -0.00498653
-0.0432081 -0.0172593 0.00995057
0.0966925 0.137712 0.318133
0.0966976 0.14804 -0.487137
-0.0432081 -0.0442749 -0.257558
-0.0296172 0.0596558 0.321177
-0.00108366 -0.151918 0.600633
-0.0296172 0.0112916 -0.425824
-0.0400329 -0.151918 0.996107
-0.00794674 -0.124336 0.972198
-0.0432081 0.114415 0.326481
-0.0432081 -0.0392165 0.961976
-0.0334347 0.151877 -0.558072
-0.0432081 -0.0234336 -0.587104
-0.0432081 0.113662 0.162755
0.0903639 -0.126526 0.906302
-0.0432081 0.106956 0.890361
-0.0432081 0.0550245 0.894433
0.0804536 0.151877 -0.18946
0.0747863 -0.124336 -0.223368
0.0207875 0.124296 0.634848
-0.0296172 0.0536131 -0.709893
-0.0296172 0.0794975 0.733664
-0.0432081 0.0557305 -0.427705
0.0392379 0.151877 0.187486
-0.0432081 0.136667 0.389605
-0.0432081 -0.0400101 0.123103
0.00738125 -0.151918 -0.96714
0.0901079 -0.151918 0.491711
0.012789 -0.124336 0.513055
-0.0432081 0.070568 -0.13228
-0.0432081 0.0194225 0.269376
0.0491948 0.151877 0.501576
-0.0432081 -0.0979148 0.32334
0.00202944 0.151877 0.673955
-0.0296172 0.0744149 0.483848
0.0408117 0.124296 -0.393416
0.0276073 0.124296 0.227989
0.046192 -0.124336 -0.179094
-0.0432081 -0.075448 -0.618748
-0.0432081 -0.00230212 -0.928336
0.0945908 0.130761 -0.996969
-0.00663901 -0.151918 0.373502
-0.0296172 -0.0790208 -0.37827
0.0377559 0.124296 0.733718
-0.0296172 0.0161393 0.790738
0.0149919 0.151877 0.016951
-0.0296172 -0.048399 -0.237177
0.0948823 0.151877 -0.295969
-0.0432081 0.0744926 0.456587
-0.0296172 -0.024998 0.747292
-0.0296172 0.0115961 -0.986267
0.00734796 -0.151918 0.709583
-0.0296172 -0.0775688 -0.527408
0.0714504 0.151877 -0.12001
-0.0432081 -0.0176979 0.268924
0.0114888 0.124296 -0.673116
-0.00424446 0.124296 -0.0199161
-0.0296172 -0.0122395 -0.910704
0.0691849 0.124296 -0.166114
-0.0432081 0.0152472 -0.935882
-0.0432081 0.0937531 0.290441
-0.0296172 0.0797155 0.539238
0.0438885 0.151877 -0.208626
-0.0296172 0.0598147 0.365781
-0.0432081 -0.0505636 -0.965627
-0.0279581 -0.11605 -0.120132
0.0892503 -0.125882 -0.599711
0.0622332 0.124296 0.178047
-0.0432081 -0.0400175 -0.915272
0.0685629 0.151877 -0.53086
-0.0432081 -0.0589078 -0.0576214
-0.0296172 0.0395108 -0.939284
-0.00858206 -0.151918 0.210799
-0.0432081 0.0955505 0.604782
-0.0432081 -0.110528 0.224662
0.0627677 0.124296 0.846879
-0.0286933 0.151877 -0.830316
-0.0296172 0.0227262 0.821357
-0.0296172 -0.0219055 0.610848
-0.0432081 0.0285981 0.706874
0.0462754 0.151877 0.131977
-0.0296172 -0.107805 -0.744133
-0.0432081 0.0530622 -0.357903
-0.0296172 0.0540886 -0.613151
-0.0432081 -0.0719054 -0.821153
-0.0296172 0.0343316 -0.0549792
-0.0296172 0.0537908 0.851117
-0.0432081 -0.00020132 0.14304
-0.0271537 -0.11744 -0.649719
0.0408993 -0.151918 -0.422287
0.0236985 0.151877 0.234534
-0.0296172 -0.0332264 -0.776892
-0.0432081 0.121568 -0.00831064
-0.0432081 -0.0436814 0.766421
-0.0432081 -0.0821692 0.837507
-0.0432081 -0.0691628 -0.299843
0.0145084 0.124296 0.317851
-0.0296172 0.0749659 -0.338984
0.0668664 -0.124336 0.0348949
-0.0432081 0.0185237 -0.631665
0.00458841 -0.151918 -0.772817
-0.0432081 -0.0331758 0.86727
-0.0296172 -0.0477633 -0.817915
0.0418383 0.124296 -0.536058
0.0477976 0.151877 0.757183
-0.0432081 0.058216 0.550631
-0.0296172 -0.00762179 0.290971
-0.0432081 -0.020478 0.99893
-0.0296172 0.0811202 -0.414038
-0.0432081 0.028001 -0.445451
0.0807114 0.151877 0.00468073
-0.0432081 0.0449815 0.874524
-0.00369373 0.124296 -0.0784962
-0.0432081 0.120743 -0.55822
-0.0432081 -0.0733571 0.917846
-0.0296172 -0.10223 0.453241
-0.0296172 -0.105992 -0.593882
-0.0432081 -0.112701 0.35737
-0.0129662 0.151877 -0.249496
-0.0432081 -0.0746751 -0.336471
-0.0432081 -0.116412 -0.346693
-0.0432081 -0.0655269 0.648121
-0.0432081 0.0688169 0.981004
-0.0296172 0.10593 -0.454574
-0.0432081 0.0423586 -0.762205
-0.00271001 0.124296 -0.983492
0.0792709 0.124296 0.33951
-0.0296172 -0.0513503 0.0784248
0.0902249 -0.151918 0.810252
0.0876925 0.151877 0.688283
-0.0356844 0.151877 0.96766
0.028319 -0.151918 -0.293093
-0.0011947 0.124296 -0.506892
0.0527156 0.151877 0.218203
0.0603647 -0.151918 -0.28574
-0.0432081 -0.0508615 0.392946
-0.0432081 0.0570644 -0.782511
-0.00760401 0.124296 0.589049
-0.0432081 0.0285336 0.00672146
0.0580116 0.151877 -0.998218
0.0571585 -0.151918 -0.555398
-0.0296172 -0.00418235 -0.334974
0.0219894 -0.151918 0.534718
0.00891436 -0.151918 0.862013
-0.00380569 0.151877 -0.643015
0.0166018 0.151877 0.745894
0.0193677 0.151877 -0.298907
-0.0432081 0.0794562 0.831153
0.00685145 -0.151918 -0.648736
-0.0296172 0.053243 -0.131785
-0.0296172 0.0177367 0.722641
0.0172421 0.151877 -0.533796
-0.0296172 0.102905 -0.676188
0.0140686 -0.124336 0.781509
0.0721877 -0.151918 0.967397
-0.0209844 0.151877 0.697487
-0.0432081 0.0259565 -0.884365
-0.0296172 -0.0807523 -0.219777
0.0626532 -0.151918 0.47327
-0.0184952 0.123741 0.692995
-0.0432081 0.0278196 -0.478161
0.0528765 0.151877 -0.661949
-0.0432081 0.0473109 0.188465
-0.0290619 0.113176 -0.611736
-0.0432081 -0.0271685 -0.707227
-0.00576193 -0.151918 0.11451
0.000909162 0.151877 -0.897445
0.0898918 -0.126236 0.738024
0.0638147 -0.124336 0.979167
-0.0432081 0.0755411 0.99851
-0.0281343 -0.115693 -0.92409
0.0895146 -0.126023 0.150388
-0.0432081 0.0418205 -0.635826
-0.0432081 -0.0853488 0.776828
0.0588465 0.151877 0.147609
0.0966976 -0.146302 -0.368358
0.0961245 0.134152 0.856189
0.0615807 0.151877 -0.783523
-0.0296172 0.0181074 -0.383966
-0.0432081 -0.118075 0.528932
0.0482967 -0.151918 0.590043
0.0175735 0.124296 -0.859405
-0.0432081 -0.03707 -0.6415
-0.0296172 0.0383196 0.826904
-0.0432081 0.0156407 0.302738
0.0423737 -0.151918 -0.366787
-0.0432081 -0.0881227 0.434496
0.00832548 0.124296 -0.880764
0.0781456 -0.124336 -0.278219
0.0202433 -0.124336 0.213777
-0.0432081 -0.149674 -0.624366
-0.0296172 0.0752452 -0.790459
-0.0432081 0.0616159 0.1188
0.045834 -0.124336 -0.39538
-0.0432081 -0.0388559 -0.542241
0.0959351 -0.133605 0.034979
0.0843801 -0.151918 0.598711
0.0764785 -0.151918 0.573584
-0.029172 -0.151918 -0.825723
-0.00508791 0.151877 -0.700005
-0.0192062 -0.151918 -0.426915
-0.0432081 0.0117467 -0.87558
-0.00856257 0.124296 0.828401
0.0824722 0.124296 0.188998
-0.0432081 0.0524453 -0.174718
-0.0432081 -0.0161193 -0.672997
-0.0432081 0.0963646 -0.759892
0.0966976 -0.15062 0.337244
0.0965519 0.151877 -0.519474
-0.0296172 -0.0780661 -0.0401427
0.0107595 -0.151918 0.652541
-0.0432081 -0.00420672 0.372233
0.0962872 0.134747 -0.121119
-0.0296172 0.0982589 -0.298006
0.0831043 0.124297 0.881653
0.0604129 0.124296 0.106192
-0.0432081 0.102452 -0.405466
-0.0296172 0.0596429 -0.27474
0.0934556 0.129203 -0.775803
0.0833153 -0.124343 -0.508034
-0.0432081 0.0442471 0.962738
-0.0432081 0.0623281 0.0769926
-0.0296172 0.0864315 0.318078
0.0965613 -0.136193 -0.815488
-0.0296172 0.0843452 -0.600945
-0.0296172 0.0306595 0.495298
-0.0283736 -0.151918 0.227571
-0.0432081 -0.115997 0.652594
-0.0295701 -0.151918 -0.145247
0.0965632 0.136166 0.643199
-0.0284277 0.114999 0.880477
-0.0432081 -0.109842 -0.782233
-0.0296172 0.0531668 -0.530857
-0.00501976 -0.151918 -0.91803
0.0878677 -0.12526 0.819345
0.016318 0.124296 -0.767563
-0.0432081 -0.00846406 0.839693
-0.0296172 0.032413 -0.776003
0.0235144 -0.124336 -0.133215
-0.0432081 0.0921582 0.0946913
-0.0432081 -0.12238 0.0884008
-0.0296172 0.0815835 0.942021
-0.0432081 -0.00228883 0.419417
-0.0432081 -0.0321235 0.34684
-0.0432081 0.110396 0.749929
-0.0279588 -0.151918 -0.996799
-0.0296172 0.0691025 0.0118425
-0.0432081 0.0764319 -0.349028
0.0797316 0.151877 0.769157
-0.0296172 -0.0285529 -0.641003
0.0632402 -0.124336 0.452329
0.0768846 0.151877 0.800622
-0.0432081 -0.067331 0.0982564
0.0673633 0.124296 0.815533
-0.0392277 0.151877 0.292828
-0.0296172 -0.060604 -0.552828
0.0619396 0.151877 -0.966725
0.00401978 -0.151918 0.880621
-0.0432081 0.00925152 0.86845
-0.0209078 -0.151918 -0.785719
-0.0432081 -0.0409982 0.832703
-0.0296172 -0.0717011 0.111974
-0.0296172 0.000149856 0.982183
-0.00250077 0.151877 0.155255
-0.0419777 -0.151918 0.126987
0.0962995 -0.151918 -0.752159
0.0222387 0.151877 0.915583
0.0815805 -0.124336 0.226791
-0.0296172 -0.0234508 0.658718
-0.00933134 0.124296 -0.789407
-0.0296172 -0.0844946 -0.865764
-0.0296172 0.10718 0.832801
-0.0432081 -0.0501293 0.172076
-0.0296172 0.0131788 0.245927
-0.0296172 0.0387255 -0.480928
-0.0432081 0.0630103 0.135412
-0.0296172 -0.0332697 -0.522956
-0.0432081 0.0657709 -0.251973
0.094371 0.151877 -0.172488
0.0966544 0.136996 -0.859587
-0.0432081 0.0999725 -0.286597
-0.0432081 -0.0430441 -0.898684
-0.0432081 -0.0531367 -0.024812
-0.0296172 -0.0954936 -0.8368
0.096656 0.137017 0.888692
-0.0432081 0.0694469 0.00319604
-0.0182272 0.123813 0.436241
-0.0432081 0.044113 0.638573
-0.0432081 0.103227 0.627533
0.0411416 -0.151918 -0.508141
-0.0432081 -0.0247385 -0.977299
0.0317958 -0.124336 0.984137
0.0741306 -0.124336 0.207659
-0.0432081 0.113634 0.450084
-0.0432081 0.0404031 0.0692701
-0.0432081 0.121401 -0.187208
0.0289805 0.124296 0.17206
0.0829642 -0.151918 -0.829896
-0.0121405 0.124296 -0.456311
0.0094548 0.151877 0.190574
0.0884504 -0.151918 -0.423426
0.0790358 -0.151918 -0.582852
-0.0296172 0.019052 0.0226692
-0.0296172 -0.0317697 -0.473527
-0.0401035 0.151877 0.0422074
-0.0295916 -0.110029 -0.300398
-0.0432081 -0.148151 -0.172217
-0.0432081 0.093923 -0.482968
-0.0432081 0.114474 0.557284
-0.0432081 -0.0560911 0.742352
-0.0432081 0.0852208 -0.56955
0.0966976 -0.151864 -0.696496
-0.0296172 0.0452569 -0.682666
0.0961476 -0.151918 0.167637
0.0592537 -0.124336 0.926597
-0.0296172 0.0923653 -0.522687
-0.0432081 -0.0732782 0.702553
-0.0432081 0.136843 0.574244
0.0966976 -0.149395 0.779221
0.00324546 -0.151918 -0.822506
-0.0296172 -0.0590636 -0.434294
-0.0296172 -0.0725068 -0.991137
-0.0296172 0.0768249 -0.0787745
0.0825625 -0.124336 -0.961635
-0.0296172 -0.0272782 0.954446
-0.0296172 -0.0865826 -0.187897
-0.0296172 0.00744159 -0.0897689
-0.0296172 0.0564865 0.835557
-0.0296172 -0.00242907 -0.972378
-0.0432081 0.0429971 0.441274
-0.0432081 -0.129199 -0.821681
-0.0432081 0.150473 -0.818878
-0.0432081 0.0606008 -0.968318
-0.0160161 0.124213 -0.925747
-0.00996688 0.124296 0.384993
-0.013584 -0.151918 0.75343
-0.0155914 -0.124292 -0.572402
-0.0296172 -0.0736978 0.891079
-0.0432081 -0.0595664 -0.400554
0.00422568 0.124296 0.262909
0.0396366 -0.124336 0.175733
-0.0432081 -0.0925274 -0.879758
-0.0432081 -0.0893726 0.402355
-0.0432081 0.102091 -0.799823
-0.0246472 -0.120384 0.0632324
-0.0296172 -0.0650025 0.854738
-0.0432081 0.0521422 0.501344
-0.0296172 -0.0804204 0.424665
-0.0296172 -0.095739 -0.473217
-0.0296172 -0.00975195 -0.788166
-0.0432081 -0.0520861 -0.500303
-0.0296172 0.00462399 0.697631
0.0607489 -0.151918 -0.976458
0.0964936 0.135723 -0.467669
0.095831 0.133275 0.083743
-0.0432081 -0.0642336 -0.425816
0.0535721 -0.151918 0.974081
0.0344255 0.151877 0.206627
-0.0209827 -0.151918 0.551179
-0.00993074 0.151877 -0.778044
-0.0296172 -0.0372301 -0.97375
-0.0432081 -0.0854845 0.72274
-0.0296172 -0.028121 0.171698
-0.0432081 -0.102004 -0.637045
-0.0141429 -0.124336 0.355417
0.0321751 0.124296 0.692323
0.0869772 -0.124951 0.0936528
-0.0303921 0.151877 0.0718051
-0.0296172 -0.00287589 -0.356881
0.00862329 -0.151918 -0.425068
0.0151138 -0.151918 -0.79252
-0.0432081 0.0929998 -0.615582
0.0204437 0.151877 0.272178
0.0225858 0.151877 0.84839
-0.0432081 -0.147675 0.311884
-0.0432081 -0.0961108 0.0263142
-0.0273124 -0.117191 -0.228231
0.0493776 -0.124336 -0.901188
-0.0432081 -0.118561 0.775036
0.0966976 0.150164 -0.671652
-0.0296172 0.0652811 0.40657
0.0332002 -0.124336 0.909423
0.0829438 -0.124337 0.985622
-0.0432081 -0.148375 -0.567654
-0.0296172 0.0166526 0.0563547
-0.0296172 0.0450764 -0.348433
0.0826662 0.124296 -0.298632
-0.028619 0.114522 -0.0802524
0.00788069 -0.151918 0.79117
-0.0432081 -0.0192567 0.531415
-0.0432081 -0.0560583 -0.284497
-0.0432081 0.0484785 0.218059
-0.0242356 -0.151918 0.812157
-0.0432081 0.0100757 -0.849884
-0.0432081 0.094187 0.119184
-0.00788421 -0.124336 0.0264565
0.0856699 -0.151918 -0.555059
0.0403862 -0.124336 0.257393
0.049385 0.151877 -0.327864
-0.0296172 0.0929258 -0.889767
-0.0296172 0.0756857 0.097637
-0.0296172 0.00524332 0.00329248
-0.0266881 -0.151918 -0.00427497
0.0780881 0.151877 -0.0611998
-0.0432081 -0.0787705 0.32424
-0.0432081 0.107619 -0.598844
0.0966976 -0.139716 0.854712
-0.0402503 -0.151918 -0.21527
-0.0296172 0.0651251 -0.559067
-0.028834 0.151877 0.9353
-0.0432081 0.0102848 0.062739
-0.0296172 -0.0374612 0.728659
0.0197587 -0.151918 -0.457673
-0.00302958 0.124296 -0.90479
0.0966976 0.149276 -0.0177491
-0.0432081 -0.0161804 0.213171
-0.0296172 -0.0301965 0.54637
-0.0410656 0.151877 -0.257181
-0.0296172 0.102793 0.442509
0.00798262 0.124296 -0.407062
-0.0432081 -0.139139 -0.508753
-0.0432081 0.136343 -0.650299
-0.0432081 -0.0179346 0.127013
-0.011501 0.151877 0.00185936
0.0414135 0.151877 -0.862899
-0.0108058 -0.151918 -0.746641
0.0607648 0.151877 0.858922
0.083188 0.151877 0.273968
-0.0432081 0.097532 -0.340855
0.0245758 0.124296 0.0507371
0.00814906 0.151877 0.99737
-0.0296172 0.076061 0.133597
0.063682 -0.124336 -0.848163
0.0332017 0.151877 0.530699
-0.0296172 -0.0346663 -0.665937
-0.0296172 0.0596156 0.178294
-0.0432081 -0.0699656 -0.372748
-0.0432081 -0.00286525 -0.549272
-0.0296172 -0.0158649 0.351995
-0.0296172 -0.0717022 -0.890544
-0.0432081 0.066697 -0.507985
-0.0432081 -0.111546 -0.180984
0.0666279 -0.124336 -0.171064
-0.0296172 -0.0822945 0.40653
-0.0432081 -0.0515866 0.154083
-0.0432081 -0.14525 -0.839341
0.0855618 -0.151918 0.112744
-0.0432081 0.104143 0.544253
-0.0432081 -0.075867 -0.657089
0.0513488 -0.151918 -0.266473
-0.0258256 0.119147 -0.740874
-0.0289496 0.11356 0.308994
-0.0302613 -0.151918 -0.391363
0.0896704 -0.151918 -0.452717
-0.0432081 -0.102324 0.138428
-0.0296172 -0.0247475 0.709133
-0.0296172 -0.0222875 0.794452
0.00296951 0.151877 0.241827
-0.0432081 -0.0219975 0.461382
0.0966976 -0.141663 -0.085952
-0.0432081 -0.0551605 0.229464
-0.0432081 -0.0292477 -0.483787
-0.0432081 0.0936756 0.580678
-0.0432081 0.0282759 -0.600303
-0.00454142 -0.151918 -0.127606
-0.0295756 0.11023 0.776485
0.0446644 -0.151918 0.313698
-0.0296172 0.0910532 -0.317812
-0.0432081 -0.0395332 -0.428807
-0.0432081 0.135022 0.540197
-0.0132675 0.124296 0.336628
-0.0296172 0.0676199 0.880229
-0.0296172 0.0705344 0.77161
-0.0296172 0.0983006 -0.982519
-0.0432081 -0.00875462 -0.183577
0.0422924 0.151877 -0.776889
0.0533861 0.124296 -0.562887
-0.028367 0.151877 -0.465203
0.0966976 -0.138167 0.00749558
-0.0432081 -0.014015 0.492272
-0.0432081 -0.0377311 0.449257
-0.0432081 0.0158845 -0.371371
0.043392 -0.124336 0.061493
-0.0432081 -0.0843275 -0.131342
0.0386975 0.124296 -0.938725
0.0325865 0.151877 0.697997
0.0267353 0.151877 0.0480463
-0.0432081 -0.0881153 -0.443805
0.0356625 -0.124336 -0.833895
-0.0296172 0.0022502 0.849656
0.0803096 -0.124336 0.581666
-0.0432081 -0.0560864 -0.983969
-0.0432081 0.00375724 -0.424018
-0.0280531 -0.11586 0.160116
0.083204 -0.151918 0.616919
-0.0432081 0.0160117 0.73124
-0.0432081 0.0750562 -0.583357
-0.0432081 0.0439352 -0.823048
0.0396104 0.151877 -0.514806
-0.0432081 -0.121636 0.751892
-0.0432081 -0.0468768 0.31234
-0.0432081 -0.120297 0.620143
0.0966976 0.148581 -0.138915
-0.0296172 0.0199216 -0.748608
-0.042901 0.151877 -0.739815
-0.0296172 -0.055847 -0.60033
0.089442 0.151877 0.486928
-0.0296172 -0.0771766 0.628139
0.0495129 -0.151918 -0.237717
-0.0432081 0.0127534 -0.264835
0.0120491 -0.124336 -0.160211
-0.0432081 -0.00775666 -0.89712
-0.0296172 -0.0719048 0.170584
-0.0295282 -0.110789 -0.807202
-0.0296172 0.0880203 0.685956
-0.0432081 -0.0908159 0.12677
-0.0296172 -0.0672922 -0.568367
-0.0432081 0.101228 -0.260648
-0.0259258 0.119032 0.0803622
-0.00375789 -0.124336 -0.526133
-0.0296172 -0.0510304 0.306242
-0.00225163 0.151877 0.920566
-0.00287262 0.151877 0.534221
-0.0296172 -0.0560109 -0.0774875
-0.0228053 0.121777 -0.0393707
-0.0296172 0.0681846 0.296198
-0.0296172 -0.0546568 0.59877
-0.0296172 -0.063448 -0.168483
-0.0294301 0.151877 -0.187542
0.0965072 -0.135843 0.752806
-0.0432081 0.139128 -0.480677
-0.0432081 -0.0253925 0.242136
-0.011861 -0.151918 -0.206468
0.0125127 -0.124336 -0.187781
-0.0432081 -0.138547 0.198712
0.0552517 -0.124336 0.903899
-0.0432081 -0.0182073 -0.939303
-0.0296172 0.0267409 -0.126622
-0.0432081 0.0418862 0.925218
-0.0296172 -0.0634078 0.403993
-0.0281524 -0.115655 0.135182
0.0749009 -0.124336 0.740881
0.00313061 0.124296 0.176669
-0.0296172 -0.0458109 0.443278
-0.0110214 0.124296 0.909668
-0.0432081 -0.0424961 -0.00892602
0.0569237 -0.151918 0.533121
-0.0296172 -0.0734927 0.726291
0.0582692 0.124296 0.710857
0.0853472 0.151877 0.165546
-0.0432081 -0.0975711 0.354161
-0.0432081 0.112751 0.0707565
0.0907806 0.126765 -0.0262417
-0.0296172 0.023306 -0.0236214
-0.0296172 0.0843138 -0.0484109
0.0208679 0.151877 -0.132915
-0.00458978 0.151877 0.462327
0.012712 -0.124336 0.173119
-0.0432081 -0.111195 -0.0146815
-0.0432081 0.0638253 -0.0934509
-0.0296172 -0.0257706 0.432191
-0.0432081 -0.0577481 -0.607651
-0.0432081 -0.0975779 -0.89566
-0.0432081 -0.141794 -0.653251
-0.0432081 -0.0331284 0.198192
-0.0105046 0.151877 -0.597685
-0.0296172 -0.0994881 0.0936426
-0.0066872 -0.151918 0.463817
0.0349027 -0.151918 0.336342
0.0515298 0.124296 -0.23531
-0.0432081 -0.0905086 -0.0308731
-0.0432081 0.0294749 0.0893165
0.0529981 0.124296 -0.615502
-0.0432081 -0.148705 0.768648
0.0688121 -0.151918 0.998378
-0.0432081 0.00940688 0.236669
-0.0296172 -0.0611035 0.44439
-0.0432081 0.0637581 0.252395
-0.0432081 0.0536636 -0.402145
-0.0296172 -0.00927268 -0.125139
0.0727358 0.151877 0.362523
0.057049 -0.124336 -0.601746
-0.0432081 -0.124738 0.17331
0.0532564 -0.151918 0.362554
0.0397494 -0.124336 0.825349
0.0103884 0.124296 0.486402
-0.0432081 0.0410414 -0.0209967
0.00665017 0.124296 -0.143998
0.0819781 -0.151918 0.54737
0.057633 -0.151918 0.921022
-0.0296172 -0.102527 0.741959
0.0966976 -0.145926 -0.517877
0.0481707 0.124296 0.636791
-0.0432081 0.0845423 0.724761
-0.0296172 -0.00548022 0.588123
0.0660003 0.151877 0.436906
-0.0432081 -0.110932 0.826693
0.0966976 -0.140664 -0.317446
-0.0432081 0.0160079 0.179557
-0.0296132 -0.109497 -0.459815
-0.0432081 -0.0347717 0.625324
0.0243432 -0.151918 0.960134
-0.0276836 -0.151918 0.72104
-0.0432081 -0.0546617 0.574952
0.0577829 -0.151918 -0.536176
-0.0432081 -0.109598 0.0612939
-0.0432081 0.0971712 -0.162926
-0.00482408 0.151877 -0.299073
-0.0296172 -0.069153 -0.0251825
0.0623886 -0.151918 -0.340778
0.002964 -0.124336 0.565902
-0.0147268 -0.151918 -0.24068
-0.0296172 0.0961152 -0.723875
0.00809157 0.151877 0.432085
-0.0432081 0.0844281 -0.40223
0.00113677 0.124296 -0.621338
-0.0296172 0.0214145 0.472098
-0.0296172 -0.0104875 0.1965
-0.0121383 -0.151918 0.94732
-0.0432081 -0.0693501 0.0567057
-0.0296172 -0.02238 -0.435325
-0.0296172 0.0555687 -0.801504
-0.0296172 0.00404823 -0.106964
0.0322615 0.151877 -0.836689
-0.0296172 0.0955959 -0.44086
-0.0296172 0.0159745 -0.795145
-0.0116334 -0.151918 -0.0570867
0.00233299 -0.124336 -0.701978
-0.037558 -0.151918 -0.294371
0.00082665 -0.124336 -0.0662774
-0.0296172 -0.0444987 0.911526
-0.0296172 -0.0659814 0.199176
0.0727636 0.151877 -0.474731
-0.0432081 0.103931 0.0525467
-0.0296172 0.0340742 -0.216163
-0.0287739 -0.114137 0.193433
-0.0296172 0.0889382 0.171168
-0.0432081 0.019629 -0.0494705
-0.0296172 -0.101767 -0.56224
-0.0296172 -0.0196534 -0.49572
0.042331 0.124296 0.402476
-0.0271984 0.151877 0.233938
-0.0296172 -0.0279232 -0.615568
-0.0432081 0.0927291 0.917027
0.0113294 -0.151918 -0.407317
0.0694292 0.151877 -0.827761
-0.0296172 -0.0957486 -0.155379
-0.0432081 0.130061 0.201364
-0.0432081 -0.0977987 0.86902
0.081851 -0.151918 -0.302539
-0.0432081 -0.0596179 0.130612
-0.0296172 -0.0497289 -0.208828
-0.0296172 -0.0108368 0.386019
-0.0256541 -0.119379 -0.100588
-0.0296172 0.0190819 -0.509427
-0.0432081 -0.0922766 -0.424289
0.0527446 0.151877 0.38961
-0.0432081 -0.00686769 -0.223186
-0.0296172 0.0541105 0.0980725
-0.0275962 -0.151918 0.444512
0.0541426 -0.151918 -0.932404
-0.0323406 -0.151918 -0.477936
0.0381906 0.124296 0.788799
-0.0296172 0.0690745 0.428006
-0.0432081 0.113225 -0.318235
-0.0296172 -0.0920754 -0.54604
-0.0296172 -0.0530701 -0.45154
0.0957119 0.132967 0.675453
0.0164436 0.124296 -0.350629
-0.0296172 -0.0482108 -0.38653
-0.0214802 0.122559 0.740262
0.0952377 -0.131952 0.244977
-0.0296172 -0.0396785 -0.550992
-0.0296172 -0.0417899 -0.504091
-0.0432081 -0.0792067 0.0825476
0.0195774 -0.124336 0.048563
0.0596701 0.151877 0.882291
-0.0396542 0.151877 -0.703327
-0.0432081 0.123492 -0.87655
-0.0296172 0.0817428 0.622234
-0.0432081 -0.0485138 0.615318
-0.0296172 -0.108782 0.601086
0.0966976 0.151437 0.0139798
-0.0296172 0.0475969 -0.436396
0.0662788 0.124296 -0.409453
-0.0296172 0.0716012 0.756449
0.0872272 0.12499 0.126326
-0.0432081 0.116914 -0.824558
-0.0432081 -0.043658 0.75109
0.0625614 -0.151918 -0.774252
-0.0298494 -0.151918 -0.0523787
-0.0296172 0.0378502 0.782578
-0.0432081 -0.138507 0.473756
-0.0296172 -0.0302407 0.313636
0.0928244 -0.128545 0.536209
-0.0296172 -0.00941305 -0.542711
-0.0107284 0.124296 -0.652102
0.0124323 -0.124336 0.93743
0.0866533 0.151877 0.247306
-0.0432081 0.11463 -0.365504
-0.0432081 0.110854 -0.10809
0.0103927 -0.124336 0.688298
-0.0296172 0.0148437 -0.0387641
-0.0296172 0.00929987 -0.0699492
-0.00728716 -0.151918 -0.488437
0.0768717 0.124296 -0.265381
-0.0432081 0.0445879 -0.849614
-0.0296172 0.0640969 0.338929
-0.0296172 -0.0338027 0.598939
0.0527893 -0.151918 -0.679138
0.0966976 -0.1435 -0.876629
-0.00418065 0.151877 0.62217
-0.0270318 -0.117624 -0.505007
-0.0432081 0.145569 0.86575
0.0295746 0.124296 0.393281
-0.0296172 -0.0545521 -0.90602
0.0762109 -0.124336 0.314933
-0.0296172 -0.0848966 0.254043
-0.0432081 -0.0685632 0.381474
-0.00991997 -0.124336 0.705815
-0.0432081 -0.0995577 0.593385
-0.00190802 0.124296 0.574276
0.0372101 -0.151918 -0.484247
0.0482438 -0.151918 0.0359908
-0.0292518 -0.112458 -0.523848
0.0247964 -0.124336 -0.740794
0.0522271 -0.151918 -0.960852
-0.0296172 0.040262 0.283494
-0.0432081 0.111427 -0.721067
-0.0432081 -0.0841715 0.365771
-0.0432081 -0.126788 0.0283703
-0.0432081 0.0133225 -0.602729
-0.0432081 -0.041152 -0.617614
-0.0296172 0.0356626 0.94148
-0.0432081 0.0670612 -0.218273
0.0263876 -0.151918 -0.695718
0.0627645 -0.151918 -0.948955
0.0180939 -0.151918 -0.636385
-0.0234946 -0.151918 0.522097
0.0908382 0.151877 -0.338136
-0.0296172 0.0981062 0.246791
-0.0296172 -0.107528 0.527641
0.00913511 -0.151918 -0.267254
-0.0432081 0.074461 0.323298
-0.0296172 0.0460535 -0.741558
-0.0432081 -0.0362221 -0.349225
-0.0296172 0.0901696 0.647823
0.0907151 -0.151918 -0.00872507
0.0567741 -0.124336 -0.879025
-0.0296172 0.0896609 -0.667711
-0.0110433 0.151877 0.842981
-0.0432081 -0.0751016 0.0265132
-0.0296172 0.0878835 -0.0951627
-0.0432081 -0.118017 -0.848153
0.0494318 0.151877 0.00936862
-0.0432081 0.0851748 0.490325
-0.0432081 0.0161137 0.576284
0.0962782 0.134711 0.14553
-0.0432081 0.064408 -0.884464
-0.0432081 -0.0494522 0.429229
-0.00880951 -0.124336 -0.4032
0.0556845 0.151877 -0.75306
-0.0130357 -0.124336 0.740051
0.0420264 -0.151918 0.774663
-0.0432081 0.111746 -0.784609
0.0534924 -0.151918 -0.746746
-0.0323293 -0.151918 -0.0863331
-0.0432081 0.0698542 -0.69327
-0.0296172 0.0465001 0.802356
-0.0432081 -0.151217 0.282928
0.00657106 -0.124336 0.308465
0.0594127 -0.151918 -0.804623
-0.0432081 0.0571926 0.419792
0.00927717 0.151877 -0.228945
-0.0432081 0.113885 0.943366
-0.0432081 0.117772 0.24386
-0.0296172 -0.0726892 -0.794798
0.0849071 -0.151918 -0.111214
0.0826909 -0.151918 0.328531
-0.0432081 -0.00379127 0.705633
-0.00174568 -0.151918 -0.684887
-0.0432081 0.00110765 0.758649
-0.0296172 0.0184223 0.634267
0.0677772 0.124296 -0.284299
-0.0143629 0.124296 -0.770724
0.00126733 0.124296 -0.847845
0.0549887 0.151877 0.0529476
-0.0296172 0.0980579 0.946693
-0.0296172 0.0406818 -0.982128
0.00143991 0.124296 0.602755
-0.0353768 -0.151918 0.606678
-0.0432081 -0.0547649 -0.520828
-0.0296172 0.105321 0.362608
-0.00649788 0.151877 0.767364
0.0318268 0.124296 -0.663727
-0.0432081 0.0918575 -0.974457
-0.0432081 0.0817577 -0.508349
0.0329842 0.124296 0.607279
0.0954811 -0.132464 0.877277
0.0341667 -0.124336 -0.594943
-0.0296172 0.00441797 0.474078
0.0440093 0.151877 -0.551648
0.0755107 0.124296 0.205058
-0.0109985 0.151877 -0.513251
0.0966976 0.148173 0.626588
-0.0432081 0.0745621 0.0584052
0.0301964 0.124296 -0.436071
0.00533364 -0.151918 -0.284987
-0.0296172 -0.0410789 0.809789
0.0350703 -0.151918 0.113985
0.00315934 -0.151918 0.393438
-0.0432081 -0.0565276 -0.811315
-0.0296172 0.0773041 0.182246
-0.0296172 0.0217315 -0.289166
0.00120088 0.124296 -0.309403
-0.0432081 -0.108401 -0.691899
0.0908004 -0.151918 0.646289
0.017061 -0.124336 0.852978
0.0966976 0.145876 0.371872
-0.0296172 -0.060872 0.122517
-0.0296172 -0.0461948 -0.270121
0.0387926 -0.151918 0.852577
-0.0432081 0.0895737 -0.467438
0.0185275 -0.124336 -0.473784
0.0864759 -0.124806 -0.75908
-0.0296172 -0.0704842 -0.665786
-0.0164529 0.12416 0.163993
-0.0432081 0.0859011 -0.191789
-0.0432081 0.0425976 0.701415
-0.0432081 -0.0728053 -0.280089
-0.0432081 -0.0185625 0.690448
-0.0296172 0.0361094 0.329595
-0.0432081 0.0556396 -0.462209
-0.0432081 0.0827363 -0.036677
-0.02807 -0.115826 -0.202822
-0.0432081 -0.119804 -0.942519
0.0152917 -0.124336 -0.568359
-0.0296172 0.00017702 0.716571
-0.0432081 -0.110768 0.494419
0.0120601 -0.151918 -0.851192
-0.0278514 0.116214 0.59748
-0.0432081 0.102851 0.658034
0.0566137 0.124296 -0.446821
-0.0432081 -0.0619136 0.484583
0.0135988 0.151877 -0.0381599
-0.0432081 0.127093 -0.926309
-0.00300963 0.124296 -0.34862
-0.0296172 0.107673 -0.413775
-0.0296172 0.0759379 -0.674869
-0.0432081 0.0546164 -0.198671
0.0263375 -0.151918 0.997699
-0.0296172 0.0391507 -0.333728
-0.0296172 -0.0602909 -0.650709
0.0607278 -0.151918 0.683608
-0.0296172 -0.0972713 -0.817481
-0.0296172 0.0380318 0.65914
-0.0296172 0.0934808 0.214109
-0.0249363 0.151877 0.207492
-0.0296172 0.0935536 -0.389227
-0.00638651 -0.151918 0.305685
-0.0432081 -0.0502617 -0.686739
-0.0432081 0.128319 0.639131
0.020964 -0.151918 -0.0258795
0.0417151 0.151877 -0.981869
-0.0432081 0.134822 0.767272
-0.0296172 -0.0849326 -0.490119
-0.0296172 0.0522158 -0.595975
0.0878077 0.151877 0.54091
-0.0296172 -0.0869136 0.194689
-0.0296172 -0.0780629 0.7913
-0.0296172 -0.0639118 0.689082
-0.0432081 0.0966328 -0.676739
0.030602 -0.124336 0.414667
0.0557028 0.151877 0.488089
-0.020883 -0.151918 -0.94722
-0.029595 0.109927 -0.947149
-0.0296172 0.0118313 -0.143414
-0.0296172 0.040824 -0.19404
-0.0296172 0.0458903 0.265272
-0.0432081 -0.041841 -0.830537
0.0881032 0.151877 -0.369471
0.0959972 0.133748 0.362573
0.026388 0.151877 0.655832
-0.0296172 0.102674 -0.768364
-0.00788063 0.124296 -0.33426
0.0640693 0.124296 -0.336184
0.0743182 -0.151918 -0.862788
-0.0296172 -0.00747879 -0.869301
0.0943912 0.130452 -0.942158
-0.0432081 0.122286 0.0926566
0.0288011 -0.151918 0.587382
-0.0275858 0.116695 -0.713825
-0.0411658 -0.151918 -0.744036
0.0966976 -0.140998 0.593662
-0.0374382 0.151877 0.533326
-0.0296172 0.104686 0.901117
-0.0432081 -0.105487 0.513694
-0.0414772 0.151877 0.3946
0.0105738 -0.151918 -0.550396
0.0290217 0.124296 -0.260088
-0.0432081 0.0237134 -0.736056
-0.0432081 -0.0713524 0.521049
-0.0432081 -0.0561246 0.544883
-0.0432081 -0.128109 -0.478682
-0.0296172 0.0313655 0.458518
-0.0296172 -0.0787462 0.456316
0.0740581 -0.124336 0.785102
0.0640236 0.151877 0.0125098
-0.0272439 -0.1173 0.212814
-0.0432081 -0.009363 -0.631449
-0.0296172 0.0910728 0.0232715
-0.0432081 0.0988318 -0.430611
-0.0432081 -0.00233223 0.00686642
0.0301637 -0.124336 -0.944823
0.0274708 -0.124336 0.300169
0.0431749 0.151877 0.470899
-0.0432081 0.0140389 0.987934
-0.0296172 0.107445 -0.311182
-0.0432081 -0.136549 -0.10339
0.0451211 -0.151918 -0.77739
0.0966976 -0.138842 0.212563
-0.0296172 0.010955 -0.199761
-0.0296172 0.0664844 -0.919834
-0.0296172 0.0313088 -0.716008
-0.0432081 -0.136128 0.942503
0.0964964 -0.13578 -0.800233
0.0306793 -0.151918 -0.912012
-0.0129023 -0.151918 -0.569148
-0.0432081 -0.0436356 0.336668
0.0668112 0.124296 0.0805658
0.0966612 0.137085 -0.564768
0.0739551 -0.151918 -0.00302438
-0.0432081 0.0195668 0.664414
0.034997 -0.124336 0.0480224
-0.0240333 0.151877 -0.937639
0.0360971 0.151877 0.0208177
-0.0296172 -0.10823 -0.272626
-0.0432081 -0.0800886 -0.20771
-0.0296172 -0.0931101 0.597737
-0.0296172 -0.0902458 -0.906256
-0.0296172 0.00532808 -0.831827
-0.0432081 0.0739973 0.80099
0.00238109 -0.124336 -0.979229
-0.0177756 0.151877 0.631065
-0.03831 -0.151918 0.622204
0.0604982 0.124296 -0.141542
-0.0432081 0.0993814 -0.0899663
0.0662638 -0.124336 0.537047
-0.00637382 0.151877 -0.957763
0.0668835 -0.124336 -0.14479
-0.0432081 0.0298199 -0.982219
-0.0287191 -0.151918 0.16128
-0.0296172 0.0869673 0.979048
-0.0432081 0.113402 -0.457469
0.0377858 0.124296 -0.795607
0.0363277 0.151877 0.0993251
-0.0432081 0.13917 0.747475
-0.0293167 0.112113 -0.812
-0.0296172 0.0710628 -0.976866
0.0279058 0.151877 -0.41536
0.0235926 -0.151918 0.568137
0.0215072 0.151877 -0.608573
0.0170909 0.151877 0.834574
0.0163594 0.124296 0.0910397
0.042142 0.151877 0.901697
-0.0296172 -0.0147678 -0.305809
-0.0432081 0.102731 -0.00469795
0.0483354 -0.124336 0.433149
-0.0296172 0.0180039 0.325038
-0.0432081 -0.132285 0.490187
0.0692899 0.151877 0.0329071
0.0691112 -0.124336 0.673342
-0.0432081 0.0346523 -0.241545
-0.0296172 0.0317888 0.971673
-0.0263386 -0.151918 -0.265634
-0.0296172 0.00807252 -0.76563
0.046861 0.124296 0.61767
0.0552715 0.151877 -0.890007
-0.0296172 0.000939698 -0.938377
0.0958776 -0.133443 -0.0616388
0.0598742 0.151877 0.114134
0.0484666 -0.124336 -0.248134
-0.0432081 -0.0104158 -0.0985035
-0.0432081 -0.0426894 0.512187
-0.0432081 -0.000770434 -0.862479
0.0815571 -0.151918 0.711912
0.0112638 0.151877 -0.637403
-0.0296172 -0.0679468 0.355178
-0.00628005 -0.124336 -0.593896
-0.0432081 -0.00542911 0.942668
0.0637204 0.151877 -0.724374
0.0798749 -0.151918 -0.941663
0.08375 0.124322 0.512007
-0.0296172 -0.0510023 -0.364763
0.066451 -0.124336 -0.347452
-0.0432081 0.0335913 -0.416348
0.018677 0.151877 -0.564522
0.0343227 0.151877 -0.387298
0.0474904 0.151877 0.852325
0.075006 0.151877 -0.977913
-0.0296172 0.102339 -0.53365
-0.0279413 0.151877 -0.658008
-0.0432081 0.0789815 0.397429
0.0421868 -0.151918 0.869182
0.00603388 0.124296 0.715214
-0.0129467 -0.124336 0.442586
0.0853282 0.151877 0.0409988
-0.0296172 -0.102762 0.474551
-0.0432081 0.075066 -0.0576964
-0.0432081 -0.0399762 -0.229609
0.095881 0.151877 -0.0786364
0.0202869 -0.124336 -0.8873
0.0206074 0.124296 0.44001
-0.0296172 -0.0916921 -0.709771
-0.0432081 -0.0247314 0.773725
-0.0432081 0.0978181 0.13353
0.0938341 0.129674 0.415011
-0.0296172 -0.0529249 0.56008
0.0293643 -0.124336 0.244444
0.0216033 -0.124336 0.656836
-0.0432081 0.00250192 -0.499216
-0.0432081 0.068673 0.854341
0.0963905 0.135192 0.933487
0.0588122 0.124296 -0.774937
-0.0250961 -0.119959 -0.997625
-0.0296172 -0.0413824 0.0458875
0.0821439 0.124296 0.258761
0.0966976 -0.144246 -0.599313
-0.0296172 -0.0693232 -0.779359
-0.0296172 0.0910779 0.39716
0.0966976 0.150999 -0.28019
-0.0432081 0.146853 -0.66423
-0.0432081 0.0379412 0.949149
-0.0294869 -0.151918 0.0493955
-0.0296172 -0.0331853 -0.150332
-0.0296172 -0.0617649 0.972252
-0.0296172 0.075063 -0.392406
-0.0283627 0.151877 -0.902559
-0.0432081 -0.0314706 -0.683438
-0.0296172 0.0748067 -0.767021
-0.0272028 -0.117364 -0.699441
0.0644799 -0.124336 -0.770624
-0.0296172 -0.0861152 -0.0548919
0.0604646 -0.151918 0.0890217
0.00394079 -0.124336 0.881021
-0.0296172 0.0316215 -0.158576
-0.0195442 -0.151918 -0.291575
-0.0296172 -0.00603387 -0.639012
0.0966976 0.143849 -0.696773
0.0121224 -0.124336 0.957249
-0.0296172 0.00647542 0.423105
-0.0432081 -0.143759 0.852019
-0.0432081 0.0374426 -0.61681
0.0218871 -0.124336 -0.302283
-0.0272552 0.117241 0.527052
-0.0432081 -0.0171995 0.171678
0.0332072 0.151877 -0.437598
-0.0296172 -0.0745352 -0.363859
0.0789046 -0.124336 0.528257
0.0176769 0.124296 -0.557986
0.03705 0.151877 0.788019
-0.0296172 -0.0266609 0.632787
-0.0296172 -0.0803548 0.302689
0.0716274 0.124296 0.394341
0.0774374 -0.151918 0.281575
-0.0296172 0.0460423 0.456078
0.0430234 -0.151918 0.677127
-0.0296172 0.0288508 0.696889
-0.0296172 0.0688777 0.377638
-0.0432081 -0.00668141 -0.535036
-0.02105 -0.151918 -0.368842
-0.0432081 -0.106962 -0.867955
-0.0211029 -0.122791 -0.730913
0.0117946 -0.151918 -0.373366
-0.0432081 -0.012841 -0.454057
-0.0432081 -0.064611 0.36526
0.0525277 0.151877 -0.435175
-0.0296172 0.0825932 0.881549
-0.0296172 -0.0694399 0.217283
-0.0296172 -0.0241824 0.275314
0.0908088 -0.126825 0.93102
-0.0432081 -0.0948717 -0.952768
-0.0432081 0.100586 0.978975
-0.0296172 -0.0272591 0.118822
-0.0432081 -0.0390688 -0.185937
0.0339425 0.124296 0.803979
-0.0432081 -0.0723398 0.416092
-0.0432081 -0.105013 0.626297
0.0348613 -0.151918 0.136378
-0.0362801 0.151877 -0.284756
0.0592231 0.124296 -0.741326
-0.031542 0.151877 0.263345
-0.0432081 0.0498097 -0.935178
0.033287 0.151877 -0.740997
-0.0432081 -0.05081 -0.709519
0.0157225 0.124296 -0.690607
0.0815637 -0.124336 -0.370952
0.0940298 -0.151918 0.750265
-0.0300352 0.151877 -0.0563336
-0.0432081 -0.0396084 0.710843
-0.0432081 0.0714629 0.0935523
0.0415585 0.124296 -0.749922
-0.0296172 0.100223 0.872919
-0.0296172 0.0943259 -0.220971
0.0957473 0.133056 -0.898516
-0.029473 -0.111235 -0.0283872
-0.0432081 -0.0655902 -0.59523
-0.0432081 0.0325823 -0.148196
-0.0296172 0.0749017 -0.873942
-0.0432081 0.013847 -0.645583
0.0950408 0.151877 0.132515
-0.0432081 0.0639257 -0.537312
0.0962603 0.134641 -0.619028
-0.0296172 -0.0297361 -0.0195462
0.0927129 -0.12843 -0.483541
-0.0296172 0.0633289 -0.417488
-0.0297789 -0.151918 0.293646
-0.0432081 -0.0420256 -0.313924
0.033833 0.124296 0.886046
-0.0296172 -0.0498295 -0.856823
-0.0220254 0.151877 0.154961
-0.0432081 0.110109 0.265015
-0.0432081 -0.137531 -0.187237
-0.0432081 -0.0973092 -0.722888
-0.0432081 -0.135211 0.804015
-0.00862802 0.151877 -0.217993
-0.0296172 0.043494 -0.247935
-0.0225308 -0.121994 0.676056
0.0663446 0.151877 -0.241651
-0.0296172 -0.097307 -0.664246
-0.0296172 -0.0589973 -0.046658
-0.0296172 0.0843253 -0.0176424
-0.0296172 0.0263583 -0.925504
0.0540035 0.151877 0.285989
-0.0432081 -0.118055 -0.444557
0.0787531 0.124296 -0.690548
-0.0432081 0.0137381 0.105841
-0.0432081 0.0515781 0.755461
-0.0432081 0.0436792 0.308347
-0.0432081 0.121003 -0.248292
0.019039 -0.124336 0.328329
0.0549358 0.124296 -0.0271736
0.0237266 -0.124336 0.879936
-0.0300896 -0.151918 -0.0351293
-0.0432081 -0.141417 -0.367865
-0.0432081 -0.078564 0.812768
-0.0432081 -0.0552767 -0.555667
-0.00665229 -0.124336 -0.135928
0.0383942 -0.124336 0.365528
-0.0432081 -0.0809251 0.647938
-0.0294814 0.111133 0.962808
-0.0432081 0.0402465 -0.960308
0.0544598 0.124296 0.937552
-0.0432081 0.0398751 0.855038
0.0620412 -0.151918 -0.201998
-0.0432081 0.0397114 0.258239
-0.0296172 -0.0725469 -0.134552
-0.0296172 -0.0975082 -0.780525
-0.0432081 -0.0239975 -0.199107
-0.0212907 0.151877 -0.331722
0.0817826 0.124296 -0.219572
0.0960218 -0.151918 0.439973
0.0588359 0.124296 0.207847
-0.0432081 -0.0306667 0.590332
-0.0296172 -0.000195782 0.100071
0.0627131 0.151877 -0.798092
-0.0432081 0.0425543 -0.729267
-0.0039307 -0.151918 -0.382828
-0.0296172 -0.100503 -0.920759
0.0132973 0.124296 0.237785
0.0906074 0.126646 -0.374744
-0.0296172 -0.0636439 -0.22725
-0.0296172 -0.0245115 -0.0831429
0.0168684 0.151877 0.678491
0.0335766 -0.124336 -0.352931
0.0256885 0.124296 0.947776
-0.0296172 0.0554362 0.731243
-0.0260799 0.151877 -0.311305
-0.0296172 -0.0623929 0.956076
-0.017994 0.123871 0.475501
-0.0189964 0.123592 -0.146446
-0.0432081 -0.0476668 0.210688
-0.0274338 0.116952 0.909449
0.0391469 -0.151918 0.705789
-0.0432081 -0.00814888 0.723574
0.0225835 0.124296 -0.472333
-0.0289633 -0.113555 0.756982
-0.0296172 0.0572295 0.556717
-0.0432081 0.0704149 0.889691
0.0949592 0.151877 -0.262746
0.0390347 0.151877 -0.673196
0.0821155 0.151877 0.337711
-0.0296172 0.108804 0.581003
0.000292841 0.151877 0.503658
-0.0296172 -0.0135813 0.688695
-0.0432081 0.108094 -0.525105
-0.0296172 0.0141793 -0.242791
-0.0432081 0.0019135 -0.996401
-0.0432081 0.0368768 0.570142
-0.0432081 -0.0496702 -0.73002
-0.0432081 -0.075802 0.49048
0.039038 0.124296 0.575082
-0.0296172 -0.0296334 0.844564
-0.0432081 -0.0243872 -0.731725
-0.0296172 0.0590146 -0.0670294
0.0824679 -0.151918 0.738737
0.0837588 0.151877 0.216229
-0.0296172 0.0403749 -0.651009
-0.0296172 0.083508 0.00362798
-0.0296172 0.0501326 -0.781037
0.0234691 0.151877 -0.648341
-0.0106035 -0.124336 -0.890281
-0.0296172 0.0491914 0.113944
-0.0432081 0.00101524 0.487635
0.0959886 -0.133762 -0.437922
-0.00533473 0.151877 -0.409541
-0.0432081 -0.0806992 0.992915
-0.0432081 0.117122 -0.333563
0.0505836 -0.151918 0.420619
0.0399178 -0.124336 -0.148892
-0.0432081 0.0347206 -0.946489
-0.0044917 0.124296 0.313483
-0.0432081 -0.145044 -0.117481
-0.0432081 0.0781879 0.0386874
-0.0275724 0.116718 -0.573294
-0.00615833 -0.151918 0.78409
-0.0296172 -0.0716368 -0.683911
-0.0296172 -0.105037 -0.613452
0.050169 -0.124336 0.490248
-0.0296172 -0.107221 -0.0740165
-0.000465457 0.151877 -0.567573
0.0963661 0.135081 -0.835277
0.079068 0.124296 -0.51729
-0.0296172 -0.0669157 0.308222
-0.0432081 0.00584127 -0.95984
-0.0295664 0.110347 -0.247961
-0.0432081 0.09459 -0.0663087
-0.0432081 0.105079 0.502441
-0.0432081 -0.0303518 0.894672
-0.0432081 -0.0997559 0.689304
0.0663043 0.151877 0.168461
-0.0432081 0.0353982 0.538727
-0.0432081 -0.0871899 0.284597
-0.0226191 0.151877 0.582647
-0.019501 -0.151918 -0.863942
0.0173208 -0.124336 0.83537
0.0347825 -0.151918 0.303057
-0.0432081 -0.0312028 -0.658686
-0.00824526 -0.124336 -0.749703
-0.0432081 -0.104374 0.4315
-0.0296172 0.0643781 -0.575956
0.0832507 0.1243 -0.402973
-0.012108 0.124296 -0.952857
-0.0116419 0.151877 0.31089
-0.0296172 0.0937805 -0.271529
-0.0432081 0.134267 -0.2671
-0.0432081 0.133133 0.621697
-0.0432081 -0.0131696 0.752804
0.0109244 0.151877 -0.913202
0.0119176 0.151877 0.62749
-0.0296172 -0.058016 -0.102481
-0.0432081 -0.0129277 -0.14722
-0.0432081 0.0253026 0.154847
0.0155649 -0.124336 -0.727783
-0.0432081 -0.0296104 0.292159
-0.0296172 0.094384 0.515246
0.0560639 0.151877 0.33532
-0.0432081 -0.0818253 0.18139
-0.0421371 0.151877 0.998961
-0.00672963 -0.151918 0.966814
-0.0296172 0.0548835 0.513964
0.00332267 -0.151918 -0.594979
-0.0279036 -0.116156 -0.575814
0.00482606 0.124296 0.730975
0.0494191 0.151877 0.232318
-0.0149755 0.124286 -0.687879
0.0638976 0.124296 -0.48241
-0.0432081 -0.0243603 -0.0473869
-0.0432081 -0.125098 0.689941
-0.0432081 -0.137386 -0.22413
-0.0290021 0.113385 0.633739
-0.0432081 0.137813 0.934904
-0.0432081 0.128696 -0.570326
-0.000359396 -0.124336 0.376846
0.0849647 0.151877 0.190252
-0.0432081 0.102193 0.17919
-0.0432081 -0.086273 -0.0633098
-0.0341633 -0.151918 -0.765906
-0.0296172 0.0991167 -0.965909
0.0181172 0.151877 0.169207
-0.0432081 0.0643664 -0.609038
-0.0432081 -0.00622252 0.0917374
-0.0296172 -0.0318697 0.93706
-0.0296172 -0.0690003 -0.465892
0.0606693 -0.151918 -0.919487
-0.0432081 -0.0610471 -0.255119
0.0930685 0.128763 0.443481
0.0087291 0.151877 -0.14133
-0.0432081 -0.149857 -0.200716
-0.0432081 0.0194934 0.422266
-0.0296172 -0.0531241 -0.794869
0.0132007 0.124296 0.89511
0.0672064 0.124296 0.459037
-0.0296172 -0.0649245 -0.949514
-0.0296172 -0.0649753 0.826827
-0.0061017 0.124296 0.773571
-0.0296172 0.0155545 -0.687299
-0.0432081 -0.0775554 -0.783752
-0.0432081 -0.0117036 -0.773912
0.0548598 0.124296 -0.252274
0.0435621 0.124296 -0.776475
-0.0432081 0.0768592 -0.802966
-0.0296172 0.105954 0.00425588
0.095911 -0.151918 -0.719767
-0.0296172 0.00742544 0.829515
-0.0432081 -0.011319 -0.434804
-0.0432081 -0.0182219 -0.164906
0.0500149 0.151877 -0.125745
0.0102525 0.124296 -0.718418
-0.0296172 -0.016581 0.452811
-0.0342909 0.151877 -0.689934
0.0882113 -0.151918 -0.354294
-0.0222311 0.151877 -0.624918
-0.0432081 -0.135593 -0.699458
-0.0432081 0.0512384 -0.567005
-0.0432081 -0.118896 -0.722974
-0.0273768 0.117046 0.790396
0.0164032 0.124296 -0.737748
0.0604687 0.124296 0.0424387
-0.0259104 -0.11909 -0.378712
0.0842652 0.124363 0.0405599
-0.0432081 0.0211515 0.548118
-0.0226159 -0.151918 -0.339759
0.0808163 -0.151918 0.978941
0.0808322 -0.151918 -0.3812
0.0406844 -0.124336 -0.443978
-0.0349667 0.151877 0.217839
-0.0432081 0.0525444 -0.0778892
0.0564217 0.124296 0.519858
0.0966951 -0.137865 -0.739405
-0.0296172 0.109115 -0.154161
0.0966976 0.138248 -0.39637
0.085609 -0.151918 0.876316
0.0960059 0.151877 0.842583
-0.0432081 0.0409184 0.146934
0.000635195 0.151877 -0.109079
-0.0432081 0.0128614 0.964782
0.0667636 -0.151918 0.353543
-0.0296172 -0.0410974 -0.0381962
-0.0296172 0.0663476 -0.230457
0.0604945 0.124296 -0.205406
-0.0432081 0.148337 0.689081
0.021555 0.151877 -0.313127
-0.0296172 -0.0303734 -0.894498
-0.020453 -0.12309 0.837645
-0.0296172 0.0950359 0.054497
0.0458619 0.124296 -0.422693
-0.0432081 -0.11762 -0.904165
-0.0432081 0.0563302 0.234548
-0.0432081 0.0143207 0.288425
-0.0296172 -0.106877 -0.729792
-0.0432081 0.0227234 -0.0833214
-0.0296172 0.0257389 0.58023
0.042406 -0.124336 -0.962826
-0.0296172 0.0273398 0.135667
-0.0296172 0.0824078 -0.621679
0.0725033 -0.151918 0.794943
0.0296973 0.151877 0.419261
-0.0296172 -0.0821105 0.0116795
-0.0432081 0.0405353 -0.261848
-0.0234868 -0.121339 -0.626309
-0.0432081 -0.0189578 -0.884349
0.0696597 0.124296 -0.756065
0.0867251 0.124835 0.0681104
0.0500721 0.124296 0.25342
0.0771169 0.124296 -0.0826131
-0.0256772 -0.151918 0.359883
0.0965697 0.136212 -0.151999
-0.0296172 -0.00792839 0.0293645
0.0729644 0.124296 -0.457801
-0.0432081 0.0649041 0.22016
-0.0432081 0.118056 0.855832
0.0500877 -0.151918 0.553523
-0.0145546 -0.124336 0.329893
-0.0296172 0.0170582 -0.47414
0.0168008 -0.124336 0.605882
-0.0432081 -0.0684156 -0.441314
0.0108527 0.151877 0.945494
0.0181219 -0.124336 0.908489
0.0207491 0.151877 0.523548
0.00579889 0.151877 0.519059
-0.0296172 -0.0823178 0.867854
0.0209397 -0.151918 0.0365419
0.0253673 -0.151918 0.477001
0.015339 -0.124336 0.434576
0.0818754 -0.124336 0.956617
0.0775416 0.151877 -0.420625
0.03858 -0.124336 0.677196
-0.000414437 -0.124336 -0.646874
-0.0296172 -0.054974 0.431438
0.0574542 -0.124336 -0.820676
-0.0296172 0.0559512 0.866156
0.0861655 0.124686 -0.966959
-0.0432081 -0.0354459 -0.058705
0.058091 -0.124336 -0.425649
0.0932456 0.12896 0.965056
-0.0432081 0.111992 -0.294501
-0.0296172 -0.0309047 -0.829307
-0.0432081 0.0488142 0.487413
-0.0296172 -0.0538474 0.868212
0.0842102 -0.124398 -0.457038
-0.0111303 -0.124336 -0.224258
-0.0432081 0.00420609 -0.46527
-0.0432081 -0.00995223 -0.0222699
0.0132535 0.124296 0.546292
-0.0432081 0.0331263 -0.289782
-0.0432081 0.150771 -0.0884756
0.0375725 -0.124336 0.956562
-0.0432081 0.0911649 -0.54804
-0.0296172 0.0604641 0.626098
-0.0296172 -0.0708865 0.149772
-0.0432081 -0.100946 -0.290381
0.0713721 0.151877 -0.870807
-0.000132838 -0.124336 -0.377451
0.0771328 -0.124336 0.500327
-0.00691609 0.124296 -0.707632
-0.0296172 -0.0738832 -0.432252
-0.0262316 0.118666 0.0649252
0.0880868 0.151877 0.739644
0.03248 0.151877 -0.0665748
-0.0296172 -0.0145264 -0.80661
-0.0296172 0.0937266 -0.858798
-0.0296172 0.0679113 -0.635682
0.004083 0.151877 0.547445
-0.0432081 -0.114912 -0.821146
0.00811689 -0.124336 0.143223
0.00903164 -0.124336 -0.960186
-0.0432081 -0.0745275 0.129099
-0.0432081 0.125782 -0.154221
0.00128126 -0.151918 0.0928847
-0.0230699 0.121598 -0.32813
0.0966976 -0.142008 -0.113565
0.0358697 0.124296 -0.138683
-0.0432081 -0.110403 0.973452
0.0680797 -0.124336 -0.986112
-0.0432081 0.0596656 0.28364
-0.0432081 0.13445 0.984862
-0.0432081 0.0773367 0.523363
0.0196265 -0.124336 -0.618866
0.0461838 0.124296 -0.166368
-0.0296172 -0.0349388 -0.75046
0.0360169 0.124296 0.47121
-0.0432081 -0.0696859 0.339978
-0.0432081 0.0426721 0.0980106
-0.0296172 0.0768206 -0.463048
-0.0296172 -0.0398608 0.250377
0.0818513 0.124296 0.158742
-0.0432081 0.0958863 -0.775993
-0.0432081 0.124499 -0.102458
0.00125178 -0.124336 0.416544
-0.0432081 -0.095314 0.0625965
-0.0432081 0.0980863 0.354603
-0.0432081 -0.00414078 0.331483
0.0428572 0.124296 0.990125
0.0642659 -0.124336 0.38059
-0.0432081 -0.10813 0.785515
0.0675331 0.124296 0.0191775
-0.0432081 -0.0321643 -0.12546
0.00937651 0.124296 0.943485
0.0850508 -0.124504 -0.0512121
-0.0278587 -0.151918 0.0799568
-0.0432081 0.139636 -0.380891
-0.0432081 0.0911123 -0.497611
-0.0432081 0.0670178 -0.29609
0.0160677 0.151877 0.791234
-0.0296172 -0.00697292 -0.738601
-0.0296172 -0.0717718 -0.816401
-0.0296172 0.0449132 0.234633
-0.0432081 0.095791 0.474369
0.0484153 -0.151918 0.389594
-0.0296172 -0.0250609 -0.0976614
-0.0432081 -0.101314 -0.153345
-0.0295428 0.110608 -0.633137
-0.0296172 0.0923187 -0.182543
-0.0432081 -0.0560732 0.683465
-0.0432081 0.0385189 -0.112955
-0.0203797 0.123081 -0.413233
-0.0296172 -0.105222 0.305408
-0.0296172 -0.100104 -0.195865
-0.0296172 0.105926 0.155593
-0.0296172 -0.01289 0.521046
0.0958373 -0.151918 0.891543
-0.0224181 -0.151918 0.9227
0.0177511 -0.151918 -0.670552
0.0295905 0.151877 -0.892639
-0.0294776 -0.111202 -0.879109
-0.0296172 0.0535682 -0.0367913
-0.0432081 -0.130635 0.368559
-0.0296172 -0.00414505 0.123195
-0.0432081 -0.0994554 -0.454366
-0.0432081 0.12065 0.91015
0.0101549 0.151877 0.811773
-0.0296112 0.109534 -0.385193
-0.0296172 -0.0491523 -0.302121
-0.0432081 -0.021031 0.317769
-0.0296172 0.0552324 0.605577
-0.0432081 -0.111249 0.382448
-0.0432081 0.00774166 -0.123171
0.0165281 0.151877 0.891054
-0.0296172 0.107911 -0.342986
0.088945 0.151877 0.960701
-0.0432081 -0.0533765 0.963073
-0.0432081 0.0268613 0.210221
-0.0432081 0.150712 -0.334814
-0.0432081 0.104998 0.0341171
-0.0432081 0.0910838 0.938557
-0.0296172 -0.0226664 0.417477
-0.0432081 0.0563412 -0.268839
0.0596445 0.124296 0.724983
-0.0296172 0.0440635 0.127822
0.0396044 0.151877 -0.486999
0.0205813 0.151877 -0.198101
0.00863424 0.124296 0.819051
0.0320178 -0.151918 0.929056
-0.0432081 -0.141367 -0.959877
-0.0243362 0.151877 0.371897
0.0966976 -0.139239 0.93455
-0.0296172 -0.0391115 0.225604
-0.0432081 -0.0527018 0.993524
-0.0432081 -0.045845 -0.657486
-0.0432081 -0.0972888 0.387675
-0.0296172 0.00965288 -0.173476
-0.0432081 -0.0392652 0.64454
-0.0432081 -0.0774758 0.74967
0.0399794 0.151877 -0.285764
-0.0432081 -0.0219076 -0.345163
0.0112554 -0.124336 0.59252
0.0937911 0.129618 0.465683
-0.0432081 -0.0978806 -0.200298
0.0440486 -0.151918 -0.464653
-0.0159871 0.124216 0.713655
0.00420556 0.124296 -0.323949
0.03211 -0.151918 -0.60186
-0.0432081 -0.063383 0.507438
0.0663374 0.124296 0.29686
-0.0424103 0.151877 -0.0262362
0.0419661 -0.124336 0.0035343
-0.0432081 -0.104918 -0.987707
-0.0432081 -0.0876284 0.633498
-0.0296172 0.0543043 -0.832199
-0.0432081 -0.048317 -0.759299
-0.0432081 0.139739 0.31923
0.020229 0.124296 -0.0837781
-0.0216623 -0.122503 -0.147736
0.0966976 0.14853 0.658451
-0.0432081 -0.0461158 0.264226
0.0404274 0.151877 0.808562
0.0385542 -0.151918 0.725746
0.0966976 -0.14974 0.261276
-0.0296172 -0.0417234 0.976662
-0.0432081 0.0348273 0.767342
-0.0296172 0.0673487 -0.901822
0.0283208 0.151877 -0.334046
-0.0432081 -0.0684161 0.86625
0.039277 0.124296 -0.914004
0.0369137 -0.151918 0.789055
0.0802379 0.151877 -0.00981617
-0.0296172 -0.0197619 -0.0670547
-0.0432081 0.0797944 -0.6828
-0.0432081 -0.0849853 0.925894
0.00172181 -0.151918 0.0540236
-0.0432081 0.0643823 -0.16714
-0.0432081 -0.0700719 -0.00381214
-0.0175337 0.151877 -0.0267042
-0.00458879 0.151877 0.371773
-0.0432081 0.0979589 -0.137212
0.00431353 0.151877 -0.752133
0.0112071 -0.151918 0.737428
-0.0296172 -0.0120507 -0.855929
0.0966976 -0.151185 0.991746
-0.0296172 0.105506 0.621205
-0.0432081 0.117943 0.480245
0.0737651 -0.124336 -0.191072
-0.0432081 -0.0504963 -0.878315
-0.0432081 -0.135412 0.0829481
0.0255199 -0.151918 -0.388191
-0.0296172 0.0369261 0.345885
-0.0296172 -0.0454413 0.350708
-0.0432081 0.0708641 0.749205
-0.0296172 0.0680868 0.845837
0.0299592 -0.151918 -0.241726
0.034395 0.124296 -0.579914
-0.0296172 -0.0850865 0.558671
0.0928114 0.151877 -0.883169
0.0609813 -0.151918 -0.505513
-0.0296172 0.0594947 0.573283
-0.0296172 -0.0837894 0.978705
-0.0390194 0.151877 0.41494
0.00854125 -0.124336 0.245438
-0.0296172 -0.0594176 -0.00356195
-0.0296172 -0.00384994 -0.44667
-0.0432081 -0.0257803 -0.806782
-0.0432081 -0.0649419 -0.164998
-0.0296172 0.00839343 0.498004
-0.0432081 -0.0433126 0.288792
-0.0432081 -0.148403 0.34544
-0.0432081 0.137173 0.668513
0.0360697 -0.151918 -0.03159
-0.0117115 -0.151918 -0.633027
-0.0432081 0.110084 -0.484854
0.077729 0.151877 -0.332924
-0.0432081 0.0400622 0.474171
-0.0296172 -0.00891818 -0.0776255
-0.0432081 -0.0723669 0.946523
-0.0232783 0.151877 -0.579245
-0.0296172 -0.00279622 -0.92457
-0.0432081 -0.114474 0.854037
-0.0296172 0.0855705 0.802023
0.00384504 0.151877 -0.967467
-0.0296172 -0.0409041 0.0922846
0.0475463 -0.124336 -0.225211
-0.0432081 -0.0427678 0.932422
0.0163813 0.124296 -0.000379097
-0.0296172 -0.0155737 0.983715
-0.0432081 0.0325642 -0.869185
0.0600962 0.124296 -0.589004
0.0690315 0.151877 0.456884
-0.0432081 0.148158 0.343651
-0.0432081 -0.00119243 0.26216
0.0614204 0.151877 -0.0601896
0.0299383 0.124296 -0.206267
-0.0432081 0.136538 0.279192
0.0199437 0.124296 0.779856
-0.0296172 0.105679 0.0828355
-0.0296172 0.1008 -0.0564997
-0.0432081 -0.123769 -0.27866
-0.0432081 -0.0522703 0.824285
-0.0432081 -0.0468994 0.87201
-0.0296172 -0.040274 -0.724399
-0.0432081 -0.110725 0.913011
-0.0432081 -0.0376559 -0.0813771
-0.0432081 0.0716389 0.172007
-0.0432081 0.0519839 0.383032
0.0966976 -0.140645 -0.853469
0.0399773 -0.124336 0.876095
-0.0296172 -0.0960349 0.0482071
0.00556581 0.151877 0.0837607
-0.0136276 0.124296 -0.373366
0.0428309 0.151877 0.366705
0.0336181 0.151877 0.246981
-0.0432081 -0.0189417 -0.867029
-0.0296172 -0.0298632 -0.335673
0.0921459 -0.151918 0.728263
-0.0283138 0.115262 0.462942
-0.0432081 -0.14303 0.180983
-0.0296172 -0.0777123 0.476617
-0.0432081 0.0238641 0.642253
-0.0164423 -0.124202 0.186336
-0.0432081 -0.129328 -0.340769
-0.0432081 0.0271428 0.614267
-0.0432081 -0.11602 -0.548088
-0.0432081 -0.150921 -0.281256
-0.0296172 -0.0684122 0.671808
0.0887217 0.125582 0.525072
-0.0296172 -0.0853132 -0.515705
-0.0432081 -0.061981 -0.867845
0.0638183 -0.151918 -0.0256349
-0.0432081 -0.0239253 0.602638
0.0930964 0.128794 0.307915
-0.0296172 0.0609243 0.79311
0.00258935 -0.151918 -0.527266
-0.0296157 0.109318 -0.47416
-0.0432081 -0.0892714 -0.356807
-0.0296172 0.071699 0.692227
-0.0296172 0.0332694 0.810576
0.0956493 0.132813 -0.80241
-0.0254768 -0.151918 0.187738
-0.000417704 -0.151918 0.763544
0.0966976 0.139223 -0.328445
0.0796214 0.124296 0.79035
-0.0296172 0.0594588 0.210357
0.0751907 -0.151918 0.643444
0.0767292 -0.124336 0.447803
-0.0432081 0.0056055 -0.705101
0.056413 0.124296 -0.826648
-0.0432081 -0.0963305 0.547059
0.0638593 0.151877 0.794467
-0.0432081 -0.0257549 0.0218968
0.017581 0.124296 0.180207
-0.0296172 -0.092987 0.664066
0.058107 0.124296 -0.891136
-0.0432081 0.0753644 -0.99802
-0.0296172 0.0547604 0.7146
-0.00841582 0.124296 0.525502
-0.0296172 -0.103137 -0.682203
0.0575194 0.124296 -0.391596
-0.0296172 0.0371862 0.428907
-0.0296172 0.0861814 -0.372728
-0.0432081 0.0933995 0.712215
0.0397053 0.124296 -0.551731
-0.0296172 -0.0453175 0.134305
0.0022788 -0.124336 -0.310661
0.0664928 -0.124336 0.0606233
-0.0432081 -0.0705872 0.978554
0.0314291 0.151877 -0.269119
-0.0296172 -0.104506 0.359807
0.0320203 0.124296 0.364296
0.0650944 -0.124336 0.14927
-0.0105499 -0.124336 0.900226
-0.0432081 -0.13925 0.82386
0.0209066 0.151877 -0.463035
-0.0432081 -0.0630039 -0.207238
0.0270619 0.124296 0.65968
0.0139275 0.124296 -0.912346
-0.0432081 0.0792362 0.609224
-0.0296172 -0.0839617 -0.253232
-0.0274601 -0.151918 0.763516
0.0347975 0.124296 -0.961257
-0.0432081 -0.06062 -0.356884
0.0945257 0.130658 -0.537717
-0.0296172 -0.0724292 0.778516
0.0101043 -0.151918 0.932957
-0.0296172 0.0105924 -0.948877
0.0519158 -0.124336 0.956431
0.0966976 -0.138273 0.330715
0.0861513 -0.151918 0.520887
0.0767473 0.151877 -0.715882
-0.0296172 -0.000915487 -0.0470326
-0.0296172 0.00124439 -0.563867
-0.0432081 -0.121896 -0.535233
0.0421173 -0.124336 0.898681
0.0809668 0.151877 -0.44605
-0.0432081 0.105807 -0.177927
-0.0296172 0.0621707 -0.944918
0.0814264 -0.151918 -0.898914
-0.0143247 0.124296 -0.634991
-0.0296172 0.069054 0.266453
-0.0432081 0.136605 -0.964678
-0.0432081 0.0345825 -0.345825
-0.0296172 -0.00225078 0.883374
-0.0432081 0.0482697 0.657728
-0.0157915 -0.124275 0.950525
-0.0296172 0.0447018 -0.968215
0.0957504 0.133064 -0.355918
0.0586801 -0.151918 0.488353
-0.0432081 -0.0845943 0.246127
-0.0432081 0.0453881 0.842229
0.0606042 -0.151918 -0.427212
-0.0296172 0.00187889 0.202943
-0.0234499 0.121326 0.810265
-0.0432081 0.07191 0.426059
-0.0432081 -0.0292852 0.0497376
-0.00128636 -0.124336 0.200113
0.0966976 -0.149788 0.389521
0.044659 -0.151918 -0.529751
0.096547 0.136054 -0.096058
0.023964 0.151877 0.762929
0.0300917 -0.151918 -0.982726
-0.0296172 -0.0624101 -0.728872
-0.0140746 -0.124336 -0.956123
0.0425004 -0.151918 0.0645566
-0.0432081 0.0722679 0.639552
0.0361457 0.151877 -0.459756
0.0829377 0.151877 -0.162302
-0.0296172 0.0460863 -0.463374
-0.0432081 -0.0580842 -0.940608
-0.0432081 -0.0122802 0.434279
0.0966513 -0.136998 -0.240752
-0.0293051 -0.11221 0.443538
-0.0296172 0.0985472 0.76535
-0.0296172 0.10184 0.338627
-0.0432081 0.0143877 0.706366
0.0210025 0.124296 0.739212
-0.0432081 0.0603964 -0.994365
-0.0296172 0.109099 -0.213048
-0.0296172 0.0965554 -0.567086
-0.0296172 0.0180361 -0.115765
-0.0189601 0.123604 0.936135
-0.0432081 -0.120743 0.838244
-0.0432081 0.0654933 0.720722
-0.00400221 0.124296 0.0166222
0.0464059 0.124296 0.234075
-0.0432081 -0.0759695 0.796735
0.0585151 -0.151918 0.15252
0.087747 -0.151918 -0.0888107
-0.0296172 0.0805507 -0.836392
0.0067468 -0.124336 0.281693
-0.0296172 -0.0694319 0.998117
0.0961457 0.151877 0.453154
0.0959644 -0.13369 -0.0283063
-0.0296172 0.0468376 -0.161307
0.0780041 -0.151918 -0.800165
-0.0296172 -0.0504424 0.413123
-0.0296172 -0.00590571 0.913676
-0.0432081 0.0263315 -0.171052
-0.0296172 0.0487544 -0.296651
0.0842019 0.151877 -0.942341
-0.00140888 0.124296 -0.194935
0.0609517 -0.151918 0.303688
-0.0296172 0.0628385 -0.864117
-0.0227141 -0.121877 0.615214
0.0593633 0.124296 -0.120194
-0.0432081 -0.0742902 -0.913474
-0.0296172 -0.106802 -0.444378
-0.0296172 -0.0772218 0.503845
-0.0432081 -0.0996306 0.805976
0.0311197 -0.124336 -0.403475
0.0960191 0.133814 0.257071
-0.0432081 0.0193012 -0.570629
0.0177532 -0.124336 -0.335258
0.0733779 -0.151918 -0.702936
-0.0296172 -0.0315091 0.582129
-0.011 -0.124336 -0.784167
-0.0432081 -0.0151003 -0.373778
-0.0432081 0.116104 0.366419
0.0173111 -0.151918 -0.817704
-0.0432081 0.141801 0.243016
-0.00838333 0.151877 -0.119623
0.0366728 0.151877 -0.116861
-0.0296172 -0.0814925 -0.459858
0.0589236 0.124296 -0.675814
-0.0432081 0.112202 -0.678508
-0.0432081 0.0162527 0.833977
-0.0296172 -0.0544856 0.191418
0.000413195 -0.124336 -0.622049
0.0279884 0.151877 -0.664409
-0.0296172 0.0459222 -0.404062
0.0046116 0.151877 0.0661064
0.023441 0.151877 0.486362
-0.0130911 0.151877 0.806472
0.0248174 -0.124336 0.448951
-0.0218414 -0.122404 -0.0570682
0.08412 -0.12439 0.688867
-0.0432081 0.0896768 0.19559
-0.0432081 0.0269283 -0.189069
-0.0296172 0.0391551 0.000181452
-0.0432081 0.0780292 -0.226736
0.088 -0.151918 -0.24677
-0.0432081 -0.134496 0.149642
0.0417975 -0.151918 0.354778
-0.0432081 -0.0562043 -0.672555
-0.0153321 -0.151918 -0.610982
-0.0296172 -0.10466 0.0756606
-0.00778762 0.124296 -0.167622
0.0534667 -0.124336 -0.642716
-0.0432081 0.0190622 -0.32013
-0.0432081 0.110191 -0.998528
0.0966976 0.144091 -0.972118
-0.0432081 -0.142148 0.53529
0.0681899 -0.124336 -0.0233567
0.0719488 0.124296 0.248515
0.060041 0.151877 -0.695594
-0.0432081 0.0807687 -0.456771
-0.0432081 -0.0468449 0.483704
-0.0432081 -0.0898935 -0.318084
0.0788855 -0.151918 -0.998073
-0.00793431 -0.124336 -0.820638
0.0213862 -0.151918 0.420447
0.071167 -0.124336 0.86346
-0.0432081 0.0198376 0.489728
-0.0432081 -0.102197 -0.491759
-0.0432081 -0.0872633 -0.555316
-0.0296172 -0.0879893 0.101543
0.0323082 0.124296 -0.86745
-0.0296172 -0.0885676 -0.638124
0.0760531 -0.151918 0.167617
-0.0432081 -0.0267413 0.970039
0.0794673 -0.151918 0.422049
-0.0432081 0.100533 0.0129373
0.0439172 0.124296 0.659302
0.0254602 0.151877 0.606783
-0.0432081 -0.13965 -0.685587
0.0352229 0.124296 0.927815
-0.0432081 -0.121605 -0.413282
-0.0258582 -0.151918 0.259566
-0.0296172 -0.089093 -0.0125672
0.0406507 0.124296 -0.182884
-0.0296172 0.0943199 0.84127
0.0259367 -0.124336 0.507312
-0.0432081 -0.0213965 -0.242466
0.0363122 0.124296 0.853369
0.0621225 0.124296 0.962306
-0.0296172 0.0860962 -0.127791
0.0799818 -0.124336 -0.533487
-0.0432081 0.107697 0.611322
0.0264484 0.151877 0.300329
-0.0432081 0.117292 -0.393974
0.0751836 -0.151918 0.0470642
-0.0296172 -0.0701647 0.258019
-0.0296172 -0.0094892 0.657643
-0.0432081 -0.0138202 -0.296419
0.0790571 0.151877 -0.136507
-0.0432081 0.00572261 -0.276692
0.0559142 0.151877 0.697527
0.0456946 -0.151918 -0.0093464
0.00293595 0.151877 0.315946
0.0856658 0.151877 -0.636138
-0.0296172 0.0369457 -0.230068
-0.0296172 -0.00956985 -0.289832
0.0116541 -0.124336 0.353864
0.048087 0.151877 0.990358
0.072678 0.151877 0.475631
-0.0296172 -0.0691194 -0.196865
-0.0289505 0.113557 0.183736
0.0842355 0.151877 0.0916929
-0.0296172 -0.0349818 0.650945
-0.0296172 0.0959103 0.673477
0.020046 0.124296 0.592544
-0.0432081 0.108467 -0.751279
-0.0296172 0.0430048 0.555462
-0.0296172 -0.0632887 -0.296249
0.0050632 0.151877 0.106249
-0.029142 0.112876 -0.594134
0.0409535 0.151877 0.883041
-0.0432081 -0.081674 0.271334
0.0737777 -0.124336 -0.247315
0.0861944 -0.124734 0.282023
-0.0296172 0.0843475 0.294947
0.0966976 0.141474 0.688286
-0.000276067 -0.124336 -0.334811
-0.0115843 -0.124336 0.668061
-0.0432081 0.143374 -0.0768798
0.00289255 0.151877 0.747003
-0.0296172 -0.0838357 -0.879965
0.0493881 0.151877 0.45863
0.0575608 0.124296 0.278683
-0.0296172 -0.0904834 0.229814
-0.0101644 0.124296 -0.869849
0.0010984 0.124296 0.847038
-0.0302409 -0.151918 0.480887
-0.0432081 0.116498 -0.7031
-0.0296172 0.077401 -0.291377
0.0136654 -0.124336 0.373796
-0.0295698 -0.110346 0.963592
-0.0432081 0.0275923 0.380252
-0.0432081 -0.0455882 -0.337243
-0.0296645 -0.151918 0.386859
-0.0432081 0.112096 0.292579
-0.0296172 -0.0473165 0.573857
-0.0432081 -0.0742293 -0.545958
-0.0296172 0.0417045 -0.906119
-0.0296172 -0.00389359 0.0676861
-0.0432081 -0.10257 0.207871
0.0627037 0.151877 -0.0168064
-0.0296172 -0.0959438 -0.0824467
-0.0091986 0.124296 -0.590387
0.0158861 -0.124336 0.547727
0.0939677 0.151877 -0.201913
0.0589462 -0.151918 0.726837
-0.00894879 0.151877 0.230726
-0.0432081 -0.115229 0.739752
-0.0432081 -0.0240113 0.802119
0.0478085 -0.124336 0.223219
-0.0432081 0.00998638 -0.168443
-0.0296172 -0.0121435 -0.751983
-0.0432081 0.0492294 0.515209
0.00827545 -0.124336 -0.776668
0.00481449 -0.124336 0.463441
0.0828032 -0.151918 0.841544
0.0663995 -0.124336 0.268306
-0.0432081 0.137064 0.81727
-0.0432081 0.0605349 -0.0272911
-0.0432081 0.0685286 -0.72073
-0.0432081 -0.0253513 -0.512943
0.0191361 -0.124336 -0.216545
-0.0432081 0.068077 0.586282
-0.0432081 0.000508146 0.856915
-0.0296172 -0.0471611 -0.700421
0.0306427 -0.151918 0.25176
-0.0296172 -0.092992 -0.337049
0.0173576 -0.151918 -0.22655
0.00254252 0.151877 -0.346894
-0.0296172 -0.0215103 -0.262657
0.0810996 -0.151918 0.765854
0.0966976 0.144648 -0.307467
0.0883644 -0.151918 0.855694
-0.0296172 0.0535592 -0.91529
-0.0432081 -0.0748204 -0.71742
-0.0432081 -0.073344 -0.0585512
0.027044 -0.151918 -0.111792
-0.0432081 -0.0741125 -0.691008
-0.0296172 0.0300362 -0.36307
-0.0432081 0.0946974 -0.745859
-0.0114515 -0.124336 0.566563
-0.0432081 0.0130841 -0.449596
-0.0432081 -0.0958738 -0.385618
0.00716245 -0.124336 0.25906
0.0608562 0.124296 -0.362579
-0.0432081 -0.0846096 0.604045
-0.0296172 -0.001495 -0.243949
0.084082 0.151877 0.143759
-0.0432081 -0.100489 0.410913
-0.0432081 0.0980132 0.879844
-0.0296172 0.0889176 0.138289
0.018475 0.151877 0.383521
-0.0185543 0.123725 -0.359785
0.0814971 0.124296 -0.0516318
0.0734749 -0.124336 0.401638
0.070985 0.151877 -0.221432
-0.0296172 0.0545579 0.349985
-0.0296172 0.108074 -0.0955125
0.0804403 -0.124336 -0.903674
0.051083 -0.124336 0.316833
0.0854871 -0.151918 0.964153
0.0838147 0.151877 0.316788
-0.0432081 -0.0262312 -0.792916
0.0153271 -0.124336 0.808121
-0.0432081 0.0717346 0.505772
0.019897 0.124296 0.0211569
0.0571757 -0.151918 0.841053
-0.0296172 -0.00809789 -0.58524
0.0092897 0.124296 -0.785926
0.0162441 -0.124336 0.759017
-0.0296172 0.0589138 0.891645
-0.0133026 0.151877 0.431748
0.0300885 -0.151918 -0.535747
-0.0296172 -0.0723288 -0.705445
-0.0296172 -0.00357845 0.321091
-0.0406119 0.151877 -0.768607
0.0959431 -0.133628 -0.540108
-0.0432081 0.123477 -0.777402
0.0142647 -0.151918 0.903829
0.00875463 0.151877 0.648871
-0.0296172 -0.0870495 -0.109963
-0.0432081 0.00949912 -0.340397
0.0912592 -0.127153 0.560511
-0.0294698 0.111217 0.374929
-0.0432081 -0.0710886 -0.743048
-0.0432081 0.122524 0.152363
-0.0295425 0.110611 -0.932031
-0.00887988 -0.151918 0.0323561
0.0660388 -0.124336 0.482556
0.0418679 -0.124336 0.593964
-0.0296172 -0.0191414 0.142749
0.0838306 0.151877 0.655336
-0.0296172 0.0132278 -0.913769
0.0684338 0.151877 -0.312589
0.0966976 -0.14202 -0.140003
-0.0245602 0.151877 0.662098
-0.0296172 0.0700229 -0.0399602
-0.0296172 0.00414188 0.598301
0.0755893 0.124296 0.97884
0.043117 -0.151918 -0.857785
-0.0296172 0.103824 0.986599
0.094155 -0.130148 -0.387407
-0.0432081 -0.00901713 -0.577503
-0.0432081 0.00729923 -0.800467
-0.0432081 0.0110495 0.135321
0.000324662 0.151877 0.387709
-0.0296172 0.0677731 -0.309793
0.0391522 -0.151918 0.823467
-0.0296172 -0.0558274 -0.624326
-0.0296172 0.0839853 -0.654829
0.0715196 0.124296 0.407982
-0.0432081 -0.11431 -0.061323
-0.0296172 0.0646844 -0.207062
0.0421223 0.151877 0.666362
-0.0349931 0.151877 0.715545
0.0439824 -0.124336 0.526047
-0.0296172 -0.0222895 -0.959343
-0.0432081 -0.139937 -0.720673
0.0651638 -0.124336 -0.0757191
0.0802598 0.124296 -0.100324
-0.0432081 0.000468932 -0.210815
-0.00991389 -0.124336 -0.291669
0.0540093 0.124296 -0.307638
-0.0308577 0.151877 -0.967783
-0.0432081 -0.0943403 0.00162875
-0.0296172 -0.0323213 -0.167548
0.0178616 -0.151918 0.614134
0.033263 0.124296 -0.306616
0.0774406 0.124296 -0.238097
-0.0432081 -0.0827007 -0.770147
-0.0266279 0.151877 -0.361054
-0.0432081 -0.134779 -0.564494
-0.0296172 -0.0498986 0.653331
-0.0296172 0.0764227 0.465945
-0.0432081 -0.0992313 0.947542
0.0926164 0.128293 -0.183988
-0.0296172 -0.0875039 0.897677
0.0633215 -0.151918 -0.313513
0.0623541 0.151877 -0.149575
-0.0432081 0.0716279 0.35399
-0.0296172 0.086273 -0.331418
-0.00748563 -0.151918 0.995201
-0.0296172 -0.0972386 0.610969
-0.0432081 0.0532949 0.168582
-0.0432081 0.105124 0.849022
0.0459948 -0.151918 -0.311221
-0.0296172 0.0194639 0.220579
-0.0432081 0.0940583 -0.600725
-0.0432081 0.081936 -0.90926
-0.0432081 0.00173628 0.570453
-0.00611923 0.124296 0.0549588
-0.0255887 0.119409 -0.272452
-0.0296172 0.025116 -0.625191
0.0586435 0.151877 0.824048
-0.0296172 -0.0564949 0.700468
0.00406324 -0.124336 0.858032
-0.0432081 -0.137442 0.895375
-0.00706802 -0.124336 0.132288
-0.0296172 0.0428621 0.159826
-0.0296172 0.037791 -0.868195
0.0966976 -0.144556 -0.986493
-0.0432081 0.0526749 0.0302839
-0.0296172 0.00433146 -0.224511
-0.0251694 -0.151918 0.66952
-0.0432081 -0.0897739 -0.470728
-0.0432081 -0.0357805 -0.964096
-0.0432081 -0.0225803 0.155988
0.0485043 -0.124336 -0.326364
-0.0432081 0.0649994 -0.95342
-0.0432081 -0.0938992 0.172213
-0.0296172 0.0650411 0.0588405
0.0317465 0.151877 0.131781
0.00159121 0.124296 0.000907094
-0.0296172 -0.070888 0.321511
-0.0432081 -0.0365566 -0.598966
0.0665421 0.124296 -0.616339
-0.0296172 -0.0431933 -0.140773
-0.0296172 0.0872425 0.555684
0.0844487 -0.151918 0.140964
0.0118482 0.124296 -0.298051
-0.012472 0.151877 0.828623
0.0216294 -0.151918 -0.746114
0.0240717 -0.124336 0.130845
-0.0147903 -0.151918 -0.802925
-0.0432081 -0.137439 -0.143657
-0.0296172 0.0249708 -0.0657694
0.0937319 0.151877 -0.0432529
0.0677276 -0.151918 0.739239
0.0741193 0.124296 0.629032
0.0966528 0.136976 0.702702
-0.0296172 0.103274 -0.500521
-0.0296172 0.107791 0.715528
-0.0201051 -0.151918 0.461978
-0.0296172 0.0520476 -0.629691
-0.0432081 0.0301337 -0.919363
-0.0432081 -0.0888157 -0.235347
-0.0432081 -0.140174 0.2583
-0.0220919 -0.151918 -0.964437
-0.0296172 0.042931 -0.51533
0.0633766 0.124296 0.00201128
-0.0432081 -0.137442 -0.61477
-0.0432081 -0.0119563 0.307731
0.0534547 0.151877 0.412533
-0.0296172 0.00810027 0.58241
0.00505474 -0.151918 -0.908306
0.0481994 0.124296 0.432731
-0.0296172 0.0120788 0.931875
-0.0432081 0.134947 0.0446768
0.0845772 0.124397 0.368854
0.0815264 0.124296 -0.142527
-0.0432081 0.078796 -0.479189
0.0348678 -0.124336 -0.0402937
-0.0288109 0.151877 -0.137594
0.0773605 -0.124336 -0.296773
0.0516179 0.124296 0.590636
0.0317285 0.124296 -0.526948
-0.0296172 0.089223 0.104284
-0.0158915 0.151877 -0.496749
-0.0233234 0.151877 -0.111575
-0.0296172 0.0480067 -0.311677
-0.0296172 0.0338997 0.623461
-0.0296172 0.0543981 -0.544612
0.063018 0.124296 0.766804
-0.0432081 0.00221879 0.955891
-0.0432081 0.0744293 -0.872859
0.0864454 0.124758 0.703333
0.0474266 0.151877 -0.822071
-0.0432081 -0.0444609 -0.529958
-0.0326072 0.151877 0.776057
-0.0210629 0.12277 0.351336
0.0918915 0.151877 0.914347
0.0208799 -0.124336 0.700271
-0.0296172 0.0101875 0.0837795
-0.0432081 0.0986422 -0.354435
0.0179525 -0.151918 -0.571543
-0.0296172 -0.0295707 0.391707
-0.0432081 0.134465 -0.745084
-0.0432081 -0.0443557 -0.146668
-0.0432081 -0.0841695 0.537102
-0.0296172 -0.107253 -0.935461
-0.0296172 -0.0970914 0.912042
0.0305029 -0.124336 0.573616
-0.0432081 -0.0601539 0.0227003
0.0594485 -0.151918 0.00991491
-0.0121725 -0.124336 0.260504
-0.0432081 0.0930599 -0.532653
-0.0432081 0.122549 0.581793
-0.0296172 -0.0137986 0.954073
-0.0296172 0.0576643 0.499916
-0.0296178 -0.151918 0.562241
-0.0432081 0.0537321 0.00145542
-0.0296172 0.0887102 0.501184
0.0587004 -0.151918 0.601651
0.00455337 -0.151918 0.220104
0.019246 0.124296 -0.493973
-0.0432081 0.0797817 0.761627
0.0966976 0.146384 0.422389
-0.0432081 0.0624511 0.826342
-0.0116581 -0.124336 0.812477
-0.0296172 0.100832 0.47722
-0.0432081 0.137689 -0.708373
0.026293 0.151877 -0.484947
-0.0296172 0.0736073 0.230836
0.0649639 -0.151918 0.543924
-0.0432081 0.0244532 0.745925
-0.0175791 -0.124006 -0.26889
-0.0296172 0.0252705 -0.33313
-0.00994227 -0.124336 0.611738
-0.0432081 0.14201 -0.980945
-0.0043864 0.151877 0.889503
-0.0432081 -0.150708 -0.85358
-0.0432081 -0.00747976 -0.660364
0.0288253 0.151877 0.362323
-0.0296172 0.0369021 -0.565805
-0.0296172 0.0741504 0.595591
-0.0432081 0.0464249 -0.22872
0.0240138 -0.151918 -0.0566031
-0.00144326 -0.151918 0.579726
0.0501051 -0.124336 -0.455428
0.0966423 0.136853 -0.669143
-0.0432081 -0.104635 -0.338709
0.0268858 -0.151918 -0.000702031
0.0337318 -0.124336 0.801942
0.0403808 0.151877 -0.0430458
0.0689281 -0.151918 0.666984
0.0926904 0.128367 0.605526
0.0518599 0.124296 0.787765
0.0866605 0.151877 -0.758469
0.0899277 -0.126257 -0.684307
-0.0432081 0.0529104 0.613632
-0.0432081 -0.103938 -0.257992
0.0798358 -0.151918 -0.971461
-0.0189391 0.12361 -0.565627
-0.0296172 0.0808421 0.716193
0.000558546 -0.151918 0.802437
-0.0296172 -0.0920606 0.522767
-0.036394 -0.151918 0.03787
0.0859134 -0.151918 -0.541341
0.0619317 -0.124336 0.698673
-0.0432081 -0.139031 -0.777109
-0.0296172 0.0378995 0.41549
-0.0432081 0.12191 0.116434
0.0666424 0.124296 -0.560707
-0.0200107 0.151877 -0.237938
-0.0432081 -0.113273 0.325129
0.0959948 0.13374 -0.240809
0.0287856 0.151877 0.591044
-0.0432081 0.141777 0.459442
-0.0296172 0.0224454 0.538002
-0.0432081 0.0759968 0.6727
0.00674966 0.124296 -0.240103
-0.0140251 0.151877 0.448709
-0.0296172 0.0710698 0.252672
-0.0296172 0.105007 -0.546802
0.0299609 0.124296 0.421538
-0.0432081 0.0420169 -0.455766
0.0355363 -0.124336 0.339033
0.077379 -0.151918 -0.157425
-0.0432081 0.0961383 0.991633
-0.0179976 -0.151918 -0.734532
-0.0296172 0.00780434 0.746873
-0.017089 -0.151918 -0.666248
-0.0296172 -2.0838e-06 0.30319
0.0928194 -0.128539 0.184779
-0.0432081 -0.0782581 -0.143299
-0.0432081 0.142386 -0.206107
0.055783 -0.151918 -0.650502
-0.0432081 0.0553962 -0.156997
-0.0432081 -0.0646161 -0.967046
0.00958095 0.151877 -0.821485
-0.0122849 -0.151918 0.897986
-0.0432081 -0.136142 -0.587005
-0.0115089 -0.151918 0.727917
-0.0296172 -0.0168498 0.0949357
-0.0293253 0.11207 0.545176
0.0966976 -0.141078 0.832636
-0.0432081 -0.0391642 -0.442642
-0.0432081 -0.0175963 0.371793
-0.0296172 0.0284053 0.068654
-0.0432081 -0.0132615 -0.832266
0.0512246 -0.124336 -0.853077
0.0902243 -0.126438 0.630833
0.0883318 -0.151918 -0.810066
-0.0134108 -0.124336 0.368788
-0.0103149 0.151877 -0.166962
0.0418018 -0.124336 0.023323
-0.0432081 0.0976663 0.381595
0.0280495 -0.151918 -0.434846
-0.0432081 0.12264 -0.938931
-0.0432081 -0.150415 0.689957
-0.00781814 0.124296 0.420865
0.0966976 0.139256 -0.59559
0.0742698 0.151877 0.411052
0.00323559 0.151877 -0.997527
0.0200212 -0.124336 -0.45171
-0.0432081 0.118636 -0.590631
0.087004 -0.124959 -0.419838
-0.0296172 -0.051188 0.800276
0.0417603 -0.151918 -0.184115
0.0693494 -0.124336 -0.557658
-0.0432081 -0.0853269 -0.645873
-0.0388961 -0.151918 -0.880788
-0.0135874 0.124296 -0.0874914
-0.0432081 0.115493 -0.030321
0.0255622 -0.151918 0.379755
0.019568 -0.124336 -0.641848
-0.0410486 0.151877 0.155748
-0.0432081 -0.00736389 -0.313107
-0.0432081 -0.10485 -0.90948
-0.0296172 -0.0113592 -0.676707
-0.0222697 0.122115 0.00495978
0.0411544 0.124296 0.815795
-0.0294614 0.111276 0.0539095
-0.0432081 -0.0180063 0.0612261
-0.0296172 -0.0247162 0.341985
0.0126479 -0.124336 0.200307
-0.0432081 0.0905698 0.550634
-0.0296172 0.0283835 0.0915227
-0.0432081 0.0333659 0.735864
-0.00718118 -0.151918 -0.511039
-0.0432081 0.0747567 0.964445
-0.0296172 -0.0687954 -0.069054
0.0566792 -0.151918 0.992808
-0.00997622 0.124296 -0.739124
-0.00233967 0.124296 0.669552
0.00516705 -0.124336 0.403432
0.0267385 -0.151918 -0.726511
0.0912941 -0.12718 -0.875983
-0.0296172 0.0271298 -0.256125
-0.0296172 0.0939223 -0.472267
0.0373879 -0.151918 0.632719
0.0602133 -0.151918 0.289453
-0.0296172 -0.0509058 0.49877
-0.0432081 0.0276022 0.16884
0.0844385 0.124381 0.321833
-0.0296172 0.0720379 0.981776
-0.0432081 -0.105273 -0.0845223
-0.0432081 -0.106272 -0.569524
0.0966976 -0.14766 0.552736
-0.0289502 -0.113599 0.227842
-0.0296172 -0.0274405 -0.654284
0.00324476 -0.124336 0.73536
-0.0432081 -0.100493 -0.107893
-0.0432081 0.0617157 -0.347773
-0.0432081 0.0343142 0.665503
0.0681611 0.151877 0.29605
-0.0432081 0.0945224 0.312015
0.0401783 0.124296 -0.0924468
-0.0432081 -0.136748 0.922264
-0.0296172 0.0844083 -0.492671
-0.0115893 -0.151918 -0.314968
0.0217883 -0.124336 -0.169954
0.0770258 0.124296 0.906472
-0.0432081 0.0470382 -0.704841
-0.0296172 0.0238696 -0.83522
-0.0296172 0.00533537 -0.786656
0.0347867 0.151877 -0.096993
0.0454063 0.124296 0.166782
-0.0296172 0.0366804 0.610263
-0.0432081 -0.0658673 -0.800737
-0.0296172 0.105581 0.208413
-0.0432081 0.0151817 0.589743
0.0541734 -0.151918 0.219712
0.083308 0.124302 0.103909
-0.0432081 -0.0355859 0.525046
0.0873078 -0.125058 0.394488
0.0929514 -0.128678 0.763646
0.062908 0.151877 -0.167184
0.0853737 0.151877 0.93231
0.065253 0.124296 0.802406
-0.0432081 0.0322385 -0.0323134
-0.0432081 -0.00733181 0.464198
-0.0295907 -0.110044 0.501673
-0.0235143 0.151877 0.740271
-0.00345215 -0.151918 -0.175434
-0.0432081 -0.057586 0.0493092
0.0872845 0.125009 -0.121933
-0.0432081 0.0636706 -0.931364
-0.0432081 -0.00177881 -0.683303
0.0702948 -0.124336 -0.505407
0.0855949 -0.151918 -0.0292659
0.0301537 0.124296 -0.839836
-0.0432081 -0.116672 0.272754
0.034032 0.151877 0.32875
-0.0432081 0.0421405 -0.793232
0.0601245 0.151877 0.946405
-0.0432081 0.0457758 -0.146725
0.00769914 -0.151918 0.495705
-0.023823 -0.151918 -0.19105
-0.0296172 0.0456184 0.997287
-0.0432081 0.0609637 0.678134
-0.00289237 -0.124336 0.167876
-0.0432081 -0.137309 -0.431598
-0.0432081 -0.00346775 0.827355
-0.0296172 0.0609992 -0.142551
-0.0296172 -0.0483832 0.471997
0.00634769 -0.151918 0.537678
-0.0432081 -0.00152713 0.229149
0.0844835 0.124386 -0.492956
-0.0296172 -0.0456476 -0.000492022
-0.0244178 0.151877 0.390703
-0.0432081 0.0894681 0.81962
-0.0218934 0.122334 -0.251883
-0.0432081 -0.142654 0.78235
0.0415476 0.124296 0.286331
-0.0296124 -0.10953 -0.892861
-0.0432081 -0.112786 0.195393
0.0809574 0.124296 0.294966
-0.0432081 -0.138625 -0.810442
-0.0296172 -0.0319587 -0.406273
-0.0296172 -0.0775928 -0.735609
-0.0432081 0.0175264 -0.00394031
-0.0432081 -0.0269097 0.47609
0.0285951 -0.151918 -0.947544
-0.00607066 -0.124336 -0.736409
0.0909307 0.151877 0.398158
-0.0432081 -0.0770834 -0.0289294
-0.0432081 0.136876 -0.467303
0.0107305 -0.151918 0.679654
-0.0432081 -0.0150671 0.782776
0.0751024 0.151877 -0.679827
-0.0432081 -0.00996515 -0.604135
0.0743441 -0.151918 0.257509
-0.022333 -0.151918 0.842942
-0.0296172 -0.0725768 0.582126
0.0169988 -0.124336 0.737833
-0.0432081 0.14246 -0.569949
-0.0238379 -0.12107 -0.760846
-0.0432081 -0.00799014 -0.707762
-0.041617 -0.151918 -0.326585
0.0235929 -0.151918 -0.58704
-0.0296172 -0.104702 0.696318
-0.0432081 0.0903417 -0.301011
-0.0296172 0.0232225 -0.961905
-0.0296172 -0.0861792 0.811973
-0.0432081 0.0605149 0.909683
-0.0132792 -0.151918 -0.889893
-0.0402933 -0.151918 0.919119
0.058859 0.151877 0.644395
-0.0432081 -0.14938 -0.437002
0.0941354 0.13008 0.344961
-0.0296172 -0.05879 0.843073
0.00950487 -0.124336 0.114844
-0.00374081 -0.124336 0.756292
-0.0296172 -0.0932447 -0.50039
0.0597361 0.151877 0.360168
0.0834741 0.151877 -0.500655
-0.0296172 0.0780577 -0.694198
-0.0432081 -0.0667603 -0.179822
-0.0432081 0.0361586 -0.372939
0.0966976 0.141394 -0.432003
0.0966976 0.138996 0.815842
0.074565 0.124296 -0.315542
0.0124106 -0.151918 -0.15455
-0.0296172 -0.0778562 -0.57869
-0.0296172 -0.0799453 0.349601
-0.0340582 -0.151918 -0.411299
-0.0432081 0.0905475 -0.810943
-0.0432081 0.0010671 -0.398512
0.0536475 -0.151918 -0.110541
0.043872 -0.151918 -0.224159
0.0966976 -0.139372 -0.225613
-0.0296172 -0.0142558 0.0169674
-0.0432081 -0.144515 -0.92554
-0.0432081 -0.065628 0.62264
-0.00720463 0.124296 0.645148
-0.0296172 0.0101798 0.620305
-0.0432081 0.137681 -0.0441062
-0.0296172 -0.0271505 0.781231
-0.0273957 0.117015 -0.997961
-0.0296172 0.0928858 -0.91742
-0.0296172 -0.0256533 -0.461511
0.00171099 -0.151918 -0.742538
-0.02542 0.119589 -0.897896
-0.0296172 -0.0041655 0.790706
0.0524011 -0.124336 0.284455
0.00856866 0.151877 -0.276691
-0.00650366 -0.124336 0.10369
-0.0432081 0.0566481 -0.499473
0.0493553 0.151877 0.0746295
0.0413754 0.124296 0.323508
-0.0296172 -0.0392017 0.164351
-0.0296172 0.0778685 -0.155192
-0.0296172 0.00295462 0.969193
-0.0432081 0.0196377 0.791992
-0.0432081 -0.0903836 0.476983
0.0627585 0.151877 -0.487736
-0.0296172 -0.00840361 -0.507854
-0.0432081 0.00195174 0.924938
-0.0296172 0.0693105 0.951628
0.081702 0.151877 0.608096
-0.0296172 -0.0981984 -0.0266014
0.019965 -0.124336 -0.591342
-0.0432081 0.134372 -0.128815
0.0617838 -0.151918 -0.157497
-0.0132238 0.124296 -0.228742
0.0524932 0.124296 0.493513
-0.0296172 0.0325108 0.757064
0.00386651 0.151877 -0.615966
-0.0109015 0.124296 0.102955
0.019631 0.124296 0.754939
-0.0432081 -0.137574 0.275459
-0.0296172 -0.0853575 0.179851
-0.0432081 -0.119475 -0.362496
-0.0296172 -0.0406206 0.999372
-0.0296172 0.0401771 -0.134918
0.0115561 0.151877 -0.591912
0.0249415 0.151877 -0.693902
-0.0432081 -0.087932 -0.834434
0.0293799 0.151877 -0.932718
-0.00856898 0.151877 0.961916
-0.0296172 0.0917913 -0.8432
-0.0315504 -0.151918 0.823993
-0.0296172 0.0496356 0.401803
-0.0283295 -0.115267 0.559661
-0.0432081 0.0384963 -0.524616
0.0272895 0.124296 -0.651399
-0.0432081 -0.081438 0.310017
-0.0432081 0.0100723 -0.620731
-0.0280336 0.151877 0.906799
-0.0296172 0.00789835 -0.392226
-0.0124563 -0.151918 0.180329
0.0797845 0.151877 0.236114
-0.0432081 -0.115327 -0.79416
-0.0296172 0.0854056 -0.799817
-0.0139661 0.151877 -0.985824
0.0199438 0.124296 -0.384986
0.0377623 0.151877 0.64462
-0.0296172 -0.00281094 -0.625555
-0.0432081 -0.0594708 0.794542
-0.0432081 0.111851 0.830133
0.0392352 0.124296 0.829784
0.0802436 -0.124336 -0.0808318
-0.0296172 0.0517433 -0.694066
0.00015355 -0.124336 0.521858
0.0532995 -0.151918 -0.394032
0.0740668 -0.124336 0.0236788
0.0196112 -0.124336 -0.261499
0.0665272 0.151877 -0.738959
0.0842353 0.151877 -0.113905
-0.0432081 -0.0118054 -0.00441029
0.0375597 0.151877 0.44473
-0.0296172 -0.0588415 0.109429
-0.0296172 0.061582 0.0381102
0.0448793 -0.151918 -0.883241
-0.0432081 -0.018405 0.649574
-0.0296172 -0.0281351 -0.380626
-0.00534452 -0.124336 0.593173
-0.0312964 0.151877 0.246383
-0.0432081 -0.104536 0.898182
0.00383293 0.151877 -0.429311
-0.0432081 0.142838 0.912336
-0.0296172 0.0860882 -0.760363
0.0180306 0.124296 -0.269647
-0.0296172 -0.0966202 0.161059
0.0869909 0.124914 0.86002
0.0476174 -0.124336 -0.0550559
0.0221635 -0.151918 0.299549
-0.0432081 -0.142731 -0.946852
-0.0432081 -0.0826869 -0.672171
-0.0432081 -0.107779 -0.761456
-0.00833516 0.151877 -0.610599
0.0162146 0.124296 -0.107549
-0.00449029 -0.124336 0.643814
-0.0296172 -0.0839618 0.949666
-0.0296172 0.0405129 0.672743
0.0351367 0.124296 -0.713446
-0.0296172 0.0885005 -0.817691
-0.0296172 0.027858 0.107191
0.0138147 0.124296 -0.45586
-0.0253256 0.151877 0.492668
-0.0172494 0.124031 0.253588
-0.0432081 0.0191062 -0.784809
-0.030463 -0.151918 0.896086
0.0950716 -0.131631 -0.642797
-0.0432081 -0.0250567 0.0781972
-0.0296172 0.0293794 0.369163
-0.0432081 0.0416992 0.889608
-0.0296172 0.041082 0.487407
0.0900542 -0.151918 -0.206938
0.0600991 0.151877 0.240546
0.0830159 -0.151918 -0.779559
0.0966976 0.139316 0.981053
-0.0296172 -0.0816489 0.287656
0.0438039 0.151877 -0.224757
0.0908126 0.151877 -0.8095
-0.0307423 -0.151918 -0.613646
-0.0296172 0.00659978 0.816476
-0.02466 -0.120373 -0.792769
-0.00856094 -0.124336 0.921902
-0.0432081 0.140486 0.373124
-0.0112957 0.151877 0.792855
0.0347756 -0.151918 0.50517
-0.0296172 -0.0278916 -0.187248
0.0667228 0.124296 0.435015
-0.0296172 -0.0930515 -0.592118
0.0535546 -0.124336 -0.296851
-0.0296172 -0.0967559 -0.099117
-0.0268906 -0.151918 -0.466032
-0.0432081 0.1056 -0.650651
-0.0432081 0.143872 0.957045
-0.0432081 -0.12337 -0.00218463
-0.0432081 0.0181764 -0.0707087
-0.0432081 -0.001287 0.803562
0.0837321 -0.124361 -0.144091
-0.0331125 0.151877 0.315022
-0.0296172 0.0707614 -0.404727
0.0966976 -0.14081 0.0881771
0.0850957 -0.124511 0.353785
-0.0432081 -0.124369 0.337556
-0.0432081 -0.106207 0.291126
0.0446455 0.124296 0.563303
-0.0308293 0.151877 -0.428905
-0.0432081 0.100325 -0.454554
-0.0432081 -0.0842417 -0.192445
0.0532227 -0.124336 -0.93695
0.0656761 -0.151918 -0.62377
0.0322721 -0.124336 -0.249475
0.0547755 -0.124336 0.590634
-0.0296172 -0.0972982 -0.142434
-0.0432081 0.0372502 0.799031
0.0862709 -0.151918 -0.483135
0.0949684 -0.131441 -0.658584
-0.0235374 -0.121301 -0.46211
0.0430951 -0.124336 0.648583
0.0625215 0.151877 0.0965083
-0.0296172 0.102927 0.569375
0.00336409 -0.124336 -0.00248049
-0.0296172 0.107358 0.493706
0.00427219 -0.124336 -0.472536
-0.0296172 -0.0763997 0.534833
-0.0171137 -0.124097 -0.0256517
0.0555674 -0.124336 0.759399
-0.0432081 0.139935 -0.942669
-0.0296172 -0.0514482 -0.979744
-0.0296172 0.0505805 -0.0893756
-0.0432081 0.0882537 0.863755
0.0592719 0.151877 0.725941
-0.0432081 0.0187625 0.817063
-0.0296172 0.0865353 0.384655
-0.0296172 -0.0993389 -0.852219
-0.0432081 -0.0408353 0.381426
-0.0432081 -0.136171 0.113546
0.0108318 -0.151918 -0.702285
-0.0296172 0.0167137 0.398298
0.0864702 -0.151918 0.697234
-0.0432081 0.114313 -0.957367
0.0274812 0.151877 -0.242
-0.0253662 -0.119686 0.324345
0.034586 0.124296 -0.0639441
-0.0374493 -0.151918 0.0710096
0.071266 -0.124336 0.425161
0.0499043 0.151877 -0.139425
0.0147179 -0.124336 -0.287507
0.0583524 -0.124336 -0.199728
-0.0432081 -0.000381865 -0.723477
-0.00119048 0.124296 0.75951
-0.0296172 0.00295694 -0.536541
0.0457789 -0.124336 -0.339076
-0.0296172 0.0443459 0.0207181
0.0701764 0.151877 0.597725
-0.0432081 0.0134785 0.0457483
-0.0432081 0.0710792 -0.263836
-0.0432081 0.0123872 0.89808
-0.0432081 -0.0686804 0.0745629
0.0177975 -0.124336 -0.0217135
0.0844169 0.124379 -0.168043
0.0656528 -0.124336 -0.53126
-0.0432081 -0.001997 0.611522
0.0829302 -0.151918 -0.504995
-0.0118046 -0.124336 -0.0746522
-0.0432081 -0.138541 -0.0317605
0.0249036 -0.151918 -0.136935
-0.0296172 -0.0731816 0.564985
-0.0296172 -0.0918767 0.797129
-0.0432081 -0.000774508 0.781724
0.00966113 -0.151918 0.412692
-0.00292169 0.151877 -0.0908589
-0.0432081 0.050401 -0.717378
0.0395057 -0.151918 0.981272
0.0909827 -0.151918 0.193964
-0.0296172 -0.044996 -0.516667
-0.0296172 -0.0326581 0.489948
-0.0296172 -0.0118555 -0.696239
-0.0296172 -0.0474049 -0.483616
-0.0296172 0.0404834 0.296468
-0.0432081 -0.150823 -0.503109
-0.0432081 0.0385938 0.988417
0.0599933 -0.151918 0.615548
-0.0296172 0.0617082 -0.675539
0.0818044 0.124296 -0.922544
0.0966851 -0.13754 0.34892
-0.0432081 0.0929295 0.242218
-0.0194253 -0.123491 -0.665581
0.0268704 -0.124336 0.783583
-0.0294196 -0.111589 0.89011
-0.0432081 -0.0978225 -0.0188211
0.0523855 0.124296 0.145112
-0.0296172 0.101286 0.116596
-0.0432081 0.101061 -0.119299
-0.0234013 -0.121402 0.0760952
0.0129777 -0.124336 -0.428112
0.0060512 -0.151918 -0.332167
0.0145742 0.124296 -0.952046
0.0584663 0.124296 0.227838
-0.0296172 0.0931545 0.0718866
-0.0432081 0.136931 0.782214
0.0392011 0.151877 0.722354
0.0807273 0.124296 0.230719
-0.0296172 0.0856461 0.777839
-0.00980592 -0.151918 -0.139948
0.0711522 -0.124336 -0.603178
-0.0296172 -0.0548396 -0.752904
0.0225463 -0.151918 0.110717
-0.0432081 0.0197562 -0.10566
-0.0432081 0.14715 0.0974121
-0.0296172 0.0306461 0.858704
-0.0432081 0.117944 -0.63075
-0.0144206 -0.124336 -0.507143
-0.0296172 -0.064602 -0.124344
0.0854074 0.151877 0.867904
0.0966976 0.140149 -0.751053
0.0824812 0.124296 0.216768
-0.0111456 -0.124336 0.0532018
0.00313721 -0.124336 0.983838
-0.0296172 0.0884308 -0.588678
-0.00422476 -0.124336 0.393159
0.0678774 0.151877 -0.186379
0.0754791 -0.124336 0.111333
0.0195109 -0.151918 0.768345
-0.0296172 -0.0127461 0.716817
-0.0296172 0.00880602 0.76194
-0.0296172 -0.0525923 0.376941
-0.018634 -0.151918 0.974667
-0.0432081 -0.119203 -0.670771
-0.0296172 -0.0305263 0.885205
0.0660865 0.124296 0.581389
-0.0293058 -0.112207 0.515298
0.0832282 -0.151918 -0.185183
0.0128209 0.151877 -0.104809
-0.0296172 -0.103067 0.546162
-0.0296172 0.0183566 -0.862675
0.00491096 0.124296 -0.520107
-0.0296172 0.0840108 -0.20806
0.0718371 -0.151918 -0.255943
0.0860466 0.124658 0.624017
-0.0432081 -0.0344885 -0.41691
-0.0432081 0.0980782 -0.62836
-0.0432081 0.146776 -0.587609
0.0966976 -0.14266 -0.889638
0.02544 -0.124336 0.272811
0.019227 -0.151918 -0.997533
-0.0432081 -0.104753 -0.21626
0.0666297 0.151877 -0.0305355
0.0253631 0.151877 -0.0181487
-0.0432081 -0.0548804 0.602299
0.0488948 -0.151918 0.1652
-0.0432081 -0.00631573 0.507537
0.043229 0.151877 -0.880497
-0.0296172 0.0658083 -0.648984
-0.0296172 -0.0960938 0.281001
-0.0432081 0.0341134 -0.663124
-0.00578932 -0.124336 -0.11988
-0.0296172 0.0953751 0.414347
-0.0432081 -0.032191 0.560536
-0.0432081 0.12369 0.388775
-0.0296172 0.0691458 -0.602921
0.0370027 -0.151918 -0.616438
-0.0432081 -0.00144055 -0.764905
-0.0432081 0.0726893 -0.661584
0.0966976 0.140508 0.582701
0.0223214 0.124296 0.810575
0.0949319 -0.131376 0.689269
-0.0432081 0.0335864 0.91484
0.019624 -0.124336 -0.997409
0.0561883 -0.151918 0.117879
-0.00784171 0.124296 -0.936228
-0.0432081 0.0508962 -0.41472
-0.0296172 0.0801027 0.852303
0.0471667 -0.124336 0.403179
-0.0428211 -0.151918 0.0189337
-0.0432081 0.0608245 -0.371921
0.00985592 -0.151918 -0.622135
0.0931179 -0.151918 -0.322562
-0.0432081 0.0689556 -0.594845
0.0422255 -0.151918 0.746389
0.0588369 -0.124336 0.0954902
-0.0045277 -0.151918 0.704632
-0.0296172 0.0775783 0.928798
0.0826768 0.151877 -0.622382
0.0923687 -0.128094 0.481927
-0.0432081 -0.115602 0.113364
-0.0296172 -0.00995745 0.739809
-0.0432081 0.12588 0.693615
-0.0432081 -0.0610965 -0.717236
-0.0296172 -0.0163916 -0.0225759
-0.0296172 -0.0476309 -0.926311
-0.0432081 0.0951308 -0.150003
0.0806875 -0.151918 -0.567108
-0.0255802 0.119418 0.401517
-0.0432081 0.00689376 0.386351
0.000256815 0.151877 -0.319849
-0.0136878 0.151877 0.64334
0.0966976 -0.151263 0.46952
0.0606296 0.124296 0.697738
-0.0277593 -0.151918 -0.635155
-0.0296172 -0.0459558 0.239067
-0.0296172 -0.0598492 -0.538556
0.0723602 0.124296 0.0689791
0.0205658 0.151877 -0.388376
-0.0250876 -0.151918 0.628103
0.0685286 -0.151918 -0.355405
-0.0432081 0.151445 0.886561
0.0349031 -0.124336 0.28773
-0.0245065 0.12047 -0.186084
-0.0432081 -0.139524 0.96999
-0.0432081 0.0683273 -0.752453
-0.0432081 0.135178 0.304938
0.0864018 0.151877 0.350127
0.00201968 0.124296 -0.653533
0.0532889 0.124296 0.477167
-0.0432081 -0.126855 -0.652599
-0.0432081 -0.114323 0.887558
-0.0432081 0.115764 0.764817
-0.0296172 0.0429445 -0.0295235
0.0961544 0.134254 0.279531
-0.0296172 0.0798083 0.344937
0.0299345 -0.124336 -0.20453
0.0858959 0.124624 0.38831
-0.00756804 0.151877 0.0239197
-0.00578987 -0.151918 0.275435
-0.0432081 -0.065815 0.464989
-0.0295803 0.110165 -0.824668
0.0133154 0.151877 0.973345
0.0366367 -0.151918 0.287388
0.0809704 0.151877 -0.901729
-0.0432081 -0.000873707 0.440402
-0.0144536 0.151877 -0.70966
0.0954 -0.132287 -0.299057
-0.0296172 0.015924 -0.412985
-0.0432081 0.100166 0.22485
-0.0432081 0.122055 -0.448022
0.0585384 -0.124336 -0.257036
-0.0432081 -0.128927 0.577275
-0.0296172 -0.0227749 -0.91799
0.0112738 -0.124336 -0.493582
0.0710106 0.124296 0.509821
-0.0432081 0.107902 -0.0486141
0.080479 -0.124336 0.082639
-0.0272263 0.151877 0.0210975
-0.0296172 0.0430888 0.978367
-0.0118294 -0.124336 0.234245
-0.0292107 0.112597 -0.123977
0.0533554 0.124296 -0.656364
0.0431536 0.124296 0.536337
-0.0188798 -0.151918 0.872377
0.0514913 0.151877 0.569342
-0.0113817 -0.124336 -0.040709
0.00983225 -0.124336 -0.819515
-0.0296172 -0.0505965 0.899759
-0.0111095 0.151877 -0.267756
-0.0432081 -0.113633 0.0393876
0.0142264 -0.151918 0.815062
-0.000919974 -0.151918 -0.153186
-0.0296172 -0.105222 0.572262
-0.0296172 -0.0270562 0.906214
-0.0432081 -0.111511 0.666874
-0.0296172 0.0266137 0.158925
-0.0432081 0.0150042 -0.745414
0.0966976 0.140348 -0.25751
-0.0296172 -0.0330115 -0.576475
0.0391251 0.124296 -0.232232
-0.0296172 0.0777119 -0.250229
-0.0296172 -0.0398439 0.368206
-0.0296172 -0.092167 -0.294565
0.0966976 0.140798 -0.682639
-0.0256256 -0.151918 -0.522739
0.00832422 -0.151918 0.119958
0.0539041 0.124296 -0.726089
-0.0296172 0.0895912 0.332073
-0.0432081 -0.132279 -0.253018
-0.00733602 -0.124336 -0.684748
0.0442808 -0.151918 0.250187
-0.0432081 0.0926036 -0.243602
0.0492122 -0.151918 -0.344074
-0.0296172 0.000750719 -0.668404
-0.0432081 -0.104804 0.562811
0.0966976 -0.150278 0.958108
-0.0432081 -0.0636317 -0.383831
-0.0224475 -0.122047 -0.547706
-0.0168358 -0.124144 0.540721
0.0712119 0.151877 0.265765
-0.0296172 -0.106933 -0.354885
-0.0296172 0.0643041 -0.0151268
0.0822899 -0.151918 -0.409795
-0.0432081 -0.0155429 0.890908
0.0606415 -0.151918 -0.483773
-0.0432081 0.0859548 -0.894969
0.0966976 0.149208 -0.404389
-0.0333826 0.151877 -0.399116
-0.0432081 -0.0359264 -0.100645
0.0264724 0.151877 0.195752
-0.0296172 -0.0933201 0.309993
-0.0217952 0.151877 0.195131
-0.0259251 -0.119073 -0.340167
-0.0143545 -0.124336 -0.604669
0.0693303 -0.124336 0.946259
0.0254481 -0.151918 -0.0822691
0.0727502 -0.151918 0.49981
-0.0432081 0.00923144 0.152314
-0.0206376 0.122968 -0.548181
-0.0296172 0.0973108 0.73599
0.0159108 -0.151918 -0.766962
0.000472615 0.124296 -0.563926
0.0169821 0.124296 -0.179479
-0.0296171 0.109158 0.82021
0.0966976 -0.146122 0.879674
-0.0432081 -0.046953 0.590114
0.0340359 -0.151918 -0.817995
-0.0291441 -0.112908 -0.132492
-0.0432081 0.0627834 0.343672
-0.0432081 -0.0183057 0.19895
0.0665668 0.124296 0.750628
0.0966317 -0.136781 -0.768567
-0.0196836 0.123357 0.98297
-0.0432081 0.0810105 -0.769354
-0.0296172 -0.0192718 0.82324
0.0655866 -0.151918 -0.0720013
-0.0253005 -0.119754 0.818119
-0.0296172 0.0310494 0.0269162
-0.0245582 -0.151918 0.597091
-0.0432081 -0.0516777 -0.743018
0.0965115 0.135829 -0.502397
-0.0296172 -0.0155316 -0.828313
-0.0432081 -0.0161765 0.827983
-0.0432081 -0.00125142 -0.0716437
0.0202163 -0.151918 0.635133
-0.0296172 0.0299332 -0.819556
-0.0296172 -0.0814489 0.0663648
-0.0296172 0.0695288 -0.478804
-0.0296172 -0.0797655 0.660769
0.011068 0.151877 -0.454906
-0.0432081 0.0256882 0.852719
-0.0432081 0.0944893 -0.839311
-0.0432081 -0.0891734 0.0514622
-0.0033694 -0.124336 -0.350341
0.0947252 -0.13102 0.60678
-0.0432081 0.0364011 -0.833289
-0.0282165 0.115477 0.430677
0.0966898 0.137622 0.475709
-0.0355976 -0.151918 0.137982
0.0677477 -0.124336 0.253925
0.0468183 0.124296 -0.145139
-0.0432081 0.0704891 0.19852
0.00475903 -0.151918 0.31668
-0.0277861 0.116336 -0.174491
0.0191239 0.151877 0.13881
-0.0296172 0.0342672 -0.610932
-0.0296172 -0.0167292 -0.777463
-0.0432081 0.0226887 0.336417
-0.0296172 0.00694807 0.217147
-0.0432081 0.111747 -0.276326
-0.0208192 0.151877 -0.00677026
-0.0432081 0.0257588 0.350766
-0.0432081 -0.0620711 0.890123
0.00184792 -0.124336 0.930421
-0.0428861 0.151877 0.559757
-0.0432081 -0.139461 0.0501116
-0.0400849 0.151877 0.798726
-0.00883164 -0.151918 0.882765
-0.0432081 -0.0867985 -0.861595
-0.027253 -0.117285 -0.0148148
-0.0261677 -0.118785 -0.983363
-0.0432081 -0.133027 -0.750785
-0.0432081 0.0527779 -0.860291
-0.0296172 0.0947443 -0.284459
0.0834176 -0.151918 -0.853961
0.0613244 0.124296 0.85995
-0.0296172 -0.0357372 -0.290735
0.0966976 -0.142887 0.23571
-0.0329458 0.151877 0.860044
-0.0296172 -0.0729804 0.740262
0.0615387 0.151877 -0.38723
-0.0432081 -0.0605914 0.348799
0.00514606 -0.124336 -0.661886
-0.0432081 -0.0588738 -0.0956885
0.0892401 -0.125877 -0.165697
0.00281042 0.124296 -0.494613
-0.0432081 0.0958478 -0.663975
0.0658573 0.124296 -0.927186
0.0174716 -0.151918 0.663999
0.0311694 -0.124336 -0.473015
-0.0296172 0.0594123 0.920341
-0.0432081 0.0167142 0.678666
-0.0432081 0.151665 -0.157679
-0.0432081 0.0760333 -0.0894694
-0.00919367 -0.124336 0.42544
0.0255206 -0.151918 -0.352986
0.0964565 -0.13556 -0.0974703
0.083678 -0.124358 -0.988705
-0.0115904 0.124296 0.447006
-0.0432081 -0.0442757 -0.629878
0.0822204 -0.124336 0.648585
-0.0296172 0.107161 0.519781
-0.0296172 -0.0960957 0.874312
-0.0432081 0.00842997 -0.135801
0.0833644 0.124303 0.717382
-0.0432081 0.129635 -0.806767
0.00849218 0.151877 0.327562
0.090971 0.126899 0.538237
-0.0229274 0.121695 0.285674
-0.0106143 0.151877 0.130816
-0.0432081 -0.0945799 0.854138
-0.0296172 -0.00943527 0.767082
-0.017862 -0.151918 -0.851156
-0.0432081 0.0251301 -0.896974
-0.0432081 -0.116804 -0.701336
-0.0150012 -0.151918 -0.254924
0.0401647 -0.124336 0.707134
0.0966976 -0.147557 0.273718
-0.0432081 -0.0538631 0.0108532
-0.0432081 0.0989966 0.0642579
-0.0141494 -0.124336 0.299041
-0.0296172 -0.106329 -0.714661
0.0340097 0.151877 0.390835
-0.0432081 -0.0992458 -0.922952
0.096165 -0.134331 0.400703
-0.0432081 -0.119712 0.96321
-0.0296172 0.0889151 -0.991007
-0.0296172 0.0940239 0.0110041
0.0609618 0.151877 0.685964
-0.0432081 0.117519 -0.305842
0.0841145 0.151877 0.556112
-0.0296172 0.0928211 0.616202
0.0539837 0.151877 -0.201063
-0.0432081 -0.00846267 0.538324
-0.0295703 0.110299 -0.440419
0.042661 0.124296 0.302221
-0.0296172 -0.0342752 0.918911
-0.0432081 -0.0099904 0.873406
-0.0432081 -0.00157662 0.0205886
0.062872 -0.151918 0.522002
-0.0432081 0.075153 -0.854676
-0.000626814 0.151877 -0.246915
0.0961827 -0.134394 -0.342245
-0.0432081 -0.140898 -0.904466
-0.0296172 0.028544 -0.091454
0.0468198 0.124296 -0.276613
-0.0301011 0.151877 0.893435
0.0125739 -0.151918 0.849957
0.0674719 0.124296 0.496444
-0.0432081 -0.0937372 0.505082
-0.0432081 0.0961743 -0.575763
-0.0432081 0.0244807 0.236905
-0.0140323 -0.151918 0.0179894
-0.0296172 0.0584617 0.687506
0.0807566 0.151877 -0.956409
-0.0432081 -0.0808724 -0.266525
-0.0432081 0.151367 -0.636924
-0.0432081 -0.0212916 -0.765751
0.0197697 -0.124336 0.156215
-0.0294617 0.111274 0.245657
-0.0296172 -0.0592072 0.94117
-0.0432081 0.11828 0.704224
-0.0291292 -0.112966 -0.0439734
-0.0432081 -0.0787969 0.212957
0.0154042 -0.151918 -0.503099
-0.000146183 0.151877 -0.935578
-0.00906724 0.151877 -0.203859
-0.0296172 -0.0742828 0.644468
-0.0432081 -0.0333656 0.501002
0.0441342 0.124296 -0.00373909
0.036786 0.151877 -0.685576
0.0123082 0.151877 0.029569
0.0116462 0.124296 0.622464
-0.0432081 0.0851876 0.955889
0.0966976 0.140174 -0.984106
0.00367853 0.124296 0.692634
-0.0296172 0.0435789 0.647854
-0.0296172 -0.054783 -0.321778
-0.0296172 -0.049109 0.723922
0.0350073 0.124296 -0.470406
0.0966976 0.146088 0.160649
0.0921962 -0.127934 0.0462585
-0.0432081 0.10179 0.683055
0.0863517 0.151877 0.818623
0.0966976 -0.148723 0.22137
-0.0432081 0.060771 -0.684582
-0.0296172 0.0744429 -0.942204
0.0248253 -0.124336 0.389066
0.0416334 -0.151918 -0.557889
-0.0432081 -0.126189 -0.506586
0.0632564 -0.124336 -0.477758
0.01786 0.124296 -0.600807
0.0219707 0.124296 0.303901
-0.0265755 -0.118266 0.147371
-0.0432081 -0.0543828 -0.770302
-0.0296172 -0.000662784 0.150428
0.0965429 -0.136067 -0.124634
0.055211 0.124296 -0.972464
-0.0432081 0.0953161 0.147144
-0.0296172 0.0465188 0.899349
-0.00189372 -0.151918 -0.244489
-0.00398744 -0.151918 -0.398958
-0.0296172 0.0190801 -0.159192
-0.0432081 0.144086 0.70882
0.082382 -0.124336 0.334705
0.0471079 0.151877 0.524338
-0.0432081 -0.115221 0.712712
-0.0432081 0.0634353 0.317304
-0.0432081 0.0640243 0.992602
-0.0432081 -0.012628 -0.95205
-0.0432081 0.040297 -0.388662
0.00810185 0.151877 0.576303
0.0966385 0.136811 0.115727
0.0966976 -0.139245 0.631626
0.0966976 -0.13961 -0.579876
-0.0432081 -0.0779637 -0.474935
-0.0296172 0.0623111 -0.740835
-0.0296172 -0.0112125 0.256238
-0.001229 0.124296 0.292622
-0.0432081 -0.0814795 -0.996467
-0.0432081 -0.120537 -0.930005
0.0343704 -0.124336 -0.303424
-0.0296172 -0.00726286 -0.262021
0.0557566 -0.151918 0.139452
0.0954949 -0.151918 -0.920292
-0.029285 -0.112306 0.0496244
-0.0296172 -0.0437627 -0.942517
-0.0432081 0.0746838 -0.971498
0.0707461 0.151877 -0.50263
-0.0296172 0.0320284 -0.409011
0.0889411 -0.151918 0.669734
-0.0317414 -0.151918 0.794434
0.0234909 -0.124336 -0.0835632
-0.0296172 -0.0921569 -0.737093
0.0966976 0.139382 0.201053
0.0699475 0.151877 0.193651
0.0724502 -0.124336 0.297255
-0.0432081 0.042606 0.35748
0.0178119 -0.151918 0.314525
-0.0432081 0.129716 0.362806
0.0823117 0.124296 0.595719
-0.00126101 0.124296 -0.066217
0.0246582 -0.124336 -0.711246
0.0467195 0.151877 0.274704
-0.0432081 0.021725 -0.703339
0.0205352 -0.151918 -0.0133749
-0.0296172 0.0451755 -0.0626157
0.0673212 -0.151918 -0.527475
-0.02095 -0.122865 0.771143
0.0667079 -0.124336 -0.324166
0.0935417 0.129307 -0.815193
-0.0432081 -0.0371392 -0.200812
0.0337745 0.124296 0.0812918
-0.0432081 -0.137509 0.412485
-0.0432081 -0.0785227 0.96889
-0.0296172 -0.0915097 -0.378888
0.0679605 0.151877 0.98822
0.0966976 -0.140862 0.906684
-0.0296172 -0.0359335 0.759658
-0.0432081 0.148729 0.186987
0.0126786 0.124296 -0.132839
-0.0432081 0.0702502 0.146901
-0.0296172 -0.0485678 -0.418022
-0.0432081 0.112866 0.920129
0.00648003 0.151877 -0.734017
-0.0432081 0.0120831 0.0210148
-0.0296172 0.0823614 0.359767
-0.0296172 -0.027685 0.514173
0.000412183 -0.151918 -0.0057294
-0.0296172 -0.0747485 -0.640889
0.059263 -0.124336 0.845571
-0.0432081 0.0666367 -0.634484
-0.0298951 -0.151918 -0.225109
-0.0295254 -0.110814 0.428842
0.0878283 -0.125245 -0.360202
0.0525717 0.151877 0.811413
0.0317772 -0.151918 0.805631
-0.0432081 -0.0408489 0.690464
-0.0296172 -0.0975811 -0.0647175
-0.0432081 -0.0906303 0.201902
0.0249182 0.151877 -0.353317
-0.0296172 -0.0592289 0.58717
0.0647447 -0.151918 -0.462396
-0.0296172 -0.020916 -0.00646653
-0.0296172 0.0525736 -0.381908
0.0278773 0.151877 0.500418
-0.0432081 -0.0986296 -0.127272
-0.0432081 -0.0127135 0.0764498
-0.0432081 -0.139246 -0.0599505
0.0937308 -0.129582 0.308578
-0.0432081 0.151741 0.508666
-0.0432081 -0.0174567 -0.541297
-0.0217986 0.151877 0.60385
0.00570095 0.124296 0.362472
0.0640993 0.151877 0.567841
-0.0432081 -0.0874918 0.742262
0.000754017 0.151877 -0.663507
0.0303273 -0.124336 0.0790149
-0.0432081 0.122407 -0.618115
0.0425123 -0.151918 -0.331258
-0.00888535 0.124296 0.882633
-0.0432081 -0.15026 0.86308
-0.0432081 -0.0434401 0.789278
-0.0347517 0.151877 -0.609602
-0.0432081 0.0714353 -0.619285
-0.0432081 0.0382381 -0.174684
-0.0296172 -0.0960293 0.499761
-0.0432081 -0.0114608 -0.251423
-0.0432081 0.111582 -0.972292
-0.0431282 0.151877 0.0743075
-0.0432081 -0.115366 -0.0420279
0.0612583 0.151877 0.546073
0.0435667 -0.124336 0.614001
-0.0432081 0.126418 -0.020786
0.0327971 -0.151918 0.526957
-0.0296172 -0.0142315 -0.401161
-0.0296172 -0.00913785 -0.217796
-0.0296172 -0.087336 0.139982
0.0531648 -0.124336 -0.802148
0.00262528 -0.124336 -0.195323
-0.0296172 0.0146889 0.165569
-0.0114848 0.151877 -0.531234
0.00943465 0.124296 0.0457757
-0.0290994 -0.113079 0.631959
-0.00255065 0.124296 -0.120092
0.0621208 -0.124336 -0.670673
-0.0296172 -0.0182185 0.245105
0.0845953 0.151877 -0.603964
0.0128634 -0.151918 0.0254676
-0.0432081 0.14877 0.596708
-0.0296172 -0.0314944 -0.697786
-0.0296172 0.0151871 0.0108625
-0.0296172 0.0480243 -0.279138
0.0461618 0.151877 -0.394119
-0.0296172 0.0513292 0.0859664
0.077009 0.124296 -0.599341
-0.0296172 -0.107662 -0.324525
-0.0296172 0.0219691 0.904531
0.058504 0.151877 0.083108
0.0471785 -0.124336 0.79671
-0.0432081 -0.131266 0.212413
-0.0296172 0.00408063 -0.477656
0.0232657 0.151877 -0.0923594
-0.00468419 -0.151918 0.827569
-0.0432081 -0.0154582 -0.359859
-0.0296172 -0.0164829 -0.333297
-0.0283942 0.115078 -0.799512
-0.0432081 -0.0813258 0.465814
0.0280834 0.151877 -0.519409
-0.0296172 0.00518149 0.461365
-0.0296172 0.0245538 0.253351
-0.0432081 0.0077305 -0.358218
0.0901637 -0.1264 -0.792688
-0.0432081 0.0819868 -0.982118
-0.0358294 -0.151918 0.370117
0.0966976 0.147285 -0.580038
-0.0432081 0.0835923 0.274221
-0.0432081 0.114729 -0.885326
0.0735412 0.151877 0.739797
-0.0432081 -0.140274 0.72629
-0.0296172 -0.0914598 -0.176485
-0.00504425 -0.151918 -0.655221
0.0620162 0.151877 -0.610929
-0.0296172 -0.0906449 0.960986
-0.0432081 -0.0217168 0.257197
-0.0432081 0.0120387 0.781407
0.00200907 0.151877 0.000904517
0.0796653 -0.151918 0.378542
-0.0296172 0.0391987 -0.670271
-0.0432081 0.0306185 0.0190929
0.0610313 -0.124336 -0.614012
-0.0294694 -0.111261 -0.552715
-0.0349148 0.151877 -0.727168
-0.0432081 0.122691 0.548009
-0.0432081 0.111802 0.878957
-0.0432081 -0.131981 -0.629847
0.0669786 0.151877 -0.772133
0.0272673 -0.124336 0.920299
-0.0296172 0.103464 -0.0144699
0.0949944 0.131448 -0.283221
-0.00368346 0.124296 0.126185
0.0854466 -0.124572 -0.618073
-0.0432081 -0.133957 0.308513
0.0124778 0.124296 -0.630563
0.00265365 -0.124336 -0.846416
-0.0432081 -0.0578088 0.259838
0.0353301 -0.151918 -0.839893
0.0323375 -0.151918 -0.274967
0.0557127 -0.124336 0.124737
-0.0432081 -0.120469 -0.964912
-0.0101741 -0.124336 -0.179249
0.0575121 -0.124336 -0.365487
0.095072 0.131591 -0.697307
0.0966125 0.136557 0.7762
-0.0296172 0.0968297 -0.1211
-0.0296172 0.0981194 -0.0386873
0.0966976 0.141712 -0.45507
-0.0296172 -0.104309 0.257058
-0.0315098 0.151877 -0.212545
-0.0432081 -0.0718849 -0.0874616
0.0669097 0.124296 0.610756
-0.0160962 0.151877 0.0686484
-0.0201073 -0.151918 0.859148
-0.0296172 0.00610373 -0.646271
-0.0296172 0.0294104 -0.79242
-0.0432081 -0.0249956 0.442364
0.0831279 0.124298 -0.987411
0.0853883 -0.151918 0.480284
-0.0266467 -0.151918 -0.2374
-0.0296172 0.0262451 -0.519503
-0.0432081 -0.00650926 0.983847
-0.0296172 -0.0780669 0.0423951
0.0193988 0.124296 -0.411803
-0.0296172 -0.0768892 -0.314734
-0.0296172 -0.106195 0.182986
-0.0432081 -0.126993 0.702409
0.0344492 -0.124336 -0.816928
0.067596 0.124296 -0.216995
-0.0296172 -0.06832 -0.254141
-0.0432081 -0.0300576 -0.316993
-0.0296172 0.0753396 -0.959796
0.0589317 0.124296 -0.803712
-0.0432081 -0.102652 -0.973999
-0.0432081 -0.150664 0.876911
0.0527035 -0.124336 0.820412
-0.0294151 0.111576 0.865787
-0.00730128 0.151877 -0.059713
0.0651001 -0.124336 -0.409957
0.0357767 -0.124336 -0.801871
-0.0236104 0.151877 0.0435739
-0.0432081 0.0607698 -0.0499204
-0.0432081 -0.0991423 0.986015
-0.0286018 0.114567 0.328833
-0.0432081 -0.109438 -0.137172
-0.0432081 0.146407 0.137812
-0.0432081 0.102749 0.322449
-0.0296172 -0.0546105 0.283322
-0.0296172 0.0611186 -0.334441
0.0485907 -0.124336 -0.78088
-0.0432081 -0.0286943 -0.254126
-0.0296172 -0.0197976 0.837117
-0.0401991 0.151877 0.0281624
0.0448929 0.151877 0.380097
0.0406815 -0.124336 0.0869988
0.0471228 0.124296 0.976504
-0.0280265 -0.115914 0.351799
-0.0296172 0.0794963 -0.723705
0.00659312 -0.124336 -0.874647
-0.0432081 -0.0656548 0.295826
-0.0296172 -0.00881612 -0.715779
-0.0296172 -0.0911543 -0.351221
-0.0432081 -0.0273044 -0.45564
-0.0246585 0.120333 0.646928
-0.0296172 0.0225782 0.30243
0.0300618 0.151877 -0.963414
-0.0432081 0.0585249 0.745283
0.0524538 -0.124336 0.356317
0.0966976 0.14969 -0.961143
-0.0305543 -0.151918 0.201443
0.0669159 0.151877 -0.555096
-0.0138046 0.124296 -0.537706
-0.0296172 0.0163485 -0.901854
-0.0432081 0.15177 -0.0137158
0.0962327 0.134536 -0.788909
-0.0296172 0.020858 -0.609738
0.0854493 0.151877 0.577106
0.0715148 0.151877 -0.598538
0.0758173 -0.124336 -0.632419
-0.0067044 -0.124336 -0.494712
0.0517068 -0.151918 0.754244
-0.0432081 -0.121655 0.238054
0.076803 -0.124336 0.973085
-0.0296172 -0.0434904 -0.0261198
-0.0296172 0.104573 0.283733
0.0804792 0.151877 -0.359806
-0.0296172 -0.00625686 0.564012
0.0723674 -0.151918 0.821436
-0.0296172 0.0520596 0.939108
-0.0432081 0.127006 -0.504467
-0.0432081 0.0948394 0.648698
0.0774206 0.124296 0.483909
-0.0432081 -0.046601 -0.164576
-0.0432081 0.0657959 -0.434773
0.016262 0.151877 0.0415983
0.0644352 -0.151918 -0.407907
0.0682506 -0.151918 -0.659537
0.0863508 -0.124773 0.714697
0.0643066 -0.151918 0.775368
-0.0296172 0.0125847 -0.187206
-0.0432081 -0.112133 -0.427702
-0.0432081 -0.0863483 0.888309
0.013711 0.151877 -0.688914
-0.0296172 -0.0129714 -0.467472
0.0235838 -0.124336 0.749163
-0.0269144 0.117755 0.570815
-0.0296172 -0.0162907 0.471917
-0.0432081 -0.0511898 -0.120214
0.0731751 0.151877 0.137069
-0.0432081 -0.0329561 0.723991
-0.0432081 0.124353 -0.344204
-0.0410237 -0.151918 0.983864
-0.0296172 0.0237114 0.685733
0.0118117 0.124296 0.573912
-0.0296172 0.0360156 0.516122
0.0218912 0.151877 0.459437
-0.0432081 -0.0896333 -0.611033
-0.0432081 0.0231704 0.878653
-0.0296172 -0.0920771 0.583072
0.00944879 0.151877 0.266687
0.0966976 -0.138784 -0.632954
0.0617727 -0.124336 -0.745933
-0.0432081 -0.13107 0.605467
-0.0296172 -0.068316 -0.0121641
0.0104156 -0.151918 0.829714
-0.0296172 -0.0558833 0.0436336
0.0923709 0.128056 -0.210617
0.0178844 0.124296 0.287784
-0.0432081 -0.0377322 -0.369865
0.0444834 -0.151918 -0.667136
0.0844248 -0.151918 0.0702486
-0.0432081 0.0272833 0.559681
-0.00523735 -0.151918 -0.46718
-0.0141024 0.124296 -0.40056
-0.0432081 -0.104404 0.478124
-0.0432081 0.0575456 0.090944
-0.0432081 -0.145097 -0.595382
0.0422784 0.151877 0.304814
-0.0432081 -0.0511169 -0.542164
-0.0432081 -0.127135 0.911223
-0.00572791 -0.124336 -0.0150056
-0.0296172 0.0555446 -0.260853
0.0205476 -0.151918 0.163623
0.0631269 -0.124336 0.886012
0.0220998 0.124296 -0.0665638
0.0546479 0.151877 -0.930708
-0.0296172 -0.0213032 -0.145378
-0.0164088 -0.151918 0.986801
0.0640082 -0.124336 0.196692
-0.0296172 0.00825115 0.342432
0.063806 -0.124336 0.607322
-0.0432081 -0.00935041 0.91724
-0.0127665 -0.151918 -0.710483
0.060028 0.124296 0.56508
-0.0120739 0.124296 -0.813972
0.0139948 0.151877 -0.438192
-0.0161581 -0.151918 -0.443412
0.081052 -0.124336 -0.676082
-0.0296172 0.0794401 0.999493
0.0424416 0.124296 -0.349809
0.0607852 0.151877 -0.101272
0.0929571 -0.151918 -0.683357
-0.0296172 0.108026 0.666161
-0.0432081 -0.12115 -0.589111
-0.0245069 0.12047 -0.851837
0.0962245 0.134505 -0.884997
-0.0305473 -0.151918 0.108942
-0.0432081 -0.132534 -0.766497
-0.0432081 0.0742413 0.843444
-0.0432081 0.0911337 -0.95657
-0.0369215 0.151877 -0.885529
0.0697744 -0.151918 -0.596026
-0.0296172 0.0910261 -0.611193
0.0310177 0.151877 0.119454
0.0157817 -0.124336 -0.91545
-0.0432081 0.0145479 0.616499
0.0807478 0.151877 0.113997
0.0950231 0.1315 -0.424129
-0.00101846 0.151877 0.409172
