ply
format ascii 1.0
element vertex 8206
property float x
property float y
property float z
end_header
-0.0954223 -0.604193 0.91964
0.261608 0.758292 -1
-0.0897788 -0.761873 -0.666676
0.279234 0.761146 0.481358
-0.0226691 0.152042 -0.2536
0.280336 -0.744358 0.135402
-0.0944905 0.229926 0.998713
0.280336 0.76021 -0.200191
0.165971 0.695189 0.998367
-0.0226123 0.62198 -0.594242
0.279623 -0.722075 -0.999677
-0.0226607 -0.620896 -0.214436
0.242551 -0.695916 0.601945
0.267192 0.70182 0.142348
-0.0241552 -0.698111 0.998713
0.261926 0.761146 -0.997223
-0.0932076 -0.761873 -0.61257
0.260985 0.761146 0.554555
-0.0954223 0.189368 -0.22664
0.278362 -0.717657 0.178366
-0.0954223 0.138194 0.995238
-0.0320236 -0.0507351 -1
-0.0954223 -0.166 0.370219
0.280336 0.75908 -0.134696
-0.0954223 -0.389624 -0.163168
-0.0954223 0.658668 -0.557896
-0.0954223 0.712847 0.993866
-0.0954223 0.399014 0.299648
0.280096 -0.734672 -1
-0.0954223 -0.754267 0.508422
-0.0954223 0.431957 -0.993317
0.280336 -0.759516 -0.304981
-0.0226691 -0.300793 -0.610839
-0.0226691 -0.277334 0.814324
-0.0954223 -0.505894 -0.993822
-0.0952078 0.761146 0.071848
0.280336 -0.756313 0.707224
-0.0226691 0.201768 -0.643728
-0.0226691 0.422364 0.708363
-0.0954223 -0.757113 0.0161532
0.280336 0.757223 -0.590426
0.280336 0.75782 0.953726
-0.0954223 0.740046 0.44729
-0.0226691 -0.0718873 0.0201891
-0.0226691 0.546438 -0.215983
-0.0226691 0.0506156 0.649332
-0.0226691 -0.502789 0.256103
0.23536 0.695189 0.209462
0.256588 -0.697234 -0.653293
-0.0698485 0.761146 -0.887315
-0.0226691 -0.111647 -0.335135
-0.0954223 -0.68152 -0.298512
-0.0954223 -0.42202 0.546072
-0.0226691 0.107386 0.262276
0.0189186 0.761146 0.725282
-0.0226691 0.360747 0.0138969
0.27154 -0.708789 0.998713
0.00874628 -0.761873 -0.894322
-0.0344798 0.423719 0.998713
0.100346 0.761146 -0.365475
-0.0954223 0.384974 -0.438118
0.18043 -0.695916 0.448412
-0.0954223 -0.0545016 -0.720561
-0.0954223 -0.612614 0.745523
-0.0226691 0.460707 -0.728475
0.16642 -0.695916 -0.0672801
-0.0226691 -0.54053 -0.737679
-0.0954223 -0.274126 -0.868675
0.0116668 -0.761873 0.256625
-0.0954223 0.183583 -0.903748
-0.0954223 -0.308008 0.0988589
-0.0880175 -0.447881 0.998713
-0.0954223 0.258927 0.51432
-0.0954223 -0.453722 -0.419329
-0.0954223 -0.117058 0.998474
0.092359 -0.695916 -0.469552
0.133593 0.695189 -0.772862
0.0315918 0.761146 -0.129466
-0.0226691 -0.526576 0.0201493
-0.0954223 0.0887046 -0.441152
-0.0226691 -0.181893 0.594446
-0.0226677 0.619508 0.256404
-0.0226691 0.525617 0.493419
0.0730507 -0.761873 0.801332
-0.0954223 0.142786 0.0054006
-0.0954223 0.217708 0.780393
0.115162 0.761146 0.389135
-0.0954223 0.597476 0.806203
0.233571 0.695189 0.75569
-0.0954223 -0.179291 -0.14637
-0.0954223 0.55706 -0.01085
-0.0954223 0.729961 -0.294768
-0.0954223 0.0357872 0.443398
-0.0954223 -0.0728215 0.796707
0.110116 0.761146 0.0608709
0.0904733 0.695189 0.910186
-0.0954223 -0.130912 -0.524414
0.0765532 0.761146 -0.585703
-0.0226691 0.00977915 -0.171884
0.0894582 -0.761873 -0.240027
-0.0226691 -0.579636 0.447202
0.0686953 -0.695916 0.61095
-0.0954223 -0.0640133 0.200935
0.0817202 -0.761873 -0.708561
0.079539 0.695189 -0.995583
-0.0954223 -0.360092 0.362257
-0.0954223 0.253411 0.1611
-0.0954223 -0.576838 -0.564761
-0.0226691 0.567138 -0.407873
-0.0954223 0.571269 -0.864651
-0.0226691 0.360905 -0.175734
-0.0154745 -0.652076 -0.126845
-0.0226691 -0.303184 -0.331389
0.280259 0.725916 -0.32147
-0.0226691 -0.442257 0.722653
0.202981 -0.695916 -0.834796
0.0771724 0.695189 0.560997
0.0850033 -0.695916 0.0993258
-0.0954223 0.646494 0.613683
-0.0954223 -0.644197 0.161047
-0.064518 0.761146 -0.705034
0.264988 -0.761873 -0.484493
-0.0226691 -0.516715 -0.267647
-0.0226691 -0.279566 0.995246
-0.0226691 0.474078 0.154177
-0.0954223 0.302473 -0.773249
0.280336 0.72809 0.0394567
-0.0226691 0.233654 -0.378334
-0.0940079 -0.761873 0.852999
-0.0226691 0.0752628 0.850237
-0.0226691 0.0194071 -0.581003
-0.0954223 0.357315 -0.608016
-0.0226691 0.253301 0.354611
-0.0226691 0.0923928 -0.77554
-0.0226691 -0.255264 0.244056
-0.0949686 -0.677602 -1
-0.0954223 -0.698738 -0.77069
-0.0954223 -0.386696 -0.741299
0.278458 0.717199 0.37307
0.0708941 0.761146 0.225134
-0.0652152 -0.761873 -0.4437
-0.0261884 -0.352742 -1
-0.0226691 0.507506 -0.56722
-0.0226691 -0.554582 0.887049
0.280336 0.753454 -0.828875
-0.0226691 0.278591 0.917985
-0.0756061 -0.761873 0.675267
-0.0226691 -0.291997 -0.0506759
0.117187 -0.697526 -1
0.154003 0.695189 -0.215339
-0.0226691 -0.203268 -0.741978
-0.0954223 -0.691412 0.35635
0.125478 -0.761873 0.95536
-0.0408732 0.761146 -0.446273
-0.0954223 0.757687 0.838474
0.280336 -0.75977 0.339706
-0.0226691 -0.56368 0.609601
-0.0954223 -0.305005 0.667389
-0.0938475 0.761146 0.281252
-0.0954223 0.663395 -0.132833
0.227951 -0.695916 0.844846
-0.0954223 0.413072 0.849607
-0.0226691 -0.596966 -0.421976
-0.0226691 0.291318 -0.998142
0.206981 0.695189 -0.461401
0.0394644 -0.761873 0.423012
-0.0954223 -0.1105 -0.86876
0.279577 -0.761873 0.0197879
-0.0879154 0.650472 -1
-0.0226691 -0.595599 -0.887693
-0.0954223 -0.278158 -0.467529
0.280336 -0.76139 0.551148
-0.0226691 -0.440098 -0.868624
0.152759 -0.695916 0.276896
-0.0954223 0.608538 -0.710799
-0.0226691 0.268945 0.651633
-0.0954223 -0.272071 0.490614
-0.0226691 0.573468 0.959269
-0.0954223 0.404396 0.568025
0.2784 -0.761873 -0.151507
-0.0738863 -0.199164 -1
-0.0226691 0.0589234 0.110197
-0.0954223 0.428299 -0.291961
-0.0954223 0.237877 -0.512201
-0.0217177 0.631038 0.0998206
-0.0226691 -0.444263 -0.559664
-0.0954223 0.264975 -0.0836901
-0.0226691 0.386267 0.434719
-0.0226691 -0.0329014 0.330786
-0.0954223 0.539914 0.361347
-0.0954223 0.0223954 -0.302414
-0.0954223 -0.40788 0.85466
-0.0226691 0.39805 -0.864319
-0.0954223 -0.45824 0.130767
-0.0954223 -0.0489714 0.565444
-0.0226691 0.0971248 -0.999834
0.157616 0.695189 -0.0623325
-0.0226691 0.00782153 0.980224
-0.0226691 -0.176039 0.122173
0.0365805 -0.761873 -0.0427221
-0.0954223 -0.533309 -0.141791
-0.0954223 0.0337184 -0.884737
-0.0226691 0.12763 0.529398
-0.0954223 -0.412438 -0.0214408
0.15866 0.761146 0.656314
-0.0950141 -0.761873 -0.182979
0.150355 -0.761873 -0.585885
0.163737 -0.695916 -0.348949
0.152747 0.761146 -0.897041
-0.0108422 -0.660525 -0.666923
-0.0954223 0.454769 -0.104334
-0.00770642 0.664369 -0.810164
-0.0226691 0.139826 -0.120061
-0.0226691 0.55945 0.695303
-0.0226691 -0.036482 -0.455249
-0.0226691 -0.15084 0.887218
-0.0226691 -0.0910201 0.457178
-0.0954223 -0.190057 0.00190875
-0.00490291 0.667927 -0.0326885
-0.0226691 -0.164295 0.729411
-0.0954223 0.0234916 -0.0563699
0.00882818 0.680722 0.37473
0.161119 -0.695916 0.724971
-0.0226691 -0.279467 -0.196353
-0.0905713 -0.581617 0.998713
-0.0420616 0.761146 0.57353
-0.0954223 -0.364427 0.224661
0.0130525 0.68357 -0.234998
0.0416542 -0.761873 -0.363269
-0.0954223 -0.496435 0.375233
0.266471 0.701293 -0.708019
-0.0954223 -0.405596 -0.294871
0.13101 0.761146 0.803048
-0.0954223 0.145299 0.366939
-0.0954223 0.157991 0.634509
-0.0226691 0.541463 -0.971493
-0.0226691 -0.129097 -0.632369
-0.0954223 -0.203402 -0.274292
-0.0226918 -0.761873 0.130559
-0.0134142 -0.65615 0.0216804
-0.0954223 0.0873878 -0.663879
0.184991 0.695189 0.474402
0.0729356 0.695189 -0.475578
0.0249669 -0.761873 -0.556441
0.155483 0.761146 0.99843
-0.0226691 0.351077 0.198388
0.196998 -0.695916 -0.225041
0.00118042 0.674387 -0.639827
-0.0954223 0.599147 -0.309026
-0.0219965 -0.629864 0.273429
-0.0226691 0.320174 0.794966
0.00207752 -0.675948 0.860513
-0.0226691 0.236093 0.0483285
0.0251252 0.756083 0.998713
-0.0954223 0.294919 -0.29482
-0.0226691 -0.420229 0.443961
-0.0954223 0.697019 0.727721
-0.0954223 -0.483102 -0.653102
-0.0226691 0.127041 -0.306308
-0.0942848 0.761146 -0.0556195
-0.0954223 -0.0869452 -0.231773
0.00977647 -0.682125 0.7306
0.172706 0.695189 -0.626618
-0.0226691 0.140765 -0.535482
0.280336 -0.760331 -0.756429
-0.0954223 0.0550145 0.752885
-0.0226691 -0.183632 -0.435048
0.00414598 0.677046 0.81394
0.0739341 -0.695916 -0.81367
0.00815965 0.680233 -0.358335
0.175036 -0.761873 0.614206
-0.0954223 0.524345 0.59391
-0.0166352 0.648746 0.497578
-0.0954223 -0.661966 0.604876
-0.0954223 0.448227 0.0592398
0.159587 -0.761873 0.174145
-0.0237458 0.761146 -0.999911
0.0248705 0.761146 0.470676
-0.0226691 -0.263351 0.374877
0.208318 0.695189 0.879421
-0.0226691 0.209613 -0.810792
-0.0226691 0.509504 0.847549
-0.0954223 0.681613 0.181072
-0.0226691 -0.326984 0.569466
-0.0226691 -0.088591 -0.102353
-0.0226691 0.494137 0.276961
0.00782126 -0.680708 0.509179
-0.0226691 -0.552315 0.140488
0.159643 -0.761873 0.0351648
-0.0226691 -0.133547 0.268269
0.155868 0.695189 0.299582
-0.0954223 -0.246709 0.907833
-0.0226691 -0.030011 -0.816543
-0.0954223 0.308981 -0.892092
-0.0954223 -0.610303 -0.049949
0.126447 -0.761873 -0.899562
0.0580742 0.761146 -0.711593
-0.0226691 -0.0690019 0.655484
-0.0954223 0.136069 0.162425
-0.0954223 0.564124 0.183206
-0.0226691 0.32943 -0.5148
0.10885 -0.761873 0.517168
0.0452057 0.761146 -0.851268
-0.0954223 0.662729 -0.414834
-0.0954223 0.501807 -0.471677
0.280336 0.760753 0.66963
-0.0226691 0.574714 -0.102832
-0.0226691 -0.364567 -0.437936
0.0108702 0.761146 0.12107
-0.0954223 -0.510709 0.800976
-0.039536 0.761146 -0.574519
-0.0226691 0.142627 0.73037
0.00734946 -0.680352 -0.245716
-0.0954223 0.21927 0.271895
-0.0226691 -0.395828 0.0669837
-0.0954223 -0.700107 -0.885661
-0.0954223 0.166645 0.883276
-0.0226691 0.348741 -0.696377
-0.0954223 -0.515394 -0.822479
-0.010517 -0.661034 -0.515958
-0.0954223 0.653634 0.337467
-0.0691308 0.761146 -0.185139
0.135691 0.695189 0.154722
0.280336 -0.760025 -0.888049
-0.0954223 -0.745729 0.222304
-0.0954223 0.32811 0.995545
-0.0954223 0.181338 -0.728254
-0.0954223 -0.227961 -0.658256
-0.0954223 -0.0287051 0.901366
-0.0954223 -0.561561 -0.342049
-0.0226691 -0.453845 -0.104848
-0.0954223 -0.48327 0.646334
-0.0954223 -0.532966 0.524133
-0.0226691 -0.31465 -0.79222
-0.0226691 0.358342 -0.356022
-0.0954223 0.465455 -0.642672
-0.0954223 -0.661189 0.919455
-0.0954223 0.332558 0.708929
-0.0226691 -0.378956 0.934731
-0.0226691 -0.192433 -0.900761
0.00862993 0.680578 0.647756
-0.0954223 0.494583 0.763355
-0.000766634 0.67248 -0.921095
0.169284 -0.695916 -0.72807
-0.0954223 0.46752 -0.812387
-0.0226691 0.249923 -0.168153
-0.0226691 -0.213156 -0.542276
0.0185352 -0.761873 -0.154529
0.140018 -0.761873 0.368789
-0.0954223 -0.160481 0.504041
-0.0954223 0.494326 0.933149
-0.0954223 -0.361425 -0.551654
0.053298 -0.695915 0.334853
0.0101188 -0.730205 -1
-0.0954223 0.0243507 0.271018
-0.0954223 -0.631795 -0.200406
-0.0954223 0.656859 0.898358
-0.0339422 -0.761873 -0.705556
0.239656 0.695189 -0.912197
-0.0954223 0.342219 0.0971968
0.000185578 0.761146 0.891042
-0.0226691 0.556972 -0.784568
-0.0954223 -0.0193927 0.0882159
-0.0954223 -0.195645 0.811532
-0.0226691 -0.586621 -0.999538
-0.0226691 0.464125 -0.0199587
-0.0226691 0.456825 -0.401435
0.220679 0.761146 0.124681
-0.0954223 0.0870585 -0.192072
0.278617 0.761146 0.831185
-0.0954223 -0.590921 0.0665197
0.0198328 -0.761873 0.922803
-0.0954223 -0.373541 -0.92041
0.169738 -0.761873 -0.434596
-0.0226691 -0.404614 -0.662699
-0.0954223 -0.641134 0.496495
-0.0175087 -0.761873 0.585374
-0.0226691 0.206547 0.455871
-0.0954223 -0.054702 -0.607671
-0.0954223 0.326179 0.383
-0.0954223 -0.103733 -0.412837
0.174431 0.695189 -0.326524
-0.0226691 0.0126533 0.517653
0.120456 -0.695916 0.870114
-0.0954223 -0.363224 0.75808
0.280336 -0.733408 0.448508
-0.0226691 -0.404776 0.299016
0.139262 -0.761873 -0.1463
-0.0954223 -0.716406 -0.0872963
0.0788486 -0.761873 0.693092
-0.0954223 -0.186698 0.209415
-0.0226691 0.0686444 0.365176
-0.0226691 0.32143 0.558596
0.105345 0.695189 0.724642
0.0847382 0.761146 -0.260129
-0.0954223 -0.591449 -0.680574
0.00847778 0.761146 0.0143728
-0.0954223 0.456938 0.461792
-0.0226691 0.547678 -0.666031
-0.0226691 0.595771 -0.510601
-0.0954223 0.669209 0.0201008
-0.0226691 0.0382274 -0.381769
0.222048 -0.695916 0.0873251
-0.0954223 0.0634782 0.573167
-0.0954223 -0.669519 -0.40501
-0.0226691 -0.250469 0.04533
0.201764 -0.695916 -0.939476
-0.0226691 -0.533566 -0.504307
-0.0954223 0.592569 0.459844
0.275333 -0.761873 0.909616
0.0762418 -0.695916 0.20265
0.236199 0.761146 -0.234508
0.280336 0.760371 -0.42802
0.235142 0.761146 0.289345
0.183146 0.695189 0.580362
0.00629566 0.761146 0.307349
-0.0226691 0.0162155 -0.700691
0.178458 0.761146 -0.707234
0.0802703 -0.695916 -0.623143
0.167377 0.761146 -0.536868
-0.0954223 -0.285452 -0.123454
-0.0226691 0.502819 -0.309228
-0.0226691 -0.0176981 0.748871
0.192036 -0.695916 -0.518954
-0.0226691 0.111775 -0.896563
0.25682 -0.697302 -0.391381
-0.0226691 -0.543914 0.709947
-0.0954223 -0.240414 -0.372514
0.178296 0.761146 -0.140284
-0.0221134 -0.628948 -0.788714
-0.0226691 -0.191956 -0.0707815
-0.0954223 -0.563749 0.298756
-0.0954223 0.162854 -0.371377
-0.0954223 0.270601 -0.661548
0.251718 -0.696205 0.630402
-0.0226691 0.1927 0.206142
0.18321 0.696976 -1
-0.0954223 -0.199355 0.663027
-0.0954223 0.217452 -0.999416
-0.00458761 -0.669028 -0.345813
-0.0226691 0.208694 0.993551
-0.0226691 0.472304 0.3808
0.0100304 0.681575 0.183383
-0.0954223 0.0279301 -0.988887
-0.0948239 -0.761873 0.95395
-0.0954223 0.726713 -0.794681
-0.00288144 0.670245 0.938996
-0.0226691 -0.155918 -0.221315
0.271534 -0.706465 -0.0637811
-0.0954223 -0.711964 0.761093
-0.0954223 0.00125149 -0.514121
-0.0226691 -0.418706 -0.226035
-0.0954223 -0.192214 -0.81036
-0.0226691 0.00919456 0.197363
0.184488 0.695189 0.0478817
-0.0954223 0.424636 0.202008
-0.0226691 0.0763945 -0.0122591
-0.0226691 0.428696 -0.503495
-0.0226691 0.378098 0.909396
-0.0226691 -0.45109 -0.345943
-0.0342929 -0.761873 -0.285101
-0.0226691 -0.0765259 0.127149
-0.0954223 -0.306079 -0.263454
-0.0226691 0.457195 0.610007
-0.0226691 -0.42138 0.619987
-0.0954223 0.287419 -0.4223
-0.0954223 0.0746062 0.919608
-0.0226691 -0.426085 0.193828
-0.0954223 0.360285 -0.057704
-0.0954223 -0.119737 0.0712542
-0.0226691 -0.549482 -0.077587
-0.0226691 0.504997 -0.86797
-0.0954223 -0.709366 -0.526306
-0.0954223 -0.0560697 0.401214
-0.0954223 -0.245949 0.311411
-0.0226691 -0.207393 0.457902
-0.0226691 0.218722 0.566286
-0.0226691 0.527018 0.0717077
-0.0954223 0.569381 -0.598041
0.228861 0.761146 -0.0510188
-0.00421017 -0.66947 0.409315
-0.0954223 0.309143 0.86059
-0.0226691 -0.545214 -0.633879
-0.024832 -0.761873 0.349785
-0.0226691 0.329444 0.293809
0.117797 0.761146 0.499819
0.208938 -0.695916 0.541753
-0.0954223 -0.288817 -0.968304
0.0930013 -0.695916 0.00114769
-0.0954223 0.66263 -0.901188
-0.0226691 -0.32089 0.162015
-0.0954223 0.0263004 -0.785196
0.251992 -0.761873 -0.580888
-0.0226691 0.448154 -0.228981
-0.0226691 -0.323616 0.452053
-0.0226691 0.234191 -0.272427
-0.0954223 -0.345264 0.989172
0.0717106 -0.695916 -0.107764
-0.0954223 0.761074 0.654255
0.221528 -0.761873 0.260425
0.257457 0.761146 0.456532
-0.00748694 -0.665391 0.127052
0.00533684 -0.761873 -0.797692
-0.0954223 0.394869 -0.739787
-0.0226691 -0.262676 0.714432
-0.0226691 -0.44832 -0.765703
-0.0954223 0.287299 0.0100059
-0.0954223 -0.351021 -0.37408
-0.0226691 -0.125069 -0.802418
-0.0226691 0.588587 0.572202
-0.0954223 0.350907 0.486809
-0.0954223 0.0855942 -0.565127
0.141847 -0.761873 -0.798144
-0.0954223 -0.00850548 0.671177
0.171495 -0.761873 0.804306
-0.00272234 0.761146 -0.298798
-0.0226691 0.188773 -0.0362428
-0.0226691 -0.184552 0.985964
-0.0954223 -0.0739255 -0.0415508
-0.0226691 -0.0352407 -0.265529
-0.0954223 -0.269476 -0.744159
0.0570657 0.761146 0.631501
0.0902378 0.761146 -0.0478487
-0.0954223 0.68327 -0.65164
-0.0954223 -0.341225 -0.657539
-0.0751512 -0.761873 -0.955209
-0.0954223 -0.487732 0.906306
-0.0954223 0.141546 -0.814464
0.0347755 -0.761873 0.0530941
-0.0954223 0.127322 0.468391
-0.0954223 0.515463 -0.376007
-0.0954223 0.619113 -0.216529
-0.0954223 -0.599457 0.386312
-0.0226691 -0.450407 -0.969976
-0.0226691 0.242525 -0.917167
-0.0954223 -0.258796 0.584181
-0.0226691 0.296666 -0.603439
-0.0226691 0.382255 -0.95917
-0.0226691 0.171756 0.823236
-0.0226691 -0.0206635 -0.91048
0.168154 0.761146 0.215508
-0.0359103 0.761146 0.204856
-0.0954223 0.305012 -0.201097
-0.0954223 0.538095 -0.150256
0.212692 -0.695916 0.354363
0.194255 -0.695916 0.946517
0.222583 0.695189 0.995368
-0.0226691 0.147227 -0.429387
-0.0226691 -0.3118 -0.51749
-0.0954223 -0.091593 0.312847
-0.0226691 -0.515242 0.995417
-0.0226691 0.586121 0.400897
-0.0226691 -0.597603 0.802879
0.0740493 -0.696498 0.998713
-0.0226691 -0.46603 0.843632
-0.0226691 -0.0302157 0.842213
-0.0226691 0.142614 0.0678897
-0.0954223 -0.321438 0.00100818
-0.0954223 -0.684572 0.0753963
-0.0226691 -0.0789825 -0.552312
-0.0954223 -0.5223 0.200511
-0.0954223 0.696644 0.531635
0.0120987 0.682963 -0.547287
-0.0226691 -0.080663 0.94904
-0.0226691 0.259011 -0.731526
-0.0954223 -0.114689 -0.961998
-0.0226691 0.605629 0.870773
-0.0954223 -0.475981 -0.215144
-0.0954223 -0.106652 0.699566
0.000378653 0.673618 -0.12568
0.19052 0.761146 -0.80614
-0.0954223 0.464767 0.667365
-0.0226691 0.413919 -0.596462
-0.0954223 -0.50636 -0.0391641
-0.0203106 -0.761873 0.783267
-0.0954223 -0.0506985 -0.145867
-0.0954223 0.317403 0.615982
-0.0226691 0.128565 0.938623
-0.0954223 0.496331 -0.926861
-0.0226691 0.305847 -0.830281
-0.0226691 -0.577712 -0.182181
-0.0226691 -0.317088 -0.912956
0.196443 0.761146 -0.389499
0.279721 -0.761873 0.806332
-0.0954223 -0.658044 -0.608452
0.171793 -0.761873 -0.284159
0.0286692 -0.761873 -0.46103
-0.0954223 -0.541684 -0.446539
-0.0954223 -0.600876 -0.943869
-0.0950637 -0.761873 0.41552
-0.0954223 0.620142 0.99073
-0.0954223 -0.148503 -0.729081
-0.0226691 -0.477976 0.540652
-0.0226691 -0.348281 -0.125361
0.074734 -0.695916 -0.308375
-0.0941334 -0.761873 -0.354602
-0.0954223 0.178464 -0.593163
-0.0954223 0.194267 0.0885262
-0.0118376 -0.65891 0.642019
-0.00912187 0.761146 -0.777901
-0.0226691 0.402466 0.0950986
-0.0954223 0.303926 0.237139
0.0817868 0.695189 0.443601
-0.0954223 0.517726 -0.718969
-0.0226691 -0.357747 0.685123
-0.0226691 -0.554036 0.355873
-0.0954223 0.234277 0.409075
-0.0954223 -0.628163 -0.485786
0.0905875 0.695189 -0.90013
-0.0954223 0.45541 -0.552584
-0.0954223 -0.276715 0.193067
-0.00115164 -0.672813 -0.930906
-0.0226691 -0.210443 -0.327796
0.0481766 0.695004 0.07199
-0.0954223 -0.650707 0.82967
0.0922223 0.695189 -0.141145
-0.0188801 0.642759 0.733597
-0.0954223 -0.357225 -0.826664
0.182303 -0.761873 -0.997896
0.194078 -0.761873 -0.671713
-0.0954223 -0.00912824 -0.406239
-0.0226691 0.425708 0.515815
-0.0226691 0.295571 0.441855
-0.0226691 0.350139 -0.266279
-0.0954223 -0.455714 0.283907
-0.0226691 -0.0988763 0.54842
-0.0954223 0.578054 0.0846731
-0.0226691 -0.37376 0.809588
-0.0226691 0.0570971 -0.483053
-0.0954223 0.413599 -0.189523
-0.0954223 -0.614959 -0.839013
-0.0226691 -0.271122 -0.415092
-0.0954223 0.234161 0.947883
-0.0226691 0.0550293 -0.24916
-0.0954223 0.0624527 0.0522085
0.0637968 0.695189 0.289222
0.133827 0.761146 -0.454052
-0.0954223 0.191324 -0.134197
-0.0954223 -0.441488 -0.50772
0.0889263 0.695189 -0.657217
-0.0226691 0.295923 0.128391
-0.0954223 -0.578764 0.663259
-0.0954223 -0.258993 -0.564997
-0.0954223 0.632339 -0.800065
0.088773 -0.695916 0.456422
-0.0226691 0.364793 0.640675
-0.0954223 0.504947 -0.245631
0.177251 0.695189 0.385935
-0.0954223 -0.471234 0.460406
-0.0954223 0.111745 -0.0777706
-0.0954223 -0.319314 0.852858
-0.0226691 0.42213 0.800237
-0.0954223 0.0477657 0.16028
0.235061 0.695189 -0.175477
-0.0954223 -0.0644651 -0.31857
-0.0293317 0.761146 0.388114
-0.0226691 0.313469 -0.0952924
-0.0954223 0.243894 0.694702
-0.0226691 0.256086 -0.463581
0.278877 0.718466 -0.506573
0.0892446 0.695805 0.998713
-0.0226691 0.135037 -0.207889
-0.0226691 -0.117033 0.356446
-0.0954223 -0.128815 0.610485
-0.0954223 0.546556 0.273641
-0.00850268 0.663274 -0.443007
0.0371845 0.761146 0.811251
-0.0226691 -0.619417 0.95772
-0.0954223 0.125985 0.805369
-0.0226691 0.126654 -0.693299
0.0126337 0.683306 -0.726942
0.147809 0.761146 0.904035
0.222534 -0.695916 -0.138007
-0.0954223 -0.479456 -0.90209
-0.0226691 -0.599144 -0.29678
-0.0226691 -0.281748 -0.697637
-0.0954223 0.73761 -0.510088
-0.0226691 -0.294494 0.904991
-0.0226691 0.403213 -0.0997356
-0.0954223 -0.372353 0.474685
-0.0954223 -0.219019 0.0838974
0.224498 0.695189 0.658128
-0.0226691 0.481253 -0.143446
-0.0954223 0.758267 -0.376729
0.0983167 -0.761873 0.258993
0.182691 -0.761873 0.890302
0.0494901 0.761146 -0.938273
-0.0226691 -0.0045093 0.419465
-0.0954223 0.609828 0.710508
0.0354732 -0.693756 -0.734621
-0.0909569 0.344057 -1
-0.0954223 -0.558693 -0.247826
-0.0954223 0.418445 0.384658
-0.0954223 -0.39615 0.659456
0.0281183 0.761146 -0.514464
-0.0954223 0.405564 0.757187
-0.0226691 0.0806418 0.457278
-0.0954223 -0.703983 -0.681118
-0.0954223 -0.269887 0.768336
-0.0954223 0.395268 -0.915469
-0.0226691 -0.319085 0.302932
-0.0743599 -0.761873 -0.829145
-0.0954223 0.0249023 0.833077
-0.0226691 -0.105028 -0.716874
-0.0954223 0.112825 -0.957556
0.026959 -0.761873 -0.642793
-0.0842635 0.761146 0.924146
-0.0954223 0.169187 0.546627
-0.0226691 0.242195 0.739637
-0.0226691 0.0568428 -0.0954518
-0.0954223 -0.495188 0.0518312
-0.0954223 0.00412796 -0.216113
0.213121 -0.761873 -0.0361288
-0.0226691 0.378747 -0.781479
-0.0954223 -0.408744 -0.997818
-0.0226691 -0.368538 -0.013646
-0.0226691 -0.511334 -0.414689
-0.0954223 -0.486665 -0.742681
0.242608 -0.695916 0.753268
-0.0226691 0.41153 0.257933
0.0796519 0.695189 -0.313032
-0.0226691 -0.478946 0.0927849
0.0110523 -0.683 -0.435899
-0.0954223 0.0234456 0.355627
0.0177605 0.761146 -0.383788
-0.0954223 0.407002 0.941402
-0.0954223 0.728745 -0.968987
-0.0226691 -0.127677 0.806003
-0.0226691 0.592467 0.0130425
-0.0954223 0.3801 -0.825672
-0.0954223 0.572501 0.897437
-0.0954223 -0.110357 0.874283
-0.0954223 -0.671988 0.263042
-0.0954223 -0.0326995 0.992526
-0.0226691 -0.595172 0.529896
-0.0226691 -0.0763751 -0.191406
-0.0226691 -0.15542 0.0272451
-0.0954223 0.503896 0.123723
0.105302 -0.695916 -0.190893
-0.0226691 -0.619483 -0.587552
0.0705593 -0.761873 0.148713
0.12072 -0.761873 -0.0437685
0.279759 -0.722755 -0.229882
-0.00654809 -0.761873 0.495369
-0.0226691 -0.230628 -0.82408
-0.0954223 0.578854 -0.955207
-0.0954223 0.170535 -0.462662
-0.0954223 -0.289877 0.409215
-0.0226691 -0.2497 0.529663
-0.0226691 0.617341 -0.272805
0.129196 0.761146 -0.985417
-0.0954223 -0.154762 -0.34717
0.110594 0.695189 0.641133
0.0762985 -0.695916 -0.904589
-0.0954223 0.24151 -0.834858
-0.0954223 0.103707 -0.27389
0.00939005 0.761146 -0.641542
-0.0954223 -0.756807 0.304535
-0.0226691 0.593932 -0.897414
-0.0226691 -0.26436 -0.999949
-0.0954223 0.625352 -0.0577974
0.205588 -0.761873 0.995351
-0.0226691 -0.443103 -0.468285
0.132779 0.695189 -0.404072
-0.0226691 0.182482 -0.981305
-0.0226691 -0.198476 0.323792
0.0994451 0.695189 0.000960511
-0.0226691 0.10397 -0.609369
-0.0226691 -0.108152 -0.907599
-0.0226691 -0.0248026 -0.0475599
0.115647 0.695189 -0.555288
-0.0226691 0.180053 0.316771
-0.0954223 0.583917 -0.464388
0.199985 -0.695916 0.202628
-0.0226691 -0.522968 -0.926595
-0.0226691 0.566713 0.782823
0.179493 0.695189 -0.854215
-0.0226691 0.230426 -0.554506
-0.0954223 -0.6727 0.688708
0.212552 -0.761873 0.48579
-0.0226691 0.565621 0.321154
-0.0954223 -0.576488 -0.766252
-0.0954223 0.366383 -0.524995
0.211462 -0.761873 -0.359168
-0.0226691 0.0466157 -0.845864
-0.0954223 -0.228549 0.987839
-0.0954223 -0.356738 -0.0829219
-0.0226691 -0.274333 0.632308
-0.0226691 0.611046 -0.591137
-0.0226691 0.0137611 0.0418753
0.110511 -0.761873 -0.514356
-0.0954223 -0.0433207 0.483988
0.279059 0.761146 0.18947
-0.0954223 0.00556291 -0.665292
-0.0226691 0.462089 0.913918
0.166331 0.761146 -0.279257
-0.0954223 -0.15189 -0.603437
-0.0226691 -0.473334 0.344355
-0.0603372 0.761146 0.763806
-0.0226691 0.464376 -0.944956
-0.0954223 -0.196077 -0.475567
0.280336 -0.760396 0.109094
-0.0954223 -0.578958 0.914285
-0.0226691 0.103928 0.179317
-0.0226691 -0.209935 -0.623803
-0.022699 -0.131387 -1
-0.0226691 0.385423 0.352605
-0.0954223 -0.167261 0.934807
-0.0226691 0.128676 0.614145
0.169508 -0.695916 -0.631574
-0.0954223 -0.481439 -0.327237
0.194743 0.761146 0.728847
-0.0226691 0.547636 0.216128
0.0898683 0.761146 0.144413
-0.0226691 -0.0490295 -0.644368
-0.0954223 0.136754 0.282052
-0.0226691 0.266038 0.243572
-0.0954223 0.211074 -0.306514
-0.0226691 0.14528 0.403168
-0.0226691 -0.346667 -0.263316
-0.0954223 0.662901 0.420193
-0.0954223 0.0835318 0.677365
-0.0954223 0.237437 0.60504
-0.0226691 -0.455695 -0.0183567
-0.0954223 -0.435559 -0.807619
-0.0226691 0.207245 0.12356
-0.0954223 -0.0615175 -0.802354
0.235143 0.695189 -0.794154
0.0861099 0.695189 0.81345
0.011614 0.761146 -0.207367
-0.0226691 -0.115639 -0.477966
-0.0226691 -0.491109 -0.184735
0.196968 -0.761873 0.691346
-0.0954223 0.683305 0.261202
-0.0954223 0.610678 0.542052
0.223588 0.695189 -0.564889
-0.0944298 0.0470478 0.998713
-0.0954223 -0.377496 0.145758
-0.0954223 -0.150541 -0.0676072
-0.0954223 -0.217769 -0.925339
-0.0954223 -0.744723 0.589748
-0.0954223 -0.347045 0.595576
0.236356 -0.695916 0.00751367
-0.0226691 -0.547999 -0.822675
-0.0022962 0.683733 -1
-0.0954223 -0.442907 0.758744
-0.0226691 0.201369 0.898372
0.234605 0.695189 -0.0958765
-0.0954223 -0.247327 -0.198989
-0.0954223 0.679504 0.82208
-0.0954223 0.430086 -0.0182013
0.243156 0.695189 -0.390612
0.280336 0.759317 0.751683
-0.0226691 0.283055 -0.0216223
-0.0226691 -0.212172 -0.15414
-0.0226691 0.349822 -0.434886
-0.00211139 -0.671807 0.209149
-0.0226691 -0.496827 0.423554
-0.0226691 -0.055745 0.242819
0.233103 -0.695916 -0.302814
-0.0226691 -0.480729 -0.685675
0.138448 -0.695916 0.648563
-0.0226691 -0.461283 0.923202
-0.0954223 -0.357284 -0.470943
0.264747 -0.700873 0.286308
-0.00135557 -0.672602 -0.851814
0.104626 0.761146 -0.182816
0.00794448 -0.6808 -0.0502598
-0.0424292 -0.761873 -0.0505733
-0.0954223 0.659094 0.101375
-0.0954223 0.0737073 -0.362251
-0.0954223 0.729723 0.358844
-0.0378524 0.50241 0.998713
0.0811441 -0.761873 -0.963986
-0.0226691 -0.390409 0.522832
-0.0954223 -0.165658 0.285129
-0.0954223 0.354158 -0.136047
0.0645401 0.695189 -0.812083
0.10031 0.761146 0.312005
0.0897769 -0.695916 -0.385464
-0.0954223 -0.42415 -0.598909
-0.0226691 -0.0376642 -0.361681
0.215665 -0.761873 0.396778
-0.0954223 0.429283 -0.373377
-0.0954223 -0.247092 -0.0518729
0.256023 0.696347 0.507458
-0.0954223 -0.0344133 -0.941429
0.140932 0.761146 0.574582
-0.0226691 -0.130536 0.190081
-0.0226691 0.256146 0.842549
-0.0226691 -0.00940946 0.5992
-0.0954223 -0.548033 0.445742
-0.0954223 -0.498928 -0.571273
0.214231 0.761146 0.366321
-0.0954223 0.0271756 -0.14163
-0.00118446 0.672052 0.570342
-0.0954223 0.167998 0.718715
-0.0226691 -0.359598 -0.726286
0.0939168 -0.695916 0.76431
0.128452 0.761146 -0.645215
0.201201 0.761146 0.838689
0.0695718 -0.695916 -0.543903
0.119168 -0.761873 -0.341352
-0.0954223 0.105373 -0.745696
-0.0954223 -0.519535 0.72379
0.11354 0.695189 0.228932
0.226275 0.761146 -0.646357
0.00126242 -0.761873 0.684252
-0.0954223 0.758426 0.155516
-0.0181197 0.761146 0.65492
-0.0954223 0.541845 0.672875
-0.0226691 0.0609592 0.727528
-0.0954223 -0.679146 -0.0148625
0.203899 -0.761873 -0.89831
-0.0954223 0.473269 0.320521
0.238775 -0.695916 -0.764755
0.170405 0.695189 0.809273
0.250623 0.761146 -0.757526
-0.0954223 0.533656 0.517467
-0.0226691 -0.364927 -0.851937
-0.0226691 -0.572538 0.222067
-0.0954223 0.281992 0.320046
-0.0954223 -0.405636 0.934949
0.267211 -0.702562 -0.534465
-0.0954223 0.285668 -0.580299
-0.0226691 0.525291 -0.478724
-0.0226691 -0.378964 0.377818
-0.0954223 -0.136675 0.15129
-0.0226691 0.492673 0.738917
-0.0226691 0.614677 -0.181076
0.164437 0.695189 0.945533
-0.0954223 0.215926 -0.0177462
-0.0954223 -0.720363 0.150125
0.173336 0.761146 0.010804
0.268027 0.70247 0.137379
-0.0954223 -0.417985 0.0592894
0.0405155 0.761146 0.549602
0.0977993 0.761146 -0.786645
0.23568 0.695189 -0.0129171
-0.0954223 -0.614193 -0.12618
-0.0226691 -0.538328 -0.342744
-0.0226691 0.193568 0.663012
-0.0954223 -0.588616 0.576209
-0.0954223 -0.0139197 0.0100259
-0.0226691 0.340179 0.97669
-0.0954223 -0.433067 -0.0968473
0.227955 0.695189 -0.271512
0.160594 -0.695916 0.136288
0.276573 0.761146 -0.90497
-0.0226691 0.0343964 0.295662
-0.0226691 -0.374286 -0.357897
-0.0954223 0.363058 -0.330653
-0.0954223 -0.689092 0.437756
-0.0954223 0.75562 -0.629039
-0.0954223 -0.201909 0.437386
-0.0226691 -0.224972 0.869101
0.192706 0.761146 0.519287
-0.0226691 -0.370262 -0.575486
-0.0226691 0.320466 -0.909155
-0.0226257 0.621609 -0.688413
0.0885671 0.695189 0.360577
-0.0226691 0.428283 -0.32131
0.279468 -0.721379 -0.823211
-0.0226691 -0.232371 -0.255585
0.120259 -0.695916 0.552
-0.0954223 0.293027 0.775905
0.182784 0.761146 0.434906
-0.0954223 -0.673349 0.998164
-0.0954223 0.0871708 0.224585
-0.0954223 -0.595375 0.219027
0.0622504 0.695189 -0.0712515
-0.0954223 0.490415 0.852311
-0.0226691 0.048804 -0.939706
-0.0934016 0.51428 -1
-0.0226691 0.348876 0.724899
-0.0954223 0.681873 -0.727487
0.0559223 -0.695916 0.923333
0.122127 -0.761873 0.442709
-0.0198254 0.761146 -0.074645
0.201895 -0.761873 -0.753061
-0.0226691 0.289111 -0.323631
0.20423 -0.695916 -0.444978
-0.0226691 0.560387 0.138809
-0.0954223 -0.534967 0.126754
-0.0954223 0.589434 -0.389755
-0.0226691 -0.317783 0.0844238
0.216395 -0.761873 -0.195598
-0.0954223 0.540867 -0.796385
-0.0226691 -0.246816 0.152603
-0.0226691 -0.522109 0.788687
-0.0954223 -0.124905 0.43842
0.100239 -0.761873 0.596423
-0.0193329 -0.761873 0.859492
-0.0954223 -0.320854 0.287773
-0.0226691 0.536459 -0.0391343
-0.0954223 0.347803 0.177176
-0.0954223 -0.201325 0.73747
-0.0226691 0.453385 -0.814068
-0.0463426 0.761146 0.498533
-0.0954223 -0.421369 0.40571
-0.0226691 0.613723 -0.3486
0.0836155 -0.761873 0.874516
-0.0954223 0.357729 -0.255891
-0.0226691 -0.0899681 0.726318
-0.0226691 0.617706 -0.967303
-0.0226691 -0.353199 0.229397
-0.0226691 0.464029 -0.654702
0.200349 -0.761873 0.112146
-0.0226691 0.0152564 0.906864
-0.0954223 0.347667 -0.681075
-0.0226691 -0.601338 0.0708566
0.259027 0.697323 0.59315
0.0971195 -0.761873 -0.422611
0.0301481 -0.761873 0.995639
0.0167596 -0.761873 -0.229271
-0.0226691 0.531005 0.627608
-0.0954223 0.496352 0.217602
0.0636399 -0.761873 -0.844166
-0.0226691 -0.489388 0.653504
-0.0954223 -0.699964 -0.227486
0.0820212 0.761146 0.871601
-0.0954223 0.667418 -0.341663
-0.0954223 -0.0725434 -0.480166
-0.0954223 0.691936 -0.208681
0.0426232 0.761146 0.370918
-0.0226691 -0.595922 -0.0188739
0.263335 0.699318 -0.634036
0.209711 0.761146 -0.942868
0.0328666 -0.693072 -0.174418
-0.0954223 0.282964 -0.960467
-0.0226691 0.613978 0.640531
-0.0207941 -0.660524 -1
-0.0226691 0.184174 -0.73798
-0.047809 -0.761873 -0.554761
-0.0838542 -0.761873 0.0911194
-0.0226691 0.06424 0.572349
-0.0954223 -0.434563 0.199524
-0.0954223 -0.578422 0.837036
0.107114 -0.695916 0.386166
-0.0954223 -0.107808 -0.661131
-0.0226691 -0.199557 0.666089
-0.0226691 -0.619838 0.701979
-0.0954223 0.524315 -0.0753894
-0.0288678 0.0887373 0.998713
-0.0954223 0.615387 0.236382
0.200955 -0.761873 -0.108605
-0.0226691 -0.388563 -0.923446
-0.0954223 0.361302 0.0145179
-0.0954223 0.397847 0.640227
-0.0226691 -0.171079 0.520278
0.195742 0.695189 -0.730527
-0.0226691 -0.211074 0.78417
-0.0954223 0.430892 0.129123
-0.0954223 0.548285 0.994672
0.233162 0.695189 0.318044
-0.0954223 0.550295 -0.528668
0.14631 -0.695916 -0.879078
0.0129001 -0.684201 -0.586483
0.0628588 0.761146 -0.442914
-0.0226691 0.269314 0.5087
0.112043 -0.761873 0.0900987
0.0335968 0.692546 0.740463
-0.0226691 -0.418386 0.995489
0.145013 -0.695916 -0.275347
-0.0226691 0.0196592 -0.312497
-0.0954223 0.015615 -0.593709
-0.0954223 -0.549211 -0.885793
-0.0530698 -0.761873 -0.124934
-0.0954223 0.200582 0.472864
0.277834 0.715568 0.886285
0.095022 0.761146 0.699179
0.148038 -0.695916 0.0600564
-0.0226691 -0.593352 -0.688088
-0.0226691 -0.127293 -0.0405099
0.220072 0.761146 0.907496
0.279437 -0.761873 0.632778
-0.0954223 -0.414797 -0.673512
-0.0954223 -0.160725 -0.217222
-0.0226691 -0.332212 0.751606
-0.0954223 -0.0186419 0.750494
0.268427 -0.761873 -0.680602
-0.0278384 -0.761873 -0.380446
-0.0954223 0.521368 0.431652
-0.0954223 -0.683013 -0.151118
0.240852 0.695189 0.430488
-0.0954223 0.736563 -0.122239
0.070435 -0.761873 0.35505
0.0762487 0.761146 0.949903
0.125688 -0.761873 -0.653036
-0.0226691 -0.515843 -0.998932
-0.0226691 0.141538 -0.830126
-0.0954223 0.666552 -0.487573
-0.0226691 0.222039 -0.0986679
-0.0226691 0.290192 -0.22878
-0.0954223 0.233323 -0.376477
0.124908 -0.761873 0.746605
0.118024 0.695189 0.0864414
0.146886 -0.69768 0.998713
-0.0226691 -0.0410778 -0.746349
-0.0619062 0.761146 0.00985245
-0.0954223 0.0188342 0.516984
0.0823089 0.695189 -0.230641
-0.0406818 0.663529 0.998713
-0.0954223 -0.136038 0.763461
-0.0225372 -0.624246 0.352992
0.271655 -0.706596 -0.932834
0.174184 0.695189 0.711254
-0.0954223 0.239964 0.871783
0.220874 0.761146 0.611944
0.279638 -0.761873 -0.375044
0.142006 0.695189 -0.487431
-0.0953879 0.458111 0.998713
-0.0226691 0.079839 -0.164946
-0.0226691 0.507873 0.561044
0.043829 -0.761873 0.551888
0.168111 0.695189 -0.923073
-0.0554242 0.270061 0.998713
0.0295928 -0.692072 0.267872
-0.0226691 0.455889 0.448526
-0.0226691 -0.113788 -0.404746
-0.00682031 0.665542 0.308664
0.21954 0.761146 -0.479361
0.222905 -0.761873 -0.825847
-0.0436906 0.761146 0.990602
-0.0226691 -0.177392 0.395244
-0.0954223 -0.189699 0.577014
-0.0954223 -0.32049 0.922284
-0.0954223 0.106335 -0.888468
0.103196 -0.695916 -0.706893
-0.0954223 0.291416 0.451119
-0.0226691 -0.143123 -0.147498
-0.0954223 -0.514974 0.980417
-0.0226691 0.611484 0.187602
-0.0226359 0.621288 -0.758119
0.0277168 -0.691425 0.796757
-0.0226691 0.351766 0.494664
0.0643652 0.695189 0.142864
-0.00613033 0.666423 0.0364059
-0.0226691 0.4597 0.0561476
-0.0954223 0.306455 -0.490741
-0.0954223 0.196906 -0.661144
-0.0226691 -0.385884 -0.508419
-0.0226691 -0.527482 0.492147
0.136354 -0.695916 -0.56061
-0.0226691 0.308769 0.0590162
0.134717 0.695189 0.523338
-0.0954223 -0.642161 -0.72699
0.178561 -0.761873 0.54561
-0.0954223 0.183037 0.213567
0.164997 -0.761873 0.304841
0.221389 0.761146 -0.320711
-0.0954223 0.212803 0.343913
-0.0954223 -0.546314 -0.62658
-0.0226691 -0.511771 -0.571572
-0.0226691 -0.351399 -0.194995
0.0384766 -0.761873 -0.29421
-0.0954223 -0.0322572 -0.866485
-0.0954223 0.125963 0.0840246
0.227431 -0.761873 0.189952
-0.0226691 -0.236023 0.940871
-0.0954223 -0.630401 -0.343976
-0.0226691 0.0984461 0.78475
0.26945 -0.70441 0.511157
-0.0226691 0.165741 -0.362582
-0.0226691 0.190582 -0.482831
-0.0954223 0.468336 0.537264
-0.0226691 -0.385275 0.139128
-0.0105531 -0.660978 0.571871
0.0317694 0.692028 0.874499
0.227006 -0.761873 0.761041
0.25502 -0.696818 0.90982
-0.0954223 -0.564549 0.000524341
-0.0954223 -0.482579 0.577233
0.197711 -0.761873 -0.502964
0.248666 0.695215 -0.98129
-0.032697 -0.761873 0.0442872
0.150797 -0.695916 -0.134584
-0.095314 -0.761873 -0.745534
-0.0954223 -0.38955 0.299386
-0.0226691 0.0239719 -0.775275
-0.0954223 0.341894 0.920126
0.0516516 0.695167 -0.41115
0.0814726 -0.761873 -0.593999
-0.0954223 -0.0713183 0.133091
-0.0226691 -0.238377 -0.479363
-0.0954223 -0.694058 0.539516
-0.0226691 -0.017032 -0.523976
-0.0954223 -0.372504 -0.228636
0.0704724 -0.761873 -0.775279
0.245402 0.695189 0.822844
-0.0954223 -0.598201 -0.4094
-0.0954223 0.692014 -0.0691678
-0.0237332 -0.761873 0.19907
0.274359 -0.70996 0.384929
-0.0226691 0.267102 -0.664475
0.166393 0.761146 0.289978
-0.0954223 0.0817822 0.38958
0.0954984 0.761146 -0.516423
-0.0226691 -0.150218 -0.568383
-0.0954223 0.248702 -0.729196
0.0100186 0.681567 0.442066
0.175223 -0.695916 0.791255
-0.0954223 0.275268 0.0902179
-0.0226691 -0.494602 0.175127
-0.0226691 -0.195682 0.206994
-0.0226691 0.369423 0.842008
0.169057 0.695189 -0.149833
-0.0226691 0.0297546 0.79645
-0.0954223 -0.629115 0.326068
0.219639 0.761146 -0.866636
-0.0954223 -0.31342 -0.184419
0.149584 0.761146 -0.0796662
-0.0226691 0.179156 -0.885633
-0.0954223 0.159232 -0.528936
-0.0954223 0.599632 0.391786
-0.0954223 -0.178681 -0.410866
0.0603818 -0.695916 0.677407
0.276954 0.71362 0.25861
-0.0954223 -0.195059 -0.543578
-0.0226691 -0.393425 -0.0757842
-0.0226691 -0.599905 -0.491601
0.0381785 -0.694362 0.0403229
-0.0954223 -0.0699038 0.643805
-0.0226691 -0.00988893 0.131294
-0.0954223 -0.261582 0.0304286
-0.0954223 0.0779343 -0.0126216
0.0865306 -0.761873 -0.100981
-0.0226691 -0.618107 0.17344
-0.0954223 -0.328682 0.52575
-0.0190686 -0.642904 -0.197385
-0.0226691 -0.273825 -0.129095
-0.0226691 0.319392 0.361937
-0.0226691 -0.4104 -0.160062
0.0934476 -0.761873 0.0219139
-0.0196568 0.761146 -0.930841
-0.0954223 0.520779 0.0512272
-0.0226691 0.408762 0.165394
0.077068 0.695189 -0.738349
-0.0954223 -0.122906 -0.28749
0.224395 0.761146 0.990123
-0.0226691 -0.104382 -0.262848
-0.0226691 -0.565908 0.290289
-0.0954223 -0.12424 0.231135
-0.0954223 0.00640131 0.606526
-0.0226691 -0.352014 0.872404
-0.0226691 -0.0235185 -0.113861
-0.0954223 -0.217726 0.149901
-0.0287261 -0.761873 0.433219
-0.0401126 -0.761873 0.993054
0.0386082 0.693722 0.507508
-0.0226691 -0.172693 -0.683569
0.202886 0.695189 0.130304
0.239155 -0.761873 -0.953979
-0.0954223 -0.115253 -0.130961
-0.0954223 -0.518308 -0.508097
-0.0226691 0.301606 -0.389403
-0.0226691 -0.311013 0.0189692
-0.0226691 0.442282 0.319491
-0.0954223 0.436569 -0.489557
-0.0954223 0.0817281 0.318096
-0.0954223 -0.512052 -0.385454
-0.0954223 -0.043665 0.267886
-0.0954223 -0.300188 -0.332451
-0.0954223 0.54001 -0.656807
-0.0226691 -0.382852 -0.788845
0.0359964 -0.761873 0.747294
-0.0954223 -0.417665 -0.364688
-0.0954223 0.447274 -0.874629
0.232605 -0.761873 -0.260155
-0.0226691 -0.1336 0.645419
-0.0204891 0.761146 -0.842274
0.13647 -0.695916 -0.794646
-0.0954223 0.737817 0.220273
0.0130817 0.683588 0.249194
0.148183 0.761146 0.11386
-0.0289316 -0.353576 0.998713
-0.0226691 -0.234403 -0.0202737
0.227571 0.761146 0.0585088
0.0572403 0.695189 -0.592576
0.214987 0.761146 -0.581267
-0.0954223 0.0404894 -0.720147
-0.0226691 -0.254729 -0.93137
-0.0954223 0.450854 -0.707025
-0.0954223 -0.295143 -0.803725
-0.0954223 0.489324 -0.313829
-0.0954223 -0.285165 -0.625038
-0.0954223 0.000193949 0.209672
-0.0226691 -0.401523 -0.297782
-0.0954223 -0.702014 -0.460973
-0.0954223 -0.230521 0.374345
-0.0954223 0.24243 -0.173791
-0.0226691 0.0223324 -0.998659
0.280336 -0.745317 0.239532
0.177145 0.761146 -0.204827
-0.0954223 0.614921 -0.646579
-0.0226691 0.523754 0.428924
-0.0954223 -0.0959889 0.521285
0.209549 -0.695916 0.679146
-0.0954223 -0.129276 -0.79662
-0.0226691 -0.465897 -0.62034
-0.0954223 -0.0868197 0.941599
-0.0954223 -0.417305 -0.87318
-0.0954223 -0.4692 -0.150091
-0.0563923 -0.761873 -0.893721
0.148518 0.695189 -0.68617
0.223231 -0.697894 -1
-0.0226691 -0.0913281 0.86204
-0.0954223 0.725388 -0.447018
0.178265 -0.695916 0.598142
-0.0954223 0.59208 0.318877
-0.0954223 0.325229 0.552298
-0.0954223 -0.126034 0.0058709
-0.0226691 0.484382 0.671594
-0.0563485 0.761146 -0.247935
-0.0226691 0.592896 0.464616
-0.0954223 0.556562 0.74717
-0.0954223 0.368055 0.237946
-0.0954223 0.0846077 0.856355
-0.0954223 -0.626126 -0.266396
-0.0954223 -0.179104 -0.872992
-0.0954223 -0.758427 -0.266539
-0.0287715 -0.122174 0.998713
-0.0226691 -0.00658263 0.677911
-0.0954223 0.252065 -0.239109
0.0389319 0.748551 -1
-0.0954223 0.729551 0.58869
-0.0226691 -0.33807 -0.666251
0.0439073 -0.761873 0.626236
-0.0954223 0.483146 -0.185789
0.0225545 0.688625 -0.864084
0.0841226 0.761146 0.444663
0.280336 0.737739 -0.195206
0.237053 -0.761873 0.853417
-0.0954223 0.0749783 -0.826028
-0.0226691 0.0459683 -0.638717
-0.0259442 0.761146 0.0677372
0.20802 -0.695916 -0.580358
0.146178 -0.695916 -0.414507
0.17773 0.695189 0.235974
-0.0954223 -0.06307 -0.54481
-0.0226691 -0.189241 -0.964059
0.161066 -0.761873 0.24154
-0.000602786 0.672646 -0.295869
-0.0226691 0.530208 0.913016
0.0826619 -0.761873 -0.177075
0.172376 -0.695916 0.00163612
0.0572707 -0.695916 0.546088
-0.0226691 0.602996 -0.834814
-0.0954223 -0.189517 0.874483
-0.0226691 -0.111866 0.0730118
0.241168 0.695189 0.0764609
-0.0954223 0.647535 0.767641
-0.0226691 0.100172 -0.369612
-0.0954223 -0.436802 0.344132
-0.0226691 0.133057 0.875483
-0.0954223 -0.0596202 -0.999191
-0.0652645 -0.761873 0.737386
-0.0254301 -0.761873 -0.493043
-0.0226691 -0.617766 0.862378
-0.0226691 0.257676 0.181318
-0.0954223 -0.293192 -0.406487
-0.0954223 0.462144 0.60466
-0.0954223 0.672861 -0.268429
-0.0226691 0.382251 0.573844
-0.0226691 0.207232 -0.214043
-0.0306337 -0.761873 -0.615676
-0.0226691 -0.440378 0.786484
-0.0954223 0.198642 -0.788699
-0.0954223 0.568781 -0.253818
0.280336 0.750096 0.0986515
0.276811 0.761146 -0.683309
-0.0954223 0.128882 -0.138376
0.096141 0.761146 -0.120835
0.137143 0.695189 0.868592
-0.0226691 0.117886 -0.061536
0.0238067 -0.761873 -0.733778
0.280336 0.728931 -0.070103
-0.026131 0.761146 0.834502
0.0728542 0.761146 0.760108
-0.0954223 -0.346512 -0.999567
0.0119402 -0.683587 -0.791346
-0.00454244 -0.669082 0.924881
0.128628 -0.695916 0.93175
-0.0306814 0.428445 -1
0.0373457 0.693459 -0.171552
0.0547454 0.761146 -0.323249
-0.0954223 0.509432 -0.858668
0.0273291 0.690984 0.998713
0.255261 0.69615 0.940728
0.273974 -0.709423 -0.452644
-0.0954223 0.598405 -0.113649
-0.0226691 0.481013 -0.0814742
-0.0954223 -0.571257 -0.998276
-0.0954223 0.60605 0.0294237
0.22084 -0.761873 0.0446827
0.0561124 -0.695916 -0.976698
-0.0954223 0.0140921 0.946022
0.272788 0.707171 0.699581
-0.0226691 -0.286999 -0.849498
0.26007 -0.761873 -0.0886984
-0.0954223 -0.53149 -0.695626
-0.0226691 -0.50183 -0.866044
-0.0954223 0.104047 -0.50115
-0.0954223 0.646215 0.49047
0.159394 -0.761873 -0.223644
-0.0954223 -0.253596 0.832909
-0.0475845 -0.761873 -0.224785
0.0420036 -0.695046 -0.671598
-0.0954223 -0.661838 -0.934144
-0.0954223 -0.638836 -0.546588
0.0485968 0.761146 0.0658486
-0.0226691 -0.0663978 0.4006
-0.0954223 0.458498 -0.427748
-0.0954223 0.502735 -0.593602
0.108534 0.761146 -0.854128
0.0122467 0.761146 0.243996
-0.0226691 0.55191 -0.346442
0.230227 0.761146 0.227001
-0.0954223 -0.538289 0.616899
0.0550308 -0.761873 0.482532
0.241589 -0.761873 -0.423378
0.273428 -0.708698 0.054891
-0.0954223 0.359924 0.818684
-0.052625 -0.726283 -1
-0.0954223 0.173332 -0.06205
-0.0226691 0.32404 -0.753507
-0.0226691 0.535369 -0.727087
-0.0358213 0.761146 -0.353841
0.151822 -0.761873 -0.71764
0.261309 0.761146 -0.369735
-0.0226691 -0.539237 0.0805965
-0.0226691 0.426377 -0.170756
-0.0954223 0.700382 -0.852898
-0.0226691 -0.531861 -0.138961
-0.0226691 0.402982 -0.660018
-0.0954223 0.687428 0.667212
-0.0954223 0.110036 0.530729
-0.0226691 -0.413206 0.874957
-0.0954223 -0.031764 0.329156
-0.0226691 0.601263 -0.0476818
0.138105 -0.761873 0.674666
-0.0954223 0.291409 -0.357429
-0.0954223 0.496093 -0.00650346
-0.0954223 -0.0713322 0.0330307
0.0933643 -0.695916 0.262713
-0.0954223 0.228136 -0.442416
-0.0226691 -0.60985 -0.362356
-0.0954223 -0.354743 0.0597187
-0.0226691 0.110086 0.67884
-0.00425662 0.761146 -0.717168
-0.0226691 -0.0683628 0.78326
-0.0954223 -0.555807 -0.0851994
-0.0226669 0.619616 0.349315
-0.0129756 -0.656945 -0.732256
-0.0954223 0.589008 0.633745
-0.0226691 0.06737 -0.543045
-0.0226691 -0.054313 0.506985
-0.0954223 -0.468315 0.847588
0.0399666 -0.694707 0.151303
0.117534 0.761146 -0.724366
-0.0954223 0.536709 0.80779
0.139215 -0.695916 0.202052
-0.0226691 -0.0802265 -0.850645
-0.0226691 -0.167971 -0.376429
-0.00976788 -0.761873 -0.95228
-0.0226691 -0.309503 0.511444
-0.0226691 0.137461 0.128852
-0.0954223 0.607625 0.14105
-0.0226691 0.208097 0.394859
0.120918 0.695189 -0.839076
-0.0954223 0.738084 -0.571145
-0.044337 -0.761873 0.920676
0.230807 -0.761873 0.59086
-0.0954223 -0.266343 0.252592
-0.0954223 0.7577 0.714575
-0.0954223 -0.429919 0.606809
-0.0954223 0.75874 0.533592
-0.0954223 -0.702285 0.862538
-0.0226691 0.380561 -0.0438084
-0.0226691 0.460481 0.212944
0.056055 0.695189 0.684557
-0.0226691 -0.448187 -0.406158
-0.0902952 0.202166 0.998713
-0.0954223 0.402552 -0.656206
-0.0822376 0.153435 -1
-0.0954223 -0.293184 0.348699
-0.0226691 -0.172871 -0.840977
0.0338977 -0.693354 -0.490584
-0.0226691 0.351105 -0.577841
-0.0954223 -0.711531 0.639848
-0.0954223 -0.685919 0.204247
-0.0226691 -0.0511903 0.181585
0.231947 -0.695916 -0.887359
-0.0954223 -0.68046 -0.828957
-0.0226691 0.0787061 -0.42607
-0.0954223 0.387284 0.439093
0.26684 0.701559 -0.859094
-0.0954223 -0.501036 -0.26963
-0.0872516 -0.761873 0.793292
0.136253 -0.695916 0.492984
0.0107133 0.682044 0.119655
0.277588 0.761146 -0.0161929
-0.0226691 0.449146 0.855477
-0.0246254 -0.575861 0.998713
0.13558 0.695189 -0.272268
-0.0954223 -0.635892 0.0270501
-0.0226691 0.18035 -0.587229
0.106186 -0.695916 -0.0571583
-0.0954223 -0.0277018 -0.266692
0.14222 -0.695916 0.335711
0.280336 0.75904 0.330488
0.0279886 0.761146 0.183597
-0.0320222 -0.0481573 0.998713
-0.0954223 0.345479 -0.393363
-0.0193354 -0.64205 0.472745
-0.0954223 -0.390458 -0.418833
-0.0226691 0.552529 -0.276269
0.192605 0.76067 -1
-0.0954223 0.715283 0.886432
-0.0226691 0.0764499 0.0532096
-0.0226691 -0.171923 -0.497619
0.0681114 0.761146 -0.652837
-0.0226691 -0.33925 0.627772
-0.0954223 -0.024916 -0.0910726
-0.0226691 0.110045 0.321716
-0.0886332 -0.761873 -0.499238
-0.0954223 0.291467 -0.140185
-0.017773 -0.646629 0.76962
0.271026 -0.705929 -0.71028
-0.0226691 0.0605518 0.946792
-0.0954223 -0.328129 -0.715474
-0.0870818 0.393828 0.998713
-0.0954223 0.406138 0.508659
-0.0226691 -0.261898 -0.764948
-0.0954223 0.149932 -0.311167
-0.0954223 -0.285222 0.970112
-0.0954223 0.313813 -0.83291
0.0650774 -0.695916 -0.234564
-0.025112 0.147971 0.998713
0.0269955 -0.761873 0.313963
-0.0954223 -0.607331 0.447284
-0.0954223 -0.441422 0.697783
-0.0309502 0.761146 -0.509182
-0.0954223 0.483653 0.380091
-0.0537133 -0.761873 0.262687
-0.0226691 0.317441 0.870523
-0.0226691 -0.459355 -0.284812
-0.0954223 -0.570245 -0.189709
-0.0226691 0.550064 -0.156887
-0.0954223 0.173162 0.947355
-0.0226691 -0.270257 -0.559633
-0.0954223 -0.506573 0.314142
0.280336 0.758257 0.610522
-0.0226691 0.149429 0.00913245
0.278795 0.71948 0.998713
-0.0954223 0.447218 0.801338
0.137238 0.761146 0.744258
-0.0226691 -0.570517 -0.554515
-0.0510914 0.761146 0.322004
-0.0954223 -0.206653 -0.739304
-0.0226691 0.498649 -0.773711
-0.0226691 -0.593372 -0.125257
0.231947 0.761146 -0.168434
-0.0226691 0.60601 -0.452276
-0.0226691 -0.0860735 0.305245
0.180625 -0.695916 0.880015
0.22601 0.761146 0.778813
-0.00141222 -0.761873 -0.0966074
0.139722 0.695189 0.433062
0.0406551 0.694101 0.00323734
0.0685543 -0.761873 0.20829
0.0481599 -0.69573 0.405577
-0.0954223 0.123149 -0.617424
-0.0138371 0.654634 -0.500735
-0.0226691 0.168606 -0.264981
0.270348 -0.705251 -0.170596
-0.0219591 -0.630139 -0.0664454
0.158209 0.761146 0.349231
0.12712 -0.695916 -0.942301
-0.0954223 0.100659 0.621409
0.221697 -0.761873 0.31915
-0.0954223 -0.299983 -0.523316
-0.0882613 -0.761873 -0.677424
-0.0954223 -0.253554 0.695022
0.267798 -0.703015 -0.596275
0.209263 -0.695916 0.262216
-0.0226691 0.193912 0.513469
-0.0225785 0.622751 0.799089
-0.0226691 0.138456 0.465014
0.222051 0.761146 0.670956
-0.0954223 0.234592 0.0464381
-0.0954223 -0.215423 0.524751
-0.0954223 0.245437 -0.892961
-0.0954223 -0.221182 -0.104002
-0.0226691 -0.443503 0.255554
-0.0226691 -0.265918 0.44435
-0.0226691 0.528623 0.36621
0.085023 -0.695916 0.821788
-0.0261434 0.490886 -1
-0.0954223 -0.5271 -0.939577
-0.0226691 -0.156734 -0.298412
-0.0226691 -0.51964 0.933528
-0.0225932 -0.623165 -0.954319
0.0303577 0.761146 -0.0453158
-0.0226691 -0.504575 0.592307
-0.0954223 -0.351777 0.420368
0.206036 -0.695916 -0.683102
0.265466 -0.701333 0.693823
-0.0226691 0.407016 -0.444828
0.0454489 0.694764 -0.948639
-0.0226691 0.165296 0.258762
-0.0954223 -0.559178 0.76915
-0.0954223 -0.437029 -0.941551
-0.0226691 -0.252815 0.303762
-0.0954223 -0.63769 -0.784723
0.157802 0.761146 -0.346401
-0.0368501 0.761146 -0.137112
-0.00279889 -0.671062 0.31096
0.218732 0.695189 -0.670647
-0.0226691 -0.46277 0.483166
-0.0954223 -0.30978 0.726514
0.169942 0.695189 0.636628
0.27785 0.715607 -0.250783
-0.0954223 0.284509 0.914304
0.232132 -0.695916 0.421614
-0.0226691 0.549925 -0.606247
-0.0954223 0.249327 0.218677
-0.0954223 0.033976 -0.459209
-0.0954223 -0.13447 -0.461573
-0.0226691 -0.147765 0.467157
-0.0954223 -0.0147046 0.145609
-0.0226691 0.353505 0.12804
-0.0954223 0.714296 0.117465
-0.0954223 -0.137085 0.823403
-0.0226691 -0.321852 0.371419
-0.0954223 0.110205 0.728229
-0.0226691 -0.458221 0.0390005
-0.0954223 0.666581 0.95491
-0.0226691 0.222251 0.796033
-0.0954223 0.196499 0.834329
-0.0954223 -0.0580941 -0.376429
0.270422 -0.705323 0.805266
0.277881 -0.761873 0.978146
0.269732 -0.704667 0.576799
0.0534252 0.695189 0.615403
-0.0954223 -0.595974 0.130423
0.00668734 0.761146 0.603471
0.239625 -0.695916 0.142532
-0.0226691 -0.199286 0.266743
-0.0226691 0.207752 -0.322968
-0.061411 0.588163 -1
-0.0226691 -0.290073 -0.256546
0.202529 -0.761873 -0.609187
-0.0226691 0.0569892 0.235719
-0.048838 0.761146 0.122851
-0.0226691 0.234528 0.290987
-0.0226691 -0.391546 0.748455
-0.0954223 -0.03894 0.845444
-0.0954223 0.451428 0.893656
-0.0226691 0.466975 -0.461518
-0.0226691 -0.445534 0.13866
-0.0954223 -0.655244 -0.0870175
-0.0226691 -0.586879 -0.238157
0.0354151 -0.761873 0.844619
-0.0954223 -0.71802 0.917007
0.262757 0.699005 -0.451996
-0.0168127 0.648323 -0.869888
-0.0226691 0.342075 -0.637272
-0.0226691 -0.178534 0.836708
-0.0954223 -0.496997 -0.0950001
-0.0226691 0.48282 0.794667
-0.0954223 -0.647107 -0.670223
0.158637 0.695189 -0.00573046
0.257809 0.761146 -0.537192
0.189173 0.695189 -0.519968
-0.0226691 -0.441283 0.390965
-0.0954223 0.455234 0.266908
-0.0194074 0.641086 0.413793
-0.0226691 -0.224352 -0.382606
0.163499 -0.695916 0.389825
-0.00471802 0.761146 0.949697
-0.0954223 0.409011 -0.585317
-0.0954223 0.34876 0.325372
-0.0954223 0.717109 -0.0186923
0.136124 -0.761873 0.854017
-0.0589043 0.699097 -1
-0.0226691 0.399032 -0.721758
0.0873974 -0.751217 0.998713
-0.0954223 0.137999 -0.692288
0.279184 -0.720254 0.864681
-0.0226691 -0.493457 -0.80869
0.0651719 -0.761873 -0.900425
-0.0226691 0.509317 -0.421627
-0.0226691 0.515663 0.0131159
-0.0954223 -0.00799245 -0.34971
-0.0954223 -0.705698 -0.354125
-0.0954223 -0.523919 0.256677
-0.0830881 -0.174867 0.998713
-0.0954223 -0.326812 -0.888032
0.115801 0.761146 0.00503379
-0.0226691 0.539205 -0.91246
0.122409 0.761146 0.24801
-0.0954223 -0.211368 -0.597262
-0.0226691 -0.478297 -0.513895
-0.0226691 0.173299 -0.166887
-0.0226691 0.071647 0.512615
0.154325 -0.695916 -0.477498
-0.0954223 -0.747937 0.359858
-0.0226691 0.271049 0.586273
0.126716 0.695189 0.587091
-0.0226691 -0.0401915 0.899206
-0.0954223 0.615025 0.86104
0.0238356 -0.689908 0.456349
-0.0954223 0.0685227 0.108331
-0.0954223 0.133363 -0.223431
-0.0226691 -0.508405 -0.0396686
0.160969 0.761146 -0.595608
-0.0954223 0.416764 0.702463
-0.0226691 0.243739 -0.855006
-0.0954223 -0.231763 -0.428237
-0.0226691 0.262478 -0.792785
-0.0954223 -0.275709 -0.687167
-0.0954223 0.304564 0.138786
0.275801 -0.712205 -0.334846
0.0154927 0.761146 -0.583663
-0.0954223 0.614763 -0.523487
0.217684 -0.695916 -0.0452977
-0.0226691 0.392423 -0.227207
-0.0954223 -0.252353 -0.300985
-0.0954223 -0.601388 -0.617971
-0.0226691 0.321808 0.676079
-0.0954223 -0.346996 -0.301173
0.267381 -0.761873 0.495302
0.0296845 -0.692102 -0.383074
-0.0954223 0.0256909 0.88985
0.0591814 0.695189 0.205489
0.140557 -0.761873 -0.953326
-0.0226691 0.140266 -0.945148
0.213803 -0.761873 0.940379
-0.0954223 -0.53658 0.878344
-0.0226691 -0.583605 0.748819
0.0463244 0.694851 0.946381
-0.0954223 -0.715372 -0.581466
-0.0954223 0.72628 0.788931
-0.0954223 -0.366294 0.813463
-0.0239277 0.234687 -1
-0.0954223 -0.586888 0.511203
-0.0954223 0.170217 0.426488
-0.0954223 -0.465115 -0.00215867
-0.0226691 -0.0366035 0.0649809
-0.0226691 0.420259 0.651262
-0.0954223 -0.162441 -0.926462
-0.0954223 0.33996 -0.93791
0.113694 0.761146 0.622712
-0.0353974 0.761146 0.714489
-0.0226691 0.0155422 -0.436608
-0.0954223 0.233073 -0.601619
-0.0226691 0.45381 -0.890772
-0.0226691 -0.297467 -0.464196
0.109016 -0.761873 0.313074
-0.0226691 0.574972 0.517934
-0.0423122 -0.761873 -0.760596
0.186487 0.695189 -0.391912
-0.0226691 0.129365 -0.481657
-0.0954223 -0.11102 0.369685
-0.0954223 -0.341698 -0.135791
0.0548389 -0.695916 0.86838
0.217968 -0.696568 0.998713
-0.0226691 -0.417673 -0.720105
0.275292 0.710639 0.64403
-0.0954223 -0.429391 -0.244149
0.278746 0.761146 0.405851
0.0202785 -0.688296 -0.298351
-0.0226691 -0.0780684 -0.953475
-0.0226691 -0.321691 -0.382922
0.128638 0.695189 -0.97135
-0.0226691 0.482333 -0.51443
-0.0581499 -0.62695 0.998713
-0.02264 0.621144 0.925192
-0.0226691 -0.09745 0.60437
-0.0954223 0.593368 -0.168275
-0.0954223 -0.255915 0.638785
-0.0954223 -0.173445 -0.662376
-0.0226691 -0.227095 -0.67902
-0.0117247 0.658371 0.879643
-0.0226691 0.581573 0.0725347
-0.0226691 0.373774 0.77498
-0.0341777 -0.761873 0.639772
-0.0226691 -0.150718 0.941757
-0.0610055 -0.761873 0.55108
0.119852 0.695189 -0.351098
0.227894 0.695189 -0.337082
-0.0226691 -0.385637 0.577096
-0.0226691 -0.544931 0.550818
-0.0954223 -0.173274 0.053677
0.103868 0.761146 -0.93623
0.0651438 0.695189 -0.535046
-0.0954223 -0.0218492 -0.46042
-0.0954223 -0.32708 0.166137
0.148459 -0.761873 -0.0905401
0.257367 -0.697472 0.227702
-0.0358166 0.608503 0.998713
0.15765 0.761146 -0.761042
-0.0954223 -0.370509 -0.611772
-0.0226691 -0.264641 0.0977758
0.280336 -0.747881 -0.629491
-0.0954223 0.70047 0.0645005
-0.0879857 0.761146 -0.835982
-0.0357568 0.348996 -1
-0.0226691 0.0143847 0.365578
-0.0954223 0.189644 0.142584
0.278358 0.716919 0.785472
-0.0226691 0.407973 -0.37784
-0.0226691 -0.417521 0.674064
0.275399 0.710811 -0.561921
-0.0954223 0.046488 -0.937969
-0.0954223 0.0490148 -0.255224
-0.0226691 0.18269 0.609941
0.142554 0.761146 -0.39938
-0.0226691 -0.196526 0.062444
0.0314771 -0.761873 0.107093
-0.0226691 -0.523468 0.842808
-0.0954223 0.573586 -0.753332
0.0543476 0.761146 0.282553
0.00952828 -0.761873 0.00409369
-0.0954223 0.543158 -0.308796
0.161011 0.70431 0.998713
-0.0226691 0.503002 -0.254676
0.272662 -0.761873 0.399575
-0.0409758 0.761146 0.268996
0.276196 0.761146 -0.279636
-0.0165014 -0.649787 -0.403581
-0.0212049 -0.761873 -0.849509
0.0603833 0.761146 -4.1433e-05
-0.0954223 0.444377 -0.76101
-0.0226691 0.0633441 -0.72676
-0.0226691 0.27332 -0.5146
-0.0954223 -0.755151 -0.0439352
-0.0749112 0.08419 -1
-0.0226691 -0.30124 0.212083
-0.0954223 0.394557 0.0626544
0.124494 0.695189 0.775786
-0.0954223 -0.628685 -0.891805
-0.0954223 -0.170332 0.109408
-0.0226691 0.414112 0.00811345
-0.0226691 0.566218 0.26748
-0.0954223 -0.557878 0.352085
-0.0226691 -0.141491 -0.0935321
0.280336 -0.761143 -0.0390528
-0.0226691 -0.242067 -0.878764
-0.0954223 0.450778 -0.22854
0.15799 -0.761873 0.482562
-0.0214476 0.632622 -0.0989286
-0.0226691 -0.516654 0.311416
-0.0954223 0.582982 0.95214
0.234443 0.761146 -0.107155
-0.0339584 0.761146 0.441463
0.116362 0.695189 -0.608828
-0.00426645 -0.761873 -0.332387
-0.0954223 0.624743 -0.862367
0.115145 -0.761873 -0.286983
-0.0954223 -0.569908 -0.493895
-0.0954223 -0.304518 -0.0712134
0.276406 0.712555 -0.759361
-0.0954223 -0.342676 -0.775188
-0.0954223 0.319714 -0.0947749
-0.0226691 0.216433 -0.695336
-0.0954223 -0.631302 0.653474
-0.0226691 -0.146497 -0.753481
-0.0954223 -0.428098 0.491907
0.22343 0.695189 0.265558
-0.0226691 0.448817 -0.555967
-0.0226691 -0.601748 0.647008
0.0320462 -0.692837 0.0935241
-0.0954223 -0.622048 0.955723
-0.0954223 0.73722 -0.742368
-0.0954223 -0.658081 0.776869
-0.0226691 0.299553 -0.148732
-0.0954223 0.71311 0.305374
-0.0954223 -0.272354 0.138452
-0.0954223 0.675083 -0.952992
-0.0954223 0.281563 0.65707
-0.0226691 0.0752167 -0.318432
-0.0954223 -0.104738 -0.578835
-0.0414629 0.761146 -0.657109
-0.0226691 0.377279 -0.488889
-0.0954223 0.231533 -0.947075
-0.0954223 0.359303 -0.188894
-0.0226691 -0.600031 -0.834798
-0.0954223 -0.113552 -0.185872
0.107703 -0.695916 0.701359
0.173317 0.761146 0.160536
-0.0954223 -0.211304 0.258188
0.279877 0.722687 -0.941271
-0.0226691 0.0281457 -0.0496212
-0.0954223 0.404416 -0.0878336
-0.0226691 0.244366 -0.611913
-0.0743043 -0.62883 -1
-0.0226691 0.298237 0.740404
0.0203914 -0.761873 0.169809
0.187958 -0.695916 -0.779425
0.22036 -0.761873 0.64271
0.0459745 0.761146 -0.797191
0.188364 0.761146 0.951418
0.204153 -0.695916 -0.386905
-0.0954223 -0.0702327 0.738953
-0.0226691 -0.551646 -0.449164
-0.0954223 0.066248 0.493696
-0.0226691 0.556655 -0.546085
-0.0226691 0.148971 -0.644205
-0.0226691 -0.0158538 0.277405
-0.0954223 -0.0553011 -0.666639
0.107929 0.761146 -0.307554
0.272946 -0.708091 -0.116527
0.121328 -0.695916 -0.657316
0.169823 -0.695916 -0.996327
0.229395 0.695189 0.377826
0.00995882 0.761146 -0.460428
0.112761 0.761146 0.193047
-0.0954223 -0.315199 0.795336
0.10981 -0.695916 0.158277
-0.0954223 0.72101 -0.688471
-0.0954223 0.0705508 0.805533
-0.0226691 -0.234411 0.589855
0.0259208 -0.690753 0.966336
-0.0954223 -0.310187 -0.577435
-0.0226691 0.0227294 0.85381
-0.0954223 -0.320105 0.468189
0.228366 -0.695916 0.47936
-0.0954223 -0.352323 0.69042
-0.0226691 -0.0331396 -0.578352
-0.0226691 0.316983 0.618746
-0.0954223 0.54776 -0.912787
0.271869 0.706105 -0.131351
-0.0954223 -0.414397 0.251414
-0.0815501 -0.730048 0.998713
-0.0954223 0.503395 0.708695
0.046375 0.694856 -0.688366
-0.0954223 0.713767 -0.91321
0.0820905 -0.695916 -0.761813
-0.0211064 -0.635113 -0.258669
-0.0226691 0.0253456 0.46679
-0.0262367 -0.407595 -1
-0.0954223 0.0417187 0.645823
0.236233 -0.695916 -0.49088
0.161952 -0.761873 -0.861103
-0.0226691 0.497798 -0.361323
0.0305543 0.761146 -0.256116
0.0556724 -0.761873 -0.505813
-0.0954223 0.477212 0.168679
-0.0954223 0.305111 -0.711373
-0.0954223 -0.00457373 0.40988
-0.0954223 0.140446 -0.419984
-0.0226691 -0.305859 0.679278
-0.0680514 -0.761873 0.165954
-0.0226691 0.412908 0.948257
-0.0954223 -0.62953 0.877991
-0.0226634 -0.620697 0.408305
-0.0954223 -0.150494 -0.999896
0.178322 -0.761873 0.433106
-0.0226691 0.0497677 0.415321
0.0175427 -0.761873 -0.41015
-0.0868669 0.761146 0.399465
-0.0226691 0.234021 -0.00415488
-0.0954223 -0.244525 -0.50725
-0.0954223 0.38438 -0.966347
-0.0954223 -0.0799538 -0.916335
0.0663249 -0.761873 0.946082
-0.0954223 0.353644 0.759813
0.0245506 0.689479 -0.777148
-0.0226691 -0.600438 -0.739569
-0.022289 0.626637 -0.404602
-0.0954223 -0.477455 0.233481
-0.0954223 0.0691172 -0.111028
-0.0954223 0.03138 0.70667
0.0924483 0.754267 0.998713
0.279344 0.761146 0.503567
-0.0954223 0.297493 -0.0432722
-0.0226691 0.176242 0.77156
-0.0954223 0.533074 -0.201881
-0.0226691 -0.614801 -0.639196
0.224864 0.761146 0.00505594
-0.0226691 -0.323406 0.957035
-0.0226691 -0.489198 0.748646
-0.0954223 0.530459 -0.428492
-0.0954223 0.633964 0.664663
-0.0954223 -0.137262 0.559389
-0.0954223 -0.728537 0.709532
0.0478504 0.69498 -0.272254
0.0474759 -0.695678 -0.858096
0.280336 -0.741016 0.759022
-0.0226691 -0.539197 -0.685991
-0.0954223 -0.00766231 -0.742444
-0.00796903 0.664013 -0.17633
-0.0954223 0.268298 0.369897
0.0401244 -0.694735 -0.0122785
-0.0954223 -0.639217 0.548138
0.161902 -0.761873 -0.373764
-0.0188918 0.642724 -0.224291
-0.0226691 -0.573574 -0.936933
-0.0954223 0.446371 -0.939907
0.154854 -0.752887 0.998713
-0.0954223 0.128636 0.921247
-0.0226691 -0.614486 0.59073
0.133907 0.695189 -0.108178
0.19366 -0.761873 -0.557831
-0.0226691 0.116116 -0.255883
0.0919528 0.761146 0.553541
0.279162 -0.761873 -0.534076
-0.0954223 -0.741792 -0.407107
-0.0226691 -0.0727724 -0.787858
-0.0226691 0.380602 0.299539
0.276356 -0.71319 -0.280913
-0.0954223 0.19319 0.673865
-0.0226691 -0.412098 -0.605407
0.178887 0.695189 0.184557
-0.0285603 -0.761873 -0.177022
0.183243 -0.695916 -0.174446
-0.0506716 0.761146 0.883847
-0.0226691 0.462749 0.967486
-0.0954223 -0.242607 -0.800483
-0.0954223 -0.715914 -0.94454
-0.0954223 0.17645 -0.852128
-0.0954223 -0.459183 0.948973
-0.018242 -0.645351 -0.454861
-0.0954223 -0.14618 0.666856
-0.0226691 -0.224713 -0.204853
0.228958 -0.761873 0.536013
-0.0226691 0.39356 -0.540837
0.177478 0.761146 0.0694215
-0.0226691 0.336838 0.411485
-0.0226691 -0.0143022 -0.218766
-0.076274 -0.253407 -1
-0.0226691 -0.616691 0.119736
0.0494333 0.695081 0.402465
-0.0226691 -0.538667 -0.220874
-0.0576174 -0.30257 -1
-0.0954223 0.0441891 -0.404067
-0.0954223 -0.372518 0.0117348
0.119663 -0.760096 -1
-0.0226691 -0.439854 -0.919765
-0.0137554 -0.655516 0.0772668
-0.0954223 -0.360593 0.890567
0.175826 -0.761873 0.751211
-0.0226691 0.41865 -0.271085
-0.0173142 -0.647816 0.820692
-0.0954223 0.620131 -0.592176
0.0219882 -0.689098 -0.117222
-0.0226691 -0.0399632 0.457436
-0.0954223 0.574056 0.582277
-0.0226691 -0.0763021 -0.0384171
-0.0954223 0.161822 -0.181078
-0.0226691 -0.0610666 -0.406992
-0.0226691 -0.0871518 -0.602645
-0.0226691 -0.339911 -0.0750611
-0.0226691 0.597609 -0.643433
0.22925 0.761146 -0.70161
0.0120427 0.761146 0.417832
-0.0226691 -0.0587153 -0.69567
-0.0226691 0.214186 -0.434687
-0.0726611 -0.389769 0.998713
-0.0226691 0.495171 -0.192394
-0.0226691 0.0467128 0.159596
-0.0226691 -0.262132 -0.301331
-0.0226691 0.236706 0.951118
-0.0954223 -0.193794 0.327476
-0.0954223 0.269932 0.828248
-0.0555656 0.761146 -0.299436
-0.0954223 -0.736331 -0.136556
-0.0226691 -0.476918 -0.23607
-0.0954223 -0.568884 -0.81763
-0.0954223 0.281998 0.969789
0.187823 0.695189 0.525106
-0.0954223 -0.436016 -0.729312
-0.0226691 0.476455 0.515036
0.121963 0.761146 -0.559721
-0.0226691 -0.467303 0.978777
-0.0954223 0.31295 0.0558247
-0.0954223 -0.42986 0.807712
-0.0954223 -0.644064 0.105822
-0.0226691 -0.068634 -0.496835
0.143796 -0.695916 -0.223807
-0.0954223 -0.660157 0.396194
-0.0954223 -0.211246 -0.330554
-0.0954223 0.332099 -0.446116
0.185401 0.695189 -0.784737
-0.0226691 0.355432 0.250377
-0.0226691 -0.242007 -0.0782353
-0.0226691 0.61465 0.691116
-0.0954223 0.499514 -0.527834
-0.0226691 -0.436978 0.570229
0.137901 0.695189 0.349566
-0.0226691 0.0821112 0.901079
0.0223275 0.688524 -0.490949
0.0624212 0.761146 -0.214814
-0.0686028 -0.451487 -1
-0.00799817 0.761146 0.767971
-0.0226691 -0.371402 0.468278
-0.0954223 -0.485312 -0.458645
-0.0226691 -0.316804 -0.963387
0.0887241 0.695189 0.502133
-0.0226691 0.252361 0.101056
-0.0226691 0.077933 -0.677701
0.0463813 0.694857 -0.119097
-0.0686223 -0.761873 0.464019
-0.0226691 -0.435527 -0.818432
-0.0954223 -0.565431 0.1745
-0.0954223 0.267596 0.563919
0.0145718 -0.685224 0.608133
-0.0954223 0.389586 0.894112
0.116723 -0.695916 -0.51428
0.133047 0.761146 -0.241544
-0.0954223 -0.519888 -0.190622
-0.0226691 -0.021939 0.00645877
-0.0954223 -0.0904377 -0.755701
-0.0226691 -0.0479472 0.566939
-0.0226691 -0.411357 0.0126599
-0.0954223 0.687203 -0.601541
-0.0226691 0.165267 0.562823
-0.0954223 -0.106389 -0.362657
-0.0226691 0.177922 0.947866
-0.0226691 0.468229 -0.604669
-0.0226691 0.558068 -0.857222
0.0989467 -0.761873 0.397664
-0.0176916 0.646117 0.151675
0.269588 -0.761873 0.285631
-0.0954223 -0.00815184 -0.822544
0.215592 -0.761873 -0.308521
-0.0954223 0.333301 -0.562627
0.148007 -0.761873 0.124985
-0.0954223 -0.706964 0.299472
-0.0226691 0.330908 -0.0364501
-0.0954223 0.13533 0.585247
0.157666 0.761146 -0.844379
-0.0226691 -0.575482 0.933665
-0.0954223 -0.153861 0.716653
-0.0226691 -0.148775 0.317615
-0.0226691 -0.216548 0.733859
-0.0954223 -0.0477249 -0.195822
0.220712 0.761146 0.176526
-0.0954223 0.0515344 -0.506033
-0.0954223 0.710666 -0.392052
-0.0226691 -0.174986 -0.01877
-0.0226691 0.310408 -0.468599
-0.0954223 0.317374 -0.641346
0.0558226 0.695189 -0.359051
-0.0954223 0.0559971 -0.62504
-0.0226691 0.357305 -0.82652
-0.0954223 -0.608204 0.267232
0.0612804 -0.695916 -0.4264
-0.0954223 -0.708798 0.0285279
-0.0577395 0.761146 0.621597
-0.0226691 0.360478 0.0682303
-0.0226691 0.431397 0.565333
-0.0954223 -0.586447 -0.296556
-0.0110315 0.659497 -0.59068
-0.0954223 -0.301084 0.617716
-0.0226691 0.554569 0.868748
-0.0213106 0.633358 0.544707
0.121282 -0.695916 0.601821
-0.0226691 -0.00813392 -0.86229
-0.0954223 0.478897 -0.0550053
-0.0226691 0.370166 -0.906404
-0.0954223 -0.279138 -0.918186
-0.0226691 -0.11538 0.413801
-0.0226691 0.25445 0.413873
-0.0226691 -0.542179 0.654451
-0.0226691 0.189901 0.712608
-0.0226691 -0.502691 -0.0955301
-0.0954223 0.10012 0.963252
-0.0954223 0.741149 -0.224584
0.131463 0.761146 0.950975
0.24082 -0.761873 -0.722172
0.134412 -0.761873 -0.47079
-0.0954223 0.382604 0.140804
0.175437 0.761146 0.780855
-0.0954223 0.602983 -0.911807
-0.0954223 0.365981 -0.873276
-0.0954223 -0.731034 -0.307944
-0.0226691 0.137383 -0.754567
-0.0954223 -0.450011 -0.556601
-0.0628291 -0.0969255 -1
-0.0954223 0.286049 0.726861
-0.0954223 -0.697296 0.812908
0.0757244 0.761146 -0.891209
-0.0954223 0.575099 -0.0699965
0.279916 -0.723648 0.946811
-0.0954223 0.324758 0.281996
0.103907 -0.695916 -0.852998
-0.0226691 0.490857 0.328731
0.190134 0.761146 0.570066
-0.0954223 0.552892 0.130071
0.266633 -0.702136 0.336777
0.248279 0.761146 0.712789
-0.0954223 -0.0779224 -0.0986889
-0.0226691 -0.122858 -0.526776
-0.0173935 -0.647615 -0.891743
-0.0226691 0.231132 0.619162
-0.0954223 0.351773 -0.773762
-0.0954223 -0.407535 -0.465067
-0.0954223 0.342795 0.658217
-0.0954223 -0.485207 0.512076
0.17102 0.761146 -0.487759
-0.0951407 -0.757612 -1
-0.0226691 -0.325339 0.825206
-0.0954223 0.337878 0.434882
-0.0226691 -0.225134 0.407179
-0.0226691 0.327578 0.922619
-0.0226691 0.479376 0.101245
0.278648 -0.71848 -0.0146011
-0.0226691 -0.49583 -0.317955
-0.0942325 0.761146 0.984573
-0.0954223 -0.531973 0.934249
0.129242 -0.761873 0.902729
-0.0954223 0.166329 0.321302
-0.0226691 -0.398997 -0.402878
-0.0226691 0.497121 -0.695486
-0.0736146 0.263609 -1
-0.0954223 0.177268 0.0424463
0.0042883 0.677166 0.704192
-0.0226691 -0.150896 -0.933413
-0.0954223 -0.708911 0.489673
0.022686 0.761146 -0.894857
-0.0954223 0.715854 0.944905
-0.0954223 -0.546055 0.0467469
0.116383 -0.761873 0.19757
-0.0226691 -0.00109573 -0.955379
-0.0226691 -0.0523235 -0.31142
-0.0954223 -0.569731 0.71138
0.27215 -0.761873 0.15828
-0.0954223 -0.704541 -0.629163
-0.0577839 0.761146 -0.782387
-0.0226691 -0.367801 -0.62604
-0.0954223 0.458894 0.728852
0.0996194 -0.695916 0.0495462
-0.0954223 -0.370524 0.550944
-0.0120586 0.724425 0.998713
0.280336 0.760757 -0.476822
0.0130022 -0.684266 0.678186
-0.0954223 -0.753204 -0.548532
-0.0226691 0.063156 -0.892576
-0.0954223 0.168945 0.779291
-0.0226691 0.379194 -0.311969
-0.0954223 -0.476037 -0.851184
-0.0226691 0.185741 0.0452889
0.11168 -0.761873 -0.851967
0.109067 0.695189 -0.0579672
0.108522 0.695189 0.310508
-0.0226691 -0.504154 0.887484
-0.0457076 -0.23694 0.998713
-0.0226691 0.196875 -0.934916
-0.0226691 -0.000546606 -0.652666
-0.0954223 -0.394819 0.721208
-0.0954223 0.585457 -0.815606
-0.0954223 -0.460453 -0.0549577
0.0612201 -0.695916 0.725946
-0.0226691 -0.553198 0.406494
0.0778684 -0.761873 -0.644713
-0.0226691 -0.555082 -0.393714
0.114256 -0.761873 -0.748342
-0.0954223 0.492772 -0.764316
0.0450936 0.694725 0.333975
0.00479463 -0.678318 0.362495
-0.0954223 -0.0221685 0.799962
-0.0954223 -0.222467 -0.848219
-0.06052 -0.31303 0.998713
-0.0226691 -0.492146 -0.745035
-0.0226691 -0.362528 0.324377
-0.0954223 0.705144 0.483944
-0.0954223 0.402171 -0.142445
-0.0226691 -0.496791 -0.460857
-0.0954223 -0.0256808 -0.037785
-0.0226691 0.28259 0.305837
0.279846 0.761146 0.250093
-0.0954223 0.216591 -0.0929532
0.222342 0.695189 0.706998
0.278062 0.716134 0.469264
0.152409 0.761146 0.846383
0.0855657 -0.695916 0.504641
-0.0954223 0.103213 -0.323512
-0.0954223 -0.38762 -0.509075
-0.0226691 -0.285488 0.763751
-0.0226691 0.144809 0.212179
-0.0954223 0.165594 -0.9552
0.256034 0.761146 0.873826
-0.0226691 0.437309 -0.0610764
-0.0532169 -0.761873 0.391542
-0.0954223 0.138563 0.233858
-0.0954223 0.538274 0.858129
-0.0954223 0.131652 0.679913
-0.0226639 -0.620656 0.224358
0.186684 -0.761873 -0.154727
-0.0954223 0.256567 -0.787807
-0.0226691 0.283387 -0.94261
-0.0954223 -0.23754 -0.15186
-0.0954223 -0.530766 0.666769
-0.0954223 -0.0509284 0.693881
-0.0226691 -0.356084 0.0398659
-0.0226691 -0.127926 0.122158
-0.0263552 0.761146 -0.0225355
0.12982 -0.695916 0.428553
-0.0226691 0.429344 0.402376
-0.0226691 -0.315448 -0.163117
0.27734 -0.715161 -0.870793
0.165714 -0.761873 -0.012477
0.0383187 0.761146 0.681379
-0.0226691 0.272086 0.780613
0.242799 0.695189 -0.225219
-0.0226691 -0.35392 -0.310694
0.269112 -0.761873 -0.204328
-0.00217459 -0.761873 0.393327
-0.0591962 0.761146 -0.967669
-0.0226691 0.306685 0.180432
0.225933 0.761146 -0.427222
-0.0954223 -0.408135 0.106145
-0.0954223 0.490836 -0.138537
-0.0954223 0.190118 -0.410717
0.17842 0.761146 -0.646531
-0.0954223 -0.354281 -0.0351395
-0.0226691 -0.317767 -0.565277
0.276098 0.711995 0.190845
-0.0954223 0.673394 -0.775517
0.236993 0.695189 -0.518891
-0.0954223 0.204603 -0.546556
-0.0226691 0.350277 -0.129113
-0.0954223 -0.310361 0.233915
-0.0954223 -0.496727 0.160119
-0.0226691 0.0489769 -0.201449
-0.0226691 -0.395495 0.252139
0.0584125 -0.695916 -0.0574315
0.176639 0.695189 -0.573692
-0.0954223 -0.0893716 0.471373
0.186486 -0.695916 0.310685
-0.0910479 0.761146 -0.930088
0.226765 0.695189 0.558043
-0.0226691 -0.495832 0.701387
-0.0226691 -0.270999 -0.367372
-0.0226691 0.240045 -0.0544763
0.16093 0.761146 0.477307
0.122827 -0.695916 -0.317543
-0.0954223 0.675903 0.576169
-0.0226691 -0.191453 0.912154
-0.0521108 -0.761873 -0.00313262
-0.0226691 0.592991 -0.226137
-0.0226691 0.287065 -0.874831
0.131226 0.695189 0.0406625
-0.0954223 -0.534363 -0.743167
0.207258 -0.695916 -0.0929405
-0.0226691 0.176152 0.161531
-0.0954223 0.0390491 -0.552353
-0.0954223 -0.197237 -0.0588871
0.233975 -0.751334 -1
-0.0226691 -0.378187 0.186086
0.278441 0.717151 0.550823
-0.00899684 -0.761873 0.73216
-0.0226691 0.0940497 -0.844593
-0.0954223 0.183556 0.591825
-0.0226691 -0.185063 -0.258927
0.114624 0.695189 -0.188918
-0.0226691 0.274189 0.699533
-0.0226691 0.515718 0.176777
0.162586 0.695189 0.102522
-0.0954223 0.232895 0.115949
0.0803383 -0.729282 -1
-0.0226691 0.435934 0.753731
-0.0160014 0.761146 0.160057
-0.0226691 0.16454 -0.0769087
-0.0954223 -0.324236 -0.935293
-0.0226691 0.508744 -0.819947
0.145509 -0.695916 0.829979
-0.0226691 -0.0290139 0.94516
-0.0954223 0.211875 0.51909
-0.0226691 0.294003 0.962691
-0.0226691 -0.579734 -0.787618
-0.0226691 -0.419237 0.349134
0.233159 -0.695916 -0.25553
-0.0226691 0.303955 -0.276411
-0.0226691 -0.469186 0.29727
-0.0226691 -0.139186 0.574217
-0.0226691 -0.254671 -0.639004
-0.0954223 -0.391134 -0.791584
0.038812 0.761146 0.91821
0.1835 0.695189 -0.255664
-0.0954223 -0.46632 -0.373793
-0.0484076 0.549083 0.998713
0.0129296 -0.68422 -0.633746
-0.0954223 -0.267389 0.53778
0.276284 0.71233 0.309508
0.24275 -0.761873 0.44741
-0.0954223 0.627761 0.190911
-0.0954223 0.364461 0.961667
-0.0954223 0.363398 0.591227
0.28013 0.724488 -0.392554
0.00225045 0.761146 0.522137
-0.0954223 0.645796 0.289681
0.273469 -0.70875 0.112415
-0.0954223 0.508111 0.476818
-0.060902 -0.488013 0.998713
0.222916 -0.761873 0.807905
0.162696 0.761146 -0.943878
-0.0226691 -0.547016 -0.886196
0.203201 0.761146 -0.749553
-0.0226691 -0.101745 0.227189
0.199021 -0.695916 0.0402986
-0.0954223 0.619233 -0.432509
0.166386 0.761146 -0.0356128
-0.0542393 -0.761873 -0.327563
-0.0637015 0.761146 -0.091244
-0.0954223 -0.261874 -0.247755
-0.0225653 0.623012 0.0505682
0.0840163 0.761146 0.813761
-0.0226691 -0.0532012 -0.150112
-0.0226691 0.579537 0.737624
0.218055 0.695189 -0.611407
-0.0226691 0.516474 -0.112564
-0.0226691 -0.307885 -0.745885
-0.0954223 0.164969 -0.266567
0.048959 0.695054 0.785011
-0.0954223 0.644609 -0.175674
-0.0605876 -0.545726 0.998713
-0.0954223 0.419574 -0.800633
-0.0215181 0.632228 -0.540997
-0.0226691 0.304007 -0.553958
0.059248 0.761146 -0.168235
-0.0226691 -0.0457739 0.703234
-0.0954223 0.252457 -0.328059
-0.0954223 -0.136382 0.3259
-0.0954223 -0.26646 0.0776504
0.265274 0.761146 0.141384
-0.0954223 -0.549222 0.397904
-0.0954223 0.398973 -0.233799
-0.0954223 -0.213349 0.941689
0.121516 0.695189 -0.724143
-0.0954223 -0.627761 0.701473
0.0580865 0.761146 -0.0827375
0.0858776 -0.761873 0.646405
0.0763392 0.695189 0.861399
-0.0689832 -0.0787315 0.998713
-0.0954223 0.0280497 0.0853495
-0.0226691 0.421984 -0.76431
-0.0793643 -0.0159661 -1
-0.065279 0.0052902 0.998713
-0.0954223 -0.309128 0.050621
0.0442315 0.694625 -0.641914
-0.0954223 0.651248 -0.685351
0.0466872 -0.761873 -0.995201
-0.0266605 -0.761873 0.300497
-0.0954223 0.125158 0.415134
-0.0954223 0.245656 0.459172
0.0586323 0.761146 0.506832
0.266245 -0.761873 -0.800662
-0.0954223 -0.451117 -0.28565
0.133728 0.761146 0.431704
-0.0939873 0.761146 -0.32913
-0.0226691 0.518986 0.958096
-0.0954223 -0.253305 0.437779
-0.0954223 -0.753978 -0.869723
-0.0226691 -0.570976 0.0335597
-0.0954223 0.714742 -0.163166
-0.0954223 -0.443663 0.891849
0.193422 -0.761873 -0.946396
0.213887 0.761146 0.472341
-0.0226691 0.252393 0.462621
-0.0954223 -0.371811 -0.692351
-0.0954223 0.712042 0.410391
0.166455 0.695189 -0.43897
-0.0115234 -0.761873 0.0854686
0.235339 0.761146 -0.817752
-0.0226691 -0.314782 0.256834
-0.0954223 0.564589 -0.350699
-0.0954223 -0.211784 -0.228769
-0.0574218 0.389841 -1
-0.0874123 -0.761873 -0.0895452
0.219856 -0.695916 -0.625281
-0.0954223 -0.174583 0.624022
-0.0954223 -0.71958 0.396337
0.038767 -0.761873 -0.68746
-0.0226691 0.301829 -0.712995
-0.0954223 -0.693066 0.956389
0.0959024 -0.695916 0.308834
0.277595 0.715003 -0.0179752
-0.0954223 0.681161 0.374513
0.280336 0.742526 -0.64126
-0.0954223 -0.0853251 0.595128
-0.0226691 0.210509 0.849215
-0.0226691 -0.127533 0.757261
-0.0262568 -0.217893 -1
0.070117 0.695189 -0.858823
-0.0226691 0.167981 -0.788994
0.262302 -0.761873 0.0647381
-0.0954223 -0.3425 -0.427329
-0.0226691 0.315022 0.228323
-0.0226691 0.421904 -0.927226
-0.0226691 -0.147274 -0.883384
0.21019 0.695189 -0.0568982
-0.0226691 -0.126004 0.50767
-0.0101827 -0.661547 0.971277
-0.0954223 0.529144 0.316198
-0.0954223 -0.00194268 0.557997
-0.0226691 -0.194247 -0.795974
-0.0226691 0.125802 0.824466
0.171842 0.761146 0.612237
-0.0226691 0.463675 -0.285149
-0.0226691 -0.35413 0.417712
-0.0954223 0.130833 0.854517
-0.023618 0.761146 -0.403706
-0.0226691 0.34186 -0.217516
0.0260746 -0.690813 -0.898625
-0.0954223 -0.460709 0.0821261
0.235235 -0.695916 -0.350901
-0.0877578 -0.761873 0.898418
-0.0954223 -0.099798 -0.706272
-0.0954223 0.0692933 -0.058326
-0.0954223 0.0815055 0.446421
0.227071 -0.695916 0.591035
-0.0954223 -0.471821 0.41387
-0.0226691 0.189269 -0.534397
-0.0226691 0.394389 0.215466
0.11126 0.695189 0.958576
0.131911 0.695189 0.687359
-0.0954223 0.381287 0.357918
0.226568 -0.695916 0.796142
-0.0133861 -0.656202 -0.561373
0.0215345 -0.68889 -0.534388
0.0102628 -0.682463 -0.974617
0.0836792 0.761146 -0.981165
0.123525 -0.695916 -0.608355
-0.0569593 -0.54604 -1
-0.0669805 0.761146 -0.537273
-0.0954223 0.63556 -0.374397
-0.0226691 0.16896 0.361073
-0.0954223 -0.352953 0.10687
0.00950509 0.761146 -0.967464
-0.0954223 -0.305964 0.572351
-0.0954223 0.471726 -0.356656
-0.0954223 0.264952 -0.469346
0.21307 0.761146 -0.528302
0.0352588 0.761146 -0.752854
0.105552 -0.695916 -0.140366
-0.0226691 -0.24546 0.199525
0.238603 -0.761873 -0.868649
-0.0954223 0.475119 -0.976753
-0.0954223 0.504007 0.977684
-0.0954223 0.561919 -0.69676
-0.0954223 0.655362 0.708852
-0.0954223 0.560827 0.228646
-0.0226691 -0.420013 0.827236
0.183332 0.695189 0.340788
0.0886353 -0.761873 -0.375154
-0.0954223 -0.540897 -0.296551
-0.0226691 0.586604 -0.717555
-0.0954223 -0.0912584 0.262515
-0.0226691 -0.124198 0.69631
-0.0226691 -0.455068 -0.15035
-0.0954223 0.696893 -0.530434
0.280336 -0.734808 -0.415407
-0.0226691 0.0117047 -0.486139
-0.0954223 0.627529 -0.272271
-0.0954223 0.138116 -0.572163
0.00733622 0.679614 -0.0811454
-0.0954223 0.495564 -0.679285
-0.0954223 -0.219635 0.479237
-0.0954223 0.210618 0.906464
0.0991103 -0.695916 -0.270042
-0.0204538 0.637272 0.592278
-0.0226691 -0.514342 0.381661
-0.0954223 -0.674411 0.734065
0.233423 0.761146 0.40784
-0.0954223 -0.617819 0.798429
-0.0954223 -0.465732 -0.695
-0.0226691 -0.614035 -0.541751
-0.0954223 -0.433948 -0.198172
-0.0226691 0.314181 0.0113153
-0.0226691 -0.0935783 -0.66674
-0.0226691 -0.0213094 0.797834
-0.0954223 0.106173 0.0320129
-0.0954223 0.305627 0.494085
-0.0226691 -0.347092 -0.485133
-0.0954223 -0.0415063 0.948152
0.141366 0.695189 -0.886592
-0.0226691 -0.486876 -0.37361
-0.0226691 -0.549337 -0.0204238
-0.0954223 0.370542 0.538044
-0.0954223 0.157879 0.501714
0.249095 -0.695962 -0.210265
0.245264 0.695189 0.0314527
0.186984 -0.761873 -0.795959
0.0880727 -0.695916 0.955079
0.122651 -0.761873 0.791721
-0.0893036 -0.761873 0.631084
-0.0226691 0.22087 0.24374
-0.0226691 -0.575326 -0.599412
-0.0780734 0.761146 -0.475687
0.0622574 0.761146 -0.391345
-0.0226691 -0.280151 0.859362
-0.0576114 0.359677 0.998713
-0.031211 0.649119 -1
-0.0954223 0.0305454 0.0175073
-0.0954223 -0.744706 -0.793164
-0.0226691 -0.0121121 -0.401
-0.0954223 -0.645506 0.226564
-0.0954223 0.387475 -0.485158
-0.0226691 0.257086 -0.418518
-0.0226691 0.408779 -0.820523
-0.0954223 0.713458 -0.347076
-0.0226691 -0.0823531 -0.446701
-0.0226691 0.0124001 -0.263739
0.280336 -0.750684 -0.935984
-0.0954223 -0.382057 -0.333273
-0.0954223 -0.535309 0.571959
0.150542 -0.761873 -0.534975
-0.0954223 0.144658 -0.767698
0.0868403 0.761146 0.0993825
-0.0954223 0.730793 0.0312646
-0.0226691 -0.179002 -0.118353
-0.0954223 -0.673466 -0.495726
-0.0954223 0.231319 0.649585
-0.00367947 -0.761873 0.540238
0.170404 -0.761873 0.952076
-0.0226691 -0.278171 0.564433
-0.0954223 -0.389675 -0.11349
-0.0226691 0.0636656 -0.588644
-0.0954223 -0.716545 -0.185758
0.0537935 -0.761873 0.272164
-0.00343045 0.669634 -0.684227
0.080438 -0.761873 0.740489
-0.0954223 -0.487792 0.758344
-0.0954223 0.301961 0.183583
0.184593 -0.761873 0.363793
0.0376836 0.761146 0.864855
-0.0954223 0.446113 -0.151394
-0.0193173 -0.642109 -0.309153
-0.0221873 -0.628318 0.905942
0.078778 -0.761873 -0.463495
-0.0226691 0.587067 0.829993
0.160759 0.761146 0.393934
-0.0226691 -0.435163 0.521619
-0.0954223 -0.00688274 -0.903526
-0.0954223 0.297389 -0.535981
-0.0226691 -0.544387 0.184495
-0.0226691 -0.171882 0.166684
0.276184 0.712149 -0.804062
-0.0226691 0.607426 -0.136969
0.0809629 -0.761873 -0.021004
-0.0226691 0.5779 0.913992
-0.0226691 -0.479726 0.217246
-0.0954223 -0.48599 0.694308
0.230116 -0.761873 0.898814
0.0929362 0.695189 -0.428158
-0.0226691 -0.231025 -0.434725
-0.0954223 0.599876 0.757959
-0.0954223 0.498445 0.283666
-0.0954223 -0.232677 -0.702638
-0.00595978 -0.667364 0.253392
0.207316 0.695189 -0.962485
-0.0226691 0.436979 0.123381
-0.0226691 0.382764 0.52791
-0.0226691 -0.359079 0.101306
-0.0226691 0.40954 0.876004
-0.0226691 -0.219409 0.111754
0.11973 0.695189 0.393191
-0.0954223 -0.286508 -0.0304358
-0.0954223 0.690387 0.621327
-0.0626266 -0.378672 -1
-0.0226691 -0.577263 0.842498
-0.0954223 0.620316 -0.757196
-0.0954223 0.306893 -0.251949
0.157147 -0.761873 0.0796057
-0.0954223 -0.603347 0.618841
-0.0266383 0.14229 -1
-0.00385882 0.669148 0.766107
0.210802 0.695189 0.939715
-0.0954223 0.622931 -0.961069
-0.0954223 -0.520231 0.00410315
-0.0954223 0.618205 0.925032
-0.0226691 0.616089 0.300715
0.19248 -0.761873 0.843479
-0.0226691 0.505417 -0.628998
-0.0572825 0.540156 -1
-0.0954223 -0.724063 -0.72221
0.189411 -0.695916 -0.276851
-0.0954223 0.0730721 -0.781661
-0.0954223 0.219472 0.731778
-0.0226691 -0.124855 -0.189609
0.223438 0.695189 -0.865859
0.278987 0.718831 0.419205
-0.0226691 0.0993726 0.0912
-0.0954223 -0.230832 0.213953
0.0704197 -0.761873 -0.551034
0.19883 0.761146 0.258336
-0.0954223 -0.718675 0.105799
0.0856608 0.695189 0.0482732
-0.0226691 0.327423 -0.96353
-0.0954223 -0.0113899 -0.16638
-0.0954223 0.574692 0.500706
-0.0226691 0.333821 -0.319098
0.0433113 -0.761873 -0.0911717
-0.0954223 0.495289 0.635242
0.279875 -0.7234 0.654685
0.152854 0.761146 0.700179
-0.0954223 0.0898341 0.173957
-0.0226691 0.106841 0.021081
-0.0954223 -0.196126 -0.187264
-0.0226691 0.434805 -0.692633
-0.0954223 0.312481 0.816208
0.0738171 -0.761873 -0.320788
-0.0226691 0.0915226 -0.95112
0.21226 0.695189 0.61564
-0.0226691 -0.192001 -0.58284
-0.00844881 0.66335 -0.763617
-0.0226691 -0.23235 0.82552
-0.0954223 0.0861883 0.26877
-0.0954223 -0.391422 0.18969
0.101921 0.695189 -0.510579
-0.0954223 0.626875 0.0683605
0.168923 -0.695916 0.523123
-0.0226691 0.123898 -0.162867
0.246162 -0.695916 -0.843771
0.178831 0.695189 0.755091
0.278335 -0.717583 -0.767006
-0.0954223 0.373924 0.692094
-0.0226691 0.271204 -0.11499
-0.0226691 0.100424 0.417901
0.191536 0.695189 -0.187713
-0.0954223 0.193908 -0.499997
-0.0954223 0.465836 0.101563
-0.0226691 -0.482341 -0.90553
-0.0954223 -0.596322 -0.724317
-0.0954223 -0.103366 0.181269
-0.0954223 -0.0778274 -0.276657
-0.0854828 0.761146 -0.423419
-0.0954223 0.562366 0.0344722
0.276361 -0.761873 -0.249669
-0.0954223 0.609165 -0.0144324
0.240425 -0.761873 0.681811
-0.0226691 0.393712 0.481563
-0.0140079 -0.761873 -0.440733
-0.0226691 0.371676 0.687348
-0.0954223 -0.274693 0.873978
-0.0226691 0.0824437 0.619063
-0.0226691 -0.113799 0.00128302
0.202428 -0.695916 0.635813
0.206584 0.761146 0.323081
-0.0226691 -0.287975 0.333884
-0.0226691 0.0245624 -0.000653052
-0.0226691 -0.0638743 -0.891356
-0.0954223 0.413152 0.0222512
-0.0954223 0.42472 0.341256
-0.0954223 0.410397 0.249345
-0.0954223 0.262467 0.279415
0.038007 -0.761873 -0.600367
-0.0954223 0.11916 -0.367862
-0.0954223 0.661182 0.223361
-0.0954223 -0.405258 -0.551505
0.174154 0.761146 -0.429757
-0.0954223 -0.311119 -0.845164
-0.0226691 0.233858 0.680233
-0.0954223 -0.62792 -0.441593
-0.0186969 0.643311 0.219847
0.280336 0.739523 -0.725068
-0.0954223 -0.363059 0.945231
-0.0226691 0.581559 -0.93941
0.279483 -0.761873 -0.844321
-0.0226691 -0.156833 0.227146
0.0362365 -0.718444 0.998713
-0.0226691 -0.280335 0.949547
-0.0954223 0.553266 -0.108143
-0.0954223 0.529925 0.907794
0.0529471 -0.695914 -0.346272
-0.0954223 -0.751563 -0.917897
0.20769 -0.695916 0.726998
-0.0954223 0.749764 0.489884
-0.0220701 0.62857 -0.0115366
-0.0954223 0.459155 0.0167951
0.0452615 0.694744 0.828854
0.128019 0.695189 0.825898
-0.0226691 -0.069175 0.357052
-0.0226691 -0.229874 0.633248
-0.0226691 0.0923282 -0.123147
-0.0947036 0.761146 -0.998163
0.208469 0.695189 -0.13077
-0.0226691 -0.442436 -0.0627784
-0.00370661 0.761146 -0.544533
-0.0226691 -0.492389 -0.958293
-0.0954223 0.408944 -0.334846
-0.0226691 0.544565 0.820432
-0.0034861 -0.670298 -0.166839
0.0563375 -0.695916 -0.586794
-0.0226691 -0.261829 0.487666
0.135753 0.695189 0.912055
0.225086 -0.761873 -0.467247
-0.0954223 0.0347132 0.313233
-0.0954223 -0.601665 -0.523555
0.228425 -0.761873 -0.142709
-0.0954223 -0.735083 0.266369
-0.0226691 0.523512 0.11587
-0.0954223 0.155951 -0.645865
-0.0567966 0.761146 0.676725
0.0197747 -0.761873 0.799847
-0.0735929 0.0880057 0.998713
-0.0226691 0.591101 -0.311602
-0.0954223 0.666588 -0.0231844
-0.0954223 -0.189828 -0.960079
-0.0954223 0.0986576 0.770023
-0.0226691 0.413305 0.604727
-0.0954223 0.664571 0.998205
-0.0954223 0.106858 0.130409
-0.0954223 -0.555457 -0.402259
-0.0226691 -0.381026 0.639274
-0.0309645 -0.761873 -0.658999
-0.0954223 0.121482 -0.0323212
0.279593 0.721209 -0.99693
-0.0954223 0.196583 0.387723
-0.0226691 0.454239 -0.35599
0.174548 -0.761873 -0.327364
0.133385 -0.761873 0.626015
-0.0226691 0.271956 0.0208543
-0.0954223 0.0308059 -0.841578
-0.0226691 -0.211566 0.365015
-0.0226691 0.439601 -0.129576
-0.0226691 0.0943011 -0.509205
-0.0226691 -0.606055 0.313764
0.0305469 0.691653 -0.0397548
0.0330885 -0.693134 0.195964
0.0946102 0.761146 -0.472226
-0.0954223 -0.163414 0.460934
-0.0954223 -0.221644 0.606236
-0.0194387 -0.641709 -0.0185883
0.0400936 -0.761873 -0.935589
-0.0954223 -0.56766 -0.0431008
0.130731 -0.695916 0.0996163
-0.0226691 -0.423785 0.0998689
-0.0226691 -0.46497 0.609454
-0.0226691 0.0349679 0.693089
-0.0319231 0.761146 -0.212374
0.277187 0.714105 0.742449
-0.0226691 -0.18359 -0.188244
-0.0226691 0.229924 -0.763355
-0.0226691 -0.503324 -0.644094
-0.0954223 -0.35911 0.267895
-0.0954223 0.252232 -0.28222
-0.0226691 -0.556109 -0.29928
-0.0954223 -0.374339 -0.876578
-0.0954223 -0.426301 0.448845
-0.0226691 -0.574357 0.489974
-0.0954223 -0.731267 0.446615
-0.0226691 -0.0707361 -0.235938
-0.0954223 -0.161858 -0.262904
0.00743921 0.679693 0.0767752
-0.0226691 -0.0973655 0.909345
0.168052 -0.761873 -0.637408
-0.0954223 -0.477344 -0.961592
-0.0226691 -0.434107 -0.517826
0.138264 0.761146 -0.80128
-0.0954223 -0.079744 0.0870916
-0.0226691 0.111648 0.365763
-0.0954223 0.139425 -0.921074
-0.0226691 0.0185442 0.095435
-0.0226691 0.176781 -0.678756
0.231213 -0.761873 0.00284303
-0.0226691 -0.297706 0.125844
-0.0954223 0.407272 -0.538181
-0.0226691 0.38439 0.980386
-0.0954223 0.0813364 -0.706846
0.145522 -0.761873 0.573063
-0.0514916 0.317175 0.998713
-0.0226691 0.297938 0.832272
0.0952978 -0.695916 0.65242
0.246327 -0.695916 0.951856
-0.0954223 -0.0726486 0.894804
0.253384 0.695744 -0.0572776
0.0980775 0.761146 -0.686111
0.2791 0.761146 -0.235546
-0.0226691 0.0571875 -0.804279
-0.0226691 -0.419046 0.950019
-0.0954223 -0.386507 0.612417
-0.0954223 0.216402 0.182739
0.0515903 -0.761873 0.0123777
-0.0954223 0.449821 0.943375
-0.0226691 -0.275739 -0.00895795
0.0882754 0.695189 -0.94948
-0.0226691 0.406505 0.0524682
0.207467 0.761146 -0.267373
-0.0954223 0.624546 -0.479295
-0.0226691 -0.15381 0.0815467
0.0110902 0.682298 -0.406561
-0.0954223 0.566431 0.425954
-0.0456429 -0.761873 0.825747
-0.0226691 0.532402 0.75479
-0.0954223 0.471756 -0.274823
-0.0226691 0.309201 0.48239
0.114797 -0.761873 -0.558408
-0.0954223 -0.0169119 -0.627639
0.230081 -0.695916 0.315323
0.264027 -0.700439 -0.974431
-0.0954223 -0.0570074 -0.436138
-0.0954223 0.369132 0.398858
0.113124 -0.761873 0.155
-0.0226691 0.549337 0.589
-0.0226691 -0.289598 0.408828
-0.00682547 0.761146 -0.167438
-0.0954223 0.246035 -0.123821
0.197809 -0.761873 -0.40248
-0.0954223 -0.0406261 0.441423
-0.0954223 -0.421227 0.151945
-0.0954223 -0.516443 0.474383
-0.0226691 0.10631 -0.566795
-0.0226691 0.150802 0.666234
-0.0954223 0.727893 0.684151
-0.0954223 0.255065 -0.0396617
-0.0205726 0.636783 0.964741
-0.0220556 0.761146 -0.888333
0.129448 -0.695916 -0.74306
0.160572 -0.695916 -0.68641
-0.0226691 -0.481914 0.804158
-0.0954223 -0.0010802 0.478945
0.226814 -0.761873 -0.644099
-0.0954223 0.460399 0.415694
0.133895 0.761146 -0.1404
-0.0954223 0.589265 -0.557511
-0.0226691 0.0123902 -0.819364
0.0422064 -0.761873 -0.195242
-0.0954223 -0.166705 -0.3064
-0.0226691 -0.0501139 0.611361
0.238725 -0.761873 0.35807
0.132283 0.695189 0.480936
-0.0226691 0.518028 0.704646
-0.0954223 0.216375 -0.701697
0.140875 -0.695916 -0.026804
-0.0481475 -0.761873 0.503771
-0.0226691 -0.322861 -0.228185
-0.0954223 -0.15129 0.895493
-0.0954223 -0.0213514 0.370924
-0.0226691 0.206913 -0.141019
0.184565 0.695189 -0.0950859
0.0729494 -0.761873 0.0715577
-0.0954223 -0.231392 -0.00755328
-0.0226691 0.170257 0.101978
-0.0226691 0.0937462 -0.217516
-0.0226691 -0.6166 -0.164336
-0.0954223 0.385774 -0.287679
-0.0226691 0.0108865 0.239714
-0.0450601 0.049573 0.998713
-0.0226691 0.111946 0.575209
-0.0954223 0.197363 -0.346784
-0.0954223 -0.400306 -0.832953
0.220037 -0.695916 -0.726768
-0.0954223 -0.337924 0.638581
0.165865 -0.695916 -0.916622
-0.0226691 -0.104068 -0.759378
0.133967 -0.695916 0.78192
0.180379 -0.695916 0.0945766
0.196879 0.761146 -0.0786882
-0.0226691 0.0328173 0.601406
-0.0954223 -0.215796 0.0417508
-0.0954223 0.040321 0.397728
0.0019673 0.761146 0.359421
0.0465985 0.761146 -0.615482
-0.063343 -0.761873 0.331513
-0.0954223 -0.396238 -0.957496
-0.0954223 0.522536 0.176022
-0.0954223 0.0465487 -0.203885
0.0314676 0.691937 -0.324765
-0.0954223 -0.0897741 0.835329
-0.0157093 0.650843 -0.723995
0.277637 -0.761873 0.200847
-0.0954223 0.245862 -0.561446
-0.0954223 -0.0250721 -0.780839
-0.0226691 -0.0956408 -0.153929
-0.0226691 -0.30543 -0.101234
0.094363 0.695189 -0.384627
-0.0954223 -0.713039 -0.04351
-0.0226691 0.506896 -0.94746
-0.0954223 0.0596001 -0.322093
-0.0226691 0.024334 0.751026
0.13108 0.761146 0.152925
0.266708 0.701462 -0.290035
-0.0954223 -0.00820983 -0.559037
-0.0954223 0.0208531 -0.0983547
-0.0226691 0.0270214 -0.531158
0.0453557 0.694754 -0.898895
-0.0954223 0.604655 0.27874
-0.0954223 -0.55531 0.0889015
-0.0954223 0.250178 0.997276
-0.0954223 -0.0403402 -0.50797
-0.0954223 0.254307 0.75953
0.280336 -0.742878 0.590726
-0.0954223 0.211443 -0.264494
-0.0954223 -0.165417 0.416551
-0.0226691 -0.294846 -0.657716
-0.0954223 -0.650087 0.455447
-0.0954223 -0.736898 0.546676
-0.0226691 0.344859 -0.866634
-0.0954223 0.555446 -0.991353
-0.0954223 -0.235482 -0.967234
0.0993393 0.761146 -0.411
-0.0954223 -0.236722 -0.8879
-0.0644576 0.304556 -1
-0.0641321 0.761146 0.361878
-0.0226691 -0.0562145 -0.0753654
-0.0226691 -0.522109 -0.778076
0.273705 0.761146 -0.956773
-0.0226691 -0.514939 0.11475
-0.0954223 -0.57903 0.957162
-0.0622243 0.464493 -1
0.226302 0.725302 -1
-0.0226691 -0.170692 -0.638471
-0.0954223 -0.454281 -0.769251
-0.05678 0.761146 -0.613875
0.102412 0.695189 0.188564
-0.0954223 -0.127381 0.957911
-0.0954223 0.655053 0.536327
-0.0954223 0.179071 0.255232
-0.0954223 -0.179334 -0.103401
-0.0226691 0.248812 -0.21873
-0.0226691 0.248351 -0.31287
-0.0954223 0.383781 -0.0207559
0.240919 -0.695916 0.184329
-0.0954223 -0.72408 -0.840488
-0.0954223 -0.675951 -0.565832
-0.0226691 -0.370693 -0.962412
-0.0906598 0.761146 0.113396
-0.0226691 -0.351889 0.276066
-0.0226691 0.371357 -0.397977
-0.0226691 0.564411 -0.456115
-0.0121674 -0.658354 0.169713
-0.0198397 0.639603 -0.630237
0.147579 0.718939 -1
-0.0954223 -0.66229 -0.866549
-0.0226691 -0.262762 0.672394
0.0621791 0.761146 0.328935
-0.0037111 -0.670043 -0.090456
-0.0954223 -0.32911 -0.616859
0.189488 -0.761873 0.207265
0.149988 0.761146 0.526334
-0.0954223 0.0468978 0.235355
0.0977843 -0.761873 0.835318
-0.0226691 -0.577347 0.105997
0.228965 -0.761873 -0.530516
0.0347412 0.692847 0.566772
0.27745 -0.761873 0.864813
-0.0954223 0.00579489 -0.952306
0.137789 -0.761873 -0.187909
-0.0954223 0.331516 -0.0192835
-0.0954223 0.639667 0.380375
-0.0954223 0.088712 -0.149274
-0.0226691 -0.0704978 0.826042
-0.0226691 0.343025 0.452612
-0.0226691 0.5522 0.0329736
-0.0954223 -0.113719 0.116618
-0.0226691 0.0132829 -0.0945265
-0.0226691 0.231838 -0.511879
0.118039 -0.695916 -0.0970013
-0.0226691 0.607664 0.136693
-0.0954223 -0.0329304 0.0489172
-0.0954223 0.0889066 -0.233588
-0.089568 -0.761873 -0.224169
0.280336 0.757445 -0.787527
0.188622 0.761146 0.878266
-0.0954223 0.652696 -0.0890446
-0.0954223 -0.0668857 -0.843518
0.0612374 0.761146 -0.539859
-0.0226691 -0.236431 -0.591851
-0.0954223 0.347376 0.876749
-0.0954223 0.157611 0.110878
-0.0954223 -0.23056 0.868328
0.0441574 0.694616 0.466395
-0.0226691 -0.195806 0.0171192
-0.0954223 -0.712676 -0.266981
-0.0954223 -0.496422 0.103243
0.1516 0.695189 -0.81023
-0.0954223 -0.491241 -0.612432
0.155996 -0.761873 0.714796
-0.0954223 -0.158175 -0.026856
0.124126 0.695189 -0.924491
-0.0954223 -0.0326332 0.527358
-0.0226691 -0.353977 -0.894075
0.0576704 -0.761873 -0.140906
-0.0954223 0.412521 -0.852071
0.278997 0.718867 0.828067
0.0101679 -0.682398 -0.695145
-0.0954223 -0.0621481 0.357317
-0.0169044 -0.648829 0.518514
-0.0954223 0.529751 -0.951295
-0.0558118 0.205431 -1
-0.0226691 -0.405401 -0.0324774
-0.0226691 0.35201 -0.0802018
-0.0226691 -0.409231 0.48506
-0.0954223 -0.433834 -0.326595
0.0155669 -0.761873 0.215429
-0.0684397 -0.271507 0.998713
0.130463 0.695189 -0.647714
-0.0226691 -0.616189 0.026986
0.104678 0.761146 0.919477
-0.0226691 0.0182026 -0.896377
-0.0226691 0.59926 -0.793108
0.039882 -0.694691 0.640567
0.0783153 0.761146 -0.750187
-0.0226691 -0.497103 0.0530351
0.0221414 -0.761873 0.355007
-0.0226691 0.431621 0.359417
-0.0226691 -0.142314 -0.435351
0.236344 0.761146 0.521388
-0.0226691 -0.525527 0.221615
0.226026 0.695189 0.469701
-0.0954223 0.386231 -0.3867
0.117374 0.761146 0.663838
-0.0226691 0.37994 -0.619919
-0.0226691 0.182633 -0.844504
0.0119033 0.761146 -0.342933
0.134873 -0.695916 0.0209412
-0.0954223 -0.704591 0.580183
-0.0954223 0.568847 0.704061
-0.0226691 -0.39972 -0.883744
0.0515922 0.724459 0.998713
-0.0954223 0.338829 -0.292542
0.280336 0.748474 0.913567
0.125612 -0.695916 -0.364625
0.200665 -0.695916 0.155936
0.149404 -0.695916 -0.833755
-0.0954223 0.543236 -0.470847
-0.0954223 -0.296417 -0.223417
-0.0226691 0.238033 -0.958981
-0.0226691 0.573917 0.631022
-0.0226691 0.491612 0.470215
-0.0954223 -0.567015 0.257723
0.0655362 0.695189 0.248096
0.0121595 -0.761873 0.458703
0.234832 -0.761873 0.134623
-0.0954223 -0.333922 0.326798
-0.0226691 -0.275051 -0.499013
-0.0226691 0.290786 0.391477
-0.0550462 -0.158233 -1
-0.0954223 -0.189425 -0.371197
-0.0954223 -0.40104 -0.0609209
0.276197 0.712171 -0.897671
-0.0226691 0.0931892 0.132869
0.0953523 -0.761873 0.47464
0.0895867 0.695189 -0.271073
-0.0954223 -0.173105 0.170272
-0.0226691 0.284367 -0.06268
-0.0205691 0.636798 -0.931013
-0.0226691 -0.447637 -0.661381
-0.0226691 0.499759 0.236298
-0.0954223 -0.114628 -0.0467625
-0.0584527 0.171891 0.998713
0.016912 -0.68656 0.555307
-0.0214366 0.632683 0.454705
-0.0226691 -0.542092 0.750927
0.0505017 0.761146 0.132923
-0.0226691 0.0725091 -0.0530818
-0.0173557 0.646984 0.664275
-0.0226691 -0.592574 -0.082814
-0.0954223 -0.139707 -0.83624
-0.0226691 -0.193389 0.555122
-0.0226691 -0.231081 -0.117802
-0.0226691 0.00374217 0.560406
0.239366 -0.761873 -0.769568
0.118518 -0.761873 -0.612723
0.0313017 0.707134 -1
-0.0954223 0.354711 -0.73186
-0.0226691 -0.252351 0.899527
-0.0226691 -0.576981 0.685832
-0.0954223 0.0878404 -0.924977
-0.0226691 0.217309 0.335139
0.12672 0.731935 0.998713
-0.0954223 0.0322437 0.791192
-0.0226691 -0.0785607 -0.361132
0.0694088 0.695189 -0.0275101
-0.0226691 0.240195 0.885541
0.0595841 0.761146 0.590695
-0.0954223 0.734106 0.748807
0.163452 -0.761873 -0.916933
-0.0515017 0.460879 0.998713
-0.0226691 -0.331431 -0.0307711
-0.0954223 0.38994 -0.695076
-0.0954223 0.686217 0.780916
-0.0226691 -0.165283 0.354988
-0.0954223 -0.318364 -0.483327
-0.0226691 0.0986381 0.743924
0.183152 0.695189 0.426317
-0.0226691 0.491038 -0.907473
-0.0172427 -0.760447 -1
0.103976 0.695189 0.124723
-0.0540568 -0.761873 0.604172
0.0744212 0.761146 0.396438
-0.0944481 0.761146 0.322018
-0.0954223 -0.481335 -0.525277
-0.0226691 -0.0232219 0.38125
-0.0954223 0.0492812 -0.678245
-0.0226691 -0.354361 -0.537996
0.0144978 -0.761873 0.882432
-0.0902196 0.761146 -0.669038
0.210228 0.695189 -0.826352
-0.0226691 -0.247872 -0.720209
0.239667 0.761146 0.943176
-0.0226691 0.591275 0.227083
-0.0226691 -0.281522 0.173856
-0.0954223 0.535638 0.952079
-0.0954223 -0.735072 0.0595981
0.068619 0.761146 0.181461
-0.0954223 0.154007 -0.0978484
0.206315 0.695189 0.834107
0.277495 0.714776 0.0786963
0.197199 0.695189 0.00710834
-0.0226691 0.270905 -0.362079
-0.0954223 0.427307 -0.623977
-0.0111789 -0.659989 -0.611783
-0.0954223 0.147421 -0.880554
-0.0226691 0.327976 -0.79394
-0.0167875 0.648384 -0.328245
-0.0954223 -0.124248 -0.912627
-0.0954223 0.619125 0.429109
-0.0226691 0.219557 0.162267
-0.0954223 0.325271 -0.165899
0.278187 0.761146 0.994127
-0.0954223 -0.580733 -0.150496
-0.0434395 0.761146 -0.744424
0.214464 -0.695916 0.908959
-0.0226691 0.121945 -0.0207042
-0.0169004 0.648112 -0.369302
0.0181882 -0.761873 -0.839907
-0.0954223 0.648151 0.142041
-0.0226691 -0.544835 -0.965507
-0.0954223 -0.429271 -0.143186
-0.0954223 -0.159601 -0.493348
0.205515 0.695189 0.785553
-0.0226691 0.436387 -0.851277
-0.0954223 0.678401 0.864074
-0.0226691 0.577203 -0.990484
-0.0954223 -0.166575 0.244669
0.189797 -0.695916 0.831352
-0.0954223 -0.401012 0.772558
-0.0954223 -0.439374 -0.641367
-0.0954223 0.489694 0.571625
-0.0226691 0.0594392 -0.978739
-0.0954223 0.120365 -0.85048
-0.0954223 0.216215 0.56797
-0.0469826 0.761146 0.950294
-0.0954223 -0.522001 0.840629
-0.0954223 0.675574 -0.82097
-0.0954223 -0.146929 -0.563319
-0.0226691 0.452574 0.280415
-0.0226691 -0.321532 -0.431748
0.228553 -0.695916 -0.544122
0.194985 0.761146 -0.898626
-0.0954223 -0.241541 0.733572
-0.0226691 0.136223 0.290979
-0.0226691 -0.405006 -0.454929
-0.0226691 0.183232 -0.408773
-0.0226691 -0.333617 0.914941
-0.0954223 -0.666289 -0.249744
-0.0226691 -0.0169254 0.638839
0.0244815 0.68945 -0.443939
-0.0226691 0.30223 -0.643589
0.245893 0.695189 0.900132
-0.0954223 -0.0110311 -0.702057
-0.0226691 0.579351 0.359077
-0.0954223 0.203849 -0.189
-0.0226691 0.00042408 -0.742535
-0.0954223 0.130207 -0.462899
-0.0743704 0.761146 0.245551
-0.0954223 -0.585547 -0.903269
-0.0954223 -0.393821 0.517254
0.0133378 0.683748 0.607842
-0.0954223 -0.0923926 -0.621977
0.279944 -0.723825 -0.67391
-0.0954223 0.614315 0.584243
-0.0226691 -0.136371 0.84536
0.143815 -0.727829 -1
0.0758162 -0.761873 -0.278176
-0.0954223 0.70853 -0.24969
0.257223 0.761146 0.3718
-0.0226691 0.268424 -0.57472
-0.0954223 -0.437358 0.657728
-0.0954223 0.277689 0.605745
-0.0226691 -0.457239 0.680618
0.0258632 0.761146 -0.423203
-0.0226691 0.320513 -0.183081
-0.0129794 -0.656938 -0.816622
-0.0954223 -0.394467 0.339303
0.0749361 -0.761873 -0.0624767
-0.0226691 0.326367 0.0951728
0.104297 0.732228 -1
-0.0954223 -0.175194 -0.76433
-0.0226691 -0.344412 0.533252
0.194105 -0.761873 0.153587
-0.0226691 -0.167723 0.76944
-0.0954223 -0.503726 -0.784048
-0.0954223 0.724356 0.25811
-0.0954223 -0.742168 -0.461371
-0.0226691 0.528309 0.306327
-0.0954223 -0.663839 0.302354
0.0104832 0.761146 -0.815956
0.0161494 -0.761873 -0.512696
0.0750092 0.695189 0.75086
-0.0903062 0.761146 -0.269243
-0.0945333 -0.761873 0.129759
-0.0226691 0.0711056 0.279556
0.27203 0.761146 -0.0932341
0.168834 -0.695916 0.685652
0.0367072 0.761146 0.95821
-0.0954223 0.718151 0.84486
-0.0954223 0.719233 0.163735
0.14187 0.695189 0.199773
0.0731939 -0.695916 -0.163915
0.0173597 0.686076 -0.605148
-0.0954223 0.639935 0.827993
-0.0170895 -0.700893 -1
-0.00209864 -0.761873 -0.0528813
0.0605172 -0.695916 0.23992
-0.0954223 0.031378 -0.356664
0.149629 0.761146 -0.679538
-0.0226691 -0.405622 -0.545867
-0.0954223 0.492725 0.892215
-0.0226691 -0.442969 -0.194289
0.240554 0.695189 -0.754573
0.185415 -0.761873 -0.0718066
-0.0226691 -0.373816 -0.234028
-0.0226691 0.353086 0.601675
0.17861 -0.761873 0.655881
-0.0954223 -0.51734 -0.230471
-0.0226691 0.106124 0.488444
0.161045 -0.695916 -0.591987
-0.0954223 -0.51144 0.42982
-0.0226691 0.205711 0.0798225
-0.0226691 -0.580217 -0.335654
-0.00750792 -0.761873 -0.579581
0.185278 -0.695916 -0.870622
-0.0954223 -0.550883 -0.531074
0.0591512 -0.761873 0.58942
0.146458 0.695189 -0.527026
-0.0954223 -0.719093 -0.989852
-0.0226691 0.522624 -0.52539
0.257319 -0.697456 -0.800334
-0.0954223 -0.683162 -0.715054
-0.0300098 -0.476737 -1
0.0990374 -0.695916 -0.574424
-0.0226691 0.5411 0.538784
-0.0954223 -0.0320618 0.631588
-0.0226691 -0.0959484 0.170461
0.0226527 0.688669 -0.818464
-0.0954223 0.281327 -0.623262
-0.0226691 0.16911 0.439694
0.109707 -0.714082 0.998713
-0.0547037 -0.672667 0.998713
0.119896 -0.761873 -0.693952
0.0500843 -0.69584 -0.937408
0.0543464 -0.695916 -0.272837
0.188205 0.738586 0.998713
0.195865 -0.761873 -0.245006
0.00618674 0.678721 0.531869
0.097569 -0.761873 -0.13915
0.0860484 -0.695916 0.897427
-0.0954223 -0.670084 -0.189797
0.00312358 -0.761873 0.619325
-0.0954223 0.578507 -0.205111
-0.0954223 -0.193017 -0.700481
-0.0954223 0.171407 -0.0221316
-0.0226691 0.280078 0.546914
-0.0226691 0.485074 0.420008
0.0458883 0.694809 -0.214862
-0.0954223 -0.562046 -0.958395
-0.0226691 -0.168681 -0.336753
-0.0226691 -0.0103838 -0.610852
0.167659 0.695189 -0.963178
-0.0954223 -0.581629 -0.860504
-0.0954223 -0.537256 -0.581455
0.231653 -0.761873 0.721657
0.109017 0.761146 -0.0833302
0.0755542 0.695189 -0.18216
-0.0954223 -0.220411 0.780597
-0.0954223 -0.681143 0.119782
0.238256 0.761146 -0.915044
0.279018 0.761146 0.791574
-0.0954223 -0.604147 0.00150642
0.0246095 0.689503 0.290065
0.278744 -0.718772 -0.490832
-0.0954223 -0.281649 0.930685
-0.0954223 0.438054 0.638156
-0.056804 0.761146 0.163725
-0.0954223 -0.109365 0.646797
-0.0127131 -0.65741 0.694557
0.059779 -0.761873 -0.409514
-0.0954223 0.546833 0.468669
-0.0226691 0.141647 -0.597287
-0.0226691 -0.0155882 -0.778717
-0.0922846 0.761146 0.877758
-0.0141908 0.761146 -0.247731
-0.0226691 -0.396992 -0.115164
0.193382 -0.761873 -0.711238
0.271745 0.761146 0.0593433
0.130776 -0.761873 -0.398115
0.127768 -0.761873 -0.001459
-0.0954223 -0.476193 0.341033
-0.0226691 0.476596 0.0204305
-0.0226691 0.480943 0.878926
0.244554 -0.695916 -0.430012
-0.0226691 -0.456763 -0.725745
-0.0954223 -0.275653 -0.162214
-0.00270433 -0.731271 0.998713
0.253026 -0.761873 -0.333381
0.105875 -0.695916 -0.421499
0.115929 0.761146 -0.59871
-0.0442938 -0.761873 -0.803604
-0.0954223 -0.173029 0.779209
-0.0226691 0.0370902 -0.129599
0.22327 0.695189 -0.424675
-0.0954223 -0.282072 -0.367462
-0.0954223 0.0257176 0.124699
-0.0226691 -0.278222 -0.807213
-0.0954223 -0.345602 -0.261811
-0.0954223 -0.280959 0.289164
-0.0935338 0.761146 -0.154229
-0.0226691 -0.532461 0.440309
-0.0226691 -0.497598 0.464798
0.262723 0.761146 -0.322702
-0.0226691 0.562881 0.43318
-0.0226691 -0.558506 0.80724
0.0060507 -0.761873 -0.271937
-0.0209849 0.634965 0.836443
0.280336 0.741622 -0.866375
0.0357438 -0.693821 0.757711
0.04043 -0.761873 0.680812
-0.00402482 0.72438 -1
-0.0226691 -0.457677 0.882045
0.134189 -0.761873 0.275052
-0.0954223 0.31881 0.956029
-0.00553006 -0.761873 0.95282
-0.0226691 0.10479 0.223065
-0.0226691 -0.144026 -0.258768
0.264085 -0.700473 0.462446
-0.0954223 0.346655 -0.482597
-0.0586306 -0.761873 0.870061
0.158107 0.695189 -0.741713
-0.0226691 -0.252014 0.784249
0.166347 -0.695916 0.230412
-0.0954223 -0.101914 -0.825671
-0.0954223 0.381644 0.197045
-0.0226691 0.464543 0.711561
-0.0954223 -0.414195 0.97812
-0.0226691 0.0662789 0.318502
0.136559 0.761146 -0.50647
-0.0220348 -0.629574 -0.703028
0.0971589 -0.761873 0.554553
-0.0954223 0.693901 0.445105
-0.0226691 -0.351635 -0.812493
-0.0954223 0.484992 0.811659
-0.0954223 -0.0918478 -0.518278
-0.0226691 -0.323398 -0.70996
-0.0954223 0.0549467 0.953434
0.199591 -0.695916 -0.333291
-0.0954223 0.522749 -0.0363075
0.0851421 0.695189 -0.696145
-0.0562101 0.738115 -1
-0.0226691 -0.0850072 0.987899
0.0260315 0.690069 0.0392532
-0.0954223 -0.462313 0.543744
0.16714 -0.695916 0.918384
-0.0226691 0.106678 -0.726879
0.0917186 0.695189 -0.102078
0.0708019 -0.695916 0.371758
-0.0226691 -0.130318 -0.680006
0.178146 -0.721102 0.998713
-0.0162723 0.761146 -0.606389
-0.0954223 0.539156 0.0881579
-0.0226691 -0.0397231 -0.961113
-0.0226691 0.00161031 -0.347108
-0.0954223 -0.589514 0.874456
0.171103 0.695189 0.89115
-0.013847 0.761146 0.475437
-0.0954223 -0.41379 0.0175427
-0.0954223 -0.0177091 -0.304393
-0.0954223 -0.265426 -0.0899923
-0.0688262 -0.761873 -0.386863
-0.0226691 -0.15823 0.675647
0.25425 0.761146 0.640653
-0.0226691 0.401814 -0.139148
0.248249 -0.761873 -0.910087
0.0508181 -0.695869 0.487023
-0.0226691 0.188223 0.00561834
-0.0954223 -0.307071 -0.754266
0.0724587 -0.695916 -0.505088
-0.0226691 0.158642 0.904811
-0.0954223 0.638244 -0.309686
-0.0954223 0.534778 -0.756246
-0.0954223 -0.0956737 0.41274
-0.0954223 0.275416 -0.853944
0.0318783 -0.692787 -0.214561
-0.0954223 0.212326 -0.867128
0.00581776 0.678427 0.486319
-0.0954223 0.653805 -0.23454
0.143759 0.695189 0.735457
-0.0954223 0.234089 0.307837
-0.0376093 -0.761873 0.684211
-0.0954223 0.550147 0.634616
-0.0954223 0.731051 0.629595
-0.0954223 0.574462 -0.638849
0.0763325 -0.761873 0.43526
0.0184781 0.761146 0.641948
-0.0226691 0.137145 0.781654
-0.0954223 0.00730753 0.0525385
-0.0954223 -0.103189 -0.32119
0.104576 -0.695916 -0.229695
-0.0954223 -0.508605 -0.87228
-0.0954223 -0.140412 -0.400183
0.0522345 0.761146 -0.484071
0.0657034 -0.761873 0.316487
-0.0226691 0.37056 0.388424
-0.0954223 0.735427 -0.873607
0.121807 -0.761873 0.0525748
-0.0954223 0.567784 0.831126
-0.0954223 0.319464 -0.326121
0.0121675 0.761146 0.0790741
0.233862 0.695189 0.170747
-0.0954223 -0.635414 -0.962476
-0.0226691 0.385849 0.736466
0.145487 -0.761873 0.411813
0.167705 -0.695916 -0.310426
-0.0954223 0.652835 -0.619374
-0.0954223 0.39527 0.802885
-0.0226691 -0.306971 0.60642
0.023263 0.688936 0.912126
-0.0954223 -0.554127 0.483958
-0.0226691 -0.208122 0.152888
0.236982 -0.761873 0.972799
-0.0954223 -0.129266 0.269537
-0.0954223 0.344176 0.136673
-0.0954223 0.373616 -0.5698
0.128413 -0.761873 -0.250689
-0.0226691 -0.118953 -0.963414
-0.0954223 -0.059446 -0.0057315
-0.0226691 0.169774 -0.315874
-0.0226691 0.434773 -0.629485
0.004245 0.67713 -0.962514
-0.0954223 0.448258 -0.591533
-0.0954223 -0.603561 0.168408
-0.0226691 0.5664 0.182388
-0.0200327 0.638902 -0.0558555
-0.0226691 0.28617 -0.760976
-0.0226691 0.227797 0.494994
-0.0226691 -0.0215498 -0.708624
0.240547 0.761146 0.814555
-0.0954223 0.528643 -0.560582
0.260906 0.6981 -0.595316
-0.0954223 -0.59143 -0.221927
-0.0954223 0.4226 0.60201
-0.0226691 0.311693 0.521304
-0.0954223 0.399333 0.106094
0.0363131 0.761146 0.772317
-0.0615414 -0.761873 0.206344
0.0737556 0.695189 0.100872
-0.0954223 -0.469422 0.792176
-0.0226691 -0.0733821 0.0763555
-0.0226691 -0.248982 -0.527333
-0.0226691 -0.384946 0.976431
-0.0954223 0.0720012 0.718351
-0.0226691 0.0811578 -0.280415
-0.0954223 -0.590954 -0.371613
-0.0954223 -0.637858 -0.303038
-0.0954223 -0.157634 -0.17817
-0.0954223 0.106837 0.360389
-0.0954223 -0.12675 -0.247197
0.280336 -0.740518 -0.566118
-0.0102316 -0.761873 -0.540653
0.0233013 -0.68968 0.889464
-0.0954223 -0.523741 -0.335238
0.197059 0.695189 -0.897823
0.0484749 0.761146 0.429992
-0.0226691 -0.2436 0.341045
-0.0954223 -0.00939505 0.71322
0.280336 0.745203 0.290081
0.0150185 0.761146 -0.683962
-0.0954223 0.0447823 0.607354
-0.0226691 -0.223909 0.695766
-0.0954223 -0.661612 -0.366299
0.10349 -0.761873 -0.797124
-0.0954223 0.123194 0.1987
0.280319 -0.727833 0.311786
-0.0499765 0.71859 0.998713
0.128966 0.695189 -0.152101
-0.0954223 -0.448076 -0.467773
-0.0954223 -0.121489 0.919604
-0.0954223 -0.459649 0.169817
-0.0954223 -0.552753 0.806932
0.153717 -0.695916 -0.52425
-0.0954223 -0.140297 0.19635
-0.0954223 -0.604562 -0.0890987
-0.0226691 -0.283338 0.28061
-0.0226691 -0.360131 0.725389
-0.0226691 0.131283 -0.391947
-0.0954223 -0.291303 0.82621
-0.0954223 0.546764 0.555423
-0.0954223 0.0555162 0.535717
-0.0226691 -0.372323 -0.156101
-0.0954223 0.698769 0.216113
-0.0954223 -0.357992 -0.955927
-0.0226691 -0.456557 0.431905
-0.0226691 -0.0873982 -0.994247
-0.0954223 -0.648 -0.0434119
-0.0954223 -0.25079 0.953446
-0.0954223 -0.644205 0.361428
-0.0226691 -0.131093 -0.840189
-0.0339429 0.761146 0.79607
-0.0226691 -0.372679 -0.690351
0.247175 -0.695916 0.542019
-0.0954223 0.704776 -0.487321
-0.0226691 -0.287822 -0.887704
-0.0954223 -0.0123154 0.296262
-0.0954223 -0.629183 -0.161323
-0.0706627 0.580114 0.998713
-0.0584175 0.761146 -0.385702
-0.0954223 0.568433 -0.424535
-0.0954223 -0.399796 0.891969
-0.0226691 0.347006 0.335585
-0.0128483 0.656445 0.351335
-0.0954223 0.351041 0.0535552
0.129331 0.695189 -0.447787
-0.0954223 0.37759 0.730073
-0.0725116 0.761146 0.799962
-0.0954223 0.105542 -0.801678
-0.0954223 -0.238789 -0.465726
0.235252 -0.761873 0.0916213
-0.0954223 -0.360537 -0.187827
-0.0954223 0.617414 0.349416
-0.0226691 -0.321421 0.714074
0.280336 -0.759841 -0.449662
-0.0226691 0.239478 0.534327
-0.0954223 -0.0122495 0.246324
-0.0954223 0.0370258 0.198554
-0.0226691 -0.405876 -0.758488
-0.0954223 0.730384 -0.0846429
-0.0226691 -0.217157 -0.93767
0.076519 0.761146 -0.819935
0.117654 0.695189 -0.310891
-0.0226691 0.554944 -0.00498707
-0.0954223 0.717595 -0.627506
0.142643 0.761146 -0.181593
-0.0954223 0.692547 -0.301611
-0.0954223 0.0165786 -0.0178563
-0.0954223 0.0871463 -0.603237
-0.0954223 -0.246951 -0.610639
-0.0954223 0.417109 0.164754
0.0823119 0.761146 0.03496
0.14768 -0.761873 0.519136
0.0956467 0.695189 -0.774699
-0.0226691 -0.321017 -0.866405
-0.0916219 0.611189 -1
0.274523 0.70947 -0.358128
-0.0226691 0.144119 -0.870994
-0.0954223 0.363035 -0.646352
0.204609 0.695189 -0.303479
0.279073 0.719129 -0.676975
-0.0226691 -0.393606 0.412813
-0.0954223 -0.0279054 0.184191
-0.0954223 0.419021 0.462537
-0.0954223 -0.379802 0.394648
-0.0226691 -0.0389561 -0.185291
0.069407 -0.761873 0.52391
-0.0954223 0.543382 -0.838974
-0.0954223 0.484208 -0.886951
-0.0954223 0.0678303 -0.868234
-0.0954223 0.160786 0.821661
0.224305 0.761146 -0.979245
-0.0226691 -0.589684 0.148393
-0.0226691 -0.168962 0.630054
-0.0954223 -0.633292 0.996401
-0.0226691 -0.579437 -0.652754
-0.0689494 -0.761873 -0.644847
-0.0954223 -0.628758 0.0649894
0.177501 -0.695916 0.486165
-0.0954223 0.422799 -0.440368
-0.0226691 -0.117136 -0.227211
0.0786106 -0.761873 0.111739
-0.0954223 -0.621342 -0.585834
-0.0226691 0.00401276 0.322551
-0.0954223 0.334284 -0.225871
0.00686473 -0.679979 -0.00196841
0.0889962 -0.761873 0.91194
0.190236 0.695189 0.975798
0.0316837 -0.692729 -0.823875
-0.0226691 0.520577 -0.0734384
0.108779 0.761146 0.844908
0.119644 0.695189 -0.236498
-0.0954223 -0.186592 -0.62696
-0.0226691 0.177285 -0.115215
-0.0954223 -0.457411 0.0445035
-0.00314955 -0.761873 -0.760897
0.156705 -0.695916 0.561874
-0.0954223 0.229156 -0.641514
-0.0954223 0.0978513 -0.399019
0.120108 0.761146 0.34414
-0.0954223 0.291716 0.534895
-0.0226691 0.337314 0.761347
0.18002 0.761146 -0.315915
-0.0226691 -0.0550622 0.743713
-0.0954223 0.271845 -0.924428
-0.0954223 0.463784 0.498876
0.189279 0.761146 0.69042
-0.0226691 -0.418952 -0.365653
-0.0226691 -0.219868 0.506658
0.220651 -0.695916 -0.178813
-0.0954223 -0.335563 -0.221328
-0.0258707 -0.761873 -0.918245
-0.00143145 0.761146 0.559591
-0.0954223 -0.687724 -0.11378
-0.0954223 -0.169741 -0.448454
0.272075 -0.761873 -0.975304
-0.0226691 0.575857 -0.192576
-0.0954223 -0.0985658 0.76931
-0.0226691 -0.197865 0.949197
-0.0226691 0.0978193 -0.461215
-0.0226691 0.560944 -0.493543
-0.0226691 -0.401316 -0.842544
-0.0954223 -0.0479976 -0.233394
0.267382 0.761146 -0.052351
-0.0226691 0.52769 0.665026
0.197496 -0.695916 0.405794
-0.0954223 0.0726916 -0.964872
-0.0226691 -0.0264468 0.21933
-0.0226691 -0.341146 -0.599189
-0.00844838 0.66335 -0.26036
0.227508 0.761146 0.573518
-0.00534565 0.667394 0.986703
-0.0954223 0.172885 0.176151
-0.0954223 -0.347075 -0.507475
-0.0954223 -0.322848 0.371663
-0.0954223 -0.565983 0.546298
-0.0226691 0.4725 0.573518
-0.0954223 -0.0966163 0.558781
-0.0954223 0.664434 -0.863569
-0.0584931 0.12252 -1
-0.0226691 -0.201817 -0.471133
0.144924 0.695189 0.254079
-0.0134029 0.655444 0.261427
0.177051 0.761146 -0.242276
-0.0226691 0.0638264 -0.354437
-0.0954223 0.626959 -0.142663
-0.0954223 0.436352 0.302288
-0.0954223 -0.504891 -0.426754
-0.0954223 -0.543846 -0.846782
0.279085 -0.761873 0.670254
-0.0734998 -0.761873 -0.711792
0.223076 0.761146 -0.358075
-0.0226691 -0.596528 0.252936
-0.0543121 -0.150976 0.998713
-0.0954223 -0.723512 0.192231
0.151496 0.695189 0.556751
-0.0226691 0.360342 0.945206
0.00316858 -0.761873 -0.70103
-0.0954223 0.247924 0.00158436
-0.0226691 0.0415063 0.54142
0.121677 -0.695916 0.238332
-0.0954223 0.514554 -0.629047
-0.0954223 0.691656 -0.997349
-0.0954223 0.619612 0.105667
0.256754 0.696556 0.862002
-0.0226691 0.55615 0.4719
0.00848139 -0.681197 0.0617471
-0.0954223 -0.147944 -0.689641
-0.0226691 0.497535 -0.0366154
-0.0954223 -0.556186 -0.667646
-0.0954223 -0.67588 0.651524
-0.0954223 0.426421 -0.055334
-0.0226691 0.586696 -0.376101
-0.0226691 0.411035 0.838728
-0.0954223 -0.113362 -0.0840414
-0.0226691 0.585317 -0.679811
0.0511752 -0.761873 -0.809015
-0.0954223 0.453124 0.851741
0.24544 0.761146 0.0915127
0.0639052 -0.695916 0.788947
0.0919424 0.761146 0.275676
-0.0226691 -0.296217 0.0540175
0.145988 -0.695916 -0.173618
-0.0954223 -0.72246 -0.00613276
0.12697 0.761146 -0.0416697
-0.0954223 0.581001 -0.507607
-0.0954223 0.117243 -0.535962
-0.0954223 -0.66389 -0.451193
-0.0954223 0.586899 0.671505
-0.0226691 -0.527732 -0.178066
0.0909495 -0.695916 0.580252
-0.0226691 -0.581549 0.38093
-0.0226691 -0.449857 0.64393
-0.0226691 0.247817 0.138104
-0.0226691 0.0667641 0.804203
-0.0954223 0.271338 0.0518976
-0.0226691 -0.180076 0.432729
0.253825 -0.696556 -0.0314184
0.045685 -0.695516 0.581806
-0.0226691 -0.308202 -0.294603
-0.0226691 -0.496704 -0.0044368
-0.0226691 0.519851 0.792064
-0.0226691 0.420179 -0.964708
-0.0226691 -0.549516 0.972645
0.00626324 -0.679509 -0.754544
0.166123 -0.695916 0.172968
0.223593 -0.761873 -0.0717092
-0.0509065 -0.452302 0.998713
-0.0954223 -0.403606 0.579516
0.278928 -0.719361 -0.371093
-0.0954223 -0.00734126 0.871062
-0.0585114 0.761146 0.536084
-0.0954223 -0.199185 0.394144
-0.0954223 -0.702696 0.242286
-0.0954223 0.685518 -0.455668
-0.0646697 -0.761873 -0.587736
-0.0226691 -0.0130571 -0.295164
0.242929 0.728642 0.998713
0.153821 -0.761873 -0.67709
-0.0954223 -0.625163 0.412942
0.159882 -0.695916 0.96024
-0.0954223 0.610899 -0.346816
-0.0954223 -0.301168 -0.658395
-0.0226691 -0.40665 0.712609
-0.0226691 -0.413408 0.913455
-0.0954223 0.109558 0.884772
-0.0226691 -0.355204 -0.76301
0.280336 0.732191 0.221533
0.192112 0.695189 0.285207
-0.0226691 -0.48429 -0.127594
-0.00118971 0.761146 -0.106563
0.201857 -0.695916 0.765644
-0.0853863 0.761146 -0.0186765
0.229597 -0.761873 -0.681878
-0.0226691 -0.11693 0.956694
-0.0954223 0.22168 -0.754379
0.0211715 -0.761873 0.58106
0.16523 -0.695916 -0.959677
-0.0641593 0.0488552 -1
-0.0954223 0.263919 -0.203828
-0.0954223 -0.0697547 -0.952119
-0.0228929 -0.176351 -1
-0.0226691 0.100708 -0.646129
-0.0163618 0.649383 0.626883
0.129075 -0.695916 0.743234
0.280336 -0.760779 -0.715485
-0.0226691 0.298545 0.261301
0.270546 0.704719 -0.178471
-0.0226691 0.0422829 0.0670433
0.0673643 -0.695916 -0.715504
-0.0488258 -0.761873 0.104586
-0.0226691 0.0450353 0.885178
-0.0226691 0.0193939 0.943463
-0.0954223 0.440683 0.561824
-0.0226691 -0.0137175 0.168552
-0.0226691 -0.256864 -0.225404
0.116639 -0.695916 -0.900849
-0.0226691 0.159708 -0.503935
-0.0226691 0.614619 0.513072
-0.0226691 0.444023 0.483344
-0.0954223 0.66419 0.0584577
-0.0281404 0.761146 0.914481
-0.0954223 0.250801 0.796403
-0.0954223 -0.701182 -0.424236
-0.0226691 0.491016 0.624333
0.0973289 -0.695916 -0.969145
0.16842 0.695189 0.849354
-0.0226691 -0.517677 0.626602
-0.0226691 0.117828 0.977194
-0.0507434 -0.761873 0.956816
-0.0954223 -0.543891 -0.783115
-0.0226691 0.295312 -0.425559
-0.0177741 -0.646627 0.607755
-0.0954223 -0.244644 0.114416
-0.0954223 -0.595429 -0.467547
-0.0226691 -0.00759314 0.878177
-0.0226691 0.541481 -0.31123
0.257567 0.696809 0.979234
0.138702 0.761146 0.0336578
-0.0226691 -0.467388 -0.836535
-0.0561619 -0.199714 0.998713
-0.0575304 0.130907 0.998713
0.108288 -0.695916 0.349551
-0.056573 -0.501938 -1
-0.0226691 -0.363498 -0.392872
-0.0226691 0.568521 -0.0640353
-0.0954223 -0.751956 0.759024
-0.0954223 -0.12572 0.475443
-0.0954223 0.31637 0.747764
-0.0954223 -0.620837 0.913504
-0.0954223 -0.20178 0.700913
-0.0591894 -0.761873 -0.994824
0.0328382 -0.693064 0.304261
-0.0603882 0.761146 0.848616
-0.0226691 0.476485 -0.845116
-0.0226691 -0.162935 -0.534131
-0.0954223 0.611145 0.503099
-0.0954223 -0.0188268 -0.127089
-0.0954223 0.360524 0.274614
0.0987462 0.695189 0.263286
0.279602 0.761146 0.0202426
-0.0226691 -0.169722 -0.725344
-0.0226691 -0.252946 -0.171319
-0.0226691 0.269163 -0.828884
0.188798 0.695189 -0.691442
-0.0954223 0.454737 0.765675
-0.0954223 -0.680531 0.15819
-0.0954223 -0.67286 0.0225194
-0.0954223 -0.38194 -0.267164
-0.0226691 -0.106022 -0.070085
-0.0226691 0.566217 -0.819805
0.213286 0.761146 -0.200265
-0.0226691 0.0066924 0.719159
0.15594 0.695189 -0.357903
0.0264724 -0.690965 -0.0811335
0.243153 -0.761873 -0.377102
0.131353 -0.695916 -0.449255
-0.0226691 0.281598 0.20876
-0.0226691 -0.577413 0.567254
0.119853 0.761146 0.880723
-0.0226691 0.16298 0.49191
-0.0786799 0.761146 0.581953
-0.0954223 0.130559 0.32794
-0.0954223 0.484522 0.0542036
-0.0226691 0.274341 0.0720712
0.202612 -0.761873 -0.856036
-0.0954223 -0.579978 0.41731
0.0607484 -0.695916 0.0714111
-0.0954223 -0.0450365 -0.906194
0.0958982 0.695189 0.682391
0.279963 0.723221 -0.428884
0.253695 -0.742621 0.998713
-0.0226691 -0.213944 -0.291615
-0.0954223 -0.664829 0.869331
-0.0552612 0.761146 0.0462608
0.0011303 0.761146 0.20807
-0.0226237 -0.622395 -0.990636
-0.093229 -0.30973 -1
-0.0226691 -0.0158822 -0.995898
-0.0226691 0.31629 -0.356192
0.116559 0.761146 -0.899959
-0.0226691 -0.346837 0.495008
-0.0954223 -0.145093 -0.639709
-0.0954223 0.0167679 0.742514
0.0451855 -0.695462 -0.78291
-0.0954223 0.331349 0.209524
-0.0954223 -0.066908 0.976847
0.279954 0.723165 0.515076
0.248946 -0.761873 0.232005
-0.0954223 0.516859 -0.339757
-0.0954223 -0.497739 0.94625
-0.0226691 -0.0931851 -0.297349
-0.0597803 -0.338765 -1
-0.0954223 -0.0764779 -0.173756
-0.0954223 0.697561 -0.56681
0.10914 -0.761873 0.712985
-0.0226691 -0.476563 -0.58013
-0.0226691 0.493706 0.931613
-0.0364495 -0.761873 -0.0874196
-0.0954223 -0.684183 -0.964387
-0.0226691 -0.610708 0.497179
-0.0195072 -0.64148 0.733815
-0.0954223 0.636893 -0.927658
-0.0218816 -0.630688 -0.860056
-0.0226691 0.548588 0.396407
-0.0954223 -0.231789 0.557035
-0.0505256 0.761146 -0.82208
-0.0694949 -0.761873 -0.293463
-0.0954223 -0.555848 0.214059
-0.0226691 0.069658 0.201832
-0.0226691 0.389096 0.134526
-0.0954223 -0.469495 -0.250733
0.101434 -0.761873 -0.925694
-0.0226691 -0.477312 0.387873
-0.0226691 -0.318137 0.99524
-0.0954223 0.319704 -0.967856
-0.0954223 -0.3818 -0.657606
-0.0954223 0.520178 0.248919
-0.0226691 -0.513753 -0.711671
-0.0954223 0.246346 0.911926
-0.0954223 0.133825 0.761693
-0.0954223 -0.479813 -0.811136
-0.0954223 0.270269 0.405993
-0.0954223 -0.305226 -0.443618
0.0606842 -0.761873 -0.737909
-0.0226691 -0.213561 -0.856608
-0.0226691 0.456408 0.646099
0.259833 0.69764 0.342248
0.280336 -0.732006 -0.0880631
-0.0226691 0.527196 -0.390271
0.221046 -0.695916 -0.796193
-0.0954223 0.30634 -0.390288
0.186096 0.695189 0.668903
0.0918402 0.695189 0.610301
-0.0954223 0.700563 -0.119877
-0.0954223 0.37127 -0.10204
-0.0954223 0.760141 -0.781157
-0.0954223 0.207879 0.0222158
-0.0954223 -0.180896 0.535134
-0.0954223 0.420643 0.425416
-0.0226691 -0.126184 -0.368127
-0.0954223 -0.168442 0.845242
0.182547 -0.761873 0.270483
-0.0954223 0.142538 -0.496765
0.279795 0.722222 0.944812
-0.0954223 -0.586655 0.330404
-0.0226691 0.357537 -0.540321
0.280336 0.732892 0.161819
-0.0954223 -0.61346 0.845356
0.0512431 -0.761873 0.385516
-0.0954223 -0.521711 0.349607
-0.0226691 -0.0975586 0.268586
-0.0954223 -0.657344 0.965934
-0.0954223 0.300311 0.687776
-0.0226691 -0.54599 0.260332
-0.0220023 -0.62982 0.548624
-0.0954223 0.650507 0.453958
-0.0226691 0.244008 0.214587
-0.0954223 0.0993658 0.5853
0.199034 -0.761873 0.0732809
0.258446 0.761146 -0.619648
-0.0954223 -0.632194 -0.397691
-0.0655676 -0.591214 -1
-0.0954223 -0.0571869 0.302438
-0.0226691 -0.0270943 0.0996455
-0.0954223 0.536243 -0.269088
-0.068328 0.761146 0.4579
0.196602 0.761146 0.0381812
-0.0954223 0.215296 0.439967
-0.0954223 0.123185 -0.173843
-0.0226691 0.208821 0.756432
-0.0226691 0.132174 -0.791796
0.0540141 -0.761873 0.89485
0.176334 -0.761873 -0.189108
-0.0200657 0.638779 -0.833622
-0.0933038 0.761146 0.191245
-0.0954223 -0.0938658 -0.447348
0.248099 -0.761873 -0.175238
-0.0954223 -0.720651 -0.492244
-0.0954223 0.052679 -0.166865
0.237506 -0.695916 -0.936375
0.241016 -0.695916 -0.105074
-0.0225112 0.623939 -0.483345
0.197631 0.761146 0.398114
0.100372 0.761146 -0.226792
-0.0226691 -0.395944 -0.198341
0.0317254 -0.761873 -0.773429
0.0546442 0.761146 0.728231
-0.0954223 0.271848 -0.698049
-0.0954223 0.488352 -0.0918556
-0.0954223 -0.342847 -0.339205
-0.0226691 -0.481206 0.135449
-0.0226691 0.0634845 0.763255
-0.0954223 -0.421315 -0.909375
0.126531 0.761146 0.284916
-0.0226691 0.60824 0.766364
-0.0226691 0.585556 0.670268
-0.0954223 -0.709709 0.675576
-0.0226691 -0.0481721 0.292725
-0.0954223 0.640561 -0.727715
-0.0244472 0.252196 0.998713
-0.0954223 0.590363 0.208489
0.195359 -0.695916 -0.483363
-0.0954223 -0.641113 -0.0083364
-0.0226691 -0.41093 -0.263308
0.0229879 -0.689544 0.834929
0.138636 -0.761873 0.333046
0.280336 -0.735129 0.08004
-0.0226691 0.280684 -0.194368
-0.0226691 0.200299 -0.283636
-0.0226691 0.17484 -0.229034
0.0441867 0.694619 0.650903
-0.0954223 0.346291 -0.814241
-0.0954223 0.707501 -0.764609
-0.0226691 -0.22344 0.975045
-0.0226691 0.582283 -0.752961
-0.0226691 0.475905 0.829657
-0.0954223 -0.0549787 -0.759533
-0.0954223 0.321498 0.0200969
0.248563 0.695211 -0.484484
0.253635 0.761146 -0.198443
0.000346424 0.761146 0.805835
0.0497777 0.761146 -0.286142
-0.0954223 -0.679588 -0.0599384
-0.0954223 -0.398734 -0.203636
0.239088 0.695189 0.117923
-0.0954223 -0.180137 -0.576211
-0.0226691 0.463047 -0.773304
-0.0954223 -0.335121 0.200821
-0.00847242 -0.664044 -0.2833
-0.0226691 -0.614893 -0.919697
-0.0954223 -0.322634 -0.101844
-0.0200353 0.638892 -0.154215
0.278581 -0.71828 0.0209749
-0.0518766 -0.677814 -1
-0.0954223 0.0135618 -0.252437
-0.0226691 -0.249293 0.747728
-0.0226691 0.153755 -0.0424313
-0.0226691 -0.0114854 0.491548
-0.0226691 0.28142 0.882544
-0.0226691 0.575476 0.998115
-0.0226691 0.177762 -0.449675
-0.0226691 -0.249714 -0.334639
-0.0226691 0.310163 -0.678237
-0.0954223 0.499885 0.344067
-0.0226691 -0.221032 0.234517
-0.0954223 -0.737738 -0.641829
0.0762388 -0.695916 -0.662169
-0.0226691 0.264944 -0.254671
-0.0226691 0.459684 -0.193682
-0.0954223 0.160265 0.0748754
-0.0954223 -0.150984 -0.96006
-0.00619036 -0.667074 0.444667
-0.0226691 0.213543 -0.896703
0.202359 0.761146 -0.678473
-0.0954223 0.477826 -0.499763
-0.0954223 0.188449 0.293577
-0.0226691 0.459745 -0.983387
-0.0954223 0.0108609 0.170186
-0.0954223 -0.667167 -0.752129
-0.0535671 -0.761873 0.77097
-0.0954223 -0.111972 -0.488972
-0.0246196 -0.644351 0.998713
-0.0137119 -0.655597 -0.230698
-0.0690972 -0.761873 0.0588934
-0.0954223 0.484075 -0.392462
-0.0226691 -0.321534 0.789987
-0.0226691 0.439806 0.182449
-0.0226691 -0.365152 -0.0489033
0.15748 0.761146 0.255699
-0.0954223 0.331461 -0.515824
-0.014663 -0.761873 -0.14222
-0.0954223 -0.424229 -0.399478
0.280336 -0.736562 0.525914
-0.0226691 0.335685 -0.398983
-0.0954223 0.679759 -0.168571
-0.0954223 0.529503 0.0113545
0.0493808 -0.761873 -0.242966
-0.0954223 -0.15089 -0.125282
-0.00182733 -0.672108 0.794518
-0.0954223 -0.65364 -0.12322
0.165709 -0.761873 -0.767718
-0.0226691 -0.567884 -0.512799
0.176149 -0.695916 -0.109729
0.0750815 -0.695916 0.147438
0.243404 -0.695916 0.666746
-0.00157995 0.671641 0.848495
-0.0226307 -0.622185 0.443702
-0.0226691 0.353362 0.807087
-0.0954223 -0.566343 -0.705434
-0.0954223 0.0696874 -0.746514
-0.0226691 -0.563151 -0.854556
-0.0226691 -0.34694 -0.936318
-0.0954223 -0.0299276 0.596388
-0.0226691 -0.568814 -0.713415
-0.0954223 0.46178 -0.464904
-0.0140717 -0.654914 0.883753
-0.0954223 0.221983 -0.478669
-0.0954223 0.307067 0.344827
-0.0226691 -0.0912443 0.501793
-0.0226691 -0.506235 -0.535393
0.0437197 0.69456 0.171415
-0.0508499 -0.761873 -0.519656
-0.0954223 0.188629 0.748815
-0.0954223 -0.10794 0.0380534
-0.0954223 0.437009 -0.663512
-0.0954223 0.386035 0.474877
-0.0954223 0.344496 -0.901179
-0.0954223 -0.415721 -0.766381
-0.022301 -0.627243 -0.102844
-0.0954223 -0.43737 -0.842766
-0.0226691 0.120548 -0.340897
-0.0954223 0.273074 -0.510545
0.0453279 0.761146 -0.360497
0.108413 -0.761873 0.353327
-0.0954223 -0.134439 -0.761327
-0.0954223 0.120775 -0.652846
-0.0226691 0.164301 -0.919502
-0.0954223 0.257003 -0.402449
-0.0226691 -0.264577 -0.449622
0.280336 -0.743087 0.370881
-0.0226691 -0.500237 0.963641
-0.0954223 -0.725562 0.836219
-0.0954223 -0.224376 -0.769635
-0.0954223 -0.605306 -0.798337
-0.0954223 -0.591055 -0.26148
-0.0226691 0.389123 -0.993606
-0.0954223 0.00830432 0.980968
-0.0954223 -0.244573 0.178968
-0.0226691 0.358831 0.88006
-0.0226691 0.441134 -0.43661
-0.0954223 -0.386558 -0.380933
-0.0954223 0.210552 -0.0524159
-0.0226691 -0.366112 0.775349
-0.0339068 0.611755 -1
0.0583442 0.695189 0.980613
0.239781 -0.695916 0.878247
-0.0954223 -0.465295 -0.110656
-0.0954223 -0.0733082 -0.881921
-0.0226691 0.419676 0.292706
-0.0226691 0.165113 0.861318
0.120968 -0.695916 0.967164
-0.0226691 -0.15984 -0.806778
-0.0226691 0.0743619 0.675102
-0.0954223 0.27553 0.870457
-0.0954223 0.11245 -0.997216
0.161193 -0.761873 -0.501605
-0.0954223 0.0628365 0.883792
-0.0226691 -0.461029 0.187633
-0.0226691 0.366039 -0.733474
-0.00309813 0.761146 0.698063
-0.0140202 -0.655013 -0.966044
-0.0226691 0.570841 -0.578183
-0.0954223 0.266433 0.128614
0.0157246 0.685169 -0.197789
0.273044 -0.708212 0.768775
-0.0226691 -0.0558186 -0.925402
-0.0409501 -0.761873 -0.418423
-0.0954223 0.385317 -0.783672
0.0219333 0.761146 -0.0792543
-0.0625041 0.631098 0.998713
0.19412 0.695189 -0.355421
-0.0226691 -0.136207 0.610556
-0.0954223 0.462185 0.210214
-0.0226691 0.207762 -0.175965
-0.0954223 0.688774 0.141345
0.00612405 0.678672 -0.00131698
-0.0954223 -0.309545 0.886406
-0.0226691 -0.389392 0.844063
-0.0226691 0.447808 -0.0956218
0.208212 0.761146 0.0920506
-0.0954223 -0.48098 0.197478
-0.0571521 -0.761873 -0.47842
-0.0226691 -0.569574 -0.0490152
0.280319 0.727126 -0.609913
-0.0611772 -0.761873 -0.158904
-0.0226691 0.0940843 0.545212
0.241338 0.761146 -0.275823
-0.0954223 0.677585 0.304095
0.0129543 -0.692081 0.998713
-0.0954223 -0.707869 -0.804373
-0.0226691 -0.138427 0.387596
0.280336 -0.732005 0.831843
0.0935856 0.695189 -0.582325
-0.0954223 0.333562 0.788403
0.0171025 -0.686664 0.235696
-0.0954223 -0.362068 0.855708
-0.0226691 -0.415771 -0.96586
0.10409 0.761146 0.732855
0.00703908 -0.761873 -0.367508
-0.0226691 0.329002 0.152849
0.124053 0.695189 0.996791
-0.0954223 -0.0883855 0.227772
-0.025928 -0.317095 -1
-0.0226691 0.419977 0.458107
-0.0954223 -0.483521 0.997338
-0.0954223 0.236213 0.836991
-0.0954223 -0.0508217 -0.0677948
-0.0226691 -0.0250705 -0.488151
0.0361627 -0.69392 0.368874
-0.0954223 0.284885 -0.808048
0.0391747 -0.761873 -0.877283
-0.0226691 0.208864 -0.609655
0.263754 -0.700281 0.840726
-0.0226691 -0.341671 -0.343259
-0.0226691 -0.42597 0.75342
-0.0954223 -0.256356 -0.832426
-0.0954223 -0.310217 0.99429
0.197789 -0.761873 0.779898
-0.0226691 0.0399809 0.34204
-0.0954223 0.28049 -0.173172
-0.0954223 -0.0405261 -0.571847
-0.0812099 0.295002 0.998713
-0.071691 0.489159 0.998713
0.212087 -0.695916 0.121359
-0.0954223 0.192588 0.631408
-0.0226691 -0.546475 -0.580083
0.00407129 -0.761873 -0.614512
0.200081 0.761146 0.639751
-0.0226691 0.420629 0.914405
-0.0954223 -0.188879 0.969442
0.245879 0.761146 0.747864
-0.021624 -0.632338 0.663358
-0.0226691 0.311748 0.324648
-0.0226691 -0.585723 0.189974
-0.0226691 0.10159 -0.808994
0.246097 0.761146 0.335673
0.106157 0.761146 0.769829
-0.0954223 0.652974 -0.519496
-0.0954223 0.199072 -0.969996
-0.0226691 -0.476114 -0.0710926
-0.0954223 0.699243 0.342322
0.120335 -0.761873 0.996832
-0.0226691 0.526061 0.25888
-0.0226691 -0.235272 -0.970222
-0.0954223 -0.264785 0.379563
-0.0226691 0.160119 -0.713033
-0.0226691 0.499113 -0.730082
0.138952 0.695189 -0.58093
-0.0954223 0.527974 -0.502166
0.280336 -0.740497 -0.179492
-0.0226691 0.575293 0.107544
0.079468 0.761146 0.479166
0.28008 0.724065 0.599557
-0.0226691 -0.15723 -0.0579091
0.250034 -0.761873 0.933257
-0.0278606 0.761146 -0.691835
-0.0226391 -0.621904 -0.22468
-0.0954223 -0.15744 0.0228885
-0.0954223 -0.442102 -0.98022
0.165198 0.761146 0.813927
-0.0954223 0.502952 0.537679
-0.0954223 0.227308 -0.214919
-0.0226691 -0.190218 0.487945
-0.0226691 -0.504862 -0.609527
0.0482692 -0.695737 -0.636298
-0.0954223 0.0678358 -0.284249
0.251172 -0.761873 0.786805
-0.0226691 0.320383 -0.245977
0.0353215 -0.761873 0.518055
0.248648 0.695214 0.786809
-0.0860588 -0.761873 0.708228
-0.0954223 -0.319626 0.761045
0.0970925 0.761146 0.592384
-0.0954223 0.442377 -0.326086
-0.0954223 0.521589 0.741792
0.0926229 -0.695916 0.417534
-0.0226691 -0.167317 0.80403
-0.0954223 0.134585 0.960843
-0.0310779 -0.761873 0.16407
0.254845 0.69605 -0.668428
-0.0954223 -0.758835 0.186779
-0.0954223 -0.617765 -0.756528
0.141893 0.761146 0.317366
-0.0195558 -0.641316 0.323149
-0.0226691 -0.507352 0.522549
-0.0954223 -0.214624 0.29695
-0.0567923 -0.761873 -0.858836
-0.0954223 0.275651 -0.750728
-0.0954223 -0.687955 0.897706
-0.0954223 0.206019 -0.833222
-0.0226691 -0.119658 -0.591181
-0.0954223 0.33186 -0.358282
-0.0954223 -0.409449 0.370335
-0.0954223 0.673206 -0.375626
-0.0954223 -0.458346 -0.594811
-0.0226691 -0.217295 -0.50659
0.239312 -0.695916 0.38794
-0.0954223 -0.498434 0.279817
-0.0699247 0.761146 -0.127583
-0.0954223 0.427448 -0.903256
0.0667999 0.695189 0.717254
0.110356 -0.761873 -0.208693
-0.0954223 -0.470146 0.614518
-0.0954223 0.0193891 -0.181778
-0.0954223 -0.524374 0.769391
-0.0226691 -0.279068 -0.955695
-0.0226691 -0.257047 -0.0461816
0.25515 0.696123 -0.826076
-0.0226691 0.510771 -0.662983
-0.0954223 -0.406204 -0.712145
-0.0954223 -0.0613489 0.166013
0.121979 0.695189 -0.0260848
-0.0954223 -0.575072 -0.43486
-0.0226691 0.208088 -0.250031
-0.0226691 -0.351177 0.143629
-0.0226691 -0.230173 0.0158608
-0.0954223 0.50967 -0.810839
0.165412 -0.695916 -0.383283
0.280307 -0.727518 0.482369
-0.0618823 -0.415913 -1
-0.0954223 0.424946 0.986766
-0.0226691 -0.549897 -0.258739
0.0207358 -0.761873 -0.972698
-0.0226691 0.282658 0.619979
-0.0226691 0.112885 -0.429898
-0.0954223 -0.423341 0.305481
0.187065 -0.761873 0.0144133
0.179687 -0.695916 -0.550991
-0.0227728 -0.55016 -1
0.142243 0.761146 -0.308544
-0.0954223 0.095136 0.0689333
-0.0954223 -0.718517 0.335294
-0.00051659 -0.67346 -0.485576
-0.0954223 -0.0513502 0.769961
0.247229 0.761146 -0.499595
0.0793968 0.761146 0.668665
0.241611 0.695189 -0.947763
-0.0226691 -0.175068 0.295657
-0.0954223 -0.345064 -0.586547
-0.0954223 0.522939 0.391096
-0.0954223 -0.210327 -0.509122
-0.0226691 0.280288 -0.908508
-0.0226691 0.0562046 -0.760249
0.178378 -0.761873 0.397462
-0.0226691 0.418018 -0.892127
-0.024729 0.761146 -0.964688
-0.0226691 0.335596 0.836817
0.0866179 0.695189 0.401835
-0.0226691 -0.597572 0.890936
-0.0226691 -0.0487511 -0.608795
-0.0954223 -0.679294 0.508654
-0.0226691 -0.104825 0.0342925
0.0340253 -0.761873 0.957332
-0.0954223 0.00531937 -0.437237
-0.0226691 0.090324 -0.0884844
-0.0201072 0.638624 -0.787487
0.246227 -0.761873 -0.0460785
-0.0226691 0.421807 -0.207189
0.233316 0.761146 -0.390671
-0.0226691 -0.411037 0.161563
-0.0954223 -0.388562 0.0419321
-0.0954223 0.726372 0.514806
-0.0226691 0.0416072 -0.28145
-0.0226691 0.531366 -0.761002
0.0389852 0.693796 -0.745962
-0.0954223 -0.60559 -0.979105
-0.0954223 0.41926 -0.406407
-0.0954223 -0.350099 0.724492
-0.0217244 -0.631723 -0.753543
-0.0954223 0.248872 0.338611
-0.0757997 -0.761873 0.982298
-0.0226691 -0.428187 0.0561043
0.215464 0.695189 0.505072
-0.0510392 0.167291 -1
-0.0226691 0.00265601 -0.0268267
-0.0226691 -0.030956 0.53185
-0.0901245 0.380183 -1
-0.0226691 -0.0951426 -0.818759
-0.0226691 -0.516257 -0.835124
-0.0954223 0.555541 -0.386059
-0.0954223 -0.231297 -0.545119
0.148159 0.695189 0.0705023
0.209017 0.695189 -0.229714
-0.0954223 0.433175 0.0918565
-0.0226691 -0.413913 -0.489066
-0.0954223 -0.249525 0.798272
-0.0954223 -0.111988 0.738015
0.187852 -0.761873 -0.463421
-0.0954223 0.531092 0.212085
-0.0226691 0.240407 -0.12948
0.249129 0.761146 -0.577431
-0.0226691 0.557435 -0.699307
-0.0954223 0.571419 -0.289312
-0.0954223 -0.23662 0.40813
-0.0954223 -0.613888 -0.655004
0.00131987 -0.761873 0.0444074
-0.0954223 -0.692328 -0.91908
-0.0226691 -0.590666 -0.458873
-0.0954223 -0.0368165 0.11978
-0.0226691 0.00124062 -0.138993
-0.0226691 0.0153137 0.651927
0.252431 0.695581 0.243518
0.280336 -0.759817 -0.115892
-0.0545108 -0.592018 0.998713
-0.0954223 0.056639 0.362808
0.166349 0.761146 -0.977637
-0.0954223 -0.292789 -0.719472
0.149328 0.761146 0.187257
-0.0226691 0.110615 0.0565666
0.246291 0.761146 -0.458472
-0.0954223 -0.625974 -0.696772
-0.0226691 -0.312526 0.869504
-0.0954223 -0.266921 -0.654399
-0.0954223 0.238326 0.0824626
-0.0954223 0.239293 0.543111
-0.0226691 -0.0463172 -0.85084
-0.0954223 0.574243 0.347706
0.0909061 -0.695916 -0.935179
-0.0954223 -0.725907 0.964786
0.272508 -0.707563 0.428019
0.0624722 -0.695916 -0.200315
-0.0954223 0.00576327 -0.864415
-0.0226691 0.206894 -0.0648746
-0.0226691 0.143302 0.328167
0.259025 -0.698049 0.0837009
-0.0226691 0.34413 -0.933395
0.0113161 0.682449 0.33174
-0.0954223 -0.446069 0.376708
0.0322171 -0.692886 0.707641
-0.0954223 -0.385726 -0.581528
-0.0226691 0.508422 0.527193
-0.0219116 0.629752 0.381595
0.211533 0.695189 0.407888
-0.0954223 -0.589099 0.477445
-0.000347421 0.761146 0.857218
-0.0954223 -0.0510709 0.23488
-0.0226691 -0.000200424 0.826626
0.184163 -0.695916 -0.41418
-0.0226691 0.161434 0.528779
0.137579 0.761146 0.0805839
-0.0954223 -0.251104 -0.334764
-0.0954223 0.464238 -0.0178061
-0.0954223 -0.57941 -0.111673
0.16105 -0.761873 -0.825952
-0.0127982 -0.761873 0.908542
-0.0954223 -0.132034 0.522278
-0.0954223 -0.518908 -0.544041
0.228609 -0.695916 0.513811
0.239033 -0.695916 0.714129
-0.0226691 0.453767 0.540034
-0.0226691 0.224095 -0.478821
-0.0954223 0.445718 -0.840915
0.280336 -0.728862 -0.144817
-0.0157916 0.650663 -0.969441
-0.0954223 0.272175 0.483311
0.27898 -0.719536 0.261218
0.201446 0.761146 -0.114075
-0.0226691 -0.40792 0.795594
-0.0954223 -0.593795 -0.332183
-0.0226691 -0.047263 0.143875
-0.0226691 0.441741 0.0274
-0.0954223 0.00681919 -0.479151
-0.0954223 -0.286983 0.699163
-0.0226691 -0.149517 -0.472468
0.280325 -0.728034 -0.73393
-0.0954223 -0.670363 -0.532621
-0.0226691 0.601581 0.432082
-0.0575057 0.761146 0.0903218
0.00367392 -0.677368 -0.398546
-0.0954223 0.313496 -0.678777
-0.0226691 -0.445085 -0.246994
0.175139 0.695189 -0.472291
-0.0954223 -0.487667 -0.178218
-0.0226691 0.516569 -0.153818
-0.0954223 -0.60288 0.300942
0.0709609 0.7278 -1
-0.0278532 0.761146 -0.321141
0.186767 0.695189 -0.657879
-0.0954223 0.333414 0.515522
0.280336 0.752239 0.708112
0.00763023 0.679837 0.408281
-0.0954223 0.393969 -0.620001
-0.0954223 0.0760833 -0.482576
-0.0226691 0.611417 -0.868758
-0.0954223 -0.303611 -0.299057
0.0744987 0.761146 0.36016
-0.0226691 -0.233359 0.269491
-0.0226691 -0.459617 -0.437709
-0.0226691 -0.0934139 0.760938
-0.0226691 0.583195 -0.610571
0.056798 0.761146 0.988884
-0.0226691 -0.428575 -0.317615
0.183057 0.761146 -0.570369
-0.0954223 0.308714 0.0957776
-0.0954223 0.562236 0.392683
-0.0226691 -0.461719 -0.796424
-0.0352825 -0.761873 0.472823
-0.0601303 -0.761873 -0.192399
-0.0954223 -0.360905 0.174858
-0.0954223 0.63268 0.737624
-0.0954223 -0.0625533 0.512313
-0.0226691 0.231866 0.917976
0.0950647 -0.695916 -0.350907
0.141097 -0.761873 0.819668
-0.0226691 -0.0744245 -0.74333
0.160045 -0.695916 0.760926
-0.0226691 0.453943 0.245777
0.181628 0.761146 0.115307
0.0371698 0.761146 0.0316063
-0.0226691 -0.518532 0.344831
0.190956 0.695189 -0.0295111
-0.0954223 -0.329676 -0.541078
0.196752 -0.761873 0.517528
-0.0954223 -0.240756 0.274151
-0.0226691 0.35092 0.538178
-0.0954223 -0.621079 0.584304
-0.0954223 0.518777 -0.890788
-0.0954223 -0.594646 0.773738
-0.0954223 -0.535057 0.160199
-0.0226691 -0.0998808 0.637723
-0.0954223 0.481758 -0.732742
-0.0954223 -0.517501 0.0767276
-0.0954223 -0.64513 -0.824631
-0.0954223 -0.471034 -0.492064
-0.0954223 -0.202029 0.120399
-0.0226691 -0.552229 -0.11247
0.119004 -0.761873 -0.108857
-0.0954223 0.326887 -0.863885
0.168297 0.761146 -0.107333
-0.0954223 0.00741891 0.64182
0.187453 -0.761873 0.577802
0.032777 -0.701194 -1
-0.0578577 0.761146 -0.926381
-0.0226691 0.582506 -0.261552
-0.0954223 -0.677746 -0.649093
-0.0226691 0.485684 -0.226138
0.276844 -0.714126 0.608012
0.149471 -0.695916 0.460891
0.136553 -0.761873 -0.431005
-0.0954223 0.49007 -0.438576
-0.0954223 -0.203583 0.904749
-0.0226691 -0.147453 0.423027
-0.0226691 -0.200043 -0.359749
-0.000430509 0.672819 -0.845777
-0.012557 -0.761873 -0.213345
0.190063 -0.729494 -1
0.0195513 0.687212 -0.667617
-0.0954223 0.0991905 0.488422
-0.0226691 -0.268795 -0.601399
0.0216349 -0.688937 0.930636
0.190365 0.761146 -0.171371
-0.0954223 -0.666619 -0.328345
0.0396782 -0.761873 0.238534
-0.0136993 0.654894 0.0667655
-0.0226691 0.194631 0.274609
0.0799405 0.695189 0.328371
-0.0954223 0.484096 0.250248
0.1565 0.695189 0.606134
-0.0954223 0.416709 -0.958276
-0.00767372 0.761146 0.982874
-0.0954223 0.244754 -0.980338
-0.0226691 -0.0801843 0.199797
-0.0954223 0.727487 -0.0503333
0.0620272 0.761146 -0.115957
-0.0954223 -0.731142 -0.239176
-0.0954223 -0.5014 0.866788
0.00464002 -0.678189 -0.202175
-0.0954223 0.141007 -0.734606
0.248945 -0.761873 0.619415
0.0714571 -0.761873 -0.211136
-0.0226691 0.19855 -0.356945
0.278269 -0.717404 0.735659
-0.0954223 0.646747 0.253345
0.179425 -0.695916 -0.0308816
-0.0226691 -0.590925 0.343391
-0.0954223 -0.146071 -0.869092
-0.0954223 -0.448496 0.249821
0.006275 -0.761873 0.425481
-0.0226691 0.450951 0.678871
-0.0954223 0.631891 0.9553
-0.0954223 -0.391564 0.425713
0.24461 -0.761873 -0.613272
-0.0954223 -0.522777 -0.475196
0.0306177 0.761146 -0.552668
0.195936 0.761146 -0.618339
-0.0954223 -0.00749757 0.443412
0.0890024 0.761146 -0.153545
-0.0226691 0.0170152 -0.229725
-0.0954223 0.0478281 -0.585801
-0.0188301 0.761146 -0.478308
0.233657 -0.695916 0.0562597
-0.0890877 0.761146 -0.596962
-0.0954223 -0.448462 -0.884527
-0.0226691 0.0478967 -0.443832
-0.0954223 0.049598 0.678023
-0.0954223 0.427172 0.67099
0.280336 0.73151 -0.105528
0.0478866 -0.69571 -0.460634
-0.0954223 0.605441 0.893805
-0.0272562 0.52521 -1
-0.0226691 -0.609374 0.769646
-0.0954223 -0.270089 -0.777285
-0.0226691 -0.392425 -0.330173
0.131083 -0.761873 0.227468
0.148859 -0.695916 0.889359
0.0830222 -0.695916 -0.0335048
-0.0954223 0.486652 0.435864
-0.0192876 -0.642205 -0.490179
-0.0954223 0.456355 0.361365
-0.0954223 -0.324203 -0.968396
0.114628 0.695189 -0.678065
-0.0475459 -0.72152 0.998713
-0.0954223 -0.66529 -0.900006
-0.0954223 0.62235 -0.55797
-0.0954223 -0.154003 0.589029
0.280336 -0.736164 0.139136
0.263605 0.699469 0.396712
-0.0954223 -0.284439 0.0025714
-0.0226691 -0.429041 -0.126719
0.257362 0.696743 0.672259
-0.0954223 -0.632526 0.196155
-0.0954223 -0.571408 0.604439
0.0305551 0.691655 0.221629
0.0846241 0.761146 -0.624208
-0.062422 -0.115352 0.998713
0.195628 0.761146 -0.456554
0.0202463 -0.68828 -0.335594
0.27125 0.761146 -0.170489
0.127854 0.761146 0.468347
-0.0226691 -0.266708 0.596799
-0.0353359 -0.761873 0.229998
-0.0954223 -0.554539 0.979327
-0.0226691 0.3363 0.0360967
-0.0226691 0.0553499 0.480581
0.0544013 0.695189 0.903088
0.00658855 0.761146 -0.861168
0.194595 0.761146 -0.0184611
0.0301206 0.691517 -0.380251
-0.0226691 0.0487647 -0.695223
-0.0226691 -0.443946 0.222557
-0.0954223 -0.732139 0.886341
-0.0954223 0.653376 -0.448218
0.00387632 -0.761873 0.834932
0.122564 0.761146 -0.272817
-0.0954223 -0.318543 0.134278
-0.0424928 -0.761873 -0.948167
-0.0259879 0.761146 0.607944
-0.0954223 0.243407 -0.680203
-0.0954223 0.634544 0.0128289
-0.0226691 -0.129021 0.155112
0.076519 0.695189 0.644492
-0.0954223 -0.0313622 -0.975682
-0.0226691 0.253941 -0.0869199
-0.0954223 -0.166172 -0.527722
0.0612239 -0.695916 0.276261
-0.0954223 -0.0940449 -0.996126
-0.0596676 -0.420546 0.998713
0.0604713 -0.761873 0.769343
-0.0226691 0.471998 -0.328252
-0.0954223 0.0373619 0.477873
-0.0954223 0.573117 -0.134746
-0.0226691 0.0939683 0.954496
-0.0226691 0.37008 -0.661371
0.0850042 -0.761873 -0.999372
0.0448039 0.761146 0.24889
-0.0226691 -0.233315 -0.781285
0.192569 0.695189 0.0889308
-0.0226691 0.28719 0.355109
-0.0226691 -0.0503298 -0.0101971
-0.0954223 -0.607307 0.0950652
-0.0954223 0.310321 0.416886
-0.0954223 -0.120102 0.794195
-0.0954223 -0.347097 -0.742367
-0.0954223 0.174316 -0.559423
-0.0954223 -0.57044 -0.597039
0.00151222 -0.761873 -0.664285
0.209471 0.695189 -0.929652
-0.0954223 0.559854 0.779907
0.0144391 -0.685145 0.170069
-0.0261171 -0.761873 -0.249699
-0.0954223 0.584416 -0.672773
0.0801118 0.695189 0.948029
0.0282353 -0.761873 -0.327382
-0.0226691 0.255523 -0.886876
-0.0954223 -0.352268 0.500714
-0.0949752 0.292334 -1
-0.0226691 0.487113 0.192939
-0.0954223 0.750025 -0.704199
-0.0954223 0.577618 0.544137
-0.0226691 0.406332 0.770651
-0.0954223 0.0159143 -0.628722
-0.0954223 -0.0922515 -0.00425383
-0.0954223 0.108581 0.298908
-0.0226691 0.1536 -0.565695
0.280187 0.725035 0.34124
0.267863 -0.703066 -0.900425
0.0973353 0.695189 -0.810803
-0.0954223 0.366895 -0.22219
-0.0954223 -0.629865 -0.926774
-0.0954223 -0.51806 -0.903696
0.132351 -0.695916 0.304424
0.0736933 0.761146 0.903326
-0.0226691 0.402014 -0.41009
-0.0226691 -0.322887 0.404197
-0.0954223 -0.401066 0.221032
-0.0172043 0.647365 0.184439
-0.0954223 0.0315159 0.565843
-0.0954223 0.0693624 -0.536638
0.250577 -0.715981 -1
0.225649 -0.761873 -0.22705
0.247712 0.761146 0.487833
0.168057 0.695189 0.149532
0.146177 0.761146 -0.00754201
-0.0954223 0.232721 0.489286
-0.0954223 0.101982 0.828579
-0.0954223 -0.226848 -0.998853
-0.0226691 0.395819 -0.182561
-0.0954223 -0.321864 -0.0398122
-0.0954223 -0.317281 0.954876
-0.0954223 0.0752721 0.0211855
-0.0864469 0.723381 -1
-0.0619942 0.630502 -1
-0.0954223 -0.320394 0.43547
-0.0954223 -0.729326 0.788825
0.110724 0.695189 -0.477866
-0.0226691 -0.470063 0.57715
-0.0954223 0.213861 -0.157868
0.0404201 0.69406 -0.55924
0.0886664 0.761146 -0.334954
-0.0954223 0.173619 0.980031
-0.0226691 0.139842 0.697816
-0.0954223 0.21887 0.239227
-0.0337802 -0.439368 -1
0.183662 0.761146 0.919112
0.164178 -0.695916 0.628474
0.171598 -0.695916 -0.445711
-0.0226691 0.562847 -0.637134
-0.0954223 -0.0398733 -0.342757
-0.0954223 0.197643 0.873085
-0.0954223 -0.136187 -0.317947
-0.0226691 -0.347168 0.196202
-0.0226691 0.273364 -0.628396
-0.0954223 -0.0841563 -0.140773
-0.0226691 -0.122146 0.446997
-0.0226691 -0.115393 -0.120909
-0.0954223 -0.511021 -0.670259
-0.0222151 0.62734 -0.899864
-0.0226691 0.26729 -0.973338
-0.0226691 -0.167188 0.261126
0.249067 0.695233 0.725636
-0.0954223 -0.295019 0.520517
-0.0954223 -0.501639 0.550811
-0.0954223 0.364691 0.634093
-0.0954223 0.410361 -0.264317
-0.0491315 0.391126 0.998713
0.152144 -0.761873 -0.0523379
-0.0226691 0.604769 -0.559179
-0.0954223 0.646494 -0.835634
0.280336 -0.729702 -0.522145
-0.0954223 -0.699034 -0.391248
-0.0226691 -0.0601208 -0.118298
0.204769 0.761146 0.803482
-0.0226691 -0.0589802 0.872622
-0.0954223 -0.450162 0.574262
-0.0226691 0.403758 -0.066645
-0.0226691 0.433556 0.0755395
0.251803 0.761146 -0.861721
-0.0226691 -0.203728 -0.40946
-0.0226691 -0.442402 0.315741
-0.0954223 0.270784 0.19422
-0.0226691 0.223144 0.71095
0.117067 0.695189 0.556027
-0.0226691 -0.272049 -0.0907035
-0.0954223 0.167846 -0.679374
0.227604 0.761146 0.857657
-0.0954223 -0.46949 0.722319
-0.0226691 -0.144922 0.973745
0.0525365 -0.69591 0.822012
-0.0658302 -0.354675 0.998713
-0.0226691 -0.563918 0.520735
0.0951646 -0.761873 -0.887956
-0.0226691 -0.502432 -0.21598
0.0467121 -0.695614 -0.145141
0.280336 0.734795 0.860258
-0.0954223 -0.339283 0.564069
-0.0226691 0.352354 -0.467235
-0.0226691 -0.205182 -0.0343728
0.0923293 -0.695916 0.853955
-0.0954223 -0.23064 0.671577
-0.0954223 0.573078 0.292304
-0.0631305 0.761146 -0.0466305
-0.0226691 -0.568295 0.0662288
-0.0954223 -0.48408 -0.401829
-0.00395735 -0.761873 0.324991
-0.0226691 0.147901 0.965115
-0.0954223 -0.277803 -0.59348
0.0139553 -0.761873 0.13805
-0.0954223 0.578748 0.255638
-0.0954223 0.627268 0.792917
-0.0954223 -0.156014 0.973064
-0.0226691 -0.0404569 -0.546345
-0.0954223 0.133361 -0.259503
-0.0226691 -0.0338178 -0.674958
-0.0226691 -0.137088 -0.712296
-0.0226691 -0.384571 0.890077
-0.0197908 -0.640503 -0.343893
-0.0226691 -0.321007 -0.638648
-0.0954223 -0.377264 0.0855007
0.280336 0.738825 -0.543631
-0.0226691 -0.521719 0.151022
0.278892 -0.761873 0.463809
0.231422 0.761146 -0.783558
-0.0226691 -0.0622873 -0.818682
-0.0954223 -0.17196 -0.838576
0.189535 0.761146 -0.854832
-0.0226691 -0.0906424 -0.522153
0.067203 0.695189 0.021661
-0.0226691 0.0713149 0.0196699
-0.0226691 -0.431566 -0.690915
-0.0226691 0.0934062 0.822507
-0.0954223 0.502098 0.0813214
-0.0954223 -0.312998 -0.376836
0.0171606 0.685968 -0.267658
0.111013 -0.761873 -0.0745893
-0.0954223 0.419463 0.906415
-0.0226691 0.200391 -0.776461
-0.0954223 -0.683339 0.469548
-0.0954223 0.133093 0.0498729
-0.0226691 -0.516014 0.676161
-0.0226691 -0.423141 -0.788595
-0.0954223 -0.53271 0.289813
-0.0226691 -0.351601 0.354774
0.0169652 0.685862 0.784271
-0.000161179 0.673088 -0.473661
-0.0954223 0.313808 0.313248
0.202034 0.695189 0.732094
0.157258 0.695189 -0.179881
0.0152089 0.684872 0.968998
0.241856 -0.695916 -0.700783
-0.0954223 0.752925 0.953392
-0.0226691 0.611575 0.72627
-0.0226691 -0.315024 -0.196897
0.234278 -0.695916 -0.072951
0.114722 0.700243 -1
-0.0156314 -0.651739 0.368364
-0.0954223 0.200864 -0.616356
0.104401 -0.695916 -0.797984
-0.0226691 0.2685 0.812653
-0.0226691 -0.559774 -0.480362
0.25184 -0.696222 -0.7343
0.280336 -0.751554 -0.597468
0.0694255 0.695189 0.527944
0.088126 0.761146 0.519823
-0.0226691 -0.518554 -0.379518
-0.0226691 0.12029 0.90507
-0.0954223 -0.263583 -0.433283
-0.0226691 0.366482 0.170094
-0.0226691 -0.00798511 -0.55823
0.00596429 -0.761873 0.28957
-0.0226691 0.0442307 0.974552
-0.0226691 -0.284804 0.532922
0.213098 0.761146 0.544196
0.16741 -0.695916 -0.245685
-0.0954223 0.158793 0.461624
-0.0226691 0.130672 0.43185
0.247051 -0.761873 -0.301755
-0.0954223 -0.502681 -0.12667
0.122312 0.761146 0.542888
-0.0226691 -0.193264 0.874552
-0.0954223 0.273176 0.246595
-0.0115569 0.658647 -0.558527
-0.0717073 0.761146 -0.352325
0.0698427 -0.695916 0.0234631
0.259516 0.697512 -0.321124
-0.0226691 -0.0989535 0.102457
-0.0954223 0.198997 -0.378893
-0.0226691 -0.377035 -0.276955
-0.0226691 -0.0900922 0.694174
-0.0226691 -0.591126 0.717568
-0.0222059 0.627425 -0.304485
-0.0954223 0.214877 -0.911083
-0.0954223 0.294195 -0.456008
-0.0226691 0.502996 0.0503567
-0.0192368 0.761146 0.335273
-0.0954223 0.726501 0.0833386
-0.0954223 0.178512 -0.813737
0.169784 0.695189 -0.284715
0.200611 -0.761873 0.729927
-0.0954223 0.498682 -0.214135
-0.0226691 -0.618098 -0.397797
-0.0226691 -0.409206 0.54886
-0.0954223 -0.115886 -0.734056
-0.0133502 0.65554 0.121292
-0.0954223 0.578179 0.865839
0.190386 0.761146 0.187718
-0.0954223 0.0545494 -0.434445
-0.0243011 0.691122 0.998713
-0.0226691 -0.294536 0.731589
0.213548 0.695189 0.232994
-0.0226691 -0.391339 0.60867
-0.0226691 -0.199088 -0.663369
-0.0954223 -0.742234 0.655702
0.216211 0.695189 0.345276
0.16621 0.695189 0.50039
0.0281792 0.761146 -0.176105
-0.0226691 -0.56368 -0.142685
-0.0226691 -0.607495 0.994093
-0.0954223 -0.431208 0.728941
-0.0954223 0.0274523 -0.749381
0.170254 -0.695916 0.358537
-0.0226691 -0.354488 0.840494
-0.0954223 -0.247042 0.343395
0.00805839 -0.761873 0.768469
-0.0226691 0.167367 -0.616464
-0.0954223 0.756436 0.778143
-0.0954223 -0.474253 -0.998455
0.0578257 -0.761873 0.979623
0.0709971 -0.761873 -0.678435
-0.0226691 -0.113668 0.321402
0.280336 -0.760301 0.431209
-0.0138198 0.654667 0.911332
-0.0954223 0.159752 -0.146666
0.226569 0.695189 -0.701632
0.258599 0.697164 -0.420362
-0.0170391 0.647774 0.696213
-0.0226691 -0.225269 0.559243
-0.0226691 -0.0593262 0.924788
-0.0226691 0.138307 0.180903
0.266905 0.761146 0.220327
-0.0226691 0.303941 0.585322
0.0600188 -0.695916 0.119274
0.0249202 0.689629 0.675873
-0.0226691 0.131767 0.241657
-0.0954223 -0.308511 -0.689467
-0.0954223 0.600201 -0.248173
-0.0954223 0.708809 0.564426
-0.0954223 0.66774 0.740423
-0.0954223 -0.151159 0.0767975
0.217709 0.695189 -0.993911
0.0638923 0.695189 -0.771683
-0.0954223 0.516405 0.832389
-0.0226691 -0.0949727 -0.633567
-0.0226691 -0.294069 0.46406
-0.0954223 0.308332 -0.606296
-0.0954223 0.685751 0.91186
-0.0954223 -0.135008 0.406946
0.146354 0.695189 0.971901
-0.0652417 -0.0493601 -1
-0.0954223 0.133647 -0.338576
-0.0226691 0.606372 0.599806
-0.0954223 -0.511642 -0.638386
0.152034 -0.761873 0.925017
-0.0954223 -0.301566 0.313486
-0.0954223 -0.507315 0.624426
0.0903098 0.695189 0.781869
-0.0226691 -0.145014 -0.00504981
-0.0226691 -0.154392 -0.40524
-0.0954223 -0.0106112 0.829641
-0.0226691 0.240352 0.385314
-0.00307823 0.761146 0.0455713
0.0412547 -0.761873 0.715887
-0.0226691 0.118774 -0.976482
0.279369 0.720241 0.110011
0.253378 -0.761873 0.322326
-0.0954223 0.619495 -0.0890938
0.206046 -0.695916 -0.973272
-0.0226691 -0.524472 -0.302804
0.0898843 -0.695916 0.54248
0.150447 0.761146 -0.730037
0.278513 -0.718083 0.906809
-0.0954223 -0.582917 -0.647669
-0.0954223 0.584975 -0.0351086
0.216519 0.695189 0.0450649
-0.0197861 0.639793 0.769077
-0.0226691 0.411255 -0.0235481
-0.0954223 0.548407 -0.727291
-0.0226691 -0.257218 0.413777
-0.0226691 0.267386 0.27533
-0.0226691 0.226607 0.431214
0.0842558 0.695189 -0.625777
-0.0226691 0.380489 -0.694852
-0.0954223 0.699711 0.0111722
-0.0226691 0.241576 -0.347572
0.116473 -0.695916 0.817106
-0.0226691 -0.132913 0.913436
0.168369 -0.695916 -0.203686
-0.0954223 0.537687 0.714419
-0.0226691 -0.503842 -0.153898
-0.0954223 -0.635909 0.28273
-0.0954223 -0.127683 -0.214297
-0.0551624 0.761146 0.41784
-0.0226691 -0.403466 0.221418
-0.0226691 -0.252491 -0.84879
-0.0226691 0.538914 0.982784
0.0371511 0.761146 0.213962
0.0649916 0.695189 -0.443152
-0.0954223 -0.600869 0.539663
-0.0954223 -0.163067 -0.793622
-0.0954223 0.471536 0.13749
-0.0954223 -0.284054 0.445454
-0.0954223 0.17366 0.352799
0.239807 0.761146 0.258001
0.280336 0.750777 0.435753
-0.0226691 -0.193661 0.711969
-0.0226691 0.602168 -0.0870455
0.254855 0.761146 0.59194
0.114414 0.761146 -0.822113
-0.0226691 -0.124583 -0.301472
-0.0213845 -0.761873 0.0109363
0.226463 -0.695916 0.221011
-0.0226691 0.0345173 0.130383
-0.0226691 0.444816 0.941399
-0.0226691 0.0760658 0.397683
0.232432 -0.761873 -0.105295
-0.0954223 0.283513 -0.228682
-0.0954223 0.17409 0.0100455
-0.0954223 0.250708 0.726708
-0.0954223 -0.629967 -0.234988
-0.0954223 -0.731919 -0.755721
-0.0226691 0.461942 0.350394
-0.0954223 0.186439 -0.759473
-0.0954223 0.30422 0.587252
0.21475 0.695189 -0.492038
0.0207647 -0.688529 0.33311
-0.0226691 -0.581688 -0.967465
-0.0954223 0.321373 0.466704
-0.0226691 -0.433225 -0.633275
-0.0954223 0.429843 -0.7306
-0.0954223 -0.37548 0.980014
-0.0226691 -0.110209 -0.556945
0.250546 -0.761873 0.823173
-0.0954223 0.62285 0.311833
-0.0674571 -0.0472062 0.998713
0.0167903 -0.686493 0.393027
-0.0367014 -0.0135516 0.998713
-0.0954223 -0.399595 -0.631557
-0.0226691 -0.101973 0.828013
-0.0226691 0.476452 -0.426119
-0.0226691 0.273852 -0.695278
-0.0226691 0.0749016 -0.62159
0.185826 -0.761873 0.924572
-0.0954223 0.594221 -0.78532
-0.0226691 0.384492 -0.58516
-0.0954223 -0.519221 0.904872
-0.0954223 -0.24341 0.503734
0.193451 0.761146 -0.347309
-0.0226691 -0.581678 -0.376488
-0.0226691 0.255756 0.323197
0.280064 0.723946 0.67219
-0.0954223 -0.079892 0.681482
-0.0186156 -0.644279 -0.931279
-0.0226691 0.501877 0.139357
-0.0226691 -0.284966 -0.922534
0.199265 0.761146 0.220416
-0.0954223 0.475487 0.964331
0.261878 0.698558 0.285131
-0.0226691 -0.238763 0.460579
-0.0954223 0.0787799 0.646244
-0.0954223 -0.175327 0.683364
0.0394404 -0.761873 0.194863
0.141047 0.695189 0.649102
-0.0954223 -0.420278 -0.436292
0.199829 0.761146 0.292345
0.243967 0.761146 -0.946481
-0.0954223 0.661359 0.649183
-0.0942256 0.761146 0.0394655
-0.0226691 0.43766 -0.472942
-0.0226691 -0.162723 -0.608036
-0.0954223 0.00564654 0.914097
-0.0226691 -0.038498 0.426013
-0.0954223 -0.542725 0.322154
-0.0226691 -0.514291 -0.894924
-0.0226691 -0.529263 -0.472725
-0.0954223 -0.598043 0.691217
-0.0954223 0.49613 0.669531
-0.0954223 0.323393 -0.0635545
-0.0954223 0.0680563 0.41801
-0.0226691 0.0350545 -0.608265
-0.0954223 -0.0382854 0.725598
-0.0226691 0.581482 -0.156061
-0.0954223 0.439346 0.237118
-0.0226691 -0.539738 0.589247
-0.0596295 0.23892 0.998713
-0.0190006 -0.643116 0.202699
-0.0954223 0.389632 0.608506
-0.0226691 -0.44544 -0.591043
0.217473 -0.761873 0.221508
0.085924 0.695189 -0.343791
0.208793 -0.761873 0.454628
0.129119 -0.695916 -0.68772
-0.0226691 -0.280467 0.0261631
0.00608346 0.678639 0.152391
-0.0954223 -0.264959 -0.946175
0.155988 -0.695916 -0.759791
0.00853524 0.756306 -1
-0.0226691 0.517227 0.395727
0.154291 -0.761873 0.205055
-0.0954223 -0.333119 0.0304271
-0.0954223 0.679618 0.505302
0.243397 0.695189 -0.138661
0.255916 0.696319 0.457966
-0.0954223 -0.536812 -0.988617
-0.0954223 0.551365 -0.227748
-0.0574315 -0.761873 -0.683108
0.256654 -0.697253 -0.5635
-0.0954223 -0.273753 0.669827
0.0662473 -0.761873 0.040082
-0.0226691 -0.555607 -0.767631
0.136971 0.761146 -0.108343
0.279914 -0.723635 0.209079
-0.0954223 -0.55797 -0.927334
-0.0954223 0.517181 -0.105893
0.236299 -0.695916 -0.593828
-0.0954223 -0.400693 0.819115
0.0105878 0.761146 -0.0168723
-0.0226691 0.550693 -0.125579
-0.0954223 -0.490893 -0.931235
-0.0954223 0.533841 -0.597156
-0.0632105 0.433201 -1
-0.0954223 0.614272 -0.827822
0.280336 0.746167 -0.755648
-0.0954223 -0.341121 -0.854046
0.27088 0.705053 0.0109027
-0.0226691 0.11111 0.853207
-0.0226691 -0.420529 -0.425542
-0.0226691 -0.0530891 0.969299
-0.0226691 -0.17989 -0.157212
-0.0954223 0.472029 0.697756
-0.0954223 0.452241 -0.397135
0.280336 0.730756 -0.468096
-0.0954223 0.15689 0.395953
-0.0954223 0.732406 -0.655007
0.194422 -0.695916 -0.748869
-0.0954223 0.162746 0.682843
-0.0954223 -0.0999456 -0.785448
-0.0226691 0.296832 -0.790329
-0.0419551 0.266829 -1
0.228364 0.761146 -0.611272
0.015142 -0.761873 0.648131
0.137751 -0.761873 -0.308504
-0.0954223 0.112146 0.650422
-0.0226691 0.520452 -0.280537
-0.0226691 -0.069411 0.534284
-0.0226691 0.397064 -0.337534
-0.0954223 0.691116 -0.888484
0.109428 0.761146 0.973474
0.102633 0.761146 0.419571
0.035331 -0.693721 -0.561925
0.267821 -0.761873 0.735226
-0.0954223 -0.564642 0.136285
-0.0954223 -0.657095 -0.218608
-0.0226691 0.20829 0.938345
-0.0954223 -0.452412 0.316676
-0.0954223 0.0544954 0.842803
0.0681573 -0.761873 0.844936
-0.0226691 0.132019 0.0981846
-0.0954223 0.593821 0.173828
-0.0226691 0.601208 0.543735
-0.0954223 -0.733815 -0.368035
-0.0954223 0.33552 0.252786
-0.0954223 -0.535124 -0.0619401
-0.0530349 -0.761873 0.137464
-0.0954223 -0.0730863 -0.407444
-0.0954223 0.311978 -0.924308
0.280336 0.758974 -0.515845
-0.0954223 0.460381 -0.906949
0.204606 0.695189 0.202045
-0.0226691 0.175988 0.740422
-0.0954223 0.75785 0.613818
-0.0226691 -0.034804 0.66486
-0.0226691 -0.326659 0.114509
-0.0954223 -0.645079 -0.511871
-0.0226691 0.0485051 0.829365
-0.0226691 -0.201965 -0.226043
0.247418 0.761146 -0.0236843
-0.0954223 0.213293 0.700115
-0.0954223 -0.191502 0.502206
-0.0226691 0.210592 -0.858058
-0.0226691 -0.195508 -0.704659
-0.075204 0.761146 -0.756663
0.129063 0.695189 0.283879
-0.0242868 -0.761873 -0.0253576
0.260663 0.761146 -0.714571
-0.0954223 0.310873 0.646808
-0.0954223 -0.493511 -0.355849
0.252991 0.761146 0.90473
-0.0833385 -0.761873 0.245916
0.267915 -0.703107 -0.250804
-0.0309854 0.761146 0.0126111
-0.0157945 -0.761873 -0.730735
-0.0226691 0.0545596 0.915367
-0.0954223 -0.357938 0.298908
-0.0197562 -0.640625 0.145398
-0.0226691 0.520009 -0.339652
0.274479 0.709405 -0.220566
0.249761 -0.761873 0.566293
0.185156 -0.761873 0.328429
0.201071 -0.761873 -0.435349
-0.0226691 0.472326 0.998082
-0.0226691 -0.422341 -0.0870267
-0.0226691 0.205087 0.363984
-0.0226691 -0.411709 0.381601
-0.0815615 -0.761873 0.824589
-0.0954223 0.507062 -0.16604
0.280336 0.741503 0.573909
-0.0954223 0.623851 0.634878
-0.0954223 0.641287 0.564118
0.032009 0.692098 0.705963
-0.0954223 -0.00621103 -0.0652767
-0.0954223 -0.377763 -0.999041
-0.0226691 -0.456955 0.752653
0.112076 -0.761873 -0.965889
0.280336 0.72929 -0.289888
0.125156 0.761146 -0.7544
-0.0954223 -0.599063 0.0320716
-0.0226691 0.177101 0.40976
0.245992 0.761146 0.0335986
0.251832 0.695494 0.630612
-0.0226691 0.126087 -0.0914061
-0.0226691 -0.516973 0.732804
0.137906 -0.695916 0.687269
-0.0954223 0.579758 -0.722237
-0.0226691 -0.0959821 0.379161
-0.0226691 0.172056 -0.197831
-0.0823028 -0.761873 -0.0114917
0.155119 0.761146 -0.626016
-0.0136668 0.761146 0.736542
-0.0900478 0.761146 -0.965107
-0.00665241 -0.761873 0.996247
-0.0954223 -0.55181 0.736616
-0.0226691 -0.0978937 0.797332
-0.0226691 0.23271 -0.644086
-0.0226691 0.384542 -0.257129
-0.0226691 -0.0411212 0.0343728
-0.0226691 -0.234061 0.084506
0.276557 0.761146 -0.397324
-0.0954223 -0.364932 0.33011
0.0382498 0.761146 0.309335
-0.0954223 0.750244 -0.54264
-0.0954223 0.156179 -0.614608
0.210625 -0.761873 0.869479
0.0468387 0.694898 -0.837439
0.229606 0.695189 -0.641697
-0.0650645 -0.761873 0.0249469
-0.0954223 0.390779 -0.0525853
-0.0226691 0.496912 -0.449947
-0.0954223 -0.0400137 -0.404859
-0.0954223 0.61454 -0.679721
0.280336 -0.756268 0.939604
0.280336 -0.743197 0.0479567
-0.0943098 -0.278513 -1
-0.0624305 0.685492 0.998713
-0.068377 0.744414 0.998713
-0.0226691 0.450352 0.781067
-0.0954223 -0.0978525 0.974261
0.0392352 0.693844 0.118167
0.154824 -0.761873 -0.98073
-0.0847907 -0.761873 -0.322996
-0.0226691 0.564039 -0.889679
0.113856 0.695189 -0.87257
0.107208 -0.761873 0.680879
0.0906825 0.761146 -0.549153
0.0499616 0.695107 -0.508165
0.197902 0.695189 0.911668
-0.0226691 0.588768 -0.0176033
0.280336 0.733751 -0.152333
-0.015491 0.651313 0.808394
0.0283735 0.761146 0.58151
-0.0226691 0.0224174 0.395371
-0.0662699 -0.761873 -0.257036
-0.0226691 -0.185373 -0.870727
-0.0954223 0.650835 -0.654502
-0.0226691 0.535076 -0.438606
-0.0273418 0.701746 -1
-0.0226691 -0.274304 -0.736118
-0.0954223 -0.296292 0.168094
0.280336 0.744716 0.639583
-0.0226691 -0.120891 0.879838
-0.0215848 0.639308 0.998713
-0.0226691 -0.144006 0.535052
-0.0226691 0.0323966 -0.345272
-0.0954223 0.496348 -0.563433
-0.0226691 0.525349 0.878601
0.148696 0.695189 -0.855673
0.250086 0.761146 -0.140269
-0.0954223 0.690223 -0.686996
-0.0226691 0.429741 -0.724363
0.21129 -0.695916 -0.0151507
-0.0226522 0.620645 -0.72731
0.0288666 0.761146 -0.721414
-0.0226691 0.0396852 0.261216
-0.0954223 0.371981 -0.935647
-0.0954223 -0.221143 0.828832
0.131913 0.761146 -0.370466
0.273681 -0.709029 -0.625906
-0.0629733 -0.761873 0.292064
-0.0226691 -0.118757 -0.871759
-0.0734174 -0.761873 0.930808
0.174459 0.761146 0.319688
0.0123969 0.761146 0.277176
0.0557583 0.761146 0.835796
0.0918068 -0.695916 0.729391
0.029178 -0.761873 -0.118515
0.160686 0.695189 0.028367
-0.0954223 0.76113 -0.103702
-0.0687004 0.0174708 -1
0.259266 0.761146 -0.653754
0.279508 -0.721552 0.553008
-0.054459 0.238493 -1
0.00728958 -0.761873 -0.92505
-0.0226691 -0.373232 0.548351
-0.0226691 -0.579259 0.964806
0.160663 -0.761873 -0.124208
-0.0954223 -0.511504 -0.30561
0.13016 -0.761873 -0.826591
-0.0954223 0.214132 -0.577397
0.0038846 -0.67755 0.478853
-0.0954223 0.0677571 0.1979
-0.0226691 0.400449 0.38125
-0.0658483 0.416918 0.998713
-0.0954223 0.475411 -0.857502
-0.0226691 -0.538303 -0.534671
-0.0954223 -0.345868 0.783436
-0.0954223 -0.196577 -0.903099
-0.0226691 -0.380766 0.0215768
-0.0954223 -0.204275 0.631891
-0.0226691 0.350285 -0.769467
-0.0954223 0.203018 0.940137
-0.0954223 -0.323519 -0.815484
-0.0226691 0.535574 -0.87814
-0.0954223 -0.239132 -0.73941
-0.0954223 -0.369184 0.644763
-0.0954223 -0.244117 0.0565848
-0.0136993 -0.655621 -0.0453521
-0.0954223 -0.506459 -0.719209
-0.0169763 -0.761873 -0.819099
-0.0226691 -0.454716 0.0715588
-0.0954223 0.348573 0.35607
-0.0954223 0.184172 -0.291734
0.162232 -0.761873 -0.254206
0.114671 0.695189 0.889489
0.252293 0.761146 0.977347
0.087039 0.761146 -0.0152378
-0.0954223 0.373786 0.0852366
-0.0954223 0.379425 0.326306
-0.0954223 -0.718973 0.610087
-0.0954223 -0.0167493 -0.591226
0.00495837 -0.678454 0.0935176
-0.0226691 -0.321077 0.34076
0.0452254 -0.695467 0.517889
-0.0226691 -0.307282 -0.131844
0.0798152 0.761146 -0.295306
-0.0226691 -0.027466 -0.329358
-0.00479939 -0.668778 0.538382
-0.0954223 0.383466 -0.16672
0.00828755 -0.681055 0.0286252
-0.0226691 -0.590882 0.415367
-0.0954223 -0.120046 -0.608786
-0.00312837 -0.670699 0.755927
0.123558 0.761146 -0.333883
0.0895905 0.695189 0.160761
-0.0226691 -0.00271275 0.0734033
0.0273386 0.761146 0.152936
-0.0954223 -0.703379 0.992237
0.280336 0.7397 -0.359014
0.0887623 -0.761873 -0.492427
-0.0226691 -0.47256 0.265168
-0.00321735 0.761146 0.444361
-0.0954223 -0.215196 0.187541
-0.0226691 0.465373 -0.694028
-0.0954223 -0.511833 0.591581
0.10358 -0.695916 -0.541909
0.0967039 0.695189 0.470308
0.210408 0.695189 -0.759739
-0.0954223 0.0752057 0.604259
-0.0954223 0.73218 -0.195355
-0.0954223 0.63221 -0.89201
-0.0449612 0.761146 0.234046
-0.0954223 -0.754553 0.476746
-0.0954223 -0.0699141 -0.694179
0.205916 0.695189 0.446701
-0.0226691 0.44378 -0.586348
-0.0226691 -0.474504 -0.483581
-0.0226691 0.445791 0.819553
-0.0226691 0.0396192 0.194691
-0.0226691 -0.300485 -0.404884
0.10563 -0.695916 0.121824
0.0702695 0.695189 -0.922905
-0.00345498 0.669606 0.735596
0.272713 -0.707807 0.147441
-0.0226691 -0.198535 0.811989
-0.0226691 -0.134698 0.0496364
-0.0954223 0.139989 0.537801
-0.0222644 0.626878 -0.657849
-0.0954223 -0.538858 -0.0316705
-0.0954223 0.357412 -0.425067
-0.0286752 0.761146 0.529787
-0.0226691 -0.356886 0.0708917
0.223552 -0.761873 -0.563841
-0.0954223 -0.0455156 0.662103
-0.0954223 -0.0706385 0.446783
0.245567 0.761146 0.19417
-0.0226691 0.310006 0.991889
-0.0226691 0.466128 -0.253589
-0.0954223 -0.379666 -0.0182825
0.280336 -0.732032 -0.0480536
-0.0954223 0.494875 0.604775
-0.0954223 0.592198 0.0565595
-0.018275 -0.761873 0.262256
-0.0954223 0.44485 0.177348
-0.0954223 -0.247855 -0.118711
-0.00306767 -0.670766 -0.312512
-0.0954223 -0.603468 -0.177631
-0.0954223 0.690878 0.697466
-0.0954223 -0.485416 0.0205342
-0.0954223 0.207791 0.0608875
-0.0954223 -0.643846 0.727325
0.127683 -0.761873 0.485471
-0.0954223 -0.259642 0.986619
0.113251 -0.761873 0.124561
-0.0954223 -0.131048 -0.431334
-0.0954223 -0.135638 -0.157157
-0.0954223 0.507362 0.791053
-0.0954223 -0.435497 -0.698281
-0.0102571 -0.661434 0.283094
-0.0954223 -0.312202 -0.143193
-0.0771371 -0.761873 -0.769912
-0.0418949 0.761146 -0.865304
-0.0954223 0.290802 -0.104154
-0.0954223 0.0623002 -0.995108
-0.0226691 -0.190352 0.0922002
-0.0226691 -0.490896 0.494653
-0.0954223 -0.0250276 -0.669125
0.227536 -0.725397 0.998713
-0.0954223 0.733553 0.918087
0.0973254 -0.761873 0.966749
0.280336 -0.731033 0.690412
-0.0226691 0.0798352 -0.923103
-0.0954223 -0.0937539 0.343127
-0.0954223 -0.0598978 0.0641242
-0.0226691 0.216869 0.0208854
0.230038 0.761146 0.443518
-0.0226691 0.423431 0.230013
-0.0954223 0.291669 0.271146
-0.0954223 -0.277207 0.727893
0.00527963 0.761146 -0.74819
0.0251092 0.689706 -0.926706
0.21076 -0.695916 0.447808
-0.0226691 0.0500425 -0.170628
-0.0226691 -0.371289 -0.656172
-0.0226691 0.329735 -0.151742
-0.0954223 0.369395 0.847498
-0.0184971 0.643897 0.0143832
-0.0226691 0.335223 0.647388
-0.0954223 -0.262107 0.219635
0.0203164 0.761146 -0.930027
0.0550415 0.695189 0.372673
0.00095075 -0.761873 -0.473289
-0.0954223 -0.0712886 -0.349145
-0.0954223 0.402854 -0.885546
-0.0954223 0.168117 0.913547
-0.0954223 -0.678953 0.328623
0.0702685 -0.761873 -0.932828
-0.0226691 0.474677 0.301133
0.25112 -0.696131 -0.149036
0.0688758 -0.727245 0.998713
-0.0954223 0.228217 -0.346619
0.19781 0.695189 0.16016
-0.0220887 -0.629149 -0.824486
0.186295 -0.695916 0.975734
-0.0954223 -0.381308 -0.449934
-0.0226691 0.088554 -0.876109
-0.0954223 0.0926034 -0.633005
-0.0954223 -0.0588767 0.615624
-0.0954223 -0.0351349 -0.836361
0.164839 -0.695916 -0.805156
0.1804 -0.761873 -0.53012
-0.0226691 0.554069 -0.246062
-0.0226691 0.390622 -0.928681
0.00915354 0.680957 -0.158045
0.251424 -0.761873 0.0308288
-0.0954223 0.713208 -0.825516
-0.05076 -0.761873 -0.357595
-0.0954223 0.278796 -0.890523
-0.0226691 -0.0373383 0.771845
-0.0954223 0.688425 0.975797
-0.0954223 0.370307 0.93042
-0.0226691 -0.0340303 -0.878434
-0.0954223 0.430357 0.738718
0.00367341 -0.677368 -0.88349
-0.0226691 0.595878 0.323133
-0.0954223 0.506718 -0.970799
-0.0226691 -0.223318 -0.908126
-0.0264164 0.360709 0.998713
0.162406 -0.695916 0.424208
-0.0954223 0.692531 0.096562
-0.0954223 0.617345 -0.401224
-0.0411736 -0.39341 0.998713
-0.0605053 -0.761873 0.362264
-0.0954223 0.199569 -0.939835
-0.0954223 -0.549257 -0.168044
-0.0954223 -0.544521 -0.208023
-0.00699551 0.665313 -0.529471
-0.0954223 0.649924 -0.587603
-0.0954223 0.434988 0.490008
0.173835 0.737102 -1
-0.0954223 -0.678631 0.842555
-0.0226691 -0.394386 0.106436
0.0207164 0.761146 0.333829
-0.0226691 -0.00434247 0.461693
-0.0226691 -0.441473 0.0126283
-0.0226691 -0.257186 -0.67788
-0.0226691 -0.509143 0.0815671
-0.0226691 0.374034 -0.013114
0.219778 0.695189 -0.201407
-0.0290134 0.761146 0.296609
-0.0538087 0.668989 -1
-0.0226691 -0.313332 -0.822279
-0.0954223 0.0452328 -0.0355751
-0.0226691 -0.119544 0.477575
0.0603815 0.761146 -0.0435179
-0.0226691 -0.385815 0.441884
-0.0954223 0.266456 0.944047
-0.0954223 -0.0513165 -0.112699
-0.0226691 -0.458863 -0.316906
-0.0954223 0.66001 -0.0598896
-0.0226691 0.408217 0.333015
-0.0226691 0.211329 -0.972874
0.145124 0.761146 0.625977
0.109426 0.695189 0.431834
-0.0226691 0.390045 -0.75153
0.182163 -0.761873 -0.587108
-0.0226691 -0.21012 -0.0947039
0.280336 0.748129 0.535629
-0.0954223 -0.0062703 0.115232
-0.0954223 0.736708 -0.477606
-0.022074 -0.629266 -0.429792
0.256701 0.69654 0.548732
0.0587594 -0.695916 -0.375734
0.075026 -0.696945 -1
-0.0226691 0.303156 0.770231
-0.0226691 -0.503729 -0.490459
-0.0226691 -0.449015 0.9518
-0.0226691 -0.498718 0.285847
-0.0954223 0.107936 0.993467
-0.0226691 -0.28624 -0.534224
-0.0954223 -0.205453 -0.129566
-0.0188638 -0.643536 0.0502273
-0.0226691 0.410657 0.543644
-0.00832423 -0.761873 -0.302654
0.245806 -0.761873 0.412949
-0.0954223 -0.479759 -0.294577
-0.0954223 0.50161 -0.277785
-0.0226691 -0.239833 -0.55599
-0.0226691 0.0993858 0.650818
-0.0226691 0.0337303 -0.412764
-0.0226691 -0.510122 0.562836
-0.0905395 -0.761873 -0.152811
-0.0954223 -0.444919 0.516726
0.199301 -0.695916 0.507497
-0.0226691 0.271744 -0.283867
0.267159 -0.761873 -0.0121373
-0.0954223 0.724765 0.193289
-0.0226691 0.0895645 0.343709
-0.0226691 0.168181 0.636169
-0.00911716 -0.663128 -0.375481
-0.0514462 -0.234132 -1
0.183379 -0.695916 0.277318
-0.0226691 0.459701 -0.494796
-0.0226691 -0.0271623 -0.0826854
-0.0669805 0.761146 0.705849
0.105659 -0.695916 0.208247
-0.018108 0.761146 0.249666
-0.0226691 0.471339 -0.115193
-0.0226691 -0.172908 -0.767584
-0.0954223 0.0987824 -0.106984
-0.0226691 0.175933 0.988302
-0.0100864 0.660967 -0.0967965
-0.0226691 -0.593339 0.613668
0.190905 -0.761873 -0.828487
-0.0954223 -0.314167 0.497522
-0.0226691 0.396752 0.629649
-0.0226691 0.425811 -0.536844
-0.0226691 0.137968 -0.276314
-0.0226691 -0.489155 -0.282211
-0.0954223 -0.534058 0.697644
-0.0226691 -0.389483 0.684463
-0.0104085 0.660474 0.454237
-0.0226691 0.473584 -0.57525
-0.0954223 0.424278 -0.69332
0.17638 -0.695916 -0.66103
0.0499211 0.761146 -0.682836
0.167115 0.761146 0.745138
-0.0954223 -0.156911 -0.89694
-0.0226691 0.110418 -0.537211
0.0174695 -0.761873 0.0783068
-0.0226691 -0.572019 0.653309
0.209828 -0.695916 0.873843
-0.0954223 -0.296998 -0.889267
0.246096 -0.695916 0.110507
-0.0954223 -0.389998 0.688649
-0.0954223 -0.184574 -0.241001
-0.0954223 0.414443 -0.469001
-0.0226691 0.263077 -0.542613
-0.0954223 -0.165905 0.813782
-0.0226691 0.183772 0.235354
-0.0226691 0.379266 0.0403518
-0.0226691 0.545217 -0.941658
-0.0226691 0.0697386 -0.383655
-0.0954223 -0.520792 -0.608543
-0.0226691 -0.327582 0.0485824
-0.0954223 -0.283948 -0.548701
-0.0707392 0.529346 0.998713
-0.0634048 0.761146 0.294867
-0.0216208 0.63163 0.888304
-0.0954223 -0.104787 -0.549036
-0.038131 -0.761873 0.531993
-0.0954223 0.283629 -0.322389
0.280336 -0.731652 0.795469
-0.0226691 -0.0220178 -0.429206
-0.0713778 0.761146 -0.645966
-0.0547836 -0.128447 -1
-0.0226691 0.607384 0.960439
-0.0226691 0.486393 -0.969065
-0.0226691 0.110436 0.708618
-0.0954223 -0.686181 0.622206
-0.0954223 0.726931 0.719913
-0.0954223 0.0981446 -0.0507931
-0.0226691 -0.266606 0.13038
0.273201 -0.761873 -0.404096
0.0221775 -0.761873 -0.0700834
-0.0954223 0.578523 -0.894871
-0.0954223 0.32078 -0.135106
-0.0954223 0.692459 -0.0378696
-0.0954223 -0.0751642 0.861238
-0.0954223 0.143771 -0.058801
-0.0954223 0.542154 -0.870711
-0.0954223 0.130395 0.62177
-0.00394065 0.669054 0.217942
0.208569 0.761146 -0.830688
-0.0226691 -0.510287 -0.679057
0.00998544 -0.682271 0.648679
0.0636374 0.695189 -0.149307
-0.0954223 0.426451 -0.561247
0.0645901 -0.695916 0.175306
0.118062 -0.695916 -0.484461
0.196132 -0.761873 0.966933
-0.0226691 0.489104 -0.543355
-0.0221968 -0.628234 0.630657
-0.0226691 -0.21097 0.6081
-0.0954223 0.135298 -0.978236
-0.0954223 0.648868 0.860906
0.00401728 0.761146 0.921315
-0.0226691 -0.190967 0.750969
-0.0954223 -0.730028 -0.897463
-0.0226691 0.0076037 0.775548
-0.0954223 -0.198753 -0.442196
0.131931 0.695189 -0.077195
-0.0954223 -0.218556 -0.0343081
-0.0226691 0.495931 0.362853
-0.0954223 -0.476395 -0.0295946
-0.0954223 -0.279928 0.109772
-0.0954223 0.754699 -0.901468
-0.0226691 0.568466 0.550221
-0.0226691 0.357221 0.281296
-0.0226691 -0.478082 -0.414514
-0.0226691 0.396075 0.668401
-0.0226691 0.237675 0.770723
0.00771205 0.761146 -0.491496
-0.0226691 0.301042 -0.504119
-0.0954223 -0.618208 0.238097
-0.0226691 0.282739 0.162982
0.0551292 0.695189 -0.243009
-0.0226691 0.237265 -0.826098
-0.0954223 -0.439106 0.102394
-0.0954223 -0.140788 0.104591
0.195386 -0.695916 0.573981
0.140536 0.761146 -0.212897
0.199174 0.695189 0.642198
-0.0954223 0.217506 0.809999
-0.0226691 -0.0677095 -0.580318
-0.0226691 0.374245 -0.105845
-0.078732 0.761146 0.738763
-0.0357653 0.761146 -0.173552
-0.0226691 -0.603223 0.921589
-0.0954223 0.327518 -0.743494
-0.0954223 0.760341 0.351566
-0.0954223 -0.261876 -0.713305
-0.0954223 0.619085 0.474614
-0.0867163 0.182659 -1
-0.0954223 0.55376 -0.0495339
0.0829275 -0.761873 0.17556
-0.0226691 0.533101 -0.639346
-0.0226691 0.541536 -0.574356
-0.0226691 -0.360651 -0.0985227
-0.0226691 -0.592381 -0.574396
0.137529 0.761146 -0.922368
-0.0954223 -0.690769 0.40289
-0.0226691 -0.378184 -0.467305
0.0174539 -0.686854 0.133865
-0.0226691 0.494173 0.974122
-0.0226691 -0.388939 -0.729662
-0.0226691 0.430591 -0.795289
0.216495 0.761146 0.750827
-0.0954223 -0.605813 -0.55906
-0.0954223 -0.258115 -0.396143
-0.0954223 -0.690793 0.781668
-0.0226691 0.192281 0.796343
-0.0954223 -0.634971 -0.62686
0.250268 -0.696044 -0.464044
-0.0954223 -0.341527 0.82949
-0.0226691 0.221613 -0.724375
0.264898 -0.761873 0.524693
0.118037 -0.695916 0.460102
-0.0187023 -0.644022 -0.638667
0.16327 -0.761873 0.839451
0.235512 0.695189 -0.30001
-0.0226691 0.528073 0.462908
-0.0226691 0.51696 -0.215585
-0.0954223 -0.413194 -0.494412
-0.0954223 0.128624 0.505293
-0.0954223 -0.550341 0.90725
-0.0954223 -0.0796184 0.383501
-0.0954223 -0.432166 0.922134
-0.0226691 0.336815 -0.608283
0.137805 -0.695916 -0.0742791
-0.0954223 -0.660687 0.427963
0.211285 -0.761873 0.347367
-0.0226691 0.353185 0.569112
-0.0346886 0.761146 -0.107744
-0.0226691 -0.545997 0.313874
-0.00046991 0.672779 -0.330435
0.012791 -0.761873 -0.196168
0.249848 -0.69601 0.360159
-0.0954223 0.58775 0.00637869
-0.0954223 -0.703501 0.724991
-0.0226691 0.467447 -0.0553697
-0.0954223 -0.735526 -0.688376
-0.0954223 -0.341476 0.243061
-0.0954223 0.136156 0.133
0.110823 -0.695916 -0.769286
-0.0226691 0.543657 0.163747
-0.0954223 0.449806 -0.0731624
0.217818 -0.695916 0.964109
-0.0954223 0.460459 -0.523491
-0.0217874 0.630592 -0.436166
0.0680471 0.761146 -0.777739
0.0869501 0.761146 -0.717113
-0.0954223 0.0104121 0.381973
-0.0226691 0.495932 -0.480144
0.108205 0.761146 0.121441
-0.0226691 0.254362 0.561145
-0.00829277 0.663567 0.602439
-0.0226691 0.336871 -0.727071
-0.0226691 -0.0071207 -0.463576
0.14018 -0.695916 -0.633314
0.0606164 -0.695916 0.43218
0.0831428 0.726405 0.998713
-0.0206303 0.636541 0.321701
-0.0226691 -0.166583 0.0550954
-0.0331697 0.761146 -0.53847
-0.0314602 0.761146 -0.796971
-0.0933957 -0.761873 0.333394
-0.0226691 -0.510386 0.816514
-0.0954223 -0.4418 -0.0210955
0.00889371 0.68077 -0.576393
-0.0954223 0.596732 0.83604
-0.0226691 -0.446058 0.361996
0.0300574 0.691496 -0.295346
-0.0226691 0.556349 0.658656
-0.0954223 -0.142482 0.858922
0.236775 -0.695916 0.252017
-0.0954223 0.183129 -0.0942887
-0.0954223 -0.187115 0.0853462
-0.0954223 -0.506072 0.131824
-0.0954223 -0.134894 -0.371378
-0.0954223 -0.658297 -0.697333
-0.0954223 0.464573 -0.67352
-0.0226691 -0.481335 0.0205366
-0.0226691 -0.53781 -0.0473856
-0.0226691 -0.402208 -0.691922
-0.038331 -0.761873 0.0735928
-0.0954223 -0.432775 -0.0646328
-0.0226691 -0.413123 0.128988
-0.0226691 0.462617 0.740817
-0.0226691 0.315109 -0.86631
-0.0226691 0.534396 -0.834118
-0.0226691 -0.302689 0.639696
-0.0226691 -0.592918 -0.266827
-0.0954223 -0.047114 -0.288633
-0.0954223 0.166058 -0.335624
0.248411 0.761146 -0.0746697
-0.0226691 0.231464 0.648449
-0.0226691 0.59142 -0.47767
0.063119 -0.761873 -0.619413
-0.0226691 0.015881 0.168855
-0.0226691 0.0229507 -0.92527
-0.0954223 -0.285935 0.796297
0.0268883 0.690394 -0.976387
0.148281 -0.761873 -0.34441
0.186812 0.761146 0.355448
0.255744 0.696273 -0.262385
-0.0226691 0.377806 -0.446667
-0.0226691 -0.451145 -0.37521
0.116517 -0.695916 -0.824622
-0.0226691 -0.331916 0.656102
0.0215205 -0.688884 -0.940067
0.000324824 0.761146 -0.0442742
0.280336 -0.7558 -0.341941
0.14843 -0.761873 0.764003
0.127886 -0.695916 -0.248359
-0.0954223 0.570986 -0.318564
-0.0954223 0.714101 0.655195
0.0660036 0.761146 -0.509881
0.228775 0.695189 0.853574
-0.0954223 0.658737 0.80148
-0.0226691 -0.604145 -0.771522
-0.0226691 -0.487231 0.93668
0.00436379 -0.677957 -0.139738
-0.0613742 0.333628 -1
-0.0226691 0.127667 0.643418
-0.0222425 -0.627815 0.0927069
-0.0226691 0.280731 0.475801
-0.0954223 0.322119 0.898614
-0.0954223 -0.669017 0.805574
-0.0226691 -0.252573 0.977226
-0.0135267 0.655215 -0.898878
-0.0226691 0.547815 -0.0914398
-0.0954223 -0.444599 -0.670524
-0.0954223 0.0793895 0.140339
-0.0954223 0.492075 0.506136
-0.0226691 -0.146852 -0.65556
-0.0226691 -0.259519 -0.902562
-0.0226691 -0.0769524 0.570327
-0.0495556 -0.00457553 -1
0.0173991 0.761146 0.834032
-0.0226691 -0.261251 -0.261208
-0.0954223 -0.530173 -0.267796
-0.0226691 -0.28761 0.2379
-0.0226691 0.0841172 -0.246724
-0.0226691 -0.206083 0.846345
-0.0226691 -0.571258 -0.00115682
-0.0954223 0.584552 0.733126
-0.0226691 -0.289165 -0.775335
0.268442 -0.703536 0.969292
-0.0954223 -0.690588 0.927322
-0.0821486 -0.761873 -0.122639
-0.0226691 0.323585 0.705192
-0.0954223 0.233746 0.379914
-0.0592539 0.761146 -0.50215
-0.0954223 0.232421 -0.807148
0.0449423 0.761146 0.399988
0.154845 0.695189 0.404598
-0.0954223 -0.0337578 -0.536374
0.161015 0.695189 -0.118914
-0.00289673 0.761146 -0.427959
-0.0690983 0.49282 -1
-0.0686445 -0.761873 -0.923008
-0.036301 -0.761873 0.742354
-0.0954223 -0.479346 0.301841
-0.0226691 -0.382086 0.278012
-0.00556269 0.761146 -0.366325
-0.0954223 -0.355449 0.450956
-0.0226691 0.222243 -0.0314152
-0.0954223 0.363335 -0.368688
-0.0954223 0.0520954 -0.907341
-0.0226691 0.370088 -0.208507
0.0643759 -0.695916 0.307913
-0.0954223 -0.60394 0.353846
-0.0226691 -0.469284 -0.865597
0.0759248 0.761146 -0.950471
-0.0675363 0.761146 -0.566374
-0.0954223 0.152141 0.201732
-0.0954223 0.572194 0.151851
0.0207839 0.687811 -0.105616
0.196085 0.761146 0.979473
0.0705607 -0.761873 -0.349703
0.062747 0.761146 0.697186
-0.0226691 -0.151347 -0.177584
-0.0226691 0.169467 0.289196
-0.0194384 -0.731448 -1
0.0262573 0.761146 -0.317403
0.139854 -0.695916 0.522325
0.00272844 0.761146 0.390285
0.126446 0.761146 0.219213
-0.0954223 0.107364 -0.685005
0.26086 0.761146 0.309006
-0.0226691 -0.573746 -0.212221
-0.0226691 -0.571571 -0.742979
0.252885 0.695655 -0.883895
0.126835 0.695189 0.0106803
-0.0954223 0.758821 0.683227
0.181642 0.695189 -0.82115
0.241341 -0.695916 0.98116
-0.0226691 -0.331253 -0.459124
-0.0954223 0.727804 -0.938643
-0.0954223 -0.284463 0.901332
0.230577 0.695189 0.587736
-0.0226691 0.421145 -0.239647
0.271396 0.70559 0.912783
-0.0954223 0.439478 -0.265167
0.198031 -0.761873 -0.640335
0.108517 0.761146 -0.43853
0.0920125 0.761146 0.642533
0.073503 -0.695916 -0.875708
-0.0954223 -0.050691 -0.637992
0.21407 -0.761873 -0.981708
0.0167875 0.721382 0.998713
0.23962 -0.761873 0.296347
-0.0954223 -0.609616 -0.868111
-0.0954223 0.653608 -0.754313
-0.0554008 -0.27354 -1
-0.0954223 -0.27672 -0.0629544
-0.0954223 -0.734165 -0.603548
-0.0167897 0.761146 0.0952505
0.214322 -0.761873 0.566901
-0.0226691 0.0266453 -0.730161
-0.0214019 0.632872 -0.572101
0.0882652 -0.761873 0.286183
0.0113301 -0.761873 -0.0271913
-0.0226691 0.587895 0.162939
-0.0954223 0.161007 -0.214709
-0.0226691 0.5445 0.944349
0.234673 -0.761873 0.504505
-0.0954223 -0.550616 -0.114906
0.199585 0.695189 -0.548672
0.280336 -0.736912 -0.263819
-0.0226691 0.384045 0.24252
-0.0954223 0.390284 -0.358026
-0.0954223 -0.653546 0.633103
-0.0954223 0.170884 0.848793
0.145701 0.761146 0.771942
0.22951 0.761146 -0.552129
-0.0226691 0.0230571 -0.672564
-0.0226691 0.104486 0.293308
-0.0226691 0.592762 0.279021
0.0593255 0.761146 -0.246279
0.135649 0.695189 0.940995
0.0449646 0.694711 -0.468181
-0.0954223 -0.277829 -0.271894
0.113879 -0.761873 -0.448977
-0.0226691 -0.397243 0.326944
0.0380425 0.693607 0.536426
-0.015812 -0.651345 0.230242
-0.0954223 0.226527 -0.413539
-0.0226691 0.552011 -0.375361
-0.0695995 0.761146 0.969423
-0.0226691 0.0545919 -0.511861
-0.0226691 -0.0621743 -0.276047
-0.0954223 0.414406 -0.761098
0.0832045 -0.695916 0.335176
-0.0954223 -0.465732 0.669317
-0.0954223 -0.215526 -0.387215
-0.0954223 0.395497 0.672861
-0.0954223 0.101954 0.934412
0.224576 -0.695916 -0.407347
-0.0954223 -0.755414 0.158089
-0.0192841 -0.642217 0.931105
-0.0226691 -0.429735 0.280954
-0.0226691 -0.227179 0.177161
-0.0954223 -0.209957 -0.161912
-0.0954223 -0.0165159 0.503396
-0.0954223 -0.222307 -0.625684
0.121558 -0.695916 -0.397266
-0.0473513 0.761146 0.649449
0.226324 0.695189 -0.367169
-0.0226691 0.113715 -0.932677
-0.060735 0.761146 -0.213926
-0.0954223 0.758458 -0.450371
-0.0226691 -0.292817 -0.434474
-0.0226691 0.4418 0.15181
0.0314712 0.761146 0.516512
-0.0954223 -0.34317 -0.689043
0.200847 0.761146 0.151975
-0.0226691 -0.0868424 -0.00893981
-0.0954223 0.245711 -0.86338
-0.0226691 -0.348685 0.939519
0.176376 -0.761873 0.130106
0.0576933 -0.695916 0.952106
-0.0954223 0.442153 -0.193455
-0.0226691 0.134706 0.497509
-0.0226691 -0.616614 -0.671071
0.262332 0.698784 -0.0888942
-0.0182944 -0.645204 0.426917
-0.0226691 -0.128947 0.239832
-0.0954223 -0.481163 0.821806
-0.0954223 0.592383 0.979363
-0.0226691 -0.0852959 0.428954
-0.0954223 -0.228365 -0.25231
0.160879 -0.761873 -0.402538
-0.0226691 -0.441437 0.463833
0.135661 0.761146 -0.86377
-0.0954223 -0.657209 0.0606467
-0.0954223 0.110146 0.443604
-0.0226691 -0.0277008 0.249265
-0.0226691 -0.488733 0.320049
-0.000916457 0.672327 0.676311
-0.0954223 -0.180344 0.139309
0.280336 -0.735588 -0.700157
0.199242 0.695189 -0.15801
-0.0254457 -0.761873 -0.113989
-0.0226691 0.281424 0.995049
-0.0135132 -0.655967 -0.766633
-0.0954223 -0.0297787 -0.371452
-0.0954223 0.663505 -0.204445
-0.0954223 -0.0414637 0.874077
0.280336 -0.733483 0.981906
-0.0226691 0.14033 0.363909
0.236409 -0.761873 -0.800484
-0.0954223 -0.116812 0.579572
-0.0954223 0.5795 0.113369
-0.0226691 0.342673 0.381557
-0.0226691 0.154292 -0.467394
-0.0226691 0.237537 0.820346
-0.0226691 -0.450863 0.81322
-0.0368888 -0.761873 0.89291
-0.0226691 -0.271506 0.0686443
-0.0226691 0.15747 0.0366932
-0.0226691 0.270463 -0.390784
0.242422 0.695189 -0.725563
-0.0954223 -0.564011 -0.278657
-0.0954223 -0.445594 0.425524
-0.0226691 0.202843 0.542381
-0.00700882 -0.666023 0.338896
0.192783 0.761146 -0.966471
0.182498 -0.695916 -0.137712
-0.0954223 0.060243 0.281021
-0.0954223 -0.275802 -0.20251
-0.0226691 0.3272 0.262702
0.0903224 -0.761873 -0.832812
-0.0954223 -0.0698978 -0.583342
-0.0226691 -0.140344 -0.499643
-0.0954223 0.168591 -0.429659
-0.0954223 -0.162886 -0.382048
0.251056 0.761146 0.684253
-0.0954223 -0.535097 -0.368399
-0.0954223 0.427151 -0.517523
-0.0226691 -0.48229 -0.77646
0.0469494 -0.761873 0.813182
-0.0954223 -0.33474 0.0802486
0.0387752 -0.730837 -1
0.221568 -0.695916 -0.860641
-0.0954223 0.313577 -0.804248
-0.0226691 0.0271051 0.438184
-0.0954223 0.739531 0.814339
0.0993662 -0.695916 -0.738959
-0.0954223 0.603361 -0.615402
-0.0226691 -0.348151 0.012339
-0.0226691 -0.00186752 -0.0647188
-0.0954223 0.0474127 -0.0876352
-0.0226691 -0.0844521 -0.924887
-0.0226691 0.265037 0.955299
-0.0954223 -0.251982 0.466379
-0.0914627 0.761146 0.428349
0.0488879 -0.761873 0.923378
-0.0954223 0.110773 0.240779
0.034474 0.761146 0.0970057
-0.0954223 0.0726371 0.975931
-0.0954223 0.0143815 -0.922673
0.189263 0.761146 0.48691
-0.0371448 -0.761873 -0.97659
0.011826 -0.761873 0.710828
-0.0585544 -0.51651 0.998713
-0.0954223 -0.0539582 0.916442
-0.0954223 -0.460661 0.9198
-0.0954223 0.73218 0.390101
-0.0954223 -0.449212 -0.350693
-0.0954223 0.586243 -0.982821
-0.0954223 -0.679387 -0.800392
-0.0954223 0.695934 -0.793095
-0.0226691 0.35565 -0.295761
0.163964 -0.695916 0.036323
-0.0720066 -0.761873 0.432409
-0.0226691 0.585674 -0.432194
-0.018006 0.645276 0.291905
-0.0226691 -0.589875 -0.15423
-0.0226691 -0.549279 0.922284
-0.0226691 -0.60384 0.469449
-0.0954223 0.256599 -0.439976
0.257199 -0.761873 -0.515819
-0.0226691 -0.615026 -0.320515
-0.0756249 -0.761873 -0.417112
-0.0226691 0.142543 0.580108
-0.0226691 0.204531 -0.572054
-0.0954223 0.659595 0.927235
0.0395724 0.761146 -0.652623
-0.0226691 0.391103 -0.286034
0.204811 0.761146 -0.718187
-0.0226584 0.620317 -0.376366
0.270218 0.704398 -0.960929
-0.0954223 -0.222113 -0.0728623
-0.0226691 -0.063553 0.473485
-0.0954223 -0.655519 0.13233
-0.0954223 0.662437 0.680972
0.0255722 -0.690617 -0.412559
0.258331 -0.761873 -0.272464
0.130476 -0.695916 0.135824
-0.0226691 0.492132 0.767428
-0.0954223 -0.442277 0.016314
-0.0954223 -0.655137 -0.275986
-0.0954223 0.3973 0.971669
-0.0954223 0.0223818 -0.813433
-0.0226691 -0.453186 0.104993
-0.0109642 -0.761873 0.810195
-0.0226691 -0.0438173 -0.782658
-0.0246029 0.761146 0.872185
0.166294 0.761146 -0.791127
0.0629043 -0.761873 0.663267
0.0438449 -0.761873 -0.43691
-0.0954223 0.715772 -0.420193
-0.0136729 -0.65567 0.847841
0.147737 0.695189 0.128899
0.197685 -0.695916 -0.0655946
-0.0936661 -0.761873 0.275907
-0.0226691 -0.477697 -0.0364572
-0.0954223 0.296732 0.371689
0.0419134 -0.695032 -0.318373
0.144942 0.695189 -0.331624
-0.0954223 -0.577004 0.634831
-0.0226691 0.146076 -0.181633
-0.0226691 0.315813 -0.0606009
-0.0226691 0.449767 -0.918955
-0.0954223 -0.167572 0.316386
-0.0954223 0.0802979 0.34653
-0.0954223 -0.210445 -0.876949
-0.0954223 0.470641 0.917364
-0.0954223 0.614061 -0.188518
-0.0226691 0.231261 -0.582956
0.203129 -0.761873 0.61877
0.125523 -0.761873 0.552212
0.226317 -0.695916 -0.663137
-0.0226691 0.553916 0.0624208
-0.0954223 0.376946 0.776139
-0.0954223 -0.104007 -0.265536
-0.0226691 -0.152398 -0.961804
0.250012 -0.761873 -0.453579
-0.0954223 0.154876 0.605887
0.265548 -0.761873 -0.649329
-0.0954223 -0.0739735 0.541597
-0.0954223 -0.374019 0.586623
-0.0226691 0.547574 0.345039
0.0364279 -0.693982 -0.242578
0.164833 0.761146 -0.456591
-0.0226691 -0.287555 -0.168494
-0.0226691 0.127139 -0.662377
-0.0771201 0.761146 0.214589
-0.0243879 -0.15923 0.998713
0.116833 -0.761873 -0.371783
0.280336 -0.741277 -0.782517
0.212026 0.723143 0.998713
0.153647 -0.761873 0.454509
-0.0226691 0.423774 -0.354268
0.150873 0.695189 0.786244
-0.0226691 -0.118222 0.72892
0.199213 -0.695916 0.235683
-0.0226691 -0.299163 0.971774
-0.0226691 -0.304306 -0.360503
-0.0954223 0.388812 0.267753
-0.0954223 -0.129119 0.298481
-0.0954223 -0.0610361 0.822506
0.232719 0.761146 -0.73553
-0.0817525 0.761146 -0.727558
-0.0226691 0.2889 0.671786
-0.0954223 -0.292807 0.751577
0.280336 -0.732196 -0.89351
-0.0954223 -0.0497932 0.0945682
-0.0954223 -0.00316586 -0.980449
0.204886 0.695189 0.315954
0.204254 -0.695916 -0.301007
-0.0954223 0.166044 -0.788275
-0.0954223 -0.100892 0.61975
-0.0954223 0.474521 -0.244019
-0.0954223 -0.210721 -0.5672
0.193104 -0.695916 -0.908793
0.214197 0.761146 0.70392
-0.0954223 -0.469353 0.879888
-0.0954223 0.0681829 0.0799994
-0.0954223 0.283544 0.157783
-0.0226691 0.167398 -0.0176001
0.158219 0.695189 0.673911
0.194532 0.761146 -0.503547
-0.0954223 0.117541 -0.437577
-0.0226691 0.308382 0.90181
-0.0954223 -0.349434 0.142044
-0.0226691 -0.118343 -0.935115
-0.0954223 -0.333693 -0.454229
0.0265639 -0.691 -0.270598
0.0164377 -0.686298 0.421324
-0.0954223 -0.380905 0.921193
-0.0226691 -0.477532 0.776201
-0.0226691 0.499821 0.0816813
-0.0954223 0.140419 0.725042
-0.0954223 0.458049 -0.299573
0.280336 0.75338 0.47638
-0.0226691 -0.0867233 -0.38822
0.254819 -0.761873 0.182887
0.176796 0.761146 0.542672
-0.0226642 -0.62063 -0.136341
-0.0954223 -0.139103 0.0506419
0.152559 -0.695916 0.86132
-0.0226691 -0.573894 0.320815
-0.0954223 -0.175707 -0.987093
-0.0226691 -0.570505 -0.901939
0.119534 -0.761873 0.650663
-0.0226691 0.38677 -0.838396
-0.0226691 0.493786 -0.398007
-0.0954223 -0.109074 0.144497
-0.0954223 -0.58007 0.749524
-0.00624491 0.666278 -0.388149
0.246757 0.695189 -0.548705
-0.0954223 -0.0735078 0.710876
-0.0226691 -0.160634 0.860709
-0.0954223 -0.0248674 -0.217157
0.000756222 -0.67471 0.822539
0.0434732 -0.761873 -0.535088
0.118117 -0.695916 0.905524
0.125329 0.761146 0.693807
-0.0954223 -0.461815 -0.189612
-0.0224501 -0.625536 -0.515949
-0.0954223 0.550968 -0.61962
0.0476509 -0.761873 -0.573268
-0.0323428 -0.761873 0.561344
-0.0226691 0.0122663 0.274812
-0.0226691 0.173998 -0.951471
-0.0954223 -0.508182 -0.154671
-0.0954223 -0.0132956 0.939158
0.124037 0.761146 -0.48117
0.189286 -0.761873 0.242133
-0.00825683 0.663617 0.391511
-0.0954223 0.0939922 0.557591
-0.0226691 -0.140908 -0.324497
0.0568067 0.761146 0.462356
-0.0226691 -0.427921 -0.0133977
-0.0226691 0.237029 0.591576
-0.0541912 -0.761873 0.711449
0.263196 0.699241 0.0593385
0.204507 -0.695916 -0.252214
-0.0954223 0.445772 0.391579
0.280336 -0.741012 0.890513
0.0484088 0.761146 -0.587263
-0.083295 -0.761873 0.38991
-0.0954223 -0.512823 0.502334
-0.0954223 -0.348169 -0.908139
0.0462743 -0.761873 0.45036
-0.0226691 0.118794 0.149966
-0.0954223 0.0538614 0.334764
0.116015 -0.761873 -0.170022
-0.0226691 -0.0543834 0.10662
-0.0226691 0.0349081 -0.964201
-0.0954223 -0.392872 0.455399
-0.0226691 -0.563436 -0.423593
-0.0954223 -0.450217 -0.916673
-0.0954223 -0.398211 -0.240122
-0.0954223 0.595819 -0.849088
-0.0226691 -0.524148 0.408054
-0.0954223 -0.386457 0.254887
-0.0954223 0.335865 0.851056
-0.0226691 -0.0667317 0.271556
0.155821 0.761146 0.936864
-0.0954223 -0.372 -0.770937
-0.0226691 0.237816 0.076957
0.207188 -0.761873 -0.27225
-0.0226691 0.590186 0.0457406
0.103147 -0.761873 0.771432
-0.0954223 0.138906 0.888013
-0.0954223 0.486823 0.732292
-0.0954223 0.465901 0.293363
0.155522 0.695189 0.465079
0.00669988 -0.679851 -0.822709
-0.0226691 0.308299 0.413491
-0.0954223 0.523075 -0.691355
-0.0954223 -0.294012 0.257639
-0.0954223 0.356155 0.456258
-0.0954223 -0.703555 -0.742982
-0.0226691 -0.466995 0.514765
-0.0954223 -0.320681 0.690733
-0.0226691 0.126272 -0.626494
-0.0954223 0.387989 -0.315709
0.00695506 0.679322 0.881253
0.0455942 0.761146 -0.966115
0.145065 -0.695916 -0.710866
-0.0954223 -0.37599 0.78535
-0.0226691 -0.0140357 0.0476866
-0.0226691 -0.477487 -0.657764
-0.0226691 -0.601197 -0.610373
-0.0226691 -0.601143 -0.0464765
-0.0954223 -0.24581 0.149245
-0.0954223 0.509108 -0.405205
-0.0954223 0.430879 0.871329
-0.0226691 0.461058 -0.162966
0.184715 -0.695916 -0.607962
-0.0954223 -0.263993 -0.52747
0.160081 0.761146 -0.37746
-0.0954223 0.0431581 -0.00755678
-0.0226691 -0.381125 0.494598
0.221039 -0.695916 -0.210104
-0.0954223 0.148418 -0.850737
-0.0954223 0.0170168 -0.70148
-0.0954223 -0.652363 0.57292
0.215682 0.761146 -0.145578
0.076848 -0.695916 -0.845601
-0.0954223 0.425041 -0.217382
-0.0226691 -0.578894 0.781979
-0.0576473 -0.761873 -0.734933
0.0188653 0.761146 -0.779589
0.137841 -0.695916 0.401129
-0.0226691 0.244372 -0.697679
0.183951 -0.695916 0.656897
-0.0226691 -0.403735 -0.578649
-0.0954223 0.284765 -0.0182964
-0.0226691 -0.415304 -0.933296
-0.0226691 -0.0477116 -0.51927
-0.0226691 0.455415 0.412669
0.26451 -0.700727 -0.68352
-0.0954223 0.338984 -0.708662
-0.0954223 -0.626258 0.139516
-0.0226691 0.606668 0.0850041
-0.0954223 0.597711 0.606815
-0.0954223 -0.417551 0.677544
-0.0226691 0.0411273 0.37452
-0.0954223 -0.72109 0.367858
-0.0954223 0.121456 -0.295563
0.254413 -0.696679 -0.274492
-0.0954223 0.521861 0.62638
-0.0954223 0.487578 -0.791839
-0.0226691 0.107427 -0.193076
-0.0415938 0.761146 0.46841
-0.0954223 -0.735177 -0.964869
-0.0226691 0.401132 0.410986
-0.0954223 -0.525609 -0.0882779
-0.0954223 -0.352247 0.389657
-0.0954223 0.555834 -0.567277
-0.0954223 0.128568 -0.394236
-0.0226691 -0.178635 -0.9296
-0.0954223 0.00965678 0.32571
-0.0226691 0.564834 -0.0321172
-0.0226691 -0.459824 -0.939377
-0.0954223 -0.165035 0.75239
-0.0226691 0.520897 -0.790686
0.100589 0.761146 -0.647802
-0.0632198 0.362466 -1
-0.0226691 0.568741 -0.520849
-0.0954223 0.116485 -0.71145
-0.0120533 0.657821 -0.415801
0.134853 -0.726333 0.998713
-0.0718979 -0.658294 -1
-0.0948349 0.4591 -1
-0.0954223 0.671771 0.472112
-0.0226691 -0.379966 -0.824492
-0.0226691 0.172347 -0.816609
0.0207465 -0.688521 -0.864365
0.0797562 -0.695916 0.700616
0.011304 -0.683168 -0.723067
-0.0954223 -0.547346 0.852547
-0.0861147 -0.143414 0.998713
-0.0954223 -0.708227 -0.139059
-0.0490436 -0.18636 -1
-0.0954223 0.195991 0.321588
0.164247 -0.761873 0.86738
0.200939 0.761146 -0.227773
0.00476471 -0.678293 0.952997
0.104274 0.695189 0.860782
0.27941 -0.721136 -0.308619
-0.0954223 -0.0905329 0.0599069
0.0619686 0.761146 0.796601
-0.0954223 -0.685824 -0.605489
0.0648355 0.761146 0.535854
0.259454 -0.761873 0.886631
0.264773 -0.700889 -0.0908028
-0.0226691 0.356777 -0.970619
-0.0226691 0.0756575 0.154608
-0.0954223 -0.558269 0.511575
-0.0954223 0.018213 0.679295
-0.0226691 0.390008 0.18789
0.0635359 -0.695916 0.759296
-0.0226691 0.519729 0.216714
-0.0954223 -0.356379 -0.112052
0.224775 -0.761873 -0.925186
-0.0226691 0.357617 0.0959936
-0.0226691 -0.0918044 -0.879007
-0.0226691 -0.145145 -0.781357
0.262036 -0.699363 -0.314244
0.280336 -0.736371 -0.967546
-0.0954223 -0.205142 -0.303331
0.00262031 -0.67644 -0.55077
0.228297 -0.761873 -0.502628
-0.0954223 -0.468757 -0.0815874
-0.0226691 0.037762 0.505504
0.0535501 -0.695916 -0.0856326
-0.0226691 -0.274185 0.205304
-0.0226691 -0.00228145 -0.374717
-0.0954223 0.0825014 -0.0843496
-0.0954223 0.499224 0.15121
-0.0226691 -0.494154 -0.345785
0.0476254 0.694963 -0.716212
-0.0226691 -0.251756 0.845527
0.0795233 -0.761873 0.61507
-0.0954223 -0.281257 0.0506545
0.230898 -0.695916 -0.378426
0.152758 0.695189 -0.0329668
0.105297 -0.695916 0.0768243
0.258792 -0.761873 0.258069
-0.0226691 -0.352687 0.603365
0.280336 0.735859 -0.0431176
-0.0954223 -0.738115 -0.0698353
-0.0954223 0.517587 0.879646
0.192381 -0.695916 -0.360195
-0.0954223 0.333 0.59291
-0.0954223 -0.454481 0.482991
0.275575 -0.711826 -0.204618
0.12366 -0.695916 0.277973
-0.0954223 0.0115254 -0.328046
0.195526 -0.761873 -0.214023
-0.0954223 0.0259344 -0.527798
0.16448 0.695189 -0.600026
0.137229 -0.695916 0.163072
-0.0226691 0.0610891 -0.1437
0.0845384 -0.761873 -0.527052
-0.0954223 -0.346024 -0.163281
-0.0954223 0.42477 0.784892
-0.0954223 -0.0830943 -0.0678217
-0.0226691 -0.479481 0.900347
0.0682514 0.695189 0.591861
-0.0954223 0.703398 -0.957517
-0.0226691 -0.612507 0.826369
-0.0954223 0.0183045 0.243867
-0.0954223 0.504553 0.0286403
-0.0226691 0.305299 0.643978
-0.0226691 0.614297 -0.245167
-0.0226691 0.282831 -0.472153
-0.0226691 -0.575297 -0.815064
0.160547 0.761146 0.879324
-0.0226691 -0.0260485 0.975747
-0.0226691 -0.0434561 -0.230593
-0.0954223 0.00206185 0.786348
0.0661124 -0.695916 0.650212
-0.0954223 -0.538592 0.372226
-0.0226691 0.189494 0.483592
0.120249 -0.695916 -0.00429013
-0.0954223 0.270027 0.682343
-0.0954223 0.630812 0.692315
-0.0954223 0.640117 -0.113798
0.108062 -0.761873 -0.586017
-0.0226691 0.0474772 -0.32197
-0.0954223 -0.197052 0.842615
0.146496 0.695189 -0.243518
-0.0954223 0.0709952 -0.412088
-0.0226691 -0.343087 -0.165599
-0.0954223 -0.171498 0.651599
0.185138 -0.695916 0.743166
-0.0954223 -0.28457 -0.500243
-0.0954223 -0.36767 -0.721102
0.220873 -0.761873 0.16089
-0.0954223 -0.498893 0.402868
0.186799 -0.695916 -0.703092
-0.0226691 -0.550189 -0.194351
-0.0226691 -0.0415817 0.359815
0.165531 -0.761873 -0.562676
-0.0954223 -0.672074 0.234503
-0.0954223 0.268775 -0.37735
-0.0954223 0.185558 0.510376
-0.0226691 -0.308963 -0.686293
0.0635017 0.695189 -0.386091
-0.0226691 -0.34817 0.390644
-0.0226691 0.412822 0.975971
-0.0954223 0.327761 0.681634
0.24406 -0.695916 0.821726
-0.0954223 -0.234203 0.0210368
-0.0954223 0.365775 -0.458093
0.241679 0.761146 -0.88751
-0.0563027 -0.761873 0.800178
-0.0954223 -0.701086 -0.55419
-0.0226691 0.511554 0.819938
0.0429699 -0.695187 -0.518036
-0.0226691 0.480876 -0.794937
-0.0954223 -0.183771 -0.333927
-0.0954223 0.390575 -0.20489
-0.0954223 0.0353152 0.928251
-0.0226691 -0.234632 -0.753637
-0.0954223 0.187572 0.448433
-0.0226691 0.422389 0.430535
-0.065332 -0.761873 -0.0728574
0.0883234 0.695189 -0.550899
0.0924176 -0.761873 0.049561
0.137297 0.761146 -0.958964
-0.0226691 -0.164714 0.200631
-0.0226691 0.432996 -0.657089
-0.0226691 0.476984 -0.872771
-0.0226691 0.0903551 0.874678
-0.0226691 0.126231 -0.454181
0.201993 0.695189 0.37359
0.128668 -0.695916 0.368236
-0.0226691 -0.464839 0.158453
-0.0226691 0.117463 -0.863658
0.148073 -0.761873 -0.745028
-0.0743034 -0.761873 -0.801503
0.0805766 0.761146 -0.921347
-0.0942679 -0.761873 0.45012
-0.0226691 0.430362 -0.411158
-0.0225635 -0.623775 0.794011
0.186075 -0.761873 -0.0417851
-0.0954223 0.232845 -0.0706121
-0.0226691 0.61478 0.485445
0.0483496 -0.761873 0.168713
-0.0780724 0.408191 -1
-0.0226691 -0.255072 -0.389943
-0.0954223 0.13989 0.441481
-0.0954223 0.0861311 0.51689
-0.0954223 -0.28709 0.592518
-0.0226691 0.362247 -0.236149
-0.0954223 0.602538 -0.88123
0.118451 -0.761873 0.928152
0.0372357 0.761146 -0.456176
-0.0226691 0.586299 0.701711
0.105691 0.761146 -0.963768
-0.0226691 0.191926 -0.0880538
0.156304 0.761146 -0.563619
-0.0226691 0.562648 -0.733581
-0.0954223 0.529782 0.768129
-0.0226691 -0.2826 -0.631565
-0.0954223 0.26415 -0.540805
-0.0226691 0.309499 -0.305065
-0.0651691 -0.761873 0.578335
-0.0954223 -0.742335 -0.523198
-0.0954223 -0.0636729 0.329228
-0.0226691 -0.431802 -0.28455
-0.0954223 0.105262 0.102907
-0.0226691 0.0327242 0.221356
0.0322033 -0.692882 -0.0385911
-0.0954223 -0.406845 0.277953
-0.0226691 -0.608622 0.375878
0.280336 0.732026 0.970533
-0.0954223 -0.630304 0.385186
-0.0954223 0.736286 -0.606937
-0.0229309 0.324643 -1
0.245379 -0.761873 0.385434
0.0527131 0.761146 -0.4172
-0.0226691 0.595296 0.800791
-0.0226691 0.312142 -0.580701
-0.0226691 0.503678 0.90576
-0.0954223 -0.0371162 0.21118
-0.0669388 -0.761873 0.524227
-0.0954223 0.0600919 0.780109
-0.0954223 -0.462942 -0.627214
-0.0954223 0.707261 0.763228
-0.0954223 -0.611532 -0.310947
-0.0226691 -0.176043 0.464394
-0.0954223 -0.275189 0.327931
-0.0954223 0.680875 -0.0942868
-0.0954223 -0.420858 0.63275
-0.0226691 -0.223718 -0.647571
-0.0226691 -0.00839957 -0.245598
-0.0954223 -0.453306 0.824584
0.280336 0.75572 0.887073
-0.0226691 -0.0438458 0.813534
-0.0954223 -0.668775 0.550211
0.00307347 0.676116 -0.878834
-0.0226691 -0.519107 -0.240133
-0.0076167 0.761146 -0.668435
0.191706 0.695189 -0.428212
0.097113 0.761146 0.217026
-0.0176704 0.646173 -0.284963
-0.0226691 -0.295401 0.378728
-0.0226691 -0.22743 -0.0549875
-0.0226691 0.553782 0.72215
0.257744 -0.761873 -0.131316
-0.0954223 0.703739 0.279501
-0.0954223 0.639267 -0.0256232
0.134994 -0.761873 -0.926467
-0.0174846 0.646655 -0.197186
0.101076 -0.695916 -0.30076
-0.0954223 0.733456 -0.261111
-0.0954223 0.525384 0.14074
-0.0226691 -0.616272 -0.469614
-0.0226691 0.214908 0.190077
-0.0226691 0.480857 0.544197
0.265258 0.70047 0.213224
0.0928525 -0.695916 0.232477
-0.0954223 -0.125837 -0.343323
-0.0226691 -0.534115 -0.604542
-0.0226691 0.050027 -0.667703
-0.0954223 -0.0866166 -0.381631
0.0895906 0.761146 0.337223
-0.0954223 0.421843 0.0482357
0.157473 0.731476 0.998713
0.164315 0.761146 0.0453962
0.256867 0.761146 -0.252486
-0.0954223 -0.194875 0.236273
0.253588 0.761146 -0.422195
-0.013134 0.655933 0.523769
-0.0954223 -0.637726 0.756443
-0.0226691 -0.297049 -0.720342
-0.0954223 0.400971 0.540864
-0.00690941 -0.761873 0.17692
-0.0226691 -0.016188 0.704139
-0.0682066 0.761146 -0.447543
-0.0226691 0.199309 0.967849
0.00418135 -0.761873 0.108987
-0.0226691 0.204028 0.821053
-0.0954223 -0.295415 -0.0970125
-0.0954223 -0.629539 -0.0693957
-0.0954223 0.470615 -0.575314
-0.0226691 -0.52268 -0.0721619
-0.0226691 -0.284188 -0.226429
0.0700679 -0.761873 0.250195
-0.0954223 -0.020592 -0.487728
0.216959 0.761146 0.958395
-0.0547654 0.761146 0.920674
0.0288484 0.691094 0.355653
-0.0954223 -0.433105 -0.170247
-0.0954223 0.72991 -0.372645
0.117826 0.761146 -0.532184
-0.0226691 0.148083 -0.150143
0.100042 -0.761873 -0.662466
0.0543079 -0.761873 -0.478523
-0.0954223 0.210291 0.597451
-0.0954223 -0.567809 0.377536
-0.0954223 0.0586724 -0.652228
0.0313964 -0.692643 -0.615036
0.200955 -0.695916 0.013049
-0.0226691 -0.300937 -0.0195075
-0.0226691 0.437427 -0.0141946
0.0350498 0.692924 -0.0703078
-0.0226691 0.259302 -0.491164
-0.0954223 0.0326819 0.859253
-0.0954223 -0.687458 -0.0864744
-0.0226691 -0.356267 0.444935
-0.0954223 -0.541257 -0.813721
-0.0226691 0.0336512 -0.869895
-0.0954223 -0.242059 0.763962
-0.0226691 -0.282465 -0.283114
-0.0954223 -0.320262 -0.411494
-0.0226691 0.313751 -0.122589
-0.0954223 0.425679 0.271964
-0.0226691 0.164541 -0.757301
-0.0226691 -0.359958 0.901867
-0.0206655 -0.637118 -0.378331
-0.0226691 0.560155 0.294418
-0.0954223 0.188943 -0.702049
-0.0226691 0.549636 0.507811
-0.0226691 -0.607051 0.673769
-0.0954223 0.290536 -0.074156
-0.0226691 0.147806 -0.339783
-0.0470466 0.084881 -1
0.128484 -0.761873 0.0261286
0.164938 -0.761873 0.679537
0.280336 0.749072 0.363817
0.227828 0.695189 0.529377
-0.0226691 -0.529311 0.0552005
0.160458 0.695189 -0.550421
-0.0226691 -0.468375 -0.546941
-0.0954223 -0.698375 -0.858456
-0.0226691 0.126695 -0.512136
0.212538 -0.695916 0.294464
-0.0954223 0.214009 0.212409
-0.0954223 0.358006 -0.847214
-0.0226691 -0.130347 0.295334
-0.0954223 -0.729164 0.519026
-0.0226691 0.149542 -0.239158
0.131501 -0.695916 -0.969192
-0.0226691 0.368925 0.461059
-0.0226691 0.580862 0.489056
-0.0226691 -0.199302 0.524518
-0.0226691 -0.430619 0.852324
-0.0226691 0.530875 -0.687468
-0.0954223 0.426882 -0.103232
-0.0226691 0.0500571 -0.0690746
-0.0954223 0.196018 0.41777
-0.0954223 -0.746294 -0.820351
-0.0954223 -0.359332 -0.405924
0.0249709 -0.761873 0.0276935
0.162691 0.761146 -0.163175
-0.0226691 -0.451993 -0.895408
0.182754 -0.761873 0.0495311
0.280336 0.748774 -0.980085
-0.0954223 -0.200782 -0.656971
-0.0104325 -0.661164 -0.705502
-0.0954223 -0.448341 -0.224632
0.0866042 -0.761873 -0.753378
0.0811809 0.761146 -0.864561
-0.0184085 0.761146 -0.642674
-0.0954223 0.539074 -0.362502
-0.0226691 0.134081 -0.720892
0.100217 -0.695916 0.930745
-0.0954223 0.733723 0.136496
-0.0226691 0.52455 -0.0125825
-0.0954223 0.364899 0.988854
-0.0954223 0.0592981 -0.140495
0.147959 0.695189 0.227067
-0.0226691 -0.435651 0.491435
-0.0954223 -0.135611 -0.102806
-0.0364247 0.761146 -0.718169
0.195746 -0.695916 -0.638635
-0.0954223 0.468312 0.63203
-0.0226691 0.514427 -0.974161
-0.0226691 0.27441 0.753548
-0.0226691 -0.601084 -0.804413
-0.0226691 -0.00712413 0.922254
0.165086 0.695189 -0.707693
-0.0954223 -0.188699 -0.0252175
-0.0578667 -0.761873 0.653055
0.0137641 -0.684738 0.774437
-0.0226691 0.587592 -0.341209
-0.0954223 -0.359738 -0.6367
-0.0954223 0.644799 0.168988
-0.0954223 -0.388672 0.748372
-0.0226691 -0.315123 -0.266988
0.241287 -0.695916 0.447162
-0.0226691 0.0303353 0.566151
-0.0954223 -0.488353 -0.0594639
-0.0954223 -0.0427963 -0.693224
-0.0954223 -0.4911 0.484079
-0.0226691 0.608484 -0.936058
0.271873 -0.706836 -0.41184
-0.0226691 0.377311 -0.154128
-0.0954223 0.516333 0.566497
-0.0954223 -0.432869 0.844103
0.0205787 -0.761873 0.495257
-0.0954223 0.357623 -0.970812
-0.0226691 -0.276652 -0.324242
-0.0954223 0.594607 -0.41742
-0.0226691 0.599164 0.897111
-0.0226691 0.209874 0.302282
-0.0954223 -0.080386 -0.728639
0.210179 0.761146 0.425056
-0.0226691 -0.00508468 -0.683915
-0.0954223 -0.17919 -0.723797
-0.0226691 0.257905 -0.0317344
-0.0954223 0.264886 -0.145488
-0.0226691 -0.613054 0.733497
-0.0226691 0.224078 0.100318
-0.0954223 0.215486 0.150745
-0.0226691 -0.0212496 0.57154
0.265647 0.761146 -0.93024
0.252671 0.69562 -0.348023
0.255461 -0.696927 0.0383878
0.0312444 0.761146 -0.229045
0.280336 -0.732705 0.340513
-0.0226691 -0.5538 0.456975
0.248311 -0.69593 -0.516247
0.225704 -0.761873 -0.336142
-0.0954223 0.689704 -0.412524
-0.0954223 -0.205242 -0.982541
0.115482 -0.695916 0.670461
-0.0954223 -0.613837 0.508633
-0.0226691 0.397493 0.697673
0.256543 0.761146 0.00179757
-0.0226691 -0.119045 -0.449175
-0.0954223 0.481334 -0.949387
0.0197737 -0.688049 -0.461013
-0.0226691 0.370518 -0.875218
-0.0226691 -0.0623883 -0.975888
-0.0954223 0.583868 0.921989
-0.0226691 -0.0682134 0.0469862
-0.0158585 -0.761873 0.659671
-0.0954223 -0.194055 0.470452
-0.0954223 -0.300375 0.0244222
-0.0226691 -0.59279 0.287385
0.173313 -0.695916 -0.846374
-0.0954223 0.042348 -0.966022
0.0795805 0.761146 0.612973
-0.0226691 0.469061 0.126227
-0.0226691 0.157423 -0.398811
-0.0954223 -0.572052 0.0329518
-0.0226691 -0.319725 0.192371
0.0554287 -0.761873 0.0945819
-0.0954223 -0.401377 -0.0891358
0.118497 -0.695916 0.183861
-0.0226691 -0.345089 -0.693859
-0.0226691 0.617201 0.574334
-0.0954223 -0.366563 0.524223
0.104798 -0.761873 -0.318479
-0.0954223 -0.0575768 -0.25865
-0.0954223 0.738141 0.863024
0.201486 -0.735392 0.998713
0.0473829 -0.761873 -0.713055
0.0594911 -0.695916 -0.746774
-0.0226691 -0.497113 0.848668
-0.0226691 0.159157 0.797286
-0.0226691 -0.207489 -0.00721866
-0.0954223 -0.16743 0.561753
0.0104148 0.68184 -0.755454
-0.0954223 -0.637734 -0.855339
0.166513 0.761146 0.967265
-0.0847645 0.761146 -0.809184
-0.0954223 0.123591 0.559237
-0.0954223 -0.683802 -0.271621
0.182888 -0.761873 0.462191
0.0117573 -0.683467 -0.364847
0.276713 -0.761873 0.775754
-0.0226691 0.146864 0.841451
-0.0954223 -0.576665 0.794445
-0.0954223 -0.233113 -0.282081
-0.0226691 -0.430518 0.697699
0.252871 0.719218 -1
0.152801 0.695189 -0.988335
0.253186 0.761146 0.426192
-0.0609565 0.761146 -0.159439
-0.0954223 -0.622485 -0.369756
-0.0226691 -0.492023 0.618289
-0.0226691 0.333743 0.949639
-0.0226691 0.150417 0.152501
-0.0226691 -0.327803 0.220334
0.255983 0.761146 0.772863
-0.0954223 -0.145872 0.352278
0.263717 -0.70026 0.198049
0.268341 -0.703453 0.932299
0.243057 0.761146 -0.675294
-0.0954223 -0.734752 0.418617
0.142699 -0.695916 -0.108875
0.227528 0.761146 0.644565
-0.0226691 -0.604716 0.56561
-0.0622959 0.761146 -0.325534
-0.0226691 -0.102567 0.13406
-0.0954223 0.653729 -0.287398
-0.0226691 -0.154503 0.138361
-0.0954223 0.296466 0.211251
-0.0250476 0.761146 -0.283724
-0.0624098 0.198535 0.998713
0.280336 -0.739926 -0.474237
0.102094 -0.695916 0.620719
-0.0226691 0.166453 0.186651
-0.0226691 -0.183155 -0.29324
0.261433 -0.761873 0.59331
-0.0954223 -0.753034 -0.433061
0.184652 -0.761873 -0.356815
-0.0954223 0.554999 -0.171196
-0.0226691 -0.52787 -0.436564
-0.0954223 -0.351554 -0.00513332
-0.0281066 -0.761873 -0.466269
0.119247 0.695189 0.747678
-0.0954223 0.460792 0.824568
0.106301 0.695189 0.0305326
-0.00732362 -0.761873 -0.872555
-0.0954223 -0.656081 -0.161748
0.277194 -0.714846 -0.573497
-0.0954223 -0.756527 0.0433802
-0.0954223 -0.32313 -0.317554
-0.0954223 -0.457124 0.214157
0.245936 0.761146 -0.343914
-0.0954223 0.108303 -0.579529
0.201432 0.761146 -0.77638
-0.0954223 0.74473 -0.404591
-0.0226691 -0.170539 -0.0928359
0.0253185 -0.761873 0.392625
0.0752123 -0.695916 -0.134416
-0.0954223 -0.702965 0.172998
0.0979599 -0.695916 0.79762
-0.0226691 0.600088 0.376177
-0.0954223 0.0068745 -0.384645
-0.0226691 -0.548131 -0.917154
-0.0954223 -0.104292 0.288198
0.280336 0.735337 -0.22817
0.0664152 -0.695916 -0.688651
-0.0954223 0.342611 0.733842
-0.0226691 -0.0811646 0.333014
-0.0226691 0.0623692 0.601214
0.0434057 0.761146 -0.823929
-0.0226691 -0.533883 0.289901
-0.0954223 0.488456 -0.616352
-0.0226691 0.232322 -0.796453
-0.0591383 -0.761873 -0.614014
0.155826 0.695189 0.329572
-0.0226691 0.423073 -0.563597
-0.0226691 -0.353828 0.568954
-0.0313249 0.761146 0.685188
0.263294 0.699295 -0.527967
-0.0226691 -0.076537 -0.322983
-0.0954223 -0.628873 0.610587
0.223834 -0.695916 -0.913293
-0.0289919 -0.549307 0.998713
0.0324712 0.761146 0.0023828
-0.0954223 -0.335354 0.899639
-0.0226691 -0.347686 0.803309
-0.0226691 -0.528238 -0.861368
-0.0226691 -0.3447 -0.563011
-0.0226691 0.502135 -0.593492
-0.0475556 -0.0748907 -1
0.034297 -0.761873 -0.00810871
-0.0954223 0.195495 0.541472
-0.0226691 0.26834 0.436801
0.0652989 0.756045 -1
-0.0954223 -0.189106 -0.933283
-0.0226691 -0.085487 -0.696993
-0.0954223 0.0330899 0.045215
0.0820659 0.761146 0.842742
-0.0226691 0.344311 0.225993
-0.0954223 0.000468662 -0.284701
-0.0954223 -0.739376 0.73404
-0.0954223 0.706575 -0.664864
-0.0226691 -0.291612 0.306095
-0.0954223 -0.278517 0.562151
0.127106 0.695189 -0.376887
0.146378 0.695189 -0.621668
-0.0954223 0.192494 0.115256
-0.0226691 0.104665 0.515609
0.166891 0.761146 -0.869527
-0.0954223 0.212312 -0.728173
-0.00171101 0.671504 0.283058
0.0392559 0.693848 0.253075
0.156835 -0.761873 -0.890986
-0.0226691 -0.251427 0.565769
-0.0226691 0.37977 0.608951
-0.00817527 -0.664457 -0.434139
-0.0954223 -0.136857 -0.937323
0.152171 0.757223 -1
0.100706 0.695189 0.577209
0.260469 0.697907 0.171745
0.280336 -0.73582 0.626716
-0.0226691 -0.404257 0.0415839
-0.0933145 0.761146 -0.866529
-0.0954223 0.255038 0.637204
-0.0954223 0.244864 0.245536
-0.0954223 -0.427772 0.228251
-0.0576772 0.761146 -0.412438
0.262203 0.761146 -0.810792
-0.0954223 -0.308646 0.204565
-0.0226691 0.141568 -0.897606
-0.0954223 -0.64413 0.257292
0.181009 -0.695916 0.550748
0.177697 0.695189 -0.227707
-0.0605164 0.761146 -0.675853
-0.0954223 0.358815 0.564896
0.110334 0.695189 0.928067
0.147444 0.761146 -0.430607
-0.0226691 0.435613 0.881846
0.0419967 -0.695045 0.610357
-0.0951205 0.761146 -0.191335
-0.0954223 0.656068 -0.974981
-0.0954223 0.216079 -0.119661
-0.0954223 0.555377 0.321231
-0.0226691 0.434656 -0.379001
-0.0954223 0.736126 5.94772e-05
-0.0680003 0.0358994 0.998713
0.276324 0.761146 -0.564321
-0.0226691 0.488802 0.597725
0.0676886 -0.761873 0.409998
-0.0226691 0.321293 -0.431709
-0.0954223 0.717276 -0.714904
-0.0954223 0.328242 -0.419701
-0.0954223 0.378349 0.0414429
-0.0226691 -0.451889 -0.497757
-0.0954223 0.200297 -0.463111
-0.0226691 -0.234647 -0.312611
-0.0226691 -0.495291 0.359522
-0.0226691 0.0488449 -0.0117167
-0.0226691 0.202272 -0.67087
0.239243 0.761146 0.147198
-0.0954223 0.442569 0.53038
-0.0954223 -0.650113 -0.572437
0.280298 -0.727325 -0.646479
-0.0954223 -0.607655 0.989079
-0.0954223 -0.47357 0.97142
-0.0954223 0.393097 -0.412462
0.0376471 0.761146 -0.201625
0.250527 -0.761873 -0.844807
-0.0954223 0.518785 0.655486
0.063559 -0.761873 -0.114498
-0.0954223 -0.577618 0.198204
-0.0226691 0.327729 -0.541396
-0.0954223 0.156859 -0.397341
0.159784 -0.761873 0.349258
-0.0954223 -0.564828 -0.376851
0.246586 -0.761873 0.647405
-0.0954223 0.729852 -0.326075
-0.0226691 -0.284188 -0.982156
-0.0219125 0.629746 -0.509338
-0.0226691 -0.165952 -0.903663
-0.0954223 -0.562069 0.934881
0.0694945 0.761146 0.25888
0.271679 0.705895 -0.476682
-0.0226691 0.415602 -0.297892
-0.0954223 -0.447486 0.632403
0.280336 0.734568 -0.572893
0.157737 0.695189 -0.41381
-0.0954223 -0.417062 -0.527643
-0.0954223 -0.580464 0.108787
-0.0954223 -0.712852 0.0798262
-0.0181013 0.645015 -0.459821
-0.0412999 -0.638877 -1
-0.0366306 -0.761873 -0.578909
0.145035 -0.761873 -0.614874
-0.0226691 0.243444 0.0221229
0.124199 0.695189 -0.812676
-0.0954223 0.37977 0.505135
0.148808 -0.695916 -0.658477
0.174387 0.695189 0.265374
0.124034 0.695189 0.45454
-0.0165876 -0.761873 0.706671
-0.0178353 -0.646464 -0.589874
0.28026 -0.726661 0.411216
0.210687 0.761146 0.932553
-0.0954223 0.636007 -0.338074
-0.0954223 -0.22697 -0.821984
-0.0698896 0.761146 0.510871
0.0115967 -0.761873 0.97315
-0.0395492 0.0589005 -1
0.186215 0.695189 0.610329
0.262034 0.698635 -0.0319923
-0.0226691 -0.061664 0.442098
0.159568 0.695189 -0.662003
0.054117 -0.761873 -0.167238
0.258681 -0.697921 0.406017
-0.0954223 0.156073 -0.241537
-0.0954223 -0.530161 0.230858
0.280319 0.727107 -0.832232
-0.0226691 0.351184 0.905493
-0.0226691 -0.335641 -0.405519
0.174394 -0.695916 0.0633041
-0.0226691 -0.597869 -0.20112
-0.0226691 -0.460846 -0.214934
-0.0226691 -0.41981 0.408547
0.0258424 0.761146 0.444146
0.0186094 -0.761873 -0.99916
-0.0954223 -0.503896 0.235806
-0.0954223 0.461666 -0.786087
0.233366 0.695189 0.96847
-0.0954223 -0.666066 0.186642
-0.00615892 -0.761873 0.230658
-0.0954223 -0.244625 -0.225382
-0.0954223 -0.0813133 -0.659747
0.0690864 0.695189 0.475444
-0.0954223 0.185748 -0.16961
-0.0954223 0.495413 -0.0330198
0.0234422 0.761146 -0.28299
0.195757 0.695189 0.693603
-0.0226691 -0.470072 0.729605
-0.0226691 -0.301425 -0.490418
0.0821243 0.695189 0.218788
-0.0226691 0.541866 0.0967302
-0.0226691 0.197201 0.636745
-0.0954223 -0.595978 0.934612
-0.0226691 0.187557 0.577175
-0.0226691 0.0488913 0.454615
-0.0954223 -0.543457 -0.495607
-0.0226691 0.266658 -0.141101
0.136641 -0.761873 -0.86896
-0.0226691 0.615761 0.216944
-0.0692842 0.761146 0.14035
0.118622 0.758399 0.998713
-0.0226691 -0.221493 -0.722698
-0.0954223 0.113191 -0.776313
-0.0226691 0.46186 -0.531244
-0.0226691 -0.484905 0.998572
0.235251 0.695189 0.291639
-0.0953438 -0.204397 0.998713
-0.0954223 -0.309774 -0.780614
-0.0257689 -0.761873 0.969904
-0.0954223 -0.291456 -0.941957
0.0211377 0.687978 0.941964
-0.0226691 -0.142137 0.783823
-0.0226691 0.239635 -0.441962
0.143381 -0.761873 0.599439
0.0467187 -0.761873 -0.660395
0.158405 0.761146 0.422152
0.203511 0.761146 -0.293534
0.0906205 0.695189 0.0804855
0.106755 -0.761873 0.622065
-0.0226691 0.139325 0.553851
0.136158 0.695189 0.623045
0.0392514 -0.761873 0.870789
-0.0954223 0.50027 0.404722
-0.0260851 -0.212143 0.998713
-0.0372615 0.761146 0.354626
-0.0954223 -0.354478 0.920195
-0.0954223 -0.191254 0.603409
-0.0226691 0.479354 -0.752491
0.0708576 -0.761873 0.557248
-0.0954223 0.0333293 -0.48564
-0.0226691 0.176484 0.68983
-0.0954223 -0.379241 -0.306989
0.0515495 0.695164 0.428811
-0.0954223 -0.21902 0.335357
-0.0954223 -0.496047 0.451311
0.213506 -0.695916 0.819685
-0.0226691 0.328027 -0.488416
0.034068 -0.693399 -0.697556
-0.0954223 -0.601578 -0.439564
-0.0954223 0.742668 0.565757
-0.0226691 0.598278 -0.39984
-0.0954223 -0.394425 -0.858703
-0.0954223 -0.55893 -0.730781
-0.0226691 -0.0970706 -0.210042
-0.0954223 -0.739974 -0.101941
-0.0954223 -0.305089 -0.605902
0.00640216 -0.679619 0.273678
-0.0226691 0.104268 0.604094
-0.0954223 -0.369513 -0.0598258
-0.0226691 -0.419747 -0.900935
0.000338353 -0.674306 0.894379
-0.0226691 0.412498 -0.480908
-0.0954223 0.397397 -0.116494
-0.0954223 -0.118944 -0.636179
-0.0226691 0.354243 -0.79642
-0.0226691 -0.182992 0.230544
-0.0226691 -0.42105 0.241079
-0.0954223 -0.190918 0.0329888
-0.0954223 -0.141787 0.380669
-0.0226691 -0.237818 0.663844
-0.0226691 -0.343728 -0.513869
-0.0226691 -0.41368 -0.0575098
-0.0954223 0.446144 0.692745
-0.0954223 0.147663 0.658763
0.22681 0.695189 0.804156
-0.0954223 0.48346 0.462031
-0.0226691 -0.421591 0.648021
-0.0954223 -0.12613 -0.705086
-0.0226691 0.314917 -0.219648
-0.0226691 0.386541 0.948086
-0.0226691 -0.551284 0.838058
-0.0954223 -0.19005 0.273768
-0.0954223 0.0629758 -0.224491
-0.0226691 -0.250958 -0.145045
-0.0954223 0.44992 -0.969061
-0.0954223 -0.0997287 0.446183
-0.0954223 0.151098 0.0306469
-0.0226691 -0.0286641 -0.14054
-0.0226691 0.368635 0.415154
-0.0172632 -0.647945 -0.168882
-0.0226691 0.453317 0.097433
-0.0106421 0.761146 -0.14138
-0.0954223 -0.648251 0.678933
-0.0954223 0.0327269 -0.656667
-0.0226691 -0.338645 -0.742218
-0.0272843 0.761146 -0.0494032
-0.0954223 -0.267445 -0.894607
-0.0226691 0.552756 0.899445
-0.0954223 -0.581562 -0.0763192
-0.0226691 0.097487 -0.695302
-0.0226691 0.0688304 0.433771
-0.0954223 -0.293417 0.383147
-0.0226691 -0.197097 0.412669
-0.0954223 -0.0430683 0.0148518
-0.0954223 -0.680964 0.0475435
-0.00479498 0.668056 0.0997987
-0.0954223 0.72397 0.33318
-0.0954223 -0.53396 -0.653591
-0.0226691 -0.553382 -0.367472
-0.0326755 0.0263793 0.998713
-0.0133611 0.761146 -0.576987
-0.0954223 0.292833 0.939242
0.0542932 0.695189 -0.306112
-0.0226691 0.532045 -0.193993
0.0886291 -0.695916 -0.441328
0.162848 0.761146 0.136432
0.178113 0.695189 -0.7595
-0.0226691 -0.195633 -0.822203
-0.0954223 -0.711117 -0.654592
-0.0954223 -0.0990903 -0.207797
0.0573333 0.695189 0.0473789
-0.0954223 -0.282208 -0.82782
-0.0226691 0.0833449 0.930483
-0.0582771 0.761146 0.39177
-0.0628221 -0.702094 -1
-0.0954223 0.321968 0.119135
-0.0954223 0.102492 -0.00335307
0.0949193 0.695189 0.534182
0.198598 0.761146 -0.420212
-0.0226691 0.181287 0.127372
-0.0226691 -0.211166 0.894843
-0.0226691 -0.0809685 0.888869
-0.0226691 -0.0782302 0.62222
-0.0226691 -0.272748 0.924441
-0.0226691 -0.175915 -0.460109
0.263303 0.6993 0.759049
0.0484323 -0.761873 -0.269954
-0.00111064 -0.672856 -0.0269735
-0.0954223 0.521605 0.689535
-0.0276799 0.200156 -1
-0.0954223 -0.726592 -0.213365
0.25992 -0.761873 -0.229259
0.263345 -0.760996 -1
0.280331 0.727637 -0.783333
0.000658259 -0.674616 0.150189
0.107741 -0.761873 0.859558
-0.0226691 -0.0965812 -0.424507
0.0398624 -0.694688 0.221228
0.184462 0.695189 -0.0688841
0.242942 -0.761873 -0.203084
-0.0226691 0.354368 -0.501597
0.280336 0.740927 0.774965
0.105156 0.761146 0.167977
-0.0954223 0.280666 -0.72502
-0.0204077 0.761146 0.121189
0.198328 0.727837 -1
-0.0946604 -0.754092 0.998713
0.17869 -0.761873 -0.740934
-0.0226691 -0.287669 0.496994
-0.0226691 0.201789 0.422877
-0.0954223 -0.759984 -0.973226
-0.0954223 -0.18394 -0.508501
-0.0226691 -0.0809825 -0.473756
-0.0291147 -0.761873 -0.320227
0.207212 -0.761873 0.667263
-0.0954223 -0.101875 -0.899052
0.240943 -0.695916 -0.962967
-0.0954223 0.547408 0.160239
-0.0226691 -0.554097 -0.659279
0.179534 -0.761873 0.992929
-0.0226691 -0.0430558 0.637496
0.0826876 0.761146 0.0611218
0.0486176 -0.761873 -0.96911
0.00774795 -0.680653 -0.509333
-0.0226691 0.582064 0.859417
0.0401314 -0.694736 0.0138768
0.10133 0.695189 -0.452929
-0.0226691 0.47927 -0.628487
-0.0954223 -0.396551 0.163669
-0.00237638 0.670795 -0.612937
-0.0226691 0.518497 0.604647
-0.0226691 -0.333434 -0.843406
-0.045636 -0.0912241 0.998713
-0.0226691 0.382938 -0.516958
0.20993 0.695189 -0.0872692
-0.0226691 0.389059 0.0719239
-0.0226691 -0.117983 0.670928
-0.0954223 0.368188 0.664384
-0.0954223 -0.739846 0.931369
-0.028761 -0.761873 0.407092
-0.0954223 -0.623484 0.467815
-0.0954223 0.29327 0.0377053
0.147177 -0.695916 0.251376
-0.0954223 0.129672 0.389406
0.265753 -0.701523 0.65267
-0.0954223 -0.111396 0.672834
-0.0226691 -0.436052 0.900446
-0.0954223 -0.260475 -0.0283781
0.133554 -0.761873 0.172095
0.0911505 -0.761873 -0.618248
-0.00911928 -0.663125 0.723556
-0.0954223 0.408049 -0.0330053
-0.0954223 0.563779 0.062816
-0.0954223 -0.0669353 -0.213498
-0.0226691 -0.253809 -0.797455
0.162065 0.695189 0.915638
0.184496 0.761146 -0.0544082
-0.00065223 0.672596 -0.215686
-0.0954223 -0.519233 0.0416806
-0.0226691 0.586983 -0.964939
-0.0226691 -0.349131 -0.225555
-0.0954223 0.494214 -0.707642
-0.0954223 -0.732411 0.29233
-0.0226691 -0.532406 0.900808
-0.0226691 0.356875 0.310407
-0.0954223 -0.0705208 0.278354
-0.0226691 -0.133581 -0.913451
-0.0954223 -0.385025 0.120776
-0.0954223 -0.246356 -0.863652
-0.0954223 -0.477728 -0.55607
-0.0954223 -0.506462 0.678139
-0.0226691 0.261737 -0.00314772
-0.0954223 -0.34063 0.664527
0.0273824 0.690576 0.0951606
0.00722933 -0.687653 -1
-0.0226691 0.130591 0.039796
-0.0954223 -0.595642 0.812332
-0.017129 0.647552 -0.68204
-0.0954223 0.740412 0.306233
-0.0954223 -0.553772 0.654503
-0.0954223 0.0946036 -0.298319
-0.0763421 0.761146 0.89838
-0.0954223 0.33519 -0.588624
-0.0796613 0.761146 0.555908
0.192172 0.761146 -0.544899
-0.0954223 -0.128277 -0.98627
0.13897 -0.695916 0.621858
-0.0954223 0.386744 -0.85587
-0.0954223 -0.0415051 0.14913
0.0992256 0.695189 -0.978518
-0.0954223 -0.333797 -0.06297
0.220228 -0.695916 -0.47033
-0.0226691 -0.616704 -0.00317432
-0.0954223 0.0931538 -0.862147
-0.0954223 -0.391962 -0.895752
-0.0954223 0.456651 -0.618165
-0.0954223 -0.759578 -0.293401
0.111169 -0.695916 0.499988
-0.0954223 0.164874 -0.929188
0.206846 0.695189 -0.799475
0.0153415 0.761146 -0.153472
-0.0226691 -0.519209 -0.803934
-0.0226691 0.618996 -0.214309
0.280336 -0.747246 -0.820553
-0.0954223 0.371537 0.16654
0.229936 0.695189 0.145038
-0.0954223 0.129872 -0.107531
0.059987 -0.695916 0.462689
-0.0954223 -0.604452 0.194667
0.032101 0.692125 -0.146128
-0.0226691 -0.497059 -0.928669
-0.0226691 -0.00714484 -0.888288
0.0456019 0.761146 -0.912582
0.254283 0.695924 -0.113432
-0.0954223 0.373608 -0.754721
-0.0226691 -0.394275 -0.431267
0.175606 0.761146 -0.679157
-0.0954223 0.517521 -0.134398
-0.0954223 0.551124 0.931227
-0.0226691 0.108549 -0.280729
0.220626 -0.761873 -0.390029
-0.0954223 -0.151182 0.21993
-0.0226691 0.501254 0.441894
-0.0226691 0.363565 0.749803
-0.0954223 0.317648 0.161218
-0.0954223 -0.397507 -0.930408
-0.0954223 -0.38551 -0.478817
0.114098 0.695189 0.060173
-0.0954223 -0.100662 -0.160807
-0.0954223 0.257768 -0.638985
-0.0954223 0.0974649 0.420958
-0.0132686 -0.667691 0.998713
-0.00447665 0.761146 -0.90979
-0.0218609 0.630103 0.862174
-0.0954223 0.397501 0.413679
0.0192534 0.687062 0.849695
0.0718057 0.695189 0.835853
-0.0954223 -0.699239 0.699314
-0.0954223 0.632933 0.217273
-0.0452935 0.567837 -1
-0.0226691 0.380122 -0.373562
-0.0954223 -0.692512 -0.326815
-0.0954223 0.229862 -0.540672
-0.0226691 -0.300392 0.43891
-0.0226691 0.0315281 -0.800082
-0.0226691 -0.0677288 0.161611
-0.00456849 0.761146 0.626833
-0.0954223 -0.132386 -0.0241376
-0.0954223 0.306621 -0.560213
-0.0226691 0.498524 0.495207
-0.0954223 0.569285 0.607764
0.137875 -0.695916 0.581896
-0.0954223 -0.0303889 -0.806216
0.164571 0.695189 -0.500198
-0.0954223 0.254901 0.42687
-0.0954223 0.446123 0.326299
-0.0954223 -0.1459 0.629981
-0.0954223 -0.707771 -0.296508
0.0654629 0.695189 -0.668229
-0.0954223 -0.0972589 -0.935625
-0.0226691 -0.5178 -0.951988
-0.0732203 -0.236315 0.998713
-0.0226691 0.440639 0.727092
-0.0226691 -0.224854 0.0492344
-0.0226691 0.30853 -0.0168979
-0.0148103 0.761146 0.501328
-0.0954223 0.670684 -0.704009
-0.0954223 0.338884 -0.62622
-0.0226691 0.574633 0.594576
-0.0226691 0.230766 -0.20015
0.143349 -0.695916 -0.301624
0.161486 0.761146 0.449639
-0.0226691 -0.0546961 -0.381188
0.261142 -0.761873 0.0912262
-0.0226691 -0.308499 0.543357
-0.0226691 -0.39321 0.77429
0.159366 0.695189 -0.0881556
0.0750056 0.761146 -0.360212
-0.0954223 -0.458046 -0.743646
-0.0954223 -0.477313 -0.434032
-0.0954223 -0.493377 -0.240765
0.264364 -0.700639 -0.354973
-0.0226691 -0.552473 0.113128
-0.0101557 0.660861 0.427666
-0.0226691 0.0148259 -0.624383
-0.0226691 0.344498 -0.665157
0.0977989 -0.695916 0.984684
0.123886 0.761146 -0.681965
-0.0333961 -0.761873 0.374182
0.0968072 0.761146 0.244396
-0.0226691 0.278606 0.856846
-0.0954223 0.59682 -0.742
-0.0954223 0.658158 -0.801298
-0.0226691 -0.569423 0.247725
-0.0226691 0.0798028 0.709838
-0.0391381 -0.107253 -1
-0.0226691 0.240984 0.265965
-0.0954223 0.217447 0.854755
0.186695 -0.761873 -0.87639
-0.0226691 -0.254346 0.00673999
0.145178 0.695189 -0.296255
-0.0954223 0.439194 -0.126502
-0.0226691 0.174063 -0.290231
-0.0954223 -0.0919446 -0.850792
-0.0515267 0.761146 0.739529
-0.0740586 -0.0195873 0.998713
-0.0226691 0.507045 0.649522
-0.0954223 0.0130337 -0.726985
0.199927 -0.761873 0.417236
0.11898 0.695189 0.801722
-0.0954223 0.100474 -0.830038
-0.0226691 -0.0636906 0.68466
-0.0226691 -0.218254 0.434492
0.189543 0.710475 0.998713
-0.0954223 0.525568 -0.22719
-0.0684096 0.061698 0.998713
0.239437 -0.695916 0.285581
-0.0226691 0.106256 0.454231
-0.0954223 0.0345957 0.976147
0.213206 0.695189 0.0734618
-0.0226691 -0.441432 0.169273
-0.0954223 0.497985 0.191868
-0.0954223 0.112877 -0.91881
0.24563 -0.695916 -0.626007
-0.0619371 -0.697415 0.998713
0.26326 0.761146 0.92838
-0.0954223 0.246115 -0.762582
-0.0954223 -0.177454 0.727757
-0.0226691 -0.22222 0.292726
-0.0954223 -0.725551 -0.159957
-0.0754931 -0.761873 -0.564356
-0.0226691 -0.292756 -0.572185
0.226576 -0.761873 -0.594873
-0.0226691 0.335824 -0.372983
0.212229 -0.761873 -0.729467
-0.0954223 -0.430772 -0.574023
0.0139229 -0.684834 0.582394
-0.0954223 -0.256165 -0.000535355
-0.0954223 -0.232355 -0.178044
0.263258 -0.761873 0.366606
-0.0954223 0.562566 -0.489637
-0.0226691 0.35649 -0.0336082
-0.0954223 -0.547615 0.0199081
-0.0954223 0.414634 -0.932423
-0.0226691 -0.127493 0.096425
-0.0954223 -0.303078 0.544958
-0.044448 0.761146 -0.480762
-0.0954223 0.568891 -0.789865
-0.0226691 -0.395761 -0.00861671
-0.0954223 -0.133388 -0.668419
-0.00218901 0.670996 -0.709889
0.0977342 0.695189 -0.210052
-0.0127834 0.761146 0.411087
-0.0954223 0.226776 -0.243829
-0.0954223 0.356573 -0.0134568
0.0620875 0.695189 -0.0987262
0.211964 0.695189 -0.401568
0.27787 0.715655 -0.647581
-0.0226691 0.489376 -0.28414
-0.0226691 0.051284 -0.0384008
-0.0226691 0.391818 0.793298
-0.0105651 0.660232 0.96141
0.133304 -0.761873 0.30464
-0.0954223 0.00115788 -0.779855
0.126858 0.695189 0.113019
-0.0954223 0.339201 0.629591
-0.0226691 0.591168 -0.285905
-0.0954223 -0.367522 -0.801722
-0.0954223 -0.592531 0.244565
0.157063 -0.761873 0.89215
0.185201 0.695189 0.554753
0.280336 -0.732634 -0.118246
-0.0954223 -0.201132 0.550953
-0.0590703 0.761146 -0.0156749
-0.0954223 -0.298016 0.0752003
-0.0954223 -0.534431 0.959812
0.237655 0.695189 0.402141
0.159453 -0.695916 0.10946
-0.0821721 -0.761873 -0.472642
-0.0954223 -0.55663 -0.471919
-0.0226691 -0.378048 -0.602498
-0.0226691 -0.171775 0.00670317
-0.0226691 0.293221 0.805721
-0.0954223 -0.274661 -0.32456
-0.0954223 -0.220499 -0.204625
0.0469796 -0.695638 0.993895
0.020665 0.687755 -0.898545
0.213027 -0.695916 0.178428
0.153007 -0.761873 0.642557
-0.0954223 0.687413 -0.930484
-0.0818376 0.161327 0.998713
-0.0954223 0.123707 -0.199657
-0.0226691 -0.316209 -0.0591725
-0.0954223 0.689199 -0.355564
0.0806515 0.695189 -0.0533747
-0.0954223 -0.502811 -0.96469
-0.0436965 -0.761873 -0.829249
-0.0954223 -0.444937 0.974331
0.0271545 0.690493 -0.518947
0.108855 -0.695916 -0.62939
0.128834 0.695189 0.714349
-0.0226691 0.0650527 -0.22143
-0.0226691 0.540565 -0.809226
-0.0954223 -0.264263 0.408077
-0.0954223 -0.747919 -0.710819
0.113768 0.761146 0.572911
-0.0954223 0.337534 -0.115701
-0.0954223 0.260954 0.0284595
-0.0954223 -0.0322969 0.41718
-0.0226691 -0.302143 0.581245
0.202942 0.761146 0.066479
-0.0226691 0.335433 -0.83988
-0.0193638 -0.641957 0.297043
0.0249625 0.761146 0.0559373
-0.0954223 -0.655824 0.528096
-0.0226691 0.256753 0.618958
-0.0226691 -0.345372 0.169558
-0.0178818 0.645612 0.940844
0.197938 -0.761873 -0.0087807
-0.061475 -0.761873 -0.0981791
-0.0954223 0.00606175 -0.121055
0.0594782 0.695189 -0.970056
-0.0226691 0.618274 0.66577
-0.0226691 -0.0442529 -0.720457
-0.0226691 0.534874 0.850974
-0.0226691 -0.434698 -0.0380784
0.119722 0.761146 -0.162149
0.0951219 0.695189 -0.836296
0.188576 -0.695916 0.376399
-0.0954223 0.325371 -0.269649
-0.0954223 0.184356 0.799715
-0.0954223 0.513212 0.367433
-0.0226691 0.255322 -0.760291
-0.0226691 -0.0289208 -0.937928
-0.0954223 0.161127 0.274297
-0.0136776 -0.655661 -0.0718025
-0.0226691 0.0828178 -0.481929
-0.0954223 0.713601 -0.222263
0.196218 0.761146 0.665026
0.0804268 -0.761873 -0.867063
-0.0226691 -0.0233037 0.301863
-0.0226691 -0.20094 0.640563
-0.0226691 0.0752511 -0.648437
-0.0226691 0.181754 -0.558827
-0.0226691 -0.289921 0.792079
0.223464 0.761146 -0.0802296
-0.0226691 -0.236062 -0.356246
-0.0954223 0.71828 0.462021
-0.0954223 0.402451 -0.505867
-0.0226691 0.436156 0.624511
-0.0954223 -0.116075 0.837949
-0.0954223 0.0317279 -0.278626
-0.0954223 0.599678 -0.937143
-0.0954223 0.226582 0.987477
-0.0954223 0.590469 -0.583621
-0.0226691 0.197584 0.147632
-0.0226691 -0.284321 0.70087
-0.0226691 0.177314 -0.6511
0.0484542 0.695022 -0.616728
-0.0954223 -0.177305 0.347319
-0.0226691 -0.527775 -0.105107
-0.0954223 0.593985 -0.0879304
-0.0226691 -0.148822 0.496209
-0.0954223 0.550653 -0.966273
0.0340619 0.692671 0.595896
-0.0954223 0.256337 0.587879
-0.0954223 -0.667134 0.0948927
-0.0226691 -0.169372 0.5722
-0.0226691 0.106123 -0.396262
-0.0226691 -0.476567 0.45033
-0.0954223 0.258843 -0.952118
-0.0226691 0.224015 -0.303295
-0.0134921 0.655279 -0.649349
-0.0954223 0.186866 -0.528207
-0.0226691 0.104125 -0.752877
-0.0954223 0.0807928 -0.900451
0.280336 -0.755759 -0.503941
-0.0954223 0.267696 -0.259278
0.0848187 0.761146 0.785246
-0.0226691 -0.483694 0.678945
-0.0226691 0.232334 -0.24211
0.0807409 -0.761873 0.379801
-0.0335552 0.761146 -0.767936
-0.0954223 -0.311915 -0.909954
-0.0226691 0.0194071 -0.461826
-0.0226691 0.414505 0.136723
0.0495148 -0.695812 -0.884366
0.134392 -0.761873 -0.505407
-0.00684259 -0.66624 0.0479009
-0.0954223 -0.724472 -0.43462
-0.0954223 0.689163 0.94307
-0.0954223 -0.534348 -0.42212
-0.0226691 -0.290066 0.095876
-0.00453061 -0.669096 0.667585
-0.0368384 -0.761873 -0.874701
-0.0226691 0.0984133 -0.307862
-0.0226691 -0.376405 -0.987252
0.273891 0.708582 0.574392
-0.0226691 -0.546798 0.381823
0.219564 -0.695916 -0.277089
0.101908 0.761146 0.36198
-0.0226691 -0.175562 0.932077
-0.0226691 -0.468652 -0.26109
-0.0954223 -0.011803 -0.929685
-0.0439255 -0.175583 0.998713
0.103537 -0.695916 -0.878998
-0.0954223 -0.71131 0.462442
-0.0226691 -0.585057 -0.53161
-0.0226691 0.485879 -0.668373
0.0339523 -0.761873 -0.390674
0.0587725 0.761146 0.089192
-0.0226691 -0.43829 0.59566
-0.0954223 0.741345 0.893845
0.276379 -0.713232 0.233906
-0.0226691 0.270998 -0.600051
0.0776596 0.695189 -0.40779
-0.0226691 0.160733 0.712362
0.234775 -0.761873 -0.0227476
-0.0226691 0.399324 0.508579
-0.0226691 0.425585 0.676775
0.258962 -0.761873 0.959968
-0.0954223 -0.749502 0.688054
-0.0226691 -0.504641 0.770179
-0.0954223 -0.643253 0.937509
0.00485618 0.677642 -0.505912
-0.0954223 0.390685 0.00373543
-0.0954223 0.442616 -0.351528
-0.0667505 0.660419 0.998713
-0.0954223 0.146733 -0.284308
-0.0226691 -0.572333 0.166998
-0.0226691 -0.46684 -0.177105
0.0771675 0.695189 0.185415
-0.0954223 0.100796 -0.348837
-0.0226691 0.447543 0.584991
-0.0226691 0.411255 0.737747
-0.0954223 -0.552188 -0.558483
-0.0954223 0.631532 0.404472
-0.0954223 0.0976747 0.908902
0.280336 0.731594 -0.700905
0.278417 -0.717809 0.361083
-0.0954223 0.376705 0.871855
-0.0954223 -0.0484401 -0.472069
0.179355 -0.761873 0.496346
0.280336 0.73688 -0.893336
-0.0226691 0.136093 -0.366981
0.111845 -0.695916 -0.0323723
-0.0954223 -0.29658 0.643402
-0.0954223 -0.741814 -0.334437
-0.0954223 -0.371804 0.710411
-0.0954223 0.257576 -0.608387
0.276351 -0.713179 -0.794271
-0.0954223 0.0131125 0.810558
-0.0226691 -0.576561 -0.627501
-0.0226691 0.444567 0.382023
-0.0226691 -0.145856 -0.352039
-0.0226691 0.473349 0.26235
-0.0226691 0.269912 0.125558
0.0974622 0.761146 0.894355
-0.0954223 -0.250668 -0.925173
-0.0954223 -0.417007 0.752823
-0.0226691 -0.10501 0.194418
-0.00924914 -0.761873 -0.513094
0.243054 0.695189 -0.615893
-0.0226691 0.21136 0.0540974
0.166598 -0.695916 0.32647
-0.0226691 -0.139196 0.341129
-0.0226691 -0.524849 0.868159
-0.0226691 -0.410762 -0.81285
0.102754 0.761146 0.464555
-0.0226691 0.208335 -0.746007
0.280336 -0.737516 0.00450973
-0.0226691 0.342724 -0.00396845
0.25873 -0.697939 -0.869761
-0.0166126 -0.649526 0.399702
0.125587 -0.761873 0.877597
0.116637 0.695189 -0.749044
0.0792918 -0.695916 0.479958
-0.0226691 0.511856 0.343099
0.121607 -0.695916 -0.210892
-0.0226691 -0.237773 -0.620082
-0.0226691 0.290291 -0.735581
-0.0226691 0.425779 0.203577
0.130985 0.761146 0.36932
-0.0226691 0.285726 0.0421447
-0.0954223 0.562438 0.805129
0.280336 -0.756031 -0.0746324
0.280336 0.742656 -0.496446
-0.0226691 -0.25869 0.270404
-0.0954223 0.163304 0.747764
-0.0954223 0.184491 -0.876164
-0.0226691 0.523097 0.731217
-0.0195298 0.640677 -0.258058
-0.0226691 -0.350108 0.302291
0.159699 0.695189 0.532777
-0.0226691 0.228225 -0.669018
-0.0226691 -0.540027 0.949158
-0.0954223 -0.200254 -0.0891178
0.108612 0.695189 -0.634905
0.269231 0.703487 0.810477
0.203105 -0.761873 0.905283
-0.0226691 0.265665 0.384837
-0.0954223 -0.0958785 0.904871
-0.0226691 -0.200791 -0.771517
-0.0954223 0.554524 -0.448186
-0.0954223 -0.555163 0.683662
0.074632 0.761146 0.2977
-0.0226691 -0.036522 0.487801
-0.0954223 0.188719 -0.253338
-0.0226691 -0.236302 0.370392
-0.0226691 0.37713 -0.810783
-0.0226691 -0.482348 0.874636
0.262532 -0.699615 -0.487571
-0.0778733 -0.739111 -1
-0.0954223 0.382946 -0.253758
-0.0226691 -0.0306393 0.867516
0.0812865 0.761146 -0.0928454
-0.0954223 0.473244 -0.209077
-0.0951003 -0.643247 -1
-0.0227031 -0.451724 0.998713
-0.0954223 -0.599852 0.645699
0.0683781 0.695189 0.924178
-0.0954223 -0.316295 0.410504
0.110697 0.695189 -0.12386
-0.0753705 0.60497 0.998713
-0.0954223 -0.737812 0.814085
-0.0954223 -0.525884 0.407663
-0.0954223 -0.732782 0.861053
-0.0226691 -0.549531 0.78359
-0.0954223 0.713633 0.810836
-0.0226691 -0.391904 -0.948633
-0.0226691 0.218719 0.518602
-0.0954223 -0.100804 0.810545
-0.0954223 -0.155559 0.129938
-0.0954223 -0.241541 -0.583304
-0.0320218 0.761146 0.760067
-0.0954223 -0.562874 0.571396
-0.0421499 0.110833 0.998713
0.0306473 0.761146 -0.104198
0.120263 -0.695916 0.842106
-0.0226691 0.169793 0.0767011
-0.0954223 0.0985443 -0.470975
-0.0226691 0.467498 -0.378521
-0.0954223 0.554622 -0.937114
-0.0226691 0.329021 0.588462
-0.0226691 -0.156 0.594839
-0.0226691 0.196764 -0.51026
-0.0954223 0.164374 -0.707974
0.115784 0.695189 -0.898163
-0.0954223 0.0779308 -0.512863
-0.0226691 -0.0027459 0.955649
0.0321448 -0.692865 -0.967436
-0.0954223 -0.149048 0.787175
0.0512945 0.761146 -0.884755
-0.0226691 -0.0540677 -0.437107
0.0682379 -0.695916 0.846346
0.0609126 0.761146 0.564509
-0.0954223 -0.207709 -0.418573
0.110705 -0.695916 -0.166216
-0.0954223 -0.227823 -0.349615
-0.0954223 -0.703933 0.274396
-0.0226691 0.266333 -0.334539
-0.0954223 -0.478956 0.263742
-0.0226691 0.102349 -0.00376952
-0.0226691 -0.00491578 -0.195322
0.207 0.695189 0.756853
-0.0226691 -0.0869327 -0.12755
0.230772 0.761146 -0.843973
0.170015 0.761146 -0.400669
-0.0226691 0.0666371 0.53908
-0.0226691 0.404364 -0.782377
-0.0954223 -0.569421 0.461646
-0.0954223 0.542579 0.885961
-0.0858061 0.761146 -0.520473
-0.0226691 0.0782888 -0.197575
-0.0226691 -0.324508 -0.540964
-0.0954223 -0.383247 -0.137886
-0.0954223 0.747282 0.244525
0.224574 0.695189 0.918578
0.0353165 -0.693717 0.671173
-0.0226691 -0.0707585 -0.626491
0.0205134 0.730234 -1
-0.0226691 0.530208 -0.549445
-0.0226691 -0.303198 -0.939961
0.146582 -0.761873 -0.284856
-0.0226691 -0.0410581 0.400925
-0.0954223 0.470097 -0.330145
-0.0954223 0.700742 -0.184139
-0.0226691 -0.287698 0.659972
-0.0954223 -0.115574 0.503178
0.0809602 -0.695916 -0.59222
0.025022 -0.690398 0.493496
-0.0954223 -0.494171 0.733951
0.280336 -0.745409 0.264745
-0.0954223 0.294682 0.559931
-0.0954223 -0.740278 0.0851716
-0.0954223 0.300249 -0.858281
-0.0226691 0.216706 0.876391
-0.0954223 0.433325 0.8346
0.253925 -0.696576 0.788334
0.0936783 -0.695916 -0.090528
-0.0954223 -0.677327 0.584892
0.141982 0.761146 0.973878
-0.0954223 0.178453 0.484915
-0.0226691 0.295382 -0.964768
-0.0954223 -0.577379 -0.793909
-0.0954223 0.264579 -0.824726
-0.0511555 0.510507 -1
-0.0954223 -0.431894 -0.269366
-0.0226691 0.403104 -0.629824
-0.0954223 -0.385974 0.955674
-0.0226691 0.247644 0.701304
-0.0954223 -0.0228953 0.466377
0.146681 0.761146 -0.705144
-0.0954223 0.663365 -0.311337
-0.0954223 0.218647 0.627832
0.0900219 0.695189 0.972093
-0.0954223 0.429225 0.961958
-0.0226691 -0.526984 -0.00884603
0.0944916 -0.761873 -0.0422325
-0.0226453 0.620944 -0.805892
-0.0226691 0.566576 -0.297156
-0.0954223 -0.268582 0.169251
-0.0954223 -0.394075 0.487391
-0.0954223 -0.0472718 0.798255
0.213423 0.695189 0.107456
0.220458 -0.761873 0.431779
0.0409144 -0.761873 0.786204
-0.0226691 -0.564354 -0.685699
0.0264416 -0.761873 -0.813607
0.152958 -0.761873 -0.453796
-0.0954223 0.185373 -0.316858
-0.0226691 -0.0507504 0.212852
-0.0954223 -0.089076 0.111601
-0.0519267 -0.761873 0.416878
-0.0954223 0.293377 -0.648855
0.262269 0.698752 -0.92259
0.00576485 0.761146 -0.232442
-0.0954223 0.651775 0.200049
0.0826501 -0.695916 0.394461
-0.0226691 0.320716 0.12426
-0.0954223 -0.720783 -0.869841
-0.0954223 0.597542 0.565528
-0.0226691 0.254762 -0.939114
0.16544 -0.740626 -1
-0.0954223 0.0282659 -0.22308
-0.0954223 -0.00457639 0.526099
0.280189 -0.725788 -0.595912
-0.0226691 -0.368086 0.957807
0.0435422 -0.761873 0.129106
-0.0954223 0.449525 0.149549
0.264283 -0.761873 0.134448
-0.0954223 -0.105075 -0.107726
-0.0226691 -0.433291 -0.74561
-0.0954223 0.632482 0.5163
0.200759 0.695189 -0.593231
-0.0226691 0.61684 0.0189801
-0.0226691 0.333977 0.180036
-0.00455993 -0.669061 0.606863
-0.0954223 0.163619 0.235481
-0.0954223 -0.626787 -0.100713
-0.0954223 0.64235 -0.399336
0.236887 -0.761873 0.0639483
-0.00333945 0.761146 -0.514002
-0.0954223 0.0551326 0.134004
-0.0226691 0.0174492 0.879358
0.0120984 0.761146 0.752985
0.250012 0.761146 -0.97081
-0.0226691 0.0470713 0.859791
0.255694 0.69626 -0.779845
-0.0218668 -0.63079 -0.286936
-0.00733461 -0.761873 -0.413196
-0.027579 -0.761873 -0.784932
0.227916 0.695189 0.0133693
-0.0954223 -0.421872 0.879483
-0.0954223 -0.291846 0.475229
0.178125 0.761146 0.241506
0.0793944 -0.761873 -0.80398
-0.0954223 0.0176965 0.542451
0.174925 -0.761873 -0.103618
-0.0954223 0.678783 -0.23638
-0.0226691 -0.197257 -0.384639
-0.0566385 0.761146 0.596576
0.00904504 0.761146 0.665147
-0.0954223 0.389414 0.832453
0.231484 -0.695916 0.927328
-0.0954223 -0.0711656 0.421747
0.119364 -0.733235 -1
-0.0145135 -0.654052 -0.865236
-0.0954223 0.481709 0.990342
-0.0226691 -0.362048 0.660457
0.0251748 -0.690459 -0.768722
-0.0226691 0.261207 0.0507586
0.150919 0.761146 0.501318
-0.0954223 -0.285527 0.228475
-0.011176 -0.659993 -0.00362817
-0.0954223 0.375215 -0.674839
-0.0226691 -0.207042 -0.124749
-0.0226691 0.122548 0.7513
-0.0226691 -0.0690927 0.712307
-0.0954223 0.336049 -0.19813
-0.0226691 -0.00482278 0.535559
-0.00597617 -0.667343 -0.582848
-0.092522 0.761146 0.00530303
-0.0954223 -0.405157 -0.34288
-0.0226691 -0.2322 0.916149
-0.0226691 -0.346076 -0.642551
-0.0954223 0.244441 -0.0979721
0.256521 -0.761873 -0.93598
-0.0226691 -0.380826 -0.542619
-0.0954223 0.703821 -0.274246
-0.0226691 0.451227 0.507286
-0.0954223 -0.184163 -0.60208
-0.0518469 0.761146 0.814029
0.280336 0.736312 0.731413
-0.0226691 -0.223408 0.322047
-0.0954223 0.278129 0.344738
0.0602522 -0.695916 -0.40068
-0.0128281 -0.761873 0.458904
-0.0954223 0.36232 0.213626
-0.0954223 -0.199716 0.167221
0.280336 -0.729611 -0.846786
-0.0226691 0.581156 -0.866761
0.22349 -0.695916 -0.513449
-0.0226691 -0.222917 0.532655
-0.0954223 -0.654431 0.333364
0.280183 0.761146 0.161414
-0.0226691 -0.556742 -0.166669
0.188377 -0.761873 -0.302819
0.0812094 0.761146 -0.191467
-0.0954223 0.289631 0.845019
-0.0954223 -0.246639 0.605981
-0.0226691 0.12139 0.203546
-0.0954223 -0.246454 -0.675018
-0.0954223 -0.232029 0.64602
-0.0954223 0.397365 0.91838
-0.0226691 0.29714 0.93468
-0.0226691 0.080787 0.256556
-0.0954223 0.524913 -0.291317
-0.0954223 0.564208 0.96857
-0.0226691 -0.0851743 0.245835
0.20402 0.695189 -0.278543
0.082458 -0.695916 -0.0648393
-0.0226691 -0.593408 0.0168422
0.141867 -0.761873 0.0993113
-0.0226691 0.0267011 0.629744
0.136619 -0.695916 -0.58699
-0.0954223 0.667933 0.395776
-0.0954223 -0.498051 -0.00727889
-0.0954223 0.548666 -0.0807192
-0.0226691 -0.244269 0.113567
-0.0226691 0.266319 0.729972
0.235794 0.695189 -0.58662
0.0857793 0.695189 0.884464
0.00656145 0.679016 -0.795916
-0.0226691 -0.0291553 0.725417
-0.0226691 -0.220579 0.207973
-0.0380943 0.761146 -0.907399
0.0479155 -0.761873 0.333931
-0.0954223 0.00705083 0.581625
-0.0954223 0.405491 -0.980512
-0.0954223 0.197165 0.971916
-0.0226691 0.156503 0.234168
0.0400189 0.761146 0.707367
-0.0954223 -0.0222421 -0.427406
-0.0954223 0.661725 -0.929485
-0.0954223 -0.0211993 -0.242659
0.138294 -0.695916 -0.913132
-0.0226691 0.497485 -0.0117202
0.12068 -0.761873 0.413879
-0.0954223 -0.575657 -0.528665
-0.0226691 -0.502179 0.230242
-0.0226691 -0.246948 0.611934
-0.0954223 -0.331042 0.614638
0.0648086 0.761146 0.9278
0.196517 -0.705458 -1
-0.0226691 0.527769 0.0377178
-0.0954223 -0.249362 -0.636764
-0.0668872 0.761146 0.482743
0.102944 -0.695916 -0.674086
0.175392 0.761146 0.713207
-0.0226691 0.599587 0.112898
0.181787 -0.695916 -0.578253
0.00840473 0.761146 -0.609535
0.104392 0.761146 0.949114
-0.0226691 0.331125 -0.291607
-0.0954223 -0.430091 0.780061
0.00151876 0.761146 -0.403482
-0.00465232 -0.761873 -0.978601
0.103493 0.761146 -0.878478
0.0761026 -0.761873 -0.435898
-0.0226691 -0.575525 0.873649
-0.0226691 -0.174165 0.328983
-0.0226691 -0.37154 0.212618
-0.0226691 -0.100275 -0.499241
-0.0909791 -0.0902908 0.998713
-0.0226691 0.51378 -0.891212
0.261453 -0.69908 0.0143767
-0.0954223 -0.565229 0.879678
-0.0954223 -0.492065 -0.686311
-0.0954223 -0.411284 -0.126057
0.267067 0.701726 -0.389042
-0.0954223 0.595364 0.416252
-0.0226691 0.538265 0.282693
-0.0954223 -0.695789 -0.20301
-0.089844 0.316627 -1
-0.0954223 0.344529 0.297013
-0.0788231 -0.761873 0.602447
0.130604 0.761146 0.604538
-0.0226691 -0.0687557 -0.66699
-0.0288632 -0.761873 0.325221
-0.0226691 0.185842 0.846446
-0.0226691 0.590576 0.935333
-0.0226691 0.404838 -0.690036
-0.0226691 -0.0545095 0.847299
-0.0218303 0.63031 0.124628
-0.0226691 -0.356994 0.75028
-0.0226691 -0.133601 -0.0654966
0.280336 -0.761456 0.307996
0.189873 -0.695916 0.905648
0.0245022 -0.761873 -0.489333
-0.0954223 0.465218 0.567562
-0.0954223 0.512518 -0.779335
-0.0954223 0.0132153 0.429761
0.123085 -0.761873 0.583629
-0.0226691 -0.328329 0.888617
0.170721 -0.695916 -0.8907
-0.0201751 -0.639094 0.57846
-0.0954223 0.686438 -0.62705
-0.0226691 0.152051 -0.0984919
-0.0954223 -0.364324 -0.351585
-0.0226691 0.574222 0.883856
-0.0954223 -0.0167726 -0.0146544
-0.0954223 0.0984165 0.198071
-0.0226691 -0.567936 0.729615
-0.0954223 0.181049 -0.198717
-0.0954223 -0.457014 -0.532827
-0.0954223 -0.075725 -0.780194
-0.0954223 -0.230888 -0.313374
-0.0226691 0.227283 -0.158079
0.00342312 0.697491 0.998713
0.280336 -0.737703 0.921827
-0.0226691 0.474743 0.0758264
0.0492335 0.69507 0.309556
-0.0218822 0.629957 -0.607113
-0.0954223 0.0517098 -0.769128
0.0638532 -0.695916 -0.479565
0.118382 -0.761873 0.382315
-0.0954223 0.255849 0.105586
0.0787261 -0.695916 -0.255226
-0.0433334 -0.612569 -1
0.0353153 -0.693717 0.11815
-0.0864116 -0.761873 -0.891392
-0.0226691 -0.516285 -0.75054
0.218502 0.761146 0.496665
-0.0954223 -0.753934 -0.943426
-0.0169017 -0.761873 -0.686545
-0.0954223 0.526372 -0.535007
-0.0226691 0.532063 0.13909
0.0474923 0.694953 0.855621
-0.0226691 0.0439524 0.0423631
-0.0954223 0.47036 0.0744849
-0.0954223 -0.384874 0.865279
-0.0954223 0.330509 0.0754135
-0.0226691 -0.267043 -0.474229
-0.0954223 0.407661 0.323352
-0.0226691 0.482215 0.854229
-0.0226691 -0.449584 0.548954
-0.0226691 -0.395671 -0.373987
-0.0954223 -0.195885 0.761591
0.0497455 0.695097 -0.874564
0.154612 -0.695916 0.0838925
-0.0954223 0.281655 0.75395
-0.0645249 0.761146 -0.996577
0.255322 0.696165 -0.160971
-0.0954223 -0.248352 -0.763611
-0.0226691 -0.0494354 -0.0454979
-0.0226691 0.536361 -0.413227
-0.0226691 -0.305909 0.84569
-0.0954223 -0.459468 -0.797102
0.172309 -0.695916 -0.494452
0.280336 0.740832 -0.266181
-0.0954223 0.636146 0.0374916
-0.0226691 0.225244 -0.401571
0.175351 -0.695916 0.204583
0.0746016 -0.761873 0.497618
0.227064 0.695189 -0.24682
-0.0114436 0.761146 -0.00250272
-0.0954223 0.0582043 -0.464033
0.242222 -0.761873 -0.979236
0.109737 -0.695916 0.0193127
-0.0706175 -0.481621 -1
0.042613 -0.761873 0.294829
0.147312 -0.761873 0.790383
-0.0954223 -0.651675 0.896665
-0.022668 -0.620186 -0.885376
0.24838 0.761146 -0.302602
-0.0954223 0.240137 0.189543
-0.0954223 0.568429 0.454698
-0.0954223 0.684277 0.236541
-0.00341321 -0.67038 -0.115506
-0.0954223 -0.346151 0.476806
-0.0226691 0.258747 0.298446
-0.0226691 0.0629895 -0.867902
-0.0954223 -0.376344 -0.531022
-0.0226691 0.0855213 -0.978061
-0.0226691 -0.32416 0.485314
-0.0226691 -0.435413 -0.84309
-0.0954223 0.383357 -0.544187
-0.0226691 -0.496361 -0.436208
-0.0954223 0.289524 -0.270731
-0.0954223 0.345617 0.538443
-0.0954223 -0.607866 -0.0228609
-0.0226691 -0.302863 0.813055
0.123618 0.761146 -0.415245
0.215871 0.747632 -1
0.129307 -0.761873 -0.776929
-0.0226691 -0.518845 0.179551
-0.0954223 0.629624 0.880893
0.280336 0.743032 -0.666979
-0.0226691 -0.474732 0.412649
-0.0226691 0.15709 0.934714
-0.0226691 0.181792 -0.338887
0.131508 0.695189 0.325655
0.199795 -0.761873 0.184896
-0.0954223 -0.0898244 0.159859
0.146839 0.761146 -0.264206
-0.0226691 0.411578 0.580163
-0.0954223 0.308055 0.711366
-0.0954223 0.423255 -0.241941
-0.0954223 -0.186385 -0.209879
-0.0954223 -0.731068 0.0180237
0.110007 -0.761873 -0.47403
-0.0626674 -0.761873 -0.03656
0.211607 -0.761873 0.0218639
-0.0226691 0.437362 0.977899
-0.0226691 -0.329755 -0.00401431
-0.0226691 -0.216474 0.480779
-0.0219927 -0.629892 0.247159
-0.0954223 0.44118 0.91799
-0.078936 0.235972 -1
-0.0954223 0.700744 -0.32481
-0.0935545 -0.761873 0.531744
-0.0954223 0.28932 0.0686844
-0.0226691 0.0366498 0.723804
-0.0954223 -0.507176 0.652097
-0.0226691 -0.497356 -0.982373
0.280336 0.741007 0.805608
0.0625304 0.695189 0.806519
-0.0954223 -0.735203 0.491898
0.151508 0.695189 0.758777
-0.0226691 -0.578427 -0.40138
-0.0954223 -0.70007 0.135448
-0.0226691 -0.125767 -0.164888
0.223516 0.695189 -0.153095
-0.0954223 -0.585417 0.276402
-0.0954223 -0.716405 0.215743
-0.0954223 0.403313 0.732728
0.280336 -0.73042 -0.922111
-0.0226691 -0.114649 0.573216
-0.0954223 0.360245 0.424751
0.145062 0.695189 -0.911663
0.0224668 0.688586 -0.632287
-0.0711973 -0.761873 0.495317
0.0926249 0.695189 -0.0775438
0.205628 -0.761873 0.543655
-0.0226691 0.0709939 -0.836168
-0.0226691 0.0849254 0.588981
0.257722 0.761146 0.849338
-0.0471715 -0.283757 0.998713
-0.0954223 -0.741928 -0.021076
-0.0945159 0.761146 0.459783
0.108539 0.761146 -0.249928
-0.0225903 0.622502 0.165681
0.213252 0.695189 -0.525079
-0.0954223 0.550455 0.592037
-0.0954223 0.270572 -0.298514
-0.0954223 -0.653818 -0.64368
0.225448 -0.695916 0.644292
-0.0954223 -0.294804 0.853872
0.0568351 0.761146 -0.143829
0.219688 0.695189 0.682176
0.260454 -0.761873 -0.549929
-0.0226691 0.346208 0.678477
-0.0954223 -0.552717 -0.760243
