ply
format ascii 1.0
element vertex 8197
property float x
property float y
property float z
end_header
-0.0908663 -0.0883319 0.233211
0.999942 0.0817372 -0.216561
-0.999799 0.0844883 -0.215739
-0.96004 -0.0722778 0.238512
0.960242 -0.0621451 0.241294
-0.376328 0.151389 0.197768
0.999881 -0.141127 -0.184459
-0.999472 -0.145436 -0.181235
0.220857 -0.140132 -0.208098
0.598104 0.130601 0.212061
-0.488151 -0.169317 -0.185102
0.106573 0.0306905 0.247221
-0.874282 0.150692 0.198299
-0.142212 0.14808 -0.201853
0.607491 0.087262 -0.234872
0.996065 0.225239 0.0576156
0.640133 -0.249118 0.0246597
-0.128199 -0.24887 0.026973
-0.634153 0.213044 -0.130814
0.266194 0.240871 -0.0659754
-0.745854 -0.219389 0.119823
0.968932 -0.135859 0.204314
-0.981605 0.20126 -0.130483
0.31068 -0.218759 0.120959
-0.420977 -0.179408 0.173723
-0.0881523 0.22931 0.0976588
0.903405 0.140985 -0.206906
-0.742872 -0.0284545 -0.249193
-0.172455 -0.0475343 0.244694
-0.998856 -0.107729 0.204634
-0.631286 0.00834406 0.249014
0.711297 0.248677 -0.0212757
-0.207498 -0.127724 -0.215938
-0.366463 0.241073 -0.0652216
0.494528 -0.159578 -0.193574
0.332415 0.165727 0.185934
0.115485 0.0977392 -0.230674
0.712301 -0.102936 0.227193
-0.382104 0.056051 -0.244297
0.745734 -0.130165 -0.214476
0.850653 0.107105 0.224846
-0.636969 0.219691 0.117615
0.360221 0.0619431 -0.242854
0.886902 -0.25034 0.00544332
0.459684 -0.0678329 0.239915
0.0716017 -0.194669 0.156563
-0.780646 -0.222536 -0.115522
0.999942 -0.00775983 0.00929192
-0.999799 0.0025544 -0.00108631
0.48602 0.24739 0.0317425
-0.964475 -0.247096 0.0229811
0.00422021 -0.197643 -0.154418
-0.346968 -0.248452 -0.0320837
0.135446 0.223161 0.110924
-0.559994 -0.250124 0.0113226
0.0335876 0.235302 -0.0838926
-0.817423 0.2495 0.00217914
0.164752 -0.249032 -0.0270846
-0.937556 0.03739 -0.247886
0.445339 -0.249461 -0.0226493
-0.0392157 -0.0239143 -0.249663
-0.822873 -0.0328158 0.247065
-0.999799 0.216081 0.0626541
0.471953 0.197447 -0.153509
0.267487 -0.0731721 0.238357
-0.572415 0.0591273 -0.243563
-0.804431 0.159266 -0.193087
-0.446263 -0.0111613 0.248939
-0.064717 0.102082 0.227173
-0.237519 -0.191376 0.160542
-0.185698 0.243132 -0.0569396
0.507664 -0.207428 0.139358
-0.595371 -0.1569 0.194155
0.88613 -0.028203 -0.249221
0.999942 0.0332806 0.180957
-0.466204 0.237742 0.0750183
0.875817 0.239768 -0.0699282
-0.271389 0.232341 0.0902635
0.831796 0.226737 0.103459
0.739027 0.177396 -0.176454
0.773239 -0.218583 0.121274
-0.471505 0.177273 -0.176578
-0.651598 -0.158963 -0.194079
-0.999799 0.0493682 0.160791
-0.0124882 -0.0791547 0.236455
0.755363 -0.235003 -0.0872215
0.999942 0.127911 -0.077351
-0.226313 0.10382 0.226383
0.307771 -0.229572 -0.100734
-0.539199 0.134919 0.209342
-0.225655 0.0255813 -0.249407
-0.295179 0.171163 -0.182548
-0.722247 0.131915 0.211247
-0.35703 -0.0963477 -0.23164
0.999942 -0.158297 0.0515903
0.492681 -0.0139718 -0.2504
-0.0829925 -0.191732 0.160121
0.254329 0.158523 -0.193701
0.741077 0.0174808 -0.250122
-0.848873 -0.130343 -0.214367
0.850206 -0.0440687 0.245334
0.0227377 -0.249165 0.0241945
-0.201095 -0.228284 -0.103637
0.456066 0.0855384 0.233913
-0.89308 -0.201734 0.147419
0.621657 0.229366 0.0975288
0.362114 -0.0955681 -0.231962
0.611014 -0.219072 -0.121994
-0.320348 -0.0880979 0.233299
0.715999 0.0470182 0.24462
0.999942 0.00482588 -0.161651
0.22546 0.00263726 -0.250747
0.0836645 -0.0995468 -0.230284
0.342688 0.241247 0.0629703
0.611943 0.217355 -0.123456
0.86695 -0.188467 -0.165521
0.195889 0.135167 0.209182
-0.516861 0.243004 -0.0574902
0.623403 -0.0666163 -0.24185
0.584677 -0.00471149 0.249132
0.727221 0.173939 0.178289
-0.999799 0.0637603 -0.125956
-0.700325 -0.250351 -0.00657742
-0.999799 -0.127997 -0.04451
-0.00418201 0.160025 -0.192454
0.961535 0.172057 0.179078
-0.725847 -0.124454 0.216242
0.0602138 0.149438 0.199245
-0.915688 -0.228858 -0.102356
0.489897 0.192696 0.157878
0.992913 -0.223102 -0.074698
-0.482047 -0.0417294 -0.247334
0.136312 -0.0987492 0.22903
-0.679503 0.249476 -0.00537587
-0.832087 -0.250124 0.0113134
0.638704 -0.194294 0.157025
0.328133 0.0470732 0.24461
-0.779301 0.215046 0.12587
-0.330118 -0.198657 -0.153107
0.144945 0.248866 -0.0188363
-0.680027 0.125858 -0.216507
0.138908 0.200518 -0.149445
0.182014 -0.229609 0.0990512
-0.442803 -0.242047 0.0633465
-0.46768 -0.239103 -0.0751545
0.392718 0.242673 -0.0588921
0.0252999 0.245833 0.0419635
-0.999799 -0.135781 0.0820792
-0.330616 0.0376334 0.246251
0.902475 -0.212654 0.131312
0.127127 -0.20736 -0.141056
-0.591622 -0.227248 -0.105901
0.370199 -0.14686 0.201804
-0.255817 -0.244969 0.0511089
0.999942 0.102715 0.0794614
-0.755538 0.227112 -0.104236
-0.999799 0.128404 -0.0229508
-0.62374 -0.0517735 -0.245441
0.999942 -0.0989128 -0.0700736
-0.0815127 0.220849 -0.117033
-0.0815321 -0.135118 -0.211389
-0.941949 -0.00756202 0.249068
0.481975 0.10428 -0.227769
0.562659 -0.124728 0.216085
-0.0834776 -0.236739 -0.0823532
-0.930671 0.247294 -0.0340677
-0.178514 0.189179 0.162065
0.829271 -0.149798 0.199648
-0.62901 -0.22624 0.106452
-0.989269 0.165163 0.167653
0.332463 -0.250145 0.0108707
-0.894458 0.223826 0.109583
0.592613 0.249238 -0.0126267
0.999942 -0.0633788 0.117073
0.367868 0.1625 -0.190354
0.247983 0.215734 0.124692
0.41934 -0.215669 -0.127939
-0.822426 0.0520875 -0.245183
0.217257 -0.166488 0.186058
-0.920734 0.141321 -0.206674
-0.497721 -0.108816 0.224458
-0.999799 -0.0475412 -0.123902
-0.0764928 0.249331 -0.0104437
0.413396 -0.23535 0.0846743
0.217222 0.0343191 0.246739
-0.872254 0.21819 -0.121961
-0.891429 -0.11812 0.21974
-0.341208 -0.222574 0.113852
-0.51855 -0.208886 0.137181
-0.94132 -0.0705715 -0.24073
0.953865 0.208692 -0.137705
0.772773 -0.249696 0.0181844
-0.0671537 0.0792873 -0.237708
-0.808189 0.0734369 0.237999
0.534018 -0.247038 0.0401653
0.80545 0.104485 -0.227674
-0.578879 0.24772 0.0291229
0.954676 0.0556891 -0.244381
0.0673716 0.00524499 -0.250702
0.958108 -0.037817 0.24636
0.725914 0.234579 0.0843197
-0.145549 -0.0419294 -0.247301
-0.0798517 0.000917438 0.249165
-0.572388 0.153169 -0.197991
-0.366635 0.245305 0.0449008
0.998654 0.22684 -0.0469003
-0.999799 -0.0316075 0.0976202
0.00472335 0.209123 0.135447
-0.176578 0.244489 0.049086
-0.279181 0.249352 -0.00990767
0.645347 -0.157402 -0.19535
0.778317 0.229659 -0.0984392
0.999942 0.121854 -0.18115
0.31406 -0.170677 -0.183847
0.0704011 -0.242033 -0.0649965
-0.999799 0.105132 0.0767869
-0.466108 0.188423 0.162941
-0.478374 0.0932588 -0.232537
0.236874 0.247606 0.030055
-0.533276 0.0389437 0.246045
-0.749388 -0.141087 -0.207451
0.513202 -0.231378 -0.0964859
0.903678 0.248024 0.0264832
0.505051 0.239896 -0.0694821
-0.280131 0.178457 0.173775
-0.730676 0.0120174 0.248858
-0.160397 -0.138654 0.207488
-0.806736 -0.170465 0.182446
-0.947859 0.0938706 0.230691
0.843884 -0.112736 -0.224127
-0.446074 0.0917885 0.231528
0.363561 -0.050732 0.244059
-0.201104 0.203719 -0.145017
0.808335 0.249517 -0.000167571
0.983215 -0.0587185 -0.232709
-0.631253 0.102363 0.227046
0.569245 0.1629 -0.190009
-0.564418 -0.122431 -0.218983
0.0126158 0.046524 0.244715
-0.685871 -0.218299 -0.123377
0.931028 0.0545375 0.243046
0.222694 -0.207399 -0.140999
0.832962 0.188498 -0.164453
-0.292863 0.0910191 -0.23343
-0.669251 0.0371539 -0.247922
0.851784 -0.237118 -0.0812468
-0.849616 -0.0419496 -0.247297
-0.313331 -0.00896791 -0.250621
-0.999799 -0.221026 -0.0601946
0.399827 0.211748 0.131321
-0.165896 -0.22454 0.109959
-0.126905 -0.195862 -0.156677
-0.2833 0.226651 -0.105246
-0.0475366 -0.23509 0.0853855
-0.381283 0.195584 -0.155893
-0.587156 -0.0729168 0.238434
0.70056 0.108629 -0.225711
0.960168 -0.241624 0.0645252
0.241968 -0.248838 0.0272543
0.170372 -0.0700061 -0.240894
0.870113 0.179598 0.172598
-0.35341 0.212069 0.130804
-0.0897645 0.17477 0.177476
-0.330096 -0.165792 0.186673
-0.546399 0.216004 0.124227
-0.244059 0.0080828 0.249023
0.999942 0.0287279 -0.0742138
0.0230514 0.0838893 -0.236109
0.110139 -0.245985 0.0460658
-0.152817 0.0545291 0.243048
0.459841 -0.149589 0.199803
0.40243 -0.0167738 -0.250233
0.335261 0.215764 -0.126239
0.311987 -0.0236575 -0.249687
0.762045 -0.0293865 0.247488
-0.999799 -0.0106819 -0.204925
-0.679021 -0.1853 0.167469
0.996412 -0.190104 0.134491
-0.98046 -0.184744 0.153463
-0.543868 0.210285 -0.13524
0.923639 0.223998 0.109232
-0.911807 -0.178985 -0.175754
0.217451 0.0890325 -0.234201
-0.408729 -0.108345 0.224684
-0.25717 -0.24756 -0.0384886
0.539413 -0.0945226 -0.232389
0.720875 -0.195075 -0.157659
-0.999799 0.088522 -0.210105
0.7223 -0.175203 0.177934
-0.401533 -0.1606 -0.192726
0.6663 -0.243703 -0.058345
0.0556963 -0.130305 0.212793
0.671931 -0.0287008 0.247567
0.420991 0.154847 0.195075
0.541954 0.0700952 0.239008
0.40693 -0.15997 -0.193249
0.999942 0.151377 0.00767311
-0.713187 0.237841 0.0747062
0.579004 0.0073191 -0.250646
0.950324 -0.202299 -0.148246
-0.447362 0.224948 -0.10887
0.451777 -0.0882439 -0.234842
0.691459 -0.230544 0.0968772
-0.153181 0.0711727 -0.240286
-0.442039 0.24945 -0.00662351
-0.245262 -0.125759 0.215491
-0.00182878 -0.101372 -0.229488
0.577576 -0.246923 -0.0424515
0.0661576 -0.0445616 0.245246
0.781895 -0.0575091 -0.244167
0.276879 0.112194 0.22235
0.654003 0.168604 -0.184931
-0.401203 0.132574 -0.212431
-0.827081 -0.23042 0.0971689
-0.719135 0.185027 -0.168376
-0.291084 -0.144255 -0.205259
-0.607281 0.243209 -0.0566021
-0.0965463 -0.0857472 0.234165
0.422602 0.00960605 0.248966
0.999942 0.0167702 0.0894767
0.537976 0.228522 0.0994799
0.837811 -0.239434 0.0724858
-0.653274 0.16962 0.182395
-0.399033 -0.0255258 -0.249505
0.226892 0.211408 -0.133463
0.696451 0.223113 -0.112618
0.64593 0.186407 0.165239
0.815526 0.0349929 0.246643
-0.674565 -0.0639535 0.240968
0.768132 0.112266 0.222313
0.926397 -0.123773 -0.218227
0.869973 0.0523574 -0.245125
0.595701 -0.230409 0.0971938
-0.0220273 -0.152061 0.197942
-0.224739 0.13161 -0.213034
-0.411482 -0.214778 -0.129435
-0.234396 -0.0560949 -0.244494
-0.0534746 -0.250324 -0.00765494
-0.751984 0.091541 -0.233224
0.632409 0.0608534 0.241535
-0.999799 -0.0283124 0.185072
-0.795032 0.164172 0.187306
0.241406 -0.244094 -0.0566698
-0.307354 0.115786 0.2205
0.0583631 0.198044 -0.152733
-0.999799 -0.0768153 0.0272666
0.661426 0.0292024 -0.249001
0.502428 0.000948887 0.249165
-0.249619 -0.194731 -0.158084
-0.842954 -0.241292 -0.0677234
0.191896 -0.0432466 0.245478
0.67986 0.122263 0.216975
-0.999799 0.204461 -0.0476164
0.893329 -0.107859 0.224916
0.999942 0.0710032 -0.00223269
0.999942 -0.0872679 0.00919162
-0.149982 0.133018 0.210554
0.0743173 -0.168553 -0.185799
0.123422 0.105191 0.225749
0.702646 -0.0610302 -0.243314
-0.566261 -0.185781 -0.168538
0.146203 0.0135891 -0.250372
0.132793 0.173676 0.178544
-0.890431 0.247068 0.0341098
0.378204 -0.24176 -0.0660161
0.415658 -0.196342 0.154475
-0.882183 0.0480252 0.244423
-0.89731 -0.241863 0.0640376
0.27918 -0.0928594 -0.233058
0.56993 -0.175453 -0.179286
-0.761348 -0.246224 0.0447981
0.289025 -0.141872 0.205317
-0.835368 -0.189954 -0.163809
0.990885 0.106233 0.209197
0.999942 -0.0713306 -0.144344
-0.691632 -0.0947665 -0.23229
0.175713 0.146965 -0.202671
0.520825 0.139285 0.206464
0.408915 0.248592 0.0206954
-0.00577209 -0.236711 -0.0824362
0.632962 -0.0953291 0.230462
-0.628798 -0.247902 -0.0361714
0.034741 -0.229919 0.0983374
-0.80856 -0.105833 0.225869
0.293728 0.100789 -0.229347
-0.455005 -0.111735 -0.224628
0.136672 -0.16583 0.18664
0.330472 0.249181 -0.0137628
-0.769093 -0.246783 -0.0432727
0.999942 -0.221828 0.00181434
-0.180273 -0.248402 -0.0324827
-0.37181 -0.0298539 0.247433
-0.427193 -0.250201 -0.0112131
0.567978 0.191759 0.159012
-0.553493 -0.0159176 -0.250287
0.795165 -0.204931 -0.144575
-0.980212 -0.201087 -0.133319
0.378586 0.101095 0.227614
-0.90315 -0.249476 -0.0224726
-0.999799 -0.179947 0.0205439
0.104802 0.245358 0.0446106
0.999942 0.169336 0.114559
-0.33968 -0.246594 0.0427543
0.17284 0.234251 -0.0868167
-0.0145918 0.152687 0.196768
-0.685451 0.236723 -0.0797476
0.145473 -0.151 -0.200345
0.65801 0.247526 0.0306896
-0.0760148 0.174373 -0.179462
-0.708658 0.202731 0.144808
-0.999799 0.13319 -0.0967989
-0.748868 0.247687 -0.0309955
0.797792 0.189864 0.161264
-0.999799 0.0593998 -0.0493021
0.92334 -0.243154 -0.0606188
-0.791576 -0.087489 -0.235123
-0.999799 -0.0536872 -0.0482975
0.999942 -0.160062 -0.111566
-0.982331 -0.222283 0.0893825
0.539092 0.213633 -0.129842
-0.526133 -0.0337813 0.246937
-0.630542 -0.247592 0.0366796
0.464203 0.228842 0.0987442
0.0663762 0.145679 -0.203605
-0.517862 -0.217702 -0.124433
0.0721486 0.248685 -0.0211804
0.322891 0.214073 0.127512
-0.826727 0.239847 -0.0696534
0.437423 0.0499149 -0.24564
0.409183 0.113033 -0.223521
0.25818 0.169609 0.182405
-0.453918 0.0273165 -0.249219
-0.0125566 0.207845 -0.138991
-0.561284 -0.236285 0.082059
0.999942 -0.0669053 0.195373
0.794036 -0.0920079 0.231797
-0.999799 0.0343549 0.0640055
0.535817 -0.0622101 0.241419
-0.832054 0.237793 0.0748579
-0.291938 -0.230471 -0.0986469
-0.691363 -0.238989 0.0739211
-0.756262 -0.0580318 0.242446
-0.0143978 -0.203821 0.144542
0.56992 -0.182101 0.170919
0.921992 0.122649 0.216756
-0.537494 -0.243089 -0.0608815
0.0751405 0.203288 0.144027
0.648767 0.243396 -0.0557816
0.999942 0.069902 -0.13274
-0.886318 0.0862027 -0.235267
0.816423 0.00624006 -0.250677
0.906363 -0.1658 0.186666
-0.995877 0.033696 0.229834
0.999942 -0.153551 -0.0187488
-0.00657588 0.248096 -0.0274182
-0.999799 -0.118469 -0.114322
0.242825 -0.209698 0.135945
-0.508866 0.249094 0.0137504
-0.844423 0.198137 0.151013
0.536414 0.0620669 -0.242822
-0.999799 0.146986 -0.17037
-0.0992747 0.0187751 -0.250026
0.836448 -0.200233 0.149437
0.405997 0.209975 -0.135725
-0.526306 -0.162484 0.18954
0.101287 0.229919 -0.097823
-0.999799 -0.0883612 0.137384
-0.888892 -0.0531371 0.243553
0.172949 0.242905 0.056317
0.279373 -0.00162899 0.249166
-0.579395 0.178413 0.17382
-0.245686 -0.0605516 0.241836
-0.999799 -0.079317 -0.202874
0.211016 -0.109486 0.224134
0.181867 -0.2331 -0.0922191
-0.656929 -0.125265 0.215777
-0.924542 0.187524 0.163972
-0.637287 0.169687 -0.18393
-0.205773 0.224622 0.10795
0.705415 -0.250344 0.00525984
-0.400145 0.0387785 0.246071
-0.807881 0.205053 -0.14311
-0.648471 0.243208 0.0550114
-0.681882 0.0583368 0.242158
0.194949 0.191667 0.159123
-0.0601869 -0.18453 -0.169909
0.662989 -0.148064 0.200928
-0.920468 0.191606 -0.160794
0.466775 -0.246183 0.0450186
-0.142687 -0.106144 -0.227322
-0.615949 0.108194 -0.225922
0.932389 0.247279 -0.0341736
0.117423 -0.221973 0.115009
-0.27174 -0.223354 0.112328
-0.740442 -0.190382 -0.163309
-0.407495 -0.219009 0.12051
-0.493819 -0.250293 -0.00869011
-0.117887 0.241104 -0.0651044
-0.0842568 -0.0749437 -0.239408
-0.945671 -0.150921 0.198806
-0.153537 -0.188338 0.164071
-0.0433901 0.244978 0.046622
-0.189357 -0.244858 0.0516266
-0.964635 0.215906 0.119836
0.285787 0.0379426 -0.2478
-0.135533 0.20009 -0.150021
0.999942 0.0914357 0.14571
0.999942 -0.123341 0.143893
-0.189001 -0.177916 -0.176837
-0.422123 0.216563 0.123254
0.800209 -0.247116 -0.0412898
0.0597371 0.0899943 0.232233
0.999942 -0.0330934 -0.0531524
-0.944311 -0.131885 -0.213422
-0.401654 -0.240539 -0.0703756
-0.306782 -0.025982 0.247861
0.359086 -0.202088 -0.148534
0.577572 0.244206 0.050457
-0.294383 -0.0804247 -0.237628
0.879585 0.0135969 0.248774
0.569719 0.239019 -0.0724809
0.208467 0.247698 -0.0309026
0.888791 0.208084 -0.13863
-0.0878665 -0.142572 0.204835
0.00529341 -0.0183196 0.248529
0.0236844 -0.0420685 -0.247277
0.349502 -0.239067 0.0736719
-0.956986 0.248208 0.0247588
0.999942 0.0123574 -0.229367
-0.999799 0.157652 0.0354924
0.805122 -0.155963 -0.196501
0.0636796 -0.212619 -0.132966
-0.14033 0.249493 -0.00426968
-0.630169 -0.200991 -0.150021
0.505669 0.156792 -0.195115
-0.960577 -0.0696005 0.239038
0.479114 -0.202211 -0.148367
-0.337265 0.132433 -0.21252
0.784238 0.242187 0.0592938
-0.930822 0.229295 -0.0992929
-0.999799 0.165727 0.10177
-0.743813 0.0776084 0.236668
-0.87723 0.0170271 -0.250155
-0.365332 0.0902807 0.232121
-0.582872 -0.200347 0.149284
0.406151 -0.101285 0.227928
-0.709863 -0.240917 -0.0690591
-0.475523 0.141285 0.205102
0.398851 -0.249127 0.0245717
-0.765545 0.246161 0.0400277
0.508441 -0.24983 -0.0179273
-0.741671 -0.179474 0.173655
0.999942 0.186842 -0.100378
0.452268 0.247092 -0.0355357
0.175779 -0.247271 0.0387388
-0.999799 0.104205 0.191789
0.674023 -0.218641 -0.122768
-0.999799 0.00449981 -0.0887889
-0.866286 0.167059 -0.186337
0.597823 -0.119701 -0.220487
-0.505817 -0.244334 0.0540148
0.35351 -0.191244 0.160698
-0.0157316 0.0340359 -0.248376
0.280088 0.238019 0.0741447
0.432791 0.161172 -0.191488
-0.21727 0.24951 -0.00273889
0.110579 -0.0458801 -0.246603
-0.272097 0.0642729 0.240644
-0.103745 -0.224203 0.110639
-0.999799 0.0818811 0.0182097
0.677587 0.217407 0.121766
-0.5391 0.108703 -0.225675
-0.760313 0.0320609 -0.248643
0.684953 -0.116547 -0.22217
0.530755 0.249275 -0.0118132
0.00656754 -0.153923 -0.198105
0.283119 0.196779 -0.154371
-0.514581 0.0378986 -0.247807
-0.0334669 0.235915 -0.0821335
-0.145751 0.219117 0.118675
-0.611121 0.012389 -0.250436
0.999942 -0.0495388 0.0571879
0.332654 -0.104823 0.226336
0.954024 0.169347 -0.184246
-0.681154 -0.0224677 -0.249795
0.0544932 0.230854 0.0939761
0.983385 0.0185171 0.237486
-0.82571 0.109381 -0.225345
0.895886 -0.220443 -0.119487
0.762621 -0.138094 0.207859
0.289324 -0.241099 0.0668172
0.176391 0.0778507 0.236589
0.956977 0.112553 -0.223766
0.07632 -0.250399 -0.00382149
-0.117751 -0.248396 -0.0325271
-0.62809 -0.108802 -0.226062
-0.527259 0.238737 0.0718197
0.900153 -0.240308 0.0695725
0.947173 -0.00729133 -0.250673
-0.532374 -0.0738829 -0.239737
-0.216353 0.154453 0.195387
0.454261 0.229037 -0.099892
0.125609 -0.0353208 0.246725
-0.141152 -0.230606 -0.0983291
-0.00428423 0.101532 0.227419
0.545125 0.117536 -0.221169
0.999942 0.0648695 -0.200171
0.782282 -0.181577 0.171471
0.751775 0.0753853 -0.238985
0.947945 -0.25037 -0.00567376
-0.354191 -0.227991 -0.104283
0.456113 -0.237519 -0.0800573
-0.576631 0.0803724 0.235742
-0.342264 0.220088 -0.118472
-0.451831 -0.0702271 0.239232
-0.24487 0.242118 -0.0611683
-0.339487 0.249218 -0.0130279
0.49743 -0.110598 0.223592
0.515773 -0.164958 0.187406
-0.999799 0.00681905 -0.147872
0.171717 -0.198339 0.151922
-0.869473 -0.163384 0.18877
0.228558 -0.061181 -0.243277
0.844111 0.244556 0.0487596
-0.78929 0.0158777 0.248635
0.324819 0.238783 -0.073265
-0.0437301 -0.217721 -0.124399
0.409473 0.236437 0.0790016
0.795427 0.153762 -0.197528
-0.869494 0.248387 -0.0245469
-0.508217 0.0898952 0.232271
0.315431 -0.246409 -0.0453838
0.825029 0.151998 0.1973
0.74788 0.210785 0.132856
-0.7494 0.142853 -0.205611
0.552701 -0.211664 -0.134487
-0.11678 0.244564 0.0487185
0.739271 -0.241438 0.0655994
0.311792 0.150614 -0.199956
-0.472567 0.0405187 0.245789
0.280005 -0.202035 -0.148606
-0.800035 -0.0101232 -0.250579
0.161923 0.0138966 0.248757
-0.139353 -0.155314 -0.197015
-0.938499 0.143897 0.203279
-0.209989 0.0811783 -0.237063
0.469013 -0.228347 0.101899
-0.05569 0.13052 -0.213709
-0.0538926 0.204007 0.143011
0.271271 0.0564167 0.242614
0.834598 0.224478 -0.109846
-0.95865 -0.0164945 -0.250251
0.124762 -0.235625 -0.0855145
-0.309356 0.246206 0.0397569
0.294866 -0.186658 0.165966
-0.888716 -0.0924316 -0.233228
-0.160863 0.0132589 -0.25039
-0.194636 -0.0981286 0.229294
0.763135 0.245545 -0.0451875
-0.586826 0.234631 0.084175
0.999942 -0.0170845 0.153972
0.930054 0.232466 -0.0915397
-0.522858 0.18389 0.168028
0.538515 -0.230412 0.0971865
0.175536 -0.18775 -0.166336
-0.860484 -0.221179 -0.118112
0.193491 0.22532 0.106495
0.862302 0.105884 -0.227022
-0.471359 -0.224666 0.109705
-0.999799 -0.167862 -0.0862649
0.830159 -0.250294 0.00706878
-0.999799 0.101676 0.133396
-0.368293 -0.195437 0.15561
0.544145 -0.0401194 -0.247599
-0.553348 -0.118242 0.219676
-0.138603 -0.00243328 0.249161
-0.296401 -0.2504 0.00213078
-0.887806 0.10159 0.227393
0.999942 -0.113853 0.0863923
0.978985 0.240543 0.00606062
0.735423 0.247663 0.0295935
-0.947617 -0.244137 -0.056482
-0.828717 0.12155 0.217375
0.923185 -0.169548 -0.18489
0.0252595 -0.248433 -0.0322383
-0.208935 0.0530991 0.243366
-0.467009 -0.155548 0.195233
-0.049733 0.0480448 0.24442
-0.92892 -0.225746 0.107487
-0.464536 -0.203137 -0.147092
0.837879 -0.0595797 -0.243672
-0.410087 -0.0795239 -0.23793
0.36669 0.0064165 0.249074
0.862111 0.249074 -0.0156913
0.891693 -0.0824567 -0.236932
0.82181 0.243349 -0.0559877
-0.834293 -0.202707 0.146088
-0.578006 -0.00818295 0.249049
0.591913 -0.0595195 0.242089
-0.346036 -0.151299 -0.200119
0.646451 0.123231 -0.218024
-0.260389 0.199981 -0.150168
0.904403 -0.0559197 0.242936
-0.279862 0.0391015 -0.247618
-0.49096 0.218124 0.120483
-0.411175 0.184318 0.16756
0.0727293 0.0608026 -0.243146
0.949764 -0.0920105 0.231796
-0.33551 0.179081 0.173134
-0.155503 0.227643 -0.103059
0.585052 -0.250089 0.0120205
0.114583 0.16637 -0.186957
0.0264285 -0.173395 0.179683
-0.382547 -0.149787 0.199656
0.237361 -0.235622 0.0839245
-0.949662 0.0967826 -0.23108
-0.222288 -0.250376 0.00378741
-0.192909 0.167285 -0.186133
-0.232426 0.196197 0.153518
-0.938095 0.237133 0.076906
-0.648489 -0.235055 -0.0870801
-0.241892 0.245098 0.0459997
-0.999799 0.206506 0.00699593
0.78198 0.200759 -0.149119
-0.291893 -0.195976 0.154936
-0.62412 0.249517 -0.00108299
-0.308376 0.242498 -0.059621
0.955392 -0.221097 0.116669
0.999942 -0.028633 -0.11072
0.999942 0.141848 -0.130755
-0.220597 -0.230906 0.09602
0.748409 0.131678 -0.212992
-0.392927 -0.248154 0.0327621
-0.420155 0.242788 -0.0584109
-0.109802 0.110098 -0.224993
-0.0328854 0.228491 0.0995503
0.950647 -0.18902 0.16329
-0.583573 0.227857 -0.102581
-0.507661 -0.122052 -0.219195
0.660767 -0.0276385 -0.249283
-0.682654 -0.217805 0.122653
0.999942 0.170413 0.0607336
-0.496516 0.138009 -0.208917
-0.299675 0.211536 0.131662
-0.9967 0.0388055 -0.230227
-0.681546 -0.0104936 0.248967
0.20903 0.179644 -0.174148
0.739964 -0.247719 -0.0374308
-0.594117 0.136278 0.20846
-0.471428 -0.193703 0.157748
-0.694871 0.213521 -0.130028
0.0569952 0.00806702 0.249024
-0.80286 -0.15962 -0.193539
-0.420108 0.245125 0.0458537
0.999942 -0.212738 0.085536
0.35825 -0.142399 -0.206552
0.274787 -0.142449 -0.206517
-0.330877 0.233642 0.0868649
0.289625 0.248425 0.0225429
0.372648 -0.219429 0.11975
-0.999799 0.020145 0.115332
-0.0522301 -0.0448111 0.245201
0.609954 -0.151018 0.198733
-0.490662 0.209943 -0.135776
-0.207704 -0.158099 0.193187
-0.744775 0.177703 0.174545
0.380783 0.181551 0.170547
0.190734 0.0424818 -0.247052
-0.554296 0.248944 -0.0177184
0.849625 0.149877 -0.200513
0.35202 0.1109 -0.224595
0.355419 0.00735088 -0.250645
-0.425511 0.0906919 -0.233558
0.916865 0.195743 0.154095
0.999942 0.0360765 0.0386681
0.466237 0.131985 0.211203
-0.277989 -0.16004 0.191594
-0.592615 0.188925 -0.163958
-0.523905 0.180276 -0.17349
0.999942 0.0775348 -0.0543617
-0.39486 0.224555 -0.109686
0.877274 -0.147318 -0.20307
0.697423 -0.162072 -0.191487
0.770083 0.0605927 0.241601
0.723607 -0.208593 0.137622
0.690256 0.194397 -0.157382
-0.882516 0.238312 -0.0748006
-0.999799 -0.0816045 0.0792478
0.225147 0.0952858 0.230109
0.799598 0.0552951 -0.244471
-0.703386 -0.164581 -0.189332
0.968011 0.207496 0.131022
-0.868415 -0.00559813 0.249116
0.331236 0.120393 0.218018
-0.999799 -0.129237 0.00922349
-0.999799 -0.137036 0.15989
-0.382662 0.231541 0.0922825
0.243576 -0.177165 -0.177591
-0.423901 0.134571 0.209565
-0.999799 -0.0275391 0.0432449
0.0286651 0.180135 0.172039
-0.0998042 0.0607074 0.241572
-0.188867 -0.0796506 -0.237888
0.643423 -0.195374 -0.157287
0.312311 -0.0443195 0.245289
0.999942 -0.0884394 -0.193089
-0.773042 0.123919 0.216033
0.66756 0.0236743 0.248002
-0.599078 -0.154207 -0.197884
0.409491 -0.115139 -0.222903
0.999942 0.14332 0.159007
0.948409 0.243868 0.0520454
0.947856 -0.228457 -0.103251
-0.999799 -0.22272 -0.00781346
-0.933685 0.0465832 0.244704
0.398406 0.0544648 0.243062
0.912966 0.0885717 -0.234377
0.609683 0.18661 -0.166607
0.792697 -0.11151 -0.22474
-0.228853 0.225413 -0.107895
-0.391015 0.249386 -0.00890904
-0.908194 -0.0242663 -0.249629
-0.693585 0.0811574 -0.23707
0.999942 0.171271 -0.0504401
0.282461 -0.250402 -0.00362799
0.493054 0.0518762 0.243631
0.873354 0.212912 0.129433
0.166615 0.0909551 -0.233455
0.882579 0.0693915 0.239214
0.414577 -0.0404681 0.245945
0.644337 -0.22248 0.114034
-0.053 -0.110755 0.223515
0.255218 -0.228579 -0.102981
-0.0993151 0.135357 0.209059
-0.988063 -0.0273465 0.234459
0.133633 -0.106745 -0.22704
-0.419323 0.170004 -0.183636
0.84284 -0.105125 0.226197
0.285336 0.224486 -0.109828
0.718458 -0.0553378 0.243068
-0.256075 -0.113015 -0.223987
0.0814767 -0.0908816 0.232237
-0.265159 0.139525 0.206302
0.563133 -0.234027 -0.0898258
-0.773046 -0.141113 0.205835
-0.0714657 -0.247179 0.0393096
-0.999799 -0.176883 -0.0326229
0.889689 0.237796 0.0748495
-0.622648 0.0607146 -0.243168
-0.375048 -0.237069 0.0797948
0.358509 -0.0425515 -0.247195
-0.629809 -0.0419642 0.245697
0.330367 0.186224 -0.167042
0.61762 -0.238699 -0.0764384
0.440097 0.189556 0.161625
0.721641 0.0946494 0.230372
-0.24404 -0.157703 -0.195106
0.537411 -0.139024 -0.20884
-0.332376 0.0605314 -0.243214
0.701929 0.0579459 -0.24385
0.676398 0.23743 0.0759913
0.999942 -0.0147774 0.204203
-0.680921 0.106618 0.225078
-0.173449 0.113426 -0.223321
-0.96156 -0.179308 -0.174249
-0.632646 -0.200069 0.149654
0.841861 -0.214352 -0.130142
-0.358129 0.0127271 -0.250419
0.115085 -0.248074 -0.0349488
0.405607 -0.0690327 -0.241174
0.804666 -0.231515 -0.0961554
-0.355251 -0.0487659 -0.246053
0.491691 -0.115228 -0.222857
-0.854412 -0.0874223 0.233551
0.629586 -0.249356 -0.0238158
-0.263753 -0.00983691 -0.25059
0.486765 0.0352102 -0.24821
0.763104 -0.177753 -0.177001
0.450804 -0.0403442 -0.247562
0.787499 -0.238207 0.0763712
0.495803 -0.0667231 -0.241821
0.0477652 -0.12978 -0.214709
-0.967596 0.236785 -0.0671299
0.721356 0.239507 -0.0708302
0.642887 0.149639 0.199094
0.698709 0.152672 -0.198378
-0.169892 -0.209946 -0.137163
0.999942 -0.0370238 -0.191807
-0.201911 -0.0196342 -0.250029
-0.377829 -0.191285 -0.162248
0.182035 -0.0231905 -0.24973
0.466767 -0.191086 0.160885
-0.999799 0.0450204 -0.178589
0.656552 0.0794751 -0.237644
0.714369 -0.00170367 0.249166
0.927724 0.00483952 0.249113
-0.607785 -0.117392 0.220127
-0.536211 -0.155601 -0.196788
0.104286 -0.134341 0.210287
-0.782705 -0.202177 0.146815
0.211555 -0.250089 -0.0136174
0.933223 -0.0536225 -0.245046
-0.104722 0.204658 0.14208
-0.27325 0.134895 -0.210955
0.166067 -0.134863 0.209955
0.905566 0.0195838 -0.249962
-0.146084 -0.0963439 0.230043
-0.468933 0.241109 -0.0650887
0.0638384 -0.242838 0.0602889
0.999942 -0.119489 -0.138207
0.591926 0.0864233 0.233587
-0.581606 -0.0750546 -0.239374
-0.836258 0.0306368 0.247228
0.999942 0.0266179 -0.0257874
0.356932 -0.226796 -0.106871
0.221225 0.234936 -0.0849252
0.448974 -0.13927 -0.208676
0.258589 0.249137 -0.0145953
0.894736 0.1775 -0.176348
0.776881 0.155748 0.194358
-0.896617 -0.138452 -0.20922
-0.59249 0.208396 0.136558
0.524942 -0.187416 -0.166713
-0.75934 0.201765 -0.147744
0.448627 -0.17801 -0.176743
-0.716533 0.012137 -0.250449
0.263276 -0.0270529 -0.249347
0.734545 0.207626 -0.13932
0.976413 0.0660034 0.232199
-0.95875 0.171796 -0.181948
0.808512 -0.0123985 0.248883
0.999942 0.19883 0.0168736
-0.00334282 0.120306 -0.219664
-0.308162 0.201638 -0.147919
-0.999799 -0.0858892 -0.152516
0.999942 0.0402943 0.133627
0.414515 -0.161536 0.190343
0.607772 0.207604 0.137756
0.999942 0.115089 -0.0248432
0.236383 -0.0260498 0.247854
0.108567 0.24405 -0.0527956
-0.739781 -0.100153 -0.230022
0.707775 -0.233758 -0.0905282
0.999942 -0.177348 -0.0601088
0.317884 -0.120829 -0.219871
0.179685 -0.117691 -0.221566
0.229783 0.23741 0.076055
-0.448816 0.127996 -0.215241
-0.778982 -0.234335 0.0874144
-0.872386 0.129191 -0.214521
-0.364096 0.163955 -0.189093
-0.134911 -0.239261 0.0730478
-0.584207 -0.245041 -0.0523663
-0.309652 -0.129759 0.213124
-0.088408 -0.0286464 -0.249171
-0.878702 -0.226887 0.105079
-0.0087091 -0.243111 0.0591968
-0.999799 -0.179975 0.101823
-0.357057 -0.115539 0.221098
0.594442 -0.207491 0.139264
0.87457 0.143792 0.203353
-0.73332 -0.223669 -0.113302
0.999942 0.109498 0.0297444
-0.942302 -0.110712 0.223536
-0.243936 0.17042 -0.183247
-0.881458 -0.249587 0.0195669
-0.0961651 -0.218007 -0.123896
0.746272 -0.0872861 -0.235199
-0.182927 0.0139702 0.248752
0.726649 0.136227 0.208493
-0.0579495 -0.21496 0.127533
0.854913 -0.248325 -0.0330731
0.98878 -0.205684 -0.118367
-0.429321 0.200688 -0.149215
0.593096 0.130036 -0.214006
0.743935 -0.0295802 -0.249063
0.579401 0.0419794 0.245541
-0.932752 -0.185641 0.167095
0.810968 0.0836819 0.234585
0.525932 0.242907 0.0563069
0.381192 -0.249752 -0.0190344
0.00978792 -0.117268 0.220193
-0.723259 0.248682 0.0196282
-0.301713 -0.244844 -0.0532915
-0.0351711 -0.0702263 -0.24083
-0.68472 0.223917 0.109398
0.859809 -0.222375 0.114236
0.367602 0.227771 0.101177
-0.69981 0.16506 0.186525
-0.2917 -0.181002 -0.173671
-0.377312 -0.0759419 0.237497
0.322261 -0.0723452 -0.240204
-0.78099 -0.250396 0.00246564
-0.620074 0.0534727 0.243283
-0.114122 -0.0422206 0.245654
0.604227 0.171476 0.180654
-0.14032 0.170468 0.181604
-0.999799 0.107216 -0.145732
0.374493 0.229087 -0.0997768
0.295728 0.188904 0.162385
-0.0445751 -0.244866 -0.0531901
0.499745 0.100892 0.227704
-0.297634 -0.238181 0.076453
0.0313679 0.0394377 -0.247563
-0.999799 -0.042798 -0.171148
-0.786231 -0.195751 -0.156815
0.0382291 -0.230586 -0.0983761
0.218078 0.131005 -0.21341
0.361994 0.248539 0.0213025
0.690684 -0.24465 0.0525874
0.616183 0.0397387 -0.247515
-0.246686 -0.234275 -0.0891712
-0.851865 -0.244105 0.0550242
-0.975893 0.241112 -0.0217021
-0.929175 -0.206315 -0.142586
0.461909 -0.0223237 0.24821
-0.760912 0.234489 0.0845679
0.180733 0.213058 -0.130792
0.368878 0.143416 0.203618
-0.174538 0.0983309 0.228823
-0.999799 -0.221775 0.040236
-0.64028 0.23349 -0.088867
0.239995 0.0461815 -0.246378
-0.537123 -0.07745 0.237014
-0.371709 0.101313 -0.229115
-0.999799 -0.0870213 -0.0806474
0.562413 0.155228 0.194772
0.988262 0.179199 -0.155018
-0.671865 -0.188787 -0.165155
-0.999799 0.159527 -0.0574617
-0.495059 0.000546409 0.249167
0.969223 -0.104375 -0.223374
-0.780463 0.241442 -0.0638211
0.614894 -0.0213596 -0.24989
-0.654869 0.245768 -0.0439348
-0.961813 -0.228311 -0.101276
0.450243 0.00615031 -0.250679
0.698852 -0.00222309 -0.25076
0.528994 0.187268 -0.165861
0.634233 -0.240426 0.0691694
-0.694238 -0.15198 0.198003
0.187237 0.249113 0.0134184
0.995477 -0.175677 -0.154976
0.0996899 -0.13863 -0.209102
-0.399108 -0.12011 -0.220265
0.65179 0.227345 -0.103722
0.676372 -0.0768106 0.23722
0.120389 0.054672 -0.244613
-0.642865 -0.165611 0.186833
0.533536 0.00871778 -0.250598
-0.848245 -0.130913 0.212422
0.748185 -0.215739 -0.12782
-0.675659 -0.248289 0.03175
0.0653139 0.106614 -0.226677
-0.12388 0.097136 0.229333
-0.0338718 -0.129824 -0.214683
0.0661463 -0.0599789 -0.243575
-0.989053 -0.0451421 -0.232863
-0.125273 -0.162747 0.189316
0.639832 0.1035 0.22653
-0.999799 -0.159988 -0.1385
0.629275 -0.0116258 0.248919
0.965907 0.229097 0.09091
-0.999799 0.104124 -0.0623408
0.684879 0.162591 0.188678
-0.671173 0.191274 -0.161191
0.118237 -0.197623 0.152846
-0.514565 -0.23089 0.0960577
0.14283 -0.238335 0.0759773
0.771461 0.0145404 0.248719
-0.453695 -0.116874 0.220401
0.999942 0.0244515 -0.121238
0.579551 -0.24355 0.0573928
-0.0722749 0.243621 -0.0547722
-0.866765 -0.165082 -0.188895
-0.948739 -0.241198 0.0664649
0.708053 -0.141827 0.205348
-0.887744 -0.241575 -0.0666974
0.450773 -0.108908 0.224413
-0.193731 -0.206825 0.140244
-0.514441 0.22901 -0.0999557
-0.033691 0.00651193 0.249072
-0.999799 -0.0892384 -0.015736
0.393125 0.0313553 -0.248735
-0.999799 -0.0429762 -0.00486978
0.979382 0.22444 -0.0871674
0.152802 0.200834 0.147419
0.790561 0.217567 0.121481
0.999942 -0.201902 0.0419563
-0.999799 0.0656257 0.0975515
-0.999799 0.189446 -0.0914881
-0.21168 -0.0226058 0.248185
0.985944 -0.162763 0.173054
-0.458526 -0.249507 0.020515
-0.852186 0.195941 -0.155441
0.0288161 0.216511 -0.124942
-0.999799 -0.0169843 0.139879
-0.826 0.220795 0.115539
0.999942 -0.160609 0.101381
-0.563512 0.241321 -0.064287
0.0300573 -0.204315 0.143849
0.037269 -0.0852993 0.234327
-0.974294 0.133128 -0.204043
0.0881433 0.175579 0.176677
-0.274788 -0.0924927 0.231606
-0.170944 -0.250145 0.0108681
-0.444091 -0.148459 -0.202237
-0.718063 -0.0847735 0.234517
0.244644 -0.134754 0.210024
-0.687917 0.162456 -0.190392
0.576384 -0.0697451 -0.24097
0.909719 0.165384 0.186238
0.682238 -0.18808 0.164364
0.240077 0.136418 0.208368
0.999942 -0.048035 -0.0111085
-0.426611 -0.189089 -0.164808
-0.674161 -0.246698 -0.043763
0.113818 0.143006 0.203906
0.0086118 0.235594 0.081464
0.681466 0.0776512 0.236654
0.873182 -0.141787 0.205375
-0.812303 -0.24808 -0.0349077
0.647773 0.201355 -0.148307
0.0717859 -0.164079 0.188171
-0.706105 0.246086 -0.0420781
-0.0217433 0.18531 0.166465
0.120951 -0.179895 -0.174819
-0.735613 -0.237243 0.0792808
0.862682 0.00936027 -0.250574
0.978241 -0.239224 -0.0365611
0.535273 -0.244678 -0.0540562
0.636503 0.249189 -0.0136081
-0.760819 -0.100747 0.228165
-0.804696 -0.244485 0.0533371
0.814908 -0.224967 0.109092
-0.799415 0.227006 -0.10447
-0.0580604 0.148052 0.200275
0.419081 0.11624 0.220261
0.926606 -0.248184 0.0325434
0.640398 -0.10455 -0.228059
0.696245 0.194737 0.15536
-0.0979154 -0.16878 -0.185593
0.503204 0.216395 0.123548
0.959373 -0.147939 -0.202617
-0.999799 0.0129118 -0.0436019
0.404962 -0.191779 -0.161662
0.537873 0.0265646 0.247705
-0.844926 -0.0912818 -0.233679
0.866882 -0.179814 0.173305
-0.212233 -0.242423 -0.0635115
0.177704 -0.213685 -0.131239
-0.658553 0.199209 0.149601
-0.46293 0.247399 0.0316789
0.291099 0.147497 0.200684
-0.285855 -0.20911 -0.138439
0.229535 -0.102416 -0.229024
-0.604893 -0.239849 0.0711164
-0.0404074 -0.181461 0.171592
0.502832 -0.239009 0.073855
0.494544 0.217898 -0.122486
-0.291433 0.0189349 0.248416
-0.521498 -0.188729 -0.165222
0.0170105 0.187121 -0.166029
0.999942 0.0624465 0.0963414
-0.859553 -0.248889 -0.0284052
-0.795657 -0.2382 -0.0779928
-0.40306 0.0185596 -0.250043
0.0117188 0.000594408 -0.250764
-0.0328572 0.183524 -0.170025
0.448994 0.0442918 0.245132
-0.877214 -0.197078 -0.15514
-0.721205 -0.0302079 0.247391
-0.504174 -0.00395445 -0.250742
0.0701932 -0.219012 0.120504
-0.494743 -0.0654599 0.240567
0.487992 0.162539 0.188722
0.999942 -0.109264 0.187126
-0.718576 -0.247662 0.0362166
0.134104 0.0659827 0.240179
0.382566 0.249018 -0.0165917
-0.0241662 0.0802947 -0.237366
-0.999799 -0.0707081 0.17806
-0.365865 0.0126817 0.248824
-0.483103 0.248325 -0.0251837
-0.986711 0.0752836 0.224219
0.323871 0.00304819 0.249144
-0.440678 -0.0151931 -0.250331
0.0331268 0.249516 -3.76401e-05
-0.449551 -0.224256 -0.11213
0.0316185 0.122418 0.216887
0.960911 0.137658 0.207012
0.166223 0.178723 -0.1751
0.450843 0.241952 0.0602359
0.612958 0.235083 -0.0845135
-0.784872 0.122603 -0.218381
-0.845005 0.246915 0.0351752
0.549894 -0.210793 0.134256
-0.882715 0.181973 0.170097
-0.600563 -0.250416 -0.00178179
0.624759 0.242765 0.0569098
0.215129 0.16556 0.186082
0.312691 0.0854877 0.233932
0.753105 -0.0809712 0.235845
0.549217 0.109213 0.223829
-0.685922 -0.132361 -0.213127
0.326449 -0.158122 0.193169
0.600856 -0.195233 -0.157462
0.135376 -0.250086 0.0120644
-0.0578889 0.0283787 -0.249098
0.999942 -0.109931 -0.0266529
-0.999799 0.170584 -0.0155367
-0.737233 0.220184 0.116694
0.580149 0.225892 0.105281
-0.251437 0.099145 -0.230069
0.999942 -0.0273066 0.0949638
0.530937 0.176315 0.175943
0.0993206 0.232125 0.0908125
-0.837262 0.166429 0.185307
0.57017 0.197461 -0.153491
-0.852836 0.0794868 0.236043
0.199167 -0.244403 -0.055305
-0.999799 0.0478355 -0.00680763
0.4875 0.24925 -0.0123543
-0.922255 -0.248477 0.0302875
0.92758 -0.132349 0.211537
0.369069 0.19841 -0.152253
-0.556067 -0.219207 0.120152
0.833234 0.203732 0.1434
0.462523 0.137419 -0.209308
-0.820356 -0.215055 -0.128972
-0.759902 0.174312 -0.179522
-0.454042 -0.0722072 -0.240245
-0.999799 0.0155006 0.1922
-0.323828 0.148483 0.199956
0.909067 -0.197653 -0.154405
-0.415432 -0.0394887 0.246101
0.0990385 0.21048 -0.134934
-0.802274 0.192911 0.157617
0.999942 -0.115127 0.0405409
-0.799615 -0.125267 -0.217374
0.135412 0.137443 -0.209292
-0.215225 -0.208913 -0.138737
-0.644416 0.1372 0.207855
0.0403743 -0.0914674 -0.233607
0.175389 -0.0847217 0.234535
-0.100358 0.146956 -0.202678
0.421576 -0.243951 -0.0572901
-0.583118 0.0332759 0.246883
0.360117 -0.174652 -0.180068
0.318759 0.066739 -0.241567
-0.0186196 -0.249668 0.0185487
0.762528 0.249501 -0.00366555
0.0631971 0.0501303 0.243998
0.449214 0.249426 0.00598128
-0.618798 0.18894 0.162343
0.999942 0.126469 0.113684
0.145935 0.248401 0.0228039
-0.31837 0.0788504 0.236257
-0.146137 0.237055 0.0771449
0.999942 -0.00580645 0.0507919
-0.663674 -0.0628038 -0.242865
0.999942 -0.0814519 0.154435
-0.878619 0.238073 0.0739706
0.434404 -0.217997 0.122316
0.866321 -0.246516 0.0431955
-0.999799 0.161928 -0.131687
-0.0066607 -0.229173 0.100046
-0.424222 -0.148246 0.200795
0.537504 -0.0214238 0.248287
-0.943768 -0.250039 -0.0145431
-0.566864 -0.211347 -0.134986
0.173826 0.163969 0.187483
-0.0357916 0.249419 0.00621196
-0.388302 -0.248516 -0.0315748
-0.118548 0.175379 -0.178472
-0.631218 -0.0819852 0.235497
0.402983 0.0720491 -0.240022
0.836418 0.0755928 -0.238919
-0.0933297 -0.239098 0.073572
0.105553 0.24948 0.00354201
-0.965751 -0.212679 0.125944
0.639992 -0.0544567 0.243265
-0.259029 0.215165 0.125668
0.140768 0.224117 -0.110586
0.261481 0.12361 -0.217808
0.497713 -0.0424454 0.245616
0.577086 0.0560243 -0.244303
0.0651904 0.247354 0.0320212
0.251025 -0.183273 0.16967
0.00125282 -0.220106 -0.120109
0.999942 0.206442 0.094718
-0.807072 -0.0502694 -0.245752
-0.0152541 -0.249468 -0.0225702
-0.124499 -0.206138 0.141244
-0.835391 0.0105216 -0.250526
0.0414092 -0.186716 -0.167498
-0.187731 0.0480658 -0.246013
0.226598 -0.0650573 0.240675
-0.713379 -0.0562899 -0.24445
-0.491414 -0.0880516 -0.234914
0.546793 -0.250398 -0.00396637
0.400055 0.181216 -0.1725
-0.982793 -0.11929 -0.208443
0.805502 -0.0546017 0.243233
0.599012 -0.153801 -0.1982
-0.654697 0.0968207 -0.231064
-0.0946884 -0.250411 0.00095433
-0.64805 -0.239436 0.0724785
-0.741219 -0.250365 -0.00593953
0.999942 -0.0683017 -0.0968158
0.15241 0.130246 0.212279
-0.326098 -0.121697 -0.219392
-0.78937 0.0767602 -0.238543
-0.441023 0.163963 0.187489
-0.68655 0.245934 0.041374
0.480262 -0.246142 -0.0468359
-0.725955 0.237172 -0.0783841
-0.546754 -0.187476 0.165048
0.441853 0.0911778 -0.233367
0.777117 -0.00357191 -0.250747
0.106854 -0.00382008 -0.250744
-0.506237 -0.234202 -0.089363
-0.753357 -0.237739 -0.0793976
-0.769809 -0.0204298 0.248369
0.299004 0.246586 -0.0389663
0.664458 -0.0736168 -0.239819
-0.498925 -0.245664 -0.0493143
0.291222 -0.103686 0.226855
0.0857187 -0.228496 -0.103165
-0.777146 0.249515 0.000302104
0.999942 0.105834 -0.112627
-0.427583 0.233982 0.0859491
-0.111715 0.0566658 -0.244154
0.999942 -0.139076 -0.0734461
-0.551896 -0.229932 -0.0999047
-0.149133 -0.243069 -0.0609633
0.0666223 0.241914 -0.061984
0.202014 -0.213325 0.130228
-0.999799 -0.110139 0.0496645
0.955219 0.102103 0.227163
0.283881 -0.240535 -0.0703897
0.136868 0.23815 0.0737262
-0.358424 -0.250316 0.00631268
-0.795658 -0.065243 0.240625
-0.977643 0.137281 0.197757
-0.266358 0.102309 0.22707
-0.407026 0.0833456 0.234705
-0.9925 0.190006 0.13639
-0.720854 -0.202596 0.146241
0.476246 -0.250328 0.00588374
0.668251 -0.114289 0.221742
0.275687 -0.227545 0.103661
-0.616603 0.142704 -0.205715
0.286635 0.22326 0.110725
0.999942 0.0764087 0.18276
0.667725 -0.250172 -0.0118721
0.0859041 0.11752 0.21958
0.319536 -0.205381 -0.143931
-0.0629792 0.200229 -0.149835
-0.516551 0.0766818 -0.238569
0.473614 -0.223741 -0.113161
0.820394 -0.18564 -0.168693
0.257874 0.0806288 -0.237252
0.566448 -0.0888243 0.233025
-0.999799 -0.0637875 0.21731
-0.179547 0.248925 -0.0179938
0.354514 0.24552 -0.0453233
-0.122146 -0.125458 0.215666
-0.660553 -0.250372 -0.00558541
-0.554935 0.0239077 -0.249577
-0.757283 -0.0664674 -0.241891
0.17617 -0.168933 0.183856
-0.0297106 -0.166345 -0.187781
-0.436253 -0.245229 -0.0514659
-0.264651 -0.0257971 0.24788
0.681879 -0.189161 -0.164725
0.413802 0.231 -0.0952158
0.0902686 -0.233951 0.0884249
-0.90443 0.249509 -0.00280932
-0.718514 0.110793 -0.224649
-0.999799 0.0733193 -0.0871341
-0.758685 0.0407385 0.245752
-0.442818 -0.209851 0.135712
-0.211503 0.239116 0.0705595
-0.999799 -0.143677 0.120956
-0.40323 -0.000470854 0.249169
0.993766 -0.0447437 0.229172
-0.999799 0.116059 0.037967
0.675167 0.249474 -0.00546054
0.18438 -0.1561 -0.196392
-0.927545 0.211131 0.132307
0.368315 -0.0893871 0.232812
-0.999799 -0.190164 0.063702
0.805799 0.123422 0.216317
-0.337479 0.184573 -0.168877
-0.2458 0.0587898 -0.243645
0.735181 -0.228165 0.102302
0.405647 -0.232937 -0.0926335
0.7395 0.227405 -0.103588
0.0917954 -0.0100162 0.248986
-0.37057 0.191439 0.159396
0.352842 0.19925 0.149546
-0.999799 -0.208659 -0.0973628
-0.53525 0.142762 -0.205675
0.437177 -0.249811 0.0166079
0.700833 -0.247587 -0.0383101
-0.913517 -0.086331 0.233953
0.234856 0.191237 0.159638
0.999942 -0.0323327 -0.149696
-0.999799 -0.0344829 -0.0869823
0.612729 0.158633 -0.193611
0.210184 -0.243703 0.0567473
0.360835 0.068468 0.23948
0.443687 0.212409 0.130254
-0.966184 0.0625579 -0.239619
-0.00150803 0.227757 -0.102805
0.988858 0.179979 0.152077
0.941553 0.249179 0.0122095
-0.723746 0.050022 -0.245618
-0.902038 0.0138469 0.24876
0.600114 -0.114142 0.221817
0.538464 0.244599 -0.0501401
0.807412 -0.247328 0.0383802
0.679549 -0.213647 0.129704
0.999942 0.0723996 -0.0929708
0.764361 0.232048 0.0910068
-0.9082 -0.161962 0.189983
0.148315 0.24287 -0.0580614
-0.336223 -0.0542169 0.243318
0.563947 0.249113 0.0134115
-0.589859 -0.0333022 -0.248598
-0.274955 -0.0480525 -0.246192
-0.901528 0.0513159 -0.245348
0.84387 0.060848 0.241536
-0.650604 0.00125775 -0.250761
0.999942 -0.0704685 -0.0431905
0.0654134 0.223926 -0.110977
0.50221 0.234025 0.0858343
0.245762 0.187794 -0.165261
-0.316617 -0.0483809 -0.246128
-0.575977 0.0982242 -0.230466
0.972916 -0.242655 0.0280765
0.113717 0.202267 0.145454
-0.33477 -0.239881 -0.0726099
-0.121375 0.219684 -0.119225
0.999942 0.0724782 0.0513895
-0.157081 0.177524 -0.176324
0.0976291 0.0778687 0.236583
-0.0569337 -0.100391 -0.229918
0.156948 -0.242218 -0.0642962
0.611246 0.245153 -0.0473047
-0.71933 0.0485105 0.244327
0.433973 0.193653 -0.158304
-0.177714 0.154762 0.195142
-0.351973 0.126658 0.214439
-0.605057 -0.182275 -0.172331
0.53805 0.207889 0.137327
-0.803968 0.246165 0.0400063
0.695905 0.24668 0.0367603
0.868216 -0.0769667 0.23717
0.999942 0.0459697 -0.166769
-0.99759 0.207977 0.101883
0.892737 0.226624 -0.105303
0.921002 0.195948 -0.155433
-0.330119 -0.197079 0.153541
0.96299 -0.175941 -0.176809
0.53273 -0.189159 0.16313
-0.999799 0.139276 0.140236
-0.834078 0.219874 -0.118871
-0.541898 -0.249388 -0.0234611
-0.839338 0.146023 -0.203356
0.532455 0.231245 -0.0946126
-0.389536 0.120333 0.218051
0.999942 -0.195727 -0.0259485
0.841993 0.00736813 0.249046
-0.193089 0.23073 -0.0958752
-0.321346 -0.219328 -0.121531
-0.141197 0.198209 0.150919
-0.434052 0.0573314 0.242399
0.978456 0.0813865 -0.227837
0.889846 -0.237224 -0.0809367
-0.762977 -0.169073 -0.185325
-0.0785994 0.247298 0.0324401
-3.68909e-05 0.241331 -0.0642457
0.650139 -0.231512 -0.0961616
-0.943793 0.209376 -0.136655
0.614491 0.0276353 0.247586
0.513747 -0.214241 -0.130325
-0.166881 -0.131847 -0.213445
0.681018 0.236424 -0.0806406
-0.999799 0.090536 -0.0243929
0.318871 0.232072 0.0909458
0.799207 -0.125784 0.215477
-0.999799 -0.153103 0.0472504
0.0867721 -0.193227 -0.159924
-0.591961 0.248676 -0.0212979
-0.147794 0.246232 -0.041195
-0.617666 0.160143 0.190757
0.917991 -0.22883 0.100821
0.217501 -0.227873 -0.104541
0.384273 -0.243018 0.0595707
0.901805 0.249302 -0.0111654
0.397036 0.143667 -0.205039
-0.591299 -0.247571 0.0368159
-0.30073 -0.247073 0.0399529
-0.0788407 -0.248015 -0.0353698
0.556961 -0.155528 0.195248
-0.413181 -0.234586 0.0867468
-0.540285 0.00212682 0.249155
-0.665907 0.0236771 0.248002
0.759065 0.187663 0.163814
-0.805492 0.246976 -0.0363571
-0.495239 0.244192 0.0505252
-0.596381 0.211119 -0.133924
0.28954 -0.0535145 -0.245069
-0.454503 0.0641847 -0.242265
0.145104 -0.029601 -0.249061
0.0782591 0.173143 -0.180658
0.339087 -0.239571 -0.0736355
-0.206573 -0.0645562 0.240809
-0.999799 0.0303403 0.0267874
-0.0462815 -0.233711 -0.0906504
0.0315965 0.134248 -0.21137
-0.861007 0.0598896 -0.243374
-0.543678 0.100865 0.227716
0.579232 0.225648 -0.107399
0.620011 0.248659 0.0198977
0.835113 0.0384134 -0.247727
-0.199579 0.126879 0.214308
-0.797757 0.232418 0.0900661
0.892024 -0.247807 -0.0368285
0.916079 0.0872799 0.233268
0.957163 0.242025 -0.0615401
0.500126 0.0738914 -0.239456
-0.913833 0.109296 -0.225387
0.202561 0.000159158 0.249168
0.841649 -0.0230208 -0.249745
0.0415421 0.215392 0.12528
-0.0332732 0.122355 0.216923
0.936384 -0.0891478 -0.234501
-0.041007 0.221603 -0.115587
-0.337922 -0.237315 0.0790687
-0.69039 -0.111068 0.22336
-0.2215 -0.0961759 -0.231711
-0.542477 -0.245455 0.0487642
0.886257 -0.116796 -0.222039
-0.334907 0.0956025 -0.231575
-0.608614 0.244116 0.0508864
0.0962445 0.127392 -0.215602
-0.81291 -0.141993 0.205234
-0.612121 -0.238445 -0.0772334
-0.506183 -0.185452 0.167303
0.023475 0.152686 0.196769
-0.931683 -0.0428876 0.24554
0.999942 0.199163 -0.0224498
-0.626644 -0.222051 -0.116456
-0.179796 0.211094 0.132366
-0.999799 0.0277854 -0.117471
-0.999799 -0.122795 -0.151233
-0.975664 -0.240904 -0.0327855
-0.0993431 -0.106288 -0.227254
-0.910846 0.16307 0.188265
0.84077 -0.163686 -0.190107
0.942439 -0.160243 0.191425
-0.478315 -0.0321644 0.247149
-0.987281 0.00407039 -0.237911
-0.960451 0.195819 0.153511
-0.905161 0.13092 0.211864
0.800756 -0.205457 0.142226
-0.122584 -0.0774895 -0.238599
0.940168 0.14283 -0.205627
0.713836 0.220345 0.116391
0.999942 0.0851112 -0.169519
0.606971 -0.182101 0.170918
-0.335001 0.234702 -0.085577
-0.957599 -0.10161 -0.229382
0.419375 0.249093 -0.0153597
0.567248 0.0897991 -0.233906
-0.50735 0.155915 0.194224
-0.456604 0.210097 0.133936
0.911541 -0.191778 0.160066
0.886953 0.111735 0.222581
0.991947 -0.0231812 -0.234743
-0.981633 -0.138654 0.195156
0.383683 0.244197 0.0504998
0.295151 -0.248334 0.0314122
0.244589 0.010158 0.248944
-0.56696 -0.0432712 0.245474
0.710284 -0.216419 -0.126661
0.732152 -0.248456 0.030457
0.420255 -0.131125 0.212293
-0.11099 0.248246 -0.0259811
0.285871 0.172404 -0.181368
-0.0341559 0.0799013 0.235902
0.272408 -0.037938 0.246342
0.81843 -0.178274 0.174879
-0.712922 -0.205297 -0.144053
0.146751 -0.22307 -0.114483
-0.254259 -0.218523 -0.122979
0.999942 -0.00769531 -0.0792273
-0.288028 -0.0567408 0.242748
0.436756 0.240392 -0.0677236
-0.119219 0.0282653 0.247514
-0.6109 -0.181103 0.171968
0.160207 -0.022374 0.248205
-0.0987502 0.203895 -0.144767
0.380111 -0.173672 0.179418
0.880485 -0.0242158 0.248036
-0.970376 0.237714 0.0568299
-0.861462 0.215932 0.124351
-0.912113 0.0764216 0.237055
-0.330829 0.0011581 0.249164
0.247343 -0.249712 -0.0195654
0.530477 -0.0969859 0.229776
-0.0428976 0.247326 -0.0338246
0.42449 -0.244888 0.0514897
0.757197 -0.200754 0.14874
0.999942 -0.116746 -0.102091
-0.261066 -0.250183 0.010031
-0.980335 0.219118 -0.0986721
0.643543 0.21064 0.133084
-0.966652 0.0186187 0.245237
0.523251 -0.132769 0.211276
-0.682385 0.138071 0.207277
0.0387475 0.246518 -0.0394067
0.0274953 -0.243036 0.0594971
-0.999799 -0.00147166 0.0687383
0.999942 -0.145655 0.0165122
0.0208091 -0.0506421 0.244078
-0.00930488 0.247388 0.031762
0.314508 0.0162825 -0.250206
0.0427017 0.168912 -0.184647
0.0237326 0.0804792 0.235705
-0.521489 -0.24996 0.0143236
0.830268 0.17946 0.172741
-0.542902 0.247679 0.0294647
-0.304946 -0.216749 0.124495
-0.366859 0.0521094 0.243581
0.983541 -0.0929329 0.219545
-0.999799 0.0759836 0.0557878
-0.195362 -0.130541 0.212649
-0.466008 -0.248551 -0.0312905
-0.187784 -0.181136 0.171933
0.10685 -0.066818 0.240197
0.248152 -0.101476 0.227844
-0.237866 -0.0938391 0.231068
-0.589887 -0.224698 0.109639
-0.89094 -0.058322 -0.243975
0.867613 0.248475 0.0220053
-0.071963 -0.168062 0.184646
0.990597 0.0478939 -0.231463
0.999942 0.138491 0.0769345
0.208527 -0.192812 0.158827
0.999942 -0.076005 0.0812313
-0.276265 0.243069 0.0556133
-0.500898 -0.142543 0.204855
-0.999799 0.111825 -0.181155
0.913482 0.0544189 -0.24467
-0.0422426 0.158554 -0.193675
0.921019 0.216092 -0.125672
-0.121954 -0.00871332 -0.25063
0.326782 0.24801 0.0266088
0.819654 -0.0887899 -0.234636
-0.999799 -0.0213075 -0.0335436
-0.999799 -0.0547091 0.12584
0.816489 0.207588 -0.139377
0.419997 0.0816225 0.235311
-0.517523 -0.0398711 -0.247638
-0.243996 -0.212459 0.131625
0.0201906 -0.146134 0.202327
0.732822 -0.159975 -0.193245
-0.75313 0.148511 0.199936
-0.999799 0.0662853 0.192478
-0.419918 0.0564717 -0.244199
-0.920284 -0.107304 -0.226777
-0.999799 0.140054 0.070697
0.806709 -0.0289715 -0.249134
0.3503 -0.247442 -0.0392522
0.474908 0.173967 -0.179859
0.974787 0.141116 -0.198362
0.258959 0.0149624 -0.250291
0.150827 -0.216285 0.125292
-0.706509 0.0840172 0.234465
-0.792472 -0.220353 0.118056
0.999942 0.00494835 0.122823
-0.839424 -0.180129 0.172981
-0.477338 0.106956 0.224917
-0.819029 0.182667 -0.170952
-0.249754 0.24923 0.0111908
-0.999799 -0.109347 0.105519
0.200402 -0.142041 0.2052
-0.0889338 -0.198952 -0.152723
0.295112 0.0307873 0.247209
-0.888768 0.201168 -0.148563
-0.321294 0.0253961 -0.249427
0.28019 -0.177799 -0.176955
-0.740425 -0.152034 0.197962
-0.34849 -0.178043 -0.176709
0.773044 0.0323478 -0.248605
-0.0880401 0.234873 -0.0850999
0.635766 -0.126842 0.21486
-0.402975 -0.199379 0.150566
-0.392872 -0.228833 -0.102412
-0.762037 0.197852 0.151386
-0.561568 -0.164425 0.18787
-0.65295 0.232781 0.0891302
0.680399 0.24632 -0.0406525
-0.93247 -0.207377 0.139432
-0.564865 0.154494 0.195354
-0.153886 -0.179391 -0.175338
0.770879 -0.249619 -0.0207668
0.799827 0.180588 -0.173161
-0.245349 0.169554 0.182456
0.999942 0.0262555 -0.195878
-0.907567 0.217647 -0.122936
0.143494 -0.0649473 0.240705
-0.059718 -0.0780756 0.23681
-0.653891 0.248763 0.0186095
-0.711529 -0.227841 0.103013
-0.560418 0.198174 0.150965
-0.999799 0.17837 0.0690716
-0.105427 0.249285 0.00997867
-0.244341 0.248349 -0.0249447
0.497717 -0.0781509 0.236786
0.809932 0.246802 0.0359438
0.20864 -0.175028 -0.179702
-0.627929 0.192788 -0.159363
-0.723386 -0.247707 -0.0375091
-0.776613 0.0890864 0.232583
0.0273799 -0.241635 -0.066477
-0.428789 -0.0478132 -0.246238
0.508039 0.124956 -0.217033
0.581722 -0.0323 -0.248729
0.4252 -0.0730665 0.238389
-0.999799 -0.125369 -0.0801356
-0.483171 -0.219447 -0.121316
-0.663692 0.223148 -0.112547
-0.832141 -0.230324 -0.0989923
0.999942 0.0409329 0.214946
-0.999799 0.124736 0.105544
0.999942 -0.187014 0.00774209
-0.365329 -0.210589 -0.13617
0.253356 0.230133 -0.0973137
-0.435003 0.0217167 0.248184
-0.0761652 0.240168 0.0669271
-0.939308 -0.160322 -0.192957
0.970629 0.242844 -0.0295479
-0.0109698 -0.0440703 -0.246931
0.135685 -0.0693277 -0.24109
-0.506238 0.125712 0.214995
0.854225 0.209654 -0.136224
-0.558107 0.191629 -0.160766
-0.479418 -0.237496 0.0785299
0.358405 -0.248021 0.0337314
-0.292415 -0.114565 -0.223198
0.999942 0.110779 0.174434
-0.714782 0.142655 -0.20575
-0.999799 0.0747051 -0.160834
0.105825 0.189735 -0.163013
0.0739855 0.24076 0.064787
0.157607 0.0592106 -0.243542
-0.414614 -0.0767629 0.237235
-0.999799 0.0978881 -0.112531
0.966471 0.0210246 -0.246789
-0.921757 0.240673 -0.0667055
0.34503 0.142075 -0.206154
-0.391666 0.208107 0.136997
0.770649 -0.149911 -0.201161
0.460394 0.012071 0.248855
0.318496 0.122102 -0.218663
-0.856328 -0.0405978 0.245924
0.206527 0.245101 0.0459818
0.81838 0.132472 -0.212496
-0.208738 -0.157022 -0.195655
-0.204797 0.247643 0.0297577
0.182292 0.0450767 0.244988
-0.999799 -0.0841963 -0.115884
0.771542 0.109113 -0.225476
-0.169923 0.211609 -0.133142
-0.243469 -0.154123 0.196352
0.639354 0.0026086 -0.250748
-0.955939 0.17329 0.178918
-0.433004 -0.235978 -0.0845262
0.712197 -0.136061 -0.210784
0.442329 -0.201671 -0.149102
0.519189 0.248617 0.020403
-0.553982 0.231188 0.0931576
-0.897763 -0.213697 -0.13122
-0.854972 0.231355 -0.0943414
-0.919651 0.00794216 -0.250626
-0.145488 -0.250138 -0.0126098
0.187838 0.117176 -0.221361
-0.118919 -0.130971 -0.213984
-0.476919 -0.134877 -0.211543
0.385168 -0.215703 -0.127881
0.963599 -0.239401 -0.0681637
0.471338 0.241567 -0.0633395
0.675081 -0.249425 0.021461
-0.175186 -0.236503 -0.0830361
0.648703 -0.171873 0.18113
-0.17924 0.234376 0.0848789
0.34001 -0.227291 0.10421
0.438574 0.215203 -0.127201
0.446821 -0.237737 0.0778044
0.502731 -0.226291 0.106343
-0.239059 0.0743353 0.237719
0.610896 -0.246307 0.0443489
0.865206 0.229577 0.0970354
0.0993656 -0.17863 0.174517
0.788795 0.240342 -0.0679046
0.999942 0.0980993 -0.207315
-0.219533 -0.248599 -0.0308986
-0.772076 -0.168558 0.184197
-0.223777 -0.242373 0.0621065
0.326211 -0.245254 0.0497476
-0.48077 0.230698 -0.0959529
0.201134 -0.0836783 -0.236504
-0.999799 0.0400093 -0.080623
-0.999799 -0.0133534 -0.120585
-0.0624269 -0.159511 -0.193629
0.310014 -0.0773472 0.237047
0.79412 0.247698 -0.0309009
-0.186863 0.14112 -0.206813
-0.89759 0.245872 -0.0433365
0.784308 -0.240501 -0.0705068
-0.658422 0.147649 -0.20217
-0.329317 0.159096 -0.193227
-0.646791 0.0742517 0.237746
0.236024 0.0619063 0.241266
-0.988118 0.235022 0.023903
-0.13543 -0.215606 -0.128046
0.265969 0.199999 0.148546
-0.723539 0.222172 -0.114479
-0.594133 -0.108269 -0.226318
-0.315667 -0.163799 -0.19001
-0.0541465 -0.142997 0.20454
0.470112 -0.21102 0.133901
-0.629592 -0.138102 -0.209451
0.746033 -0.111399 0.223197
0.506392 -0.249461 0.0210517
-0.00677079 -0.180371 0.17273
0.18944 0.2427 -0.0587807
-0.277517 0.238471 -0.0742861
-0.142076 0.100956 -0.229273
0.818001 0.237785 0.0748836
-0.179717 -0.0446527 -0.246827
0.261506 -0.160061 0.191576
0.0746474 -0.0275137 -0.249297
0.770705 0.247727 0.0290677
-0.863396 0.122181 0.217021
-0.367513 -0.129913 -0.214629
-0.628531 -0.140414 0.206309
-0.453667 0.156176 -0.195611
0.0591181 -0.248201 -0.0340106
-0.340633 0.24861 0.0204809
-0.589263 0.126382 -0.216199
0.791109 -0.152803 0.197373
0.999942 -0.0489364 0.167081
0.413778 -0.2502 -0.0112347
-0.367806 -0.241422 -0.0672547
0.569769 0.246675 -0.0383902
0.707615 -0.0925662 -0.233174
-0.426366 -0.24789 0.034661
-0.999799 0.131997 0.173101
-0.504606 0.0581193 0.24221
-0.662729 -0.0938555 0.231061
-0.0322626 -0.196486 -0.155891
0.899899 0.0415307 0.245618
-0.899228 0.162915 -0.189996
-0.118911 -0.239259 -0.074649
-0.521503 0.227132 0.102594
0.982414 0.207099 -0.120295
0.999942 -0.156962 0.135119
0.999942 -0.0151567 -0.0232095
-0.309036 0.249408 0.006597
-0.851801 0.0903959 -0.233674
-0.885625 0.203562 0.143641
0.307373 0.243594 0.0532977
0.0384774 -0.0210151 0.248321
0.619643 -0.176856 -0.177899
-0.620526 0.235379 0.082076
-0.394561 0.248268 0.0241619
-0.387237 -0.177175 0.175983
0.999942 0.143473 0.0399901
0.568728 -0.0362103 0.246598
0.164912 0.23227 0.0904428
-0.600233 -0.211953 -0.134029
0.763475 0.160974 -0.191655
-0.327983 -0.0814434 -0.237281
-0.39127 0.246012 -0.0425157
-0.999799 0.0163846 0.157903
0.0294076 -0.211269 -0.135108
-0.339257 0.245417 -0.0458898
0.427903 0.226184 0.104657
-0.765469 -0.0043504 -0.250736
-0.174505 0.248925 0.0164067
-0.921236 0.076927 -0.238489
0.740338 -0.25039 -0.00453344
0.216218 0.211093 0.132367
0.174736 -0.250365 0.00434737
0.999942 -0.100325 0.116493
-0.999799 0.08695 0.163679
-0.451009 -0.173802 -0.18089
0.926214 -0.0295165 0.247473
-0.374674 -0.217479 0.123226
0.738968 0.0201929 0.248315
-0.239485 0.0410736 0.245696
-0.579109 0.110658 0.223118
-0.793174 0.0336354 -0.248432
0.0576369 -0.24926 0.0232274
-0.308402 0.248118 -0.0272125
-0.0621575 -0.0482148 -0.24616
-0.906692 -0.0216992 0.248264
-0.743945 0.110346 0.223273
0.0819854 0.220192 0.116678
0.25995 0.0863721 0.233606
-0.139201 -0.0629897 0.241219
0.378529 -0.117827 0.219897
-0.962006 -0.173463 0.178193
-0.870554 -0.0151352 -0.250335
0.0425297 -0.16234 -0.19126
-0.220913 0.186745 -0.166454
0.898329 0.245822 -0.043623
-0.43827 -0.226342 0.106236
0.631854 -0.132465 -0.213063
-0.801554 0.138663 0.206882
-0.1672 -0.237483 0.0785696
0.124035 0.00298803 0.249145
-0.156301 -0.0759836 -0.239081
0.894398 0.113234 -0.223419
0.232081 0.243518 -0.0552358
-0.207049 0.178321 0.173914
-0.60275 0.167168 -0.186239
-0.999799 0.136806 0.00870147
0.777203 -0.224135 -0.112374
0.732695 0.100255 -0.229583
-0.916295 -0.136442 0.208939
-0.971349 0.227486 0.0878949
0.890497 -0.170594 -0.183924
-0.507992 0.203227 0.144114
-0.462851 0.200157 -0.149932
0.84391 0.236899 -0.0792151
0.0947243 0.0347493 -0.248276
0.93458 -0.208145 0.138294
0.18498 0.0104949 -0.250527
0.446174 -0.173709 0.179382
-0.832767 -0.0640808 0.240934
-0.156284 -0.246471 0.0434421
-0.999799 0.000811706 0.222838
-0.98279 0.177567 -0.160643
0.189597 0.107219 0.224792
0.927081 0.236358 0.0792366
0.828999 -0.0764508 0.237335
-0.487094 0.0631873 -0.24253
-0.999799 -0.147876 -0.0175236
0.95337 0.025998 0.247766
-0.25586 -0.079697 -0.237872
-0.546315 0.2263 -0.106005
-0.71814 -0.128438 -0.215515
-0.120691 0.229508 0.0971965
0.0137574 -0.127685 -0.215961
-0.237736 0.227185 0.102478
0.524747 0.0946224 -0.231981
0.455791 0.169851 0.18218
0.324343 -0.200201 0.149478
-0.668644 -0.23077 0.096342
-0.999799 -0.0494918 0.0672144
-0.470231 -0.00170075 -0.250763
-0.97583 -0.0747918 -0.231617
-0.852383 -0.218168 0.122013
-0.115736 -0.186786 0.165822
0.321035 -0.132023 0.211739
0.999942 0.204123 -0.0700628
0.570342 -0.103524 -0.228526
0.986296 -0.0140352 0.236494
0.999942 -0.0381983 0.0204999
0.828781 -0.243476 -0.0592972
0.498073 -0.184409 0.168443
0.317849 -0.236476 0.0815147
0.686797 -0.165231 0.187167
0.857279 0.173798 -0.180023
-0.160937 -0.164428 0.187867
0.999942 0.0370616 0.00486712
-0.977412 0.109287 0.214617
0.282253 -0.220728 -0.118957
0.544064 0.146992 -0.202652
-0.301234 0.227504 0.101772
-0.565268 0.242505 0.0579933
0.999942 0.0910801 0.111374
0.579453 -0.222643 -0.115317
0.679516 0.130168 -0.213925
-0.556817 -0.047819 -0.246237
-0.605629 0.223273 0.110699
-0.350703 -0.14266 0.204774
0.013824 0.0145183 0.24872
-0.0130924 -0.0479464 0.244615
0.816724 -0.130357 -0.214359
-0.924002 0.244536 0.0488584
-0.40729 0.15845 0.192164
0.206872 0.155889 -0.195842
0.875422 -0.207469 -0.140894
-0.216678 0.245416 -0.0458954
0.281338 -0.211955 0.132427
0.428975 0.135077 -0.210838
-0.0716168 -0.00119189 -0.250765
0.37681 -0.233016 0.0908364
0.88568 -0.230633 0.0966671
-0.999799 0.0545945 0.127807
-0.999799 0.0104365 -0.179849
0.203963 -0.249249 0.0233444
0.854227 0.245264 -0.0467183
0.536155 -0.16609 -0.188007
0.509484 0.246963 -0.0364444
-0.836377 0.248083 -0.0275375
-0.830711 -0.00095846 0.249168
-0.656269 -0.0925323 -0.233188
0.75213 0.242451 0.0582176
-0.970656 -0.150139 -0.194636
0.278813 -0.247416 -0.0394229
0.948979 0.195341 0.154603
0.382322 -0.200088 0.149629
0.104452 -0.076636 -0.238873
-0.453325 0.24679 -0.0376237
0.728437 -0.241566 -0.0667314
0.999942 -0.00631119 -0.201049
-0.266504 0.197738 0.151534
-0.477118 0.167363 0.184465
0.859739 -0.0849427 -0.236054
0.96477 -0.0360996 -0.245939
0.390899 -0.0190482 0.248476
-0.869957 0.249381 0.00745285
-0.497891 0.16406 -0.189002
-0.779719 0.215273 -0.127082
0.927047 -0.216873 -0.125879
-0.94349 0.249494 -0.00422914
-0.232251 0.208694 -0.137703
-0.768981 -0.111969 -0.224512
0.0434705 -0.0171214 -0.25021
0.568095 -0.147283 -0.203095
-0.517277 0.248247 -0.0259671
0.654085 0.229423 0.0973969
-0.656473 -0.211908 -0.134101
-0.691373 -0.232511 -0.0937044
0.262096 0.214081 -0.129096
-0.19607 0.0136154 -0.25037
-0.138572 0.0397407 -0.247514
-0.711191 0.24932 -0.0107377
0.228066 -0.0298018 -0.249037
0.755146 -0.162876 0.189206
0.801299 -0.250264 -0.0095603
-0.222121 -0.184157 -0.170314
-0.0400607 -0.244434 0.0535686
-0.0211509 -0.109605 0.224076
0.999942 -0.194401 -0.0907293
-0.273387 -0.241363 -0.0674687
0.999942 -0.0818297 0.0499099
0.488994 -0.182466 -0.172129
0.4893 -0.137351 0.208347
0.985178 0.145084 0.187775
0.866414 -0.225898 -0.108766
-0.968179 0.0284741 -0.245155
-0.772907 -0.0388873 -0.247794
0.178025 0.248644 -0.0216731
0.505124 0.200489 -0.149484
0.999942 0.155102 -0.0980825
-0.0533145 0.182615 0.169409
-0.759834 -0.210477 -0.136344
-0.293581 0.156237 0.193965
-0.625121 -0.0177222 -0.250169
0.999942 -0.179237 0.075471
-0.323397 0.199611 0.149066
-0.305586 0.130702 -0.213597
-0.41811 0.233554 -0.0886961
-0.503761 0.111291 -0.224401
0.327414 -0.148445 -0.202247
-0.382392 -0.0647336 -0.242359
-0.230512 -0.00597849 -0.250705
0.173899 -0.240186 0.0699844
0.247593 -0.125699 -0.217124
0.255084 -0.243953 0.0556824
0.878174 -0.199126 0.150897
-0.078146 0.109885 -0.225098
-0.653686 0.0667323 -0.241569
-0.685016 0.0093971 -0.250572
0.661407 -0.234218 0.0877242
-0.800886 0.108227 0.224308
0.560367 0.237398 0.0760919
0.999942 0.114503 -0.146604
-0.0229547 0.00316098 -0.25074
0.760553 -0.198503 -0.153307
0.486038 0.231065 -0.0950569
0.992694 0.155181 -0.176474
-0.723179 0.204529 -0.143863
-0.254975 -0.234169 0.0878526
-0.548947 0.0658627 0.240212
-0.0860295 -0.0563541 0.242837
-0.832719 -0.167367 -0.18687
-0.597802 -0.0367103 0.246525
0.317648 0.228087 -0.102063
-0.880993 -0.2314 -0.0964333
-0.0875382 0.0314416 0.247126
-0.999799 -0.0433457 -0.203265
0.377398 0.0894567 -0.234038
-0.275271 -0.133966 0.210524
-0.147122 0.246467 0.038131
0.377983 -0.120118 -0.22026
0.345258 0.0950095 0.230223
-0.925442 0.226167 0.104693
-0.608314 0.0823913 0.235042
0.836352 0.248765 0.0185839
-0.865359 -0.192021 0.159776
0.466496 0.0615571 -0.242954
-0.487405 -0.211188 0.133637
-0.478612 0.0751352 0.237467
0.144972 -0.246227 0.0447805
0.913804 -0.250052 -0.0143138
-0.999799 -0.18976 -0.0630291
0.551838 0.0352904 -0.248198
-0.396783 -0.250405 0.00171661
-0.697603 0.0164397 0.248597
-0.570769 -0.14066 0.206143
-0.999799 -0.0918855 -0.0469767
0.292978 0.236118 -0.0815423
0.999942 -0.0983162 -0.163352
-0.79187 0.0468423 0.244654
-0.0204594 0.24004 0.0673805
-0.452899 0.226949 0.102996
0.923329 0.163626 -0.18938
-0.613896 0.224597 -0.1096
-0.347471 0.203914 -0.144741
0.0384757 -0.250398 -0.00395902
-0.0383039 0.106154 -0.226895
-0.504944 -0.148277 -0.20237
-0.0882826 -0.115787 0.220969
-0.709835 -0.172613 0.180429
-0.638226 0.0299106 -0.248916
0.340763 -0.0719447 0.238726
0.203197 0.225122 -0.108507
0.408829 0.194432 0.155741
-0.576057 -0.249472 -0.0225185
-0.31649 -0.249219 -0.0252527
-0.489549 -0.24917 0.0241446
0.914521 -0.0152704 -0.250327
-0.134824 -0.225828 0.107314
-0.452478 -0.176222 0.176931
0.999942 0.146267 -0.0237598
-0.999799 -0.106389 -0.18572
-0.568466 -0.149525 -0.201449
0.00233319 -0.0723985 -0.240188
0.0019281 -0.177036 -0.177721
0.931903 0.148393 0.200023
-0.213824 0.0179589 0.24849
0.916563 -0.083475 0.234978
0.0149525 -0.219212 0.120144
0.12596 0.236614 -0.0800726
-0.687351 0.188694 0.162628
0.75686 0.237508 -0.0773487
-0.958363 0.0650126 0.240445
-0.500506 -0.203005 -0.147276
0.59995 0.237772 0.074925
0.403504 -0.221127 0.116613
0.251712 -0.213399 -0.131705
-0.452528 0.12351 0.216267
0.709244 0.0282361 -0.249115
-0.999799 -0.180045 -0.114812
-0.789425 0.188885 -0.164005
0.918115 -0.231945 -0.0951065
-0.0617892 0.219761 0.117485
0.567989 -0.223316 0.112402
-0.305155 0.23915 0.0704448
0.783948 0.0810333 -0.237113
-0.299598 0.0503376 0.243955
0.967622 -0.0670942 0.236406
0.999942 -0.0913805 -0.120703
-0.712168 -0.0242537 -0.24963
-0.169399 -0.0139088 0.248806
0.180957 0.208229 0.136812
-0.973205 -0.101657 0.220912
-0.437352 0.196038 0.153721
0.956459 -0.00668427 0.249091
0.603346 -0.0312234 0.247267
0.570225 0.211914 0.131054
0.765286 0.215096 -0.127383
-0.396626 0.240576 0.0654587
0.0965168 -0.210364 0.134921
0.362305 0.0368873 0.246364
0.292314 0.249385 -0.00892994
0.25349 0.24305 0.0556941
0.306718 0.208387 -0.13817
0.490888 -0.239156 -0.0749824
0.666039 -0.137585 -0.209791
0.546144 -0.240471 0.0690141
-0.017319 0.0550152 0.242937
-0.280437 0.248134 0.0254608
0.338326 -0.0278977 0.247657
0.00195862 0.2495 0.0021958
0.338389 0.0357026 -0.248138
0.190943 0.0724872 -0.239889
0.18536 0.195642 -0.155821
0.999942 -0.0320872 0.12543
0.808293 0.232376 -0.0917713
0.999942 -0.00462315 -0.131446
0.104016 -0.249844 0.0161236
0.999942 0.228777 -0.0139814
0.215672 0.249517 -0.001012
-0.933716 -0.0413627 -0.247396
0.726731 0.197408 0.151962
0.289117 -0.00309604 -0.250752
0.138586 0.0338513 0.246804
-0.260715 0.216811 -0.124416
-0.999799 0.0375767 -0.148558
0.146507 0.161484 -0.191223
0.146378 0.11261 -0.223737
0.999942 0.00349616 -0.0506069
-0.0294342 0.214136 0.127406
-0.113146 0.159726 0.191106
0.953645 0.223905 -0.111019
-0.640696 0.124276 -0.217426
-0.0817016 0.0503495 -0.24555
0.13349 -0.12607 0.215311
-0.581955 -0.102509 0.227385
-0.533069 -0.138028 0.207902
-0.945974 0.124065 -0.217547
0.643358 -0.218357 -0.123274
-0.171126 -0.156669 -0.195938
0.104437 -0.242516 -0.063151
-0.402398 0.210049 -0.13561
0.968909 -0.203031 0.138389
-0.326764 -0.250321 0.0061615
-0.172308 -0.0785027 0.23667
-0.551693 0.170332 -0.183329
0.739968 0.0659183 0.240197
-0.999799 -0.106823 0.164829
-0.104031 -0.246087 0.045527
-0.682135 0.235915 0.0805353
-0.0471447 0.0565851 -0.244173
-0.160379 -0.20962 0.136065
-0.70228 -0.186766 -0.167443
-0.999799 0.193891 0.034827
-0.27005 -0.181975 0.171051
0.355832 0.237575 -0.0771408
-0.918336 0.104252 0.226184
0.828716 0.248543 -0.0228489
0.420761 0.0184995 -0.250047
-0.178672 -0.106346 -0.227227
-0.808814 -0.192424 0.159294
-0.0688736 0.0710759 0.238717
-0.859163 0.23001 0.0960096
-0.11288 -0.0466202 -0.246466
0.97731 -0.242294 -0.00438993
-0.3364 0.243537 0.053552
0.703479 0.176049 -0.177807
0.00299939 0.13229 0.211012
0.973215 -0.22605 0.0915801
0.772152 -0.245 0.0509601
0.999942 0.229079 0.0249457
0.693768 -0.0324077 -0.248715
-0.23008 0.132242 0.211042
0.51718 0.0364563 -0.248027
-0.226274 0.213934 0.127744
0.419949 0.244555 0.0487636
0.794629 0.230886 0.0938973
0.473444 0.20791 0.137296
-0.997316 0.220393 -0.0734148
0.223685 -0.225038 0.108947
0.257957 -0.0722834 -0.240223
-0.218535 0.236536 -0.0803051
0.609286 -0.0942566 -0.232497
-0.928414 0.170712 -0.182973
0.957485 0.190212 -0.162452
0.717823 0.133358 -0.211937
-0.533768 -0.108295 -0.226306
-0.335759 0.103922 0.226336
0.0116468 0.223735 0.109766
-0.207247 0.109934 -0.225073
0.570626 -0.196833 -0.155452
-0.0729169 -0.228849 0.100777
-0.515317 0.199893 -0.150286
0.152716 0.095603 0.229977
0.999942 -0.063846 -0.173719
-0.917605 -0.242883 -0.0617078
-0.64828 -0.0181173 0.248544
0.873696 0.192103 -0.160195
0.587108 -0.239968 -0.0723163
-0.650602 -0.0360254 -0.248222
0.20543 0.0641225 0.240684
-0.73153 0.165408 -0.187815
0.993049 -0.228172 0.0553055
0.848695 -0.13858 -0.209135
-0.668633 -0.203198 0.145411
-0.198271 -0.222245 0.114486
-0.469104 -0.245499 0.0485461
-0.358883 0.238294 0.0732628
0.664185 0.0537473 0.243223
0.369754 0.213289 0.128814
0.879546 0.0829366 -0.236448
0.198977 0.237959 0.0743327
-0.0091109 -0.244788 -0.0535509
-0.611131 -0.214419 0.128434
-0.999799 -0.0462514 0.160395
0.00793568 -0.250414 -0.00206285
-0.342149 -0.0178044 -0.250163
0.245296 -0.154403 -0.197731
0.710793 -0.23863 0.0750559
0.433919 -0.228903 -0.102254
0.999942 -0.117515 0.00250462
0.25241 0.230548 0.0947192
0.945337 0.083182 -0.236361
-0.419228 0.248219 -0.0262494
0.608972 0.0102876 -0.250536
-0.275418 0.246481 -0.0396445
-0.631614 -0.250304 0.00672798
-0.610624 -0.0825582 -0.236896
-0.785435 0.240972 0.0640013
0.525868 -0.0667089 -0.241825
0.317767 -0.249977 -0.0156302
0.799223 0.220376 -0.117929
-0.147157 0.239271 -0.0716343
0.937478 -0.248124 -0.0345848
-0.313345 0.223791 -0.111252
-0.893542 -0.181039 0.172034
0.396413 -0.0638374 0.240998
-0.654637 -0.121233 -0.219649
0.869563 0.0416973 0.24559
0.599749 -0.249616 -0.0208036
-0.0302888 -0.220674 0.117461
0.201137 -0.0460882 -0.246565
0.999942 0.0557662 -0.03276
-0.231892 -0.248247 0.0320706
-0.200283 0.0841275 0.234425
-0.48004 0.249432 0.0057461
0.0550862 0.189637 0.161531
0.936253 0.032504 -0.248585
-0.956561 0.192147 -0.160141
-0.828345 -0.019682 -0.250025
-0.974996 -0.237363 0.0527227
0.869825 -0.0529054 -0.245201
0.396018 0.0231737 0.24805
0.346065 -0.211827 0.132631
0.477772 -0.168916 0.183871
-0.393922 0.158229 -0.193943
-0.849613 -0.205982 -0.143068
-0.442464 0.183658 -0.169878
0.928041 0.118959 -0.220401
-0.852634 0.244168 -0.0522343
-0.999799 -0.0159321 -0.0628769
-0.483698 0.0257838 -0.249386
0.939106 -0.0603442 0.241887
0.995208 0.197501 0.123094
-0.648457 -0.243656 -0.0585443
-0.742557 0.24236 0.0585902
0.907632 0.23886 -0.0730104
-0.0938269 -0.208377 0.137946
0.999942 -0.149141 -0.140705
0.10586 -0.218309 -0.123361
0.0442401 0.240733 0.0648859
-0.90821 0.235317 0.0822522
0.870624 0.132544 -0.21245
-0.493104 0.233619 0.0869253
-0.245956 0.237899 0.0745229
-0.326162 0.218331 0.12011
0.718073 0.242769 0.0568913
0.979879 -0.126705 -0.205697
0.00801705 0.0573917 -0.243982
0.676902 0.209877 -0.135878
0.929817 -0.240365 0.069376
0.464865 -0.159391 -0.193728
-0.701721 -0.0522718 0.243738
0.756289 0.137131 0.2079
0.622899 -0.212047 0.132282
-0.357153 0.0772087 -0.238397
-0.0935165 0.110071 0.223408
0.283566 0.143296 -0.205301
-0.394391 0.0819509 -0.236794
0.906819 -0.149125 -0.201746
-0.960376 -0.0355588 0.246421
-0.854122 -0.234893 0.0859195
0.0888612 0.0856667 -0.235464
-0.186033 0.187962 -0.165069
-0.999799 0.223689 -0.0232641
-0.218466 -0.11419 0.221793
0.350737 -0.126683 0.214954
0.15023 -0.185304 0.167465
-0.989576 -0.162477 0.170908
0.482027 0.241888 0.0604896
-0.57925 -0.237384 -0.0804605
-0.556204 -0.0906612 -0.233921
-0.550183 0.175394 0.17686
-0.170221 -0.225344 -0.109915
-0.0589305 -0.204113 -0.145731
-0.142545 -0.0316134 0.247219
0.880641 0.158361 -0.193835
-0.954783 -0.231572 0.0944185
0.521682 -0.0193873 -0.250048
0.381466 0.122511 -0.218432
-0.904345 -0.232661 0.0917324
-0.991893 -0.199166 0.124657
-0.315759 -0.229987 0.0981777
-0.543323 -0.20134 -0.149551
-0.271686 -0.165429 -0.188591
-0.353097 0.226058 0.104926
-0.595789 0.0373508 -0.247892
-0.999799 0.108292 0.00153877
0.669435 0.202032 0.145778
0.327925 0.189501 0.161689
0.156173 -0.17191 -0.182693
-0.890553 0.228391 -0.101375
-0.79878 -0.0156389 0.248707
-0.367823 -0.244996 0.0509784
-0.306362 -0.178347 0.174804
0.801332 0.169709 0.182312
0.999942 -0.219396 -0.0433132
-0.821803 -0.141532 -0.207148
0.999942 0.0629414 0.152693
-0.999799 0.130116 -0.127408
0.106909 -0.104338 0.226558
-0.999799 -0.00216051 0.0285515
0.181992 -0.113234 0.222279
-0.999799 0.0594713 -0.20612
-0.751273 0.242119 -0.0611632
0.83536 -0.227711 -0.104896
-0.148552 0.0823623 0.235053
-0.774696 0.179413 0.17279
-0.16241 -0.0159637 -0.250285
0.785044 -0.0853997 -0.235889
0.33841 -0.189184 -0.164699
0.728115 0.155642 -0.19604
-0.285328 0.00990351 -0.250552
-0.181177 0.085889 -0.235382
-0.747967 0.249516 -0.00162291
0.999942 0.174355 -0.128658
-0.762821 0.065036 -0.242036
-0.424517 0.147869 -0.202008
-0.284093 -0.249305 -0.0243555
-0.36482 0.140583 -0.207181
-0.804046 -0.249518 0.0203914
0.539432 -0.224422 -0.111797
-0.580299 -0.181557 0.171491
0.630627 0.0666439 -0.241594
0.791042 -0.183596 -0.170921
0.68895 0.0830036 -0.236424
-0.0278978 0.13797 -0.208942
-0.526817 -0.107159 0.225248
0.286837 -0.119834 -0.220415
-0.938335 -0.220799 -0.118825
0.10926 -0.158307 0.193018
0.770668 0.181451 -0.172251
0.882348 0.196892 0.152629
0.852236 0.160075 0.190814
-0.203548 0.198519 0.150513
-0.364988 0.171912 0.180241
-0.277641 0.0674378 -0.241371
0.629078 0.127438 0.213977
0.615475 0.112865 -0.223607
-0.819466 -0.106417 -0.227194
-0.363698 0.24777 -0.0303058
-0.553839 0.080631 -0.237251
0.37811 0.214308 -0.128716
-0.880438 -0.141152 0.205809
-0.715498 0.183854 0.168067
0.77952 -0.0672373 0.240081
-0.119055 0.186232 0.165435
-0.123467 0.231911 -0.0929507
-0.759775 0.00682896 0.249063
-0.999799 -0.159517 -0.0559172
0.390449 0.158882 0.191807
0.133638 0.18204 -0.171624
0.105329 -0.161429 -0.192031
0.659065 -0.244197 0.0546189
0.762789 -0.231706 0.0940932
-0.360615 -0.168822 0.183957
0.67877 -0.23397 -0.0899751
-0.999799 -0.192701 -0.00549908
-0.222839 0.15525 -0.196353
-0.168588 -0.114661 0.221552
0.974839 0.238913 0.0412204
0.329606 -0.221297 -0.117889
0.435791 -0.0645799 -0.2424
-0.859398 -0.250414 0.000521022
0.863228 0.226353 -0.10589
-0.999799 -0.168505 0.139281
0.334138 0.0900619 -0.233804
0.558593 -0.249208 0.023762
-0.999799 -0.14732 -0.111806
-0.754483 -0.198275 0.152005
0.366658 -0.250325 0.00600391
-0.840867 -0.153932 0.196501
0.837845 -0.247863 0.0348437
0.0318636 0.200361 0.148059
0.330735 -0.17928 0.173854
-0.999799 0.0200655 -0.208455
0.449811 -0.245253 -0.0513475
0.999942 -0.189397 0.10367
0.466957 -0.0637574 -0.242617
-0.576759 0.223289 0.110667
0.826934 -0.249139 -0.0260462
-0.106449 -0.0102759 0.248976
-0.541001 0.0493235 -0.245761
-0.424536 -0.107959 -0.226466
0.866374 -0.238216 0.0763445
0.585163 -0.162526 0.189504
-0.805671 -0.181751 -0.172885
-0.37213 -0.0151567 -0.250333
-0.974912 0.107994 -0.218172
-0.254199 0.0215884 -0.249793
-0.385927 -0.0942653 -0.232494
-0.601165 0.0852382 -0.235621
0.304555 -0.190332 -0.163368
-0.0692577 -0.223985 -0.112673
0.422556 -0.09108 -0.233758
-0.152221 0.0228963 0.248076
0.999942 0.0491357 0.0682215
-0.731232 -0.158961 -0.194081
0.825799 0.162433 -0.190412
0.0390844 0.0112948 -0.25049
-0.602535 0.00812208 0.249022
0.44309 -0.0440636 0.245335
-0.256202 0.232096 -0.0924848
-0.987469 -0.168677 -0.167833
0.296828 0.207622 0.137728
-0.363795 0.228396 -0.101365
0.303111 0.167693 0.184165
-0.0385469 0.164973 0.186601
-0.937958 -0.236699 -0.0824709
-0.393981 0.23884 -0.0730778
0.390823 -0.0923306 -0.233268
-0.542822 0.245785 -0.0438334
0.841142 0.132511 0.210874
0.932759 0.210708 0.132977
-0.189521 -0.197805 -0.154209
0.549726 0.246459 0.0381856
0.448979 -0.114547 -0.223208
-0.261724 -0.139533 -0.2085
-0.828737 -0.0685208 -0.241319
-0.619713 0.24788 -0.0293641
-0.900118 -0.216932 0.124179
0.0516864 0.083233 -0.236343
-0.0616071 0.230925 -0.0954001
0.39531 0.130121 0.212356
-0.353258 0.0413635 -0.247244
0.152453 -0.199582 -0.151896
0.331661 -0.0977784 -0.23104
0.999942 0.0440372 -0.100371
0.746979 -0.0599333 -0.243586
0.763552 -0.108293 -0.226306
0.891745 0.225178 0.106792
0.596566 0.191111 0.159788
-0.10951 -0.229335 -0.101276
0.999942 -0.150488 -0.0472219
0.667346 0.105902 -0.227013
-0.0474633 0.237244 0.0765674
0.415287 -0.0421064 -0.247271
-0.777182 0.152593 -0.198439
0.520873 -0.119067 -0.22083
0.999942 0.119775 0.142187
0.303028 0.124233 0.215853
0.999942 0.0163409 0.149161
-0.722001 0.0785646 -0.23795
0.221817 0.22681 0.103301
0.559545 -0.0144168 -0.250376
0.613892 -0.246033 -0.0474126
0.992741 -0.0835932 -0.220252
0.911064 -0.102315 -0.229069
0.999942 0.00517447 0.176211
-0.531077 -0.238886 0.0742475
0.992355 -0.139475 0.188487
0.751468 0.0911754 0.231771
-0.97048 -0.235186 -0.0709314
-0.179658 0.0452104 0.244963
0.541151 0.168875 -0.184681
-0.501151 0.0303302 0.247266
-0.979469 -0.241248 -0.000556173
0.368888 -0.0694759 -0.241047
-0.999799 -0.0215852 -0.149416
-0.665995 -0.149331 0.199995
-0.451738 -0.0421128 0.245672
0.0533393 -0.179858 0.17326
0.962169 -0.216398 -0.124626
0.695119 0.230003 0.0960265
0.999942 -0.133823 0.0660075
-0.494484 0.187645 0.163834
-0.0722928 0.15037 -0.200141
-0.633024 -0.178912 -0.175828
0.290372 -0.166827 0.185755
0.359839 0.120621 0.217892
0.0886932 0.153593 0.196063
0.81424 -0.21763 -0.124559
-0.717801 -0.0832057 -0.23667
-0.820204 -0.216175 0.125481
-0.0470984 -0.200347 0.149284
0.0821677 -0.119021 0.219257
0.999942 -0.134271 0.111851
-0.955426 -0.200072 -0.151247
-0.695475 0.051934 -0.245216
0.254056 -0.195101 -0.157626
0.0940467 0.15081 -0.199807
0.61384 0.150058 0.198779
0.872153 0.243579 0.053365
0.737852 0.247678 -0.0310661
0.117031 0.248476 -0.0235911
0.661702 -0.1747 -0.180021
-0.961789 -0.0513946 -0.244574
0.999942 0.105785 -0.0526161
-0.631763 0.205169 0.141344
-0.416567 -0.14148 -0.207183
0.387021 -0.0431301 -0.247096
-0.125214 -0.174141 -0.180563
-0.999799 -0.119467 -0.0172916
0.721352 0.249446 0.00517359
0.736036 -0.146526 0.202045
0.834468 0.11009 -0.224997
0.733085 -0.0315713 0.247224
0.894315 -0.247103 0.0397736
-0.879983 -0.118909 -0.220915
-0.0521037 -0.014843 0.248754
0.561357 0.131484 0.211515
-0.683339 0.209706 0.134546
-0.999799 -0.0774386 0.109166
0.723825 -0.11359 -0.223696
0.506467 -0.0914854 -0.2336
0.114709 -0.238888 0.0742411
0.243635 0.104246 -0.227785
0.167046 0.185499 0.166255
0.203431 -0.0824013 0.235353
-0.999799 0.0373964 0.0930881
-0.421089 0.110192 0.223349
-0.775593 -0.14967 -0.201341
0.856565 -0.250411 -0.00266886
0.999942 0.0812002 0.0239989
-0.610471 0.235452 -0.0834657
0.905092 -0.0528718 -0.245208
-0.412803 -0.243193 0.0588635
-0.345956 0.0709844 0.238744
0.449238 -0.216624 -0.126309
-0.117541 0.0830524 -0.236407
-0.267456 0.18132 -0.172389
0.389059 -0.176052 -0.178697
0.526235 0.0922492 0.231345
0.326418 0.245528 -0.0452787
-0.925699 0.248556 0.0211033
-0.988364 0.23123 -0.0490418
0.999942 0.195677 0.0484616
0.999942 0.0122223 0.21569
0.621422 -0.250388 0.00302673
0.473454 -0.0937706 0.231096
0.0244551 0.110616 -0.224737
0.700196 0.143989 0.203214
0.999942 0.140957 -0.0525076
-0.885798 -0.0903978 0.232425
0.446714 0.111948 0.222473
0.720364 0.193262 -0.158784
0.0599825 -0.234571 0.0867859
0.664537 0.187235 -0.165899
0.609563 -0.0808936 0.235871
-0.913849 -0.0758447 -0.239125
-0.999799 -0.164578 0.0784251
-0.579123 -0.00463729 -0.250731
0.0754945 -0.126403 -0.216714
-0.748343 0.116753 -0.221587
0.671111 0.00161829 -0.250758
0.999942 0.0688785 0.216777
-0.195197 -0.237304 0.0791016
-0.647122 -0.216266 0.125325
0.93737 -0.186499 -0.16774
0.325111 0.144613 0.202771
-0.999799 0.0951011 0.102901
-0.218185 0.0544486 -0.244663
0.640626 0.0161579 0.248616
-0.897554 -0.161333 -0.192111
0.558077 0.00727038 0.249049
-0.287121 0.212118 -0.132323
0.786976 0.0376642 0.246246
-0.56156 0.129566 -0.214293
-0.24814 0.1458 -0.203517
-0.71508 0.227669 0.101404
0.337985 0.167295 -0.186124
-0.451956 0.101598 -0.228988
-0.597583 0.249377 0.00757762
0.519188 0.195831 0.153983
0.729826 0.0582967 -0.243765
-0.23018 -0.225388 -0.109826
-0.308351 0.183445 0.168513
0.223104 -0.238532 -0.0769618
0.638451 0.150185 -0.200281
0.00378335 0.171208 0.180908
0.26559 0.0295459 0.247362
0.420234 -0.140372 -0.207936
0.977073 -0.196902 -0.142084
-0.834674 0.0580026 0.242238
0.360261 0.165228 0.186377
-0.447259 0.236027 -0.0818086
0.783654 0.0911784 0.231769
0.0787945 0.0273603 0.247617
0.773825 -0.110042 0.223864
0.603842 -0.240025 0.0705283
0.70496 0.210022 -0.135651
0.158029 -0.0944852 -0.232405
-0.376541 -0.172185 -0.182433
-0.728543 0.15874 0.191924
-0.343373 -0.0277029 0.247679
-0.53065 0.0104028 -0.250531
0.330816 -0.0449036 -0.246782
0.999942 0.0986832 0.00025881
0.844278 -0.19874 -0.152999
0.260597 0.24913 0.0131148
-0.808951 -0.250342 -0.00693598
0.656469 0.168373 0.183545
0.763231 -0.244913 -0.0529678
0.474028 -0.239424 0.0725162
-0.234594 -0.134616 -0.211709
-0.879129 0.184489 -0.168969
-0.999799 -0.060883 -0.095539
-0.917187 -0.250408 0.00143934
-0.479506 -0.127665 0.214376
0.601738 0.05808 0.24222
0.458344 0.247151 0.033514
0.785012 0.130361 -0.213807
0.846189 0.237582 0.0755186
-0.375042 0.212453 -0.131781
0.502276 0.182299 -0.171347
0.95586 -0.0691412 -0.241143
0.858311 -0.160441 0.19126
-0.500088 -0.0629477 -0.242827
-0.476559 0.121603 -0.218943
0.39621 0.224965 0.107238
0.198018 -0.200073 -0.151247
-0.628061 0.24743 0.0314393
0.467111 0.216003 -0.125827
0.504411 -0.0410136 -0.247453
0.268314 -0.12243 0.217386
-0.999799 0.132144 -0.0503771
-0.32317 -0.231462 -0.096283
0.36881 -0.0170561 -0.250214
-0.103293 0.219216 0.118494
0.633978 -0.0412218 -0.247419
-0.435409 -0.0981335 0.229292
-0.208575 -0.0462235 -0.24654
0.522701 0.0493804 0.244152
-0.488595 -0.168692 0.184075
-0.438462 -0.193667 0.157792
0.283871 0.06489 -0.242076
-0.230972 -0.172987 0.180073
-0.293129 0.0943392 0.230499
0.999942 0.100636 -0.0816302
-0.363663 0.249443 0.00528681
-0.650178 0.249341 -0.0101866
-0.814904 0.207507 0.137901
-0.713481 0.244852 0.0472733
0.729785 -0.227273 -0.105847
-0.418557 0.249368 0.00785445
-0.479212 -0.0900377 0.232563
0.411799 0.176112 0.176147
0.904876 -0.0106132 0.248962
0.999942 -0.0623216 -0.202792
-0.0946256 -0.243878 -0.057603
-0.653581 0.0480743 0.244414
-0.30609 0.234256 -0.0868052
0.750363 0.161529 0.189586
0.709003 -0.194762 0.156449
-0.999799 -0.0476071 0.0243743
0.708926 -0.221393 0.116112
0.694995 0.0212375 0.248226
-0.953891 0.15117 -0.199532
0.0875888 -0.247887 -0.0362742
0.568759 -0.234408 0.0872211
0.204901 -0.236073 0.0826609
0.389095 -0.143296 -0.20593
0.901011 -0.138356 0.207686
0.378021 0.237262 0.0765108
0.00730145 0.191665 0.159125
0.48671 0.0776932 0.23664
-0.999799 0.0571216 0.0357923
0.84424 -0.130703 0.21255
-0.863988 -0.111066 0.223362
-0.698612 0.22802 -0.102215
-0.082073 -0.0264061 0.247817
-0.301135 -0.10615 0.225721
-0.0802524 0.197336 0.152055
-0.483706 -0.188242 -0.165778
0.484652 0.0247811 0.247892
-0.0197923 -0.227983 -0.104301
-0.205123 -0.249072 0.0250995
0.905234 0.143317 0.203688
-0.269749 -0.207379 0.13943
-0.999799 -0.00438423 0.100544
-0.107102 0.238212 0.0735254
-0.658428 0.206192 -0.14145
-0.533744 0.249497 0.00238388
0.999942 0.0878768 -0.0276235
-0.708365 0.111362 0.222767
-0.354236 -0.0897889 0.232659
0.134299 0.0792013 -0.237737
0.0423102 0.0310529 0.247176
0.907189 0.243304 0.0545898
0.478908 -0.140623 -0.207766
-0.864981 -0.0665762 -0.241861
0.876978 -0.0510003 0.244004
0.67493 0.183621 0.168321
0.166407 0.220044 0.116955
-0.809891 0.137801 -0.209055
0.415189 0.245807 -0.0437112
-0.665124 -0.226711 -0.107052
-0.81629 0.0809777 -0.237132
-0.289602 -0.0224093 -0.2498
0.739761 0.2242 0.108819
-0.579698 -0.242647 0.0610421
-0.999799 0.0403295 0.203497
0.749712 -0.00486455 0.24913
0.0606874 -0.0705641 0.239134
0.505153 0.0102669 -0.250537
-0.391658 -0.0525956 0.243669
-0.421775 0.117112 -0.221396
0.99839 -0.23061 0.028695
0.496687 0.125006 0.215406
-0.956922 -0.198346 0.151913
-0.126771 0.128774 -0.214773
-0.616271 -0.0153773 0.248723
0.345538 -0.118889 -0.220926
0.976089 -0.221547 -0.100266
-0.999799 0.164211 0.129347
0.710414 0.11707 0.21982
0.725468 -0.0078433 -0.250657
0.53736 -0.237471 -0.0802018
-0.388127 -0.228313 0.101975
0.458156 0.0325656 -0.248576
0.652876 0.0780419 0.236525
-0.328322 -0.112449 0.222674
0.429982 -0.0182238 0.248536
0.691431 -0.0525301 0.243683
-0.9525 0.119322 0.218606
0.449957 0.116727 -0.2216
-0.0679764 0.12603 0.214809
-0.999799 -0.204216 -0.0388824
0.592907 0.24856 0.0210618
0.999942 -0.0643327 -0.0696117
-0.999799 -0.10494 0.02125
0.0147362 0.203854 -0.144825
-0.999799 0.175879 0.014573
0.119227 0.0232456 -0.249641
-0.393521 0.178205 -0.17563
0.67634 -0.00193854 0.249164
0.270296 -0.195724 0.155252
-0.0173971 0.0281062 0.247532
-0.556837 -0.204837 0.14311
0.0585947 0.120221 0.218113
0.50786 -0.244565 -0.0545723
0.5886 0.210283 -0.135243
0.582283 0.180113 -0.173659
-0.161776 0.196026 -0.155334
-0.147587 0.109051 0.223908
0.338893 0.224457 0.108292
-0.597305 -0.131862 -0.213437
-0.168817 0.157948 -0.194174
0.0918892 0.238568 -0.0739701
0.0472137 -0.155393 0.195355
0.0577072 0.0334259 -0.24846
-0.727518 -0.234289 -0.0891341
-0.0284851 0.243276 -0.0563103
-0.435027 -0.207674 -0.140592
-0.648566 -0.186193 0.166483
0.929509 0.178674 0.173553
-0.593722 0.0603265 0.241668
0.999942 -0.0381067 -0.0796721
0.0433763 -0.2176 0.123014
-0.999799 -0.0187557 -0.230865
0.209853 -0.119081 -0.220822
-0.309296 -0.152032 0.197964
0.396784 -0.1433 0.20433
-0.672375 0.0830022 0.234827
-0.561289 0.249333 0.00881137
-0.955431 0.24567 -0.0444863
0.999942 -0.182861 -0.127234
0.26822 -0.249431 0.0213911
-0.244749 -0.250194 -0.0113606
-0.126401 0.0645793 0.240562
-0.753024 -0.123748 0.216644
0.12529 -0.129281 -0.21501
-0.514967 -0.17053 -0.183983
-0.376761 -0.150801 -0.200495
0.78892 -0.22857 0.101402
0.14448 -0.228253 0.102106
-0.659735 0.239363 -0.0713214
0.999942 -0.051809 -0.124274
0.510165 -0.140135 -0.208095
-0.835401 -0.105918 0.225829
0.587139 -0.134538 0.210161
0.364105 -0.0203536 0.248375
0.255943 0.24614 -0.0417539
0.904438 0.21401 0.127617
-0.455174 -0.0430632 -0.247107
-0.671931 -0.240333 -0.0710829
-0.927354 -0.247976 -0.0356498
-0.431974 0.0119837 -0.250457
0.141923 0.150599 0.198369
-0.827034 0.230889 -0.095489
0.982817 -0.211534 0.111938
-0.206178 0.218944 -0.12059
0.264351 0.148196 0.200169
0.671855 0.14418 0.203078
0.575956 0.108354 0.224247
0.573698 0.113976 -0.223039
0.999942 -0.164034 -0.0833096
-0.407758 0.227157 0.10254
0.147163 0.244416 0.0494449
-0.96069 -0.132468 0.210976
-0.715153 -0.242354 0.0621794
-0.805633 -0.229011 -0.10201
0.310938 -0.240355 -0.0710091
-0.241094 -0.0306323 -0.248938
0.928544 -0.10688 0.225379
-0.30577 0.0626129 -0.242681
0.431505 -0.0210729 -0.249914
0.65546 -0.207439 0.139342
-0.783211 -0.120066 0.218691
-0.426425 0.216069 -0.125712
-0.874019 0.0229124 0.248075
0.978327 -0.184652 0.155221
-0.277288 0.110774 -0.224658
0.705242 0.244604 -0.0501186
-0.63995 -0.107085 0.225283
-0.0981975 -0.162052 0.189907
-0.676793 -0.165546 -0.188488
0.808283 -0.06091 -0.243344
0.0616756 0.249433 0.00571845
0.947477 -0.23402 0.0882443
0.999942 0.171756 0.088061
0.666673 0.149443 -0.200838
-0.46802 0.0144729 0.248723
0.421662 -0.176374 -0.178379
-0.41966 -0.226684 -0.107109
-0.779002 0.247294 -0.0340693
0.597962 -0.230733 -0.0980272
0.500898 -0.245841 0.0468131
0.942389 0.0804532 0.235714
-0.870526 -0.143248 -0.205964
0.966437 -0.113239 0.21888
0.799389 0.0290357 -0.249021
0.668804 0.0543446 -0.244687
-0.569977 0.24657 -0.0390749
0.448499 0.150303 0.198593
0.77248 0.201938 0.145907
-0.962579 0.217831 -0.119929
0.132142 -0.24444 -0.0551397
-0.799279 0.0999448 -0.22972
0.00880877 -0.194714 0.156507
0.535133 -0.24896 -0.0277535
0.307122 -0.0175123 0.248586
-0.444743 0.242004 0.0600268
0.21043 0.0244485 -0.249523
0.83284 -0.215704 0.126281
0.637158 0.186083 -0.167199
-0.824511 0.183446 0.168511
0.115951 -0.250297 -0.00855384
0.557482 -0.124301 -0.217927
-0.238951 -0.24393 -0.057377
-0.728368 -0.0614234 0.241618
0.420282 0.0398099 0.245905
-0.742066 -0.249171 0.0241353
-0.350971 -0.210237 0.135117
-0.999799 -0.217136 0.0701972
-0.999799 0.164037 -0.0988307
-0.827701 0.147282 0.200842
0.0713143 0.211198 -0.133798
0.999942 0.0566153 -0.0705339
-0.382318 -0.107299 0.225182
0.790192 -0.0313839 0.247247
0.772384 -0.0295226 -0.24907
-0.211194 -0.192889 0.158735
0.110758 0.216489 0.123383
0.641302 -0.245531 -0.0499846
-0.93986 0.0211453 0.248234
0.999942 -0.0625776 0.0306613
-0.687953 -0.0865517 0.233872
0.566362 0.0796999 0.235971
-0.740179 0.206518 0.139372
0.82619 -0.0332366 0.247009
-0.613991 -0.062633 0.241311
-0.521245 0.245401 0.0443787
-0.541946 -0.174947 -0.179781
0.297164 0.0613318 0.241413
-0.551141 -0.0218991 0.248247
0.771728 0.0582489 -0.243777
0.752059 0.196058 -0.155293
0.868943 -0.242799 -0.0620435
-0.0249932 -0.0246565 0.247994
-0.772502 -0.0780316 0.236825
-0.856536 0.179804 0.172384
-0.0831394 0.155683 0.194409
-0.533958 0.200578 0.147765
-0.120015 -0.0997962 0.228579
0.638229 0.216629 -0.124736
0.999942 -0.114801 -0.184429
-0.605896 -0.0924187 0.231635
0.999942 0.0425711 -0.140333
0.618223 0.0875077 0.233182
0.685148 -0.206024 -0.143007
0.650371 0.238592 0.0722935
-0.0510374 -0.249669 0.0185354
0.439753 -0.202721 0.146069
0.999942 0.0364872 0.106882
0.999942 0.176415 -0.000370121
-0.00992694 -0.132858 0.21122
-0.857516 0.242293 0.0588625
0.3646 0.0337301 -0.248419
-0.424475 -0.170887 -0.183652
-0.689321 -0.0683445 -0.241369
-0.687006 -0.202834 -0.147511
0.616184 0.202494 -0.146735
0.812624 -0.235217 0.0850403
-0.884568 -0.180544 -0.174148
0.93337 -0.150772 -0.200516
-0.980088 0.0827858 -0.226445
-0.348192 0.15677 0.193535
0.160409 -0.133088 -0.212673
0.80008 0.0139142 0.248756
0.929213 -0.178752 0.174393
0.824406 0.104508 0.226066
-0.0157018 -0.208432 -0.139462
-0.449316 -0.139933 0.206633
-0.0307509 -0.101346 -0.229499
-0.679175 -0.0364747 0.246559
-0.480915 0.204684 0.142044
0.438614 0.235219 0.0825314
-0.397905 0.107496 -0.226257
-0.824374 0.0976813 0.229101
-0.999799 0.185282 -0.119868
-0.577576 -0.169136 -0.185268
-0.605274 0.110279 0.223306
0.386963 0.0779821 0.236545
-0.464549 -0.250384 -0.0049225
-0.51937 0.217622 -0.12298
0.571651 0.174194 0.17804
0.250753 0.1111 0.222898
0.480704 -0.0872861 -0.235199
0.111461 0.184205 0.167683
-0.656082 0.113948 0.221455
-0.406278 -0.200485 -0.150698
-0.399829 -0.180616 -0.174073
0.999942 0.148415 0.130228
0.391589 -0.246637 -0.04411
0.999942 0.170602 0.0253575
-0.535372 -0.134314 -0.211901
0.0226325 0.156246 -0.195555
0.717042 0.0807845 -0.237198
-0.319396 -0.183266 -0.171275
-0.999799 -0.207736 0.0182194
0.805723 0.206389 0.139563
0.837544 -0.230486 0.0970133
-0.843358 0.249446 0.00518462
0.641437 0.100348 -0.229542
-0.90754 0.0419283 0.24555
0.700748 -0.023942 0.248062
-0.556375 -0.0940162 0.230997
0.556635 0.249107 -0.0151258
0.150616 -0.234418 -0.0887919
-0.708396 -0.215702 0.126285
-0.876081 -0.246085 0.045542
-0.27251 0.156044 -0.195718
-0.281976 0.121025 0.217668
0.690103 0.0510358 0.243809
-0.174714 0.224352 0.108507
-0.559521 -0.246627 -0.0441682
-0.567436 0.133339 0.210351
-0.638666 -0.0744108 -0.239574
0.698957 -0.241426 -0.0672391
0.504906 0.177079 0.175176
0.0497034 0.169175 0.182807
-0.0957016 0.0862276 0.23366
0.628777 -0.232063 0.0932177
-0.593542 -0.197488 -0.154617
-0.648567 -0.0626317 0.241311
-0.0682316 -0.241061 0.0669524
-0.467946 0.217607 -0.123008
0.955596 -0.126392 -0.216721
0.575129 -0.250148 -0.0124031
-0.832622 -0.249845 -0.0177139
0.724765 -0.0817131 0.235591
0.999942 -0.0529006 0.14102
-0.177229 -0.24375 -0.0581486
-0.979898 -0.00308088 0.239784
-0.845557 0.1242 -0.21747
-0.999799 -0.0175982 -0.177486
-0.101809 -0.148514 -0.202196
0.476169 -0.0347807 -0.248398
0.346315 0.226593 -0.105371
0.999942 0.124579 0.00228
-0.877976 0.0732763 0.238049
-0.830117 0.165894 -0.187382
-0.999799 -0.155141 0.010904
-0.999799 0.196306 -0.0189748
0.00339388 -0.162995 0.189104
0.343592 -0.250106 -0.0132834
0.570544 0.140765 -0.207056
-0.695012 -0.201417 0.147848
0.552764 0.224157 -0.110505
0.880022 0.0285588 -0.249077
0.374166 0.181686 -0.172002
0.815534 -0.105287 0.226122
0.655848 0.247717 -0.0307477
0.999942 0.0688529 0.124634
0.608565 0.109877 0.223504
-0.539125 0.156588 0.193682
0.0363757 0.058807 0.242043
0.747122 -0.21438 0.128498
-0.879427 -0.0290952 0.247522
-0.744326 -0.0160944 0.248679
-0.934908 -0.190218 -0.163501
0.334899 -0.0117207 -0.250512
0.62367 -0.229683 -0.100479
-0.541647 -0.228771 0.100954
-0.407003 -0.163338 0.188809
-0.501692 0.237411 -0.07765
0.999942 0.0221691 0.060446
-0.492473 0.244796 -0.0491558
0.934921 0.181692 -0.171994
-0.407778 -0.131022 0.212356
-0.743749 -0.0823472 0.235372
-0.60305 -0.248155 -0.0343558
-0.273239 0.0390541 0.246027
0.956229 0.249378 -0.00915349
0.104972 -0.112737 -0.224127
0.0386171 -0.1134 0.222195
0.999942 -0.119926 -0.055101
0.552865 0.0473817 0.24455
-0.276025 -0.248391 0.0309707
-0.304337 -0.198125 -0.153797
-0.978699 0.155676 -0.184595
0.219143 0.0645672 -0.242163
-0.999799 -0.2077 0.101507
-0.28402 -0.00574719 0.249113
-0.734504 -0.242875 -0.0617389
0.987063 -0.161701 -0.174927
0.757248 -0.0546584 0.24322
-0.0609234 0.0183907 0.248458
0.865433 -0.117972 0.219819
0.218563 0.197474 -0.153475
-0.791312 -0.210807 -0.135831
0.233488 0.172139 -0.181622
-0.864501 -0.244831 -0.0533521
0.449542 0.180083 -0.17369
-0.484058 -0.110711 -0.225134
-0.999799 0.0851283 -0.184381
-0.0353239 0.200964 -0.14884
-0.62746 0.0848874 -0.235748
-0.759471 -0.240161 0.0700715
-0.312547 -0.0643227 0.240871
-0.784383 -0.0620907 -0.243047
0.37803 -0.232646 -0.093368
0.212746 0.117207 0.219747
-0.999799 0.0384276 -0.0344281
0.524558 -0.220141 0.118448
0.590041 -0.208981 -0.138635
0.438952 -0.160468 -0.192836
-0.564046 0.0161467 0.248617
0.287 0.0857085 0.233851
-0.0102813 0.192631 -0.159555
0.381079 0.00833618 -0.250612
-0.132485 0.0146999 -0.250307
0.518594 0.222128 -0.114565
-0.385041 0.070784 0.238804
0.356919 0.248996 -0.0169391
0.0661396 -0.146434 -0.203709
0.0387972 -0.0623315 -0.242986
0.973205 0.23378 0.0667829
0.999942 -0.084801 -0.0163239
-0.887592 0.111122 -0.224485
-0.091945 0.0853944 -0.235564
-0.1164 -0.233431 0.0897747
-0.999799 -0.00788668 0.166108
-0.999799 0.184033 -0.064883
-0.955084 0.232391 -0.0917319
-0.572261 0.206426 -0.141107
-0.773758 0.0644688 0.240592
0.604036 0.221435 0.114314
0.999942 0.00364392 -0.106334
-0.11726 0.11969 0.218405
0.846649 -0.0177891 0.248567
0.999942 -0.177138 0.0313418
-0.999799 -0.118118 0.141877
0.262931 -0.237303 0.0791027
0.0798886 -0.247732 0.0357458
0.378686 -0.191947 -0.161462
-0.908044 -0.197806 -0.154208
-0.780811 -0.185548 0.167197
-0.317095 -0.14365 -0.205683
-0.830865 -0.239136 0.0734497
-0.0376101 -0.0652565 0.240622
0.895489 0.1827 0.169318
-0.999799 -0.0745487 0.0527091
0.0886208 0.052498 0.243497
0.999942 0.0114709 0.0318288
-0.454266 -0.234143 0.0879222
0.250626 -0.225454 0.108091
-0.513805 -0.249287 -0.0245435
0.283148 -0.232183 -0.094519
-0.97432 0.0452286 0.238071
-0.310798 0.108812 -0.225622
-0.775184 0.233358 -0.0892167
0.716766 -0.178321 -0.176428
0.480054 0.246443 -0.0398855
0.625508 -0.208145 -0.139891
0.971726 -0.0115536 -0.245021
-0.0611525 0.249082 0.0139547
-0.293458 0.197423 0.151943
-0.854705 -0.249028 0.0255226
-0.803076 -0.237121 0.0796416
0.993004 -0.0695966 0.22333
0.742914 0.118541 0.219031
0.100185 -0.0367039 0.246526
-0.812842 -0.243322 -0.0599362
-0.934671 -0.0675345 0.239999
0.170412 0.224345 -0.11012
0.999942 -0.0259537 0.0667089
0.560221 -0.241819 -0.0657958
0.277974 0.24451 0.0489839
0.466625 0.185947 0.165754
0.772495 -0.211886 -0.134135
-0.0474464 -0.163073 0.189037
-0.945865 0.00544245 -0.250697
0.564706 -0.198942 0.151138
-0.924918 -0.238685 0.0748846
0.999942 0.167724 -0.0760546
0.654507 0.123291 0.216392
0.791655 -0.138272 -0.209339
-0.871175 -0.20905 0.136932
-0.810062 0.0148061 -0.2503
-0.920287 -0.147079 -0.203244
-0.087615 0.189752 -0.162993
0.848649 0.215791 0.124595
0.696789 0.249221 0.0113816
0.194098 -0.223675 -0.113291
-0.999799 0.10681 -0.0875281
-0.999799 -0.0713589 0.00219969
-0.803748 0.236704 -0.0798039
-0.743411 0.212854 -0.131126
0.189548 -0.248444 -0.0321508
-0.216191 -0.213182 0.130461
-0.438404 0.248331 0.0235248
0.515582 0.159099 0.191628
0.929061 0.242396 -0.0600395
0.987059 0.120091 -0.205232
-0.999799 0.0508871 -0.104183
0.626688 0.197835 0.151408
0.229276 -0.191904 -0.161513
-0.184742 -0.149555 0.199829
0.999942 -0.0508889 0.0858899
-0.999799 -0.0661333 -0.181319
0.30515 0.185191 -0.168194
0.0116921 -0.237533 0.0784189
0.718313 -0.24483 0.0517567
-0.977517 -0.0512112 0.235519
0.545307 -0.197783 -0.154237
0.314048 0.0423211 -0.24708
0.233851 0.223272 -0.112299
-0.657454 -0.24541 0.0489849
-0.842395 0.0369218 -0.247957
0.742844 -0.185367 0.167396
-0.302674 0.137229 0.207836
0.599743 -0.04971 -0.245865
0.713558 0.231692 -0.0935022
0.664512 -0.0978131 -0.231025
0.725235 -0.126236 0.215214
0.165099 -0.046022 -0.246577
0.195836 -0.137612 -0.209774
0.72073 -0.249579 -0.0212517
-0.999799 -0.0257229 0.212225
0.999942 -0.0265718 0.178668
-0.940053 -0.25009 0.0119945
0.355905 -0.168594 0.184164
0.483484 -0.249579 -0.0212564
0.999942 -0.144697 0.162492
-0.15603 0.130667 -0.213618
0.999942 0.118393 0.053261
0.335227 0.0733206 0.238035
0.16566 0.0358409 -0.248118
-0.536641 0.23902 -0.0724775
-0.863214 -0.0642403 0.240892
0.692119 0.098929 0.228565
0.999942 0.157304 -0.151073
0.751863 -0.00519577 -0.250721
-0.543522 -0.0521393 0.243766
-0.70955 -0.00564669 0.249115
0.140974 -0.249752 -0.0190336
0.0131651 -0.230004 -0.0997362
0.853685 0.0841047 0.234434
-0.526368 -0.0156738 -0.250302
-0.122765 -0.250396 0.00251386
0.67507 -0.0515869 -0.24548
0.854818 0.192817 0.157731
0.808914 0.0786719 -0.237914
0.406586 0.161975 -0.190804
0.70172 0.209209 0.135315
0.435913 0.132339 0.210982
-0.992929 -0.234106 0.0193229
0.202643 -0.00767682 -0.250662
-0.999799 -0.0614609 -0.0217609
0.129905 -0.147006 0.201698
-0.172438 0.235741 -0.082638
-0.671292 0.156484 0.193766
-0.252882 -0.177466 -0.17729
0.764571 0.220159 0.11674
-0.415507 -0.248301 -0.0332571
-0.800812 0.221236 0.114697
-0.221828 -0.235255 -0.0865331
-0.773438 -0.232642 -0.0933777
-0.901305 0.0266441 -0.249294
0.229665 -0.250379 0.00358661
0.236259 0.248191 -0.0265147
0.601034 0.0629092 -0.242603
-0.194238 -0.250173 -0.0118575
0.507751 -0.198936 -0.152744
0.109473 0.164247 0.187241
0.38515 0.199273 0.149516
-0.28258 -0.243573 0.0572958
-0.367949 0.181817 -0.171861
0.386686 0.249309 0.00940389
0.564067 0.21352 -0.13003
0.46867 0.0592783 0.241928
-0.76367 -0.249906 -0.0167856
0.15567 0.0538526 0.243199
0.221075 -0.246909 -0.0425338
-0.412176 0.189363 -0.163448
0.0590568 -0.197979 -0.153985
0.0289279 -0.145134 -0.204638
-0.73611 0.233763 0.0865385
0.999942 -0.0184305 -0.170507
-0.384779 0.220316 0.116446
0.172776 0.144461 0.202879
-0.598459 -0.0574066 -0.244191
0.00709446 -0.0948642 0.230653
-0.999799 0.230636 0.000600841
-0.829652 -0.246351 0.0441093
-0.999799 0.0311353 0.137621
-0.358667 -0.230122 0.0978653
-0.469832 -0.154321 -0.197795
0.756829 0.0400198 0.245871
0.435511 -0.229131 0.10014
-0.13009 0.145371 0.202228
0.185245 -0.0176192 0.248578
-0.368424 -0.249906 -0.0167761
-0.00543285 -0.0173349 -0.250196
-0.174453 0.0750782 0.237485
-0.872807 -0.240054 0.070432
-0.932723 -0.167268 0.185362
0.299732 -0.202061 0.146973
-0.150224 -0.201014 -0.149989
-0.130318 0.248649 0.0200241
0.719244 -0.0318672 -0.248784
0.886237 0.00162058 -0.250758
-0.73056 0.245046 -0.047868
-0.163195 0.044633 -0.246667
-0.0858681 0.247396 -0.0332987
0.374292 -0.159136 -0.193938
0.147378 -0.202885 0.145844
0.845506 0.0358749 0.246515
0.05823 0.234467 -0.0862249
-0.835483 -0.246739 -0.0435246
-0.71018 0.216681 0.123048
-0.011802 -0.139299 -0.208657
0.952497 -0.246803 0.0415581
-0.865707 -0.238355 -0.0775125
-0.91496 -0.109093 0.224324
0.543243 0.200035 -0.150096
-0.343632 -0.181676 0.171366
-0.588775 0.159427 0.191355
0.784336 -0.166233 -0.187881
0.130151 0.213419 -0.130197
-0.447417 0.143913 0.203268
0.815589 0.218255 0.120247
0.544452 0.238743 -0.0733974
0.00751039 0.0256879 -0.249396
0.302703 -0.148291 -0.20236
0.692196 -0.119659 0.218912
0.926431 0.246264 0.0393979
-0.666135 0.171089 -0.182618
-0.518453 -0.0568594 0.242721
0.158483 -0.155824 0.195014
-0.0666248 -0.242004 -0.0651073
-0.999799 0.0658716 -0.0252881
0.014136 0.246227 -0.0412274
-0.686077 0.102994 -0.228358
0.307838 -0.0918113 -0.233472
-0.769493 -0.224479 0.110084
0.162009 -0.00534613 -0.250718
0.928272 0.0303897 0.247259
-0.99171 -0.18432 -0.147287
0.48817 0.137378 -0.209335
-0.0597827 -0.122339 -0.219034
-0.69515 0.181138 -0.172583
-0.508291 -0.220612 0.117576
-0.659915 0.215271 0.125487
-0.960214 0.154513 0.195095
0.656448 0.237035 -0.0788025
-0.66957 -0.169229 0.183585
-0.490237 0.188158 -0.164844
-0.740864 -0.0030662 -0.250753
-0.999799 0.150809 -0.0332012
-0.776771 0.227387 0.102031
0.489361 0.225803 0.105472
-0.717853 -0.250152 0.0107318
0.999942 0.129864 -0.101908
0.237465 -0.155696 0.195115
0.468098 0.0854689 -0.235536
0.287132 -0.0588329 0.242255
0.16683 -0.0573108 0.242616
-0.542472 -0.218139 -0.123661
-0.189884 -0.21744 -0.124892
0.999942 -0.0424067 0.197799
-0.631886 0.243033 -0.0573642
-0.999799 -0.020503 0.00753734
-0.826741 0.244005 0.0514068
-0.714235 -0.105754 -0.227503
-0.779643 -0.248869 0.0269799
0.955662 0.221205 0.114755
0.800864 0.0575862 0.242338
-0.764003 -0.0889648 -0.23457
-0.26808 -0.228067 -0.104115
-0.173804 -0.197231 0.153347
-0.564871 -0.247796 0.0353112
-0.999799 0.0566331 0.0746728
-0.531815 -0.236237 -0.0837955
0.0857441 0.248763 0.0186136
0.253827 -0.237497 -0.0801238
-0.699015 0.248978 0.0156213
0.782614 0.130422 0.212171
-0.735004 -0.211578 -0.134623
0.664208 0.10072 0.22778
0.0018074 0.140746 -0.207069
0.891631 -0.18001 0.173103
-0.698743 -0.248586 -0.0310013
0.234234 0.147408 -0.202348
0.582737 0.0314942 -0.248717
0.383879 0.0537445 -0.244821
-0.901082 0.242645 0.0574125
-0.999799 -0.062316 -0.145708
-0.857698 0.0464937 0.244721
-0.697327 -0.131649 0.21197
0.966731 -0.157531 0.189564
0.0734657 -0.14483 0.203255
0.98075 0.213719 0.108105
0.000232002 0.243287 0.0546648
0.646183 -0.0292909 0.247499
-0.813102 0.0215689 0.248197
-0.107342 -0.186343 -0.167914
-0.563045 -0.0688835 0.239619
-0.353529 0.116047 -0.22196
0.253849 -0.0999006 -0.230131
-0.560791 0.0431655 0.245334
-0.00205873 0.0901429 -0.233772
0.678327 0.166649 -0.186706
0.18572 0.0195583 0.248367
-0.662372 -0.141009 -0.207504
0.405239 -0.18184 0.171194
0.508997 0.0271426 0.247641
0.600534 -0.21982 0.119036
0.999942 0.0372887 -0.0513044
-0.944173 -0.246896 0.0410137
0.552182 -0.0663908 -0.241912
-0.240328 -0.0233245 0.24812
-0.684277 0.247888 -0.0292987
0.0364469 0.0999323 0.228127
-0.31642 -0.242545 0.0614416
-0.999799 -0.0647831 -0.0705179
-0.608212 -0.200186 0.149499
0.47609 0.10645 0.225157
-0.692846 -0.245133 0.0503267
0.294127 0.123447 -0.217901
0.0515036 -0.0408535 -0.24748
-0.999799 0.0757117 0.140007
0.778701 -0.00874453 0.249031
-0.217193 -0.0728003 -0.240067
-0.364199 -0.0561108 0.242893
-0.612013 0.0305098 0.247244
-0.382296 0.032067 -0.248642
-0.380584 -0.128743 0.213735
-0.0640768 0.231125 0.0933108
0.267574 -0.162055 -0.191502
0.168942 0.247516 0.0307688
0.472962 -0.0438482 0.245373
0.461112 -0.128339 0.213976
0.123678 -0.180703 0.172385
0.257854 -0.0145928 0.248768
-0.999799 -0.196938 0.0403115
0.458853 0.156829 -0.195085
-0.455057 0.0692773 0.239247
-0.0628839 0.166543 0.185204
-0.0596062 0.213649 -0.129816
-0.502442 -0.0226151 0.248184
0.982279 0.0874532 0.222045
0.0795915 0.189768 -0.162975
0.061365 -0.227589 -0.105163
-0.585312 -0.235102 0.0853539
0.593624 0.240198 -0.0684183
-0.0573827 0.185149 -0.168241
-0.903031 0.180383 -0.173377
-0.403708 -0.0534928 -0.245074
-0.999799 0.0241164 -0.0148504
-0.35574 -0.19759 -0.154486
0.653821 0.249424 0.00603599
-0.882675 0.149113 -0.201086
-0.380061 -0.0411475 -0.247431
0.637202 0.0278086 -0.249164
-0.469944 0.0455148 -0.246504
-0.254162 0.121009 0.217676
0.0869633 0.246392 -0.040205
0.652515 -0.0807839 0.235908
-0.898535 0.133239 -0.212012
0.615169 -0.0520573 0.243783
0.163892 0.202374 -0.146903
-0.971352 0.244045 0.00573484
-0.526161 0.0745904 0.237639
-0.579922 -0.214099 0.128962
-0.55896 0.234204 -0.0869463
-0.450901 -0.190814 -0.162803
0.808146 -0.242306 0.0623625
-0.00780673 0.00372791 0.249134
-0.522362 0.124885 -0.217074
0.0641999 -0.0150076 0.248744
0.866359 -0.169616 -0.184828
-0.982438 -0.223314 -0.088265
0.709599 0.16172 0.189424
0.671145 -0.225122 0.108775
0.219488 0.147067 0.201
0.190322 0.0954591 -0.231635
0.999942 -0.103517 0.0617191
0.694267 -0.22495 -0.110725
-0.415275 0.201936 0.14591
-0.304455 0.186671 -0.166538
-0.441156 -0.0918987 -0.233438
-0.778349 0.144141 0.203106
0.601122 0.245238 0.0452571
0.687182 0.0389792 -0.247637
-0.588546 0.238596 -0.0738807
-0.379195 0.124092 -0.217531
0.634037 -0.149804 0.199644
-0.811123 -0.0836187 0.234927
-0.114417 -0.0703541 0.239195
0.189387 0.169664 -0.183952
-0.764433 -0.188784 -0.165159
0.747649 0.0423964 -0.247067
0.251232 -0.0492906 0.244351
-0.0384769 -0.0888194 0.233027
0.724757 -0.07662 -0.238878
0.953065 0.23517 -0.0842663
0.345816 -0.0771367 -0.238713
0.130869 -0.00562316 -0.250713
-0.123944 0.21304 0.129224
-0.983996 -0.0943679 -0.220231
0.523985 -0.250376 0.00373574
-0.7838 0.0115603 -0.250478
-0.520758 0.0164439 0.248597
0.393057 0.197329 -0.153662
0.485002 -0.0156695 0.248705
0.133051 0.211462 0.13178
-0.678286 0.243224 -0.0565393
-0.399819 0.138873 0.206741
-0.999799 -0.0822961 0.199101
0.999942 -0.00531166 0.0789872
0.702441 0.237919 0.0744607
-0.782411 -0.242075 0.0632416
0.560144 -0.0667988 0.240202
-0.568497 0.21962 -0.119344
0.549391 0.218812 0.119235
0.347447 0.204522 -0.143874
0.135481 0.189958 0.161153
0.0966869 0.0616419 -0.242932
-0.00860224 0.229109 0.0981276
-0.999799 -0.0265169 0.0740332
-0.275737 -0.192894 -0.160327
0.0969993 -0.206284 -0.14263
0.664825 -0.0512945 0.243943
0.427927 0.0712399 -0.240266
-0.883272 -0.250278 -0.00914432
-0.78808 -0.0369455 0.24649
-0.831819 0.204822 -0.143442
0.219595 -0.129143 0.213495
0.39685 0.221545 -0.115699
-0.899297 -0.247544 0.0369977
-0.999799 0.0175919 -0.0670755
0.0927195 -0.222822 0.113369
0.672213 0.221618 -0.115557
-0.440141 -0.128205 -0.215653
-0.813676 -0.196521 -0.155847
0.160176 0.249517 -0.00039845
0.703732 -0.248143 0.0328452
0.625182 -0.168679 0.184087
2.31174e-05 0.0709407 0.238757
-0.651919 -0.249609 0.0192965
0.717085 0.0725066 0.238285
-0.0281487 -0.240645 -0.0700095
0.999942 -0.0866831 0.177737
-0.702558 0.197403 -0.153567
0.509809 0.0719556 0.238453
-0.940432 0.0633232 -0.242494
-0.610152 -0.232121 0.0930747
0.496971 0.249256 0.0106309
-0.346857 0.193084 0.157404
-0.0399308 -0.148989 -0.201846
-0.738277 0.0219106 -0.249764
-0.383386 -0.219071 -0.121995
-0.757558 -0.225212 -0.110187
0.481331 0.00919792 -0.25058
0.720579 0.219188 -0.120142
-0.999799 -0.130697 0.0375952
0.350083 -0.215322 -0.128524
0.799097 0.148927 0.199626
-0.38866 0.179003 0.173214
0.0598505 -0.207029 0.139946
0.346687 -0.160042 -0.193189
-0.295171 -0.0798854 0.236211
0.999942 -0.122426 -0.161905
-0.0548997 0.239065 -0.072329
-0.983476 -0.0794099 0.224706
0.875375 -0.213548 0.129865
0.250128 -0.0070863 -0.250678
0.466611 -0.189642 -0.16417
0.340918 0.0266526 0.247695
-0.585218 -0.123873 0.216573
-0.843948 -0.151221 -0.200178
0.0835871 -0.062235 0.241413
-0.21759 -0.137557 0.208212
0.586111 0.154318 0.195493
0.909564 -0.250066 0.0124592
0.590738 0.150847 -0.199779
0.114441 0.240503 0.0657265
0.30144 -0.213803 -0.131046
0.616071 -0.198677 0.151483
0.847578 0.127795 -0.215361
-0.295108 -0.238658 -0.0765665
-0.999799 -0.155799 0.100589
-0.326222 -0.245288 -0.0511768
-0.722318 -0.175312 -0.179424
-0.0242669 -0.236597 0.0811658
0.387294 0.236246 -0.0811663
0.892868 -0.0834314 0.234993
0.987319 -0.118979 0.204668
0.777209 0.173517 0.178698
-0.847771 0.101069 0.227625
0.674049 -0.155658 -0.196743
-0.238555 0.0804317 -0.237319
-0.176612 0.223047 -0.112749
0.21554 -0.0444693 0.245262
0.304995 -0.250366 0.00429983
-0.154075 0.155704 0.194393
0.53902 -0.168269 0.184459
0.945588 -0.249672 0.0184967
-0.902799 0.21318 0.128994
0.0315463 0.233625 0.08691
0.941822 -0.031191 -0.248869
-0.500668 0.249401 -0.00842847
0.254073 -0.0485903 -0.246087
0.876331 0.247159 -0.0350573
-0.89583 -0.00415046 -0.250739
0.916192 -0.0775593 -0.238576
0.999942 0.0739261 0.0749765
-0.993956 0.116385 -0.203593
0.432046 -0.0943756 0.230851
-0.999799 0.110058 -0.0378179
-0.0381804 -0.126941 0.214802
0.540551 0.249273 0.0102559
-0.808689 0.239201 0.070273
0.271866 0.214444 0.12689
0.0558989 -0.0988373 0.228992
0.195729 -0.178449 0.174701
0.982921 0.165276 0.171763
0.875651 0.162945 0.188373
-0.790057 -0.249029 -0.0271062
0.820528 -0.200643 -0.150487
-0.315713 0.0194715 0.248374
0.378573 0.246363 -0.0403854
0.296251 -0.232123 0.0930705
0.435461 0.0646124 0.240553
-0.206475 0.248358 -0.0248434
0.652054 -0.00554914 0.249117
-0.603862 -0.13741 0.208308
0.511934 -0.0238044 0.248075
-0.949678 0.226137 0.104757
0.839326 0.0125165 -0.25043
-0.619511 -0.16322 0.188911
0.999942 0.0903976 -0.14435
0.999942 0.0124403 -0.00697968
0.547991 -0.181467 -0.173184
-0.490885 -0.240412 -0.0708148
-0.0392598 0.101304 0.227521
0.360773 0.245251 0.0451876
-0.0610205 -0.0713371 -0.240505
0.336064 -0.231735 -0.0956193
0.43537 0.248186 0.0249716
0.237024 -0.196365 0.154446
0.999942 -0.136635 -0.114658
-0.431972 -0.124789 0.21605
-0.695878 0.0398063 0.245906
-0.710055 -0.2252 -0.110212
0.0274789 0.241869 -0.0621592
-0.999799 0.176117 -0.0408032
0.622623 -0.152673 -0.199071
-0.74277 0.247044 0.0342773
-0.321153 0.213123 -0.130685
-0.35041 -0.0747619 -0.239465
-0.577004 0.170673 -0.18301
-0.157878 0.181672 0.170418
-0.737649 -0.243972 0.0556011
0.802532 -0.249883 0.0155427
0.129029 0.249493 0.00273901
0.95064 0.237668 0.0752506
-0.85198 0.2122 -0.132191
0.0437317 0.186354 -0.166896
0.0395552 0.248336 0.0234754
-0.094559 0.241774 -0.0625339
0.694208 -0.249993 -0.0153669
0.393559 -0.250405 0.00174001
-0.0481879 0.000184283 -0.250766
-0.999799 0.0168274 0.0459745
-0.860069 -0.186787 -0.167419
-0.873067 -0.0411818 -0.247426
-0.27861 -0.233579 0.0893926
0.70049 -0.0841285 0.234747
0.534748 0.236843 0.0777888
-0.473391 -0.228919 -0.102217
0.981544 0.231439 -0.0622637
0.0419505 0.225496 -0.107721
-0.0739045 -0.0990538 0.228899
0.661865 -0.20817 -0.139853
0.999942 -0.0402446 -0.215016
-0.84801 0.180859 -0.172877
0.999942 0.150722 0.100334
-0.247127 0.125703 -0.216598
0.976583 0.0409302 0.23785
0.611341 0.00343529 0.249139
0.684785 -0.0869242 -0.235332
0.891111 0.0621429 -0.242803
0.40117 0.0954416 0.230044
0.626086 0.177453 0.174798
0.0977427 -0.17772 -0.177035
-0.738965 0.193129 -0.158947
-0.911966 -0.0620468 0.241461
-0.308388 -0.0990916 -0.23048
-0.222854 -0.0429894 0.245522
-0.277658 -0.113655 0.222065
-0.521234 0.21379 0.127984
0.929205 0.249424 -0.0076538
0.999942 0.202936 0.0706787
0.555672 0.185738 -0.167586
0.227705 -0.182235 0.170776
0.628322 0.240391 -0.0677267
-0.319413 0.166261 0.185457
-0.858433 -0.110893 -0.225044
-0.14537 -0.123338 0.216876
-0.769093 -0.212787 0.131097
0.209755 0.248372 0.0230998
0.236212 0.175297 0.176956
0.919444 -0.150406 0.199194
-0.343582 -0.215045 -0.128989
0.277059 -0.246008 0.0459448
-0.999799 -0.123773 0.180836
-0.628428 -0.160885 -0.192487
0.142852 0.0405412 -0.247383
0.614682 0.137414 -0.209311
0.115495 -0.194905 -0.157869
-0.999799 0.151361 -0.0792969
-0.999799 0.1273 -0.0742752
-0.967178 -0.215786 -0.120827
0.958054 0.05623 0.242658
0.00234702 0.217192 -0.123745
-0.936127 0.164297 0.187196
-0.178378 0.135871 0.208726
0.150053 0.235841 -0.0823474
-0.933868 -0.0145001 -0.250371
-0.999799 -0.0608044 -0.218654
0.351952 0.234252 0.0852179
0.15386 -0.112611 0.222592
-0.0154999 0.202628 0.144951
-0.504865 0.173289 0.178919
0.535236 0.00288506 0.249146
-0.917182 -0.197044 0.153585
0.998836 -0.17144 0.155755
0.970555 0.116002 0.21478
-0.0810845 0.132682 -0.212364
-0.150061 -0.248027 -0.0352848
0.876038 -0.249996 -0.0153154
-0.471714 -0.00845102 0.249041
-0.448572 0.210537 -0.134845
-0.999799 0.143937 -0.146367
-0.715544 -0.188217 0.164209
-0.250199 0.186633 0.164983
0.157853 0.132483 -0.212489
0.739994 -0.186558 -0.167675
-0.999799 0.00797787 0.136174
-0.91829 0.205553 -0.142384
0.596337 -0.171326 -0.183241
0.999942 -0.171264 -0.0337203
-0.00353132 -0.247539 0.0370281
-0.147527 0.217879 -0.122521
-0.192966 -0.143419 -0.205844
-0.0937401 0.243823 0.0522517
0.828757 -0.236234 -0.0838043
-0.999799 0.0797537 -0.0648599
-0.843541 -0.0214096 0.248288
-0.78829 -0.0939737 0.231014
0.266545 0.101062 -0.229226
-0.646078 0.185085 0.166714
0.587629 0.0204986 0.248289
-0.390332 -0.000779075 -0.250766
-0.717254 -0.149904 0.199569
0.0332011 0.0620364 -0.24283
-0.191009 -0.0329859 0.247042
0.346578 0.214073 0.127511
0.886423 0.249421 0.00613034
0.264603 0.0471142 -0.246199
-0.156399 0.208306 0.136696
-0.999799 -0.103578 0.0720163
0.176772 -0.211308 0.133449
-0.47727 0.156038 -0.195722
0.118653 0.122471 -0.218455
0.737831 0.243543 -0.0551223
0.538689 0.158661 0.19199
-0.881405 -0.247945 -0.0358725
-0.103866 0.227134 -0.104188
0.52252 -0.242335 0.0622541
0.589772 -0.0920616 0.231776
0.461074 0.249153 -0.0142938
-0.0740188 -0.249826 0.0163834
0.0469213 -0.238082 -0.0783538
-0.434731 -0.164303 0.187977
0.204456 0.208502 -0.137995
0.64409 -0.24 -0.0722089
-0.39616 -0.022407 0.248203
0.952521 0.156569 0.193698
0.644685 0.0416618 0.245596
0.943938 -0.237516 -0.0800673
0.286308 -0.028182 -0.249223
-0.695509 -0.249824 0.0164207
-0.999799 0.11993 0.152783
-0.0220679 0.0582486 -0.243777
0.554097 -0.247166 -0.0409864
0.630984 0.169462 -0.184139
-0.951576 -0.0913998 0.232036
0.779381 -0.196952 0.153703
-0.443201 0.242778 -0.0584535
-0.228225 0.248701 0.0193927
0.790578 0.24885 0.017456
-0.838126 0.0728789 -0.239769
-0.416042 -0.0100321 -0.250583
-0.246528 -0.223684 0.111675
-0.423249 -0.0120048 0.248902
-0.526336 -0.227484 -0.105391
0.544961 0.191406 0.159435
-0.783292 0.248433 0.0224636
0.0499851 0.121872 -0.218792
-0.512701 -0.0961986 -0.231701
0.261112 0.185615 0.166125
-0.14777 -0.250171 0.0102946
0.197626 0.153848 0.195863
0.116364 0.222367 -0.114097
-0.873423 0.0395625 -0.247543
0.488046 -0.215124 -0.128857
-0.999799 -0.0680456 0.153057
0.0869571 -0.0504474 -0.245715
0.112561 -0.228312 -0.103573
-0.621484 0.138526 0.206974
0.498255 0.144292 0.202999
-0.0974194 -0.24921 0.0237377
-0.99554 0.0946501 0.212242
-0.472372 0.243738 0.0526443
-0.71294 -0.147984 -0.202584
0.844556 -0.183517 0.169408
0.999942 -0.0617606 0.00729556
-0.935652 -0.0916266 -0.233545
-0.0976139 0.164729 -0.188415
0.295501 0.232371 0.0901867
0.161453 0.246488 -0.0395951
0.0974259 0.0996674 0.228243
0.129995 -0.16459 -0.189324
-0.203386 0.213176 0.129
0.426489 0.177348 -0.176502
0.254365 0.20221 -0.147129
-0.529248 -0.196966 0.153686
-0.011551 0.176048 -0.177808
-0.525341 0.113284 0.221796
-0.0854143 -0.0510881 -0.245584
0.0245159 -0.174295 -0.180415
-0.999799 -0.100403 -0.132079
0.255828 -0.250405 0.00170385
0.630328 0.220212 0.116641
-0.0846166 0.212594 0.129953
-0.999799 0.09299 0.0382186
0.0882287 0.220608 -0.117491
0.822075 -0.125059 0.215896
-0.999799 -0.109707 -0.063459
-0.142463 -0.150975 0.198766
0.185344 -0.173315 -0.181358
-0.87518 -0.211785 -0.134296
0.180918 -0.241027 -0.0686712
0.301103 0.103984 0.226308
0.412621 -0.248034 -0.0352373
0.724469 -0.0538003 -0.245007
0.999942 0.057732 0.195937
-0.999799 0.082946 0.0822794
0.420899 0.205989 0.140151
0.477098 -0.232967 -0.0925565
-0.977654 -0.0270849 -0.24097
-0.201671 -0.106537 -0.227138
0.112472 0.122997 0.21656
0.0567829 -0.10606 -0.227361
-0.999832 0.0566216 0.223352
-0.919302 -0.128016 -0.215766
0.999942 0.135648 -0.158291
0.999942 -0.199511 -0.0545165
0.999942 0.0378367 0.158597
0.863414 -0.0303498 -0.248972
0.808907 -0.19222 0.159538
-0.999799 0.0701052 -0.00185143
-0.570984 0.212478 0.130141
0.905162 0.0663106 0.240089
-0.700583 0.028384 -0.249098
-0.370585 -0.234092 -0.0896531
-0.277014 0.221912 0.113389
0.572598 -0.211889 0.132533
-0.255133 -0.107572 0.225052
-0.336903 0.00443312 -0.250719
0.241641 0.157788 0.192707
-0.390175 -0.243824 0.0562343
0.0341572 0.00423564 0.249125
-0.557797 -0.240395 -0.0708731
-0.0564281 -0.248684 -0.0301903
-0.217684 0.244448 0.0492895
0.520524 0.112349 0.222271
-0.61732 -0.244354 -0.055523
0.975142 0.169524 -0.174294
0.997979 0.212684 -0.0930273
0.08484 -0.236858 -0.0820076
0.412053 0.2396 -0.0705107
-0.14897 0.228984 0.0984163
-0.243611 0.147388 0.200765
0.509076 0.245944 0.0413165
-0.946759 0.24457 0.0486882
0.768436 -0.128877 -0.215253
0.345024 -0.147714 0.201184
-0.999799 0.200123 0.0806463
0.867382 -0.00564994 0.249115
-0.702877 0.146184 0.201642
0.423589 -0.237707 -0.0794932
-0.0246507 -0.169384 0.183443
-0.999799 0.215823 0.0288371
-0.571016 -0.223044 -0.114534
0.0101439 -0.070127 0.239261
-0.197904 -0.236674 -0.0825434
0.0303584 -0.190098 0.162043
0.651653 -0.250348 0.00511363
-0.657016 -0.0414333 0.245786
0.999942 -0.0913565 0.201108
0.20239 0.085586 0.233896
-0.796166 -0.154372 0.196157
0.391282 -0.0849713 0.234446
-0.688941 -0.0462314 -0.246538
0.999942 0.128083 0.190742
0.225594 -0.163139 -0.190578
0.470985 -0.106872 -0.226981
-0.368614 -0.248684 0.0285884
0.345363 0.249483 0.00337423
0.999942 -0.228927 -0.0227091
0.294527 -0.249415 -0.0231632
-0.29205 0.146896 -0.202722
-0.308091 -0.00187199 0.249165
-0.826642 -0.124986 0.215938
0.508264 0.232704 -0.0909264
-0.243571 0.187075 -0.166081
0.347903 0.182384 0.169657
-0.472899 -0.0596504 0.242057
0.874326 0.0928166 0.231117
-0.656206 -0.248694 -0.030105
0.889528 -0.189559 -0.164266
-0.607912 0.200109 -0.149996
-0.432653 0.0381011 -0.247776
-0.218023 -0.083648 0.234917
0.0862726 -0.242113 0.0630967
0.522575 0.141237 -0.206732
-0.568585 -0.227951 0.102774
0.270326 -0.0957638 0.230284
-0.949776 0.208933 0.135739
-0.999799 -0.0283284 0.119975
-0.184278 0.171107 0.181003
-0.999799 -0.0623846 0.0923391
0.999942 0.0446097 -0.210135
0.947038 0.120911 0.217731
0.999942 0.0589119 0.0333466
-0.225982 -0.116218 -0.222342
-0.864862 0.110552 -0.224768
0.0624261 -0.0813338 -0.237319
-0.436814 -0.249955 0.0144054
0.547151 -0.0427086 0.245571
0.842458 -0.182479 -0.172115
-0.420498 -0.20809 0.138375
0.990835 -0.104533 -0.212121
0.299941 0.0800124 -0.237462
0.222668 0.111696 -0.224198
0.272798 -0.17926 0.173875
-0.736275 0.191708 0.159074
0.414938 0.0513115 -0.245349
-0.675902 0.0627843 -0.242636
-0.85022 0.147753 0.200496
0.947306 -0.142092 0.205166
0.980658 0.195696 -0.139636
-0.814972 -0.0860442 -0.235655
0.485838 -0.248491 0.0301796
-0.606939 0.17479 0.177456
-0.745538 -0.119708 -0.220484
-0.784815 0.203381 -0.145493
0.0802496 0.136645 0.20822
0.325744 0.20107 -0.148696
-0.784097 0.0556835 -0.244382
0.639829 -0.0837028 -0.236495
0.807728 -0.23909 -0.0751958
0.0182124 -0.0874951 -0.235121
0.999942 -0.112032 0.164811
-0.530595 0.164572 -0.188553
0.282757 0.174627 0.177616
0.809996 0.1949 -0.156755
0.999942 -0.153162 0.0774579
0.704117 0.180913 0.171222
-0.114624 -0.21117 -0.135264
-0.41177 0.0600733 0.241731
-0.868346 0.247604 0.0300726
0.9313 0.104472 0.226082
-0.624697 -0.243416 0.0579494
-0.287321 0.196624 -0.15457
0.645007 0.0498955 -0.245644
-0.655291 0.00393746 0.24913
0.616544 0.248454 -0.0238315
-0.464681 -0.212559 0.131465
-0.323647 0.129884 0.212501
0.306969 0.249361 0.00805586
-0.999799 0.038071 0.181177
-0.743387 -0.0383772 0.246275
0.990392 0.221271 0.0793738
-0.121249 -0.145103 0.203062
0.659836 -0.187385 0.165151
0.34655 0.136092 0.208581
-0.79065 0.172461 -0.181314
-0.784024 -0.174693 -0.180028
0.999942 -0.204532 0.0642193
0.0320951 -0.110536 -0.22522
0.75389 -0.22634 -0.107839
0.126639 0.247066 0.0341253
0.110907 0.0547957 0.242987
0.438393 -0.157965 0.193296
-0.613739 0.18113 -0.172591
-0.287356 -0.22101 -0.11843
-0.097208 -0.00351666 -0.250748
0.0947051 0.193891 0.156412
-0.333092 -0.102672 -0.22891
0.901698 -0.0326938 0.24708
0.678632 -0.248002 -0.0354695
0.0279715 -0.19817 -0.153739
-0.929421 0.12158 0.217358
0.687486 0.242716 0.0571159
-0.77479 -0.240574 -0.0702567
0.857048 -0.205365 0.142357
-0.540259 -0.248927 0.0264573
0.587918 -0.194758 0.156453
0.595441 -0.0103514 -0.25057
0.591313 0.233149 -0.089767
-0.854883 -0.231629 -0.0958779
0.688386 -0.137589 -0.209788
0.71319 -0.15921 0.192279
-0.690065 0.144958 -0.204122
-0.372915 -0.110844 -0.225069
-0.011202 0.235296 -0.0839096
-0.906385 0.234277 -0.0867477
0.131252 0.245768 -0.0439341
0.685212 -0.146255 0.20224
-0.849778 -0.00694697 -0.250682
-0.584018 0.0184945 -0.250048
0.151795 -0.212268 -0.133528
-0.114628 0.190306 -0.162342
0.0401424 -0.0615169 0.241595
-0.497547 -0.0258179 -0.249476
-0.999799 -0.0552148 0.196713
0.843801 0.249508 -0.00295565
0.999942 0.168563 -0.0244075
0.622041 -0.22306 0.112905
0.539336 0.128487 0.213349
-0.53602 0.19356 -0.158418
0.821855 -0.109692 -0.225632
-0.310127 -0.205081 0.142762
0.0826443 -0.218578 -0.122881
-0.749589 0.235149 -0.084326
-0.276029 -0.100936 -0.229679
0.443095 -0.247155 0.0394555
0.412453 -0.210821 0.134212
0.95934 -0.246301 -0.0459765
0.0729265 0.0730464 0.23812
0.958298 0.132056 -0.212756
-0.169934 0.246591 -0.0389342
-0.229319 0.112487 -0.223799
-0.999799 -0.169148 -0.0110034
-0.582037 0.194939 0.155108
-0.18338 -0.00734129 -0.250671
0.999942 0.0948195 0.0586674
-0.760967 -0.250082 0.0121422
0.433047 -0.187431 0.165098
-0.14027 -0.136237 -0.21067
0.0435351 0.150276 -0.200212
-0.4766 -0.0627991 -0.242866
0.865725 -0.249449 0.0211847
-0.910653 0.248391 -0.0245075
0.228239 -0.0924123 0.231638
0.118477 0.0850903 0.234077
0.260485 0.129014 0.21303
-0.0350389 0.145761 0.201947
-0.790277 -0.245572 -0.0497782
0.47602 0.235668 0.0812492
-0.0244116 0.227973 -0.102322
-0.256858 -0.169264 0.183553
0.231979 -0.220392 -0.119582
0.511379 -0.170425 -0.184081
-0.492915 -0.228995 0.100449
-0.737732 0.0329331 0.24693
-0.993879 0.185386 -0.143128
0.167492 0.116145 0.22031
0.543518 -0.140273 0.206405
-0.595788 0.148841 -0.201288
0.237349 0.24948 0.00352602
0.976937 0.104196 -0.219053
-0.805293 0.217329 -0.123503
0.999942 0.199358 -0.0484359
0.278084 0.245064 -0.0477743
0.321782 0.23929 0.0699714
-0.786511 0.202379 0.145298
-0.865207 0.193427 0.156985
-0.744504 0.129723 0.2126
-0.332177 -0.132548 0.211413
0.532654 -0.202915 0.145802
-0.818159 0.0432134 0.245326
-0.769985 0.108106 -0.225964
-0.899571 -0.245859 -0.0483182
-0.757153 0.215503 0.12509
-0.117398 0.0313853 -0.248731
0.248926 0.0443649 0.245119
-0.00940669 -0.1205 -0.220052
0.318344 0.202173 0.145584
0.739177 -0.202618 -0.147809
-0.139035 -0.21514 0.127233
0.118745 -0.231322 0.0950233
0.999942 -0.099276 -0.0460142
0.494895 -0.226353 -0.107811
0.594042 0.106238 -0.226855
0.645125 -0.0599078 -0.243592
0.999942 -0.182102 0.0535671
0.933939 0.065126 -0.242012
-0.0685627 -0.203429 0.145089
0.283316 0.210877 -0.134308
0.309806 0.17006 -0.183583
0.942637 -0.108606 -0.226157
0.335801 -0.0510874 0.243986
0.36694 0.139891 -0.207652
-0.776791 -0.130041 -0.214551
0.920811 -0.218878 0.120745
-0.0622695 -0.183467 0.169461
-0.929578 0.218304 -0.121756
-0.849104 0.238464 -0.0743092
0.199187 0.235193 -0.0842037
-0.38986 0.0962513 0.229706
-0.208055 -0.17457 0.17855
0.641087 -0.180418 -0.174279
0.999942 0.0817552 -0.114163
-0.650943 0.182343 -0.171299
0.86629 -0.127337 -0.216167
-0.0765063 -0.109624 -0.225665
-0.609518 -0.249685 0.0183249
-0.353997 -0.00586403 0.24911
0.0668963 -0.184711 -0.169712
-0.93868 -0.13237 0.211524
0.400362 -0.204911 -0.144602
-0.491132 0.247996 0.0267436
-0.6689 0.241247 0.0629691
-0.85428 0.0112724 0.248894
0.485641 -0.198211 0.152088
-0.625077 -0.250037 -0.0145886
-0.701082 0.241149 -0.0649358
0.901079 0.0181573 0.248475
-0.583552 -0.250083 0.0121231
-0.0369496 -0.0455609 -0.246662
0.916642 -0.244704 0.0523398
-0.468762 0.220224 0.116619
-0.0956495 -0.179702 0.173421
0.999942 -0.0994867 0.141926
0.432882 -0.189262 -0.164609
-0.746346 -0.246714 -0.0436689
-0.0610658 -0.1417 -0.207032
-0.411593 0.0197885 0.248348
-0.156504 0.248849 -0.0190647
-0.999799 0.157811 0.0574206
-0.650583 -0.19611 -0.156366
-0.801792 0.242979 -0.0575974
0.563421 0.232156 -0.0923306
-0.463091 0.249232 -0.012748
0.99943 0.0690211 -0.221688
-0.190324 -0.00739744 0.249072
-0.383842 0.232505 -0.0914384
-0.913071 -0.054703 -0.244808
0.193565 0.17696 0.175296
-0.236928 -0.20729 -0.141159
-0.942749 0.238954 -0.0726966
-0.74098 0.0636002 -0.242421
-0.259837 -0.0774457 0.237015
0.432876 0.171891 0.18026
0.141338 -0.0113106 0.248933
0.203469 -0.213073 -0.132234
-0.71146 -0.105768 0.225899
0.88017 -0.160946 0.190838
0.926657 0.0129385 -0.250408
-0.45881 -0.0973124 0.229639
0.095056 -0.250011 -0.0150563
-0.521236 -0.0114977 0.248924
-0.29476 0.0709957 0.238741
0.306506 0.242624 -0.0590997
-0.58729 0.243091 0.0555178
-0.44431 0.182576 0.169451
0.23044 -0.0820374 -0.237077
0.431582 0.225917 -0.106826
-0.261032 0.246846 0.0356467
0.634368 0.246477 -0.0396659
-0.0516361 0.249174 -0.0139067
0.389289 -0.0436816 0.245402
-0.195512 0.103847 0.22637
0.0450558 0.248904 -0.0183015
0.157773 -0.24892 0.0265272
0.198707 0.139607 -0.207844
0.22097 -0.20519 0.142607
0.302946 0.00918921 0.248983
-0.837296 0.228854 0.0987163
-0.0782902 -0.218883 0.120736
0.999942 -0.0427802 -0.0336224
0.271639 0.234512 -0.0861022
-0.385451 -0.244507 -0.0548338
-0.190211 0.240406 0.0660757
-0.376225 0.0327263 0.246957
0.546281 0.0976821 -0.230699
0.0452961 -0.218897 -0.12231
0.58424 0.0762229 -0.238717
-0.220187 0.23221 0.0905965
0.229171 0.24427 0.0501494
-0.973672 0.202225 0.134165
0.124541 -0.209737 0.135887
-0.170527 -0.188909 -0.165015
-0.517517 -0.124616 0.216149
0.376516 0.053831 0.243204
-0.0242519 -0.250412 -0.00246685
0.213554 0.198804 0.150137
0.583044 -0.13419 -0.21198
-0.742282 0.0547752 0.242992
-0.770358 0.160167 0.190737
-0.373141 0.133741 0.210096
-0.5053 -0.237799 0.0776186
-0.88278 0.1307 0.212
0.65744 -0.116695 -0.222093
0.565056 -0.0493195 -0.245943
0.592421 0.198001 -0.152789
0.892753 -0.243248 -0.0602384
0.371088 0.242129 -0.0611256
-0.39681 -0.0885561 0.233127
0.206658 -0.0213609 0.248293
0.404542 -0.223327 -0.113978
-0.445076 -0.249382 -0.0235344
-0.149317 -0.232355 0.0924961
-0.345445 -0.13025 -0.214424
-0.673558 0.177304 0.174948
0.0103096 0.24843 0.022497
0.233075 0.0258169 -0.249383
0.999942 -0.00406679 0.100668
-0.200004 -0.24709 -0.0414514
-0.999799 0.0393959 -0.0577355
-0.791857 0.249014 -0.0166628
-0.30368 0.0414933 -0.247222
0.999942 -0.0258436 -0.0043221
-0.0349087 -0.24834 -0.0329588
0.963525 -0.174439 0.176347
0.351985 0.187464 -0.165638
0.493866 -0.157889 0.193358
-0.998816 0.204281 -0.109451
0.400152 0.000556423 0.249167
0.094987 0.20847 0.136446
0.300967 -0.121009 0.218174
0.453083 -0.250412 -0.00241978
-0.0364019 0.196369 0.153299
-0.606478 0.247688 0.0293912
0.483993 0.156593 -0.195276
0.0490597 0.212559 -0.131607
-0.22578 -0.00356177 0.249149
0.62841 0.229561 -0.0986708
0.959928 -0.249366 -0.0237018
0.45994 -0.249117 0.0246696
-0.122954 -0.244851 -0.0532574
0.201796 -0.23731 -0.0806807
0.999942 -0.0818052 0.128465
0.308151 0.22436 0.10849
0.999942 0.0265569 -0.157176
-0.470856 -0.094386 -0.232445
0.439729 0.0249175 0.247878
0.487841 -0.233883 0.0886039
-0.689911 -0.229178 0.100034
0.774114 0.248557 -0.0226879
0.559297 -0.245209 0.0499629
0.858463 0.0783333 -0.238027
-0.462123 -0.214959 -0.129133
-0.999799 0.148466 -0.114755
-0.0415202 0.0282792 0.247512
-0.938002 0.198243 0.150874
0.904202 -0.209884 -0.137259
-0.855406 0.0186537 -0.250035
-0.145443 -0.00258303 -0.250757
0.828889 -0.149606 -0.201388
-0.900758 0.194273 0.155939
-0.995343 0.124899 0.19608
0.0408308 -0.245521 -0.0500337
-0.224189 -0.16849 -0.185857
-0.805462 -0.228025 0.102609
0.969891 0.193369 0.149605
-0.999799 -0.00437648 0.200629
0.915423 -0.247173 -0.0409404
0.0371382 -0.246968 0.0405878
0.850255 -0.0651391 0.240653
-0.119643 0.208463 -0.138055
-0.998033 0.133157 -0.190637
-0.612787 0.212332 0.130379
0.15758 -0.114489 -0.223238
-0.917133 -0.218883 -0.122334
-0.494735 0.220617 -0.117475
0.144511 -0.186826 -0.167376
0.264257 -0.242875 -0.0617392
-0.173729 0.0648727 -0.24208
-0.463228 -0.0220702 -0.24983
0.999942 -0.092245 -0.0905732
0.0410768 -0.237996 0.0770183
0.80017 -0.170046 0.182834
-0.874227 0.245511 -0.0453719
0.822455 -0.0448612 -0.24679
0.112115 0.0760917 -0.238759
-0.999799 -0.146914 -0.0800896
-0.603841 -0.0143882 -0.250378
-0.838971 -0.220667 -0.11907
-0.433632 -0.0590909 0.242193
-0.521313 -0.246113 -0.0469888
-0.755218 0.225505 0.106104
-0.521695 -0.205245 -0.144127
0.391678 -0.160126 0.191522
-0.701522 0.12688 -0.215906
-0.700024 -0.0263988 0.247818
-0.179849 0.117131 0.219788
0.235428 -0.232556 -0.0935912
0.980468 -0.14493 -0.192937
-0.211123 -0.196524 -0.155843
0.537157 -0.118562 0.219504
-0.322916 -0.248585 0.0294164
0.958272 0.247544 0.0305491
0.59442 0.167383 -0.186045
-0.573915 0.249396 -0.00860216
0.824492 0.0925952 -0.232804
-0.999799 -0.125384 -0.173463
-0.0802259 0.0520374 0.243596
0.906197 -0.13014 -0.214491
0.0222011 0.240551 0.0655519
0.984602 -0.232186 -0.0570711
-0.654514 -0.178459 -0.176288
-0.680259 -0.250053 -0.0142877
-0.549151 0.238768 0.0717171
-0.260873 0.157512 0.192932
-0.733168 -0.0644224 -0.242442
-0.987358 0.149849 0.182602
0.999942 0.0651182 -0.178687
0.674492 -0.201688 0.147482
0.856541 0.0298764 -0.24892
-0.89347 -0.22415 -0.112343
0.89906 0.191627 -0.160768
-0.924398 -0.244917 0.0513517
-0.393542 0.192915 0.157612
-0.137863 0.168602 -0.184932
0.489412 -0.21857 0.121297
0.684255 -0.239461 0.072395
-0.144707 -0.20124 0.148087
-0.889547 0.167477 0.184361
-0.104893 0.12952 -0.214321
0.221321 -0.247267 0.0387645
-0.280294 -0.24643 -0.0452677
0.865248 -0.09863 0.22908
0.806005 0.242561 0.0577613
-0.867875 -0.0877245 -0.235036
-0.0378361 0.0208275 -0.249859
-0.118592 -0.0976587 -0.231091
0.356582 0.0846809 -0.235823
0.762203 0.0139133 -0.250353
0.508924 0.249264 -0.0120553
-0.13603 0.0414682 0.245629
-0.999799 0.0489491 0.0145855
-0.641206 0.222857 -0.113127
-0.995025 -0.231748 -0.0331048
0.416594 -0.250152 0.0107262
-0.999799 0.189246 0.116278
-0.64092 0.0274096 0.247611
-0.999799 0.0787458 0.116698
-0.712403 -0.236142 0.0824656
-0.999799 0.107747 0.170691
0.753983 -0.248711 0.0283608
-0.165779 0.239558 0.069058
-0.320725 0.0806375 -0.237249
-0.160759 -0.0956659 -0.231922
0.174909 -0.201202 -0.149736
-0.999799 0.0208945 0.212882
0.562517 0.0281225 0.24753
-0.134853 0.185785 -0.167533
0.515089 -0.0571839 0.242645
-0.456841 -0.243927 -0.0573934
0.561897 -0.0137415 0.248815
-0.500754 0.0919971 -0.233043
-0.120508 0.152605 -0.19843
-0.0230887 0.249311 -0.0109476
0.999942 -0.129292 -0.0359166
-0.509173 0.0173829 -0.25013
0.223433 0.00738212 0.249046
-0.0813937 -0.186101 -0.168183
0.86295 0.128819 0.213148
0.399277 -0.240871 -0.06922
0.196628 -0.103034 -0.228747
0.999942 -0.166045 0.00381603
0.470389 0.249344 0.00851579
0.526932 0.2206 0.11591
-0.263929 0.0158052 0.24864
-0.955408 0.0393671 0.245977
0.916389 0.226031 -0.106582
-0.217198 0.17079 -0.1829
-0.58115 0.0783211 -0.238031
-0.13401 0.248335 -0.0250833
0.246494 0.238631 -0.0737663
0.898298 0.0397579 -0.247511
0.360089 -0.238539 -0.0769406
0.999942 0.195309 -0.122905
0.760078 -0.238888 0.074242
-0.526287 -0.180691 0.172397
-0.380482 -0.206604 0.140568
-0.723628 0.0687573 0.239397
-0.343925 -0.249367 0.0220925
0.197319 -0.158871 0.192557
-0.370729 0.111542 0.222677
0.999942 0.20944 -0.00155754
0.702342 -0.208638 0.137555
0.643335 0.244945 0.0467921
0.585186 -0.0881146 -0.23489
-0.0287453 -0.193735 0.157708
0.114845 -0.0855768 0.234227
-0.124125 -0.244024 0.0553731
0.402192 -0.120014 0.218719
0.832726 0.0808708 0.235571
-0.630035 -0.234819 0.0861195
-0.049404 -0.226964 0.104915
-0.999799 0.142375 0.0918045
-0.96206 -0.0142461 0.247734
0.271155 0.185524 -0.167824
0.212593 0.183469 0.168487
0.114159 0.20211 -0.147267
-0.26238 -0.031163 -0.248872
0.527076 -0.204268 -0.145512
0.582754 -0.248119 0.0330256
0.420653 0.0902876 -0.233716
-0.0568198 0.0966853 -0.231121
-0.456068 0.249314 0.00929834
-0.81614 -0.235848 -0.084891
0.649995 -0.248754 -0.0295871
-0.824909 0.247801 0.0284477
0.342984 -0.00614729 0.249104
-0.382314 -0.00398545 0.249144
0.453826 0.203977 -0.14465
0.0911621 0.105132 -0.227374
-0.803634 -0.209191 0.136719
-0.298007 -0.0603714 -0.243478
0.280993 0.0174236 -0.250127
0.0332258 -0.132232 0.21161
-0.572977 -0.102624 -0.228931
-0.659519 0.115487 -0.222254
-0.345978 0.148487 -0.201551
0.556176 -0.105908 0.225834
0.254156 -0.247315 -0.0400636
-0.543128 -0.250413 -0.00234422
0.848954 0.0548715 -0.244568
0.122337 -0.248672 0.0286876
0.0860681 0.249478 -0.00524432
-0.285729 -0.0282244 0.247621
0.0781552 0.231921 0.0913298
0.999942 0.0502852 -0.120616
-0.327846 0.0604097 0.241647
-0.0928766 -0.231951 0.0934947
0.233974 -0.243586 0.0572416
-0.897699 0.147349 0.200793
0.147668 -0.247407 -0.0394788
0.97321 0.0406176 -0.241098
-0.306892 -0.210394 -0.136472
-0.728672 0.0970263 0.22938
0.927855 -0.203485 -0.146608
-0.366549 -0.247321 -0.0400231
-0.671488 -0.106028 -0.227376
-0.803953 0.178109 0.174131
-0.500141 -0.225251 -0.110108
-0.613255 -0.231145 -0.0970471
-0.265224 -0.206521 -0.142286
0.610862 -0.249437 0.0213211
-0.0327382 -0.209969 0.13553
0.797473 0.105864 0.225434
0.977454 -0.0342465 0.238632
0.765316 -0.0782296 -0.238358
-0.999799 -0.175317 0.0411617
-0.412152 -0.234799 -0.0877733
-0.999799 0.0795319 -0.139984
0.497882 0.0536108 -0.244851
0.746571 0.249203 0.0117404
0.776333 0.146595 -0.202941
0.976368 -0.181812 -0.161491
0.821919 -0.170863 -0.183673
0.879148 -0.243017 0.0595749
-0.424257 0.240392 0.0661274
0.0745998 -0.180859 0.172223
0.553893 0.0142083 -0.250336
-0.332148 0.240959 -0.0656469
-0.444797 0.0827134 -0.236527
0.404179 -0.241152 0.0666275
0.999942 0.0227866 -0.0975108
-0.703386 -0.00433494 -0.250736
0.561307 0.0695421 -0.240767
-0.637497 0.144925 -0.204146
0.999942 -0.150911 -0.161699
0.440336 0.248906 -0.0182715
0.34701 -0.244457 0.0534631
-0.999799 0.0772188 -0.108485
-0.812792 -0.0510501 0.243994
-0.030946 0.248005 0.0266584
0.784011 0.169895 -0.183737
0.0505927 -0.195466 0.155575
-0.407034 0.0401526 -0.247447
0.240443 0.123284 -0.217994
-0.999799 -0.136087 -0.134922
-0.758955 -0.231985 0.0934114
0.304425 -0.154824 0.195804
-0.395425 -0.137865 -0.209607
-0.142514 -0.171946 0.181061
0.56294 -0.0851273 -0.235987
0.701455 -0.177168 0.175991
0.908151 -0.121127 0.21811
-0.451597 0.042012 0.245536
-0.999799 0.0137305 0.0832612
-0.73313 -0.226967 0.104908
0.944302 -0.121366 0.217977
-0.336728 -0.250079 -0.013804
-0.0397103 -0.179705 -0.175016
0.628684 0.236426 0.0790352
0.982414 0.00811915 -0.240137
-0.792235 -0.0295659 -0.249065
-0.195218 0.0309285 0.247191
0.457802 0.237052 -0.0787499
0.455347 -0.21874 0.120993
0.119141 -0.149014 -0.201828
-0.664925 0.231724 -0.0934208
-0.999799 -0.0918938 0.180427
-0.098398 0.0135557 0.248776
-0.0784083 0.208689 -0.137711
-0.520634 0.0996497 -0.229849
0.16489 -0.22767 -0.104986
-0.412209 -0.249857 0.0159311
0.0440185 0.103772 -0.228003
-0.965601 -0.131097 -0.210729
-0.22614 -0.202268 0.146691
0.468574 0.156448 0.193795
0.674275 0.227133 0.102592
-0.660164 -0.017401 -0.250191
-0.15351 0.249188 0.0120404
-0.999382 -0.0448986 0.226406
0.175504 -0.245733 -0.0489683
0.514274 -0.195535 0.155489
0.167811 -0.222225 0.114526
0.2818 -0.0723815 -0.240193
0.820523 0.0540134 -0.244761
0.579782 0.234846 0.083578
0.0089016 0.172761 -0.181025
-0.550099 0.119533 0.21849
-0.616724 0.0364302 -0.248031
-0.716864 0.0277182 0.247577
0.656107 -0.131646 0.211972
0.577097 -0.111343 0.223225
-0.999799 0.11764 0.0588491
0.253087 0.139963 -0.207603
0.932579 0.0986362 -0.230289
0.110907 0.140741 -0.207073
0.999942 0.16278 0.147638
0.999942 0.110065 0.100675
0.192386 -0.065522 -0.242148
0.213241 0.0449865 -0.246602
0.257991 0.237621 0.0753971
-0.127163 0.239913 0.0678262
0.338986 0.0562525 -0.24425
-0.951258 -0.212048 -0.133878
0.999942 -0.0783148 0.102427
0.999942 -0.00833745 -0.222368
-0.516431 -0.0803309 0.236062
-0.825742 0.245514 -0.0453561
0.429159 -0.113228 0.222282
0.0188822 0.249095 -0.0153332
-0.00655425 0.219004 0.118883
0.602958 -0.0707703 -0.240671
0.949239 -0.165472 -0.188553
0.999942 0.0898997 0.199827
-0.0981207 -0.249202 -0.0254256
-0.639401 0.238195 0.0735816
0.787062 0.249507 -0.00312235
0.111022 -0.0189575 0.248483
0.303869 0.220123 -0.118406
-0.192682 0.237858 -0.076251
-0.860212 -0.147653 0.201229
0.821676 0.0121698 0.24885
-0.274195 0.0840911 0.234438
-0.255764 -0.0560688 -0.2445
-0.623545 0.120806 0.217789
0.677601 0.248688 0.0195465
-0.447864 -0.24734 0.0383077
-0.999799 0.00268671 -0.22093
-0.31449 0.14637 -0.203104
-0.650906 -0.225877 0.107213
0.0858802 0.0148309 -0.250299
0.587486 -0.184605 -0.169827
0.585314 0.201902 0.145958
-0.904994 0.248752 0.0187453
0.190767 -0.250284 -0.00896749
-0.9534 0.248445 -0.0239345
-0.959026 0.137788 0.207465
0.496769 -0.250399 0.00229036
0.999942 -0.0114198 0.0297969
0.254161 0.17403 -0.179798
-0.828515 0.077762 0.236618
0.117644 -0.0216894 -0.249862
-0.763088 0.241507 0.0619746
-0.99401 0.228619 0.0470673
-0.986005 -0.136137 -0.196027
-0.29097 -0.227013 0.10481
-0.739402 -0.208016 0.138485
0.666667 0.242746 0.056988
0.211515 0.242794 -0.0583845
-0.829239 -0.122767 -0.218795
-0.236254 -0.237243 0.0792827
0.370814 -0.246413 -0.0453662
-0.373268 0.248312 0.023717
0.194317 0.249391 -0.00874571
-0.999799 0.135204 0.0461262
0.999942 -0.146577 -0.094629
0.125831 0.152935 -0.198174
-0.537421 -0.0338789 -0.248521
0.0377339 0.199626 -0.150644
0.356053 -0.10487 0.226314
-0.202382 0.0335152 -0.248448
0.847004 -0.0862871 0.233969
-0.338137 -0.0773845 0.237035
-0.186627 -0.126274 -0.21679
0.283195 0.131576 0.211458
0.999942 -0.0961808 0.0279653
0.310386 -0.176312 0.176842
-0.601958 0.0588788 -0.243624
0.238643 0.203697 0.14345
0.519909 0.209407 -0.136607
-0.350194 0.0307499 0.247214
0.475606 0.218749 0.119349
-0.490879 -0.248659 -0.0303989
0.494137 0.206501 0.139398
-0.165171 0.241992 -0.0616723
-0.696958 -0.245239 -0.0514145
0.0556165 -0.226696 0.105486
-0.198081 0.249446 0.00516559
0.203064 -0.226043 0.106865
-0.68205 -0.149959 -0.201126
-0.999799 0.146485 0.118583
0.0977155 0.0120106 0.248858
-0.968791 -0.221746 0.106133
0.958156 0.153477 -0.197752
0.589062 0.245421 -0.04587
-0.650142 0.0945205 0.230425
-0.6297 0.176334 0.175925
-0.91608 -0.00324323 0.249153
0.00453771 -0.24839 -0.0325725
0.156442 0.217234 -0.12367
0.932403 -0.195317 0.155759
-0.245517 0.0928699 0.231096
-0.0785657 0.0185012 -0.250047
-0.815696 0.165202 0.186399
-0.33712 -0.0389166 -0.247789
-0.897714 -0.235794 -0.0850428
-0.432348 0.225905 0.105254
0.262395 0.247134 0.0336378
-0.110078 -0.0256253 -0.249495
0.999942 0.103558 0.12894
-0.999799 0.085307 -0.0449284
0.937014 -0.225404 0.108195
0.999942 -0.180581 -0.106122
0.0831814 0.24581 0.0420923
0.454995 0.19855 0.150471
-0.927761 -0.0225606 0.248189
-0.290239 -0.209113 0.136837
-0.27085 0.0859918 -0.235344
-0.426965 0.226337 -0.105925
0.35991 0.219654 -0.119282
0.61402 -0.127519 0.214462
-0.603141 0.239227 0.0701855
0.093774 -0.0197935 -0.250017
0.152057 0.164522 0.186999
-0.8596 -0.177092 0.176067
-0.229049 0.18299 0.169006
-0.999799 -0.00234178 -0.0254334
0.142386 0.231475 0.0924461
-0.0176947 0.105462 -0.22722
0.675774 -0.0961602 0.23012
0.7357 0.249362 -0.00962843
0.303396 -0.244734 0.0522034
-0.353832 -0.241174 0.0665481
0.999942 -0.206488 0.0155728
0.879975 0.217767 -0.122721
-0.131181 0.0632195 -0.242522
-0.999799 -0.00735326 0.0484884
0.0781804 0.00544515 0.249099
-0.999799 -0.0154818 -0.100098
0.966922 -0.0843786 -0.2328
-0.4527 -0.232571 -0.0935554
-0.0740084 -0.250277 -0.00916763
0.817516 0.193635 0.156728
-0.262567 -0.0490668 0.244395
-0.762995 0.10332 0.226612
0.777032 -0.0473477 0.24473
-0.440696 0.168299 -0.18521
-0.322676 -0.0389983 0.246179
-0.669265 0.0832794 -0.236326
-0.25805 0.225822 0.105431
-0.277215 0.207942 0.137247
0.220523 -0.146394 0.20214
0.999942 0.0621031 -0.154017
-0.127709 0.245481 -0.0455404
0.621394 -0.194617 -0.158224
-0.673627 -0.250172 0.0102823
0.792772 -0.21782 -0.124226
0.854305 -0.243037 0.0594966
-0.399541 0.245165 0.0456438
-0.884585 -0.234685 0.0864798
0.557075 0.20317 0.144194
0.155916 0.0762941 0.237096
0.273828 0.231428 0.0925614
0.429076 0.108466 -0.22579
0.897246 0.127317 0.214048
0.903917 0.231797 0.0916407
-0.999799 -0.0520511 0.0444147
0.785495 -0.247751 0.035613
-0.62766 -0.122973 0.217082
0.671148 0.241552 -0.0634003
-0.0224071 0.244803 0.04752
0.779479 -0.165846 0.186626
-0.981139 -0.117119 0.208957
0.0614634 0.217803 0.12106
0.113628 -0.0958309 -0.231854
-0.999799 0.0641778 -0.185893
-0.651037 0.154002 0.195742
-0.396683 -0.23857 0.075246
-0.674476 0.214589 -0.128243
0.46909 0.0380092 0.246192
0.735619 -0.197718 0.152723
0.208524 -0.153398 -0.198512
-0.988085 0.0640444 -0.228626
0.161511 -0.232707 0.0916154
0.0511022 0.204482 0.142333
0.633303 -0.0740034 0.238102
0.441563 0.00184217 0.249158
0.686183 -0.174751 -0.179972
0.159438 0.238927 0.0711902
-0.559245 -0.242379 0.0620835
-0.00433242 -0.215793 0.126131
-0.967027 0.0867076 0.229885
0.999942 -0.203065 -0.00638816
-0.977959 0.216971 0.104326
-0.999799 0.119894 -0.161805
-0.98319 0.182549 0.153027
-0.902238 -0.115956 -0.222479
-0.999799 0.00932019 -0.126293
0.831974 -0.053182 0.243543
0.010153 0.114589 0.221124
0.401327 0.0121422 -0.250449
-0.932829 -0.174739 -0.179983
0.737574 0.235339 -0.0837889
-0.766164 0.129718 -0.2142
0.513986 -0.238421 -0.0773079
-0.512867 -0.24782 0.0351462
0.806977 -0.142387 0.204962
-0.478548 -0.245972 -0.0477336
0.715175 -0.229861 0.0984701
-0.794735 -0.143859 -0.205537
-0.999799 -0.0378532 -0.0612204
0.702058 0.237423 -0.0776121
-0.999679 -0.146495 0.178657
-0.15452 -0.219209 -0.121746
-0.797398 -0.107281 -0.226788
-0.999209 -0.200209 -0.11798
0.600739 0.225219 -0.108304
0.907025 -0.179179 -0.175555
0.524248 0.114065 -0.222993
-0.503687 0.239702 0.0685613
-0.93207 0.0804958 0.2357
-0.999799 0.184885 0.0942274
0.293582 -0.0363091 0.246583
0.803323 -0.217076 0.123928
0.877967 0.233369 -0.0891868
-0.285158 0.23796 0.0743309
0.151068 -0.250418 -0.000975405
0.0340661 0.224338 0.108536
0.792578 0.210687 -0.134608
0.895095 -0.229383 -0.101167
0.0760283 0.12504 -0.216984
-0.421452 -0.241861 -0.0656411
0.311235 0.24855 -0.0227704
0.914182 0.249421 0.00613201
-0.889378 -0.155909 0.194947
-0.999799 -0.0999864 -0.208645
-0.732541 0.229888 -0.0978978
0.439922 -0.141674 0.205452
-0.429688 -0.0741986 -0.23964
0.715268 0.0191265 0.248401
0.414862 0.198031 -0.15275
0.999942 -0.143445 0.0376447
-0.885497 0.249336 -0.0103207
-0.31647 0.0979456 0.228988
0.652046 -0.10187 0.22767
0.199916 -0.124627 0.216143
-0.6715 -0.240291 0.0696276
0.42343 -0.00167516 -0.250763
-0.359527 -0.163172 -0.190549
0.463576 -0.248506 -0.0316501
0.471229 0.119721 -0.219986
0.19257 -0.203324 0.145236
-0.11694 -0.216283 0.125296
0.729114 0.157285 0.193117
0.511328 -0.146463 0.20209
0.432353 -0.126537 -0.216637
0.999942 -0.0524829 -0.152513
0.762614 -0.04716 -0.246363
-0.563313 -0.199075 -0.152561
-0.0141088 -0.185666 -0.168664
-0.968849 0.00445226 -0.2465
-0.0186781 0.219358 -0.119829
-0.552532 -0.0713366 -0.240505
0.619942 0.249515 -0.00183241
-0.559193 0.111436 -0.224328
0.479043 0.0040039 0.249129
0.427803 -0.239912 0.0709085
-0.337113 -0.165806 -0.188258
-0.778206 0.225505 -0.107701
0.886599 0.246585 0.0373752
0.999942 0.149741 0.0600338
-0.999799 0.147448 0.159932
-0.999799 -0.124147 0.0643561
-0.106364 0.245479 -0.0455509
0.550819 0.173401 0.17881
-0.251775 -0.248749 0.0280362
0.282392 0.248097 -0.0274069
-0.999799 -0.0418731 -0.148946
0.796658 -0.00904054 -0.250619
0.0170849 0.224253 -0.110309
-0.478116 0.228472 0.0995929
-0.904486 -0.249766 0.0172419
-0.999799 -0.205747 -0.0772908
0.999942 0.0120953 -0.180581
-0.132757 -0.0263405 -0.249422
0.181362 -0.0878986 -0.234971
0.52447 -0.151809 -0.199731
0.7588 0.0932658 -0.232534
0.716162 0.246819 0.0358312
0.313279 -0.0994205 0.228741
0.197722 -0.0638077 0.241006
0.373983 -0.188445 0.163949
0.331843 0.245041 0.0462964
0.0111575 0.236502 -0.0804089
0.999942 0.0555321 0.171534
0.73583 -0.0654291 0.240575
-0.173253 -0.248399 0.0309042
0.297216 -0.244681 -0.0540436
-0.999799 -0.1316 0.101882
-0.159564 0.0915635 -0.233215
-0.331525 0.113703 -0.223179
0.521919 -0.234704 0.0864299
-0.539921 0.243876 0.0520062
0.0720276 0.166688 0.185074
-0.0999401 0.190571 0.16043
0.307231 0.247169 0.0333876
-0.856966 -0.227164 0.104484
-0.346254 -0.244712 -0.0538995
0.647825 0.199164 0.149661
-0.503206 -0.0438416 0.245374
-0.539209 -0.213586 0.129802
-0.913709 -0.180035 0.173077
0.19012 -0.244266 0.0543151
-0.999799 -0.0218747 -0.012633
-0.465503 0.13765 -0.209154
0.718872 -0.245648 -0.0493974
-0.0301721 -0.229558 0.0991689
-0.592077 0.245835 -0.0435474
-0.290433 -0.145064 0.20309
-0.266989 -0.250088 -0.013632
0.999942 -0.0488538 -0.104289
0.0797251 -0.0297555 0.247445
-0.984357 -0.212049 -0.110876
0.979105 0.131106 0.201168
-0.739026 -0.110877 0.223455
-0.404079 -0.102572 -0.228954
0.450385 -0.0849088 0.234468
0.18555 0.232995 0.088573
-0.423591 0.0404009 0.245808
-0.669427 -0.111282 0.223255
0.23366 -0.114168 0.221804
0.18831 0.246735 0.0363969
0.31511 0.0280849 0.247535
0.081084 -0.0730668 -0.239986
0.733758 -0.162947 0.189144
0.0891388 -0.15616 0.194747
-0.989297 0.0141101 0.234967
0.027001 -0.222903 -0.114809
0.248316 -0.0791598 0.236453
0.701944 -0.190626 -0.163024
0.999942 -0.128713 -0.0142721
0.999942 0.102175 -0.185572
-0.224051 0.094696 -0.23195
-0.433258 -0.218714 -0.122637
-0.947926 -0.222747 0.113516
0.995426 -0.212461 -0.0984624
0.727753 0.210201 0.133774
0.868587 -0.0109338 -0.250546
0.895957 0.0862039 0.233668
-0.549551 -0.147561 0.201295
0.761248 0.224414 -0.109978
-0.895507 -0.0737086 0.238193
-0.102996 0.214596 -0.128232
-0.0868028 -0.229515 -0.100864
-0.163507 -0.0563737 -0.24443
0.315373 -0.227624 0.103487
0.448139 0.222043 0.113133
0.999942 -0.135278 0.086709
-0.292631 -0.16652 -0.187627
-0.331884 -0.213645 0.129706
0.929954 0.163996 0.18746
0.46009 -0.0114007 -0.250526
0.826437 -0.24429 0.0542078
-0.260817 -0.196731 0.153984
-0.161575 0.00462718 0.249117
0.853722 0.204922 0.141701
0.366402 0.249505 0.00169832
0.752106 -0.245342 0.0493206
0.579289 0.0616485 0.241332
0.863626 -0.109298 -0.225823
-0.117725 -0.221184 -0.118103
-0.328778 0.199555 -0.150738
0.395925 0.0993607 -0.229975
-0.707639 0.1595 -0.192892
-0.881437 0.214819 0.126256
-0.999799 0.0248798 -0.164134
0.119206 0.233164 0.0881296
-0.515518 0.145828 -0.203497
-0.516016 -0.240063 -0.0719976
-0.989568 0.22175 0.0789824
0.0374467 0.141032 0.205275
-0.120385 0.24945 -0.00660941
0.755737 -0.223218 0.112596
-0.976642 -0.199032 0.137713
-0.999799 0.0243055 0.00764022
0.43479 0.244967 -0.0482789
0.484967 0.178681 0.173545
0.976145 0.0613016 -0.235216
0.828296 -0.165566 0.186872
-0.506423 -0.160423 0.191275
0.39756 -0.246208 0.0448816
0.999942 0.0513667 -0.00919625
-0.25841 0.249322 -0.0106892
-0.920595 0.0266579 0.247695
0.333687 0.00828267 -0.250614
-0.841184 0.214408 0.12695
0.780143 -0.208785 0.137333
-0.138293 -0.0655668 -0.242136
-0.744409 -0.0819895 -0.237093
-0.243027 -0.099247 -0.230414
0.00830155 -0.209076 -0.138491
0.378981 -0.249368 0.022089
-0.0986242 0.247325 0.0322336
0.361948 -0.0714023 0.238888
-0.0650466 0.244143 0.050757
0.166103 0.0334497 0.246859
-0.573024 0.035121 -0.248223
0.857255 -0.231825 0.0938037
0.0813722 0.22915 -0.0996298
0.720522 0.0117613 -0.250468
-0.95832 -0.165591 -0.188448
0.332672 -0.175976 -0.178772
0.29608 -0.164155 -0.189702
-0.999799 0.10319 0.0208785
0.166309 0.114093 -0.222978
-0.0220467 -0.0846248 -0.236167
0.679537 0.019727 -0.249951
0.259306 -0.217034 0.124001
-0.658082 0.0206981 -0.24987
-0.130213 -0.0838029 0.234862
0.133031 0.134369 0.209695
-0.62485 0.157227 -0.194762
0.821772 -0.015912 -0.250288
-0.475217 -0.110502 0.223639
0.66024 -0.247837 0.0350256
-0.105159 -0.0681672 -0.241419
-0.999799 -0.167952 0.119327
-0.495748 0.0444231 -0.246706
0.0157497 -0.186931 -0.167258
-0.999799 -0.0356224 -0.107894
-0.868362 0.0974718 0.229191
-0.81409 0.24896 -0.0174879
-0.332569 -0.0600883 -0.243548
0.8092 -0.0788157 0.236567
0.744217 0.237163 0.0768157
0.0898677 0.200403 -0.1496
-0.931104 -0.0950859 0.230562
-0.938443 0.185975 -0.16732
0.728958 0.0355545 -0.24816
-0.676665 -0.127676 0.214369
0.176733 0.196742 0.152822
-0.645254 -0.227368 -0.105642
0.937552 -0.0129825 0.248854
0.682821 -0.0158332 -0.250293
-0.146211 -0.237436 -0.0803071
0.65815 0.213434 -0.130171
0.50986 -0.0964181 0.230013
-0.0676382 -0.213968 -0.130774
-0.731072 0.249259 -0.0121581
0.39765 0.24786 -0.0295351
-0.974943 -0.183744 -0.160196
-0.523558 -0.250364 -0.00597021
0.416897 0.219896 -0.118831
0.719774 -0.207088 -0.141456
-0.724828 -0.249879 -0.0172066
-0.984566 -0.233758 -0.0499093
-0.999799 -0.142489 -0.154048
0.999942 -0.0284766 0.0469764
-0.666811 0.247133 0.0336465
-0.020092 -0.219034 -0.122062
0.501865 0.104248 -0.227784
-0.752307 -0.045774 -0.246623
0.797879 0.244485 -0.050703
0.840977 -0.0911234 -0.233741
0.884598 -0.128064 0.214139
-0.174384 -0.250121 -0.0129676
0.999942 -0.0464946 0.106576
-0.0557724 0.171302 -0.182416
0.312631 -0.0527733 -0.245229
0.915609 0.176993 -0.17686
0.327455 -0.0863546 0.233944
-0.392239 -0.208599 -0.139211
0.787745 0.246298 0.0391886
-0.205171 0.1273 -0.215656
0.0647017 -0.235187 -0.0867206
0.600671 -0.250417 -0.00024353
-0.924037 0.249515 0.000311257
0.238085 0.0702666 -0.240555
0.785562 -0.234231 -0.0892863
0.771762 -0.0919822 0.231807
0.43267 0.0958753 0.229864
0.754166 -0.158605 -0.194373
-0.848615 0.160277 -0.192242
0.42768 0.249494 0.00263996
0.417239 0.137918 0.207379
0.811531 0.23905 -0.0723791
-0.43401 0.0764169 0.237057
0.872611 -0.247017 -0.0418907
-0.0224822 0.154123 -0.197244
0.782107 0.236265 0.0795125
-0.213887 -0.219162 -0.121831
-0.691159 -0.16707 0.185538
0.181401 -0.149572 0.199816
-0.63516 -0.239845 -0.0727288
-0.462823 0.153899 0.195823
0.314717 -0.0035201 -0.250748
0.922898 -0.0488119 0.244446
-0.289118 0.249389 0.00721625
-0.208024 0.241582 -0.0632835
-0.27158 -0.0681992 -0.24141
0.355174 -0.232734 0.0915479
0.326725 0.101399 0.227479
0.361175 -0.249487 -0.0223517
-0.954149 0.0480161 -0.246023
-0.902433 0.180829 0.17131
-0.585707 -0.0521239 0.243769
-0.0437969 0.0827957 -0.236498
-0.933615 0.109528 -0.225273
0.207424 -0.0275304 -0.249295
-0.544304 -0.188966 -0.16495
0.0106434 -0.244586 -0.0544787
-0.427548 -0.218731 0.121009
-0.159579 -0.0639874 0.240959
0.63318 -0.181755 0.171284
0.0529637 0.061414 -0.24299
-0.0661153 -0.232033 -0.094889
0.83717 0.214903 -0.127712
-0.348254 -0.235144 -0.0868358
0.943356 -0.243037 -0.0610941
-0.999799 0.12403 0.127652
-0.359425 0.194448 -0.157319
-0.730235 0.0953971 -0.231661
0.786476 0.0712276 0.238672
0.473424 -0.242055 -0.0649164
0.732928 -0.235551 0.0841212
-0.263554 -0.240551 0.0687372
0.999942 0.123478 -0.123504
-0.968045 0.199228 -0.144695
0.550109 -0.155371 -0.19697
0.423953 -0.175348 0.177791
-0.367314 -0.182502 0.170493
-0.999681 0.167366 -0.160082
-0.890394 0.23168 0.0919344
0.731167 -0.141357 -0.207267
-0.684586 0.202277 -0.147036
0.999942 -0.125898 0.0240075
-0.958399 -0.250417 -0.00130994
0.261858 0.222627 0.111986
0.999942 0.0892845 0.167822
0.999942 0.0377172 0.0842989
0.611729 -0.139319 -0.208643
0.267052 -0.249694 -0.0198062
-0.217864 0.0756939 0.237289
-0.921221 0.0505644 -0.245505
-0.888866 -0.000800483 0.249168
-0.898211 0.241566 -0.0633458
0.400497 0.246097 0.0404124
0.339507 -0.203361 -0.146782
-0.804935 0.00367524 0.249135
0.979744 -0.230661 0.0696058
-0.764029 0.189941 -0.162772
-0.531297 0.171397 0.180729
-0.999799 0.0433302 -0.129549
0.524784 0.238511 -0.0741566
-0.184374 -0.164876 0.187477
-0.0136239 -0.155155 -0.197141
-0.65076 0.195457 -0.156055
-0.696946 0.230688 0.0943796
-0.999799 0.174366 0.146196
-0.484317 0.0559901 0.242714
0.429045 0.240386 0.0661472
-0.312616 -0.190941 0.161057
-0.999799 0.194515 0.0578466
0.385671 -0.211138 0.133717
0.447612 0.0668295 -0.241542
-0.19752 0.24475 0.0477866
-0.867687 0.0795184 -0.23763
0.62477 -0.0351659 0.246746
0.637103 -0.021972 -0.249838
0.938804 0.229216 0.0978779
-0.866078 0.164518 0.187003
-0.546848 0.155945 -0.195798
-0.999799 -0.147295 0.0660135
0.639649 0.248639 0.0201455
-0.825845 -0.0446113 -0.246835
0.399367 0.249454 -0.00643677
-0.16253 0.196411 0.153245
0.485806 0.208803 -0.137535
-0.420746 -0.0301151 -0.249
-0.695556 0.242394 0.058453
0.935807 0.204383 -0.144072
-0.708102 0.234446 -0.0862849
-0.578012 -0.048737 -0.246058
-0.313666 -0.0285347 -0.249184
0.999942 0.0273023 0.200831
0.736468 0.0471222 0.2446
0.970184 -0.240824 0.0475812
0.581057 -0.159965 -0.193253
-0.334779 0.208775 0.135981
0.623215 -0.110848 0.223469
-0.18544 -0.231322 0.0950241
-0.481381 0.125486 0.215127
-0.999799 0.0399217 -0.207609
-0.260562 -0.146439 0.202107
-0.999799 -0.103296 -0.00207322
0.65809 0.218381 0.120018
0.350058 0.151823 0.197435
0.477494 0.223832 -0.111169
0.369015 -0.239592 0.0719662
-0.418245 -0.124402 -0.217869
0.332157 -0.132713 -0.212908
0.999942 0.00453238 0.195787
-0.999799 0.0571168 -0.147291
0.465687 -0.21029 -0.136633
-0.966961 -0.236217 0.0715899
0.0123811 -0.0262357 -0.249433
0.845375 0.199691 -0.150557
-0.217256 -0.142908 -0.2062
0.277241 0.0832765 -0.236327
0.457658 -0.242422 0.0619173
-0.634544 0.102692 -0.228495
0.525351 -0.037927 0.246343
-0.689559 -0.112756 -0.224117
0.743502 -0.105164 -0.227776
0.339505 0.233646 -0.0884515
0.766616 -0.250417 -0.000361
-0.612767 0.126579 -0.216084
0.999942 0.212372 0.0350946
-0.617558 -0.124989 -0.217533
-0.419208 0.171854 0.180296
-0.0761293 0.141012 0.205289
0.169817 -0.185875 0.166836
0.999942 0.184532 -0.066111
0.442178 0.146935 -0.202693
-0.0655432 -0.0292119 -0.249106
0.0972874 -0.191696 0.160163
-0.610915 -0.246292 0.0444275
-0.999799 -0.0946845 0.118401
-0.071201 -0.172564 -0.182074
0.565505 -0.141395 0.205643
0.128966 -0.219308 -0.121567
-0.13886 0.184623 0.167224
-0.209368 -0.245346 0.0492987
0.0135225 -0.237626 -0.0797385
-0.545322 0.0237327 0.247996
0.437776 0.234451 -0.0862689
-0.810114 0.121148 -0.219197
0.729686 0.117575 -0.221148
-0.760592 -0.182729 0.170252
0.268369 -0.126922 -0.216411
-0.475423 -0.181044 0.172029
-0.0524658 0.244512 -0.0505738
0.299763 0.238615 0.0722194
-0.100686 -0.130252 0.212825
-0.497342 -0.201702 0.147463
0.676774 -0.129996 0.212981
-0.999799 -0.0869702 -0.184058
0.513412 0.171019 -0.182684
-0.0121656 0.121767 0.217253
-0.999799 0.117294 -0.110861
0.239154 0.0826493 0.234952
-0.312844 -0.240973 -0.0688601
-0.630019 -0.176308 0.176847
-0.999799 0.151777 -0.010493
0.0806651 0.0899234 0.23226
0.963448 0.0852203 0.232291
0.999942 0.00716304 -0.0264898
-0.498513 0.109974 0.223456
0.829598 -0.00841203 0.249042
0.166584 0.16049 -0.192064
-0.639139 0.247744 -0.0305256
0.527063 -0.0790437 0.236492
-0.571792 0.062324 0.241158
-0.0943851 0.0652296 -0.241983
-0.972618 0.175168 0.168584
0.396709 -0.127959 -0.215799
0.424154 -0.248212 0.0323338
-0.301649 -0.129504 -0.214875
-0.916455 0.245034 -0.0479294
-0.0796004 -0.0767465 0.23724
-0.788018 0.139528 -0.207898
-0.823151 0.03296 -0.248524
-0.0328702 -0.0464333 0.244903
0.662745 -0.191358 -0.162161
-0.953658 -0.146809 -0.203438
0.762912 -0.180605 0.172487
0.038162 -0.0420752 0.245679
-0.105348 0.0425155 0.245449
-0.881855 0.243243 0.054857
-0.052326 0.0880388 0.232982
0.827011 0.147266 -0.202451
-0.301736 0.0223516 -0.249724
-0.196031 0.0651387 -0.242008
0.999942 0.0815211 -0.189047
0.520124 -0.178712 0.174434
0.686242 0.24867 -0.0213662
0.226645 -0.215356 0.12687
-0.634453 0.228141 0.100344
0.640603 -0.245443 0.048821
-0.121165 -0.147589 -0.202873
-0.947999 -0.247719 -0.0374328
-0.253082 0.0407837 -0.247342
-0.825046 0.197843 0.151397
0.501568 -0.247849 -0.0365384
-0.923499 0.125119 -0.216938
0.810987 -0.157572 0.193614
-0.436529 0.207406 0.138052
-0.796059 -0.132593 0.211385
-0.582174 -0.167707 0.184967
-0.871139 0.208168 -0.138503
-0.226233 0.167235 0.184581
0.999942 -0.0908301 -0.145486
0.558029 -0.171264 0.181701
-0.014506 0.0831135 0.234788
-0.599343 0.189402 0.161805
0.415042 0.219699 0.117599
0.903842 0.102565 0.226955
-0.999799 -0.0423637 -0.0249556
0.419652 -0.203963 -0.145941
0.164354 -0.154386 -0.197744
0.229572 0.218667 0.119499
0.540189 -0.249723 0.0178223
-0.64387 -0.150017 0.199485
-0.672851 0.122429 0.216881
-0.753091 0.248808 0.0180221
0.721137 0.170388 -0.183276
0.014008 -0.246178 0.0450453
-0.64628 0.0472664 -0.24617
0.851375 -0.0453019 -0.24671
0.87315 -0.233125 -0.0921558
0.246511 -0.169249 0.183566
-0.43435 -0.0780965 0.236803
0.999942 0.0309071 -0.223758
-0.286178 -0.174499 0.178619
0.802239 0.121459 -0.219023
-0.999799 -0.146388 0.142987
-0.700027 0.0647556 0.240514
0.917024 -0.0343323 -0.248459
0.335394 -0.248526 0.0298918
-0.825001 -0.165817 0.186652
-0.50507 0.177307 -0.176543
-0.562839 -0.2503 -0.00846761
0.515912 0.228965 0.0984608
0.969612 0.00697761 0.244549
0.482515 0.18623 -0.167035
0.817846 0.137416 0.207712
-0.0521943 -0.247349 0.0382514
0.0153517 -0.230852 0.0961477
0.392861 0.233125 0.0882329
-0.999799 0.0598669 -0.0685852
0.516638 0.0579871 -0.24384
0.561901 -0.226485 -0.107533
0.36363 0.0895636 0.232399
-0.959391 0.0812362 -0.237043
-0.510361 0.0567385 -0.244137
-0.190206 -0.250182 0.0100441
-0.218889 0.198891 -0.151619
0.357706 0.174566 -0.179273
-0.388964 0.16302 0.188308
0.999942 -0.0143582 -0.0611397
-0.753796 -0.199121 -0.152501
-0.278112 -0.235709 -0.0852791
-0.141588 -0.0877532 -0.235025
-0.221679 -0.222779 0.113454
-0.803167 0.0519724 -0.245208
0.278468 0.249462 0.00444865
-0.365196 0.0715368 0.238579
0.326572 0.13756 -0.209214
0.406823 0.12982 -0.214138
-0.377602 0.239794 0.0682415
0.603251 -0.167465 0.185185
0.0967311 0.176976 -0.176878
-0.901681 0.0752493 -0.239029
-0.927498 0.156213 -0.195582
-0.63096 0.00059699 -0.250764
0.0464722 0.242599 -0.0592026
0.0179134 -0.061526 -0.24319
-0.42925 0.149739 0.199019
-0.923098 -0.249902 -0.0168522
-0.549148 0.00515531 -0.250704
-0.237345 0.245781 -0.0438581
0.999942 0.0091522 -0.0699628
-0.999799 -0.146075 -0.0366639
-0.433623 -0.233695 0.0890919
-0.999799 0.0961131 0.0571833
0.400395 -0.229394 0.0995426
-0.922529 -0.216152 0.12552
0.999942 -0.00321397 0.22837
0.999942 0.0924729 0.0395938
0.14445 -0.0485749 -0.24609
-0.707531 -0.215302 -0.128558
-0.685311 -0.179484 -0.175243
0.301182 -0.108336 -0.226286
-0.143082 0.118177 -0.220825
-0.80358 0.248987 0.0154847
0.150975 -0.0872271 0.233623
-0.331564 -0.148443 0.200651
-0.831804 -0.0824286 0.235344
-0.26483 -0.00589298 0.249109
0.342758 0.242368 -0.0601561
-0.323002 0.226937 0.103024
-0.295382 -0.0405605 -0.247527
-0.72126 -0.190469 -0.163208
0.563083 0.229469 0.0972888
0.141739 0.110298 0.223296
-0.804234 -0.0686935 -0.241271
0.0434351 0.0805153 0.235693
0.168629 0.243107 -0.0570481
-0.342291 0.171594 -0.18214
0.215403 0.241204 0.0631306
0.2991 -0.203026 -0.147245
0.740999 0.183384 0.168579
-0.750506 0.164405 0.187101
0.45899 -0.229033 -0.10196
0.999942 -0.0446833 -0.173968
-0.377711 -0.250379 0.00358795
0.330701 0.153057 -0.198079
0.87055 0.237552 0.0756146
-0.591997 0.097741 0.229076
-0.867989 -0.128891 0.213646
0.742304 -0.17334 -0.181333
0.95095 0.247863 -0.0295158
-0.999799 -0.118528 0.122319
0.542929 -0.11335 -0.223818
0.682157 0.182212 -0.17144
0.921007 0.148829 -0.201297
0.589092 -0.177342 0.175816
0.480299 -0.118193 0.219701
0.907734 0.206579 -0.14088
0.18744 0.246406 -0.0401158
-0.624106 0.0721235 0.238402
0.465175 -0.123502 -0.218381
-0.278112 -0.131233 -0.213824
-0.999799 -0.103768 -0.0898855
-0.0667798 0.247546 -0.0321294
-0.15387 -0.241477 0.0654572
0.867443 -0.217 -0.125658
-0.775374 -0.0583789 0.242364
-0.102548 -0.195716 0.155261
-0.560422 -0.178335 0.174817
-0.611198 0.19991 0.148666
-0.363457 0.202312 0.145391
0.394436 -0.236138 0.0824775
0.999942 0.183658 0.136961
0.575578 0.249497 -0.00399729
0.999942 -0.0337224 -0.130649
0.54055 -0.0124719 -0.250477
-0.535206 0.248956 -0.0175424
0.999942 -0.177055 0.121012
-0.771864 0.0236454 0.248005
-0.706947 0.0969978 -0.230989
-0.568346 -0.0324936 -0.248704
-0.568021 -0.192923 0.158694
-0.964552 -0.148281 0.198017
0.290568 -0.222296 0.114388
0.997594 0.0286555 0.229784
0.513121 0.207555 0.137829
0.668315 -0.168754 0.184019
-0.938529 0.198855 -0.151668
-0.729525 0.124517 -0.217287
0.292281 -0.0839916 0.234795
-0.0488342 -0.226213 -0.108106
0.415634 0.147086 -0.202583
-0.517419 0.14296 0.203938
-0.0764535 0.0882038 0.23292
0.000184007 -0.148271 0.200777
-0.207865 -0.00135376 -0.250765
-0.251608 -0.240312 -0.0711542
0.00689346 -0.206076 0.141334
-0.554153 -0.136997 -0.210176
0.0592918 -0.250011 -0.0150504
-0.249677 0.0591048 0.241971
-0.999799 -0.108554 -0.16388
-0.555945 0.0873815 0.23323
-0.666712 0.226569 0.103826
-0.758779 -0.158231 0.19308
0.0517408 0.244737 0.0478562
0.350818 -0.0252989 -0.249528
0.821179 0.0664219 0.240058
0.999942 0.13114 0.0952414
-0.298204 0.249342 -0.0101595
-0.97646 -0.157359 0.183703
-0.756399 0.160463 -0.192086
0.278459 0.158713 0.191947
0.0608786 0.178624 -0.175202
0.90278 -0.233754 0.0889389
0.0959829 0.239239 0.0701434
0.825953 0.176378 -0.177478
0.729949 -0.218431 -0.123143
-0.999799 -0.186539 0.0839741
0.614483 -0.11095 -0.225016
-0.999799 0.170619 -0.0809949
0.999942 0.0617138 0.0143531
0.547456 0.142893 0.203986
-0.484222 -0.234823 -0.0877082
-0.0321391 -0.247605 0.0365928
-0.403242 -0.184266 0.168599
0.98103 0.239321 -0.0140448
-0.484426 -0.243035 0.0595029
-0.88831 -0.0218694 -0.249847
-0.952434 -0.0352933 -0.248326
0.171348 -0.0376482 0.246385
-0.872367 0.223294 0.110657
0.686579 0.229893 -0.0978851
0.77785 -0.192612 -0.160667
0.998909 -0.064336 -0.223621
0.0678992 0.246495 -0.0395542
0.999942 -0.0520431 -0.0520314
-0.0151309 0.170043 0.182001
0.902801 0.21943 -0.119696
-0.22582 0.248714 -0.0208271
0.90155 -0.222053 0.114856
-0.83658 -0.0457724 0.245026
0.617136 0.0472557 0.244574
0.439145 -0.241601 -0.0666005
-0.503172 0.225074 0.107009
-0.559687 0.246455 0.038208
-0.242114 -0.250213 0.00932339
-0.882365 0.0680519 -0.241197
0.379259 -0.205989 -0.143057
0.999942 0.138542 0.0216312
0.695411 -0.00187017 0.249165
0.549035 -0.223416 0.112206
0.964784 -0.247982 0.00864991
0.780502 0.224971 0.107225
0.426837 0.2073 -0.139809
0.856656 -0.0661426 -0.24198
0.901096 0.202077 0.145715
-0.556483 -0.166046 -0.188047
0.992402 0.0523823 0.228015
-0.892759 0.0845009 0.234291
0.999942 0.0763642 -0.0744546
0.331757 -0.218183 0.121986
-0.770539 0.0880354 -0.234581
0.825026 0.121368 0.217477
-0.747291 0.0456269 -0.246483
0.904518 0.165199 -0.188
0.366789 -0.206407 0.140854
-0.737841 0.180633 -0.173115
-0.675927 0.0407378 0.245752
0.944848 -0.213436 -0.131645
-0.204976 0.15032 -0.200178
-0.920489 -0.164177 -0.189683
-0.958541 0.23882 0.0715448
0.0468017 -0.207183 -0.141317
-0.916569 0.148405 0.200015
-0.999799 0.0681399 0.165668
-0.780047 0.235642 0.0813253
-0.59624 -0.0131811 0.248844
0.931269 0.241612 0.0615676
-0.326473 -0.0172276 0.248605
0.0773521 -0.249774 0.0171264
0.0952283 0.248499 -0.023341
-0.678571 0.0081688 0.24902
-0.499453 -0.0881444 0.233281
0.722019 -0.249963 0.0142688
0.288248 0.241446 -0.0638065
0.833703 0.246275 -0.0409283
-0.999799 0.0946996 -0.168096
0.273025 -0.191167 -0.162387
0.974643 -0.230167 -0.0803904
0.333134 0.11086 -0.224616
-0.742473 -0.249209 -0.0253539
-0.0494194 0.0692947 0.239242
-0.0798571 0.249222 0.0113584
0.81073 0.226502 0.10397
-0.126039 -0.115746 -0.222588
-0.190756 -0.0520835 0.243778
0.658187 -0.223843 -0.112957
-0.910798 0.226126 -0.10638
-0.999799 0.187187 -0.000543294
-0.936769 -0.115541 -0.222695
-0.0722169 -0.133769 0.210648
0.780474 -0.127747 0.214327
-0.574677 -0.230919 -0.0975876
-0.177425 0.17651 -0.177346
-0.386602 0.051691 0.24367
-0.585096 -0.185064 -0.169327
0.999942 0.184 0.102412
-0.3637 0.232213 0.0905893
-0.999799 0.0412418 0.0464462
0.662257 -0.238505 -0.0770463
0.326752 0.249414 0.00640228
0.551607 0.0921106 0.2314
0.0162132 0.0984543 0.22877
0.579299 0.136371 0.208399
0.497626 0.244078 -0.052663
0.992503 0.13467 -0.192807
-0.999799 -0.0955576 0.0376028
0.0785865 -0.203963 -0.145941
-0.722349 -0.00842178 -0.250639
-0.848628 -0.176471 -0.178282
0.780302 -0.246456 -0.0451252
-0.943562 0.183223 0.168754
0.155094 -0.242833 0.0603081
-0.483002 -0.209746 -0.137469
0.675599 0.246044 0.040728
-0.346533 0.0891092 0.232574
0.999942 -0.0676391 0.169358
0.117771 -0.0637041 -0.242631
-0.677976 0.249114 0.0133942
-0.280694 -0.250063 0.0125203
0.103076 -0.235289 -0.0864393
-0.321992 0.24837 0.0231289
0.80814 0.167327 -0.186095
-0.833416 -0.222898 0.113221
0.582417 -0.0233841 0.248114
0.602899 0.229962 0.0961242
0.511025 0.240027 0.0674267
-0.538074 0.091504 -0.233239
-0.448895 -0.239424 -0.0741133
-0.030206 0.211375 -0.133517
0.479261 -0.171063 -0.183488
-0.536834 0.0289785 -0.249028
-0.619004 -0.211343 -0.134993
-0.701977 -0.0746856 0.237891
-0.260706 0.244367 -0.0512793
-0.829678 -0.202493 -0.147981
0.999942 0.0838114 0.0940322
0.431018 -0.247469 -0.0390774
-0.999799 0.0843098 0.182294
0.311871 0.0962662 -0.231298
0.543718 0.0786779 -0.237912
-0.671608 -0.0385389 -0.247847
-0.410514 -0.0572903 0.24262
-0.226161 -0.0674925 0.24001
0.404586 0.24218 0.0593206
-0.615911 0.210664 -0.134645
-0.99423 -0.0786466 -0.221256
-0.608568 0.249283 -0.0116193
0.0712106 0.107073 0.224861
0.805193 -0.193958 -0.159034
0.999942 0.18445 0.0740155
0.259642 -0.144153 0.203733
0.149031 -0.142788 0.204685
0.999942 -0.17759 -0.0160352
-0.0774869 -0.0924569 -0.233218
0.791972 0.0118429 -0.250464
-0.192442 -0.0619605 -0.24308
-0.980103 0.0442705 -0.237106
-0.775662 -0.0201046 -0.249993
0.521182 -0.247291 -0.0402097
0.115656 -0.119212 0.219154
-0.595509 -0.188964 0.163354
-0.999799 -0.207015 -0.0203201
-0.187716 0.062313 0.241161
-0.401162 0.0576305 -0.243925
0.765568 -0.240197 -0.071547
-0.638189 -0.214135 -0.130501
0.856555 0.0208066 0.248263
0.529286 0.247303 -0.0339985
-0.15594 -0.147917 -0.202633
0.352637 -0.243896 -0.0575264
-0.458624 -0.130957 -0.213993
-0.999799 -0.0469115 0.108783
0.736667 -0.234489 -0.0886027
-0.0396896 -0.208091 -0.139972
-0.986095 -0.235173 0.0367504
0.999942 -0.0135003 0.127887
-0.529145 0.23353 -0.0887595
0.961626 0.0915593 -0.232375
-0.381848 0.24828 -0.0256463
0.614505 0.187573 0.163916
-0.137089 0.225031 -0.108698
0.433789 -0.250316 -0.0079193
0.124093 -0.243334 0.0582868
-0.145215 0.24288 0.056422
0.323312 -0.0646853 0.240774
0.0773951 0.0417814 -0.247173
-0.999799 -0.102987 -0.0284608
-0.0846925 -0.209836 -0.137332
-0.182488 -0.0260135 -0.249456
0.729804 -0.0132014 0.248843
0.364872 0.188182 0.163219
0.381223 0.034577 0.246702
0.790199 -0.243921 0.055822
0.570592 -0.208681 -0.139086
0.811897 0.246658 -0.0385003
-0.198185 0.157932 0.192589
0.88421 -0.24918 0.0240478
-0.597242 0.108103 -0.225965
-0.999799 -0.186442 -0.0884286
0.878214 -0.0945915 -0.232361
-0.0508242 0.114546 0.221146
-0.662836 0.139871 0.206068
-0.0208952 0.246529 -0.0393362
0.0981992 0.224413 0.108382
-0.314974 -0.068632 -0.241288
0.568463 0.247426 0.0314712
-0.487968 0.00535644 -0.250699
-0.419868 -0.192459 0.159252
0.999942 0.0172185 -0.140987
0.0475543 -0.148027 -0.202553
0.819785 -0.246803 -0.0431526
-0.999799 -0.133934 -0.0967416
0.236329 0.0268678 0.247672
0.560075 0.242779 0.0568482
-0.866699 0.241343 -0.0642019
-0.999799 -0.0256455 0.156429
-0.610991 -0.100961 -0.229669
0.337242 0.205248 0.141229
-0.905004 0.0942884 -0.232118
-0.199011 0.231642 0.0920299
0.129509 -0.0867049 -0.235413
0.487975 0.237722 -0.0766785
-0.348809 0.246252 0.0394754
-0.184426 0.200226 0.148241
-0.363031 -0.0320265 -0.248764
-0.156813 -0.117056 -0.221903
-0.068283 0.0379523 0.246201
-0.288866 0.242401 -0.0600197
-0.76247 0.219409 -0.119734
-0.562885 0.186421 0.165222
-0.54093 -0.246856 -0.0428434
-0.999799 -0.132328 -0.0626357
-0.540585 -0.0567728 -0.244338
-0.32483 -0.180079 0.173032
-0.999799 0.158503 0.076036
0.900056 -0.200882 0.148569
-0.797909 0.21164 0.131495
0.972341 0.180656 0.162995
-0.172062 -0.242574 0.0613265
-0.999799 -0.002378 -0.166334
0.556575 0.242468 -0.0597459
0.880264 -0.0684335 -0.241344
0.514704 -0.223642 -0.113356
-0.240072 0.198657 -0.151928
-0.999799 -0.0657664 -0.118521
0.186392 -0.221694 0.115542
-0.0448489 -0.0853473 -0.235908
-0.237692 -0.247459 -0.0391429
-0.149434 0.208271 -0.138347
0.139041 0.0837121 0.234574
0.999942 0.0264481 0.0201467
0.0189025 0.215434 0.125208
0.999942 -0.124619 -0.0852487
-0.999799 -0.0876679 0.0111247
-0.644626 -0.0574179 -0.244188
0.0249908 -0.012618 -0.25047
-0.892945 0.211338 -0.133575
0.0305225 0.16591 0.185771
0.127866 0.241825 -0.0623329
0.566699 -0.250294 0.00707262
-0.955247 -0.186204 0.166472
-0.828246 0.133685 -0.211729
0.846281 -0.244861 -0.0532129
-0.690503 -0.240188 -0.0715754
0.110745 0.248226 0.024578
0.819322 -0.205826 0.141695
0.481518 0.0720823 -0.240012
-0.340004 0.238821 0.071542
-0.661155 0.248179 -0.0266286
0.595935 -0.24737 -0.0397122
-0.0526405 0.247565 0.0303862
0.66908 0.19863 -0.151964
-0.204733 0.180549 -0.173203
-0.0873815 -0.243734 0.0566161
-0.349695 -0.111857 -0.224567
-0.014757 -0.0654546 -0.242166
-0.596001 -0.170726 -0.183801
-0.999799 -0.0909901 0.0964978
0.88033 0.249256 -0.0122291
-0.661093 -0.0761906 0.237418
0.390734 0.16916 -0.184419
0.263274 -0.220627 -0.119145
-0.402923 0.21586 0.124475
-0.399948 -0.209912 0.135618
0.836382 0.1916 0.159203
0.849295 0.247916 -0.0290529
0.533428 0.0271948 -0.249233
-0.811971 -0.0324758 -0.248706
-0.596832 -0.235038 -0.0871263
0.905146 0.232915 -0.0903776
0.155451 0.077043 -0.238451
-0.75607 -0.155025 -0.197243
-0.603731 0.150603 0.198366
0.774806 0.212484 0.130132
-0.856367 -0.202721 0.146069
-0.45141 0.00902675 -0.250587
0.779753 0.22183 -0.115147
-0.478728 -0.144065 0.203795
-0.985638 -0.228994 0.0653364
0.742589 -0.249989 0.0138386
0.999942 -0.0944679 0.0934079
-0.999799 -0.087196 0.155846
-0.423203 0.0934253 0.230872
-0.320223 0.245447 -0.0457253
0.713046 -0.154395 -0.197737
-0.102838 -0.122448 -0.218974
-0.899875 -0.143706 0.204046
0.41708 0.0626725 0.241068
0.923954 0.0714284 0.238611
0.945249 0.016433 -0.250196
-0.497698 0.139588 0.20626
0.564645 -0.240774 0.0679645
-0.965797 -0.243022 -0.0482696
-0.85998 0.204118 0.142853
-0.857735 0.147385 -0.202364
-0.743508 -0.169386 -0.185039
0.117455 -0.0516444 0.24387
-0.949668 0.0234827 -0.249618
0.222661 -0.0121627 0.248894
0.268991 -0.00953691 -0.250601
-0.761627 0.248945 -0.017705
-0.299159 0.172226 0.17994
-0.723911 -0.163346 0.188802
-0.0615736 0.223311 -0.11222
0.0037889 0.154045 0.195708
0.186879 0.228707 -0.100653
0.143135 -0.125205 -0.217409
0.143546 0.0121393 0.248852
-0.942235 0.139405 -0.207981
-0.668 -0.233855 -0.0902744
0.15213 -0.0773491 -0.238644
-0.558096 -0.00271235 0.249159
-0.402244 -0.246309 -0.0459343
0.757181 0.0746328 0.237626
-0.954538 -0.0828342 -0.2368
0.999942 0.108808 0.192781
-0.89994 -0.0419824 -0.247292
0.748781 -0.249607 -0.0209152
0.149548 0.181549 0.17055
-0.847012 -0.0709109 -0.24063
-0.299295 -0.248104 -0.0347275
-0.576738 0.194913 -0.156738
0.347925 0.126699 -0.216012
0.851311 0.145533 0.202112
-0.400848 -0.249816 -0.0181261
0.745009 0.195941 0.153843
-0.844467 0.133298 0.210377
0.420388 -0.2245 0.110041
-0.514529 -0.0782698 -0.238344
0.534685 -0.213708 -0.131201
0.914866 -0.223457 -0.113721
-0.0701484 -0.0405815 0.245926
-0.627449 -0.0896042 -0.234327
-0.192774 -0.192979 0.158627
-0.294148 0.246615 -0.0387813
0.625117 0.210974 0.132557
0.688352 -0.221641 0.115641
-0.620282 -0.189222 -0.164656
-0.384543 -0.189578 0.162647
0.999942 0.124237 -0.0448084
0.974036 0.218028 -0.108083
0.861516 -0.154905 -0.197338
-0.164197 0.217006 0.122476
-0.338431 -0.223564 -0.113511
0.167088 0.0147957 -0.250301
-0.354361 0.0956796 -0.231543
0.0801815 -0.205646 0.141955
0.999942 0.169727 -0.109248
-0.923859 0.174358 0.17788
0.376983 0.128744 0.213193
0.431207 -0.110297 -0.225337
-0.237441 0.231901 -0.0929769
-0.919742 0.199583 0.149103
0.625401 0.0911722 -0.23337
-0.999799 0.0186177 -0.101532
-0.462525 0.231555 -0.093845
-0.999799 0.139994 0.0283778
0.278111 -0.0205815 0.248357
-0.999799 0.123174 0.0872312
0.821383 0.0239021 -0.249577
-0.761763 -0.038404 0.246271
0.766576 0.129331 -0.214435
-0.0507626 0.145256 -0.203908
-0.26367 0.225421 -0.107878
0.34629 -0.0559941 -0.244517
0.917772 0.248518 -0.023132
0.999942 0.178396 0.0422596
-0.999799 -0.0315455 -0.217331
-0.18891 -0.160197 -0.193061
-0.997954 0.21259 -0.0931066
-0.674217 -0.00544407 -0.250717
0.163686 -0.0236444 -0.249688
-0.0466781 -0.239674 -0.0732962
-0.877624 -0.218523 0.121381
0.522764 -0.0411999 -0.247423
0.348297 0.0554946 0.242828
-0.384904 -0.238346 -0.0775411
-0.936745 0.219154 0.118607
-0.213138 0.116088 0.220341
-0.459561 -0.239796 0.071293
0.823098 -0.0713477 -0.240501
-0.999762 -0.117376 -0.200409
0.924787 -0.165832 0.186638
-0.72174 -0.040267 -0.247575
0.37852 -0.223885 -0.112873
-0.999799 -0.168376 0.0581361
0.862752 -0.191793 0.160048
-0.187752 -0.113537 0.222125
0.125095 -0.068571 0.239708
-0.345489 0.22881 -0.100415
0.0457501 -0.243551 0.0573893
0.967979 -0.161547 -0.187006
0.529206 0.155521 -0.196137
0.318528 -0.249305 0.0227649
-0.0652331 0.0618227 -0.242885
0.588734 -0.105491 -0.227625
0.316503 0.176726 0.175532
-0.0179494 0.138068 0.207279
-0.196974 0.142134 0.204514
0.588534 0.212143 0.130686
0.0790137 -0.00888687 -0.250624
-0.132043 0.0152535 0.248675
-0.643377 -0.250058 -0.0142003
0.482944 -0.0678177 0.23992
-0.623006 0.241531 0.0618837
0.846142 0.23058 -0.0962388
0.221191 0.131982 0.211205
0.754874 0.206706 -0.140692
0.999289 -0.0273092 0.229261
-0.40929 0.249362 -0.00961102
-0.312499 0.16456 -0.188563
0.0635628 0.178383 0.173851
-0.999799 0.0399665 0.111191
-0.89874 0.114787 0.221021
0.151355 -0.0382552 0.246293
-0.456307 0.105693 0.225514
-0.726202 0.114923 0.220951
-0.464544 0.0820738 -0.236751
-0.257217 0.0725552 -0.239868
-0.911174 -0.03929 0.246133
0.685813 -0.250305 0.00669256
0.0608001 0.165403 -0.187819
-0.984711 0.0264811 -0.237626
-0.860758 0.236444 0.0789825
-0.0430289 0.22197 0.113276
-0.896881 -0.225355 0.108295
-0.421281 -0.157297 -0.195434
-0.375416 0.0768511 -0.238514
0.175517 0.0557215 -0.244373
0.999942 0.0112198 -0.211139
-0.462274 0.188742 -0.16417
-0.350425 -0.192921 0.158696
0.999942 0.0210914 0.167281
0.158658 0.191666 -0.160722
0.875014 0.176852 -0.177002
-0.815987 0.232136 0.0907844
-0.501756 -0.189983 -0.163775
-0.670117 -0.0791763 -0.238045
0.0138645 -0.111101 -0.224942
0.697786 0.06987 0.239074
0.253142 -0.140424 -0.207901
0.998034 0.150202 0.175905
-0.32747 0.248173 -0.0266949
0.812052 0.180208 0.171962
0.0761366 0.157886 -0.194225
0.620995 -0.00341022 -0.250749
-0.371692 0.214083 0.127496
-0.345929 0.142308 0.204394
-0.16069 -0.0299255 0.247425
-0.500326 -0.215209 -0.128714
0.961109 -0.191749 -0.160856
-0.111236 0.173207 0.178999
0.890129 0.0971862 -0.23091
-0.999799 -0.0737211 -0.0456208
-0.0224557 0.107676 0.224573
-0.217221 -0.237242 0.0792849
-0.112955 -0.25002 -0.014896
0.847729 -0.00363329 -0.250746
-0.3888 -0.163641 0.188549
0.559686 0.127057 -0.215801
0.999942 -0.069155 0.0643625
-0.399985 0.197879 -0.152947
0.746109 -0.243549 -0.0589925
-0.779541 -0.246155 0.0451679
0.653922 -0.239736 0.0714927
-0.249914 0.202199 0.145547
0.480013 0.145189 0.202359
0.754823 0.115513 -0.222241
-0.999799 -0.0930683 0.0559499
-0.336888 -0.0978794 0.2294
0.651465 0.139854 -0.207677
-0.481035 0.200345 -0.149679
0.196949 0.217086 0.122335
-0.999799 -0.0813491 -0.13491
0.856526 0.240679 -0.0666822
-0.197187 -0.207656 -0.140618
0.203758 0.0464774 0.244724
-0.40917 0.218865 -0.120735
-0.182974 0.204439 -0.143992
0.58592 -0.236446 0.0816002
-0.663746 0.0677683 0.23968
-0.338842 0.0304247 -0.248852
-0.359643 0.217548 -0.123113
0.372054 -0.161115 0.190697
0.847285 0.173072 0.179129
0.316829 -0.187968 0.164491
-0.344146 0.0135009 0.248779
0.695676 0.220426 0.116237
-0.999799 0.0212349 -0.226574
0.383612 0.155537 -0.196123
0.0435287 0.156248 0.193956
-0.307088 0.219844 0.117329
0.22478 -0.249462 0.0210408
-0.975389 0.0627652 0.233524
0.222507 -0.238947 0.0740534
0.451901 0.221318 -0.116137
0.344847 0.247825 0.0282415
0.887898 -0.00251888 0.24916
0.360246 0.23931 0.0699044
-0.17392 -0.170683 -0.183841
0.519065 0.0752948 -0.239014
-0.466835 -0.183797 -0.170704
-0.303821 0.215835 -0.126117
0.999942 -0.0126359 -0.0966674
0.999942 -0.117338 -0.120205
-0.396243 -0.0696036 0.239413
-0.665228 -0.20257 -0.147874
0.999942 -0.0132422 -0.147383
0.752264 0.149849 -0.200533
0.333934 -0.248517 -0.0315658
-0.439665 0.248387 -0.0245486
-0.0714268 0.182644 0.169379
0.999942 0.0411767 -0.184234
-0.999799 0.108775 -0.0197556
0.614644 -0.0395854 -0.247684
0.691599 -0.197955 0.152419
0.999942 -0.196703 -0.0727718
-0.124076 0.201714 0.146216
-0.17518 0.0312358 -0.24875
0.550581 0.247549 -0.0321075
0.453692 0.242539 -0.0594518
0.225813 -0.249221 -0.0252252
-0.940318 0.0637399 0.240786
-0.579312 -0.133467 -0.212436
0.384917 0.0729768 -0.239739
0.811086 0.248868 -0.0188023
0.596383 0.0432343 -0.24692
-0.559248 0.0466828 -0.246283
-0.371802 -0.0937964 0.231085
-0.303616 -0.224716 -0.111201
-0.481703 -0.0171314 -0.250209
-0.291284 0.246102 0.040382
0.458684 0.10251 -0.228577
-0.999799 -0.0120679 -0.0815459
-0.998811 -0.169959 0.157277
-0.338689 -0.18856 -0.165415
0.523387 -0.10222 -0.229111
0.910618 -0.103065 0.227135
0.952843 -0.202302 0.146644
-0.168784 -0.176362 0.176793
0.696492 0.128373 0.213417
-0.999799 -0.0206814 0.0256071
0.646845 -0.230216 0.0976451
0.277547 0.19054 0.160467
0.379496 0.220777 0.115573
-0.180616 -0.213575 0.129821
-0.85638 0.22402 -0.110785
0.387726 -0.0714667 -0.240466
-0.682717 0.222333 -0.114163
0.649693 -0.158313 0.193013
-0.824831 0.194871 -0.156791
-0.999799 0.109923 0.116382
0.896182 -0.250234 -0.0103831
-0.543378 0.224353 0.108505
0.866214 0.249503 0.00188684
0.999942 0.212291 -0.0358374
0.160936 0.209968 0.134138
0.134117 -0.229945 -0.0998732
0.775688 0.236712 -0.0797781
0.936593 -0.245214 0.0499417
0.228146 0.184191 -0.169296
0.126293 0.159272 0.191484
-0.135989 -0.185544 0.167201
-0.362109 -0.220804 -0.118815
-0.719642 0.241871 -0.0621528
-0.608996 -0.220308 -0.119737
0.67925 -0.240277 -0.0712731
-0.0202474 -0.0275752 -0.24929
-0.107748 -0.242208 0.0627379
0.174036 0.0989322 0.228563
-0.971365 0.162627 0.181475
0.829535 0.233165 -0.0897257
0.788386 -0.250364 0.004383
-0.118685 -0.0234776 0.248106
-0.436488 0.0639355 -0.242332
0.668517 0.231962 -0.0928226
-0.999799 0.0883831 0.00140897
0.685209 0.0644439 -0.242196
-0.270696 0.249268 0.0103611
-0.223765 0.216964 -0.124147
-0.735625 0.145108 0.202417
0.999942 -0.128856 0.171219
-0.455188 -0.202424 0.146478
0.30421 -0.0751818 -0.239334
0.134152 -0.196308 -0.156116
-0.356369 0.183005 0.16899
0.523714 0.199336 -0.15103
-0.516073 0.0445491 0.245085
-0.40973 0.245749 -0.0440428
-0.92311 -0.232595 0.0918971
0.443768 -0.124205 0.216384
-0.941411 0.0806429 -0.237247
0.814165 0.225652 -0.107391
-0.613631 -0.149948 0.199536
0.892315 0.168759 0.183191
-0.322161 0.240754 0.0648093
-0.459075 0.199966 0.148591
0.367658 -0.131907 0.211811
0.8696 0.222196 0.112834
-0.35956 -0.0729025 0.238438
0.720044 0.246413 -0.0400712
0.00537906 -0.0415655 0.245764
-0.92816 -0.147641 0.201237
0.89805 -0.153516 0.196824
0.890582 0.242526 -0.0595053
0.897453 0.080029 -0.237457
-0.00440822 0.0408593 0.245732
0.999942 0.145537 -0.0808482
-0.778089 -0.155027 0.195644
-0.702631 0.131265 0.211651
0.826366 0.245632 0.0431041
-0.739789 -0.134165 0.210398
-0.759986 -0.243681 -0.0584414
-0.999799 -0.0297082 -0.133397
0.158454 -0.171098 0.181857
0.180531 0.126921 0.214283
-0.078698 0.222555 0.112129
-0.916156 0.219257 0.118419
-0.646798 0.246573 0.0374554
-0.650828 -0.204536 0.143536
-0.487592 -0.221172 0.116528
0.6103 -0.234303 0.0874999
-0.999799 0.177292 0.0511525
0.13328 0.0999093 -0.229735
0.999942 -0.138578 0.134402
-0.660428 0.131061 -0.213375
0.999942 0.119252 0.0724857
-0.896235 0.0589277 0.242014
0.741303 0.219487 -0.11959
-0.353653 0.0589311 -0.243611
0.884225 0.0520695 0.243589
0.4646 0.187031 -0.166131
0.545888 -0.231987 -0.0950029
0.703816 0.0924933 -0.232845
-0.168742 0.249501 -0.00368664
0.993174 -0.042428 -0.231484
-0.790404 0.0712013 0.23868
0.438842 -0.0618456 0.241512
-0.0988131 -0.102716 0.227292
-0.96109 -0.249145 -0.0191069
-0.810451 0.151976 0.197318
0.183805 -0.132624 0.211366
0.69238 -0.102368 0.227448
-0.065286 -0.154304 0.196211
-0.265689 0.0532937 -0.244921
0.31506 0.157574 0.192881
0.262365 -0.179086 -0.17565
-0.411225 0.236809 0.0778904
0.756297 0.248386 -0.0245558
0.968821 0.23404 -0.0746022
0.0226312 -0.160178 0.191479
-0.0680944 -0.0628784 0.241248
0.637175 0.162857 0.188448
-0.999799 -0.0263797 -0.196316
0.486081 -0.242969 0.0597692
-0.999799 0.0160918 0.0653032
-0.568253 0.181708 -0.171977
-0.138416 -0.246337 0.0441854
-0.368986 -0.140229 0.206434
0.934271 -0.0811281 0.235791
-0.0739586 0.23836 -0.0746478
-0.695991 -0.189043 0.163264
-0.110166 -0.199717 -0.151718
0.935966 -0.07074 -0.24068
0.999942 0.156364 0.076734
-0.459902 0.170893 0.181205
0.560185 -0.249501 -0.0221867
-0.410834 0.124151 0.2159
0.507926 -0.216913 0.124212
0.207335 0.230971 0.0936903
-0.544195 -0.167562 0.185097
0.651756 -0.0430098 -0.247117
-0.869941 0.194702 -0.157002
0.511974 -0.120814 0.218282
-0.242957 0.217766 -0.122724
-0.368228 -0.0833534 -0.236618
-0.382678 0.140662 -0.207127
0.129554 0.243805 0.0523365
0.69656 0.125604 -0.216655
-0.614332 -0.146788 -0.203454
-0.0688602 -0.118048 0.219779
0.999942 0.0637559 -0.10859
0.749669 -0.144857 -0.204834
0.635876 0.0850228 0.234102
-0.193636 -0.0814896 0.235668
0.423188 -0.146745 0.201887
0.999942 0.0211777 -0.0436324
-0.319114 0.179773 -0.174014
0.310938 -0.135238 -0.211313
0.0250912 -0.15898 -0.194066
0.190786 0.242949 0.0561276
0.0427719 -0.249048 -0.0269296
0.496296 -0.233486 -0.0912313
-0.450873 0.233727 0.086636
0.598141 0.0347991 0.246671
0.999942 -0.164992 -0.132561
-0.623429 -0.0969611 0.229786
0.725441 -0.18792 0.164545
0.884778 -0.0682965 0.239785
0.297374 0.0244048 -0.249528
-0.267198 0.238086 0.0739286
0.999942 -0.0800742 -0.0581947
-0.403279 -0.149736 0.199694
0.801979 0.138305 -0.208719
0.493848 -0.130638 -0.214188
0.285632 0.015776 0.248642
0.424048 0.0358964 -0.24811
-0.674914 -0.244686 0.0524242
-0.260263 0.239732 -0.0700538
0.547114 -0.0784192 0.236698
-0.352199 0.238108 -0.0754578
-0.769558 0.244605 -0.050111
-0.999799 5.38195e-05 0.120234
0.999942 0.127476 0.167119
-0.48083 -0.250238 0.00866321
-0.576754 0.23407 -0.0873105
0.43772 0.244738 0.0478466
-0.961556 0.105308 0.224792
-0.943925 0.224286 -0.110241
-0.764102 0.238389 -0.0745545
0.764318 0.245196 0.045479
0.999942 -0.115171 0.106689
-0.225112 -0.0397593 -0.247656
-0.619776 -0.191409 0.160504
-0.986798 -0.237324 -0.0162803
0.91525 0.0344123 -0.248323
0.274417 0.1555 -0.196153
0.938252 0.218252 -0.121849
-0.636894 0.203385 -0.145489
0.906478 -0.163031 -0.190671
0.136111 -0.194512 0.156757
-0.82499 -0.187616 0.16489
0.847565 -0.149307 0.200013
-0.986996 0.202348 0.122401
-0.050476 -0.194271 -0.158651
0.999942 0.0112056 0.0110036
0.995797 0.220709 -0.0749253
-0.498472 -0.124535 0.216196
0.759444 0.173865 0.17836
0.0397726 -0.249619 0.0191637
-0.462269 -0.0245832 0.248001
-0.586209 -0.218704 -0.122655
0.0145258 -0.182673 0.170311
-0.820462 0.212642 -0.131473
0.888387 -0.0469488 -0.246404
-0.999799 -0.14663 0.0297445
-0.295672 0.117109 -0.221397
-0.0363849 -0.14302 0.204524
0.0588587 -0.114685 0.221539
-0.783015 0.245619 0.0431747
-0.74184 -0.166636 0.185925
0.24409 -0.203982 -0.145915
-0.525795 -0.243425 0.0579131
-0.999799 -0.0607775 -0.199889
0.357979 0.221281 0.11461
-0.621201 -0.068965 -0.241193
0.995022 0.233024 0.00721247
0.82626 -0.189807 0.162381
0.925349 -0.250365 0.00435004
-0.102803 0.249382 -0.00903255
0.322193 -0.235707 -0.0852857
-0.77457 -0.00335334 0.249152
0.73392 0.142201 -0.206066
0.244579 0.210655 -0.134659
-0.517705 -0.0609136 -0.243344
0.953764 -0.0520425 -0.245384
0.920768 -0.0659604 0.240432
0.842065 0.094842 -0.23189
-0.999799 0.203174 -0.0699473
-0.336139 -0.24236 0.062158
-0.893708 -0.204042 -0.14583
-0.248427 0.0252313 0.247846
0.741709 0.147406 0.200751
-0.0493829 0.213387 0.128652
-0.588914 -0.0927409 -0.233105
-0.983862 0.23824 -0.00612575
0.298992 -0.177397 -0.177359
0.06367 -0.246585 0.0428082
0.532475 0.128884 -0.214707
-0.999799 0.110275 -0.128283
-0.00522896 -0.23582 0.0833715
-0.528307 0.0639746 -0.242322
-0.463292 0.0879289 0.233024
-0.245124 -0.180526 0.172569
0.83375 0.241124 0.0634351
0.819121 -0.250346 -0.00676633
-0.438006 -0.161762 -0.19175
0.369773 0.110776 -0.224657
-0.724366 0.210866 0.132728
0.0969343 0.130284 0.212256
-0.0875808 0.235696 0.0811699
-0.999799 -0.101143 -0.107377
0.904329 0.126077 -0.216379
-0.120204 -0.16155 -0.191928
0.660989 -0.218402 0.121597
-0.576136 -0.0860349 0.234061
0.26163 -0.205372 -0.143944
0.158073 0.147884 -0.201998
0.919358 -0.1885 -0.165483
0.708326 -0.0411269 0.245837
-0.0532472 -0.171607 -0.182977
-0.0967172 0.0361455 -0.248073
-0.758084 0.0146161 -0.250312
-0.63798 0.195235 0.154736
-0.799938 -0.218729 -0.122611
0.789967 0.20049 0.147886
-0.970027 0.241405 0.0395655
0.950397 0.211148 0.132281
-0.934464 -0.228405 -0.103368
-0.794042 0.0917141 0.231558
-0.55659 0.144192 -0.204668
0.354221 -0.0355179 0.246697
0.999942 -0.146279 -0.00266772
0.766402 0.241875 -0.0621376
0.999942 -0.037018 0.148709
-0.958224 0.112896 -0.223591
0.580027 -0.232165 -0.0945642
-0.147998 -0.167088 -0.18712
0.281576 0.112344 -0.223871
0.861507 0.0611119 0.241469
-0.315821 0.0084942 -0.250606
0.340559 0.248013 -0.0281854
0.999942 -0.0752147 -0.113043
-0.999799 -0.0726613 -0.164182
-0.187381 0.246971 -0.0363907
0.999942 0.0549221 -0.051571
0.401912 0.11146 0.222718
0.747169 -0.126878 0.214839
-0.380622 0.0145988 -0.250313
-0.246471 0.00150647 -0.250759
0.468115 0.244314 0.0499416
0.692642 0.241577 -0.0633043
0.919314 -0.235875 0.083217
0.788432 0.100316 -0.229556
-0.482603 0.239618 0.0688505
-0.663669 0.188615 0.162719
-0.633537 0.152388 0.197
-0.307487 -0.249865 0.0158136
-0.203912 0.192227 -0.160045
-0.171551 0.0297571 0.247337
-0.892809 0.248188 -0.0265491
0.209647 0.217257 -0.123629
0.433316 -0.2212 -0.118074
0.310118 0.19607 -0.155277
0.684426 0.144413 -0.204511
0.28483 -0.249879 0.0155988
-0.348698 -0.15903 0.192427
0.414384 -0.0868673 0.233756
0.853534 0.185705 -0.167622
0.516583 -0.247415 0.0378276
0.122221 0.0415786 0.24561
-0.201532 -0.186394 -0.167858
0.534458 0.247723 0.0290959
0.704691 -0.201859 -0.148846
0.362122 -0.113389 -0.223798
-0.131174 0.129012 0.213032
0.35115 -0.0857978 0.234147
0.999942 0.101049 -0.162087
0.298977 0.230265 -0.096998
-0.880604 -0.0743087 -0.239606
-0.032672 0.0386715 -0.247686
0.796252 -0.107999 0.224849
0.524335 -0.0834181 -0.236596
-0.0799022 0.228438 -0.101269
0.378114 0.168319 0.183594
0.941216 -0.0425827 0.245592
-0.999799 0.0243791 -0.135335
-0.288722 0.0542274 -0.244713
0.384593 -0.225345 0.108316
-0.999799 -0.0371854 -0.0422895
0.550969 -0.234981 0.085683
0.083659 -0.147366 -0.203035
-0.780132 0.106772 0.225005
0.15524 0.226526 0.103919
0.999942 0.0144792 0.108083
0.206026 0.10161 0.227384
-0.59721 0.222174 -0.114475
-0.588998 0.217401 0.121777
0.706286 -0.114021 -0.223476
0.342869 0.0743125 -0.239324
0.600457 0.247712 -0.0307909
-0.552949 -0.110676 -0.225151
0.577679 -0.0694317 0.239462
-0.0678442 -0.235718 0.0836571
0.860809 0.235381 -0.08367
-0.214944 -0.250067 -0.0140322
0.00388948 0.106075 -0.226932
0.625398 -0.247969 0.0341034
-0.276545 -0.0723703 0.238599
0.999942 -0.0803708 -0.0776732
0.185459 -0.191086 0.160885
0.273035 -0.110233 -0.225368
0.155222 0.228294 -0.101596
-0.166285 0.142551 -0.205822
0.926608 -0.238333 -0.0775824
-0.0378608 -0.240064 0.0703962
-0.911952 -0.208127 -0.139917
0.465184 0.0159927 -0.250225
0.205839 -0.250326 0.00595722
0.999942 0.00484695 0.0647021
-0.830141 0.0910446 -0.23342
0.281225 -0.154523 0.19604
0.682033 0.11508 -0.222467
-0.618682 0.248903 0.0167154
0.999942 -0.0651306 -0.0149377
-0.583063 -0.0249153 0.247969
-0.816232 -0.0108022 0.248954
-0.415693 0.0770455 -0.23845
0.999942 -0.104686 -0.00940615
-0.775615 0.0406651 -0.247362
-0.473248 0.244912 -0.0485604
-0.14856 -0.0771869 0.237099
-0.485236 -0.246746 0.0418893
-0.0844257 -0.150106 -0.201016
-0.852191 0.248772 -0.0200849
-0.104519 -0.149247 0.200058
0.933252 0.200001 0.148543
0.219812 -0.014445 -0.250374
0.641596 0.233994 -0.0875143
-0.789482 -0.167336 0.1853
0.706777 0.200026 -0.150108
-0.719836 0.247641 -0.0313697
-0.723877 0.0317626 -0.248682
0.237069 0.200727 -0.149162
-0.540152 0.185574 0.16617
0.519512 0.0132345 0.248794
-0.260368 0.175991 0.176267
-0.983256 0.229035 -0.0676792
0.868073 0.10831 0.224268
-0.411642 0.157207 -0.194778
-0.408663 -0.228145 0.102346
-0.609095 -0.0424189 -0.247218
0.391942 0.228776 -0.100495
0.589243 0.219176 -0.120164
0.850767 0.220938 -0.116863
-0.489973 0.157262 0.193136
-0.594866 0.00291355 -0.250744
-0.279785 0.190603 0.160392
0.527684 -0.155136 0.195558
-0.251755 0.209016 -0.137209
-0.930859 0.00604441 0.249084
-0.227463 0.242426 -0.0599174
-0.524046 0.247929 0.0273374
0.999942 0.192664 -0.0832263
-0.428514 0.238802 -0.0732033
-0.436236 -0.0341931 0.246881
-0.285234 0.137687 0.207532
-0.356016 0.244295 -0.0516279
0.98254 0.0255119 -0.23882
-0.732028 0.140507 -0.207233
0.413167 -0.0228438 0.248164
-0.672036 -0.12227 -0.219073
-0.821416 -0.224577 -0.111483
-0.130307 0.22342 0.110404
-0.999799 -0.176688 -0.13192
0.493683 0.171618 -0.182118
0.856023 -0.208916 -0.138733
-0.708738 -0.233071 -0.0922945
0.396988 0.144592 0.202785
-0.599913 0.230127 0.0957305
-0.999799 0.0571773 -0.166103
0.999942 -0.0526835 0.214945
0.218554 -0.0456718 -0.246642
-0.488229 -0.152209 -0.199427
-0.161874 -0.232568 -0.093563
0.186424 -0.0979518 0.229369
-0.23526 -0.110053 0.223859
0.0232828 -0.250145 -0.012471
0.99304 -0.200786 0.121155
-0.651831 -0.233903 0.0885525
-0.875422 -0.0772139 0.23709
0.0171656 0.0629176 0.241003
-0.491065 0.0926831 0.231171
0.886832 -0.131907 -0.213408
0.674347 -0.226674 -0.107131
-0.999799 0.0718597 0.213269
-0.718504 -0.0471965 0.244759
0.942353 0.244973 -0.0482477
0.637334 -0.250386 -0.0047648
0.834048 -0.129006 -0.215175
-0.71489 -0.245023 -0.0524491
0.999942 -0.19265 0.0865819
-0.0984915 -0.239459 -0.0740009
0.938248 0.238055 -0.0756251
-0.900056 -0.250416 -0.0015695
0.163347 -0.0985797 0.229102
-0.106529 0.0996124 0.228267
-0.430059 -0.244811 0.0518476
0.999942 0.161065 0.0408923
-0.245274 -0.241582 0.0650719
0.80857 -0.244191 -0.0562453
0.707346 -0.0173773 -0.250193
0.999942 0.0727569 -0.03765
0.305497 0.134689 -0.211087
0.35927 -0.186672 -0.167548
-0.925072 0.233307 0.0877524
-0.888353 0.249093 0.0137676
-0.999799 -0.0814013 -0.0970846
-0.21526 0.140484 0.20565
-0.976796 -0.173878 0.168044
-0.225224 0.0589563 0.242007
-0.358308 -0.220296 0.118161
-0.469383 -0.169413 0.183416
0.471372 0.0436881 -0.246839
-0.971241 0.241274 -0.0384205
0.375269 -0.246172 0.0450756
-0.343932 0.04859 0.244311
0.589402 -0.244319 -0.055678
0.699019 0.249382 -0.00903732
0.466019 -0.179427 0.173703
0.814993 0.248964 0.015834
0.167708 -0.237735 -0.0794106
-0.484107 -0.199656 -0.151798
0.63774 -0.20714 0.139782
0.225753 -0.177004 -0.177753
-0.11761 -0.174254 0.178856
0.591359 -0.148417 0.20067
-0.525295 -0.222187 0.114598
-0.470822 -0.169066 -0.185332
0.452043 -0.226878 0.105098
-0.00656844 0.00880275 -0.250595
0.999942 -0.154464 -0.065474
-0.628092 -0.234443 -0.0887245
0.41165 0.230393 0.0950931
0.920477 0.248451 0.0222641
-0.726981 0.171657 0.180483
0.0502959 0.136676 -0.209797
0.301665 -0.235568 -0.0856704
0.798879 -0.0755236 -0.239227
0.435389 0.200491 0.147883
0.186646 -0.249275 0.0230773
-0.555639 -0.133096 0.211071
-0.549885 0.206217 0.139816
0.234749 0.116982 0.219867
-0.22462 -0.155228 0.195486
0.491175 0.121565 -0.218964
0.999942 -0.0810785 -0.161778
0.945191 0.0107879 0.248916
-0.713408 0.215442 -0.126793
0.684008 -0.247667 0.0361832
-0.784948 -0.161895 -0.191638
-0.234008 -0.142093 0.205165
0.494757 -0.171342 0.181629
-0.115808 0.247687 0.0294012
0.178058 0.129573 -0.214288
0.606334 0.0741529 0.237777
-0.030921 0.0418094 0.245571
0.0763194 -0.237406 0.0787992
-0.909699 0.152255 -0.198701
0.988355 -0.237014 0.00782337
-0.0823926 -0.156285 0.194648
-0.864969 0.236263 -0.0811146
-0.355979 -0.0411844 0.245827
0.830296 0.0504202 0.243938
-0.553243 0.143277 0.203716
-0.841423 -0.108136 -0.226382
0.917325 0.0436064 0.245256
-0.22657 0.029715 0.247342
-0.511497 0.209509 -0.136449
-0.822327 0.148462 -0.20157
0.735541 -0.0484571 0.244515
-0.300992 -0.249851 -0.0176229
0.0602073 0.135262 0.20912
0.66408 0.156482 0.193768
-0.00536226 0.067965 -0.241222
-0.864188 0.139294 0.206458
0.172844 0.0616278 0.241338
-0.578825 -0.203593 -0.146459
0.386965 -0.00910042 -0.250617
-0.69723 0.179135 0.173077
0.999942 0.185523 -0.0330367
0.730646 -0.104327 0.226563
0.765379 -0.152058 0.197944
0.320271 0.065036 0.240438
-0.0528485 0.133129 0.210484
0.211299 -0.0613346 -0.243238
0.592755 0.116044 0.220364
-0.861467 0.0651901 0.240396
-0.151873 -0.0489399 0.24442
0.0725966 -0.227987 0.102694
-0.961205 -0.117406 0.21938
-0.0416616 -0.0290933 0.247522
0.985445 0.235283 -0.0341318
0.885321 0.0298046 0.247331
0.719853 0.227459 0.101871
0.111767 0.0386751 -0.247685
-0.666712 -0.0192821 0.248458
0.731212 -0.21775 0.12275
-0.672319 0.156807 -0.195103
-0.373964 0.244607 -0.0501006
-0.882367 -0.154997 -0.197265
-0.849673 -0.165357 0.187057
0.227069 -0.117749 -0.221536
0.349703 -0.250149 0.0107945
-0.227851 0.240621 0.0652975
-0.50127 -0.178047 -0.176706
-0.379296 -0.201919 -0.148765
0.769192 0.193691 -0.158257
-0.903853 0.196131 -0.1552
0.458017 -0.00556108 0.249116
-0.725038 -0.217937 0.122422
-0.656789 0.21535 -0.12695
0.133213 -0.218706 0.121053
0.794035 -0.24923 -0.0251378
0.499244 -0.207675 -0.14059
-0.00839483 -0.0292072 0.247509
0.682903 0.0991811 -0.230053
0.0584167 -0.244912 -0.052975
-0.625063 -0.209015 0.136985
-0.999799 -0.040994 0.136244
-0.0604649 0.000197824 0.249168
0.999942 -0.0326358 0.211969
0.822168 -0.24935 0.0222835
0.299801 -0.0399359 -0.247628
0.242535 0.00983056 -0.250555
-0.836136 -0.23638 -0.0833877
0.273102 0.0966874 0.229523
0.999942 -0.0123536 -0.0439113
-0.270671 0.207915 -0.138885
-0.999799 0.000133778 -0.0551187
0.850985 0.22383 0.109574
-0.999799 -0.203646 0.082231
-0.394529 0.0218902 0.248168
0.220795 0.0541483 0.243133
-0.225611 0.0696473 -0.240737
-0.110331 0.0777052 0.236637
-0.115809 0.00961038 0.248966
0.487288 -0.0477119 -0.246258
0.712744 -0.224479 -0.111681
-0.999799 -0.175834 -0.0497782
0.261477 0.00697364 0.249058
0.508521 -0.00658444 -0.250691
0.999942 0.139607 -0.17599
0.285014 0.20045 0.147939
0.0938506 -0.124882 -0.217595
0.473061 0.169003 0.182966
0.675154 0.0389547 0.246043
0.0450875 -0.174898 -0.179829
0.122704 0.229142 -0.0996485
0.376866 -0.00888547 0.249026
0.656755 0.249314 -0.0108778
0.791289 -0.0434317 -0.247043
0.797541 -0.0965229 -0.231567
0.180764 -0.0528995 -0.245202
0.214263 -0.0940183 -0.232594
-0.999799 -0.0804981 -0.0613876
0.365246 -0.227244 0.104312
-0.969935 -0.109518 -0.220454
-0.190298 0.107531 -0.22624
0.234395 0.0861705 -0.235278
0.799601 -0.172014 -0.182595
0.607153 -0.209663 -0.137597
0.108813 0.236433 -0.0806136
0.648981 -0.133314 -0.212532
0.549897 -0.193561 0.157921
-0.321301 0.231001 -0.095214
-0.417812 -0.0950412 0.23058
-0.980391 0.211556 -0.114069
-0.580855 -0.118132 -0.221332
0.212505 -0.189576 -0.164247
-0.989736 0.161297 -0.172667
-0.2083 -0.0058186 0.249111
0.999942 -0.176284 0.0926185
-0.999799 0.0273613 -0.192936
-0.338573 -0.231288 0.0951063
0.26733 -0.206523 0.140686
0.918996 0.0731903 -0.239673
-0.516976 0.194375 0.155812
-0.921458 0.0249466 -0.249473
-0.029061 -0.23357 -0.0910146
0.838395 0.242363 -0.0601776
0.981605 0.197648 0.134456
0.0423944 -0.167953 0.184745
0.0204521 -0.105251 0.226139
-0.448183 0.246116 0.0402965
0.967642 0.241678 -0.0463735
-0.634605 0.0431648 0.245334
0.907427 0.00030408 -0.250765
-0.178961 0.0146159 -0.250312
0.877511 0.119023 -0.220367
0.73477 0.0814897 0.235357
0.584155 0.183331 0.168636
0.176088 0.226337 0.104327
0.223882 0.246695 -0.0382603
0.310243 0.0505871 0.243903
0.0852025 -0.244916 -0.0529523
-0.178531 -0.133145 0.21104
0.0526302 0.104977 0.225848
0.849482 -0.250042 0.0128937
0.365127 0.2084 -0.13815
-0.242756 0.211555 0.131632
0.999942 -0.103018 -0.133233
0.726864 0.112927 0.221978
0.0219139 0.0295221 0.247365
-0.820656 -0.243082 0.0593125
0.552161 0.159027 -0.193285
-0.750072 0.0211762 0.248231
-0.763314 0.137268 0.20781
0.938946 0.0491577 -0.245794
-0.277359 -0.215572 0.126506
-0.653988 -0.220818 -0.118789
-0.130059 0.237258 -0.0781195
-0.999799 0.0589523 0.0544102
-0.703279 0.192674 0.157904
0.91644 0.206388 0.139564
0.952539 0.0376078 -0.247852
-0.84773 -0.190179 0.161949
-0.402029 -0.222595 -0.115408
-0.825048 -0.248887 0.0268218
-0.974718 -0.161625 -0.182672
-0.842866 0.0570474 -0.244064
-0.773677 -0.20489 -0.144632
0.965301 -0.0835077 0.232318
0.238673 0.225672 0.105749
-0.223008 -0.0212886 -0.249896
-0.0187346 0.2494 0.0068568
-0.682994 0.0271169 -0.249242
0.267772 0.0305525 -0.248836
0.582372 0.24822 -0.0262379
-0.868157 0.00175193 -0.250757
-0.390962 0.216827 -0.124388
0.999942 0.145473 -0.114086
-0.343685 -0.205805 -0.143323
0.709032 -0.070081 0.239275
0.964615 0.199468 -0.1472
-0.324092 0.249517 -0.00140901
0.133897 -0.082499 0.235319
-0.588019 0.20263 -0.146546
-0.509484 -0.173795 0.179299
0.923642 0.134987 -0.210896
-0.442283 -0.250405 -0.0032847
-0.819191 -0.15511 -0.197177
0.199278 0.189389 -0.163418
0.929922 -0.0079822 -0.250653
0.282541 0.0421647 0.245509
-0.999799 -0.174117 -0.0697833
0.999942 -0.219125 0.0411823
0.0187645 0.139425 0.20637
0.467588 -0.250006 -0.0151452
0.0168276 -0.00579696 0.249112
0.0922293 -0.245698 0.0475455
-0.600907 -0.16913 0.183676
-0.231079 0.0435458 -0.246864
-0.383666 0.246621 0.037143
0.0251711 0.169 -0.184567
0.959769 0.249099 0.0136617
0.863239 -0.0332455 0.247008
0.884251 -0.223494 0.112052
0.594779 -0.245206 0.049976
0.747417 0.166684 -0.186675
0.182314 0.238975 0.0710293
-0.9573 -0.235293 -0.0864284
-0.260555 -0.244497 -0.0548793
-0.999799 -0.184989 0.119568
-0.532783 0.059504 0.241872
0.764786 0.239518 0.0691966
0.691365 0.215387 -0.126887
-0.999799 0.102926 0.15291
0.584052 0.240501 0.0657337
-0.413823 0.247582 0.0302493
0.0852651 -0.134669 0.210078
0.639104 -0.226271 -0.107984
-0.906801 -0.0904411 -0.234006
-0.261647 0.11669 -0.22162
-0.272417 -0.117325 -0.22176
0.426188 0.182865 0.169141
0.889126 0.154972 0.194976
0.852691 -0.230044 -0.0996432
0.222439 0.161141 -0.191514
-0.84814 -0.00507703 0.249126
-0.164084 0.246609 0.0372245
0.664778 0.122893 -0.218216
0.912066 0.185189 0.166599
0.999942 -0.158111 0.0280495
-0.0220876 0.222918 0.111408
-0.938233 0.106669 0.225054
-0.0215905 -0.0940971 0.230964
-0.700966 -0.0811628 -0.237377
-0.644932 -0.106907 -0.226964
-0.168664 -0.0993105 0.228789
0.358131 0.151652 -0.199164
-0.435988 -0.228611 -0.102908
-0.776364 0.181635 -0.172055
-0.542809 0.183384 -0.170177
0.909097 -0.180547 0.172547
-0.522851 0.246124 -0.0418507
-0.0368039 0.241533 0.0618736
-0.243075 -0.201668 0.147509
0.151133 -0.127315 0.214582
0.134343 -0.0500735 0.244194
-0.00832623 -0.19168 0.160182
-0.209256 -0.174357 -0.180355
-0.131596 0.0819768 0.235188
0.906784 -0.23694 -0.0817708
0.256244 -0.0314029 0.247245
0.932084 0.134319 0.209727
0.37973 -0.0667522 0.240215
-0.999799 0.153938 0.0187391
-0.260832 -0.15327 -0.198611
-0.316502 0.210455 0.133376
-0.284403 0.181467 -0.172234
-0.501687 -0.161354 -0.192094
0.49274 0.0911166 -0.233392
-0.577273 -0.153331 0.196967
0.812362 0.154152 -0.197222
-0.435733 0.121574 0.217361
-0.999799 -0.071606 0.127038
-0.0613658 0.111943 -0.224074
0.296804 0.161967 -0.19081
0.373122 -0.13566 -0.211041
0.997105 -0.128301 -0.195159
-0.168176 0.165481 0.186153
0.60603 -0.0964393 0.230004
0.999942 -0.000293662 0.160189
-0.626467 -0.218037 0.122245
0.805955 -0.0379719 0.246337
0.21718 -0.231931 0.0935417
0.185521 0.238357 -0.0746569
0.779287 0.2446 -0.0501357
-0.154421 -0.218756 0.120965
-0.639811 0.239217 -0.0718171
-0.856564 0.248826 0.017776
-0.999799 -0.163894 0.0258842
-0.9886 -0.0985279 0.214449
-0.804836 0.193365 -0.158658
-0.494612 -0.137271 -0.209997
-0.999799 0.0994304 -0.193408
0.259874 0.0645711 -0.242162
0.0852206 0.138239 -0.208763
-0.110606 -0.113651 0.222067
0.570517 -0.0527618 0.243634
0.471889 0.0911099 0.231796
0.480614 -0.149596 0.199798
0.189918 -0.238573 0.075237
0.93727 -0.216972 0.124109
0.690214 -0.216227 -0.126989
-0.22149 -0.184058 0.168824
-0.746531 -0.232426 -0.093917
0.454008 -0.208215 0.138188
0.999942 0.154952 -0.0649923
-0.20518 -0.241542 0.06522
-0.536191 -0.0933113 0.23128
-0.675587 -0.21142 -0.134871
0.623718 0.210942 -0.134205
-0.956351 -0.162391 0.189619
-0.0184799 -0.247365 -0.0397478
0.573854 -0.120717 -0.219933
-0.195366 -0.242581 -0.0628987
0.536348 0.0455973 -0.246489
-0.582966 0.139904 -0.207643
-0.149858 -0.0149953 0.248745
0.21507 -0.243114 -0.0607824
0.999942 0.0254902 0.125541
0.576201 -0.0117527 -0.250511
0.357215 0.231675 -0.093544
0.122262 0.192169 -0.160115
-0.439484 -0.0349496 -0.248374
-0.404659 0.106773 0.225004
0.497985 0.243165 0.0551987
0.303934 0.138545 0.206961
0.390317 -0.106556 0.225531
-0.0360522 0.0593735 0.241905
0.334051 -0.241801 0.0642664
0.00685017 -0.134236 0.210353
-0.533259 -0.089797 -0.234253
-0.947105 -0.025282 0.247932
0.999942 0.131712 -0.0152652
-0.698018 -0.247908 0.0345321
-0.539373 0.129074 -0.214591
0.289261 -0.13527 -0.211292
0.581891 -0.0499367 -0.245819
-0.999799 -0.0663272 0.0677791
-0.243268 0.237261 -0.0781108
-0.511838 -0.0987387 0.229034
-0.874105 0.226917 -0.104663
0.73558 0.243164 0.0552021
-0.523403 -0.14932 0.200003
-0.00713127 -0.118495 0.21954
0.999942 -0.0229517 -0.203581
-0.999799 -0.162893 -0.121921
-0.917777 -0.238237 -0.0778788
0.422785 -0.153836 -0.198173
0.969966 0.148477 0.194114
-0.820555 0.134726 0.209466
-0.551539 0.219108 -0.120289
0.969381 0.207567 -0.131309
0.0471018 -0.00659512 0.249093
-0.688468 0.153122 0.196431
0.0305049 -0.129023 -0.215165
0.476189 -0.0180531 -0.250146
0.450184 -0.192884 0.158741
-0.453963 0.00378343 0.249133
0.437573 0.018539 -0.250044
0.0552262 0.237078 0.0770752
-0.294484 0.0745857 -0.239238
-0.890427 -0.168689 0.184078
0.179103 -0.143302 -0.205926
-0.433382 0.133659 -0.211746
0.172205 -0.102787 -0.228858
-0.138498 -0.223543 -0.113553
0.842293 0.164865 -0.188294
0.671499 0.0867071 -0.235079
-0.309374 -0.234951 -0.087362
0.964706 -0.234671 0.0799469
-0.599401 0.230085 -0.0974295
0.962038 -0.231076 -0.0946557
0.999942 0.0986178 -0.129715
0.634119 -0.166913 -0.187276
0.214285 -0.219539 -0.121147
0.316123 -0.114648 0.221558
-0.195232 0.188229 0.163164
-0.972109 0.124255 0.209194
0.701866 -0.0777361 -0.238519
-0.204703 -0.250409 0.00125521
0.212583 0.22002 0.117
-0.322263 0.0474669 -0.246131
0.0876935 -0.160221 -0.193041
-0.497784 0.199818 -0.150386
-0.355733 0.242656 0.0573681
-0.27539 0.150917 0.198128
-0.663882 -0.216552 0.124834
-0.208216 0.227883 -0.102523
-0.787833 0.24492 -0.0485193
0.521592 -0.0101323 0.248981
-0.93751 0.243047 -0.0573075
-0.105267 -0.0882094 -0.234855
0.323835 -0.0187962 0.248495
-0.390077 -0.079009 -0.238101
0.322615 -0.192816 -0.160421
-0.570428 0.232385 0.0901487
0.235273 -0.0442565 0.2453
-0.816411 -0.203029 0.145645
0.985836 -0.237717 -0.0180731
0.870207 0.244286 -0.0516722
0.0982959 -0.0830928 0.235112
-0.999799 0.0164079 0.175467
-0.600198 -0.243959 -0.0572557
0.703377 0.036154 0.246474
-0.467686 0.0148533 -0.250298
-0.804951 0.0575813 0.242339
0.744842 -0.173771 0.179322
-0.340776 0.0805558 -0.237277
-0.0173729 0.234381 0.0848656
-0.359842 -0.187194 -0.166962
0.368491 -0.214928 -0.129184
0.219586 0.0805115 0.235694
-0.114042 0.0108959 -0.250509
-0.692928 -0.210974 0.133974
0.987695 -0.216494 0.0967075
0.99475 0.0862006 -0.217883
-0.104402 -0.246912 -0.0425169
-0.999799 -0.160238 -0.155237
0.762811 -0.121704 0.217791
0.0705091 0.226023 0.105001
0.84046 -0.250335 -0.0072262
0.390924 -0.236385 -0.0833742
-0.812891 -0.169717 -0.184735
-0.241684 -0.121318 -0.219602
0.762456 0.231691 -0.0935039
0.251097 0.0689156 0.239352
-0.602064 0.0438102 0.245219
-0.378584 0.170167 -0.183483
0.384688 0.24808 0.02597
0.272818 -0.0540451 -0.244953
-0.28349 0.233412 -0.0890722
-0.477343 -0.231403 0.0948273
0.999942 -0.187928 -0.0424451
0.685295 0.207463 0.137966
-0.126656 0.106844 -0.226568
-0.577105 0.239455 0.0694089
-0.909081 0.229246 0.0978102
-0.252172 0.232028 0.0910588
0.564557 -0.186403 -0.167848
-0.882592 0.16414 -0.188932
0.404008 0.0726924 0.238228
-0.568931 0.0113166 -0.250489
-0.134225 0.0839751 -0.236078
-0.0992037 0.152057 0.197255
0.168528 -0.0079088 0.249057
-0.233366 -0.245511 0.0484876
-0.799642 -0.202633 -0.147788
0.827779 0.249504 0.00178016
-0.816349 -0.0684952 0.239729
0.072812 0.187821 0.163633
0.617483 -0.242597 0.0612368
-0.461078 -0.129937 0.213017
0.222841 0.249049 -0.0160905
-0.280971 -0.250394 -0.00426274
0.318768 -0.209265 0.136606
-0.723024 0.154386 -0.197037
-0.198839 0.00890886 0.248993
-0.789034 -0.229739 -0.100349
-0.204223 -0.22962 0.0990259
-0.240277 -0.0398908 0.246038
0.746475 0.245831 0.0419727
-0.983047 -0.213303 0.10818
-0.739463 0.0811866 -0.23706
-0.748301 0.237998 0.0742095
-0.16085 0.234478 0.0845967
0.442265 -0.2344 -0.0888397
-0.477506 -0.249989 -0.0154376
0.760501 -0.248234 -0.0337645
0.565035 -0.217462 -0.124853
-0.999799 -0.051289 0.176303
0.304811 -0.137391 0.20832
0.890549 -0.158002 -0.194864
-0.430458 0.00303567 0.249144
-0.620794 0.239913 -0.0694244
0.999942 -0.100116 -0.106494
0.999942 0.0493236 0.0515437
-0.633088 0.181151 -0.172568
-0.487621 -0.191147 0.160814
0.00661303 -0.0417419 -0.247332
0.00761112 -0.249769 0.0172008
-0.979281 0.0936401 0.22095
0.566226 0.0253936 -0.249427
-0.415982 -0.0644628 -0.242431
0.654748 -0.0121394 -0.250493
-0.721393 0.249496 0.00244517
-0.44858 0.194816 -0.156859
-0.023796 -0.182409 0.170592
-0.221242 -0.0993188 0.228785
-0.233217 0.24948 0.00351366
0.517903 0.249475 0.00381153
0.788156 -0.0241814 -0.249637
-0.493769 0.123054 -0.218125
-0.853693 0.222931 0.111384
0.027742 0.229563 -0.0986655
0.999942 -0.19219 0.0242177
0.0538285 -0.0335033 0.246974
0.999942 -0.212067 -0.0227556
-0.499885 0.0763124 0.23709
-0.999799 0.074855 0.0332984
-0.895171 -0.103088 0.227125
0.564324 0.222244 0.112741
-0.529157 0.0900353 0.232217
0.618005 0.246749 0.0363045
0.999942 -0.0891481 -0.0328144
0.999942 -0.077777 0.0238958
0.147329 0.215865 0.124467
0.327854 -0.163752 -0.190051
-0.327679 0.189567 0.161612
0.767688 0.0954968 0.230021
0.398576 -0.197948 0.152428
0.374437 -0.0537966 -0.245008
0.794291 0.227816 -0.102672
0.560836 -0.0334544 -0.248578
-0.563002 0.167713 0.184147
-0.202223 -0.143227 0.20438
-0.401933 0.249362 0.00801618
-0.268698 -0.181045 -0.173626
-0.999799 -0.0823517 -0.0314136
-0.269098 0.0134911 -0.250377
-0.999799 0.0931208 -0.0781003
0.516645 0.24438 -0.0512197
0.926345 -0.13847 -0.209207
0.587271 0.166989 0.184803
0.816621 0.164881 0.186683
0.375227 -0.0326336 0.247088
-0.0460022 0.193165 -0.158903
0.778149 -0.0994563 -0.230323
-0.0622272 0.195402 0.154525
0.630514 -0.116536 -0.222176
0.120443 -0.241369 -0.0674458
0.382814 0.205053 -0.143109
0.978114 0.156524 -0.184318
0.594441 -0.218545 -0.12294
0.208893 0.103332 -0.228204
-0.569642 -0.115408 0.221166
-0.999799 0.219111 -0.0392249
0.558174 -0.166495 -0.187649
0.753576 0.0595019 -0.243471
-0.271209 -0.219167 -0.121822
0.24698 -0.0238971 -0.249664
0.962856 0.22839 -0.0979559
0.493244 -0.0931776 0.231333
-0.291258 -0.130173 0.212873
0.136567 -0.175938 -0.178809
0.716012 0.148059 0.20027
0.298733 0.0485999 -0.245907
0.758642 -0.101358 0.227896
-0.788161 0.187265 0.164267
0.88807 0.242522 0.0579239
-0.163667 -0.24016 -0.0716704
-0.999749 -0.014085 0.23014
0.94625 -0.138037 -0.209494
-0.150707 -0.190682 -0.162957
-0.802265 -0.182311 0.170695
-0.682115 -0.227047 -0.106334
0.542475 0.243694 0.052842
0.0241379 -0.250273 0.00770776
-0.834249 0.249394 -0.00867145
-0.933825 -0.19766 0.152798
0.405135 -0.178916 -0.175824
-0.999799 0.0744444 -0.218862
-0.999799 -0.0360786 0.0574729
0.792864 -0.226508 -0.107484
-0.833799 0.20645 0.139473
-0.0396049 -0.24991 -0.0167181
0.454784 0.233929 0.0860938
0.635102 0.136922 -0.209635
-0.976962 -0.00946034 -0.242597
-0.647472 0.159881 -0.192574
-0.7232 0.241496 0.062019
0.55106 0.0545349 -0.244644
-0.999799 0.0517492 0.144394
-0.0771128 0.112154 0.22237
0.197435 0.207285 0.138233
-0.06926 -0.0138348 0.24881
0.958354 -0.0551188 0.243117
0.559369 0.174584 -0.179256
-0.645362 -0.133854 -0.212192
0.755502 0.0211174 0.248237
0.375411 -0.0839697 -0.236401
-0.521299 -0.146179 -0.203892
0.529726 -0.25016 -0.0121497
0.493456 0.24806 -0.0277552
0.623318 -0.0848265 -0.236095
-0.999799 0.0654396 0.0160262
-0.725088 0.201554 0.146436
0.00537767 0.0868441 0.233431
-0.469474 -0.120138 -0.220249
-0.999799 -0.0038607 -0.189848
-0.50547 -0.250388 0.00305797
0.60958 -0.185914 -0.16839
-0.871924 0.0969542 -0.231008
0.849465 -0.22158 -0.117355
0.967771 -0.0222176 0.244557
-0.978281 -0.0587873 -0.234994
-0.88945 0.0288302 0.247448
-0.727928 -0.201233 -0.149694
-0.757231 0.119692 0.218404
-0.944584 -0.0536029 -0.24505
-0.907602 -0.244895 0.0514551
0.769599 0.249156 0.0126325
-0.892937 0.221303 -0.116164
0.339667 -0.165698 0.186756
0.704339 0.0886197 0.232761
-0.620858 0.23089 -0.0954849
-0.472001 0.225004 -0.108753
-0.676453 0.201195 0.146927
0.781052 -0.141676 0.205451
-0.994113 -0.126946 0.196026
-0.329847 -0.153929 -0.198101
-0.999799 -0.00606086 0.182531
0.945757 0.176565 0.175693
-0.0847398 0.128758 0.213185
-0.940474 0.249189 0.0120102
-0.75997 -0.1267 -0.216541
-0.925191 -0.124184 0.216396
-0.639939 0.122533 0.216823
-0.999799 0.143931 -0.0628835
-0.0277294 -0.244689 -0.0540064
0.582632 -0.219758 0.119151
-0.0942937 0.10499 -0.22744
0.688915 0.176421 0.175837
-0.135088 -0.183407 -0.171124
-0.999799 -0.0158515 0.0886752
-0.488469 0.176989 -0.176864
-0.884145 0.192813 0.157736
0.999942 0.0542258 0.116994
-0.348842 0.16924 0.182747
-0.595475 -0.249861 -0.0174695
0.941336 0.247777 0.0286494
-0.424058 0.181716 -0.17197
0.659339 0.00925501 0.24898
0.130205 0.201906 0.145952
-0.559632 0.09616 -0.231342
-0.211987 0.0963287 0.229674
-0.840993 -0.250403 -0.00350917
0.305129 -0.239779 0.0713512
-0.313012 -0.167423 0.185222
-0.437792 -0.180775 -0.173907
0.623289 0.192663 -0.159517
0.961598 0.00558338 -0.249923
-0.949878 0.00806849 0.249024
0.250881 -0.166407 -0.187727
0.826911 0.212202 0.130589
0.39831 -0.249897 -0.0169238
0.385786 -0.0268522 -0.249368
-0.0648199 -0.245697 -0.0491464
0.468289 -0.201284 0.148028
-0.967355 0.181656 -0.166851
-0.393844 -0.138441 0.20763
-0.417989 0.0279618 -0.249147
0.635859 -0.234523 -0.0885121
0.30462 0.112262 -0.223913
-0.914216 -0.20862 0.137582
0.0727311 0.0887934 -0.234293
-0.485091 0.107024 -0.226483
-0.356846 0.248187 0.0249599
0.354927 -0.233312 -0.0916794
0.970742 0.121286 -0.213339
0.293835 0.245451 0.0441079
-0.694607 0.24927 -0.0119318
-0.838557 -0.211639 0.132928
-0.480595 0.193453 0.156952
0.0757397 0.237616 -0.0770104
0.902466 -0.0688678 -0.241221
-0.709147 0.060856 -0.243132
-0.406734 0.0921487 -0.232983
0.311698 0.235715 -0.0827121
-0.752856 -0.142508 0.204879
-0.25911 -0.0960429 -0.231766
0.0873436 -0.168615 0.184145
-0.15621 0.108594 -0.225728
0.331255 -0.245568 -0.0497991
-0.869375 -0.232426 0.0923179
-0.402344 0.230546 -0.0963209
0.468757 0.0756429 0.237305
-0.710832 0.175215 -0.178635
0.278507 -0.235565 0.0840833
-0.458171 -0.187387 0.165149
-0.641305 -0.020628 -0.249951
-0.337229 0.118571 0.219014
0.999942 0.0729682 0.165788
-0.44933 0.0429451 -0.246971
-0.555541 0.0623097 -0.24276
0.999942 0.190378 0.0310021
0.471499 0.23406 -0.0873361
-0.423968 -0.0887772 -0.234641
-0.113681 0.144624 0.202763
0.952848 -0.0968572 -0.231427
-0.734312 -0.189415 0.162835
-0.216899 -0.246124 -0.0469287
-0.999799 0.165935 -0.115752
0.690938 -0.102787 -0.228858
0.835866 0.232911 0.0887917
-0.993683 -0.189297 0.137665
-0.941644 0.247539 0.030587
-0.325777 0.246168 0.0399867
-0.281585 -0.155361 -0.196978
-0.999799 -0.107518 0.18824
-0.514014 0.161699 -0.191039
0.272979 -0.242538 0.0614684
-0.999799 0.0140679 0.0245827
0.337297 -0.189551 0.162677
0.83251 -0.223924 0.111198
-0.460306 0.167591 -0.185855
0.821092 -0.0910701 0.232164
0.463033 -0.235565 0.0840806
-0.907613 -0.124545 0.21619
0.314627 0.114038 0.221409
-0.0358602 -0.0123914 0.248883
0.367804 0.204391 0.142464
0.382228 0.0116883 0.248874
-0.734868 -0.0952534 0.230493
-0.802892 0.180633 -0.173115
-0.0412505 -0.250384 0.00328888
0.203953 0.058561 -0.243701
-0.999799 0.00194002 -0.0725845
-0.0937444 -0.0378406 0.246356
0.136653 0.0499057 0.244044
-0.215889 0.1895 0.16169
-0.00298718 -0.228861 -0.102349
0.307318 0.21672 0.122979
0.627468 -0.221078 -0.118302
-0.961284 0.129689 -0.213409
-0.437285 -0.180569 0.172524
0.0969554 0.163332 -0.189635
0.403221 -0.214144 -0.130486
-0.801998 0.2495 -0.00379769
0.885058 0.23257 0.089674
0.6165 0.136347 0.208415
0.906038 0.102284 -0.228679
-0.251652 0.158473 -0.193742
0.476 0.198536 0.15049
-0.84369 0.115699 0.220545
0.999942 0.0863195 -0.0113142
0.629092 0.0362161 0.246465
-0.698021 -0.14247 -0.206503
-0.999799 -0.110221 -0.0431566
0.26817 0.241306 0.0627466
0.712428 0.160004 -0.192472
-0.108074 0.2374 -0.0776823
0.631666 0.115051 -0.222482
0.0120169 -0.166476 -0.187666
-0.132657 -0.241736 -0.0661051
-0.295138 0.233315 0.0877309
-0.999799 -0.0502705 -0.0826465
0.843694 -0.0758968 -0.239109
-0.471649 -0.248482 0.0302499
-0.77597 0.165168 -0.188027
0.0252725 0.24906 0.0143187
0.91564 0.153467 0.196161
0.999942 -0.0118186 0.185758
-0.132115 0.234287 0.0851222
0.972165 0.181605 -0.16366
0.999942 -0.0951367 0.163722
0.510079 0.0891641 0.232553
-0.82236 -0.153366 0.19694
-0.496401 0.228813 -0.100408
0.80807 -0.117549 -0.221642
-0.999799 -0.132136 -0.0280992
-0.562358 -0.234871 -0.0875767
0.932855 -0.224115 -0.112414
0.605239 -0.243067 -0.0609701
0.819877 0.216027 -0.125785
-0.616154 0.229383 0.0974887
-0.0477256 0.231197 0.0931333
0.0630583 -0.0124644 -0.250478
-0.00616959 0.0494509 -0.245735
0.338536 -0.233647 0.0892168
0.285717 -0.126135 0.215273
-0.754763 -0.017282 -0.250199
0.815143 0.184829 -0.168595
-0.480977 0.238032 -0.0756983
-0.535667 0.230383 0.0951174
-0.562424 0.110011 0.223438
-0.664897 0.100976 0.227667
-0.999799 -0.144221 -0.0012497
-0.513073 -0.198376 0.151874
-0.999799 0.0830875 0.198585
-0.951644 -0.190109 -0.163628
-0.634449 -0.00768129 0.249064
-0.474402 0.209101 -0.137079
-0.0950026 0.17648 -0.177376
-0.412023 -0.246662 0.0423701
0.829271 -0.220987 -0.118474
0.186143 0.220661 -0.117392
0.134186 0.169495 -0.184109
-0.643423 0.249458 0.00467634
-0.364125 0.029306 -0.248989
-0.429202 0.186729 0.164875
0.705513 -0.0453231 -0.246706
-0.0877254 -0.225579 0.107832
-0.276168 0.220128 -0.118397
0.13193 -0.248038 -0.0352101
0.0189409 0.14281 -0.205641
0.660996 -0.067464 0.240018
0.745872 0.231625 0.0920727
0.736595 0.188356 -0.164617
0.163549 -0.0740773 0.238079
-0.774695 0.0438113 0.245219
-0.760586 0.0862517 0.233651
-0.789315 0.122959 0.216581
-0.823165 -0.00027148 -0.250766
-0.528695 -0.247224 0.0390328
0.999942 -0.158394 0.118874
0.999942 0.125879 -0.0610331
-0.907435 0.245702 0.0427085
0.783465 0.0447365 -0.246648
-0.253269 0.242644 0.0574185
0.427733 -0.24941 -0.0232257
0.762751 -0.211941 0.13245
-0.15296 0.032097 -0.248638
-0.352625 -0.250241 -0.0102053
-0.578576 0.244071 -0.0526946
0.449154 -0.189879 -0.163895
-0.896866 -0.0753037 -0.239296
-0.821964 -0.181884 -0.172745
0.162429 0.154878 0.19505
0.999942 0.0979489 -0.0976963
-0.139349 0.20761 0.137746
-0.829132 -0.140791 0.206054
0.714053 -0.239439 -0.0740663
0.24003 0.233842 -0.0879242
0.624731 0.111628 0.222634
-0.272366 0.1926 -0.159593
-0.757179 0.0687257 0.239406
0.599469 -0.236551 -0.0828974
0.69183 0.204132 -0.14443
0.331483 -0.119407 0.219049
-0.975277 0.230974 0.0724914
-0.238362 -0.184842 -0.169569
-0.0942969 -0.0699215 0.239321
0.999942 -0.0266218 -0.0355437
-0.438724 -0.0611651 -0.243281
0.999942 -0.0880274 -0.176491
0.205077 -0.247117 0.0396912
-0.69091 0.079648 0.235988
-0.0571361 -0.0964228 0.230011
0.606377 0.249237 0.0110379
0.17481 0.0744972 -0.239266
-0.906334 0.0941832 0.230563
0.985882 0.236396 0.0212879
0.649957 -0.118602 0.219483
0.0637933 -0.250257 0.00816743
0.0502783 0.223817 0.109601
0.999942 -0.0544577 0.184919
-0.46245 0.112799 -0.223641
-0.161989 0.123632 0.216198
0.159912 -0.183069 -0.171486
-0.566294 0.228813 -0.100409
-0.378185 0.237708 -0.0767233
-0.658462 -0.195526 0.155499
-0.814459 0.171701 -0.182038
0.869832 0.148807 -0.201313
0.3243 0.221683 -0.115432
-0.374099 0.225791 0.105496
0.348326 0.0122395 0.248846
0.454918 0.0504552 -0.245528
-0.0508707 -0.036123 -0.248208
0.727609 0.0317377 0.247088
0.851731 -0.215542 0.126556
-0.483309 0.0787434 -0.23789
0.94982 -0.0766833 0.237261
-0.942505 0.160998 -0.191635
-0.471586 -0.079165 -0.238049
0.687583 -0.244246 -0.0560016
-0.633115 -0.0575472 0.24256
-0.374801 0.249411 -0.00808005
0.163973 0.248993 0.0153848
-0.14634 0.0569498 -0.244087
0.861113 -0.131545 0.212034
-0.298777 0.000817406 -0.250763
-0.259108 0.0784371 0.236394
0.723254 0.184861 0.166962
0.503062 0.198599 0.150408
-0.603298 -0.0745029 0.237948
-0.999799 -0.133227 0.133496
0.161509 -0.208303 0.138057
0.254846 0.207984 0.137183
-0.889046 -0.210762 0.134304
0.992258 -0.103159 0.210457
-0.999799 -0.00857305 -0.139731
-0.765299 0.208103 0.137004
0.0525827 0.0677334 0.23969
-0.742211 -0.247031 0.0402097
0.116004 -0.170515 0.1824
0.999942 -0.0970286 0.0765813
-0.655859 -0.239647 -0.0733844
-0.894686 0.23872 0.0718747
-0.276251 -0.191945 0.159866
-0.282504 0.105555 0.225578
-0.680856 -0.195755 0.155214
-0.172203 -0.0729677 -0.240016
-0.354231 0.130125 -0.213951
-0.917249 0.241183 0.0632102
0.999942 -0.0483381 0.123122
-0.484106 0.179212 0.172998
0.999942 0.0734564 0.199863
0.818477 -0.228147 -0.103938
-0.371209 -0.224894 0.109241
0.999942 -0.0534913 -0.0847584
-0.596669 -0.206814 0.14026
0.981981 -0.193788 0.140881
-0.149677 -0.210251 -0.136694
-0.582958 0.0171644 0.248547
-0.372857 -0.159991 0.191634
-0.999799 0.124391 0.0240335
0.483975 -0.0321078 0.247156
-0.651327 0.228251 -0.101692
0.752961 0.10598 0.225379
0.794115 0.235109 -0.0844387
0.995331 0.165893 -0.16462
-0.0789562 0.198666 -0.151917
0.140275 -0.23851 -0.0770308
-0.00527914 -0.166485 -0.187657
0.968226 -0.0983599 0.224994
-0.736877 0.227628 0.101496
-0.911446 -0.00840089 -0.25064
0.266222 0.226166 -0.106294
-0.215508 0.208036 -0.138702
0.0105855 0.127454 -0.215565
-0.573433 0.118257 -0.220781
0.533842 -0.0527885 -0.245226
-0.354998 -0.129542 0.213255
-0.873555 -0.0480875 0.244588
-0.435804 0.102445 -0.228607
-0.0022978 0.022333 0.248128
-0.870651 -0.0956703 0.230322
-0.13392 -0.248162 -0.0343046
0.0208063 -0.0817145 0.23559
-0.535532 0.217849 -0.122575
-0.163164 -0.249156 -0.0258799
-0.613809 -0.166117 -0.187984
0.0621281 -0.160544 -0.192772
0.964994 -0.206952 -0.137437
-0.279402 0.168586 -0.184947
0.773099 0.143175 0.203788
-0.24301 -0.0758953 0.237511
0.246343 -0.0847484 -0.236123
-0.295349 0.0349796 0.246645
-0.215024 0.0134514 -0.25038
0.446504 0.167596 -0.185851
0.179164 0.00480993 0.249113
-0.784537 -0.228553 0.101441
-0.999799 -0.10154 -0.148195
-0.629475 0.0462116 -0.246373
-0.129333 -0.250141 -0.0125565
-0.999799 0.0545412 -0.222842
-0.848732 -0.115806 0.22096
0.249444 0.242782 -0.0584372
-0.0194874 0.120754 -0.219416
0.869727 0.203676 0.143479
0.793814 -0.00304913 0.249155
0.51286 0.191736 -0.160637
-0.371828 -0.227887 -0.104511
-0.135484 -0.107477 0.225097
-0.990041 0.233381 -0.031726
0.942679 0.124904 -0.217063
-0.242624 0.107411 0.2247
0.999942 0.158838 -0.0115187
-0.362223 -0.145132 -0.204639
0.173417 -0.250178 -0.0117407
-0.945914 -0.174698 0.178426
0.999942 -0.0702136 0.14285
0.0233375 0.190501 0.160512
0.999942 -0.0436917 0.00532739
0.359452 -0.179903 0.173214
0.437216 -0.0489088 -0.246024
-0.81277 0.1194 0.218563
-0.640888 -0.243273 0.0585386
0.168509 -0.121069 0.218141
0.14119 -0.24886 0.0270637
0.623488 0.180271 -0.173494
0.0470559 -0.142419 0.20494
0.430775 0.217994 0.120716
0.917006 -0.208872 0.137201
-0.123881 -0.0577267 0.242518
0.492751 -0.100703 -0.229782
-0.875705 -0.223626 -0.113388
-0.500253 0.247135 -0.0352285
-0.792062 0.23258 -0.0912477
0.89751 0.153098 -0.198047
-0.745841 -0.218914 -0.122278
0.0984674 -0.239205 0.0732258
-0.968504 -0.088433 0.228833
-0.32139 0.128011 -0.215232
-0.000206859 -0.057403 0.242594
-0.439568 -0.152171 0.197858
0.845376 -0.15169 -0.199822
-0.034904 0.172337 -0.181433
0.999942 -0.107306 -0.083819
0.390828 -0.159772 -0.193414
0.999942 -0.00564 -0.0102185
-0.999799 -0.155932 -0.0981989
0.583023 -0.249103 -0.0263992
0.675372 -0.243048 0.0594527
0.87827 0.124558 0.215666
-0.271418 -0.0863745 -0.235534
-0.696631 -0.222888 0.113241
0.74418 -0.0935322 0.231191
0.285928 -0.154514 -0.197644
0.493927 0.225272 -0.108193
0.819145 0.231908 0.0913618
-0.337512 0.22362 0.110001
0.318668 0.0820903 -0.236746
0.577353 0.243194 -0.0566689
0.450047 0.193998 -0.157878
-0.325827 -0.224734 0.109566
0.85782 0.160698 -0.191888
0.281216 -0.212692 -0.132848
-0.17712 0.230002 -0.0976273
-0.1854 0.218839 0.119185
-0.961162 -0.053959 0.242726
0.183267 0.18536 -0.168007
-0.193587 0.224142 -0.110535
0.249742 0.195081 0.154929
0.957424 0.186025 0.165667
0.613376 -0.248788 -0.029294
-0.354707 -0.00778048 -0.250659
0.999942 -0.100003 0.0459857
0.452636 -0.0707915 -0.240665
-0.438102 0.219133 0.118646
0.177425 -0.223295 -0.114042
-0.457592 -0.219834 0.119012
-0.955151 -0.207695 0.138963
0.702749 0.0133618 -0.250385
-0.999799 0.135593 -0.00857964
0.999942 0.201809 -0.10821
0.944539 0.229852 -0.0979834
0.93787 0.192139 -0.160152
0.496021 -0.058789 0.242266
-0.0969645 -0.216704 0.124573
0.613721 0.0732505 -0.239655
-0.184128 -0.0680996 0.239841
-0.372467 0.203721 -0.145014
0.999942 -0.125402 0.186958
-0.987772 -0.0624544 0.22787
0.186735 -0.00547777 -0.250716
-0.770899 0.208115 -0.138583
0.39934 0.0459791 -0.246417
-0.115228 -0.249806 0.0166758
0.715636 0.0443888 -0.246712
0.470795 -0.220828 0.117172
0.999942 -0.061958 0.0975106
-0.262276 0.170564 -0.183112
-0.252037 -0.227937 -0.1044
0.52598 0.0715457 0.238576
-0.0399149 0.229621 -0.0985289
0.288722 -0.188636 -0.165328
-0.635102 0.165336 0.186281
0.892547 -0.0135517 -0.250423
-0.968098 0.0932652 -0.228357
-0.850801 -0.0229248 -0.249754
0.702742 0.244085 0.0510328
-0.0124337 0.134418 -0.211261
-0.999799 0.193105 0.0158011
0.237088 0.232312 0.0903363
0.448462 -0.0224156 -0.249799
0.636765 0.227203 0.102439
0.999942 -0.110001 -0.15113
0.252771 0.0361543 -0.248072
0.248669 -0.119153 0.219186
-0.433899 0.232572 -0.091268
-0.659411 0.249479 0.00357509
-0.783526 0.0972413 -0.230886
-0.321687 -0.206988 -0.141603
-0.86508 -0.0212509 0.248302
0.147098 0.208399 -0.138152
0.3855 0.116942 0.219888
-0.32195 -0.236921 0.0802267
0.325052 -0.213618 -0.131349
0.716502 0.107227 -0.226386
-0.293872 -0.185683 0.167048
0.948736 -0.107673 0.225004
-0.460674 0.1363 0.208445
0.852398 0.248882 0.0170205
-0.733384 -0.141581 -0.207114
-0.892417 -0.18994 -0.163825
0.104706 0.0120466 -0.250454
-0.183687 0.247679 0.0294664
-0.878142 -0.177978 0.175178
-0.465093 -0.0829474 0.235163
-0.587316 0.161542 -0.191173
0.462531 -0.146269 -0.203827
0.591003 0.249446 0.00519235
0.271605 -0.237473 -0.080196
-0.309451 -0.0478813 0.244627
-0.520246 0.249459 -0.00621959
-0.0148877 -0.196018 -0.156481
-0.991439 -0.224156 -0.0734768
0.0293033 -0.0747266 -0.239476
-0.138979 0.242804 -0.0583411
-0.311767 -0.250413 -0.00233628
-0.319751 0.191353 -0.161097
-0.670594 0.0984844 -0.230354
-0.656058 -0.138844 0.207362
0.0292601 -0.236703 -0.0824576
0.065312 0.0744395 -0.239284
0.329379 -0.0291452 -0.249114
0.161305 -0.246103 0.0454433
-0.92476 0.137135 0.207897
0.11418 0.213841 -0.129497
0.644399 -0.204962 -0.14453
0.508252 -0.0763364 -0.238969
-0.188942 -0.248768 0.0278677
-0.975857 -0.0186869 0.240996
0.854158 0.241444 0.0622157
0.865214 0.203144 -0.145828
-0.419447 0.20853 -0.137953
-0.639471 -0.150786 -0.200506
0.0914758 -0.0866071 -0.235449
-0.574313 0.0968113 0.229471
0.406095 -0.0966527 -0.231513
-0.417739 0.130946 -0.213446
0.315128 -0.247319 0.0384406
0.349384 -0.219745 0.119175
-0.485887 -0.0505978 0.244087
0.970671 -0.220522 0.106799
0.98913 -0.187123 -0.145778
0.641653 -0.23609 0.0826145
0.602811 0.0287889 -0.24905
0.980056 -0.0509853 0.234425
0.456852 0.0278671 0.24756
-0.688383 -0.191895 -0.161524
-0.0716307 -0.198367 -0.153484
-0.0600223 -0.193852 0.157566
-0.0465243 -0.160444 -0.192856
0.17537 0.175586 0.17667
0.301994 -0.210986 0.133955
-0.975553 -0.194154 -0.146899
0.737191 0.0978925 0.229011
-0.96005 -0.24702 0.0395738
-0.00598688 0.183684 0.168253
-0.726216 -0.176727 0.17643
-0.287237 -0.243356 -0.059793
0.821187 0.117922 -0.220962
0.656406 0.14097 0.205318
0.417881 0.10196 0.227228
0.999942 -0.108755 -0.199171
-0.00737835 -0.100997 0.228055
0.999942 0.0993859 0.0161746
-0.384629 -0.125899 -0.217008
0.871188 -0.227974 0.102722
-0.999799 -0.0487473 0.0841134
-0.0823882 0.161199 -0.191465
-0.77677 -0.0977994 -0.231031
0.918237 0.018088 0.24848
0.970325 0.0988929 0.223297
0.999942 -0.122679 0.122761
-0.999799 0.0364086 -0.097567
0.118937 0.0207203 0.248271
-0.755622 -0.179806 -0.174911
0.177517 -0.235277 0.0848743
-0.999799 0.212866 -0.011594
0.103067 -0.248265 0.0319324
0.274556 -0.136356 0.208995
0.828066 -0.210138 -0.136867
0.238316 -0.00931036 0.249012
0.713478 0.147511 -0.202271
-0.697061 0.113362 -0.223353
-0.050465 -0.059842 -0.243608
0.135362 -0.139677 -0.208403
-0.793019 -0.250315 -0.00794835
0.947923 -0.17748 0.175678
0.429455 -0.0348964 0.246784
0.0978806 -0.121204 0.218067
-0.697036 0.237669 0.0752488
-0.179626 0.129223 -0.214501
0.554297 -0.0286399 0.247574
-0.0453888 0.120047 -0.219806
0.949019 0.0411531 0.245682
-0.64867 -0.0869177 0.233737
-0.228664 0.205355 0.141075
0.910821 -0.247921 0.0344401
0.999942 -0.134154 -0.145999
-0.470393 0.0645345 -0.242172
0.191779 0.165487 0.186147
0.791712 0.193052 -0.159041
-0.999799 -0.208573 0.0511345
-0.681593 -0.243896 -0.057525
-0.53077 0.224829 -0.109119
0.699201 -0.127711 -0.215946
-0.480076 0.24648 0.0380531
-0.48182 -0.0743357 0.238
-0.816257 -0.250185 0.00998537
0.506438 0.0434805 0.245278
0.550643 0.233164 0.0881289
0.999942 -0.211396 -0.0650496
-0.247095 0.24799 0.0267979
-0.258498 0.247551 -0.0320931
-0.369312 0.00146121 -0.250759
-0.36298 0.143869 0.203298
0.705908 0.189056 -0.163806
-0.688813 0.245596 -0.0449015
-0.650986 0.223119 0.111009
-0.567659 -0.0211126 0.248313
0.370472 0.0229838 0.248068
0.807339 -0.141114 -0.207433
0.617378 0.0552662 -0.244478
-0.997294 -0.192354 -0.132034
-0.461017 -0.0575163 -0.244165
0.102823 -0.200927 0.148509
-0.538665 -0.204879 0.14305
-0.560566 -0.249154 -0.0259055
0.970495 -0.0528856 -0.240172
0.707803 -0.116611 0.220539
-0.850798 -0.215009 -0.129049
0.0728272 0.202381 -0.146892
0.877075 -0.198224 -0.153669
-0.999799 -0.109958 0.0896751
0.999942 -0.00626012 -0.185195
0.890324 0.210213 0.133755
0.612476 0.240277 -0.0681357
0.939811 0.22115 0.114861
0.768101 0.0806808 -0.237234
0.188815 -0.0765812 0.237293
0.0905902 -0.250273 0.00770944
-0.591846 0.171064 0.181044
-0.124282 -0.231579 -0.0959985
0.944887 0.0647801 0.240508
0.119707 0.223972 0.109286
-0.753396 0.189489 0.161703
0.999942 0.0845321 0.126902
0.338113 0.236793 0.0779382
-0.0226532 0.0695132 0.239178
0.525354 -0.176535 -0.178219
0.41999 -0.062626 -0.24291
0.999942 0.12523 0.0315772
-0.456002 -0.228096 0.102455
0.61819 -0.0671594 0.240103
-0.42496 0.249432 -0.00733542
-0.999799 -0.0397334 0.0106365
0.583031 0.0910892 -0.233402
0.625651 0.0110229 0.248905
-0.293588 -0.162113 0.189855
0.979277 -0.0909804 -0.224099
-0.539026 0.0753266 -0.239004
0.75755 -0.0215424 -0.249875
-0.607488 0.12911 0.212972
-0.199572 0.245333 -0.0463478
-0.529166 0.20708 -0.140137
0.999942 0.179338 -0.143677
0.104126 0.246756 -0.037851
0.0193387 0.229905 0.0962594
-0.0580677 0.0126155 -0.250425
0.695481 0.247285 -0.0341318
-0.622244 0.218426 -0.121534
0.553855 -0.141656 -0.207063
0.508819 -0.153622 -0.198339
0.331969 0.179046 0.173169
0.999942 -0.136608 -0.0548039
0.999942 0.0670361 -0.0175417
0.610901 0.198382 0.150692
0.190768 -0.190534 -0.163132
-0.999799 -0.190714 -0.0249637
-0.955527 -0.240314 -0.0711471
-0.505763 -0.249454 0.0211231
-0.993853 0.111716 0.204669
0.999942 -0.104739 0.0146809
-0.396772 -0.192663 -0.160604
0.999942 -0.00442386 0.144518
-0.223974 0.246939 0.0350111
-0.818676 0.221516 -0.115755
0.803009 0.236228 0.0796208
-0.118704 -0.226421 0.106071
0.733461 0.0731166 -0.239696
-0.830718 0.0159151 0.248632
0.269433 0.137477 -0.20927
-0.999799 0.178535 -0.105591
-0.190159 0.225764 0.105554
0.678618 -0.177402 0.175757
-0.693532 0.0979638 0.22898
0.613185 -0.250142 -0.0125368
-0.231971 -0.0851644 -0.235974
-0.376233 0.156224 -0.195573
0.182192 0.158709 -0.193548
0.599718 -0.2482 0.032422
0.999942 0.160866 -0.0385805
-0.863405 0.18363 -0.16991
0.999942 -0.0783094 -0.207249
-0.608816 0.246232 -0.0411963
-0.552768 -0.150765 -0.200522
-0.836269 0.235428 -0.0835353
0.576464 -0.229022 0.100387
0.508502 0.0906063 -0.233592
-0.0173042 -0.00886139 0.249027
0.0485924 0.046627 -0.246293
0.689674 -0.0677473 0.239939
-0.859204 -0.246841 0.041338
-0.0786976 -0.0152735 -0.250327
-0.999799 -0.0414398 0.210962
-0.493833 0.210185 0.133799
0.398297 -0.0554988 -0.24463
-0.785387 0.0316948 0.247093
-0.500832 0.0755692 -0.238927
0.796945 0.135967 0.208663
0.53781 -0.243862 0.0560735
0.588758 -0.04441 0.245273
0.266278 -0.0580034 0.242453
0.756056 0.203279 0.14404
0.999942 -0.0449214 0.0421237
-0.999799 0.194472 -0.0346228
0.55847 0.0617441 0.241308
0.79087 -0.221735 0.115462
0.968544 0.0242423 0.243917
-0.852098 -0.239852 0.0711084
-0.88958 0.041237 -0.247266
0.799364 0.201935 -0.14751
0.832126 -0.00148317 -0.250764
-0.138736 0.158465 0.192151
0.281471 -0.202455 0.146435
-0.0453454 -0.110069 -0.225449
-0.0645428 0.237074 0.0770877
-0.999799 -0.0627929 0.0201069
0.175988 0.249497 0.00240984
-0.308524 -0.174157 -0.180548
-0.329957 0.224537 -0.109724
-0.851201 0.246911 -0.0368023
-0.0625003 -0.222302 0.114378
0.152167 -0.0622302 -0.243012
0.999942 -0.0344039 0.0809182
-0.781603 -0.00555121 -0.250714
-0.506419 0.216474 0.12341
-0.669386 -0.21927 -0.121636
0.626863 0.0159943 -0.250225
0.721914 0.226238 -0.106139
-0.936701 0.241888 0.0604869
-0.815259 -0.129007 -0.215174
-0.629425 0.0169321 -0.250161
-0.542535 0.0796403 0.235991
-0.924003 -0.197396 -0.154735
0.0727642 0.0234784 -0.249618
-0.294106 0.243083 0.0555523
0.344882 0.113501 0.221685
0.442535 0.0343148 -0.248337
-0.307575 0.20157 0.146414
0.999942 0.100382 -0.0371432
0.148733 0.0973055 -0.230859
-0.803649 0.243005 0.0558891
0.0198226 0.206731 0.139058
0.193394 0.248352 -0.0249066
0.97734 -0.0280336 -0.241078
0.937678 0.188376 0.162995
-0.84763 0.104326 -0.227748
0.852305 0.246858 0.0355661
-0.981979 0.142772 -0.192915
-0.999799 0.0538231 -0.0887661
0.572075 0.0944686 0.230446
0.655205 0.0148531 -0.250298
-0.394417 -0.116247 0.22073
0.189789 0.0653386 0.240356
0.507157 0.138826 -0.20837
0.995859 0.165674 0.162894
-0.535256 -0.124799 0.216045
0.108506 0.000628228 0.249166
0.59687 -0.0145724 0.248769
-0.798531 -0.200669 0.148855
0.553549 0.207278 -0.139841
-0.874157 -0.249527 -0.0218795
0.504682 0.187761 0.163701
0.637954 0.249502 0.00200011
-0.772062 -0.215635 -0.127996
-0.14561 0.234386 -0.0864494
-0.174273 -0.218324 -0.123333
0.299119 -0.221467 -0.11757
-0.166809 0.186507 -0.166724
-0.309513 0.0909176 -0.23347
-0.542292 -0.0367623 0.246517
-0.895386 0.0115097 -0.25048
-0.999799 -0.174941 0.00355426
0.549157 -0.247667 0.0361796
-0.45255 0.0265257 0.247709
-0.292061 -0.19202 -0.161376
-0.494134 0.0163878 0.248601
-0.55289 0.203124 -0.145855
0.884402 0.13879 -0.208395
0.999942 0.03551 -0.0128949
0.901458 -0.0326214 -0.248688
0.492772 -0.0306431 -0.248936
-0.00186901 -0.241482 -0.0670349
-0.119507 -0.246948 0.0407018
-0.712738 0.155856 0.194271
0.794202 0.0697607 -0.240704
-0.181545 -0.224746 0.109543
0.988647 0.23316 0.0366006
0.438144 -0.243171 0.058954
0.226302 0.239504 -0.0708399
-0.165786 -0.0376091 -0.247989
-0.356491 -0.247004 0.0403684
0.65998 -0.2466 -0.0443208
-0.588789 -0.241315 -0.06764
-0.500687 -0.105386 -0.227674
0.757001 0.0299837 -0.248907
0.22509 0.249123 0.0132464
0.0315696 0.179218 -0.17459
-0.343485 -0.202451 0.14644
-0.258802 -0.132484 0.211453
0.512563 -0.0721082 0.238677
0.0574144 0.0269932 0.247658
-0.934761 0.248851 -0.019047
0.778015 -0.116317 -0.222291
0.846523 -0.168204 0.184519
-0.526563 0.127079 0.21419
0.399646 -0.170243 0.182651
-0.999799 -0.162146 -0.037853
-0.920646 0.096486 -0.231205
0.976256 -0.145689 0.193225
-0.437462 0.23791 0.0744895
0.765107 0.126176 0.214723
-0.585026 -0.250403 -0.00346449
0.538106 0.0423306 0.245481
0.0133687 0.0400422 -0.247465
0.93758 0.1684 -0.185118
0.915672 0.246658 -0.0384993
-0.925924 -0.0278994 -0.249255
0.0780559 -0.24973 -0.0193258
0.819004 -0.0649385 0.240707
-0.614576 -0.0453352 0.245106
0.753713 -0.206748 -0.141954
0.879747 -0.0913588 0.232052
0.4631 0.118775 0.218904
0.999942 -0.0617365 0.047449
0.271976 0.0769747 0.236876
-0.163824 0.218862 -0.12074
0.0851561 -0.04423 0.245305
0.936685 -0.249748 -0.0190828
0.23332 0.0443176 0.245127
0.882153 -0.189611 0.162609
0.94541 -0.177305 -0.177452
-0.0343424 -0.223612 -0.113416
-0.384669 0.249183 0.0121319
-0.821866 -0.177139 0.17602
-0.593383 0.245923 0.0414383
-0.724431 -0.239333 -0.0744104
0.0877886 0.243458 -0.0555047
-0.893299 0.188815 -0.164086
0.616333 -0.163743 -0.190058
0.612106 -0.125173 -0.217428
-0.709789 0.247916 0.0274527
0.080936 0.21211 0.130739
0.0291928 0.0452739 0.244951
0.670773 0.2485 -0.0233354
0.657343 -0.149523 -0.20145
0.866476 0.0756598 0.2373
-0.331968 -0.139787 -0.20833
0.741645 0.0865921 -0.235122
-0.979974 0.188814 -0.149289
0.999942 -0.129372 0.0468703
-0.466717 0.117865 0.219395
0.120389 -0.136829 0.208687
0.999942 0.00620628 -0.0862775
-0.332076 -0.176576 -0.178179
-0.946061 0.232119 0.0908265
-0.105487 -0.235011 -0.0871988
0.692185 -0.134712 0.210051
-0.843591 -0.248851 -0.0287391
0.742266 0.239863 -0.0695979
-0.987617 0.0938296 -0.218237
-0.376199 -0.0463841 0.244912
-0.547131 -0.125143 -0.217445
0.335451 -0.137003 0.208574
-0.405735 0.00164516 -0.250758
0.996805 -0.0832055 0.216775
0.444034 0.131719 -0.212966
-0.335335 0.209377 -0.136653
0.0959735 -0.0379452 -0.247938
0.99226 -0.196385 -0.130365
-0.649878 -0.247893 0.0346381
-0.0893207 0.249517 -0.00124366
-0.00129507 0.245882 -0.0432764
0.99294 -0.232348 -0.0361887
0.128674 0.249206 -0.0132798
0.721536 -0.0990112 -0.230515
0.236126 -0.142643 -0.206383
0.144658 0.249516 -0.00154365
-0.971646 0.227563 -0.0889114
-0.498489 -0.0478511 -0.246231
0.469687 -0.107597 0.22504
0.129655 -0.0539447 -0.244975
0.707885 0.1026 0.226939
-0.812645 -0.207818 -0.140377
-0.123681 -0.0575693 -0.244153
-0.472447 -0.203169 0.145451
0.76371 -0.0623027 -0.242993
-0.978942 0.0256649 0.238826
0.885051 -0.214063 -0.130619
-0.144931 -0.137315 0.208371
0.907616 -0.244293 -0.0557951
-0.133781 -0.232583 0.0919273
-0.354251 0.101575 0.2274
-0.626869 -0.026839 0.247772
-0.671951 -0.249 -0.0273845
0.935174 0.1559 -0.195834
0.958859 -0.213575 0.129821
0.236151 -0.247819 -0.0367461
-0.358036 -0.0225833 0.248187
0.28677 0.187144 -0.166003
0.999942 0.215719 -0.0597213
0.945487 -0.0263012 0.247828
0.0192499 0.0686329 -0.241031
-0.522596 -0.125773 -0.217081
-0.172169 -0.119132 -0.220795
0.436706 -0.0847154 -0.236135
-0.790447 -0.0481394 -0.246175
0.109137 -0.127251 -0.216218
-0.0801684 -0.161796 -0.191721
-0.134714 0.210953 -0.134187
0.243132 -0.0678421 -0.241511
0.358192 -0.12935 -0.214969
-0.822681 -0.0977792 0.229442
0.975487 -0.208339 -0.126081
0.242067 -0.0615134 0.241596
0.999163 0.2294 -0.0298674
-0.546028 -0.2376 0.078217
-0.0523561 -0.174489 0.178629
0.82191 -0.240395 0.0692729
-0.221981 -0.249534 0.0201979
0.603573 -0.19294 0.158673
0.742107 -0.239525 -0.0737849
-0.964274 -0.205831 -0.139596
0.0828127 -0.180673 -0.174014
-0.446401 -0.214576 -0.12977
-0.666668 -0.223817 0.111411
-0.931784 -0.24434 -0.0555856
-0.230145 0.117286 0.219705
0.382217 0.208356 0.136619
-0.695336 0.0011064 0.249164
-0.14517 -0.249026 0.025542
-0.757219 -0.172042 0.18097
0.934248 -0.231403 -0.0964266
0.826155 0.200624 -0.149301
0.673078 0.170081 0.181966
0.187258 0.0914498 0.231662
-0.169346 -0.151021 0.198731
-0.643887 -0.186481 -0.167761
-0.758381 -0.248543 0.0297594
-0.999799 0.0560773 0.204144
0.78852 0.117176 0.219764
-0.517402 0.232904 0.0888097
-0.387928 -0.249903 0.0152287
-0.569461 -0.0167417 -0.250235
-0.1843 -0.228094 -0.104057
-0.28558 0.22872 0.0990259
0.0923961 0.243079 0.0555698
-0.678293 0.182161 -0.171494
0.466437 -0.0929132 -0.233037
-0.0869075 -0.247837 0.0350291
0.167549 0.239167 -0.0719866
0.672833 -0.19873 -0.153012
-0.13024 -0.0409166 0.245871
-0.999799 0.110703 0.0990055
-0.00655915 -0.250328 -0.00749581
0.628611 0.144309 0.202987
0.712758 0.203108 0.144281
0.988571 -0.222953 0.0797103
-0.210007 0.035433 0.24658
-0.999799 -0.0565425 -0.164048
-0.00264322 0.200892 -0.148938
-0.707937 0.206029 -0.141689
-0.663105 0.244506 0.0490059
0.830354 0.0249332 0.247877
0.364831 0.247786 -0.0301701
0.376124 -0.106422 -0.227192
0.249538 0.096997 0.229392
0.320164 -0.146913 0.201766
0.018271 0.0975752 -0.230744
0.555845 -0.229343 0.0996596
0.999942 0.113109 -0.196497
0.888034 -0.237431 0.0787245
-0.25917 -0.126614 -0.216591
-0.939093 0.234205 -0.0869427
0.373505 0.157148 0.193229
-0.165104 -0.198494 -0.153318
0.107545 -0.245871 -0.0482575
0.521726 -0.212491 0.131573
-0.0651068 0.055152 0.242906
0.922062 0.236938 -0.0790967
0.999942 -0.0716786 -0.190498
-0.737106 0.249148 0.0127941
-0.406095 0.119157 -0.220293
-0.864823 -0.131235 -0.213823
-0.237253 -0.215562 -0.128119
-0.452737 -0.160136 0.191514
0.812049 -0.249522 -0.0219438
-0.151068 -0.109674 0.224043
-0.31195 -0.116035 0.22084
-0.588531 0.0514413 -0.245321
-0.844474 0.244224 0.0503718
0.999942 0.192909 0.0869339
0.831695 -0.193164 -0.16
-0.323749 -0.245569 0.048194
-0.103988 -0.135648 -0.21105
-0.938463 -0.0823903 0.235357
-0.101905 -0.0569256 0.242705
0.956221 0.216653 -0.124694
-0.616478 0.0743276 -0.239319
-0.348531 0.247342 -0.0337073
-0.17176 -0.144068 -0.20539
-0.322627 0.113866 0.221497
-0.614967 -0.250377 0.00372938
0.559733 0.10812 -0.225957
-0.728153 0.246307 0.0391381
-0.814567 0.0649806 -0.242051
-0.433858 0.157562 -0.194489
-0.258198 -0.215577 0.126496
0.63227 -0.24264 -0.0626692
-0.669488 0.232901 0.0888187
-0.0662253 0.209187 0.135349
0.16283 0.248848 -0.0190845
0.780264 0.193138 0.157339
0.0949365 -0.063292 -0.242738
-0.16421 0.146472 0.201433
0.082743 -0.114474 -0.223245
-0.491931 0.150012 -0.200411
-0.345721 0.249426 0.00595892
0.240822 -0.0408528 -0.24748
-0.230631 -0.240669 -0.0699278
-0.166495 0.1103 0.223295
0.384203 0.136625 -0.20983
0.0774652 -0.104578 0.226448
0.0556298 -0.0564882 0.242806
-0.557251 0.221262 0.114647
-0.745513 0.00102386 0.249164
-0.38049 0.24353 0.0535852
-0.00159294 0.0557069 0.242779
0.828855 -0.112247 0.222775
-0.999799 0.210054 0.043112
-0.236358 -0.228645 0.101236
-0.24036 -0.0698363 -0.240943
-0.0619988 -0.0869025 -0.23534
-0.292345 0.159853 -0.192597
-0.0626658 -0.250357 0.00468889
0.20441 -0.0967494 0.229875
0.999942 0.153295 0.115633
0.427797 -0.210186 0.135197
0.974914 0.158478 0.183009
-0.338618 0.0460245 -0.246408
-0.63823 0.248721 0.0191408
-0.999799 0.225816 0.0152124
-0.884643 -0.245127 -0.0519555
-0.101774 0.226105 0.104825
0.974309 -0.208603 0.12511
-0.752837 -0.225669 0.107646
-0.769631 0.18943 0.161772
0.492499 -0.19765 -0.154408
-0.316693 0.0500906 0.244006
-0.155412 0.0396503 0.245931
-0.210317 0.248987 0.0154735
-0.615089 -0.199195 -0.152405
0.714501 -0.167315 -0.186917
-0.358572 0.249376 -0.00921656
-0.0168785 -0.108551 -0.226183
-0.827601 -0.241113 -0.0683655
0.432769 0.146998 0.20105
0.488471 -0.243419 -0.0595331
-0.147573 -0.0222996 -0.24981
0.676024 -0.127468 -0.21609
0.458014 0.216436 0.123476
0.80157 0.0425612 0.245441
-0.23406 0.220622 0.115867
-0.930569 -0.137667 -0.209738
0.999942 0.120598 -0.161328
0.481569 0.131298 0.21163
0.560838 0.182788 0.169223
0.777094 -0.241448 0.0655613
0.994366 0.205539 0.110044
0.51039 0.215702 -0.126346
0.467793 0.240417 0.0660345
0.613294 0.239957 0.0676709
0.999942 -0.0115615 -0.111974
-0.453327 0.220037 0.116969
-0.810141 0.231928 -0.0929089
0.619208 0.167554 0.184291
0.669157 0.176553 -0.177303
0.118355 0.181117 -0.172605
-0.222611 0.226113 0.10481
-0.331631 -0.248495 -0.0317392
0.596458 0.00715358 0.249053
-0.280893 0.167426 0.184408
-0.999799 -0.066427 0.0390644
0.980304 -0.0773535 0.227048
0.251857 -0.198767 0.151366
-0.120609 0.0440181 0.245182
0.509747 0.223029 0.111187
0.56503 0.00100313 -0.250762
-0.588527 0.177907 -0.175935
