ply
format ascii 1.0
element vertex 8201
property float x
property float y
property float z
end_header
-0.120523 -0.787113 0.215183
0.129538 0.961775 -0.274052
0.129679 0.339099 0.939521
-0.119826 -0.108938 -0.833005
-0.145701 0.136042 0.0654839
-0.13365 -0.474281 -0.323157
-0.117215 -0.105596 0.709539
-0.118709 0.69962 0.0985555
0.127567 -0.754732 -0.123214
-0.145701 -0.0439807 0.143714
0.129604 0.325996 -0.945143
0.128645 -0.747567 -0.66249
0.129179 0.998002 -0.0634721
0.128409 -0.958501 0.279475
0.128176 0.58954 0.807034
0.129679 -0.296202 0.95318
-0.145701 -0.133241 -0.530844
0.129679 0.386761 -0.268156
-0.120523 -0.59074 -0.130616
-0.120523 0.552619 0.260103
-0.118852 0.768286 -0.640147
-0.120523 -0.496507 0.48352
-0.120523 0.111613 0.674131
0.129482 -0.302772 -0.952335
0.129487 -0.967151 -0.248536
0.129679 0.91445 0.403814
0.129679 -0.212874 -0.179677
0.129679 0.214607 0.347603
-0.120523 0.316518 -0.603103
-0.120523 0.711841 -0.225938
0.129679 -0.172246 0.512553
0.129679 -0.450188 0.162484
0.129569 0.210403 0.976681
-0.120523 0.0104214 -0.913846
0.125107 -0.650544 0.75749
-0.145701 0.111074 -0.216132
-0.120523 -0.464526 -0.715305
-0.120523 -0.931126 0.0151239
-0.120523 0.721429 0.579777
0.129679 0.903213 -0.415124
0.129679 -0.464067 -0.439178
0.129679 0.0914242 -0.47691
0.129679 0.61494 0.0101485
-0.120523 -0.0419254 0.994423
-0.110252 -0.84908 0.525267
0.129679 0.130815 0.00457371
-0.120523 0.890127 0.159131
-0.120523 -0.785913 -0.419946
-0.145701 0.418786 -0.0526295
0.129679 0.535458 -0.675735
-0.120523 -0.252382 0.727668
0.129679 0.524224 0.479695
-0.120523 0.382615 0.857961
-0.120523 -0.66211 0.197462
0.129679 -0.669902 0.408616
-0.120523 0.500766 -0.861347
0.129679 -0.147354 -0.679002
-0.145701 -0.3407 0.0519265
-0.145701 -0.311941 -0.278071
0.129679 0.286644 0.672503
-0.145701 0.305594 0.439223
0.129679 -0.152419 0.209419
-0.145701 -0.212144 0.398085
-0.120523 -0.519221 0.846096
0.129679 -0.679246 -0.241885
-0.145701 0.448203 -0.338333
-0.145701 0.237499 0.163583
0.083353 0.123417 -0.754269
0.129679 0.624566 -0.414743
-0.115985 0.982781 -0.185017
0.129679 -0.441901 0.579953
0.129679 -0.737695 0.118722
0.129679 0.44978 0.220143
0.108887 -0.54626 -0.83652
0.129679 -0.0364269 -0.993581
-0.120523 -0.252358 -0.880658
0.121062 -0.0410782 0.890956
-0.145701 0.0495495 0.386628
-0.120523 -0.529049 -0.446916
0.129679 -0.465592 -0.0949153
-0.120523 0.263177 -0.960708
0.125495 0.780687 0.624338
0.129679 0.772346 -0.192526
0.129679 -0.987952 0.0150377
0.129679 0.836564 0.140826
-0.145701 -0.122906 -0.100029
-0.120523 -0.907148 0.27134
0.129679 -0.208614 -0.43339
-0.120523 -0.716643 -0.681773
0.129679 0.0406675 -0.230508
-0.120523 0.887578 -0.416826
-0.120523 -0.954826 -0.234795
-0.120523 0.910649 0.411953
-0.145701 0.111045 -0.465114
0.129421 0.0389056 0.655576
-0.120334 0.655542 0.0341765
0.129679 0.336355 -0.513447
0.129679 0.777981 -0.627943
-0.120523 0.478534 0.632121
0.129679 0.372264 -0.0246867
0.0930726 -0.881685 -0.469099
-0.120523 0.552511 -0.547813
0.129679 -0.391215 -0.662387
-0.11011 -0.276448 0.959697
-0.120523 -0.656412 0.658027
-0.145701 -0.408736 0.27178
0.129679 0.693619 0.325626
0.129679 -0.25464 0.72814
-0.10304 0.190322 0.980775
0.129679 -0.351277 0.370848
0.114834 -0.80453 0.591269
-0.0193856 -0.791969 -0.123243
-0.145701 -0.0861851 -0.317056
-0.120523 0.0979298 -0.68162
-0.124257 -0.0784404 0.56856
0.129679 -0.271908 0.0278889
0.129679 0.00383772 0.389465
-0.0743334 0.636478 0.770618
0.129679 0.328687 -0.724188
0.129679 -0.67202 -0.457759
-0.120523 -0.339866 -0.546218
0.080772 0.414764 0.909121
-0.145701 0.10083 -0.00526164
0.129679 -0.44837 0.811981
-0.0659437 -0.117344 -0.735738
-0.120523 -0.683263 0.401662
0.044019 0.147493 -0.988721
0.129679 0.0540773 0.191741
0.129679 -0.0704491 -0.0149916
0.02787 0.119471 0.810808
-0.0378768 0.897351 -0.0221868
-0.00943532 0.650682 -0.759316
-0.0474038 -0.436043 -0.899022
0.129679 0.569621 -0.193366
0.0819192 0.502384 -0.864521
0.129679 0.258526 0.154406
-0.120523 0.745559 0.296125
-0.0206826 -0.652636 0.0289853
-0.120523 -0.438126 0.669799
-0.120523 0.57175 0.458206
0.00383748 -0.106137 0.710442
0.0316538 0.969778 0.243577
-0.120523 0.695263 -0.415882
-0.145701 0.303498 -0.215019
0.129679 0.224501 -0.169619
0.0639803 0.970694 -0.24054
-0.145701 -0.222904 0.209854
-0.00288247 -0.987191 0.14941
0.129679 -0.378822 -0.273107
0.0589345 -0.896034 0.440394
0.129679 0.472378 0.656526
0.129679 -0.568783 -0.613619
-0.145701 -0.525202 0.0740683
-0.0328522 -0.133497 -0.990492
-0.120523 0.29323 0.64606
-0.145701 0.423438 0.129804
-0.145701 -0.41134 -0.1161
0.129679 0.3305 0.487456
-0.120523 0.253293 -0.779885
0.129679 0.230879 -0.362426
-0.120523 -0.639738 -0.304654
0.00174613 0.692811 -0.0936073
-0.145701 0.290219 -0.426696
-0.0376832 -0.809649 0.11861
0.0196891 -0.15355 0.986932
0.00498258 -0.992129 -0.112726
0.129679 -0.623616 0.580656
-0.120523 -0.302037 0.555628
0.129679 0.156662 0.522826
0.129679 -0.152988 -0.85749
0.12863 -0.66736 -0.0651206
-0.145701 0.544999 -0.176061
0.0275937 0.0686286 0.996612
0.129679 -0.607612 0.244472
-0.00600625 0.848187 0.529161
-0.120523 -0.11249 0.833501
-0.0358719 -0.820327 -0.569774
-0.0564176 -0.602364 -0.797003
-0.00623117 -0.408725 0.911161
-0.120523 -0.286583 -0.708976
-0.00167251 0.842049 -0.539494
-0.120523 0.219228 0.808197
-0.120523 0.461625 -0.691339
0.0289836 0.000862016 -0.650214
0.129679 -0.870687 -0.108584
0.0251535 0.708512 0.104739
0.129679 -0.786347 0.280205
0.129679 -0.0502735 -0.378905
-0.145701 0.390148 0.29541
-0.0382159 -0.925125 -0.376086
-0.145701 -0.477183 -0.274353
-0.145701 0.15886 0.518098
0.0455944 0.996908 0.0782265
0.129679 0.19365 -0.604845
0.129679 0.687435 0.490559
-0.145701 0.255525 -0.0556326
-0.120523 -0.793843 -0.250861
0.129679 -0.508324 0.415842
0.129679 0.60471 0.175945
0.129679 -0.823604 -0.323726
0.129679 0.461847 -0.413335
-0.117292 0.0688022 0.877937
-0.145701 0.199486 0.31882
-0.0193795 0.392148 -0.919714
0.129679 0.282506 0.831305
0.129679 -0.0805731 -0.534787
0.129679 -0.579484 0.0663413
0.129679 -0.297047 -0.788486
-0.145701 -0.183601 0.0468097
-0.120523 -0.574784 -0.59719
-0.0326711 0.512462 0.857959
-0.145701 -0.240695 -0.416556
0.129679 0.62805 0.655707
-0.145701 -0.0799817 0.294887
0.129679 -0.196174 0.358439
0.129679 -0.531904 -0.298461
0.0117184 -0.73187 0.679183
0.129679 -0.894693 0.136834
0.129679 -0.308842 0.220791
-0.120523 -0.545294 0.334136
-0.023203 -0.618275 0.784071
-0.0603614 0.115465 -0.822462
0.129679 -0.333719 -0.518976
-0.120523 0.833235 -0.131868
-0.119459 0.998561 0.0532818
0.129679 0.758434 -0.342181
0.129679 0.070257 -0.887749
-0.00625094 0.733569 0.678999
-0.0171779 0.308833 0.950244
-0.145701 0.0836125 0.221495
-0.145701 -0.36418 0.413135
0.129679 0.428362 0.367043
0.129679 0.629799 -0.563039
-0.120523 -0.367597 0.828793
-0.145701 -0.268076 -0.0785774
0.129679 0.483326 0.0775327
0.0278704 -0.0481394 -0.888819
-0.145701 -0.38852 -0.41106
-0.145701 0.00498022 -0.573653
-0.120523 0.415849 -0.492905
0.129679 -0.105205 0.640578
0.129679 0.674425 -0.731622
0.129679 -0.298453 0.5842
0.0191923 -0.897753 0.00116453
-0.120523 0.608462 -0.679602
-0.120523 0.74838 0.439025
-0.120523 0.869657 -0.275036
0.129679 0.766597 -0.484864
0.129679 -0.190275 0.857835
0.0880062 0.861466 -0.0896106
0.129679 0.228536 -0.838327
-0.120523 0.748051 0.153109
0.129679 0.829958 0.286698
-0.120523 0.597444 -0.309676
-0.120523 -0.701709 -0.533215
-0.145701 0.178216 -0.33992
-0.106411 0.959634 0.280827
-0.106257 0.12721 -0.99152
-0.0198902 -0.0355403 0.89279
0.0705605 -0.657615 -0.751988
-0.00121599 0.932797 -0.360576
0.129679 -0.522191 0.693927
-0.0117084 -0.298695 -0.953625
-0.0797656 -0.912367 0.405473
-0.120523 -0.769921 0.292491
-0.120523 0.436347 0.500232
0.129679 -0.0272171 0.526429
0.129679 0.475464 -0.550503
0.129679 0.504014 -0.0712054
0.129679 -0.0740112 -0.15248
-0.0238975 0.0142367 0.650312
0.129679 -0.414063 -0.866449
-0.00216281 0.842962 0.103759
-0.145701 -0.186477 -0.223042
0.129679 0.159629 0.728675
-0.120523 -0.11582 -0.863004
-0.145701 -0.0795344 0.434195
0.129679 0.55772 0.321828
-0.145701 -0.0223416 -0.439837
0.129679 0.423132 0.782893
0.129679 -0.412343 0.0297849
-0.145701 -0.0340481 0.00801539
0.129679 -0.330361 -0.100897
-0.145701 -0.0264892 -0.194804
-0.120523 -0.626399 0.526505
0.0028052 0.99404 -0.109289
0.129679 0.0943898 0.90949
-0.120523 -0.879789 -0.123982
-0.14427 0.561178 0.125502
0.000739208 0.0215606 -0.999336
-0.120523 0.180378 -0.57704
0.129679 -0.163625 -0.308152
0.129679 0.322635 0.270691
0.129679 0.0457606 -0.0963835
-0.120523 0.481844 0.764517
0.102495 -0.168854 -0.985051
-0.120523 0.608832 0.646775
-0.120523 0.370269 -0.838488
0.00557112 0.930579 0.365629
-0.145701 -0.530541 0.206665
0.129679 0.907789 0.0312803
0.129679 -0.211358 -0.565331
0.00221214 -0.948749 0.310967
0.129679 -0.380854 0.695974
0.129679 0.817342 0.496253
0.129679 -0.475317 0.290711
0.129679 -0.571156 -0.171081
-0.120523 -0.372224 -0.805702
0.027572 -0.518749 0.853251
-0.120523 0.790894 -0.513461
0.129679 0.0990357 -0.348537
-0.120523 -0.917922 0.143257
-0.145701 0.549946 -0.0343517
0.129679 -0.779673 -0.537772
0.129679 -0.0638521 0.116787
0.0154017 0.741161 -0.671349
-0.120523 -0.128804 0.692971
-0.120523 0.657835 -0.103864
0.129679 -0.789559 0.45263
-0.145701 0.0406878 -0.325233
-0.120523 -0.717767 -0.142297
0.0121792 0.266905 -0.963458
0.129679 -0.340219 -0.392859
0.129679 0.0568437 -0.599975
0.129679 0.866155 -0.276151
0.00271284 -0.965177 -0.256109
0.129679 0.254041 0.0278838
0.129679 0.351336 -0.148126
0.129679 0.694121 -0.0950872
0.00325008 -0.733322 -0.678247
-0.145701 0.32412 0.0540201
0.129679 0.727765 0.20122
0.129679 -0.0452467 0.275299
-0.120523 -0.776208 0.625545
0.129679 -0.501025 -0.72295
-0.145701 0.0351968 0.521173
-0.120523 -0.182838 -0.641195
0.129679 0.446144 -0.76167
0.129679 0.976476 0.16595
-0.120523 0.675731 -0.556992
-0.145701 -0.421132 0.144993
-0.120523 0.486139 0.370162
-0.145701 0.419435 -0.175761
-0.120523 0.532492 -0.423318
0.129679 0.521464 -0.306655
-0.120523 0.634818 0.350302
-0.0067313 -0.808314 0.586084
-0.120523 -0.452316 -0.592019
0.129679 -0.319083 0.830654
0.124588 -0.990082 -0.129529
0.129679 -0.459871 -0.561463
-0.047595 0.98797 0.15427
0.129679 0.216408 -0.482114
-0.120523 -0.547933 0.729214
0.00915541 -0.291557 0.955205
0.129679 0.644764 -0.287185
0.129679 0.167656 0.232972
0.0796167 -0.933287 -0.355311
-0.120523 -0.2332 0.846034
-0.117035 -0.994758 -0.0863885
0.129679 -0.75868 -0.152229
-0.120523 0.979194 -0.0655678
-0.120523 -0.513867 -0.845485
0.0462721 -0.12352 -0.777299
0.129679 -0.191152 -0.0595734
-0.145701 0.131152 0.11026
-0.145701 -0.5068 -0.0433832
0.129679 0.365843 0.10326
-0.10712 -0.159599 0.985967
0.129679 -0.109177 0.989193
-0.1196 0.601518 -0.798795
0.0101648 -0.679808 -0.0820836
0.0444337 0.655069 0.754904
0.129679 0.345537 -0.39354
0.127249 -0.122897 0.761161
-0.120523 -0.664942 -0.421533
-0.145701 -0.189065 0.535285
-0.120523 -0.802795 0.416625
-0.120523 0.0751328 0.995707
-0.120523 0.36311 0.742573
-0.120523 0.834158 0.549424
0.129679 -0.266438 -0.676071
0.129425 0.0123699 0.998852
-0.145701 -0.291059 0.303974
-0.120523 -0.678138 0.0821735
0.0157365 0.189121 0.981006
0.129679 -0.287124 0.467141
-0.120523 -0.619963 -0.0186621
0.029114 -0.113265 0.823406
-0.0801861 -0.878049 -0.475879
0.129679 0.572296 -0.784607
-0.120523 -0.531282 0.602675
0.129679 -0.177845 0.0934974
-0.145701 0.0551961 -0.114671
-0.120523 0.278026 0.909691
-0.118835 -0.354212 -0.934375
-0.0135344 0.555282 -0.83157
0.129679 -0.564912 -0.499718
0.129679 0.385825 -0.626123
-0.120523 0.710278 0.697331
-0.120523 0.346046 -0.715186
0.129679 0.35296 -0.834494
0.129679 0.113266 0.417096
-0.0292955 -0.998312 0.0175748
-0.0826297 -0.0383592 -0.65653
-0.0110029 0.809602 -0.119711
0.129679 0.434389 0.547726
0.129679 -0.639406 -0.34991
-0.120523 0.658581 0.221888
0.129679 0.0810286 0.308063
-0.120523 0.779664 -0.341975
0.129679 -0.709928 0.652274
0.129679 0.040061 0.0746389
0.00623407 0.6511 0.0101179
0.110429 -0.404485 0.913054
0.129679 -0.402371 0.470232
0.0182539 0.0631096 -0.882078
0.129679 0.945682 0.29111
0.0382963 0.101606 0.701196
0.129679 0.143833 0.124159
0.129679 0.458695 -0.183298
0.129679 -0.778728 -0.425403
-0.120523 -0.580161 -0.708185
0.129679 -0.558507 0.82557
-0.120523 -0.0660118 -0.994548
0.129679 0.216884 -0.717351
0.129679 -0.676 -0.576293
0.129679 -0.879527 0.357046
0.0944248 0.31262 0.949008
-0.145701 0.203901 -0.153292
-0.120523 -0.200934 -0.782932
-0.120523 0.855454 0.316377
0.129679 -0.857487 -0.218091
0.0263978 -0.0445978 0.997889
0.129679 0.218262 -0.965524
0.129679 -0.107574 0.424062
-0.120523 0.335366 0.544972
0.129679 -0.344129 0.11532
-0.119887 -0.198827 -0.979416
0.129679 -0.467205 -0.204906
0.129679 0.166631 -0.26267
0.129679 -0.0444192 -0.642688
-0.120523 -0.814615 0.192988
-0.120523 0.192807 -0.877398
-0.0147235 0.104385 -0.705849
-0.0469031 0.963827 -0.266741
0.129679 0.319349 0.37936
0.129679 -0.268766 -0.281744
0.015965 -0.715859 0.109855
0.12844 0.0800697 -0.996401
-0.120523 0.229469 -0.673287
0.129679 0.934973 -0.156763
0.129679 0.685095 0.0923899
-0.120523 -0.863081 -0.344655
-0.0269702 0.415389 0.908836
-0.116164 0.887944 0.0515689
0.129679 0.774161 0.396734
-0.145701 0.337809 0.202193
-0.145701 0.311847 -0.322084
0.0781458 0.510812 0.858941
-0.120523 -0.412672 0.549592
-0.0756061 0.124411 0.786754
0.129679 0.176481 0.839547
0.129679 0.257514 0.564736
0.129679 0.549885 0.583752
-0.120523 -0.731922 0.514941
-0.0201825 0.999989 -0.00508977
0.00374805 -0.531035 -0.846285
0.031144 0.892063 -0.452046
0.129679 -0.562812 -0.0541085
0.129679 -0.0586792 -0.264852
0.129679 -0.527576 0.518998
0.129679 -0.703025 0.512142
-0.145701 -0.326114 0.192956
-0.120523 -0.234621 -0.529397
-0.145701 -0.313745 -0.171967
0.129679 0.609697 0.411754
-0.145701 0.21323 0.0467838
0.0956566 -0.981346 0.183889
0.0521188 -0.37543 -0.926033
0.129679 0.265902 -0.0749942
0.129679 0.269858 -0.265483
-0.120523 -0.655157 0.30041
0.129679 0.13735 0.624702
0.129679 -0.582405 0.343943
-0.145701 0.193799 0.421726
-0.145701 -0.137884 -0.405373
-0.120523 -0.216119 0.630585
0.0375507 0.0488453 0.888534
-0.0847323 0.701467 -0.712699
-0.120523 -0.568438 -0.231667
-0.120523 -0.376778 -0.660598
0.129679 -0.206545 0.629496
0.129679 0.122611 -0.16769
0.129679 0.229701 0.448328
-0.120523 -0.330775 0.662774
-0.120523 0.625559 0.545733
-0.145701 0.336515 -0.117147
-0.145701 0.490101 0.0530332
0.0635516 -0.81671 0.116227
-0.120523 0.456815 -0.585727
-0.120523 0.018992 0.617964
0.129679 -0.407573 -0.762322
0.129679 -0.198077 -0.767122
-0.119056 -0.649383 0.758486
-0.120523 -0.457273 0.384377
-0.120523 0.563914 0.822513
0.0572811 -0.792426 -0.608035
-0.120523 -0.541508 -0.347504
0.0974996 0.716835 0.696615
-0.145701 -0.205977 -0.321259
0.129679 0.544204 -0.474474
-0.0140302 -0.863717 0.500827
0.0780028 0.412626 -0.910725
-0.120523 0.214403 0.707402
0.129679 -0.0391389 -0.893773
-0.145701 -0.143781 0.140892
0.0994912 0.856942 -0.515517
-0.145701 0.209148 -0.484534
-0.0533141 0.790301 0.61214
-0.120523 -0.736987 -0.333547
-0.120523 -0.581267 0.431869
-0.120523 -0.450173 0.773822
0.129679 -0.706322 0.221723
0.0999755 0.944308 -0.329251
-0.120523 0.202793 0.602913
0.120105 -0.892159 0.0365844
-0.101964 -0.369418 0.92782
0.129679 -0.633404 0.149298
-0.119108 -0.789177 -0.612253
-0.120523 0.524034 0.54465
-0.145701 0.463056 0.219623
-0.145701 -0.187702 0.303029
-0.145701 0.299945 0.341241
0.129679 -0.648253 -0.671129
-0.120523 -0.0272537 0.89745
0.0752413 -0.658468 0.0469463
0.129679 0.667265 -0.189208
0.106201 -0.203364 0.977847
0.0461577 0.888984 0.457437
0.129679 0.352135 0.60016
-0.120523 -0.608796 -0.503519
-0.145701 -0.435764 0.0302084
-0.0634651 -0.97287 0.224427
-0.120523 0.617828 -0.475554
0.0228816 0.580533 0.813526
0.0129953 -0.087562 -0.687049
-0.121073 0.509356 -0.267202
0.0639892 -0.0353226 0.654933
0.129679 0.28522 -0.636518
-0.145701 -0.251399 0.115907
-0.145701 0.0201719 0.294682
-0.145701 -0.503384 -0.162848
-0.145701 0.399836 0.4051
-0.120523 -0.796881 -0.515722
-0.120523 0.477813 0.877181
0.129679 0.597975 -0.0920953
0.129679 -0.555527 -0.404058
0.129679 0.122361 -0.67015
-0.0497724 -0.676813 -0.734729
0.129679 -0.446508 -0.344932
-0.109659 0.359149 -0.933072
0.129679 0.38023 0.69306
-0.0976674 -0.994357 0.0902717
0.129679 0.066151 0.553642
-0.145701 0.0343895 0.0890537
-0.111213 0.941104 -0.3383
0.071594 -0.994336 0.0905102
0.129679 -0.00282414 -0.464354
0.129679 -0.688237 0.314971
-0.145701 -0.402666 -0.210559
-0.0781818 0.742678 -0.120362
-0.120523 0.160883 -0.752457
0.129679 0.546967 0.722437
-0.0430286 -0.876566 -0.0697476
-0.145701 0.387346 -0.265052
-0.120523 -0.425879 -0.494263
-0.0300162 -0.10671 -0.837005
0.0361107 -0.065861 -0.997329
0.129679 -0.315299 -0.199787
-0.145701 0.382005 -0.407068
-0.120523 0.813617 0.231945
0.129679 0.691068 0.586871
0.129679 -0.278664 0.312631
-0.120523 0.171264 0.891435
-0.145701 -0.287644 0.465849
0.129679 -0.809376 0.181034
0.129679 0.17388 -0.087367
-0.00852272 0.475861 -0.879382
-0.120523 0.324783 -0.510846
-0.037355 0.191267 -0.981225
0.129679 -0.613108 0.484805
0.0829866 -0.853356 0.518288
-0.145701 -0.362918 -0.0373353
0.129679 -0.255463 -0.870321
0.023528 -0.216859 -0.975567
0.0700163 0.757785 -0.123437
0.129679 -0.73411 -0.343604
-0.0949307 0.0323923 -0.999052
0.0503762 -0.997916 -0.0336501
-0.120523 0.388576 0.647983
-0.120523 -0.272603 -0.6124
0.129679 -0.113144 -0.445026
0.129679 -0.546275 0.176342
-0.120523 0.440603 -0.780401
-0.120523 -0.592288 0.130479
0.043554 0.80502 0.59268
-0.120523 0.283284 -0.867301
-0.120523 0.692882 -0.314902
-0.120523 0.658541 0.125025
-0.125869 0.248848 0.517707
-0.0348427 0.793461 -0.608678
-0.120523 0.565228 0.728642
-0.0663205 -0.878257 0.0665344
-0.145701 0.219472 -0.249255
-0.145701 0.163121 -0.0711722
0.0436726 -0.457415 -0.888317
0.129679 -0.395985 0.245618
0.129679 0.998179 0.0375
0.129679 -0.6181 0.67302
-0.145701 -0.396333 -0.315193
0.00956453 -0.862397 -0.50373
0.102723 0.12124 0.99163
0.129679 -0.255361 0.14023
0.129679 -0.872427 0.251658
0.0419258 -0.854998 -0.0941437
-0.120523 0.104354 -0.895181
0.129679 -0.590482 -0.740767
-0.0637418 -0.983878 -0.170469
-0.145701 0.0930791 -0.556445
0.0369698 0.896182 0.0273049
-0.145701 0.257844 0.250782
0.129679 0.414942 0.457717
0.129679 -0.504101 0.0134002
-0.120523 -0.656775 -0.207709
-0.145701 -0.0289342 -0.084498
-0.120523 0.801164 -0.21524
0.129679 0.571846 0.0894422
-0.120523 0.887921 -0.0541928
-0.0775915 -0.0564763 0.663542
-0.120523 0.624849 -0.206661
0.129679 -0.768278 -0.244573
-0.0647671 0.874614 -0.484939
-0.120523 -0.737765 0.148169
-0.0786743 0.875838 0.482091
0.129679 0.136882 -0.829113
0.129679 0.625686 -0.651658
-0.0526716 0.018095 0.998769
-0.120523 -0.856054 0.343752
-0.0492505 -0.123278 0.782122
0.0335181 -0.67094 0.739472
-0.145701 0.172676 0.226996
0.129679 -0.657715 -0.15343
0.129679 -0.766852 0.366236
-0.120523 0.664272 0.466477
0.129679 0.623347 0.262097
-0.0449002 0.125 0.991166
-0.0863871 -0.448374 0.892291
0.129679 0.366563 0.191201
-0.120523 0.531947 -0.744044
-0.145701 0.488217 -0.109036
-0.145701 0.112854 0.304348
-0.120523 -0.662211 -0.611633
0.0635785 -0.979983 -0.191648
-0.145701 -0.264259 0.00917028
-0.120523 0.107803 0.586704
-0.0668435 -0.703269 0.708774
0.129679 0.0190676 -0.0132163
-0.120523 0.307685 0.813158
0.129679 0.1549 -0.415607
0.129679 0.675952 -0.489067
-0.120523 0.530179 -0.63751
-0.0859017 0.818894 0.115981
-0.145701 -0.317265 -0.460994
0.129679 -0.135819 -0.224739
-0.0372938 -0.220576 0.974097
-0.145701 -0.136977 0.229429
0.129679 0.515176 0.158218
-0.105472 -0.945333 -0.321833
0.129679 0.899111 0.21808
0.129679 0.816673 -0.406247
-0.120523 -0.365737 0.742331
-0.0786293 -0.676927 -0.0786617
0.129679 0.248553 0.752073
0.129679 -0.127277 0.30163
-0.120523 0.79588 -0.427618
-0.120523 -0.0978199 -0.607775
0.129679 0.721511 -0.563471
-0.0503562 0.678309 0.0778475
-0.120523 -0.181446 0.77507
-0.120523 0.966579 0.196932
0.129679 -0.309354 -0.602409
0.129679 0.0175415 -0.323725
-0.0925511 0.354602 0.934173
0.129679 0.64802 0.738451
-0.052556 0.0448018 -0.658275
0.129679 -0.543874 0.61166
0.0510537 -0.744395 -0.121189
-0.120523 -0.515581 -0.535223
-0.0471717 -0.0870779 0.995051
-0.145701 -0.31016 -0.367611
-0.120523 -0.871577 -0.216737
0.129679 -0.399652 -0.149803
0.129679 -0.87399 -0.391915
-0.0596853 -0.0438269 -0.89057
0.0577116 0.78637 0.123474
-0.120523 0.826964 0.396136
0.129679 0.262506 -0.554948
-0.145701 -0.123505 -0.0128012
0.129679 0.368437 0.857889
0.129679 0.511401 0.39263
0.129679 0.605824 0.512161
0.0555527 0.802829 -0.596274
0.129679 0.0409816 0.473143
-0.0316174 0.982591 -0.186025
-0.0349865 0.0848597 0.865448
0.129679 -0.435826 0.373128
-0.145701 0.103358 0.451276
0.0549481 -0.593647 0.802894
0.129679 0.716613 -0.415683
-0.120523 -0.804523 -0.16102
0.129679 -0.259278 -0.364924
0.129679 0.151241 -0.911551
-0.120523 0.613752 -0.391671
-0.120523 -0.465287 -0.381401
-0.145701 -0.218146 -0.145916
0.129679 0.549921 -0.593686
0.0391711 -0.593312 -0.803775
-0.120523 0.900076 -0.19389
-0.0579003 0.6594 -0.0461048
0.129679 0.723966 -0.261754
-0.0446145 0.105899 0.707557
0.129679 0.451548 -5.0397e-06
0.0233064 -0.901887 -0.428912
-0.120523 -0.107321 0.91921
0.129679 0.452498 -0.677026
-0.145701 -0.0280572 0.225107
0.129679 0.855062 -0.187233
0.129679 -0.475897 -0.642742
-0.0925698 -0.274765 -0.960815
-0.145701 -0.0996443 0.0708443
0.0561941 0.0751222 -0.674904
0.0531369 0.599375 -0.800403
0.129679 0.425485 -0.0965074
0.0618895 0.999932 -0.0119635
0.129679 -0.342845 -0.0195082
0.129679 0.534183 0.238186
0.129679 0.435107 -0.3346
-0.0951981 0.433532 -0.900974
0.0789326 0.656729 -0.0386832
-0.145701 0.106713 -0.383355
0.129679 0.135437 -0.545909
0.129679 0.540528 -0.390823
0.0422928 0.987158 0.15937
-0.145701 -0.111281 -0.190883
0.129679 -0.027494 0.19404
0.129679 0.422751 -0.488269
0.129679 -0.10959 0.846189
-0.120523 -0.288233 -0.807519
-0.120523 -0.432653 -0.860217
0.129679 -0.104826 -0.942983
0.0209177 0.120963 -0.806251
-0.145701 -0.0520228 -0.515765
0.129679 0.691641 0.409469
-0.145701 0.403399 0.0365089
0.129679 -0.496608 0.0959642
0.129679 0.250767 0.906358
-0.122616 0.573063 0.0483446
-0.145701 0.339216 -0.0254367
-0.120523 -0.840162 0.112883
0.0766596 -0.938281 0.341248
0.0167345 -0.870678 0.077144
-0.116499 -0.910017 -0.411352
0.129679 0.913503 0.11167
-0.0493393 -0.553729 0.830953
0.129679 -0.130743 -0.597692
0.0202658 -0.970198 0.235703
-0.145701 -0.138434 0.366348
0.129679 0.343825 0.770854
0.129679 0.24929 0.238235
-0.0409389 0.750645 0.121593
-0.120523 -0.59608 0.246294
0.129679 -0.208541 0.437548
0.129679 0.918109 -0.0514823
0.0498173 0.690432 -0.723387
0.129679 -0.948231 -0.0617112
0.0940875 -0.47557 0.878079
0.129679 -0.0249474 0.606242
0.129679 -0.303122 0.664751
-0.0273439 0.112103 -0.99333
-0.0788496 -0.941823 0.33135
-0.145701 -0.488147 0.279165
0.129679 0.401969 0.283946
0.0803407 0.991857 -0.127621
-0.145701 -0.0304181 0.371499
-0.145701 -0.19268 -0.0521894
0.129679 -0.205666 0.26854
-0.145701 -0.153266 0.464086
0.129679 0.434342 -0.840227
0.129679 -0.601959 -0.261108
-0.120523 -0.191112 0.91331
0.0509318 0.335454 -0.941834
0.129679 -0.334662 -0.869536
0.129679 -0.146554 0.0207771
0.129679 -0.370969 0.615805
0.129679 0.205895 0.664123
-0.0711841 0.937265 0.348165
0.129679 -0.0666304 0.353826
-0.145701 -0.290015 0.385077
-0.120523 0.253741 -0.548056
0.129679 -0.00200563 -0.547682
0.129679 -0.333963 -0.718957
0.0607472 -0.347866 0.936129
0.129679 0.534523 0.00123774
-0.120523 0.383736 -0.643826
-0.120523 0.683996 -0.644954
-0.120523 0.494392 -0.492383
0.129679 -0.0997589 0.55637
-0.145701 0.0342026 -0.494161
0.129679 0.479183 0.307374
-0.145701 0.486104 0.294343
-0.120523 -0.518363 -0.651231
-0.145701 0.0392993 -0.246907
0.129679 -0.477601 -0.805678
0.129679 -0.173093 0.701424
-0.0466552 -0.0414338 -0.998661
0.129679 0.282425 -0.440714
-0.120523 -0.304479 0.877469
-0.120523 -0.131392 -0.939318
-0.120523 -0.297535 0.794884
0.129679 0.755142 0.126211
-0.120523 -0.361795 0.486659
0.129679 0.0406215 -0.399909
-0.120523 -0.650387 -0.752855
0.129679 0.432324 0.143247
0.129679 -0.145832 -0.123213
0.129679 0.754862 0.542107
0.129679 -0.382424 -0.457845
-0.120523 -0.689452 0.588099
-0.120523 0.423756 0.576451
-0.047878 0.313398 -0.949386
0.129679 -0.866766 0.453233
0.129679 -0.897745 -0.302258
-0.120523 0.556514 0.338474
0.00203014 -0.921898 0.383307
-0.120523 -0.532843 -0.77075
0.129679 -0.353686 0.530018
0.0785524 -0.843704 -0.534496
-0.0311417 0.997357 0.0723113
0.0595709 -0.771505 0.633776
0.129679 -0.450315 0.656406
0.126896 -0.121367 -0.751329
0.129679 -0.45732 0.735632
-0.120523 0.456367 -0.412633
-0.120523 0.528395 -0.343415
-0.120523 0.606267 -0.602816
0.129679 -0.381049 0.775055
-0.120523 0.956298 0.117372
-0.120523 0.576878 -0.110923
-0.145701 0.127946 -0.141294
0.129679 0.00246936 -0.159646
-0.0437749 0.973019 0.230319
0.129679 0.499731 0.785532
0.129679 -0.163349 -0.50273
0.0778215 0.0194353 -0.999378
0.0701928 0.862942 0.0875237
-0.120523 0.8947 0.243264
0.129679 0.45495 0.866034
-0.145701 -0.181951 -0.467674
0.0783746 -0.0968749 -0.851474
0.129679 0.327617 -0.316207
0.129679 -0.918356 -0.172417
0.129679 -0.031678 -0.0892794
0.129679 -0.260698 -0.488757
-0.120523 0.949259 -0.254712
0.129679 -0.387624 -0.585058
-0.120523 0.70706 0.373847
0.129679 -0.197371 -0.920096
-0.0465036 -0.766655 0.639636
-0.120523 0.490946 0.445961
0.129679 0.287368 -0.787862
0.0685774 0.662844 0.0533551
0.0782304 -0.0979398 0.698319
-0.0608152 0.0591327 -0.884287
-0.145701 -0.0379981 0.502056
0.129679 0.93412 -0.232584
0.100595 0.729854 -0.683617
0.129679 0.810147 0.211638
-0.120523 0.761778 0.513341
-0.0459348 0.241715 0.969433
0.129679 -0.261669 0.88606
-0.054179 0.862869 -0.08823
-0.0416807 -0.773061 -0.63251
-0.0423072 -0.0953419 0.852747
-0.0258809 0.903366 0.428382
0.0438442 -0.650868 -0.0210166
0.106631 0.123906 0.790925
-0.120523 -0.889193 -0.0493783
0.0691548 0.847066 0.530951
-0.120523 -0.580653 0.659383
-0.120523 0.385452 -0.562172
-0.120523 0.719045 -0.4915
-0.120523 -0.578891 0.79758
-0.120523 -0.120045 -0.682272
-0.120523 -0.135065 0.61756
0.129679 -0.627418 0.00588853
0.0776207 0.0143724 -0.898095
-0.145701 0.211594 -0.406824
0.0864353 -0.891193 -0.0401922
-0.0446408 -0.362568 -0.931156
-0.0411389 0.885564 0.0564652
-0.0272327 0.683056 0.729718
-0.120523 0.290398 0.726182
-0.145701 0.0342253 -0.03871
-0.0748189 0.830676 -0.556841
0.129679 -0.248171 -0.114049
-0.120523 0.944264 0.000252163
-0.145701 -0.372227 0.336714
-0.120523 0.366173 0.475263
-0.12035 -0.122714 -0.78892
0.129679 -0.144136 0.92359
-0.0476943 -0.996705 -0.0597232
-0.120523 -0.867802 0.452637
0.0413612 0.262797 0.96395
-0.145701 0.318604 0.1281
-0.120523 0.925068 -0.11852
0.129679 -0.151819 -0.381422
-0.0492171 0.908018 -0.41908
-0.145701 0.109135 -0.290299
-0.145701 -0.455638 0.212489
-0.145701 0.12767 0.38121
-0.120523 -0.460351 -0.791425
-0.120523 -0.592092 0.0547327
0.129679 0.328927 -0.218474
0.129679 -0.245729 0.532517
-0.101605 -0.998441 -0.0082436
0.129679 -0.729688 0.581277
-0.120523 -0.616217 0.36699
0.129679 0.264896 -0.904013
-0.120523 0.619064 -0.0310393
0.129679 0.802296 -0.554429
0.129679 0.842878 0.359106
0.0344744 0.362112 0.931295
-0.120523 -0.745572 0.221258
0.129679 0.866395 -0.35154
0.0600901 0.949184 0.31428
0.129679 0.81201 -0.12779
-0.120523 0.433898 0.705692
-0.120523 0.0228621 -0.640077
0.129679 -0.032355 0.0475553
0.129679 0.757781 0.274585
0.129679 0.464709 -0.260459
-0.145701 0.0368659 0.165246
0.129679 0.333385 0.0371994
-0.120523 -0.355021 -0.734565
-0.115287 0.762447 0.646454
0.0876036 -0.0859586 -0.685459
-0.0526615 -0.738395 0.118954
0.129679 0.203709 0.0829163
0.0185879 0.466245 0.883878
-0.120523 0.638231 0.714515
0.129679 0.166839 0.915417
0.0548984 0.760398 0.648859
0.129679 0.0244794 -0.948798
0.129679 0.595242 -0.343259
0.0167088 0.872851 -0.0769617
-0.120523 0.191045 -0.953903
0.129679 -0.950697 0.0780951
0.0144609 -0.944029 -0.325646
-0.120523 -0.429667 0.451293
-0.120523 -0.721699 -0.254721
-0.103141 -0.98484 0.164175
0.0511624 -0.0231414 0.895889
0.129679 -0.588489 0.415805
-0.0485047 -0.21828 -0.975249
-0.145701 -0.0326412 -0.268876
-0.0648749 0.0229093 0.896221
-0.120523 -0.214623 -0.707262
0.129679 -0.0352957 0.454906
-0.145701 0.495172 0.154168
-0.145701 -0.351228 0.125572
0.0575828 0.0380745 0.655311
-0.120523 -0.751727 0.36611
-0.0115381 0.95383 0.299913
-0.120523 0.59721 0.184736
0.129679 -0.57936 0.750037
-0.120523 -0.611922 -0.373259
-0.120523 -0.729766 -0.464252
0.129679 0.0208644 0.925609
0.129679 -0.210734 0.784546
0.0908426 -0.240203 -0.970063
-0.0548084 -0.897741 -0.0026017
0.0843628 -0.708584 -0.704091
-0.120523 -0.834144 0.261609
0.12634 0.883527 0.467873
-0.120523 0.0197677 0.950935
-0.120523 -0.937506 -0.16558
-0.145701 -0.257303 -0.216502
0.129679 -0.450456 -0.273994
-0.0474216 0.570826 0.820355
-0.145701 -0.495459 0.138498
-0.120523 -0.181784 -0.889
-0.120523 0.111306 0.93475
-0.120523 0.146063 0.736025
0.129679 0.668189 -0.358957
0.0788592 -0.710517 0.701504
0.0212708 0.955595 -0.294886
0.0390666 -0.22516 0.973044
-0.145701 0.0334197 -0.396319
-0.120523 0.745536 -0.568399
0.129679 -0.328146 -0.322428
-0.145701 0.0166677 0.452989
0.129679 -0.400438 -0.06762
-0.120523 0.416859 0.792207
0.129679 -0.261857 0.391223
-0.120523 0.161087 -0.650084
0.0847888 0.273988 -0.961473
-0.145701 -0.0361548 -0.370727
0.109599 -0.485985 -0.872984
0.129679 0.52296 -0.140699
0.129679 0.150832 0.31657
-0.04845 -0.728351 -0.116163
0.129679 -0.636131 -0.518446
-0.0482469 0.605112 -0.796078
-0.120523 0.730271 0.227611
0.00308308 -0.6422 -0.765215
0.0874968 0.0968783 0.852737
0.0677275 -0.957883 -0.282217
0.0720452 0.100012 -0.849386
0.129679 -0.370753 0.180133
0.121857 0.149364 -0.988441
-0.145701 -0.334961 -0.1052
-0.120523 -0.458651 0.602834
0.129679 -0.415689 0.101549
0.129679 -0.539313 0.259653
0.129679 0.0248725 0.266394
0.10757 0.0943614 0.69208
-0.120523 -0.376862 0.61029
0.129679 0.200974 -0.0175233
0.129679 -0.388287 0.847589
0.129679 -0.7994 0.521728
0.0580131 -0.300678 -0.953
-0.120523 -0.556817 0.530809
0.129679 0.0961894 -0.272658
-0.120523 -0.507825 0.669593
0.129679 -0.204778 -0.248719
0.129679 0.504743 -0.800779
-0.145701 0.272848 -0.145285
-0.0688609 0.994023 -0.109441
0.0600069 0.918766 -0.394961
-0.0411923 -0.338331 0.939623
-0.0880166 0.650521 -0.759454
-0.145701 0.483547 -0.207924
0.129679 -0.669103 0.0900366
-0.120523 -0.620703 0.598785
0.0991537 0.973355 0.228899
-0.0588345 0.745908 -0.666074
-0.120523 0.815335 0.464213
0.129679 0.800153 -0.255718
0.129679 -0.823608 -0.477857
0.129679 0.580146 -0.262922
-0.120523 0.668621 0.290137
0.129679 0.75449 0.462819
0.129679 -0.349176 0.296215
0.129679 -0.737775 -0.480842
0.129679 -0.267816 -0.0408989
0.129679 -0.471538 0.474093
0.0573258 -0.122664 0.759072
0.129679 0.168391 -0.333587
-0.120523 0.860294 -0.353696
-0.0632902 0.122795 -0.750811
-0.0836393 0.553749 -0.832591
-0.120523 0.680598 0.634947
0.0028725 -0.995391 0.0780931
0.0991373 0.0164054 -0.651201
-0.0206417 -0.468937 0.881644
-0.120523 0.328126 -0.781385
0.125461 0.825284 0.564164
-0.120523 -0.663272 0.468781
-0.075651 -0.829661 -0.111195
0.129679 0.329451 -0.584265
-0.120523 -0.790025 0.558271
0.129679 -0.232453 0.205632
0.0397072 -0.142151 -0.98928
-0.145701 -0.139533 -0.272727
-0.120523 -0.646854 -0.678219
0.129679 -0.0982673 -0.327855
0.129679 0.599099 -0.71441
0.129679 -0.513643 0.773937
-0.120523 0.155406 -0.820257
-0.120523 -0.338736 -0.864863
-0.140264 -0.569503 -0.0687998
-0.0786081 0.052944 0.661061
-0.000692787 -0.0544486 0.662514
-0.145701 -0.433954 -0.0521261
-0.120523 0.766069 -0.273298
0.129679 0.623252 0.587151
-0.145701 -0.0898203 -0.459514
0.129679 -0.531533 -0.114224
-0.0501023 -0.495937 -0.867358
-0.145701 0.474319 -0.0141229
0.129679 0.400815 0.0455363
0.129679 0.401517 -0.560483
0.129679 0.282959 0.0914956
-0.120523 -0.0569387 -0.91781
0.129679 0.45621 0.72413
-0.120523 0.556084 0.60397
-0.019948 -0.89542 0.441642
0.0423411 0.0766535 -0.996667
-0.120523 0.702518 -0.154259
0.129679 0.627279 0.337143
0.114415 0.994655 0.102898
-0.120523 -0.732903 0.44773
0.129679 0.0104032 0.138553
-0.120523 -0.730263 0.67452
0.129679 -0.611515 -0.102209
0.129679 0.557953 0.656307
0.0556869 0.212404 -0.976883
0.129679 -0.316572 0.753699
-0.120523 -0.938355 0.212077
0.129679 -0.208879 -0.642052
-0.145701 -0.21997 0.466912
-0.120523 0.506659 0.696602
0.129679 0.395845 -0.717808
0.129679 -0.934131 0.216536
0.118662 -0.37998 -0.924171
0.129679 -0.824884 0.114789
0.124348 -0.789954 -0.611248
-0.145701 0.24955 -0.352104
-0.145701 -0.122997 0.523364
-0.145701 0.0542516 -0.181616
-0.120523 0.153399 0.826143
0.129679 0.415081 0.622987
0.129679 -0.525696 -0.553414
-0.145701 0.148462 -0.519984
0.129679 -0.435361 -0.498934
0.129679 0.690575 -0.638312
0.0981815 -0.813202 -0.118103
-0.120523 -0.79242 0.487978
0.129679 -0.723599 0.448657
-0.145701 -0.549583 0.00697539
0.129679 0.107141 0.0692061
-0.145701 0.168754 -0.00538068
-0.12021 -0.58869 -0.807173
0.129679 0.608772 -0.500474
0.129679 -0.135956 0.144445
0.0350713 0.983221 -0.182664
-0.145701 0.273082 0.00787076
0.129679 -0.100406 0.490492
0.129679 -0.516568 0.343146
-0.0861608 0.999979 -0.00676532
0.129679 -0.552689 -0.677448
0.129679 0.672281 0.165846
-0.0534387 -0.678401 0.0798106
-0.145701 -0.337511 0.257711
0.129679 -0.0467877 0.955685
-0.145701 0.255622 0.38952
0.129679 -0.480888 0.220352
0.129679 0.266782 0.304843
0.129679 0.194544 0.59295
0.129679 0.096912 -0.0556658
0.129679 -0.620064 -0.414244
0.0700578 0.925042 0.379397
0.129679 -0.344359 0.89641
-0.120523 -0.601091 -0.438741
-0.120523 -0.519227 0.411798
0.129679 -0.537227 -0.2267
-0.120523 0.265121 0.584143
-0.120523 -0.800169 -0.317942
-0.145701 0.328077 0.266519
0.129679 0.102873 0.238872
0.129679 0.177044 -0.768678
-0.120523 0.842944 -0.474515
0.129679 -0.367919 -0.813764
-0.0638534 -0.960188 -0.274259
0.129679 -0.703759 -0.400969
0.129679 -0.455912 -0.0300633
0.129679 0.164384 0.458428
-0.120523 0.570186 -0.244757
-0.145701 0.255171 0.101201
0.073218 -0.690398 -0.0928198
0.129679 -0.499904 -0.493635
-0.120523 -0.72748 -0.592545
0.129679 -0.340655 0.0507986
-0.0914415 0.426554 0.903661
0.0639283 -0.751747 -0.657735
-0.0397661 -0.653469 -0.0328624
0.129679 0.513788 -0.736978
0.129679 0.502114 0.540186
0.129679 0.288819 -0.163601
0.129679 0.375546 -0.900968
-0.145701 0.131937 0.177199
-0.145701 0.373265 -0.341196
-0.120523 0.0819074 -0.61461
0.0681788 -0.993587 -0.0990029
-0.0645127 -0.11055 0.718548
-0.0183977 0.012935 -0.898245
-0.120523 0.0677986 -0.947885
0.129679 0.342674 -0.0845866
-0.120523 -0.874989 -0.281645
0.129679 -0.208026 0.00268263
0.0737617 0.896785 -0.0251466
-0.120523 0.654372 -0.26382
0.129679 -0.277571 -0.42707
0.129679 -0.00474709 0.326094
-0.00340036 -0.980055 -0.191281
0.0616926 -0.0807675 0.867738
-0.120523 -0.28542 0.617804
0.129679 0.361475 0.927856
0.129679 -0.127417 -0.0557388
-0.120523 -0.336392 -0.610306
-0.120523 0.779412 0.353651
-0.120523 0.239172 -0.610266
-0.120523 0.275372 -0.720094
0.0662234 -0.105077 0.993298
0.129679 -0.0835411 0.224324
0.129679 0.720669 -0.154525
0.129679 -0.412816 -0.401447
-0.145701 -0.14517 -0.340854
0.129679 0.301971 0.202692
-0.145701 0.0445387 0.0263405
-0.0159866 0.124423 0.761144
-0.0588229 0.249569 -0.968081
-0.0438115 -0.152994 0.987019
-0.145701 0.450737 -0.268655
-0.145701 -0.0364582 0.0769484
-0.120523 -0.513591 0.782587
-0.145701 0.437846 0.337628
0.129679 -0.829619 0.396195
-0.120523 0.770166 -0.158754
-0.0579212 -0.829648 0.555461
0.129679 0.399397 -0.206095
-0.120523 0.690147 0.524718
-0.145701 -0.0589793 -0.140193
-0.120523 0.628985 0.413966
-0.120523 0.249397 0.966419
0.129679 0.307591 -0.0274453
0.129679 -0.511042 -0.359196
-0.120523 -0.925682 0.0806114
0.0663393 0.0142654 0.998828
-0.0205646 0.705355 -0.708853
0.129679 0.195894 0.176578
0.126929 -0.990318 0.127078
0.129679 -0.404546 -0.212671
0.129679 0.360489 0.331406
0.0526462 -0.823389 0.5647
-0.0597449 -0.733188 -0.678393
0.129679 0.839495 0.422985
0.0915974 0.64014 -0.768217
-0.0839342 -0.845587 -0.531506
0.129679 0.102521 0.485938
-0.120523 -0.464411 -0.444612
-0.120523 -0.166777 -0.577642
0.129679 0.359973 0.427291
0.129679 -0.708089 -0.113948
-0.145701 -0.44448 0.324316
0.129679 0.44725 -0.613097
-0.0876351 -0.653769 0.0333154
0.129679 0.21842 0.512038
-0.145701 0.356756 -0.176627
-0.145701 -0.481232 -0.100612
-0.120523 0.825201 0.170402
0.129679 -0.667953 -0.734106
0.129679 -0.535118 -0.778577
0.129679 -0.0943568 0.0558918
-0.145701 -0.239913 0.34205
-0.113756 -0.122147 0.755268
0.129679 0.0645546 -0.533313
-0.120523 0.440037 -0.842847
-0.120523 -0.653165 -0.129934
0.0787869 -0.704947 0.103422
-0.0585749 0.652605 0.0215814
-0.145701 0.135872 0.0476524
-0.120523 -0.241741 0.571611
0.129679 0.511018 -0.218676
-0.145701 0.400959 0.213835
-0.145701 0.192704 0.120203
-0.0102772 0.62271 0.781768
0.129679 -0.684442 -0.303876
-0.145701 0.537714 0.199528
0.066698 0.700385 -0.0997668
0.129679 0.0712097 0.371337
0.0698224 -0.998061 0.0283391
-0.120523 -0.533456 -0.285897
0.129679 0.082566 0.134369
0.0994921 0.981668 -0.19084
-0.120523 0.546026 0.40173
-0.144138 -0.0198961 0.573676
-0.0544324 -0.549116 -0.834645
0.0993051 -0.609927 -0.791221
0.100314 -0.915679 0.397936
-0.120523 -0.171687 0.85325
-0.120523 -0.874497 0.208713
0.129679 0.0672863 0.970327
0.129679 0.171152 0.395237
0.0470391 -0.437217 0.897817
0.129679 0.759298 0.336698
-0.145701 0.270736 -0.489954
-0.145701 -0.386659 0.205326
0.0170716 -0.776938 0.123949
-0.120523 -0.400255 -0.558644
-0.120523 0.289294 -0.658421
0.129679 0.290661 0.439303
-0.145701 -0.460397 0.0878423
0.129679 -0.821943 0.33507
0.129679 0.689061 0.264195
0.129679 -0.252026 -0.735892
0.129679 0.863082 -0.461765
-0.0792099 0.293545 0.955064
0.129679 0.473849 0.594917
-0.145701 0.405199 -0.112623
0.129679 -0.209761 0.919041
-0.120523 0.60439 0.293235
-0.0107277 0.748209 -0.121715
0.129679 -0.578209 -0.344734
0.129679 -0.157376 0.592727
0.129679 0.374611 -0.450209
0.0737851 0.612257 0.789967
0.129679 0.293308 -0.848931
0.129679 0.382179 -0.780551
-0.0148622 -0.123529 -0.772213
-0.120523 0.501378 -0.800005
0.0283914 -0.824379 -0.563888
-0.120523 0.787504 0.590794
-0.120523 -0.437405 -0.651803
0.129679 -0.443045 -0.70317
0.09385 -0.864391 0.0844372
-0.120523 0.406091 -0.726838
0.129679 0.711418 0.644527
0.0599269 -0.95674 0.285445
-0.120523 -0.19455 0.707925
0.129679 0.370093 0.533975
0.0375815 0.704013 0.709552
0.129679 0.816587 -0.31628
-0.0547039 0.826205 0.562817
0.129679 0.615993 -0.153731
-0.145701 0.347564 -0.457391
-0.120523 -0.4961 0.544483
-0.145701 -0.396043 0.0773554
0.129679 0.910447 0.343075
0.129679 -0.385652 -0.343927
0.129679 0.151902 -0.483744
0.129679 0.483748 -0.481286
-0.145701 -0.276248 0.239038
0.0683134 -0.278169 0.959198
-0.145701 -0.464443 -0.21494
0.129679 0.123116 -0.609408
0.129679 -0.126516 0.364007
0.0945536 0.552822 -0.833206
-0.120523 -0.855213 -0.436853
0.129679 -0.62541 -0.204644
0.129679 -0.214268 -0.826047
-0.120523 -0.653456 0.137651
0.129679 -0.355608 0.432061
-0.120523 -0.704284 0.265338
0.0440967 0.136557 0.989649
-0.145701 0.369483 0.0956637
-0.120523 -0.218331 0.972083
-0.145701 0.0894541 -0.0650252
0.129679 -0.567163 0.00681512
0.129679 0.190024 0.780651
-0.120523 -0.935789 -0.0980192
0.129679 -0.270446 -0.55392
-0.145701 -0.248711 -0.278887
-0.120523 -0.750294 -0.192926
-0.0167906 -0.043816 -0.658482
0.129679 -0.405598 0.321167
0.129679 0.22465 -0.657766
0.0999259 -0.0977254 -0.994687
-0.120523 0.16919 0.657044
-0.120523 -0.542484 0.273203
0.129679 -0.0450295 -0.20497
0.129679 -0.747904 0.178558
-0.120523 -0.438281 0.832433
0.129679 -0.803104 -0.193241
0.129679 0.22345 -0.422739
-0.044247 -0.661153 0.748241
-0.145701 0.0948518 0.51898
-0.126696 -0.255285 0.513816
0.129679 -0.283314 0.0864683
0.129679 -0.706009 -0.188455
0.022214 -0.684394 -0.727662
0.129679 0.339409 -0.665546
0.129679 0.201875 -0.539893
0.129679 0.629491 0.121773
-0.120523 -0.670092 -0.355761
0.129679 -0.5882 -0.557443
-0.0940135 0.708398 0.104667
-0.0523224 -0.901893 -0.4289
-0.120523 -0.472342 0.718338
0.129679 -0.975835 -0.187141
0.129679 -0.194658 0.152851
0.129679 0.880357 -0.127271
-0.120523 0.553079 -0.484386
0.129679 -0.268661 0.799668
-0.145701 -0.0851536 0.186206
-0.000598748 0.7735 0.633207
-0.120523 -0.0387165 -0.608152
-0.0624449 0.720304 0.693034
-0.145701 0.171297 -0.215055
-0.120523 -0.412317 -0.748913
-0.120523 -0.0409264 0.626083
-0.0977942 -0.786699 0.123289
0.0442443 0.828952 -0.112301
-0.120523 -0.698619 0.340427
0.0507958 0.123883 0.7567
-0.145701 -0.260639 -0.477291
-0.0959947 -0.960633 0.272058
-0.145701 0.357819 0.363911
-0.091555 -0.143218 -0.989125
0.129679 0.125979 0.180186
0.0167194 0.998722 -0.050834
0.129679 0.203005 0.289482
0.129679 -0.739807 -0.581059
-0.120523 -0.251569 0.903021
0.129679 0.536766 0.832771
-0.0477346 -0.0884514 -0.687956
-0.120523 0.606907 0.0970607
0.129679 0.29126 -0.362312
0.111714 -0.118961 -0.807994
0.129679 0.324824 0.148624
-0.112453 0.132966 0.990135
0.0176055 -0.670632 0.0695623
-0.120523 0.215129 -0.730124
0.129679 0.307335 0.891071
0.0877064 -0.911092 -0.408963
-0.0153442 0.0687746 0.669834
-0.145701 -0.0796418 -0.0552181
0.0256129 0.518554 -0.854931
0.129679 0.491992 -0.358093
-0.145701 0.325985 -0.380366
0.129679 -0.904542 0.301974
-0.120523 -0.734572 -0.392028
0.129679 0.0966121 -0.939903
0.129679 -0.627889 -0.609439
0.129679 -0.221064 -0.318787
-0.145701 0.166131 -0.445054
0.128653 0.438851 -0.898399
0.128399 0.267054 0.962784
-0.120523 -0.374906 -0.465888
-0.120523 0.60602 -0.74032
-0.0503635 0.511195 -0.859347
0.129679 0.464193 0.495928
0.0863532 -0.0404545 0.998069
0.129679 0.215602 -0.294241
0.129679 0.963039 -0.014386
0.129679 0.251632 0.622672
0.129679 -0.640015 0.358646
0.128325 -0.0505847 0.660681
0.129679 -0.556505 0.468481
0.129679 0.222302 -0.22779
0.0377967 -0.802662 -0.121149
0.129679 0.40365 -0.390452
0.129679 -0.874128 0.191272
0.129679 -0.0635115 -0.475355
-0.120523 0.747887 -0.390669
-0.120523 -0.915985 0.362548
-0.120523 -0.620074 -0.56083
-0.120523 0.803699 -0.594184
-0.0666458 0.692586 -0.0934085
-0.0676582 -0.878773 0.473906
0.129679 0.0603686 -0.163409
0.0737267 0.190832 0.980676
-0.120523 -0.100255 0.976785
-0.145701 -0.283483 0.0676053
-0.120523 0.249071 0.857907
-0.120523 0.351243 0.60072
-0.0941645 -0.768031 -0.124513
-0.120523 -0.170394 -0.832168
0.129679 0.0649488 -0.66241
-0.145701 -0.15872 -0.145527
0.129679 0.888511 0.281975
-0.145701 0.269867 -0.282306
0.129679 -0.582185 0.537985
-0.0523047 -0.275613 0.959938
0.0596483 -0.51861 -0.85397
-0.0187322 0.876678 0.480566
0.00568622 -0.415529 -0.908707
-0.145701 -0.368552 -0.264592
-0.120523 0.301234 0.494074
-0.145701 0.370936 0.15375
0.129679 -0.0468958 -0.583922
0.084834 -0.529162 0.846826
-0.120523 0.907601 0.345461
0.129679 -0.154172 0.809505
0.129679 -0.931946 -0.00397318
-0.120523 -0.623013 -0.0769224
-0.120523 0.506379 0.819848
-0.120523 0.337698 0.682659
0.0775395 0.565657 0.823921
-0.145701 -0.193976 0.112333
-0.120523 -0.00991148 -0.969635
0.0224117 0.526582 0.849382
0.00783555 0.0146722 0.998823
0.129679 0.543763 -0.536521
-0.120523 0.235879 0.650068
-0.145701 0.214287 0.476313
0.129679 -0.428225 0.524233
-0.0831827 0.104944 0.841722
-0.120523 -0.596905 0.309156
-0.120523 -0.302622 -0.909476
-0.0972289 -0.0737259 0.87342
-0.120523 -0.522696 -0.708295
-0.120523 0.689081 0.173415
-0.120523 0.332308 0.889524
0.00285809 -0.574551 0.816681
0.106614 -0.997527 -0.0437729
0.129679 0.470097 0.432109
-0.145701 -0.260278 -0.339035
0.129679 -0.661583 0.263181
0.129679 0.578068 0.460626
0.129679 -0.228497 0.0670987
0.129679 0.107199 -0.111827
0.129679 -0.687658 0.713942
-0.0486472 0.462841 0.885662
0.129679 0.0675526 0.0169046
-0.103625 -0.411601 -0.910497
-0.145701 0.168901 -0.2757
0.129679 -0.313513 0.16347
0.129679 0.0775411 0.6136
0.129679 -0.554829 0.11994
0.129679 -0.823319 -0.263767
-0.120523 -0.953491 -0.037773
0.129679 -0.321424 -0.260042
0.019348 0.1225 -0.74934
-0.0604278 0.932077 -0.362434
0.129679 0.958346 -0.104289
0.129679 -0.203654 -0.705919
-0.0434478 0.99829 -0.058742
0.129679 -0.687808 0.167959
0.0570804 0.767668 -0.640888
-0.145701 -0.463831 -0.330492
0.129679 -0.488117 -0.150856
0.129679 -0.696224 -0.629344
-0.120523 0.623063 -0.535902
-0.120523 0.552436 -0.689694
0.126834 0.8609 0.0895222
-0.145701 0.247237 -0.19982
-0.145701 0.00196319 -0.134165
-0.0578065 -0.989894 0.130331
0.129679 -0.660466 0.624598
-0.0678307 0.79835 -0.122414
0.129679 0.208279 -0.901913
0.129679 0.274998 0.509571
-0.120523 -0.605266 0.190458
0.129679 0.638062 0.460656
-0.0163581 0.0972644 -0.852897
0.0180133 0.660959 -0.0498584
0.129679 -0.254735 -0.222326
0.00813639 -0.0984746 0.993979
-0.120523 0.219023 -0.824755
0.0703786 -0.0402449 -0.657172
0.0101705 -0.885889 -0.0533352
0.129679 0.888551 0.162683
-0.120523 0.644549 -0.34395
0.082577 0.726644 0.114218
0.129679 0.142661 -0.722691
0.0893338 -0.969506 0.238534
-0.120523 -0.689216 0.717949
0.129679 -0.0423778 -0.321915
0.000509171 0.992462 0.122188
-0.120523 0.871743 0.10518
-0.083257 0.680219 0.732359
-0.145701 -0.266608 0.174599
0.129679 -0.910244 -0.247523
0.129679 0.576773 -0.0357282
0.0446392 0.459942 -0.887801
-0.145701 -0.198598 -0.379454
-0.145701 -0.306829 -0.0273623
0.0128196 0.669841 0.0660218
-0.120523 0.803118 0.296197
-0.120523 -0.38556 0.689885
-0.120523 0.242737 0.757322
0.129679 -0.335224 -0.660267
-0.120523 0.655182 -0.71053
0.129679 0.623907 0.0660283
0.129679 -0.103742 -0.884159
-0.0358871 0.358563 0.932664
-0.120831 0.0539381 0.571581
-0.120523 -0.289904 -0.520849
0.0536692 -0.112372 -0.723009
0.06208 0.834694 -0.550801
0.129679 0.301348 0.726434
0.129679 -0.701349 -0.523233
-0.120523 -0.141299 -0.733947
-0.120523 -0.621561 -0.251032
0.129679 -0.648521 0.527947
0.129679 -0.847663 -0.159426
-0.145701 0.32422 -0.26768
0.129679 0.921727 -0.287771
-0.0802972 -0.615783 0.786031
-0.145701 0.0309355 0.239682
-0.120523 -0.263541 0.669023
0.00324248 0.973594 -0.228513
0.129679 0.951208 0.0706909
-0.145701 0.281995 0.200608
-0.120523 0.626476 -0.151021
-0.0697567 -0.9918 -0.115596
-0.120523 0.38509 -0.78324
-0.120523 -0.24868 -0.751157
0.129679 0.648477 -0.0634331
0.129679 -0.502857 0.574257
-0.120523 0.238738 -0.908567
-0.120523 -0.226294 -0.929666
0.129679 0.317762 0.552463
-0.145701 0.0761417 0.125601
0.0907611 -0.424404 -0.904587
0.109678 -0.602428 0.796321
0.129679 -0.241194 0.672782
0.129679 0.263988 0.376683
-0.120523 0.549046 0.660894
0.129679 -0.499293 0.833847
0.0651746 -0.889507 0.0442269
-0.120523 -0.614441 0.703264
-0.145701 0.253434 0.305973
0.129679 -0.0992497 -0.649764
0.113578 -0.76404 0.64276
-0.042585 0.05578 -0.998037
-0.120523 -0.220315 -0.591157
-0.145701 -0.081197 -0.24259
-0.0291709 0.117787 0.815843
-0.120523 -0.559451 -0.400854
0.129679 0.128342 0.570188
0.129679 0.100778 -0.405007
-0.145701 0.212971 -0.0988982
-0.120523 -0.39275 0.87785
-0.0764972 -0.00218191 0.649615
0.129679 -0.816168 -0.378323
0.129679 0.619773 -0.224639
0.0217856 -0.0961047 -0.852442
0.129679 -0.726981 0.272732
-0.145701 -0.408765 0.377918
-0.0334062 0.0695696 0.996548
0.129679 -0.772423 -0.303692
0.129679 -0.0907419 -0.0966234
0.129679 -0.936119 -0.120451
0.129679 -0.26645 0.259132
0.069271 -0.760029 0.123271
0.129679 -0.29533 -0.148685
-0.120523 -0.550659 -0.174645
-0.120523 0.136916 -0.939258
-0.120523 0.580634 0.514392
0.129679 0.506552 -0.627085
-0.145701 -0.441105 -0.165454
0.0961237 0.054363 0.886061
-0.120523 0.307253 -0.919614
0.129679 -0.389456 -0.52867
-0.0387249 -0.959418 0.276311
-0.120523 -0.597691 -0.646835
0.0742241 -0.635259 0.770363
0.129679 0.0126429 0.566567
-0.145701 -0.0932181 -0.371229
0.00877551 0.0518201 -0.661182
0.129679 0.12369 -0.225512
-0.120523 -0.0902054 0.649527
0.129679 0.26647 -0.692732
-0.145701 -0.0854363 0.378994
0.129679 0.17976 0.0326525
0.129679 -0.119163 0.694045
-0.0654147 -0.122266 -0.792353
0.129679 -0.464981 0.0512253
-0.145701 -0.36634 -0.158014
-0.145701 -0.0701987 -0.568251
-0.0756691 0.9946 0.103425
-0.0475402 -0.973491 -0.222352
-0.118558 -0.988606 -0.140384
-0.120523 0.473471 -0.638288
-0.120523 0.82608 -0.307498
-0.120523 -0.226855 -0.830683
-0.145701 -0.49623 0.0172309
0.00269871 0.870231 -0.49276
0.129679 -0.508861 -0.0485307
0.129679 -0.945177 0.162087
-0.120523 -0.866967 0.396847
0.129679 0.284885 -0.49645
0.0667919 0.997173 -0.0754217
-0.0302921 0.948797 -0.316078
0.0847824 0.895826 -0.444543
0.129679 0.381141 -0.339359
-0.145701 0.439148 0.0771601
-0.120523 -0.658829 -0.482851
-0.120523 -0.356164 0.556062
-0.0459343 -0.944944 -0.322977
-0.145701 0.220159 -0.303609
-0.0108885 -0.69759 0.714368
-0.120523 -0.52109 -0.590869
0.129679 0.655145 0.218393
-0.0270964 -0.0369101 0.998209
0.129679 -0.644418 0.204906
-0.145701 -0.363611 -0.359687
0.129679 -0.712853 0.367631
-0.145701 0.366463 -0.0720754
0.129679 -0.662452 0.46285
0.0171217 0.897221 -0.0229007
-0.120523 -0.234675 -0.656142
-0.062157 -0.499061 0.864927
0.129679 0.670987 0.689664
0.129679 -0.772838 0.228015
0.129679 -0.612476 0.299209
-0.145701 -0.543485 -0.12452
0.129679 -0.146627 0.462838
-0.145701 -0.232109 0.272561
-0.120523 -0.58808 -0.320461
0.129679 -0.32681 -0.448879
-0.120523 0.075706 0.629923
-0.0596194 -0.402434 0.913961
-0.120523 0.453717 -0.532009
0.129679 0.220576 -0.114065
0.129679 0.603262 0.708621
-0.120523 0.640125 0.599525
-0.120523 -0.23274 0.791227
0.129679 -0.298651 0.519669
0.00494623 -0.123519 0.771092
-0.120523 -0.605538 -0.191513
-0.120523 0.215513 0.924714
-0.0375772 0.177621 0.983144
0.0291681 0.0922682 0.858044
-0.120523 -0.987376 0.0421692
0.0329397 -0.923517 -0.380023
-0.145089 -0.551923 0.155987
-0.0619786 0.756723 0.653135
-0.120523 0.391692 0.533397
-0.120523 -0.400937 -0.612469
-0.0763827 -0.800592 0.596593
0.0720759 0.462785 0.885691
-0.120523 0.609268 0.769813
-0.145701 -0.339822 -0.218806
0.0893929 -0.118854 0.807743
-0.120523 0.161108 0.569232
0.0818222 -0.155895 0.986563
-0.120523 0.863559 0.437491
0.129679 0.1316 0.868791
-0.145701 -0.137488 0.282989
-0.120523 -0.818867 -0.374865
-0.074685 0.975018 -0.222356
0.00651576 -0.347875 -0.936759
-0.145701 0.513257 0.101236
-0.120523 0.421429 0.447019
-0.120523 0.359812 0.801363
0.0222343 0.999615 0.0274163
-0.12037 0.992369 -0.123574
-0.145701 -0.0829602 0.239563
-0.120523 -0.692987 -0.300801
-0.145701 0.0680359 0.336554
-0.0650756 0.0936041 -0.691855
-0.120523 -0.173537 0.579689
0.129679 0.665854 0.539891
0.0442725 -0.871764 0.486682
-0.120523 -0.554144 -0.493877
0.129679 -0.253039 -0.933357
-0.0789177 0.534902 0.844177
0.129679 -0.202959 0.565277
0.00433619 -0.7955 -0.604002
-0.145701 0.432867 0.263398
-0.120523 -0.442961 0.502758
-0.145701 -0.385484 0.0129705
0.129679 0.227724 0.853651
0.129679 0.230133 -0.770898
-0.120523 -0.492171 0.334837
-0.120523 -0.819488 -0.563775
0.129679 0.171424 -0.140414
0.129679 0.46722 -0.13089
-0.145701 -0.517384 -0.218746
0.00427191 -0.0772816 0.870657
-0.120523 0.479408 0.573337
0.036704 -0.981286 0.184211
0.129679 -0.833713 -0.544348
0.129679 -0.0968627 0.899611
-0.120523 -0.458389 -0.536128
-0.145701 0.531431 0.0199675
0.129679 0.554967 0.526785
-0.120523 -0.305242 0.7252
0.122115 -0.949658 -0.308813
-0.120523 -0.804226 0.359882
-0.145701 -0.188182 -0.529997
-0.120523 0.94595 0.0574875
0.129679 -0.161943 0.403125
0.129679 -0.918434 -0.362784
-0.120523 0.496813 0.499477
-0.0670443 -0.093614 -0.995086
0.0109561 0.759493 0.12303
-0.120523 0.127498 -0.588264
-0.120523 0.479313 -0.742814
0.129679 -0.514777 -0.607285
0.129679 0.334541 0.650727
0.129679 -0.258928 0.623271
-0.020588 -0.892062 0.0368946
0.129679 0.405714 -0.145166
0.0509115 0.937983 -0.346861
-0.120523 -0.741221 0.579626
-0.145701 0.537307 -0.0852472
0.129679 0.486078 -0.85034
-0.120523 0.852859 -0.223913
-0.145701 -0.0306422 0.319088
0.129679 -0.493904 0.627375
-0.0740879 -0.321505 -0.946158
-0.0693889 0.917746 0.396693
-0.0109569 -0.848108 -0.0997139
-0.145701 0.163082 0.465919
0.0929351 -0.815065 -0.577288
-0.145701 0.305501 -0.0707597
-0.145701 -0.209015 -0.00260403
-0.0179945 -0.0715359 -0.875656
0.129679 -0.0897942 0.168805
-0.120523 0.697918 0.425872
0.129679 -0.00750731 -0.254816
0.129679 0.408861 0.892024
-0.0880639 0.899041 -0.00817158
0.129679 -0.616062 -0.0503057
0.0318954 0.38367 -0.923277
0.129679 -0.25002 -0.61015
0.129679 0.816795 -0.498663
0.129679 0.563652 0.387464
0.129679 8.41645e-05 -0.612344
-0.120523 -0.325072 -0.673955
-0.120523 -0.766387 -0.557866
0.129679 -0.158064 0.65165
-0.0487919 -0.995832 0.0722737
-0.120523 -0.552905 0.478967
-0.145701 0.208422 0.266892
0.129679 -0.515918 -0.442525
-0.145701 0.510037 0.244255
0.079488 0.0708223 0.99646
-0.145701 -0.0170644 -0.322424
0.00309784 0.011137 0.897775
0.129679 0.713761 -0.312639
-0.102676 -0.755917 -0.652931
-0.120523 0.671006 -0.471896
-0.120523 0.728274 -0.673125
-0.120523 0.909185 0.293663
0.129679 0.153363 0.677244
0.0414977 0.312376 0.949089
-0.105789 0.103686 -0.84425
-0.145701 0.219619 -0.0184338
-0.120523 0.147535 -0.69997
-0.120523 0.450521 0.833311
-0.145701 -0.284141 -0.12768
0.129679 -0.12359 -0.169816
0.129679 0.265221 -0.31691
0.129679 -0.0520134 -0.944363
0.129679 -0.424456 -0.811099
0.129679 0.431315 0.0871471
0.129679 -0.118531 -0.273334
0.129679 -0.237589 0.481514
-0.0992295 -0.69116 -0.721229
-0.00862289 0.812951 0.58177
-0.145701 0.18768 0.176771
0.129679 0.764821 -0.393317
-0.120523 0.838988 -0.534545
0.129679 -0.621695 -0.468816
-0.0951319 -0.474056 -0.879531
-0.145701 -0.182871 0.174454
0.129679 -0.447056 0.423393
0.129679 0.722709 -0.206184
0.129679 -0.425023 -0.620391
-0.00132335 -0.997779 -0.0375271
0.129679 0.180884 -0.858402
0.129679 -0.438641 0.874488
0.129679 -0.754074 0.490046
-0.120523 0.483552 -0.368501
0.129679 -0.593729 0.627814
-0.0798962 -0.0844715 -0.865021
-0.145701 0.0717735 -0.432041
0.00487551 -0.777959 0.625832
0.129679 0.271279 -0.212393
-0.120523 -0.67727 0.519631
0.129679 0.575243 -0.638331
0.129679 0.0627978 0.426263
0.129679 0.126202 -0.776107
-0.145701 -0.0283603 0.428434
0.129679 0.16552 -0.195779
-0.0416424 -0.861112 -0.505927
0.129679 0.173618 -0.669608
0.129679 -0.503139 0.146777
-0.120523 0.211367 0.552407
0.0210819 0.875943 0.0722059
0.0982243 0.104865 -0.706578
-0.0033905 0.346961 -0.937664
0.129167 0.0200179 -0.897342
0.094679 -0.652681 -0.0298058
-0.145701 -0.0834862 0.0210748
-0.145701 0.157535 -0.388933
-0.145701 0.202598 0.371369
0.129679 0.575062 -0.428513
-0.120523 0.716101 0.480683
-0.120523 0.609417 0.235765
0.0299557 0.419197 0.90709
0.129679 0.400186 0.232209
-0.0448294 0.44084 -0.897426
-0.120523 -0.489596 -0.491372
-0.120523 -0.915558 -0.360366
-0.120523 0.122557 0.871596
-0.145701 0.0931055 0.0753481
-0.00488974 -0.837132 0.544112
0.00774617 0.813986 -0.580957
-0.0118814 -0.0828592 -0.996047
-0.145701 -0.0964942 0.121674
-0.120523 -0.65216 0.247394
-0.018169 -0.97783 0.201741
-0.120523 0.592306 0.37829
-0.120523 -0.322175 0.931517
0.0863608 0.108566 -0.993721
0.129679 -0.20268 -0.381253
-0.145701 -0.233989 0.0558948
0.0544933 0.870733 -0.491872
-0.120523 -0.0717408 -0.662531
0.0966552 0.118931 0.735287
-0.00374489 -0.477735 -0.877535
0.00921471 -0.344423 0.937403
0.129679 -0.0565319 0.403599
0.129679 -0.102128 -0.391806
0.129679 0.723686 -0.511934
0.129679 0.152901 -0.0410848
-0.103671 0.0220574 0.998692
-0.120523 0.346873 -0.883415
-0.0713976 0.860075 0.0903039
0.129679 -0.825341 0.233007
-0.0318447 -0.853874 0.0944757
-0.120523 -0.633982 0.414403
0.129679 0.0161145 -0.998725
0.0433894 0.558884 -0.829156
-0.120523 -0.627975 0.093947
-0.145701 -0.292427 -0.416927
0.129679 0.121111 0.363115
-0.120523 -0.329526 -0.778377
0.129679 -0.61567 0.101609
0.129679 0.917794 -0.366755
0.0638464 -0.98856 0.140077
0.129679 -0.394709 0.562006
-0.145701 0.473041 -0.157157
0.085976 0.90275 0.429676
0.0022062 -0.732408 -0.117662
0.0782106 -0.0456558 -0.88985
0.129679 0.323827 -0.894778
0.129679 0.458007 -0.0499657
-0.02579 0.801961 0.121033
-0.145701 -0.0874422 0.483927
0.0840475 0.890975 0.0443847
0.0752503 0.121534 -0.804001
-0.0903603 0.955731 -0.294443
0.129679 -0.856787 -0.440082
-0.000377151 0.98256 0.185558
-0.120523 -0.310661 0.502778
0.129679 0.530718 0.060537
0.129679 -0.306858 0.419835
-0.0703951 0.388227 -0.921373
-0.145701 -0.15037 0.0874114
0.129679 0.508351 -0.432276
-0.120523 -0.597224 0.750413
-0.120523 -0.862966 0.157576
-0.120523 0.505496 -0.565304
-0.120523 -0.890447 0.0449094
-0.145701 -0.30013 0.137287
0.129679 0.554553 0.189273
0.0689356 0.0624492 -0.882458
-0.145701 -0.162805 0.41014
-0.0230098 -0.883715 -0.465257
-0.120523 0.291776 -0.817921
0.0799633 -0.0398317 -0.998728
-0.120523 0.171776 0.779016
-0.0772843 0.850578 0.525316
0.129679 -0.355008 -0.765384
0.129679 -0.29339 -0.90315
-0.145701 -0.254353 0.424978
-0.145701 0.354023 0.426627
0.129679 0.781548 0.168698
0.129679 -0.724779 -0.269258
0.0850604 0.239246 0.970043
0.129679 0.66188 -0.133854
0.00433864 0.432777 -0.901337
0.129679 0.393246 0.741311
0.129679 -0.89814 -0.0642589
0.129679 -0.301763 0.361151
0.129679 0.0461209 -0.449567
0.129679 -0.571951 0.698317
0.0899047 -0.341913 -0.938957
0.129679 -0.24546 0.964979
0.0427272 -0.880564 -0.471203
0.129679 0.486773 0.258086
0.129679 0.160594 0.974564
0.129679 -0.696234 -0.684624
0.0914298 0.959323 -0.282519
0.040911 -0.390322 0.919207
0.129679 0.560777 0.13798
-0.145701 0.0172121 0.344352
0.129679 0.331295 0.821586
-0.120523 -0.0574407 0.936968
0.129679 -0.1974 -0.132426
0.129679 -0.432052 0.211248
-0.145701 0.0840391 -0.506773
-0.00943684 -0.180507 -0.982973
-0.120523 -0.822432 -0.209932
-0.0986744 0.124301 -0.788408
0.129679 0.596312 0.757942
0.129679 -0.388697 -0.716484
-0.120523 0.535957 0.780084
-0.120523 -0.610118 0.472163
0.129679 -0.0471267 -0.428589
0.129679 -0.217534 -0.513039
0.019013 -0.99797 0.0313479
-0.120523 -0.600921 -0.754877
-0.145701 -0.420804 -0.256604
0.0404566 0.654464 -0.75606
-0.120523 0.763068 -0.468904
-0.145701 -0.221378 -0.0965647
-0.114089 0.708973 -0.105662
-0.120523 0.690921 -0.366629
0.129679 -0.856053 0.502257
0.0248295 -0.265556 -0.963409
0.129679 -0.154207 0.260201
0.129679 -0.158141 0.970945
0.129679 0.76844 -0.293569
0.129679 -0.495881 -0.254647
0.129679 0.515839 0.684123
-0.145701 0.220419 0.213715
0.129679 -0.164886 -0.805902
0.129679 0.381057 0.808688
-0.13104 0.485106 -0.309035
-0.120523 -0.414883 0.738066
-0.0973851 0.989026 0.147365
0.00519403 0.608616 -0.793405
-0.0106259 -0.112205 -0.722643
-0.145701 0.24701 0.439418
0.129679 -0.240726 0.841418
0.129679 -0.743581 0.319155
0.129679 -0.635527 -0.297717
-0.0721063 -0.738951 0.671468
-0.0387691 -0.0815126 0.680703
-0.120523 0.414258 -0.438226
-0.145701 0.314887 0.390854
-0.120523 0.582811 -0.440938
-0.145701 0.0618963 0.477822
-0.145701 0.156339 0.281312
0.129679 0.512018 0.627388
0.125553 0.9892 -0.146833
0.0251849 -0.6324 0.772714
0.0338132 0.909777 0.414616
-0.120523 -0.848452 -0.485553
0.013549 0.18554 -0.98232
0.0382718 -0.987409 -0.148594
0.129679 -0.076757 0.600493
-0.120523 0.387228 0.908493
0.129679 0.665556 -0.242658
-0.120523 -0.693301 -0.0984409
0.129679 -0.129444 -0.539795
0.129679 0.548242 0.777791
-0.145701 -0.185198 0.241336
0.129679 -0.331896 0.704551
0.129679 -0.180952 0.311748
-0.0897641 -0.708371 0.105604
-0.145701 0.0653627 0.275614
0.129679 0.300147 0.615659
0.129679 0.208322 0.723061
0.129679 -0.479225 0.527011
-0.0282435 -0.936097 0.347194
-0.145701 -0.346818 -0.313685
0.0961856 0.650862 0.00676011
-0.120523 0.915889 -0.291108
0.129679 -0.406044 -0.0187386
-0.120523 0.550077 -0.79528
-0.145701 -0.41665 -0.359696
-0.00970617 -0.570253 -0.820324
-0.120523 0.202374 -0.77833
-0.120523 0.549974 -0.294416
0.00816827 -0.825509 0.112571
-0.145701 -0.133654 -0.481147
0.125487 -0.938975 0.339335
-0.120523 -0.780037 -0.469847
0.104096 -0.00788195 0.649881
-0.141163 0.528472 -0.227072
-0.120523 -0.719229 0.627012
0.129679 0.549748 -0.0993295
-0.145701 0.420851 -0.224463
0.102349 0.749785 0.661076
0.0893884 0.682523 0.730215
-0.120523 0.705554 0.325175
0.129679 -0.46853 -0.388361
0.129679 -0.230622 0.320497
-0.0739184 -0.642817 -0.764696
-0.120523 -0.747917 -0.509389
-0.120523 -0.418544 -0.699436
-0.145701 -0.185927 0.355858
-0.145701 0.274888 0.0567392
-0.0214066 0.124815 -0.782617
0.129679 0.494055 0.0281383
-0.120523 0.851187 0.503197
0.129679 -0.357872 -0.226051
0.129679 -0.592727 0.198258
0.086125 0.961564 0.274158
-0.145701 -0.0621271 -0.412052
-0.120523 0.0802078 -0.994795
-0.0455229 0.00707933 -0.999533
-0.112702 0.923622 -0.383468
-0.109593 0.050269 -0.88856
0.129679 0.728191 0.373818
-0.145701 0.0875941 -0.338881
0.129679 -0.528272 0.0593668
0.129679 -0.129466 0.0925348
-0.00143671 0.911123 -0.412286
-0.145701 0.344829 0.312277
0.129679 -0.35137 0.481724
0.129679 -0.461171 -0.750306
0.129679 0.573156 0.0344461
-0.120523 0.811763 -0.378098
0.129679 -0.0211232 -0.0421221
0.129679 0.763039 -0.13133
0.129679 0.71723 -0.463982
-0.145701 0.244483 -0.449409
0.129679 0.11689 -0.873075
-0.120523 0.878045 -0.149859
0.129679 0.324911 -0.463636
0.129679 0.664473 -0.597721
-0.120523 -0.790938 0.237632
-0.0874109 0.173844 -0.984449
-0.120523 -0.511271 -0.399287
-0.120523 0.722847 -0.616425
-0.0758001 -0.024176 0.998608
0.129679 0.296067 0.777156
-0.120523 0.0459168 -0.576765
-0.0800928 0.120061 0.738934
0.129679 -0.155734 -0.947528
-0.145701 0.49122 -0.0609849
-0.120725 0.207045 -0.53636
-0.120523 -0.559013 0.384704
-0.0769405 0.987727 -0.156445
-0.120523 0.782257 0.195503
0.129679 -0.842667 0.289415
0.0881228 0.989374 0.145022
0.129679 0.665336 0.366504
-0.0554493 0.961203 0.275418
0.129679 0.254824 -0.0201672
-0.120523 -0.860675 -0.168056
0.129679 0.407197 0.410168
-0.120523 0.302824 -0.553556
-0.120523 0.43956 0.395408
-0.071179 -0.0246815 0.895577
-0.120523 0.574982 -0.355
-0.120523 0.643079 -0.429669
0.071074 0.999372 0.0350916
0.129679 0.311899 0.321052
-0.145701 0.384514 -0.00974547
-0.0899965 0.770731 0.123925
-0.145701 0.148878 0.335951
0.129679 0.743934 0.588755
0.129679 0.335738 -0.265874
0.129679 0.281212 -0.73829
-0.0959794 -0.864313 -0.0851542
0.129679 -0.606792 -0.695066
-0.0804215 0.898252 0.438987
0.129679 -0.767169 -0.378177
-0.0633316 0.999304 0.0369851
-0.0890025 0.595158 0.802907
0.129679 0.3955 0.575559
0.129679 0.0317317 0.520446
-0.145701 -0.340227 -0.415807
-0.120523 0.578654 -0.00550296
-0.112003 0.664492 -0.0573038
0.129679 0.457151 0.816467
-0.145701 0.174538 0.075745
-0.145701 0.353945 -0.230258
0.109266 -0.339225 0.9393
0.129679 0.117017 0.95156
0.129679 0.243451 0.799567
0.129679 0.885729 -0.232582
-0.145701 -0.00938237 0.18116
-0.120523 0.165655 0.938852
0.129679 0.569577 0.270172
0.129679 -0.548288 0.306499
0.129679 -0.567637 -0.450188
-0.120523 0.659475 -0.601825
0.129679 -0.633145 0.0572396
-0.0235837 0.889145 -0.457757
-0.120523 -0.575287 0.58428
0.0339054 0.863691 0.503499
0.0509532 0.107961 -0.711576
-0.145701 -0.170521 -0.0988714
-0.0247524 0.709017 0.105057
0.129679 -0.399018 0.412486
0.129679 -0.161442 -0.439855
0.129679 0.858293 0.245196
0.0336175 -0.0127898 -0.999461
-0.120523 -0.387157 0.785456
0.129679 -0.871154 -0.341624
-0.120523 0.341809 -0.667875
-0.145701 0.449221 0.174187
-0.0753132 -0.800289 -0.597633
-0.0756218 0.00753019 -0.898658
0.129679 0.0102291 0.436514
-0.104898 0.856903 -0.0938145
0.129679 0.0247058 -0.50754
-0.120523 -0.270156 -0.565008
-0.120523 0.201733 0.854679
0.129186 -0.100797 -0.702838
-0.120523 0.384951 0.695292
-0.120523 0.85189 0.263717
0.129679 0.800286 -0.45073
0.129679 -0.90446 0.0884112
0.129679 0.670386 -0.538608
-0.120523 0.401059 -0.87758
-0.145701 0.421709 -0.381284
-0.120523 -0.476398 0.431958
0.0870026 0.826629 0.112758
-0.145701 0.410821 -0.309352
0.0919988 0.369695 -0.928951
-0.120523 0.858639 0.203846
0.129679 0.676135 -0.440056
-0.145701 -0.331938 0.363312
0.0133989 -0.11815 -0.810772
0.129679 -0.361305 -0.177345
0.129679 0.508489 0.345527
0.129679 -0.785008 0.140633
0.0471053 -0.479324 0.876032
0.0824858 0.355603 0.933793
-0.120523 -0.16684 0.665155
0.0776514 -0.742785 0.667221
0.0302024 0.000212885 0.649581
-0.0193847 -0.516063 0.854881
-0.0786281 -0.198026 0.978946
-0.145701 0.372937 0.251627
0.129679 0.407231 0.504123
0.129679 0.0613537 -0.306658
0.129679 -0.207763 0.733158
-0.120523 0.0643105 0.934857
-0.120523 -0.417422 -0.445011
-0.0183027 -0.115543 0.817789
0.129679 0.193342 0.129681
0.0979822 -0.743328 -0.120927
0.129679 0.21842 -0.0671868
0.129679 0.24623 -0.610434
-0.120523 0.316717 0.765003
-0.00952306 0.897401 0.0212675
-0.120523 0.367762 -0.491413
-0.100576 -0.97841 -0.199544
0.129679 0.523155 0.287624
0.129679 -0.00682281 -0.39646
-0.120523 -0.934814 -0.278739
-0.120523 -0.470444 0.866486
-0.120523 0.416548 -0.67725
-0.120523 0.677727 0.0812109
-0.145701 0.1269 0.239332
-0.120523 0.618769 0.477338
-0.107818 0.887036 -0.46183
-0.120523 -0.815377 0.314466
0.129679 -0.240394 -0.787004
-0.120523 -0.70349 -0.209525
-0.120523 0.774443 0.400132
-0.0351673 -0.688668 -0.0912374
-0.120523 -0.135244 -0.638075
0.129679 0.666328 -0.685598
0.109825 0.859062 0.511345
0.101393 -0.830298 0.554489
-0.120523 -0.772253 -0.364444
-0.0447311 0.851662 -0.524192
0.0138137 0.778781 -0.627343
-0.111348 -0.657424 -0.0449567
-0.120523 0.578719 -0.643648
-0.120523 0.937026 -0.165429
-0.120523 -0.75586 -0.286474
-0.120523 0.0266819 0.897687
-0.0329652 0.00325698 -0.650238
-0.0759652 -0.997991 0.0306992
-0.120523 -0.172001 -0.686499
-0.120523 -0.383963 -0.853729
-0.120523 0.312294 0.944568
-0.145701 0.170174 -0.121202
-0.145701 -0.141001 -0.0559419
-0.120523 -0.706976 0.183072
-0.000523477 0.111113 0.992807
-0.145701 -0.375781 -0.0828804
0.129679 0.382585 0.146655
0.129679 0.279722 -0.950842
0.129679 0.815575 -0.211869
-0.145701 -0.330231 0.447227
5.0647e-05 0.235166 0.971037
-0.0937015 0.651093 -0.010674
0.0797632 -0.970711 -0.234214
-0.120523 0.415813 -0.610218
-0.120523 0.146989 -0.869723
-0.145701 0.000394467 0.048663
-0.120523 0.912915 0.199609
0.0428587 -0.555455 -0.830433
0.126982 -0.996614 0.0605881
0.123813 -0.864826 -0.499543
0.129679 -0.177164 -0.597581
0.129679 -0.745067 0.537482
0.129679 -0.288968 -0.834183
0.129176 0.502369 0.863897
-0.145701 -0.0399863 0.26993
0.129679 0.592133 0.62153
0.129679 0.548883 -0.344155
0.129679 -0.0386233 -0.515037
0.129679 0.221732 0.402685
0.129679 0.538336 0.435568
-0.120523 -0.41849 -0.811133
0.129679 0.388619 -0.0685802
0.129679 -0.0185906 0.0916782
0.0836474 0.806308 -0.120618
-0.120523 0.751637 -0.202491
0.129679 0.293301 -0.117648
0.129679 -0.525881 -0.18013
0.129679 0.0171049 0.0345941
-0.120523 -0.29274 -0.853439
-0.120523 0.945585 0.238013
-0.120523 0.670579 -0.200579
-0.120523 0.509684 0.330491
0.129679 0.407004 -0.669391
0.129679 0.47548 0.126959
0.0112559 -0.767126 -0.639705
-0.120523 0.864477 0.369295
0.129679 0.93716 0.24411
0.129679 -0.215649 -0.973809
0.129679 -0.0147574 0.238324
-0.120523 -0.575869 -0.547876
-0.0747762 0.0901495 0.994913
0.129679 -0.160438 -0.727115
-0.0746745 -0.114859 0.819561
0.129679 0.713735 -0.365592
0.0232602 0.779273 -0.124557
0.129679 -0.578979 -0.811815
-0.120523 0.84112 -0.177222
-0.0751423 -0.837398 0.106287
0.129679 -0.166357 -0.18657
-0.102358 0.0576071 -0.663971
0.129679 0.0933589 -0.569066
-0.120523 -0.653103 -0.528939
0.129679 0.806172 -0.360992
0.129679 0.719632 0.155295
0.129679 0.424664 0.681554
-0.0247292 -0.704572 -0.708112
0.0384067 -0.797195 0.601127
0.129679 -0.686113 -0.349722
-0.0804441 -0.118457 0.991782
-0.145701 -0.237429 -0.0422648
0.129679 0.569941 -0.140473
0.0445061 -0.0724522 0.673428
0.129679 -0.550056 0.657543
0.129679 -0.0915443 0.945126
-0.145701 -0.140772 -0.226284
-0.145701 -0.456559 -0.0122737
-0.143658 -0.565512 0.0957321
-0.100258 0.114782 -0.72499
0.129679 0.596262 -0.594199
0.129679 -0.433662 0.271754
0.129679 -0.483468 -0.317961
-0.0564289 -0.854971 0.515619
0.129679 0.735837 -0.645718
0.129679 -0.63686 -0.76763
-0.071661 0.980739 0.194929
0.129679 -0.168511 0.759403
0.129679 0.940272 0.198203
0.0819012 0.17567 -0.984126
-0.0379509 -0.262796 -0.964168
-0.120523 0.508316 -0.677871
-0.120523 -0.33619 -0.500695
-0.120523 0.671627 0.566437
-0.145701 -0.338959 0.305477
-0.145701 0.450758 0.0249544
0.129679 0.141568 -0.370463
0.129679 0.158219 0.0798372
-0.120523 -0.833341 -0.118101
0.035963 -0.00402141 -0.89875
-0.120523 -0.867874 0.294361
-0.120523 0.585949 0.688108
0.129679 0.518947 0.105869
0.129679 0.765585 0.229763
0.0768617 0.0147475 0.89742
0.129679 -0.618812 0.725223
0.129679 0.559139 -0.741067
0.129679 -0.900956 -0.428542
-0.120523 -0.490782 -0.753494
-0.0947507 0.222499 -0.97464
-0.120523 -0.481665 0.818857
-0.145701 -0.0124872 -0.484205
0.0273298 0.724625 -0.113978
-0.120523 0.841281 -0.428782
0.129679 0.433004 0.317093
0.0909536 -0.863497 -0.0860202
0.129679 -0.184933 0.0449795
0.129679 -0.686974 0.554574
-0.120523 0.264155 0.685542
0.129679 -0.61237 -0.152125
0.129679 -0.0929188 0.268707
0.0391016 -0.84736 0.528038
-0.0103063 0.228743 -0.973198
-0.120523 0.556285 0.16521
-0.120523 0.734476 -0.338286
-0.145701 -0.00592416 0.110461
-0.120523 0.938449 -0.0456926
-0.120523 0.820027 -0.262577
0.129679 0.665313 0.629925
0.126695 0.87729 -0.0709267
0.129679 0.799323 0.443935
-0.120523 0.463343 -0.459426
-0.120523 0.593362 0.577569
0.129679 -0.547975 0.394025
-0.145701 -0.187845 -0.279794
0.129679 -0.325325 0.625322
0.129679 0.610871 -0.760968
0.0471582 -0.920675 0.386235
0.129679 -0.35194 -0.617651
0.129679 0.858812 0.197563
0.129679 -0.412113 0.734869
0.129679 -0.482432 0.378778
0.129679 -0.376264 -0.105821
0.0836895 -0.986926 -0.151777
0.129679 0.126389 0.278564
0.0556183 0.727067 -0.68658
0.129679 -0.282241 -0.0844067
-0.120523 -0.279678 0.836362
0.129679 -0.587963 0.1506
0.00101523 -0.197232 0.979107
-0.0656539 0.39277 0.918815
0.129679 0.241629 0.112588
-0.120523 -0.931783 0.317336
-0.0755259 0.776238 -0.630485
0.129679 0.206262 0.893305
0.129679 0.00264029 -0.206339
-0.145701 0.0441217 -0.539459
0.129578 0.0859101 0.864472
0.129679 0.481509 0.188125
0.129679 -0.115463 -0.0117842
0.129679 0.37882 -0.498498
-0.145701 0.122934 -0.096571
0.129679 -0.443473 -0.139562
0.129679 0.338413 -0.790982
-0.120523 0.595391 -0.0699177
-0.145701 -0.136565 0.0302393
0.07648 0.689359 0.0898162
-0.120523 0.147682 0.617547
0.129679 -0.251897 0.577045
-0.145701 -0.113789 -0.144217
-0.0722363 0.477062 -0.878731
-0.120523 0.707168 -0.272325
-0.120523 -0.12018 -0.568833
-0.120523 -0.499128 -0.318818
0.0654811 -0.193844 -0.980419
-0.0795766 -0.314055 0.94803
-0.120523 0.617868 0.144892
0.129679 0.0493983 -0.0462968
-0.120523 0.806651 0.513732
0.0391353 -0.714038 -0.698551
0.129679 0.182712 -0.81316
0.0808446 0.822741 0.567861
0.129679 -0.405017 0.145094
0.054447 -0.557023 0.828747
-0.0788604 0.00588057 -0.650319
0.129679 0.0417247 0.337594
-0.120523 -0.0889925 -0.956089
-0.120523 -0.726087 0.305041
-0.120523 -0.908268 -0.242366
-0.0832149 0.0893482 0.686677
0.124814 -0.994871 -0.0850723
-0.145701 -0.116912 0.327177
-0.0105679 -0.841621 -0.537774
-0.145701 -0.130929 0.183678
-0.145701 0.0296304 -0.449724
-0.120523 -0.778894 0.1656
-0.023905 0.0483906 0.888724
-0.120523 -0.332798 0.617497
-0.120523 0.561509 -0.60245
0.129679 -0.217501 0.113996
0.129679 0.807308 0.332133
-0.120523 -0.829327 -0.28414
0.129679 0.499732 -0.0267282
0.129679 -0.400461 0.6559
0.129679 0.190166 -0.388307
-0.120523 0.906071 -0.23808
-0.145701 -0.0389913 -0.0368861
0.129679 0.605511 0.22053
0.129679 0.427681 -0.285871
0.127202 -0.0637874 0.996832
0.129679 0.52368 -0.26213
-0.120523 0.577319 -0.193609
-0.120523 -0.67788 -0.168456
-0.120523 -0.135489 0.879246
-0.0606952 -0.982518 0.177531
0.129679 0.0783239 -0.206714
-0.120523 -0.866496 -0.393772
0.121319 0.898784 -0.0115197
-0.120523 0.290873 0.543229
0.0890617 0.462616 -0.886412
-0.120523 0.609939 -0.266205
0.129679 0.352705 0.233482
-0.0469467 0.679514 -0.733645
0.129679 -0.938315 -0.213029
0.129679 -0.353292 0.221861
0.129679 -0.59717 -0.647814
0.0610034 0.978323 0.206689
0.129679 -0.544613 -0.731493
-0.145701 0.133995 -0.335806
-0.120523 -0.422811 -0.398371
0.129679 -0.303667 -0.364477
-0.120523 0.293167 0.862894
-0.120523 -0.884107 0.106884
-0.120523 -0.70086 -0.640328
0.0775922 0.787834 0.615307
-0.120523 0.940367 0.16118
0.129679 -0.667054 0.674708
-0.0879105 -0.0132042 -0.999455
-0.145701 0.123918 0.552404
-0.145701 0.147861 0.424323
-0.0709493 0.886678 -0.054875
0.129679 0.498409 0.737455
-0.120523 -0.666491 -0.250882
0.129679 0.422356 -0.444027
0.0964058 0.698667 -0.715442
0.129679 0.729762 0.503395
0.129679 -0.205225 -0.876575
-0.145701 -0.308532 0.0215795
0.103998 0.943899 0.329787
0.0368882 0.830608 0.556309
-0.120523 -0.382613 0.447682
-0.0803121 0.494027 0.868685
0.129679 0.461666 -0.720229
0.129679 -0.0859837 -0.604471
-0.145701 0.353281 -0.301842
-0.145701 0.088752 0.167886
-0.145701 0.0623545 -0.286821
-0.120523 -0.145308 0.941597
0.105238 0.999994 -0.00390541
0.129679 0.209718 0.218794
-0.120523 -0.58552 -0.276422
0.0233829 -0.652571 0.0287167
-0.120523 0.695498 0.254667
0.0768919 0.873672 0.486
-0.145701 0.256772 -0.398046
0.129679 -0.659786 -0.395229
0.129679 -0.0886669 -0.210884
0.129679 -0.34395 0.581033
-0.11992 0.123465 0.793858
0.129679 -0.304871 0.872315
-0.145701 -0.301601 -0.323908
0.129679 -0.148605 0.87196
0.0775011 -0.670899 0.739508
-0.120523 -0.653697 0.562488
-0.145701 -0.0761427 -0.0997058
-0.0187518 0.759918 -0.650054
-0.145701 0.0147564 -0.0890775
-0.120523 -0.956602 0.122452
0.129679 0.418361 -0.0310765
-0.120523 -0.349167 0.883238
-0.145701 0.132261 -0.0399445
-0.145701 0.0847531 -0.149158
0.129679 0.590639 -0.543251
0.129679 -0.345207 -0.57389
-0.0179196 -0.031128 -0.894682
0.128784 -0.130513 -0.990892
0.129679 -0.44863 0.329503
-0.0356856 0.819531 -0.573111
-0.120523 -0.160914 0.736005
0.129679 -0.887754 0.414803
-0.073814 -0.890576 -0.0419677
0.129679 0.0207408 0.615757
0.129679 -0.279693 -0.324096
0.129679 0.472376 -0.311707
-0.0801289 -0.920361 -0.387617
-0.0896404 -0.0728285 0.996206
0.129679 0.768926 -0.582674
0.0721994 -0.897742 0.00187645
-0.120523 -0.659468 0.359815
-0.120523 0.915936 0.0892123
0.129679 -0.574054 -0.124646
0.129679 -0.338776 -0.914969
-0.120523 0.362446 -0.605743
-0.120523 -0.0736356 -0.877503
-0.120523 0.539864 0.492487
0.0510497 -0.666563 -0.0637975
-0.120523 -0.343563 0.786414
-0.145701 -0.487145 0.1813
0.033489 -0.936211 0.346888
-0.145701 -0.00376027 -0.231978
-0.120523 0.725701 0.623132
-0.120523 -0.584907 0.0108195
0.129679 0.384847 0.368668
-0.0968894 -0.552784 0.831583
0.129679 -0.368699 0.0174997
-0.120523 -0.67159 -0.568353
-0.120523 -0.480547 -0.629686
0.129679 -0.29789 -0.744982
-0.145701 -0.198041 -0.427289
-0.120523 0.309159 0.589854
0.129679 -0.915673 0.255969
0.0530947 0.650669 0.0011184
-0.145701 0.354737 0.0219016
-0.0558711 -0.0626434 0.880822
0.0281028 -0.973601 -0.221868
-0.07728 0.0842502 -0.996059
-0.145701 -0.119348 0.416803
-0.120523 0.429659 0.750708
0.107685 0.970101 -0.242923
-0.145701 0.274719 0.141239
-0.120523 0.778967 0.260158
-0.145701 0.46678 0.121375
-0.0623433 0.138887 -0.98996
-0.120523 0.450248 0.664992
0.129679 -0.341103 0.79189
-0.145701 0.0605058 0.434497
0.129679 -0.745653 0.41134
-0.0111887 0.551128 0.833693
0.0176609 0.80266 0.120876
-0.145701 -0.224979 0.150223
-0.145701 -0.185882 -0.179248
-0.145701 -0.528126 -0.0810649
0.0208925 -0.904949 0.421768
-0.120523 -0.835581 0.484809
-0.119045 -0.902545 0.426891
-0.120523 -0.556917 -0.671692
0.129679 -0.501506 -0.679696
-0.00531841 -0.248887 0.96723
-0.0373258 0.990355 -0.13882
0.129679 -0.157554 -0.900502
-0.120523 0.276054 -0.587672
-0.145701 -0.297069 -0.233495
-0.0624675 -0.174806 -0.984008
-0.120523 0.522778 0.736878
0.129679 -0.935954 0.119844
0.129679 -0.356497 -0.0605062
-0.084531 0.286898 -0.957709
-0.120523 -0.898471 -0.319879
0.0289376 -0.991813 0.114848
-0.145701 0.272154 -0.0982075
0.129679 -0.424458 0.620004
-0.00960936 0.966588 0.25592
-0.145701 0.5336 -0.13443
0.0845621 -0.880177 0.471293
0.129679 0.592902 0.553339
0.129679 -0.579538 -0.218245
-0.120523 0.342359 0.842462
0.129679 0.568389 -0.305681
0.129679 -0.855503 -0.293521
0.129679 0.131482 -0.297452
-0.145701 -0.220747 -0.497257
0.129679 0.952818 0.12936
0.129679 0.757244 -0.23436
0.07325 0.0752553 0.67437
0.129679 0.859525 0.319399
-0.120523 -0.707958 -0.425864
-0.0511466 -0.588981 0.806327
0.129679 0.511521 -0.573999
0.0335065 0.990156 -0.14023
0.129679 0.0840901 0.656119
0.129679 0.859162 -0.412902
0.129679 -0.388532 0.0682405
0.129679 -0.426649 0.694428
-0.120523 0.749345 -0.524415
-0.0900902 -0.23329 -0.971754
0.129679 0.530335 -0.843493
0.129679 0.438503 -0.223861
0.129679 -0.508914 -0.840748
-0.120523 0.199389 -0.630679
-0.120523 -0.120582 0.561311
0.0948689 0.674945 -0.0741279
-0.120523 0.661685 -0.516459
-0.145701 -0.370095 0.165767
-0.0231127 0.883951 -0.0601363
-0.120523 0.637396 -0.638557
0.129679 0.329444 0.080638
-0.145701 -0.260985 -0.163706
-0.145701 -0.0687526 0.532786
0.120043 0.658171 0.042237
-0.120523 0.513179 0.599648
0.129679 -0.55598 0.220214
0.129679 -0.0313744 0.00247625
0.129679 0.417894 0.191627
0.129679 0.762015 -0.540032
-0.103971 0.946745 0.321542
-0.120523 -0.472454 -0.83245
0.129679 0.251803 0.697315
-0.120523 0.94952 -0.211475
-0.0106331 0.849367 -0.0999158
-0.145701 0.551124 0.0814582
-0.120523 -0.496508 0.627475
0.129679 -0.329432 0.258344
-0.120523 -0.138879 0.793972
0.129679 -0.271907 0.189296
0.129679 -0.300725 -0.0125053
-0.0299771 0.941106 0.337661
0.129679 0.628637 -0.45724
0.129679 -0.77932 -0.471064
-0.120523 -0.321892 0.830123
-0.0279449 -0.98871 -0.139652
0.129679 -0.588909 -0.303444
0.129679 0.28674 -0.593903
-0.145701 -0.0110717 -0.527649
0.129679 0.306361 -0.548422
-0.0156983 0.154981 -0.98758
0.129679 -0.169031 -0.555576
-0.0858846 0.969697 0.243901
0.019679 0.307062 -0.95145
0.129679 -0.0716754 0.311565
0.129679 -0.143627 0.544055
0.129679 0.114632 0.529504
-0.120523 0.826058 0.351002
-0.0416199 -0.0263773 0.652579
0.129679 0.187665 -0.450746
0.129679 0.715834 0.44446
-0.0279226 0.0752031 -0.674964
0.129679 -0.532957 0.735076
-0.120523 0.736828 -0.435432
-0.0933417 -0.0882062 0.687071
-0.145701 0.264866 -0.238519
-0.145701 0.165371 -0.172945
0.129679 -0.512739 0.463601
0.129679 0.956377 0.028506
0.129679 0.582478 -0.384118
-0.120523 0.648164 0.673218
-0.0748254 0.0685264 0.878117
0.129679 0.471188 0.378989
0.129679 -0.430617 0.773411
-0.0968739 -0.548147 -0.835284
0.129679 -0.805254 -0.145435
-0.029683 -0.740025 0.670283
0.129679 0.451832 0.0490824
-0.145701 0.276054 0.470353
-0.120523 -0.703798 0.481323
-0.145701 -0.166603 -0.00288877
-0.120523 0.43622 0.624967
0.129679 -0.425089 -0.457801
0.129679 -0.122832 -0.490312
-0.0282238 -0.120131 0.744939
0.129679 0.123939 0.826442
0.129679 0.398247 -0.865233
0.129679 -0.479897 0.695803
-0.145701 0.0135046 -0.292794
0.129679 -0.724273 -0.440757
0.129679 0.907445 -0.196309
-0.0669189 0.0931178 -0.857744
-0.120523 0.432554 0.873577
-0.120523 -0.345588 0.703514
0.0621059 -0.116494 -0.815814
0.0291751 -0.996032 -0.0701108
0.129679 -0.0362505 -0.133599
-0.145701 0.400568 0.357425
0.0397929 0.839077 0.106196
-0.120523 -0.424578 0.627712
0.129679 0.439731 -0.526888
-0.120523 -0.911339 -0.200305
0.0160057 0.109446 -0.993625
-0.117485 0.660587 0.750087
0.103907 0.809699 -0.586914
-0.0062703 -0.914338 -0.40164
0.122699 -0.449083 -0.892567
-0.120523 0.2416 -0.861393
-0.00367993 0.1108 0.716049
0.0580722 -0.102066 -0.994248
-0.145701 0.157734 0.143585
-0.120523 0.457444 0.536626
0.129679 -0.253234 0.432396
-0.120523 0.667601 0.388423
0.129679 0.627655 -0.370161
-0.145701 0.42803 -0.0116049
-0.00226019 -0.649916 -0.0142527
-0.120523 -0.568785 0.211308
-0.120523 -0.371815 -0.896262
0.129679 0.181386 -0.945399
0.129679 0.0300811 -0.273575
-0.0370636 -0.915893 0.397443
0.0996923 0.78516 0.12358
-0.145701 0.290689 -0.0314632
-0.120523 -0.505524 -0.802632
0.0021609 0.0645366 -0.997516
-0.00248148 0.382177 0.923261
-0.120523 0.460342 -0.880979
0.129679 -0.623057 0.439573
0.129679 -0.261321 -0.173236
0.129679 0.638599 -0.329229
-0.120523 -0.58054 -0.0329839
-0.120523 0.114787 -0.643218
0.129679 0.0695884 0.264378
0.129679 0.440667 0.267815
-0.145701 0.00366595 0.40138
0.104803 0.722664 -0.113089
-0.120523 -0.736055 0.404993
0.129679 -0.934653 0.0393761
-0.120523 -0.403671 0.484154
0.129679 0.0161585 0.210045
-0.115442 0.792122 -0.123443
-0.0780143 -0.649324 -0.00720282
-0.0748911 0.894632 0.0333935
-0.145701 -0.0672519 0.34128
0.129679 0.493928 -0.682986
-0.120523 -0.276291 -0.66057
-0.024314 -0.768779 0.12391
-0.145701 0.00291539 0.492498
-0.00627078 -0.610478 -0.790795
-0.120523 -0.377009 -0.523902
-0.0421918 0.722163 -0.112855
0.129679 0.601135 0.297555
-0.120523 -0.173112 -0.929856
0.0314656 0.621712 0.78256
0.129679 -0.0110156 -0.925276
0.0736614 0.117799 0.81581
-0.120523 -0.293672 -0.756983
0.0538765 0.732626 0.680014
-0.0867882 -0.673665 0.736988
-0.0835552 -0.376585 -0.925563
-0.120523 0.804138 0.133991
-0.120523 0.268738 0.789944
-0.145701 0.443469 -0.096024
0.129679 0.655998 0.306899
0.129679 0.0083868 -0.0777119
-0.120523 0.762667 0.555031
-0.145701 0.311375 -0.480446
0.129679 0.803124 0.252714
0.129679 0.242667 0.0681288
-0.0457368 0.357052 -0.933875
-0.120523 -0.107308 -0.903787
0.129679 -0.826626 0.471649
0.129679 -0.969987 -0.0226784
-0.0167683 -0.896226 -0.0197936
-0.120523 0.16666 -0.910106
-0.145701 0.129821 -0.424664
0.0791317 -0.580699 -0.81295
-0.145701 -0.22305 -0.246106
-0.120523 -0.193471 0.814904
0.129679 -0.192222 -0.471631
-0.0878786 0.665468 0.0585236
-0.120523 -0.707326 0.548486
-0.120523 0.172164 0.703665
0.129679 0.376497 0.473538
-0.120523 -0.113547 -0.991945
-0.00298415 -0.03247 -0.999
-0.120523 0.884363 -0.319817
0.129679 0.423599 -0.796581
0.129679 -0.0593429 0.50007
-0.117104 0.994922 0.100298
-0.0982501 -0.897664 0.00460593
0.129679 -0.228828 -0.0770614
0.129679 -0.472158 0.775808
0.129679 0.379796 -0.109159
0.0456912 -0.625763 -0.778736
-0.0637256 -0.928085 0.368075
0.129679 0.643495 -0.01995
0.129679 -0.0848013 -0.053909
0.129679 -0.777042 0.563986
0.129679 0.0574733 -0.36201
0.0261141 0.0696532 0.670413
-0.145701 -0.441475 -0.295442
0.0810734 0.0618906 -0.997681
0.129679 -0.338701 -0.141507
-0.145701 0.239908 -0.518168
0.129679 0.784087 0.571492
-0.120523 0.707982 0.136516
0.129679 0.291115 0.0463945
0.0448706 -0.110877 0.719211
-0.0783975 0.15631 0.986739
0.129679 0.125492 -0.444776
0.129679 0.91558 -0.092817
-0.145701 0.00904801 0.00503881
-0.0301458 0.650703 0.758665
0.0241008 -0.0496305 -0.660886
-0.120523 -0.42578 0.902741
-0.145701 -0.502987 0.240581
0.124986 -0.975139 0.214359
0.129679 0.446353 -0.375027
-0.145701 0.0886219 -0.250812
-0.120523 -0.696906 0.142092
0.0469452 -0.417107 -0.907982
-0.145701 0.307923 -0.167051
-0.120523 0.613748 0.0416886
-0.0339794 -0.40062 -0.915392
-0.145701 0.235182 0.342978
0.03204 0.093655 -0.857143
-0.0623539 -0.99826 -0.0209027
0.0106304 0.681095 -0.732179
-0.145701 0.128345 0.488119
-0.120523 0.648021 0.17709
0.129679 0.899884 0.0717225
0.129679 -0.189701 0.226968
-0.120523 0.56739 -0.152353
-0.0131874 -0.688414 0.0903667
0.129679 0.324752 0.692532
-0.120523 -0.658657 0.615455
0.129679 -0.357575 0.741211
-0.145701 -0.0654784 -0.181532
-0.120523 0.473831 0.724126
0.0877741 0.318085 -0.947829
0.129679 0.588721 0.351556
0.129679 -0.260149 0.3501
0.129679 -0.688582 0.126825
0.129679 -0.166963 -0.267156
-0.145701 0.203927 0.516099
-0.0983731 -0.0265905 -0.895795
0.129679 -0.0386801 0.149288
-0.145701 0.301182 0.0908766
-0.120523 0.564974 0.217166
-0.145701 0.098798 0.410439
0.129679 -0.450989 -0.842445
0.129679 -0.723296 -0.225701
0.129679 -0.171983 -0.0232638
-0.077645 -0.109271 -0.832376
0.129679 0.461862 0.769264
-0.120214 -0.0223845 -0.652388
-0.120523 -0.41765 0.409089
0.129679 0.353778 -0.551242
-0.1188 0.110282 0.715074
-0.120523 -0.618353 0.642809
0.129679 0.217266 0.557066
0.129679 -0.417631 -0.104804
0.129679 -0.553861 0.56757
-0.0990935 0.86356 -0.504355
-0.120523 0.392035 0.607197
-0.145701 -0.00332341 0.53498
0.0643243 0.0395354 -0.656414
0.105871 0.637287 0.76995
-0.0465343 -0.440082 0.896415
-0.120523 -0.63104 0.0207118
0.129679 -0.438822 -0.659997
0.129679 -0.297787 -0.643823
-0.120523 0.337154 0.641778
-0.120523 -0.487797 -0.565215
0.129679 0.292295 0.929079
-0.105386 -0.893134 -0.44688
0.0800762 -0.240389 0.969383
-0.120523 0.742715 -0.127744
-0.145701 -0.319359 0.100047
-0.145701 0.0847714 0.0332703
0.129679 -0.454191 0.115076
-0.145701 -0.26598 -0.379438
0.129679 -0.00271762 0.479469
0.129679 -0.305203 -0.489847
-0.120523 0.526972 0.293576
-0.0245612 0.920177 0.39103
-0.145701 -0.376372 0.245424
-0.120523 0.984949 -0.0227153
0.129679 0.462223 -0.809486
0.129679 0.731992 -0.602813
-0.120523 -0.219046 0.752886
-0.145701 0.133036 -0.256449
-0.0312157 0.6517 -0.0163547
0.103226 0.833191 -0.553072
-0.120523 -0.368223 -0.584976
-0.0241968 -0.375174 0.925503
0.129679 -0.866569 0.107455
0.129679 0.902663 -0.329008
0.129679 0.415358 0.830533
0.118927 -0.722125 0.689542
-0.0947251 -0.997109 -0.0524828
0.129679 -0.758276 -0.204989
0.0616806 0.950848 -0.309853
-0.117777 0.396491 -0.917853
0.129679 0.279612 0.266305
0.0917246 0.230816 -0.97271
0.0921394 -0.0667711 0.669525
0.129679 -0.151429 -0.638596
0.129679 -0.0514771 0.56871
-0.145701 0.374402 -0.140053
0.129679 0.113034 -0.511256
-0.145701 0.297791 0.239537
-0.120523 -0.817507 -0.451796
0.0234746 0.943287 0.331532
0.129679 -0.347424 0.65931
0.061365 -0.86303 -0.502643
-0.145701 -0.0912464 -0.505567
0.129679 -0.472169 -0.600077
0.129679 0.340724 -0.623187
-0.120523 0.532758 0.447208
0.129679 -0.667362 -0.2006
-0.145701 0.313701 0.014887
0.129679 -0.30404 0.124103
-0.0456281 0.607137 0.793903
-0.120523 0.79579 -0.554477
0.129679 -0.0125716 -0.350774
0.129679 0.341694 0.729656
-0.115231 0.0703121 0.670855
-0.145701 -0.447811 0.28235
-0.120523 0.635481 0.266929
0.0485729 -0.853246 0.0950046
-0.145701 0.28517 0.28061
0.129679 0.307666 -0.407758
0.0352971 0.85267 -0.52255
-0.0208434 -0.968873 0.241088
-0.145701 -0.0505393 -0.469132
-0.120523 -0.369174 0.650124
0.129679 0.206458 0.93646
-0.120523 0.64377 -0.303557
0.129679 0.254428 -0.142416
0.129679 0.378639 0.640404
0.129679 0.774192 0.506666
0.129679 0.955278 -0.198209
-0.120523 -0.484313 -0.6729
0.129679 0.263073 -0.391197
0.073084 -0.782222 -0.124321
0.0939072 -0.115872 0.730881
0.129679 0.72857 0.305483
-0.120523 0.537733 -0.835778
-0.120523 0.304801 -0.747672
-0.120523 -0.159871 -0.769734
-0.0775615 -0.245285 0.968152
-0.0915594 0.813677 0.580755
-0.145701 0.315108 0.168251
-0.0529014 -0.769634 -0.124573
0.129679 -0.245362 -0.402731
0.129679 0.163575 0.355673
0.129679 -0.00510611 0.956396
0.129679 0.651385 0.409145
-0.0913853 -0.09797 -0.698992
-0.145701 -0.421992 0.186161
0.129679 -0.739506 -0.53769
0.0950802 0.997713 0.0672512
0.0946913 -0.950795 0.304654
-0.120523 -0.522776 0.36741
-0.145701 -0.0990522 -0.278553
0.0944684 -0.114753 -0.728595
-0.120523 0.203063 0.751168
0.129679 -0.846861 0.148367
-0.145701 -0.185224 0.488313
-0.0503997 0.572755 -0.819645
0.129679 0.958835 -0.0549798
0.129679 -0.293756 0.71943
-0.120523 0.803162 -0.469805
-0.120523 -0.224598 0.678406
0.102948 0.595627 -0.803193
0.0967977 -0.771846 -0.633994
-0.120523 -0.702594 0.222882
0.129679 -0.221901 0.393859
0.129679 -0.244312 -0.452222
-0.145701 0.285763 -0.369174
-0.111155 -0.977625 0.202728
0.129679 0.755142 -0.432161
0.129679 -0.628069 -0.560979
0.129679 -0.303099 -0.693475
0.129679 0.537666 -0.0442001
0.101567 -0.0719917 0.874695
0.129679 -0.763596 0.606156
0.0764826 -0.649275 0.00563256
0.0562751 0.877195 -0.0710642
0.129679 0.15514 -0.585481
-0.0553693 0.324068 0.945171
-0.120523 -0.637209 -0.167212
-0.0235127 -0.992594 0.10791
0.0945446 0.756257 -0.654306
-0.120523 -0.187868 -0.736846
0.0952612 -0.440171 0.896371
0.129679 -0.369298 -0.42012
-0.120523 -0.623161 -0.603659
0.102776 0.995515 -0.0948882
0.129679 0.123844 0.711153
0.079201 0.668767 -0.743448
0.129679 -0.329534 0.332607
-0.120523 -0.308285 -0.582095
-0.120523 -0.452471 0.550718
-0.145701 0.00997455 -0.351648
-0.145701 -0.529565 0.117961
-0.145701 0.20101 -0.0536254
-0.0286626 0.661003 0.0493251
-0.120523 0.52346 -0.519561
0.0323835 -0.708955 -0.106594
0.0920287 0.786191 -0.618035
0.0533403 -0.681693 0.0835594
0.129679 -0.651152 -0.105616
0.00739322 0.893005 0.449548
0.129679 0.711046 0.538476
0.129679 -0.378074 -0.88335
0.129679 -0.784807 0.320935
0.129679 -0.450917 0.014069
0.129679 0.370466 0.0150012
0.0214287 -0.959497 0.276038
0.0597193 0.99303 0.117501
0.129679 0.237837 -0.515555
-0.120523 0.917227 0.128901
-0.145701 0.110074 0.344275
0.129679 0.516675 -0.503424
-0.118678 -0.00473284 0.649702
0.129679 -0.118526 0.600679
0.00781949 -0.879834 0.471933
-0.145701 0.014983 -0.187081
-0.120523 -0.501844 -0.360783
0.129679 0.681497 -0.397298
-0.102474 0.73764 0.67458
0.129679 0.241539 0.195195
0.0666968 -0.106012 0.837558
0.129679 -0.135322 -0.341839
0.129679 0.0359222 -0.635263
-0.113418 -0.317206 -0.947612
0.129679 -0.175746 -0.0960387
0.0547011 -0.881505 -0.0617779
0.129679 -0.307978 -0.0514176
0.129679 -0.248916 0.924815
-0.0184474 0.667949 -0.0635578
-0.145701 0.0486301 0.203045
-0.145701 0.484643 -0.248318
-0.145701 -0.48992 0.0562566
-0.145701 0.342886 -0.418148
-0.120523 0.705127 -0.530578
0.129679 0.0959925 -0.0140964
0.129679 -0.895159 -0.139586
0.129679 -0.182848 -0.34712
-0.120523 0.586228 -0.568338
-0.0182307 -0.956073 -0.288304
0.129679 0.390129 -0.819214
-0.145701 -0.345479 -0.0019329
0.00487112 0.151735 0.987449
-0.120523 0.509688 0.656329
0.0429098 -0.699019 0.712969
0.129679 0.246036 -0.455932
-0.145701 -0.293765 0.42622
0.129679 0.364893 -0.745114
-0.120523 0.902702 0.013904
0.129679 0.0733528 0.514884
-0.106676 -0.826911 0.559529
-0.120523 0.653828 -0.391744
0.129679 0.149225 0.771402
0.129679 0.548841 -0.231807
-0.120523 0.843528 0.133848
-0.120523 -0.252048 -0.791958
-0.00540067 0.964101 -0.265751
-0.120523 -0.744185 0.260615
0.129679 -0.121185 0.23588
0.129679 0.605805 -0.292843
-0.145701 -0.149692 -0.445113
-0.120523 -0.757221 -0.236426
0.084559 -0.123389 -0.768203
0.129679 0.364642 -0.185161
-0.145701 0.0685351 -0.373306
0.129679 -0.102739 -0.568667
-0.0824007 0.997962 -0.0641033
-0.0217422 0.121138 -0.743476
0.128438 -0.104578 -0.840537
0.129679 -0.194103 0.667355
0.129679 -0.425032 -0.303966
-0.120523 0.36958 -0.747132
-0.145701 0.408057 0.166638
0.129679 0.0128792 -0.117898
0.129679 0.684088 -0.286899
0.129679 0.177024 0.628104
0.129679 -0.500039 0.259322
0.00310521 0.27667 0.960073
-0.120523 0.692354 -0.689004
0.129679 0.634985 -0.105246
0.129679 -0.397279 0.365672
0.129679 0.705429 -0.693535
0.129679 0.495889 0.824595
-0.145701 0.206922 -0.192421
0.129679 -0.553658 0.786635
0.129679 0.817728 -0.166603
0.129679 0.0392031 -0.563233
0.129679 -0.292726 -0.232047
-0.145701 -0.562072 0.0533281
-0.145701 0.0243606 0.565057
0.120786 0.718747 0.110555
-0.120523 -0.619327 -0.709325
-0.120523 0.766945 0.473525
0.00838234 0.0359726 0.65467
0.0117479 0.680431 0.732162
0.129679 0.495616 -0.170298
-0.0916858 0.785552 0.618214
0.129679 0.650098 0.502278
0.129679 -0.591577 -0.387418
-0.145701 -0.425782 0.106078
0.0457319 0.739018 0.118684
0.129679 -0.470035 -0.518865
-0.112282 0.0343069 0.654191
-0.120523 0.572067 -0.393974
-0.138804 0.327724 0.471903
0.129679 -0.310772 -0.555415
-0.120523 -0.808412 0.52379
0.129679 -0.197517 0.475033
0.129679 0.880182 0.422548
-0.120523 -0.182529 0.95649
0.129679 -0.0685844 0.0240055
-0.120523 -0.271554 -0.933108
-0.0761331 0.0512356 0.997644
0.129679 0.371902 -0.58966
-0.145701 -0.399983 -0.0251252
0.0681593 -0.485705 -0.87314
-0.120523 0.340686 -0.562982
-0.145701 -0.307768 -0.0663646
-0.0806575 -0.518158 -0.854245
0.129679 -0.347681 0.857186
-0.120523 -0.383673 0.518953
0.019589 -0.12022 -0.745946
0.129679 -0.0730397 0.445138
0.120427 -0.896577 -0.0174402
-0.120523 0.594777 0.330989
0.129679 0.361174 -0.700044
0.129679 0.878653 0.374514
-0.120523 -0.556949 -0.739465
-0.145701 0.384612 -0.206256
0.129679 -0.332824 -0.830631
-0.120523 0.588188 0.417005
-0.120523 0.286346 -0.517038
0.129679 -0.80053 -0.574163
-0.120523 0.459 0.468586
-0.0337677 0.278753 -0.960105
0.0769518 -0.793972 0.605379
-0.117951 0.511775 0.858369
-0.0118011 -0.234902 -0.971365
-0.120523 0.737913 0.346773
0.129679 -0.39229 0.507803
-0.122424 0.373745 -0.4371
-0.120523 0.533422 -0.381955
0.0126794 -0.769188 -0.124558
-0.120523 -0.525782 -0.24712
0.0172124 -0.108489 -0.993562
0.0885399 0.928859 -0.370602
-0.120523 0.456606 0.794948
-0.120523 0.496283 -0.409277
-0.0344687 -0.649738 -0.758815
0.129679 0.583596 -0.678815
-0.0843773 -0.714985 -0.110027
-0.120523 0.565242 0.300653
0.0444691 0.0346839 -0.894125
-0.0808197 -0.578052 -0.814838
0.129679 0.16687 0.27538
-0.145701 -0.371432 0.284265
-0.120523 -0.250656 -0.692907
0.129679 -0.879534 -0.181513
-0.0661665 0.203332 0.978171
-0.120523 -0.650244 0.0543687
-0.145701 -0.225409 -0.454716
0.0969757 -0.794559 0.122192
0.129679 0.163342 -0.628963
0.0234609 0.958684 0.284047
0.129679 0.814256 0.385187
0.129679 -0.957832 -0.152864
-0.120523 -0.835541 -0.523873
-0.120523 -0.756741 -0.154764
0.0831956 -0.377232 0.924665
0.129679 0.257876 0.416494
-0.120523 0.665913 -0.14174
-0.120523 -0.748154 -0.428347
0.0848987 -0.998448 -0.00727799
0.0598682 -0.896407 -0.440268
-0.145701 0.23602 -0.129948
0.0495701 -0.0782951 -0.678592
0.129679 0.216234 0.0197854
0.129679 0.637277 -0.720509
-0.12433 0.471236 0.329153
-0.120523 0.410117 0.830801
-0.0413516 -0.790727 0.609613
-0.120523 0.0309014 -0.959389
0.129679 -0.640215 -0.240343
-0.0320779 -0.993334 -0.101519
0.0909126 0.998987 -0.0453088
0.129679 0.30628 -0.0716553
0.100757 0.981505 0.191045
0.129679 -0.558801 -0.25873
0.129679 0.0439291 0.119393
0.0718733 -0.946055 -0.319701
-0.145701 0.492323 0.192673
-0.120523 -0.309377 -0.637889
0.129679 -0.649496 0.310163
-0.0229232 0.999388 0.0346491
0.0475148 -0.335879 -0.941138
-0.120523 0.561458 0.554105
0.129679 0.723719 0.239596
-0.120523 -0.560674 0.692397
0.129679 -0.618316 0.390555
-0.00602588 -0.649786 0.758141
-0.120523 -0.810508 0.143488
-0.120523 0.115572 0.833662
-0.145701 -0.197932 0.433925
-0.145701 -0.1017 -0.418682
-0.000804693 -0.930439 -0.362715
-0.0714523 0.944825 -0.327763
0.129679 -0.514911 0.202228
-0.120523 0.186042 -0.698427
0.129679 0.370714 -0.231832
-0.120523 -0.300556 0.686676
0.129679 -0.348566 -0.483424
-0.120523 -0.694923 0.659008
-0.120523 -0.530419 0.561948
0.129679 -0.0919444 0.388496
0.129679 -0.368 0.331193
0.0380422 -0.186936 0.981132
-0.120523 0.596355 -0.50749
-0.120523 0.359681 -0.529038
-0.120523 -0.638084 -0.449323
0.129679 -0.421855 -0.56751
-0.145701 -0.00288387 0.259806
-0.145701 -0.325958 0.405184
-0.0708772 -0.896536 0.439372
-0.120523 -0.336695 -0.820405
0.129679 -0.820673 -0.426903
0.129679 0.201377 0.477587
0.129679 0.0700241 -0.126182
-0.0330249 0.861512 0.0889327
-0.120523 0.517507 -0.458694
-0.0869761 0.521166 -0.853343
0.0340564 -0.0570124 0.883967
-0.145701 -0.24991 0.386836
0.0211707 0.0937117 -0.691976
0.129679 -0.788124 -0.338713
-0.120523 0.891954 -0.0933704
0.129679 0.130021 -0.0809817
-0.120523 -0.173388 0.619291
0.129679 -0.410946 -0.250495
-0.145701 -0.149347 0.551236
-0.145701 -0.298791 0.341524
0.129679 0.244052 -0.936797
-0.145701 0.0814822 0.56198
-0.115134 0.881485 0.471704
-0.120523 -0.130254 -0.827498
-0.120523 -0.966093 0.0781311
-0.0150366 0.588638 0.807691
-0.0465771 0.635146 -0.772348
0.121108 0.846611 -0.101916
0.129512 -0.415105 -0.908901
0.0995774 -0.896261 0.439932
-0.120523 -0.688977 -0.459229
0.129679 0.483852 -0.768684
0.129679 -0.535419 -0.0146051
-0.120523 0.328568 0.723242
0.043471 0.225733 0.973265
-0.120523 -0.707212 -0.495172
-0.137829 -0.0331429 -0.573679
0.129679 0.30471 -0.691313
0.0358162 0.655755 0.0349067
-0.120523 0.525669 0.369342
0.0911528 -0.676064 0.0769528
0.0287669 -0.17864 -0.983315
-0.120523 0.67305 0.349317
-0.0441799 0.278606 0.959515
-0.120523 -0.276792 0.762761
-0.0687533 0.804084 -0.594581
-0.120523 -0.368609 -0.698836
-0.120523 -0.243191 0.943051
-0.120523 0.374509 0.567533
0.129679 -0.0765803 -0.983378
0.129679 -0.11617 0.197356
0.129679 0.956512 -0.271049
0.129679 -0.91916 0.37375
-0.116723 -0.054488 0.662533
0.129679 0.167774 0.559372
0.129679 -0.292172 0.909052
0.0275652 -0.500792 -0.864559
-0.145701 -0.0419371 -0.230787
-0.0937473 -0.760054 0.647471
-0.145701 0.161799 -0.484199
0.129679 0.414505 0.0092759
-0.120523 -0.0178587 0.934464
0.129679 0.139275 0.0466896
-0.122821 0.147262 -0.555684
0.100705 -0.278779 -0.959654
-0.120523 -0.628378 0.33076
0.129679 -0.509871 -0.404845
0.00418728 0.497218 0.866866
0.0494002 0.125065 -0.772715
-0.120523 0.239268 0.894858
0.129679 -0.746473 -0.624369
0.129679 0.83803 0.461104
0.129679 -0.627608 -0.727027
0.0792225 -0.139 -0.98973
-0.120523 -0.0996501 0.600038
0.129679 0.293416 0.00832975
0.107762 -0.652397 0.0279836
-0.120523 -0.65256 0.702391
-0.0662176 -0.704785 -0.707899
-0.0381614 0.993007 0.117692
0.129679 0.254063 0.477632
0.129679 0.339372 -0.352448
-0.120523 0.479344 0.409678
-0.120523 0.57457 0.785943
0.0627666 -0.975665 0.211955
0.0754144 -0.314728 0.947807
-0.120523 -0.538132 0.234198
0.129679 0.0974675 -0.637541
0.129679 -0.3026 0.0511873
0.129679 0.195032 0.429799
-0.120523 0.737087 0.189548
0.0920358 -0.563754 0.824178
-0.000208436 0.707011 0.706569
-0.00560038 -0.660897 -0.0531044
-0.120523 -0.416213 0.587451
-0.0954141 0.326024 -0.945133
0.109738 0.104374 -0.843223
0.128895 -0.369646 0.927729
0.0112849 -0.450645 0.891144
0.0787496 0.151991 0.98741
-0.120523 0.787456 -0.304697
0.109017 0.443173 0.895645
0.129679 -0.579777 0.270306
-0.120523 0.696091 0.211066
0.129679 0.257314 -0.811066
-0.0914454 -0.12304 -0.763271
-0.120523 -0.547694 0.640566
-0.145701 -0.54349 -0.0337044
0.129679 0.501674 -0.394781
-0.120523 0.379956 -0.687271
-0.120523 -0.589242 0.503826
0.0355231 0.0394083 -0.998805
-0.117751 0.632461 -0.774546
0.129679 -0.667293 0.587299
-0.0386451 0.858254 0.512698
0.0453998 0.24928 -0.968156
-0.145701 -0.0849495 -0.0176935
-0.120523 -0.494807 0.749679
-0.0226743 0.0696222 -0.87803
0.129679 0.352146 0.294467
-0.120523 -0.213127 -0.865975
0.129679 0.739255 0.411415
0.129679 0.442035 -0.568284
0.129679 0.433619 0.585581
-0.120523 -0.618219 0.277864
-0.120523 0.794043 0.432521
-0.104589 -0.625044 -0.779314
0.129679 -0.321105 0.550145
0.129679 0.875494 0.124334
-0.0768132 0.918967 -0.394494
-0.145701 0.515154 -0.0141594
0.129679 -0.485373 0.870025
0.107239 0.803219 0.595115
0.129679 0.0150936 -0.428014
-0.120523 -0.767931 0.431173
-0.120523 0.511981 -0.604411
0.00403426 0.0709544 0.876498
-0.145701 -0.0117925 -0.399586
0.129679 -0.395211 0.810065
-0.0220408 -0.122433 0.991296
0.122921 0.69511 0.718263
0.0505618 0.676149 -0.0757316
-0.145701 -0.405499 0.309394
-0.120523 0.43439 -0.643071
-0.0776783 -0.644962 0.762252
-0.145701 0.440126 -0.138713
-0.120523 0.115044 0.636475
0.129679 0.0514025 -0.922366
0.129679 0.679034 0.452757
0.129679 -0.201512 0.821117
-0.145701 -0.123048 -0.309086
-0.0828677 0.251302 0.967001
0.129679 0.460819 -0.451022
-0.120523 0.387244 0.431125
0.129679 -0.808367 -0.513349
0.126288 -0.0261584 0.998557
0.129679 0.327578 0.446684
-0.120523 -0.522452 0.456255
-0.145701 -0.0641517 0.10245
0.129679 -0.160465 -0.766192
-0.145701 0.210758 -0.358798
0.0319737 -0.26283 0.963525
0.129679 -0.578859 0.500361
-0.120523 -0.559734 0.765211
0.109147 0.929608 0.368087
0.129679 0.252383 0.33957
-0.0578508 0.94933 0.313841
-0.0461894 0.831642 0.110331
0.129679 -0.440952 -0.178048
0.129679 0.0869126 0.173517
0.129679 -0.446747 -0.236394
0.129679 -0.39319 0.283059
0.0431109 0.49916 0.865752
-0.120523 0.986911 0.014775
0.129679 -0.278685 0.845425
0.129679 0.269103 0.873609
-0.0441871 0.76502 -0.124232
0.129679 -0.173277 -0.226932
0.129679 -0.602778 0.0352103
-0.120523 0.264514 0.621637
-0.120523 0.137514 0.907763
-0.028259 0.731282 -0.682091
0.129679 -0.280305 0.763174
-0.145701 -0.0521588 -0.301335
-0.048319 -0.851189 -0.097323
0.100453 0.0360931 0.998295
-0.076326 -0.121964 0.7541
-0.145701 -0.451926 -0.123903
-0.120523 -0.942071 0.25073
-0.120523 0.334335 -0.818294
-0.120523 -0.565727 -0.454368
-0.120523 -0.605284 0.5619
0.0412434 0.419015 -0.907807
-0.120523 -0.00142368 -0.605018
-0.061432 -0.777884 0.123919
-0.0808373 0.833324 -0.110087
-0.145701 -0.434505 0.243358
0.104687 -0.959491 -0.27669
-0.120523 -0.0466085 -0.962402
0.129679 -0.512413 0.295934
0.0415656 -0.965274 -0.255744
0.129679 -0.0153435 -0.29136
0.129679 0.628828 -0.612535
0.129679 -0.138913 0.727485
0.129679 0.172897 -0.516304
-0.120523 -0.951942 0.16079
0.129679 0.345387 0.887289
-0.120523 -0.54189 -0.622226
0.129679 -0.218803 0.882811
-0.120523 0.738339 -0.298289
-0.0950408 -0.990216 0.127864
0.0632793 0.104788 0.99349
0.129679 0.849745 -0.242434
0.129679 -0.706991 0.404606
0.129679 0.459445 0.343581
0.12263 -0.0709108 -0.672956
-0.120523 0.42165 -0.573319
-0.145701 -0.114523 0.453771
-0.0810342 -0.969723 -0.238282
-0.145701 0.401878 0.0763136
-0.145701 0.0530579 -0.0730875
0.129679 0.30387 -0.246532
0.102369 -0.0208615 -0.652109
-0.0973094 -0.8657 0.083011
0.129679 0.532586 -0.176705
0.0133042 0.579348 -0.815002
-0.120523 -0.693204 -0.391651
-0.120523 -0.824639 0.449198
0.0341894 -0.318356 0.946592
-0.145701 -0.0500003 0.0422496
-0.0271205 -0.747765 -0.662266
0.129679 -0.312012 0.293986
-0.145701 0.069103 -0.0256972
-0.145701 0.0686021 -0.472925
0.129679 0.478436 0.69432
-0.120523 -0.499144 0.582035
-0.120523 0.40308 -0.821028
0.129679 -0.679083 0.352115
0.0977087 0.879795 -0.475476
-0.00198756 0.104697 0.8421
0.00593235 0.997199 0.0744467
-0.145701 -0.167901 0.208438
-0.145701 0.532539 0.151771
0.129679 -0.716727 -0.152911
0.129679 -0.0857138 -0.290678
-0.120523 0.632203 -0.0746448
-0.145701 -0.223247 -0.201757
0.129679 0.823841 0.175687
-0.145701 0.185448 -0.51699
0.129679 -0.162778 0.171838
0.129679 0.115447 -0.975593
-0.120523 0.906999 -0.349546
0.129679 -0.536671 -0.643986
0.129679 -0.363405 -0.689352
0.129679 -0.481741 0.183276
-0.145701 0.00423356 0.14667
-0.120523 -0.549566 -0.806767
0.129679 -0.538192 -0.472707
0.0940261 0.912065 -0.410198
0.0282317 -0.758797 0.648944
0.129679 -0.0259599 0.36743
-0.120523 0.444647 -0.366686
0.0881108 0.277728 0.959768
0.0553683 -0.0697895 0.996425
0.129679 -0.0192818 0.922174
0.0047947 0.341366 0.939078
0.129679 0.291147 0.127615
-0.120523 -0.216384 0.879022
0.106437 -0.0669061 -0.87881
0.0894322 -0.681231 -0.730628
-0.145701 0.509304 -0.164569
-0.145701 0.165589 0.371788
-0.120523 0.46566 -0.80968
-0.145701 -0.148144 -0.180972
0.129679 0.134002 0.216288
0.129679 0.138222 -0.946165
-0.145701 -0.220557 0.5159
-0.120523 0.654548 0.514712
-0.0724131 0.891907 -0.452352
-0.0130191 0.507819 -0.861344
0.129679 0.259032 -0.862759
0.0938957 0.0290838 0.652849
-0.120523 -0.909562 0.188907
-0.145701 0.360715 0.059158
0.125101 0.570485 -0.821225
-0.120523 0.410701 -0.529489
0.0721668 -0.837854 -0.106646
-0.145701 0.21925 0.092611
-0.120523 0.695564 -0.591533
-0.120523 -0.624199 -0.338157
-0.120523 -0.836482 -0.247916
0.129679 0.396743 0.324453
0.129679 0.729165 0.676887
-0.120523 -0.695055 0.436629
-0.145701 -0.0548899 0.46165
-0.145701 -0.301603 0.266158
0.129679 0.473283 -0.642984
0.129679 0.490586 0.464606
-0.120523 0.446152 -0.726729
0.129679 0.0367359 -0.192357
-0.120523 0.637504 0.313565
-0.145701 -0.163507 -0.307439
0.129679 0.0575768 0.908541
-0.120523 -0.198779 -0.554687
-0.120523 -0.636616 0.170904
0.020573 0.999903 -0.0142437
-0.113841 -0.80436 0.591501
0.129679 -0.23217 -0.148351
0.00310397 -0.145779 -0.988749
0.0587164 0.0760737 0.872801
-0.0338654 0.922554 -0.386031
-0.119208 0.12396 -0.757891
-0.116253 -0.442812 -0.895701
-0.120523 -0.382209 -0.770022
-0.0331604 0.972413 -0.233493
0.129679 -0.0883238 0.674046
0.129679 0.247438 0.659187
-0.120523 -0.290409 0.913032
0.129679 0.621351 0.376901
0.129679 0.0738402 0.0536626
0.129679 0.21865 -0.57259
0.129679 -0.380812 0.11336
-0.145701 -0.252201 0.303313
0.129679 -0.98179 0.170057
0.129679 -0.0146186 -0.964031
0.129679 -0.437157 -0.0673931
0.129679 -0.895195 0.222857
-0.120523 -0.0673871 0.901634
0.129679 -0.104459 0.330373
0.129679 0.593065 -0.466173
0.129679 0.393922 -0.304117
-0.0818664 0.593399 -0.804839
-0.120523 -0.523912 0.514639
0.129679 -0.23639 -0.0205423
0.129679 -0.910332 0.173473
-0.120523 0.939618 -0.082331
-0.110423 -0.870556 0.48884
0.129679 -0.832565 0.432702
0.129679 0.885728 -0.166818
0.129679 0.629852 0.546598
-0.145701 -0.444231 0.361217
0.129679 -0.372001 -0.309956
0.129679 0.595363 0.672874
0.129679 -0.670842 -0.502998
0.129679 -0.866136 -0.258493
0.129679 -0.710915 0.615683
0.129679 -0.805843 0.367938
-0.120523 -0.520002 0.307682
-0.120523 -0.833063 0.382387
0.0396351 0.553748 0.831958
0.129679 -0.0614226 0.0717975
0.129679 -0.230116 -0.27509
-0.120523 -0.904953 0.228957
0.129679 0.635512 -0.526922
-0.00828503 -0.995762 -0.0738614
0.129679 -0.65451 -0.634496
0.129679 -0.598297 -0.514614
0.129679 0.149067 0.425246
-0.120523 0.627581 0.00786162
0.129679 -0.532911 -0.0760398
0.129679 0.669894 0.125616
-0.145701 -0.00212878 -0.0423705
0.129679 -0.831688 -0.117591
-0.120523 0.255336 -0.820896
-0.145701 0.108691 -0.179705
0.129343 -0.884406 -0.463939
0.129679 -0.177513 0.901949
-0.120523 -0.206071 0.563175
0.0531146 0.293134 -0.955823
-0.120523 0.458089 -0.495781
0.129679 0.869767 -0.313288
0.0399714 0.995013 -0.10002
0.129679 0.508458 0.583471
0.129679 0.0928974 0.447326
0.100432 -0.732079 -0.679591
0.0314085 0.966634 -0.256379
0.099483 0.889034 -0.0497597
0.129679 -0.931188 -0.278366
-0.0801114 -0.0597428 -0.997719
0.129679 -0.381073 -0.383637
-0.145701 -0.373252 -0.122282
-0.120523 0.398177 0.732453
-0.099055 0.676453 -0.736466
0.129679 -0.425069 0.839872
0.129679 0.0931469 0.57922
0.129679 0.293065 0.352124
-0.12178 -0.543668 0.182679
0.129679 -0.303752 -0.291773
0.129679 -0.214169 -0.601527
-0.120523 0.641687 0.0768493
0.129679 -0.137842 0.498059
0.129679 0.243452 0.277047
0.129679 0.569844 0.231514
-0.120523 0.726322 0.521023
-0.0232514 0.755229 0.654859
-0.0515806 0.0738081 0.673303
0.116913 0.184979 -0.982425
0.0924914 -0.123527 0.771494
-0.120523 0.318408 -0.858271
-0.120523 0.272272 -0.625064
0.129679 0.3163 -0.762254
0.0687617 0.531309 -0.847072
-0.145701 -0.447593 -0.0857139
-0.120523 0.801775 -0.176499
0.0512712 -0.121578 0.795951
-0.145701 0.270023 -0.322215
0.0243659 0.714376 -0.699767
-0.120523 -0.13778 -0.601956
-0.114482 0.926544 0.37572
-0.120523 -0.541592 -0.560407
-0.0336301 -0.965461 -0.255038
0.129679 -0.537958 0.43739
0.129679 0.362422 0.0588188
0.0544511 -0.235189 -0.971295
-0.120523 0.601425 0.728765
0.129679 0.778053 0.305746
-0.120523 0.158639 -0.980636
0.0752254 -0.412138 0.90962
0.129679 -0.395898 0.883643
-0.145701 -0.254427 0.480191
-0.120523 -0.895511 -0.0850024
-0.120523 0.254123 0.722984
0.0329774 -0.65885 -0.750904
0.129679 -0.105659 0.119756
0.129679 0.296052 -0.29801
-0.0136326 -0.675877 -0.735592
-0.0501692 -0.29574 -0.954548
0.129679 -0.0698305 -0.912858
0.129679 0.119599 0.66285
0.129679 0.466317 -0.0947648
0.0956504 0.0717388 -0.672466
0.126588 0.0942908 0.994533
-0.120523 0.572866 -0.726012
0.129679 -0.304397 0.794547
0.129679 -0.785341 0.397651
0.0755048 -0.0503755 0.887203
0.0267203 0.92419 -0.382097
-0.120523 -0.64933 -0.388989
0.053022 -0.727342 0.115132
-0.120523 -0.642513 -0.642392
-0.145701 -0.28854 0.203257
-0.120523 -0.896127 0.322877
0.129679 -0.239981 0.761105
-0.0891431 0.967053 -0.254795
-0.120523 -0.579379 0.623324
0.129679 0.51886 0.194477
-0.0315439 -0.797719 -0.601064
0.129679 0.502663 -0.107244
-0.145701 -0.152862 0.324314
-0.120523 0.703846 -0.457004
0.129679 0.182956 -0.705167
0.129679 0.161205 0.805398
-0.145701 -0.315457 0.227385
-0.120523 -0.15629 -0.965367
0.129679 0.529582 -0.774679
-0.145701 -0.228381 -0.359181
-0.120523 -0.709014 0.374909
-0.120523 -0.463208 0.641192
0.000543373 -0.38093 -0.923779
0.129679 -0.0235777 0.418052
-0.0240815 0.11534 -0.822762
-0.120523 -0.657618 -0.712542
-0.120523 -0.768995 0.33456
-0.145701 -0.459619 0.135547
-0.0772732 -0.821229 -0.568472
-0.120523 0.641834 -0.568962
-0.0178878 -0.876513 0.0691924
-0.145701 0.098244 0.261027
-0.0986028 -0.742487 0.120081
0.0293275 -0.888584 0.0465625
0.129679 -0.587742 0.582737
0.129679 -0.46461 -0.478072
0.129679 0.607353 -0.0545824
-0.120523 0.861101 -0.38961
-0.120523 -0.575175 -0.360034
0.129679 0.296732 0.474709
-0.120523 0.157623 -0.607825
0.129679 0.92655 0.165018
-0.120523 0.738673 -0.249759
0.129679 -0.195802 -0.292281
0.129679 -0.323113 0.0862466
-0.145701 0.205777 -0.442222
-0.120523 0.289134 -0.779935
0.129679 -0.736587 -0.303624
0.129679 -0.332719 -0.793442
-0.120523 0.692229 0.60054
-0.120523 -0.619342 0.778586
0.129679 0.0663571 0.228713
-0.035961 0.981269 0.192253
-0.120523 -0.767275 0.520562
-0.145701 0.494305 0.0155689
-0.120523 -0.0463521 0.583959
0.00521592 -0.0835227 0.682517
-0.039343 -0.948907 0.310486
0.129679 -0.902628 -0.210934
0.129679 -0.436235 0.458807
0.129679 -0.596361 -0.77818
-0.120523 -0.834012 0.225883
-0.120523 -0.763704 0.466724
-0.145701 -0.0494523 0.1874
0.129679 0.0336348 0.302805
0.129679 -0.186105 -0.669544
0.129679 0.635797 0.158413
0.129679 0.0705317 0.09322
-0.145701 -0.477862 -0.0642613
0.129679 -0.150605 0.0562297
0.129679 -0.227198 -0.679107
-0.145701 -0.162956 -0.377998
0.00409404 -0.545052 0.836676
0.0918415 -0.0803906 0.995618
0.129679 0.65754 0.574778
-0.120523 -0.250831 0.609223
-0.145701 -0.506605 -0.125634
0.129679 0.801131 0.137136
0.129679 0.110957 0.110456
0.129679 0.4844 -0.599209
-0.145701 0.231481 0.127778
0.129679 -0.00912527 0.27696
-0.145701 0.448798 -0.200191
0.129679 -0.162098 0.348154
-0.120523 -0.91206 -0.13899
-0.0846736 -0.097474 0.850074
0.0134639 -0.0235068 0.895817
0.129679 0.205863 0.812517
0.0432138 0.781802 0.622943
0.0192416 -0.956632 -0.28644
-0.145701 0.428938 0.303179
0.129679 0.863507 -0.497881
0.129679 0.604855 -0.188474
-0.145701 -0.405682 -0.162264
0.129679 -0.0511202 0.238945
0.129679 -0.179021 -0.407806
0.129679 0.162213 0.18799
-0.120523 0.200992 0.638428
0.129679 0.204671 -0.260408
-0.12271 -0.564991 -0.0993879
0.0452707 -0.936506 -0.346725
0.129679 0.345232 -0.0477694
-0.120523 0.316144 -0.692466
-0.120523 -0.474032 0.680552
0.129679 -0.501332 -0.214767
0.129679 -0.589693 -0.0206458
-0.120523 -0.964759 0.00370254
-0.03159 0.994967 -0.100481
-0.120523 -0.146379 -0.891785
-0.120523 -0.0125174 0.974516
-0.120523 0.618364 -0.116449
-0.0231825 -0.309392 0.949565
0.129679 -0.761703 -0.507152
-0.120523 -0.690615 0.302194
-0.120523 -0.742894 0.183296
-0.143508 0.182409 0.544568
0.129679 0.132242 -0.335994
-0.145701 -0.108632 0.155019
-0.119961 -0.0296898 -0.999088
0.129679 0.34164 -0.428802
0.129679 0.830726 -0.274382
0.129679 0.835092 -0.52952
-0.120523 -0.464741 0.467785
-0.145701 0.0125048 0.209401
-0.120523 0.215814 -0.576467
-0.145701 -0.266341 -0.442326
-0.0137695 -0.899105 -0.434722
0.129679 0.434052 -0.645961
0.129679 0.78436 0.361718
-0.145701 -0.385857 0.118184
0.129679 0.0529824 -0.969802
-0.0478263 -0.0592653 -0.665668
0.129679 0.164826 0.152663
-0.145701 0.0385851 0.124199
-0.0394735 -0.328483 -0.943751
-0.145701 0.572072 0.0184821
-0.120523 0.319777 -0.640178
-0.0842363 0.457638 0.888356
-0.0619219 0.723528 0.112853
0.129679 -0.499015 0.66605
0.129679 0.0932212 0.341255
-0.120523 0.67333 0.710344
-0.120523 -0.912979 -0.0181683
0.129679 0.0695432 -0.421538
-0.120523 -0.324667 0.756554
0.129679 0.327222 -0.859609
-0.102678 0.995676 -0.0931746
0.0556594 -0.966905 0.248862
0.129679 -0.695936 0.474061
0.129679 0.291107 0.403997
0.129679 -0.0843479 -0.42231
0.0800898 0.655684 0.75437
-0.120523 -0.822042 -0.416796
0.129679 0.442965 0.400176
-0.084025 -0.668039 0.0655855
0.0362026 -0.00629992 0.998894
0.0707452 0.898614 0.0126216
0.129679 -0.801599 -0.228481
0.10868 -0.685322 -0.0879983
0.129679 -0.201026 0.189648
0.0724902 0.106366 0.708303
-0.117562 0.29947 -0.953861
0.129679 -0.494871 0.744109
0.0404017 0.0148596 0.897407
0.129679 -0.405964 0.181492
-0.145701 0.119821 -0.49923
-0.120523 -0.0205361 -0.93065
-0.145701 -0.206003 0.0792292
0.129679 -0.739497 0.239824
-0.145701 0.362344 -0.377867
0.046482 0.62667 -0.779235
0.129679 0.805143 0.535638
0.129679 0.84417 -0.142015
-0.120523 0.247328 0.553815
-0.120523 -0.772762 0.394286
0.129679 -0.869119 0.31258
0.129679 0.13766 0.484692
-0.120523 -0.295463 0.651893
-0.00898331 0.446841 0.893824
0.129679 -0.351732 -0.353147
0.129679 -0.255071 -0.824954
-0.120523 -0.622204 0.221235
0.129679 -0.472973 0.599166
-0.120523 -0.277108 0.583681
-0.120523 -0.867373 0.250245
0.129679 0.693853 0.210343
0.129679 0.0458298 0.582271
0.0932009 -0.733708 0.117475
-0.079135 -0.0747073 -0.675745
0.129679 -0.650176 0.709484
-0.120523 -0.322466 -0.721466
0.129679 0.573379 -0.512698
-0.0424723 0.888819 0.457757
-0.120523 0.73548 -0.166284
-0.145701 -0.0645648 -0.350137
-0.120523 -0.620951 -0.111946
0.100894 0.0494851 -0.888897
0.0878632 -0.996746 0.058386
-0.145701 -0.296759 -0.489444
0.0175221 0.121868 0.745824
0.129679 -0.229118 0.032041
-0.0931638 0.750634 -0.660747
0.125917 -0.121076 0.798573
0.129679 -0.267893 0.499136
0.129679 -0.553481 -0.582089
-0.145701 -0.359603 -0.445005
-0.120523 0.102721 -0.950515
0.129679 -0.651624 -0.0294231
0.129679 0.111656 -0.908284
0.129679 -0.236394 -0.90256
-0.120523 0.381192 0.773643
-0.120523 -0.744002 -0.625276
-0.145701 0.309375 0.305891
-0.120523 0.576327 0.633798
0.0963426 -0.833491 0.108536
0.0411119 0.906738 -0.421843
0.129679 0.400691 0.106374
-0.120523 -0.538109 0.810366
-0.0032643 -0.0631115 0.996876
0.0549651 0.936571 0.350024
0.0540379 0.883322 0.0606336
-0.120523 0.184261 -0.843486
0.00468977 0.986234 -0.165611
0.129679 0.594537 0.12104
0.0424192 -0.99681 0.0572895
0.129679 0.328581 0.939687
0.129679 0.203658 -0.197681
-0.120523 -0.254173 -0.964847
-0.120523 0.604421 0.610725
-0.145701 0.298799 -0.12082
0.129679 -0.707548 -0.594475
-0.120523 -0.329107 0.582759
0.0497965 0.392917 0.918753
-0.0189412 -0.717032 0.11046
-0.120523 -0.345048 -0.644146
-0.145701 0.111639 0.139227
-0.120523 -0.797714 -0.126764
-0.120523 0.266405 -0.68634
-0.0494849 -0.842559 -0.536301
0.129679 0.0585537 -0.498921
-0.120523 -0.345849 0.517715
-0.0971035 -0.715513 0.696404
0.0906563 -0.0173111 0.896888
0.0121285 0.645026 0.763489
0.129679 -0.076381 -0.355752
-0.120523 0.769813 -0.605329
-0.120523 0.33436 0.510098
-0.0551916 0.714568 -0.699571
0.103692 0.384097 0.922466
0.129679 -0.533288 -0.514397
0.00775482 0.794513 0.606671
-0.120523 0.530106 0.230888
0.0806585 -0.454349 -0.889892
0.119469 0.894344 -0.447517
0.129679 0.838634 -0.379198
-0.145701 0.247517 0.03154
-0.120523 -0.657118 -0.0953265
-0.120523 -0.78481 -0.197608
-0.145701 -0.373948 0.378793
-0.0824572 -0.936602 -0.346464
-0.120518 0.0798617 -0.870432
-0.0538792 -0.804229 -0.12076
-0.120523 0.401929 0.495064
-0.145701 0.17904 0.0403213
-0.145701 0.0687561 -0.213236
-0.120523 0.260817 0.825171
0.129679 0.575177 0.495742
0.00380424 0.975556 0.21935
-0.0399358 -0.00761428 0.897926
-0.0031567 -0.0136346 0.650417
0.100631 0.876587 0.0713015
0.129679 0.131407 -0.262717
-0.120523 -0.102748 0.866833
0.129679 0.636682 0.695037
-0.145701 0.0610682 0.0619625
0.129679 -0.454805 0.244215
0.129679 0.406149 -0.750949
0.129679 0.569596 -0.0696784
0.129679 0.350534 0.563811
0.0765955 -0.996621 -0.0611122
-0.00421895 0.0471669 0.997841
0.129679 0.308836 0.517121
0.129679 0.202466 -0.327223
-0.0882879 0.905576 -0.424331
0.129679 0.235502 0.591502
-0.0857306 -0.587345 0.80752
-0.120523 0.644306 -0.672501
-0.145701 0.142886 -0.302338
0.129679 0.551408 0.622317
-0.145701 -0.317359 -0.137411
0.0363284 0.0343201 0.998356
-0.145701 0.453262 -0.0495557
0.129679 -0.346866 0.149822
0.0475705 -0.731243 0.679859
0.006942 -0.602306 0.796414
-0.0959466 -0.403852 0.913335
-0.120523 -0.446607 -0.753505
0.129679 -0.485325 0.442365
0.129679 0.19916 0.255104
-0.120523 -0.423041 0.700924
0.129679 -0.0603537 0.918348
0.107413 -0.013027 -0.898075
-0.145701 -0.366481 -0.192598
0.129679 0.0382259 0.385817
0.104369 0.060784 0.665029
0.129679 -0.595756 -0.591181
-0.145701 -0.43371 0.0658706
0.129679 -0.326572 0.45765
-0.103314 -0.970232 0.235561
0.00657671 0.0917154 0.689148
0.0753028 0.986926 -0.161431
0.0671896 0.97927 -0.202798
0.129679 -0.810498 0.554462
0.129679 0.356625 -0.293367
0.129679 -0.531834 0.0942012
0.129679 -0.223209 0.702296
-0.120523 0.277825 0.945933
0.129679 -0.267808 0.224671
0.129679 0.543335 0.353163
0.127119 -0.873513 0.0734456
0.129679 -0.337618 0.189634
-0.145701 -0.344964 -0.0674389
0.129679 -0.39419 -0.836075
-0.0450967 -0.0879173 -0.861647
-0.120523 -0.217231 -0.626418
0.129679 -0.549187 0.354267
-0.120523 -0.71394 -0.359165
0.129679 -0.582482 -0.0836483
0.129679 -0.923603 -0.087476
0.129679 -0.458906 0.84638
0.129679 -0.124579 0.954918
-0.120523 0.277669 -0.901958
0.129679 -0.0286264 -0.174675
-0.03262 -0.877897 0.475527
0.129679 0.407844 -0.239531
0.129679 -0.439287 0.0764775
0.104023 0.674048 0.0722625
-0.145701 -0.335602 -0.253065
0.129679 0.407256 -0.599194
-0.120523 0.71452 0.655675
-0.0809399 -0.442952 -0.895631
-0.066487 -0.528679 0.847128
-0.0777094 -0.771157 -0.634832
-0.120523 -0.953929 -0.135357
0.121605 0.472454 -0.881215
-0.0544558 -0.703973 0.102772
-0.120523 -0.732019 -0.556959
0.126427 -0.250378 -0.967477
0.129679 -0.277741 0.687917
-0.145701 -0.274709 -0.0448609
0.129679 -0.243187 -0.643888
0.129679 0.0274679 0.168372
0.129679 0.319725 -0.185384
0.129679 -0.612736 0.759026
-0.145701 0.0299593 -0.156175
0.129679 -0.500253 -0.0866555
0.129679 0.375123 0.262535
-0.0758873 -0.952674 0.298731
0.129679 0.487176 0.223755
0.129679 0.339608 -4.71057e-05
0.129679 -0.345481 -0.284533
-0.120523 0.499482 -0.715035
0.129679 -0.288908 -0.52006
0.129679 0.843144 0.534373
0.102918 -0.00535695 -0.999534
-0.0722469 -0.894765 0.0268138
-0.145701 -0.364542 0.0909666
-0.0883875 0.725372 -0.688368
0.129679 0.180504 0.698221
0.129679 0.0677802 -0.253444
-0.120523 -0.27043 0.873412
-0.145701 -0.169401 -0.501315
-0.120523 0.751617 0.600688
-0.120523 -0.491547 0.384027
0.129679 0.928592 0.00318623
-0.120523 0.487962 -0.530831
0.129679 -0.490719 -0.0194784
-0.145701 0.0892592 0.377543
0.129679 0.54983 -0.706821
-0.120523 0.517624 -0.306859
0.129679 -0.672627 0.230766
0.129679 0.1326 0.915332
0.129679 -0.583885 0.662802
0.129679 0.22325 0.156008
0.129679 0.702088 -0.235441
0.0988244 -0.97697 -0.206493
-0.145701 -0.25201 -0.514083
-0.0311556 -0.520452 -0.852846
0.129679 0.573725 0.426693
-0.145701 -0.11481 0.25738
-0.120523 -0.962518 -0.0755185
0.129679 -0.396548 -0.488993
-0.120523 -0.404894 0.65567
-0.120523 -0.496783 -0.430255
0.0196738 -0.317137 -0.947635
0.100149 0.479987 0.876506
0.129679 0.297707 0.236603
-0.120523 -0.600192 0.397178
0.00423494 0.944428 -0.328906
0.129679 -0.482219 0.335776
-0.0788117 0.620452 -0.784191
-0.040934 -0.649149 0.00169535
-0.120523 0.540941 0.694077
-0.120523 -0.268706 0.548175
0.129679 -0.687265 0.438025
-0.120523 0.0446482 0.979412
0.123144 -0.777596 -0.124562
0.129679 -0.23897 -0.540693
-0.120523 -0.404706 0.826324
0.129679 -0.1 -0.244684
-0.120523 0.813761 -0.343121
-0.0319235 -0.716756 0.695124
-0.099369 -6.57824e-05 0.898206
-0.120523 0.303734 0.679642
-0.120523 0.800074 0.549094
0.0673546 0.00415335 -0.65026
0.125912 0.990762 0.135244
-0.145701 -0.0624341 0.404722
0.129679 -0.385876 -0.620689
0.129679 0.330676 0.184348
0.129679 -0.428355 -0.534074
-0.120523 -0.804202 0.277836
0.129679 -0.167441 -0.149527
0.129679 -0.533904 -0.333971
0.0982152 -0.00121685 0.998917
0.129679 -0.585292 0.377848
-0.120523 -0.124104 0.652481
-0.120523 -0.209931 0.596981
0.129679 0.169469 0.000224275
-0.120523 -0.151694 0.825725
-0.122554 0.573596 -0.0422328
0.129679 0.539964 -0.633474
-0.145701 0.279075 -0.18785
-0.120523 -0.717557 -0.178568
0.129679 0.0805646 -0.0907152
-0.145701 -0.184593 -0.348496
0.0708119 -0.00106363 0.649594
0.129679 -0.79024 0.48901
0.129679 0.17654 -0.300603
0.129679 -0.174011 0.939769
-0.084911 -0.122862 0.786955
0.129679 0.139015 -0.123685
-0.120523 0.138949 0.696629
0.0797096 -0.393683 -0.918404
-0.145701 -0.279496 -0.264575
0.129679 -0.364155 -0.851894
-0.00749257 -0.100382 0.846169
-0.120523 -0.582915 -0.16408
0.129679 0.00189191 -0.648311
-0.120523 -0.576934 0.171775
-0.0663059 -0.410054 -0.911196
-0.145701 0.409956 -0.349449
-0.120523 0.412463 -0.760145
-0.145701 -0.492863 -0.244287
-0.120523 -0.505484 0.711215
0.0909184 -0.665033 -0.0611481
-0.014409 0.30829 -0.951053
-0.145701 -0.496597 0.104627
-0.120523 0.157037 -0.786407
-0.120523 0.901917 -0.02334
-0.120523 0.602586 -0.232191
-0.145701 -0.404386 0.0429672
0.129679 -0.358394 0.825055
0.129679 0.986707 0.0737276
-0.120523 -0.578254 0.280886
-0.122356 -0.508975 0.264371
-0.033591 0.687241 -0.0883888
0.129679 -0.529518 -0.811969
0.129679 0.70022 -0.591115
-0.0775175 -0.657006 -0.0438534
-0.120523 -0.0083526 0.59804
-0.120523 -0.537459 -0.208366
-0.120523 -0.684435 -0.671423
-0.120523 0.529821 0.629101
0.129679 -0.546885 -0.147518
-0.145701 0.134954 -0.00411744
0.129679 0.178668 0.873298
0.129679 -0.173563 0.442387
0.129679 0.430513 0.746117
-0.145701 0.522549 0.0625635
-0.120523 0.785807 -0.245843
-0.120523 0.960192 -0.133964
-0.145701 -0.516586 -0.00976748
-0.120523 -0.478407 0.512079
-0.120523 0.739476 0.383453
-0.145701 0.22753 0.40833
-0.0963694 -0.955501 -0.290196
0.123723 0.357272 -0.933791
-0.120523 -0.566558 -0.772969
0.129679 -0.509263 -0.756828
-0.113057 0.568943 -0.822293
0.0118319 0.124913 0.7803
0.129679 -0.62629 0.618832
0.129679 0.258942 -0.179338
-0.145701 -0.126073 0.485501
0.0459228 0.67954 0.0793465
0.0229083 0.489485 -0.871881
-0.0141411 -0.972394 -0.227111
-0.0831476 -0.994952 -0.0841128
0.129679 0.422628 -0.181616
0.129679 -0.45237 -0.783268
-0.120523 0.874655 0.288609
-0.0909027 -0.0574382 -0.884376
0.129679 -0.29094 -0.869509
0.129679 -0.232249 0.171903
-0.120523 0.77545 0.320155
-0.120523 0.741649 0.259356
0.0467424 -0.770513 -0.635615
-0.120523 -0.828362 -0.336409
0.129679 -0.0881677 -0.498331
0.129679 0.300724 -0.922857
0.129679 -0.417995 -0.36288
0.129679 0.35128 0.365784
0.0966776 -0.711642 -0.108178
0.129679 0.881526 -0.381635
-0.120523 0.708239 -0.192448
0.129679 0.68153 -0.328034
-0.0375387 0.832213 -0.11067
-0.0691455 -0.362423 0.93058
-0.120523 -0.939779 0.0476594
0.110368 -0.137559 0.989299
-0.0487037 0.0297598 -0.895413
0.0153319 -0.489048 0.870635
-0.120523 -0.339949 -0.467243
-0.145701 0.370993 -0.106571
-0.145701 -0.252307 -0.116779
0.129679 -0.337417 0.40376
-0.145701 -0.162698 0.513301
0.129679 -0.613769 0.518432
0.0915046 -0.794328 -0.605545
-0.120523 -0.732792 0.33833
-0.145701 0.0898113 -0.102314
0.129679 -0.524969 0.812149
0.0644344 -0.506328 0.860689
0.129679 -0.967312 -0.105348
0.115482 0.965926 0.258403
-0.0283954 0.213819 0.975941
-0.145701 0.336339 0.0902627
0.00726505 -0.823781 -0.113986
0.073213 -0.19724 0.979105
-0.145701 -0.0210156 -0.158643
0.00795464 -0.99846 -0.00527006
0.129679 -0.840752 0.364529
0.0929251 -0.514912 -0.856208
-0.00338529 -0.815517 -0.576648
0.129679 -0.314039 0.0182881
0.129679 -0.742241 -0.41245
-0.120523 0.0858377 0.963947
-0.145701 -0.208197 0.329538
-0.0598074 0.999573 -0.0295399
-0.120523 0.449969 0.427246
0.129679 0.319347 0.852877
0.129679 -0.70086 -0.474787
0.129679 -0.788823 -0.274493
-0.120523 0.186566 0.815575
-0.120523 0.576146 0.0816209
-0.120523 -0.589485 0.0923903
-0.120523 0.922812 0.262554
-0.118217 -0.916542 0.395943
-0.145701 -0.238506 -0.31337
-0.120523 -0.265758 0.805398
-0.145701 -0.475297 0.311278
0.0128019 -0.887512 -0.457961
0.129679 -0.584559 -0.421333
0.0406591 -0.998453 0.00585168
0.129679 -0.19206 0.596894
0.0391608 -0.947149 0.315806
0.129679 -0.112357 0.0214972
-0.130583 -0.559354 0.126813
0.0224381 0.755285 0.654794
0.129679 0.0944985 -0.310527
0.129679 -0.0715783 0.538504
-0.120523 -0.624483 -0.411256
0.0935433 0.082643 -0.868069
0.129679 -0.30038 -0.115508
-0.120523 0.584713 -0.765977
0.129679 0.915861 -0.126162
-0.120523 0.625356 0.202613
0.129679 -0.220621 0.510212
-0.120523 0.0559198 -0.635818
-0.00623988 0.686884 0.0873992
-0.120523 0.547155 -0.208755
0.114673 0.00575781 0.898109
0.0495171 -0.138873 0.989115
-0.120523 0.606627 0.446321
-0.120523 0.0437013 -0.92489
-0.145701 -0.474102 -0.178721
0.129679 0.425577 -0.702803
0.129679 0.460638 0.160779
-0.120523 -0.205158 -0.671558
0.129679 0.106336 0.027132
0.129679 -0.581393 0.0998815
0.129679 -0.867045 0.388753
0.129679 -0.107435 0.523019
-0.120523 -0.951784 -0.198975
-0.0107151 -0.997386 0.046267
0.129679 -0.66243 -0.538812
-0.102266 0.737617 0.118252
0.115244 0.121525 -0.745018
-0.0023229 -0.448304 -0.892959
0.0321403 -0.982033 -0.180824
-0.100827 0.124723 0.764498
0.129679 0.314977 -0.814557
0.129679 -0.0503557 -0.0579448
-0.120523 0.659161 0.427903
0.129679 0.657467 -0.63537
-0.120523 -0.333391 0.468692
0.129679 -0.125631 -0.0968231
0.129679 -0.818617 0.26555
-0.120523 0.580261 0.138772
0.129679 -0.0720415 0.635346
-0.145701 -0.0276173 -0.119032
-0.0570302 -0.659088 0.048428
-0.0559931 0.43003 0.902015
-0.0530982 -0.465234 -0.884239
-0.0946854 0.997089 0.0759011
-0.139298 -0.283583 0.498723
0.129679 -0.234413 0.250433
-0.0420402 0.538555 -0.842489
-0.140203 -0.157949 -0.552317
-0.120523 -0.184411 -0.608044
-0.120523 0.206168 0.892525
-0.120523 -0.0668255 -0.589595
0.129679 -0.126947 -0.913277
-0.120523 0.199259 -0.916205
0.129679 0.113493 0.31483
-0.120523 -0.419542 -0.531673
0.129679 0.447717 0.462733
-0.0151204 -0.759788 0.647783
0.113124 -0.702155 0.101524
0.0383469 -0.895137 -0.0257277
0.129679 -0.910475 -0.396823
-0.116133 -0.74249 -0.120715
0.129679 -0.113684 0.456603
-0.120523 0.551331 -0.451186
0.129679 -0.841979 -0.400356
-0.145701 -0.451518 0.171191
-0.145701 0.451951 -0.305452
-0.0114814 0.997697 -0.0681217
0.129679 -0.279231 -0.588733
0.129679 0.465954 0.52896
0.129679 -0.151681 -0.471458
0.129679 0.387541 0.77389
-0.120523 0.415315 0.66745
0.129679 0.293429 0.17074
-0.120523 0.966307 0.0840781
-0.120523 -0.743295 0.546625
-0.142043 0.173106 -0.548215
0.129679 -0.250491 0.0917852
-0.140419 0.276572 0.503493
0.129679 -0.228242 0.604558
-0.120523 0.613682 0.513927
0.129679 0.970809 0.216498
0.0845325 -0.634797 -0.771378
-0.145701 -0.356476 0.219049
0.129679 0.253936 -0.105788
0.129679 0.631496 0.622861
0.129679 -0.497648 0.499601
-0.120523 -0.257393 -0.84323
0.129679 -0.593293 0.453848
0.129679 -0.555567 -0.371049
0.129679 -0.217048 -0.740112
-0.0880799 -0.781048 0.621971
-0.120523 -0.85224 -0.307857
-0.120523 -0.418557 0.795526
0.129679 0.850287 0.391826
-0.145701 -0.107266 -0.551904
-0.145701 0.0538622 0.306782
0.0947724 -0.0961449 0.851758
0.0489875 -0.912189 -0.406505
0.129679 0.719331 0.612528
0.0833522 -0.92676 0.371398
-0.145701 -0.255715 0.212938
0.129679 0.242015 0.938122
-0.0614956 0.124026 -0.790668
0.129679 0.950946 -0.303521
0.103408 -0.655707 -0.753655
0.129679 0.189215 -0.738068
0.129679 -0.403199 0.59383
-0.145701 0.234645 -0.1694
-0.120523 -0.841492 0.420918
0.129679 -0.0666039 -0.118999
0.09724 0.916825 0.398813
0.129679 0.78574 -0.158881
-0.145701 -0.169837 0.275398
-0.101025 0.870956 0.0786885
0.0116006 0.0332968 -0.89451
0.129679 0.503841 -0.533714
-0.120523 -0.588664 0.349039
-0.00740863 -0.702377 -0.102312
-0.0334834 0.70628 0.707299
0.129679 0.541975 -0.805506
0.129679 0.392045 -0.422351
-0.024703 0.000846561 0.998919
0.129679 -0.408699 -0.690208
0.0893561 -0.310068 -0.949978
-0.120523 0.198806 0.954283
0.129679 0.656194 0.262767
-0.145701 -0.177537 0.14204
-0.0422932 0.896996 0.0234534
-0.120523 -0.402168 -0.881067
-0.145701 0.110425 0.202018
0.129679 -0.557403 -0.544855
0.126112 -0.993966 0.0944722
0.129679 0.00323514 0.0671696
0.129679 -0.140708 0.430559
-0.120523 0.772358 0.226787
0.129679 -0.921346 -0.0368706
0.129679 0.0347003 0.966536
-0.0886147 -0.722527 -0.689754
0.0409118 -0.0772707 -0.871299
-0.120523 0.15852 0.971216
0.129679 -0.21408 0.955431
0.129679 -0.18323 -0.836653
0.129679 0.587001 -0.223326
0.0255351 0.829682 -0.55832
-0.0134988 0.987703 0.155963
0.129679 0.124179 0.750259
-0.0583947 0.798746 0.121704
0.129679 -0.223313 -0.213031
0.0650663 0.971071 0.238383
-0.120523 0.537201 0.57612
-0.120523 -0.391278 -0.722471
0.129679 0.414152 0.712568
-0.120523 0.474734 -0.841481
0.0139409 0.87758 0.478919
-0.0817285 0.982152 -0.188333
-0.145701 -0.214004 0.0299967
0.126762 -0.967602 0.246139
0.107959 0.121503 -0.804129
-0.120523 0.70737 0.292517
0.129679 0.74615 0.64348
-0.120523 0.790339 0.163633
0.129679 0.21711 -0.800884
-0.120523 0.864847 0.404828
-0.0518895 0.123643 0.755056
0.129679 -0.251914 0.293859
0.129679 0.471168 -0.224589
-0.120523 -0.635946 0.450881
0.114646 -0.696245 -0.716313
-0.145701 0.430588 0.227549
0.0920236 0.590622 0.806244
0.129679 -0.446515 0.497211
0.129679 0.541686 -0.441951
-0.120523 -0.103378 -0.645046
-0.120523 -0.461437 0.349641
-0.120523 0.663762 -0.232477
-0.145701 0.370422 0.202014
0.129679 -0.715654 0.145001
0.0817186 0.615956 -0.787724
-0.145701 -0.114495 -0.24556
-0.120523 -0.893251 -0.168766
0.129679 -0.49458 -0.563061
0.0345864 0.925053 0.37937
-0.120523 0.242147 -0.748307
-0.120523 0.597446 -0.168008
-0.120523 0.238039 0.602227
-0.100803 0.819585 -0.573034
-0.145701 -0.0358856 0.535153
-0.145701 0.37241 0.329586
0.129679 0.284619 0.587038
0.129679 0.23688 -0.265175
-0.145701 0.564997 -0.0634549
0.129679 0.017576 -0.363031
0.0692374 -0.270812 -0.96194
-0.120523 -0.546958 0.428822
0.129679 -0.282704 -0.39494
0.021895 -0.842785 -0.535945
0.129679 0.699861 -0.129516
0.0824214 0.538276 0.842034
0.129679 0.170491 -0.227929
0.129679 0.186271 -0.569444
0.129679 0.503806 0.507702
-0.145701 0.15918 0.194964
-0.0467012 -0.123229 -0.765594
0.129679 0.190902 -0.166456
0.117869 -0.938826 -0.340381
0.129679 -0.384164 -0.785608
-0.145701 -0.397235 -0.2827
0.129679 -0.450089 0.548497
-0.120523 -0.585066 0.717176
0.129679 -0.0349899 0.314186
0.129679 -0.00917907 -0.579383
0.129679 0.582291 0.586247
-0.145701 0.270164 0.354254
0.129679 0.830623 -0.439074
-0.120922 -0.380038 -0.430298
-0.120523 0.77964 -0.383002
0.0732678 0.757853 0.122813
-0.145701 -0.279701 0.0998751
0.129679 -0.686569 -0.428508
0.129679 -0.17584 0.125895
-0.0470952 -0.00795405 -0.898536
-0.120523 -0.436071 0.871961
0.129679 0.0562687 0.153422
-0.145701 0.389537 0.121171
-0.120523 -0.926819 -0.0562335
0.129679 0.0332003 -0.143177
0.129679 0.358889 0.503134
0.0539694 0.962687 0.270195
0.000510536 -0.0199306 0.998705
0.129679 -0.058697 0.177947
0.129679 -0.184531 -0.962402
0.129679 0.112432 -0.71102
-0.103329 -0.106833 0.71163
-0.120523 0.47648 0.683994
0.129679 0.933837 -0.338624
0.129679 -0.0311955 -0.479964
-0.104062 -0.114229 -0.727297
0.129679 -0.0621934 -0.232671
-0.120523 -0.772192 0.197257
0.0940316 -0.991403 -0.118967
-0.120523 0.169388 0.85553
-0.120523 -0.768941 -0.326406
-0.120523 0.56543 -0.324088
-0.120523 0.0908992 0.901345
0.129679 0.0128456 0.0992863
-0.0879898 0.831946 0.554308
0.100462 0.775168 -0.124631
-0.120523 0.651415 -0.171604
0.129679 -0.485157 -0.285147
-0.120523 -0.553365 -0.311366
0.129679 0.449369 0.616023
0.129679 0.27054 0.210229
-0.145701 0.388142 -0.0423568
-0.0973904 -0.0288029 0.653147
0.129679 0.322356 0.412204
0.129679 0.786222 0.476681
-0.120523 0.453816 0.593055
-0.0776443 0.848166 -0.529828
-0.120523 0.496593 -0.337762
0.129679 -0.691007 0.276502
0.111467 -0.512669 0.856922
0.0606574 -0.815111 -0.577223
0.129679 0.547801 0.688583
0.129679 0.433783 0.650604
-0.0944199 -0.499409 0.864726
0.129679 -0.0479952 -0.545911
0.0137832 0.109101 -0.835496
-0.0316083 -0.182422 0.981984
-0.120523 0.510688 0.420472
0.129679 -0.966085 0.046549
-0.145701 0.251852 -0.0178667
0.0882221 -0.961042 0.270611
-0.145701 0.12036 -0.535771
-0.0389075 0.124501 0.785862
0.129679 -0.46904 -0.0594976
0.129679 0.604219 -0.123737
0.129679 -0.569769 -0.711359
-0.120523 -0.405001 -0.64442
0.121215 0.654832 -0.755742
-0.145701 0.0965107 0.483255
0.129679 0.833733 -0.343536
-0.00917169 0.887253 0.0530475
0.129679 0.246609 0.527586
0.0940889 -0.986952 0.150974
-0.145701 0.464291 0.251785
0.129679 0.104015 0.204609
-0.145701 0.350747 0.126562
-0.145701 -0.285532 -0.201061
-0.0279498 -0.983968 0.169319
0.0891713 0.768988 0.63867
-0.120523 -0.612194 -0.468931
0.129679 0.386747 0.607774
-0.120523 -0.427292 -0.78021
0.0326211 -0.805924 -0.59
0.0537805 -0.874775 0.071702
0.129679 -0.851253 -0.369185
0.129679 -0.268916 -0.00796815
0.129679 -0.757493 0.450643
-0.120523 0.822288 -0.506653
-0.120523 0.521938 -0.775328
0.00110637 0.910699 0.412589
-0.145701 0.295843 -0.246991
-0.145701 0.335706 -0.081666
0.129679 0.213196 0.632851
-0.145701 -0.339386 0.156379
-0.120523 0.355809 0.915128
0.129679 -0.744928 0.662914
0.129679 -0.0863207 0.868302
0.0602223 0.124345 0.78738
0.00994225 -0.374354 0.925836
-0.126278 -0.504231 -0.273949
0.129679 0.319744 0.113052
0.0171811 -0.859953 0.507265
0.129679 0.220753 0.768085
-0.120523 -0.970747 -0.16696
0.129679 -0.161087 0.840817
-0.120523 0.251537 -0.650024
0.129679 0.434333 -0.130708
0.129679 -0.156544 -0.0691434
-0.145701 0.200941 0.0169064
-0.120523 0.4254 0.535583
-0.120523 -0.156221 -0.860926
0.129679 0.651963 0.0989149
0.129679 0.364913 -0.870729
0.129679 0.455881 -0.497115
-0.120523 0.972823 0.165498
0.129679 0.502139 0.431969
0.0772264 -0.550337 -0.833839
-0.145701 0.339611 0.236635
-0.120523 0.612107 -0.338155
0.129679 0.616755 -0.26275
0.00794728 -0.0232678 -0.652558
-0.120523 -0.488517 -0.866454
-0.0526978 -0.666232 -0.0632377
-0.145701 -0.269274 0.360695
0.10648 -0.0598216 -0.997714
0.129679 0.696996 0.357456
-0.120523 -0.454421 -0.684326
-0.100912 -0.859807 -0.508146
0.129679 0.397498 -0.524477
-0.145701 -0.464613 0.254187
0.129679 -0.389801 0.21423
0.129679 -0.615732 0.337821
0.129679 0.148091 -0.689153
-0.145701 0.243619 0.0634748
0.129679 -0.654311 0.173501
0.129679 -0.661752 -0.326402
-0.120523 0.710785 -0.563419
0.129679 -0.274201 0.547051
0.0633907 -0.715719 -0.110414
-0.0281886 0.865674 -0.500719
0.129679 0.182983 0.330292
0.129679 0.647107 -0.164423
0.129679 -0.0898957 0.0919698
0.0369169 -0.992043 -0.113488
0.129679 -0.378493 -0.0373443
0.129679 -0.18843 -0.526183
0.00247944 0.980386 -0.197327
-0.120523 -0.558675 -0.143309
-0.120523 -0.57122 -0.199879
0.129679 -0.124603 -0.414453
-0.0109441 -0.674417 0.736299
-0.0858064 -0.66999 -0.740966
0.129679 -0.131977 -0.302266
-0.145701 0.479083 0.0919441
0.129679 0.0191435 0.360122
-0.0231647 -0.998382 -0.0137256
0.129679 -0.729625 -0.382309
0.0539668 0.586317 0.809375
0.129679 -0.755103 -0.450335
0.129679 0.791036 -0.517438
-0.120523 0.832044 0.432725
0.129679 0.02573 -0.593093
0.129679 -0.639847 0.236442
-0.0187709 0.830173 0.556956
-0.145701 -0.054999 0.566121
-0.0160432 -0.941001 -0.33431
-0.120523 0.00666432 -0.996832
0.129679 0.785384 -0.422176
-0.145701 -0.103141 0.214937
0.129679 0.221871 0.316608
-0.145701 -0.0737182 0.156501
-0.0412432 -0.108301 -0.714872
-0.145701 0.253229 0.214218
-0.136215 -0.449298 -0.357162
0.0451588 0.108533 0.835862
-0.120523 0.0770487 0.594854
0.129679 -0.608267 -0.356421
0.129679 -0.712514 -0.554517
0.0220961 0.850578 -0.0989994
0.129679 0.299287 -0.331553
0.129679 0.495171 -0.276191
0.129679 0.215575 -0.870974
0.129679 0.194009 -0.637319
0.127736 0.250535 -0.967833
0.00659994 -0.988061 -0.144181
0.129679 -0.846668 0.207214
-0.120523 -0.53617 -0.379274
0.0575423 0.85329 -0.0968609
-0.145701 -0.543596 -0.156256
-0.145701 0.337708 -0.350881
-0.0486482 0.220286 -0.975141
-0.144606 -0.397485 0.413557
-0.145701 -0.265889 0.0408518
0.0534286 0.117467 -0.992714
-0.145701 0.429174 0.371123
-0.0152207 0.475304 0.879049
0.100104 -0.895763 -0.441578
0.129679 0.614571 -0.685551
0.109668 -0.761815 0.123452
0.129679 0.531836 0.750287
0.129679 -0.100916 -0.12664
0.129679 -0.276466 -0.710646
-0.0877961 0.684444 0.0848778
0.129679 -0.677595 -0.128762
0.129679 -0.214841 -0.105979
-0.120523 0.0779537 -0.912691
0.129679 0.092022 -0.148978
-0.120523 0.411859 -0.406638
0.129679 0.609122 -0.792892
-0.00811692 0.733269 0.116793
0.129679 -0.626895 0.271021
0.129679 0.0603685 -0.0139302
0.129679 -0.906907 -0.332564
-0.123419 0.508639 0.267932
-0.145701 -0.389729 -0.241067
0.129679 0.403924 0.539153
-0.145701 -0.529507 0.0427172
0.129679 0.800353 -0.287361
0.129679 -0.712444 0.33535
-0.120523 0.539314 -0.251697
0.103499 -0.998022 0.0296746
-0.120523 0.135792 -0.903172
-0.145701 -0.234784 0.180534
-0.00520778 0.718875 -0.111253
-0.120523 0.674731 -0.288021
0.129679 0.188 0.535063
0.129679 0.232138 -0.688483
-0.120523 -0.944513 0.283782
0.129679 -0.438649 -0.420401
-0.145701 0.162552 0.104984
0.129679 -0.273291 0.654331
-0.0923717 0.703553 0.710007
-0.0586042 0.113027 -0.721132
0.129679 0.378354 0.900181
-0.113723 0.895946 0.443668
0.129679 -0.0233444 0.639712
-0.120523 0.333146 -0.469846
-0.145701 -0.414657 -0.0847025
0.129679 0.0727834 0.939238
-0.120523 -0.607732 -0.0490253
0.129679 -0.131658 -0.714147
-0.120523 -0.989113 -0.0361486
-0.120523 0.083355 -0.572806
-0.0455768 0.104193 0.842861
-0.145701 -0.11362 -0.341691
-0.0458863 0.929037 0.369523
0.0993032 0.839871 0.542243
-0.0894271 0.0756762 -0.873736
0.129679 -0.281514 -0.465057
0.129679 0.155109 -0.791334
-0.120523 -0.440939 -0.466559
0.0853434 0.14473 -0.989127
0.129679 0.280239 -0.528882
-0.145701 -0.132111 -0.371495
0.129679 -0.669218 0.50418
-0.145701 -0.16859 -0.254851
0.11686 0.835611 0.108207
0.129679 0.640262 0.190621
-0.120523 -0.457648 -0.413838
0.129679 -0.527301 -0.258216
-0.0219683 -0.669029 0.0671434
0.129679 0.788934 -0.334322
-0.120523 -0.0723024 -0.626237
0.00792025 -0.869013 -0.0798234
-0.120523 0.683879 0.491108
0.129679 0.116705 0.150101
0.129679 0.578199 0.727663
0.0901801 0.836334 -0.108433
0.129679 -0.0172414 0.123123
-0.120523 0.0492743 -0.98904
0.129679 0.762994 0.194104
0.129679 0.4075 -0.895995
-0.145701 0.419301 -0.269874
0.0160782 -0.824126 0.563624
0.129679 0.639677 -0.494612
0.129679 0.906451 0.311874
-0.120523 -0.65068 0.502828
0.00404776 -0.982088 0.179888
-0.120523 0.337787 -0.745533
0.0327431 0.976025 -0.217889
-0.145701 -0.0798919 -0.209484
-0.120523 -0.215382 -0.897341
-0.145701 -0.514469 0.165742
0.129679 0.277136 -0.0456269
0.129679 0.99338 -0.0226167
0.129679 0.750527 -0.169893
0.0566137 0.434255 0.899993
-0.120523 -0.589122 -0.678067
0.129679 0.286607 0.548374
-0.0228866 -0.760378 -0.123942
-0.115752 -0.129715 0.990364
0.129679 0.11432 0.60334
0.0701099 -0.908593 0.41386
0.0354049 -0.74303 -0.667583
0.129679 -0.226095 -0.482823
-0.145701 -0.284247 -0.297736
-0.145701 -0.132692 0.0613904
-0.145701 -0.457089 -0.250237
-0.120523 -0.678568 0.116617
0.129679 0.208049 0.0500822
0.0937527 -0.860288 -0.50733
-0.0285872 -0.590739 -0.805672
0.129679 -0.173895 0.553497
-0.145701 -0.404989 0.23262
-0.0335768 0.775139 0.631202
-0.120523 -0.883742 0.370366
-0.0227019 -0.545961 -0.836717
-0.120523 -0.817068 -0.491748
0.129679 -0.590644 -0.473044
0.129679 -0.0212902 0.560308
-0.120523 -0.159202 0.700565
-0.1195 -0.649364 -0.00789708
-0.120523 -0.150865 -0.803908
0.0560852 -0.0323895 0.998369
-0.0229784 -0.0646835 0.879586
-0.145701 -0.390061 -0.379779
0.129679 0.191422 -0.0473447
0.113514 -0.874486 0.481772
0.0549478 0.33911 0.939893
-0.120523 0.64632 0.641965
0.129679 0.0873034 0.399613
-0.0307652 0.936469 -0.35093
-0.0866576 0.323284 0.945439
-0.120523 -0.217354 -0.74734
-0.145701 0.312246 -0.448918
-0.120523 0.0328779 -0.610439
0.129679 0.562351 -0.564977
-0.120523 -0.145283 -0.702771
-0.0581176 0.414584 -0.909836
-0.120523 -0.482349 0.784145
-0.145701 0.18189 -0.308857
0.129679 0.247195 -0.725059
-0.120523 -0.438803 -0.620563
0.129679 -0.470752 -0.685351
-0.120523 -0.271467 0.702902
-0.145701 -0.304064 -0.100416
0.129679 0.620033 0.780567
-0.120523 0.950194 -0.309877
0.129679 -0.434032 -0.734826
-0.145701 0.180621 -0.410926
0.129679 0.898376 0.249309
0.129679 0.549945 -0.280472
0.129679 -0.684965 -0.272588
-0.120523 0.310933 -0.888607
0.129679 -0.61764 0.179462
-0.120523 -0.788516 -0.579863
-0.120523 -0.450461 0.742629
-0.0490748 0.76571 -0.643224
0.129679 0.323719 0.583077
0.0348055 -0.805182 0.119879
-0.119258 0.693832 -0.720129
0.129679 -0.296377 0.250365
-0.0892957 -0.986764 -0.152834
0.129679 -0.57974 0.301484
-0.120523 -0.423319 -0.579619
0.129679 -0.321097 -0.418235
0.129679 -0.720936 0.19419
0.129679 -0.244447 -0.705069
0.129679 0.320177 -0.148531
0.129679 0.160383 0.589634
-0.145701 -0.403713 0.347181
0.129679 0.148717 -0.753237
-0.120523 0.909135 -0.148104
0.129679 0.13982 0.250474
-0.120523 0.844857 0.23339
-0.145701 0.200006 -0.274429
0.129679 0.194901 0.375124
0.129679 -0.525808 0.638042
0.0644102 -0.92284 -0.381668
-0.120523 -0.182035 0.88259
-0.0812479 -0.199167 -0.979347
0.0700425 0.851732 -0.524078
0.129679 -0.965877 0.107353
0.0460119 0.893203 -0.0387377
-0.0623037 0.651575 -0.0153685
-0.145117 -0.486797 -0.303925
-0.145701 0.136162 0.079566
0.0738872 0.727992 -0.115411
-0.120523 0.580881 -0.283361
0.0118113 -0.118239 0.737944
0.10014 0.524001 -0.851607
-0.145701 -0.267837 0.276451
-0.120523 -0.502467 -0.463084
0.0277577 0.761032 -0.64875
0.129679 0.659907 0.660523
0.129679 -0.469639 -0.720415
0.129679 0.526469 0.654883
0.129679 -0.642029 0.119467
0.129679 0.356774 0.672405
-0.145701 0.277347 0.426359
0.050066 0.999186 -0.0406444
-0.145701 0.0368492 -0.209097
-0.145701 0.142435 -0.203664
-0.120523 0.492586 0.530216
0.0562738 0.961714 -0.274267
-0.120523 0.474592 -0.560307
-0.021022 -0.0767851 -0.677367
0.0810041 0.124655 0.763644
-0.00224509 0.02419 -0.652441
0.129679 0.409397 -0.359989
0.129679 -0.935472 0.304038
-0.145701 0.204651 0.150833
-0.120523 0.614966 0.677215
0.0528355 -0.687865 -0.724377
0.129679 0.724615 0.270563
-0.120523 0.538269 0.839882
0.129679 0.69813 -0.186623
-0.00845934 0.778961 -0.124567
-0.120523 0.817731 0.268898
0.129679 -0.76077 0.262321
-0.120523 0.511521 0.472234
0.129679 -0.652257 -0.43393
-0.120523 0.773556 0.129198
-0.102334 0.22533 0.973358
0.129679 -0.222814 -0.349691
0.0210146 0.809857 -0.119637
0.129679 -0.481461 -0.350092
0.122689 0.0859742 -0.684011
-0.120523 -0.372561 -0.624811
-0.145701 -0.0133766 0.46038
-0.120523 -0.666322 -0.320483
-0.120523 0.451548 -0.616459
-0.0194614 0.623585 -0.781704
0.045683 -0.896443 0.0177383
-0.120523 -0.284596 -0.884353
0.129679 0.752479 0.158166
0.129679 0.979585 -0.179106
-0.145701 0.388615 -0.17343
-0.145701 0.329417 -0.191035
-0.145701 0.000751073 0.0795594
-0.120523 0.932807 0.0289479
-0.0702346 0.0707105 -0.671758
0.11842 -0.330722 -0.942967
-0.120523 -0.490991 0.297067
-0.110581 0.0952429 0.854689
-0.145701 -0.433823 -0.219015
0.129679 -0.669497 -0.70009
-0.0349945 -0.121386 -0.797624
0.129679 0.133928 0.453316
-0.111888 0.97216 -0.234544
-0.076788 -0.474393 0.878716
0.129679 0.185918 -0.486989
-0.120523 -0.0710458 0.619285
-0.120523 -0.156424 0.912798
0.129679 -0.324424 -0.76121
0.0363079 0.695054 -0.0955361
0.129679 0.326095 -0.11062
-0.0258663 0.652307 0.0198444
-0.120523 -0.582859 -0.482605
-0.000131668 -0.852581 0.0955578
-0.0596131 0.955053 -0.296635
-0.120523 0.814436 0.199293
-0.120523 0.62543 0.379663
-0.0230568 0.794931 0.606125
-0.145701 0.518466 -0.0465859
-0.145701 0.194053 0.452538
0.109294 -0.628687 0.77574
-0.145701 0.00978016 -0.262216
0.129679 0.179903 0.50261
-0.120523 0.480303 0.841165
0.129679 -0.37604 -0.55652
0.129679 -0.391961 -0.180235
-0.145701 0.410249 -0.146159
0.0725411 0.0942768 -0.692617
0.104147 0.898064 0.017094
0.0643725 -0.0114999 -0.999477
-0.116018 0.117046 -0.818488
-0.120523 -0.623132 -0.216754
-0.145701 0.0645892 0.512108
-0.00550677 -0.799376 0.121264
-0.145701 0.237765 0.496164
-0.145701 0.325611 0.358158
0.129679 -0.486094 0.803207
0.129679 -0.494138 0.0609524
-0.120523 0.632592 -0.506542
0.129679 -0.00653356 -0.517281
0.129679 -0.676355 -0.656107
0.129679 -0.234933 0.642461
-0.145701 -0.0130146 0.288812
-0.0666161 0.117942 0.815409
0.129679 0.705601 -0.536763
0.129679 -0.844458 -0.190275
0.129189 -0.974322 -0.218675
-0.120523 0.221722 0.67732
-0.145701 0.350757 0.393797
-0.120523 0.581754 0.754522
-0.120523 -0.225754 0.539608
-0.145701 -0.403126 -0.0562455
-0.145701 -0.236865 0.0864626
0.110499 -0.784948 0.61704
0.129679 -0.491579 -0.463417
-0.145701 0.24088 -0.482843
0.129679 -0.33106 0.504733
-0.0711883 -0.166669 0.984792
0.129679 0.253331 -0.489075
-0.120523 -0.473031 -0.345412
-0.120523 0.638741 -0.736429
0.129679 -0.777124 0.187897
-0.120523 -0.763057 0.130811
-0.145701 -0.46655 0.0363882
-0.120523 -0.382684 0.57146
0.129679 -0.8318 0.532403
0.129679 0.479572 0.564792
-0.0584335 -0.755798 -0.653069
0.0584686 0.484069 -0.874896
-0.120523 0.190101 -0.668041
-0.120523 -0.675013 0.27443
-0.145701 0.0498856 0.548089
-0.120523 0.273244 0.751582
-0.120523 -0.764659 -0.397854
0.129679 0.0151682 -0.0436069
-0.120523 0.636736 0.45252
0.129679 -0.369638 -0.143652
0.129679 -0.364043 0.250543
-0.120523 0.600494 -0.709177
-0.0381751 0.737424 0.674817
-0.120523 -0.239718 -0.561608
-0.145701 -0.0921481 -0.166488
0.129679 0.527309 0.317961
-0.145701 0.0213072 0.374802
-0.120523 -0.623522 0.732503
-0.0937529 -0.601055 -0.797992
-0.141882 -0.360749 0.446004
0.129679 0.176747 0.948567
-0.120523 0.869779 -0.189569
0.0269033 -0.0299655 0.653438
-0.0485254 0.489807 0.871067
-0.145701 0.225175 0.29424
-0.120523 -0.199361 -0.817261
0.129679 -0.189018 0.388893
-0.0919563 -0.923681 0.378991
0.0233248 -0.690397 0.0921858
0.0348136 -0.0980568 0.849317
0.129679 0.943358 0.100239
-0.0682479 -0.254027 -0.966523
0.12195 -0.871391 -0.0768746
-0.145701 0.452504 -0.230528
-0.120523 0.414913 0.413611
-0.145701 0.134173 -0.36636
0.129679 0.130121 0.979156
0.129679 -0.179044 0.0123197
0.129679 -0.853479 -0.471494
0.129679 0.191951 0.750171
-0.120523 0.244983 0.9362
0.129679 0.172149 -0.889292
0.129679 0.767616 0.426562
0.00581787 0.652766 -0.0230974
0.129679 0.515592 -0.336612
0.129679 0.368181 -0.65535
-0.120523 -0.622738 0.12838
0.129679 0.23486 -0.320039
0.129679 0.131981 -0.638611
0.102983 -0.840378 -0.105075
0.129679 -0.268989 -0.776352
-0.145701 0.238812 -0.0826792
-0.120523 -0.698808 -0.582114
-0.145701 -0.298923 0.167761
-0.120523 -0.299292 -0.552954
-0.120523 0.665003 0.254784
-0.145701 0.169054 0.402399
-0.0368556 -0.620834 -0.782677
0.0862718 -0.991247 0.119624
-0.0786954 0.67385 -0.0726203
-0.145701 -0.0657903 0.0687079
-0.120523 0.64952 -0.0318644
0.129679 -0.091406 -0.180544
-0.120523 -0.338438 -0.577787
0.112885 -0.985575 -0.160345
-0.120523 -0.39583 -0.489322
-0.120523 -0.800572 -0.350521
0.103887 -0.92443 -0.377793
-0.120523 0.36477 0.511357
0.129679 -0.12335 0.26887
-0.120523 0.432397 -0.462656
0.129679 -0.905457 0.332385
0.110613 0.187081 0.981395
0.129679 -0.362642 -0.732187
-0.109006 0.974338 0.224685
0.129679 -0.512851 0.378507
0.129679 0.250247 0.833205
-0.145701 0.0308182 0.415067
-0.145701 -0.536837 -0.191351
-0.145701 -0.113102 -0.0438817
-0.120523 0.890537 -0.382044
-0.120523 -0.249495 0.639586
0.129679 -0.612149 0.552523
0.129679 0.177016 0.104061
-0.120523 0.492385 -0.441617
0.129679 0.574613 0.166464
0.129679 0.124297 -0.025101
-0.0627507 -0.128314 -0.991181
-0.145701 -0.23818 -0.0110029
-0.0784117 -0.996291 0.0656727
0.0102032 0.139335 -0.989898
-0.145701 -0.326596 -0.34112
0.122278 0.0465008 -0.998505
0.0203185 0.723532 0.689668
0.129679 0.0862138 -0.378404
0.129679 -0.432936 0.303559
0.129679 0.526291 0.80432
0.129679 -0.655156 -0.267057
-0.120523 -0.34174 0.85385
-0.00508128 0.0803292 0.995747
0.129679 -0.121622 -0.629315
-0.120523 -0.680849 -0.511231
0.129679 -0.739852 0.38138
0.0525907 -0.834518 -0.548747
0.129679 0.146083 -0.857973
-0.145701 -0.0488456 -0.545889
-0.120523 0.613097 -0.440549
-0.120523 -0.453967 -0.506165
-0.145701 0.168198 0.309179
-0.098872 0.791367 -0.611398
0.129679 -0.639163 0.412518
-0.120523 0.588858 0.485249
-0.120523 -0.140323 0.58774
0.129679 -0.132203 0.397432
0.129679 0.153466 -0.168005
0.129679 -0.442555 -0.589604
0.0746796 0.984333 0.175935
0.00103859 -0.938894 0.33956
0.129679 0.00922853 0.649653
0.129679 -0.556891 -0.198171
0.129679 -0.133569 0.574048
-0.120523 0.458169 0.358619
0.0253655 -0.107528 -0.71348
-0.120523 -0.618947 -0.143091
0.0231836 -0.420418 0.905817
-0.0491104 0.539251 0.84141
0.0492615 0.658677 -0.0442339
0.0966982 0.434165 -0.90067
0.0961987 -0.885361 0.0538069
-0.145701 -0.427817 -0.00288874
-0.120523 0.502129 0.789913
-0.0384084 -0.103249 -0.994124
-0.145701 0.550905 -0.00414003
0.129679 -0.03725 -0.613327
0.129679 0.605192 0.447295
0.0499082 0.684145 0.728698
0.129679 -0.686303 -0.163218
0.129679 0.400342 0.863036
0.129679 0.723401 0.566038
-0.120523 -0.718338 0.120815
-0.120523 -0.679912 0.169675
-0.120523 0.485204 -0.772429
0.129679 0.861498 0.488246
-0.120523 -0.847807 0.194603
0.129679 -0.0566572 0.209267
0.129679 -0.283178 -0.194058
-0.102681 -0.815724 0.116588
0.129679 0.663705 -0.0959522
-0.0916332 0.99973 0.0229191
-0.120523 0.182834 -0.802077
0.129679 -0.379878 0.450106
-0.145701 0.281413 -0.461724
0.129679 0.594134 0.0610984
-0.104878 0.839959 0.10566
-0.068939 -0.964187 0.259188
-0.120523 -0.221943 -0.95952
0.0419376 0.785574 -0.61882
0.129679 0.82576 -0.468841
0.129679 0.491506 -0.713044
-0.145701 -0.0686735 -0.276109
0.129679 0.585069 0.00608655
0.129679 0.528079 0.555501
0.00859422 -0.712873 -0.699741
0.129679 0.124068 -0.579282
-0.111183 0.685662 -0.0867876
-0.120523 -0.666026 0.428552
0.0668652 -0.608925 -0.791994
0.129679 0.437645 0.510169
-0.145701 0.426901 0.194415
-0.0983451 -0.11802 -0.811194
0.129679 -0.80155 0.214536
0.0784252 0.88982 0.45581
-0.120523 0.804676 0.375886
0.129679 -0.511969 0.545556
-0.145701 0.557815 -0.116531
0.129679 0.260704 -0.358326
0.129679 -0.499184 -0.12286
-0.120523 -0.631279 0.674589
-0.120523 -0.656995 -0.279444
0.129679 -0.661552 0.379706
0.129679 -0.803323 -0.30086
-0.120523 -0.493834 -0.723559
0.129679 -0.562035 -0.289911
0.0188632 0.214548 -0.976415
0.0699532 -0.454693 0.889083
0.129679 -0.211449 -0.795144
0.129679 0.377665 0.402982
-0.120523 -0.886355 0.136865
-0.120523 -0.836393 0.292967
-0.145701 -0.345133 -0.283443
-0.0775389 0.572591 0.819126
-0.0917983 -0.885958 0.0525547
-0.145701 -0.0983712 0.540601
-0.120523 0.590354 0.0221833
0.129679 0.257643 -0.758797
-0.145701 -0.258424 0.145681
0.129679 -0.00120458 0.179485
-0.120523 -0.85901 -0.102281
-0.0321069 0.836263 -0.548417
0.129679 0.139873 0.386576
-0.120523 -0.759448 -0.599515
-0.0907033 0.251415 -0.967605
-0.145701 -0.215185 0.24297
0.106203 -0.680082 0.731066
0.129679 -0.0175118 -0.43355
-0.145701 0.405488 0.321927
-0.145701 0.281612 0.317472
0.129679 0.898544 -0.259725
0.129679 -0.533747 0.141304
0.129679 0.653436 -0.386658
-0.120523 0.844866 0.469532
-0.120523 0.377293 0.825751
-0.120523 0.419687 0.906357
0.129679 0.798203 0.283518
0.129679 -0.410129 -0.431796
0.129679 -0.172951 0.620014
0.129679 -0.518331 0.235558
-0.120523 -0.571083 -0.633022
0.110545 -0.274259 0.960326
-0.145701 -0.118703 0.101543
-0.120523 0.377248 -0.718158
-0.120523 -0.260347 -0.723459
0.129679 0.800087 -0.598789
0.0307325 0.993893 0.109987
-0.145701 -0.477218 -0.148265
0.129679 0.680041 -0.157664
0.129679 -0.437311 -0.207977
0.129679 -0.458604 0.627635
0.129679 -0.237362 -0.582596
0.0531424 0.524893 0.850425
0.129679 -0.881566 0.280161
0.101533 -0.0494854 -0.660822
-0.120523 0.393681 0.463476
-0.120523 0.643405 -0.460016
0.0776768 -0.0163466 -0.897659
0.129679 -0.0934037 -0.467513
0.129679 0.799408 0.412787
0.129679 -0.980184 -0.051662
-0.0488394 0.0305031 0.65319
0.0976977 -0.110676 0.992686
-0.0941265 0.619022 0.784686
-0.120523 -0.919596 0.109887
-0.120523 0.681499 0.681583
0.129679 0.317518 -0.376602
-0.145701 -0.477618 -0.0334836
0.129679 -0.741891 0.63078
-0.120523 0.277365 -0.933968
-0.00220161 0.864428 0.502233
0.129679 0.981103 0.0117342
0.0582722 0.81791 0.116348
0.129679 0.329704 0.619956
-0.0760904 -0.947042 -0.316759
-0.112144 -0.962548 -0.265838
-0.120523 0.313733 0.623252
0.0836554 0.577163 -0.81655
0.129679 -0.365124 0.557986
-0.120523 0.778107 0.620298
-0.0751026 0.352027 -0.935777
-0.0905764 0.991527 -0.130165
-0.145701 -0.339863 -0.377765
0.129679 -0.325861 0.922111
-0.120523 0.886831 0.32403
-0.145701 -0.109221 0.360279
-0.120523 -0.704318 -0.3284
0.129679 -0.957536 0.189238
-0.120523 -0.329273 0.542513
-0.0258941 0.418761 -0.907924
0.112966 -0.538929 0.840638
-0.145701 0.353988 -0.269483
0.129679 0.880645 0.343534
-0.0361262 -0.89065 -0.04176
0.129679 -0.769029 -0.575193
-0.097377 0.118066 0.815056
0.0516163 0.788415 -0.123902
-0.120523 0.395335 -0.47129
-0.0140904 -0.150883 0.987345
-0.0716646 -0.862688 -0.503232
-0.02219 0.580594 -0.814116
0.129679 -0.250265 -0.328747
0.129679 0.028222 -0.477959
0.00487417 -0.749851 0.121738
0.0126063 0.404537 -0.914341
-0.145701 -0.0651555 -0.382419
0.0260734 0.35106 -0.93614
0.109759 0.0643527 0.996894
0.119824 -0.665944 0.062111
0.129679 -0.566771 -0.774832
-0.0607666 0.997571 0.0693071
0.129679 -0.523121 -0.702989
-0.120523 0.982684 -0.155593
0.0154023 0.549465 -0.835421
-0.120523 -0.656036 0.389378
-0.120523 0.587847 0.268498
0.129679 -0.0325236 0.487174
0.129679 -0.268307 -0.249055
0.129679 0.0866011 -0.600206
0.129679 0.0369954 0.0105346
0.0566853 0.713496 0.107731
-0.0725241 0.659108 0.751386
0.129679 0.444385 -0.868232
-0.145701 0.497183 -0.278615
0.129679 -0.3671 0.401791
-0.120523 -0.681826 0.245194
-0.144697 0.0661217 -0.57095
-0.120523 0.607848 -0.635143
-0.120523 -0.2924 0.526256
0.129679 0.925185 0.0560925
-0.145701 -0.165682 -0.0393681
-0.0315752 -0.726706 -0.685342
0.129679 -0.716614 0.552343
0.129679 -0.0732225 -0.635357
-0.0964895 0.878607 -0.0689794
-0.145701 0.0306581 0.0526123
-0.145701 0.174082 -0.0346115
0.129679 0.604416 -0.438715
0.0056051 -0.00456793 -0.898728
0.129679 0.319321 0.754058
-0.0742816 0.108649 0.712129
0.129679 -0.76738 0.516605
-0.120523 -0.731699 -0.218834
-0.145701 0.285433 0.169583
0.129679 0.355057 0.163819
-0.120523 0.592996 -0.539427
-0.120523 -0.247114 -0.629183
-0.145701 0.0805388 -0.403674
0.0673687 -0.811189 -0.118763
0.129679 -0.531695 0.0243261
0.0662193 0.8853 -0.465149
-0.120523 0.115268 0.96774
-0.120523 -0.576252 -0.513649
-0.0920271 -0.886668 0.458961
0.129679 0.229039 -0.393614
0.129679 0.376447 -0.368639
-0.0189915 0.0418827 -0.891845
-0.0817357 0.772257 -0.124601
-0.120523 -0.686305 0.687375
0.129679 -0.620718 -0.326899
0.129679 -0.0559632 -0.294368
-0.120523 0.563336 0.372049
0.0610059 -0.0973513 -0.69819
-0.120523 0.232848 -0.702723
-0.0636758 -0.0586004 0.997154
0.129679 -0.696834 0.589488
-0.145701 0.382589 0.380959
-0.145701 0.402486 0.249702
-0.119692 -0.0920175 -0.691789
0.129679 -0.633095 -0.13098
-0.120523 -0.372313 0.901689
0.129679 -0.776757 -0.179758
-0.120523 -0.209975 0.936111
0.129679 0.35328 -0.483554
0.00920531 0.605127 0.795434
-0.0785779 0.114347 -0.993076
-0.145701 0.516051 -0.200607
0.0461679 0.116113 -0.820882
-0.120523 -0.516197 -0.504308
-0.120523 -0.595094 -0.407917
0.129679 -0.683592 0.197228
-0.0579741 -0.993326 0.100963
0.129679 -0.000620861 0.513544
-0.120523 0.0562815 0.904507
0.129679 -0.128746 0.65843
-0.145701 0.183485 -0.370153
0.129679 -0.636964 0.646373
0.0614239 0.384297 -0.923016
0.129679 0.701609 0.293426
-0.120523 0.482092 0.602744
-0.120523 -0.412953 0.515183
-0.120523 0.0477196 0.611165
-0.145701 0.301995 -0.287106
0.129679 0.432258 -0.256121
0.129679 -0.319877 -0.170627
-0.120523 0.358736 0.876384
-0.120523 -0.873221 -0.46254
0.0527087 0.116236 0.727847
-0.120523 -0.16472 0.55061
-0.0853369 -0.347203 -0.937009
-0.0519016 -0.81031 0.58332
-0.120523 -0.130819 0.722396
0.129679 0.679564 -0.566635
0.129679 0.0717721 0.467904
-0.145701 -0.225652 0.367862
-0.120523 0.435827 -0.813665
0.108769 0.894369 0.446833
-0.106898 0.104219 0.993549
-0.0494369 0.874028 0.485361
0.129679 -0.264706 -0.138449
-0.145701 0.335039 -0.155503
0.0322396 0.165086 0.985315
0.129679 0.72986 0.338071
-0.086729 0.0420205 0.891163
0.0521474 -0.651241 0.0224806
0.129679 0.530594 0.133113
-0.120523 0.81616 0.573775
-0.120523 0.509053 -0.829052
-0.120523 0.246762 -0.581816
-0.120523 0.856323 -0.310839
0.104912 -0.649144 -0.00201722
0.129679 0.0734991 -0.333898
0.129679 0.223924 0.687893
-0.145701 0.119758 -0.0665815
-0.0851018 -0.0493633 0.887654
0.129679 -0.38298 0.726368
0.0339659 0.102339 0.993743
0.129679 0.73082 -0.126493
-0.0259165 -0.849913 0.523917
-0.0830477 0.0370546 -0.655628
-0.120523 -0.880708 -0.422201
0.129679 0.409936 0.16231
0.129679 -0.725592 -0.686237
0.101354 -0.897617 0.00568061
-0.120523 0.769164 -0.439895
-0.081556 -0.845698 0.530696
-0.145701 0.153427 0.54899
-0.120523 0.813116 0.324607
-0.0113259 0.898937 -0.00967236
-0.120523 0.585993 -0.479982
-0.120523 0.187357 0.916271
-0.120523 0.218798 -0.94422
0.129679 0.353397 0.798743
-0.120523 -0.722312 -0.302776
-0.145701 0.0357377 0.268676
0.129679 -0.87819 0.162169
-0.120523 -0.520132 -0.744257
0.129679 0.189564 -0.353961
0.129679 -0.291149 0.393436
0.129679 0.6028 -0.0221284
-0.0475638 0.0846407 -0.996026
0.0831118 0.995542 0.0939681
0.129679 0.60182 -0.625865
0.129679 0.205874 -0.141207
0.129679 -0.754035 -0.271641
-0.120523 -0.610524 0.43423
-0.120523 0.365237 0.665776
0.129679 -0.80393 0.426285
0.129679 -0.14583 -0.00997069
0.129679 -0.0770205 0.970767
0.129679 -0.177941 0.792326
-0.120523 -0.575855 0.460712
-0.120523 0.401088 0.882656
0.129679 -0.270586 0.0600553
0.129679 0.742822 -0.308767
-0.120523 0.355676 0.705813
-0.120523 -0.0867918 -0.568132
0.129679 0.32811 0.217534
0.129679 0.0753046 -0.452285
-0.0449591 0.467621 -0.883786
0.016757 0.796742 -0.604379
-0.0906469 0.999362 -0.0360211
0.129679 -0.48533 -0.181888
0.129679 -0.658058 -0.599453
0.129679 -0.913165 0.0185092
-0.145701 -0.315178 0.475846
-0.120523 -0.925378 -0.30656
0.129679 -0.643298 -0.178925
-0.0302547 0.0199995 0.896712
0.129679 -0.122444 0.885106
-0.120523 0.691801 -0.502213
0.129679 0.241496 -0.0462306
-0.120523 -0.567304 0.240936
-0.0482103 -0.904787 0.422118
0.129679 -0.748634 -0.12475
0.129679 -0.546391 0.495934
0.0668126 -0.724871 -0.687285
0.129679 0.398988 -0.471212
0.0730475 -0.811205 0.582073
-0.120523 0.171996 -0.72408
0.129679 0.583382 -0.166447
-0.120523 0.695901 0.455045
0.129679 -0.36014 0.0752223
-0.0198312 0.77349 0.123989
0.129679 -0.228126 -0.858403
-0.120523 0.739225 -0.642825
-0.120523 -0.974661 -0.107323
-0.120523 -0.769474 0.587108
-0.145701 0.231799 0.372569
0.129679 -0.542821 -0.431127
0.129679 0.456959 0.101148
-0.0925203 0.0999603 -0.6996
-0.145701 0.181957 -0.249564
-0.0419815 -0.0576508 0.664159
0.129679 -0.412473 -0.332353
0.129679 0.394623 0.0740812
0.119053 0.240285 0.969788
-0.145701 -0.162377 -0.206555
0.129679 0.378962 -0.157547
0.1292 0.0308145 0.894522
-0.120523 0.526647 -0.70438
-0.120523 0.632128 -0.24494
0.129679 -0.169126 0.483547
-0.0719874 -0.744805 -0.121286
-0.145701 0.220628 -0.218163
0.0247401 -0.0745913 0.996074
-0.120523 -0.589457 -0.0836704
0.129679 0.962771 -0.133113
-0.0577482 0.69842 0.0976288
0.129679 0.70436 -0.664007
-0.111221 0.638936 0.768585
0.129679 0.255508 -0.665714
0.129679 0.203136 -0.684122
-0.0927003 -0.804069 -0.120801
-0.120523 -0.594962 0.532413
-0.120523 -0.523931 0.750941
-0.120523 -0.119095 0.954333
0.129679 -0.424964 0.242538
0.129679 -0.79246 0.249561
0.129679 -0.116038 -0.200888
-0.120523 -0.0709103 0.991475
-0.120523 -0.881168 0.0746073
0.129679 -0.225273 0.3598
0.00469995 0.656916 0.0386194
-0.145701 -0.120826 -0.448971
-0.120523 0.890119 0.390356
0.00959871 -0.12084 0.799714
-0.120523 0.717026 0.165223
0.129679 0.0817997 -0.964973
0.129679 -0.606155 -0.230047
-0.120523 0.915756 -0.321779
-0.120523 0.0208473 0.588913
0.129679 0.120408 -0.474206
-0.120523 0.335829 0.576027
0.129679 0.29688 -0.87782
0.129679 0.624462 0.488497
0.129679 0.432072 -0.0631725
0.129679 -0.664641 0.143368
-0.00832879 0.999508 -0.0316555
-0.120523 -0.552778 -0.257965
-0.120523 -0.688544 -0.27205
0.129679 0.316456 -0.639224
-0.118385 -0.385094 -0.922047
-0.120523 -0.686879 -0.70189
0.129679 -0.517813 -0.147172
-0.120523 0.562063 0.429763
0.129679 -0.73414 -0.181112
0.0756623 -0.0790149 -0.996363
0.129679 0.939048 -0.0313147
0.129679 -0.14015 0.620107
-0.145701 0.471993 -0.0827866
0.129679 -0.363318 -0.652807
-0.0815904 -0.866382 0.496202
0.129679 0.301177 0.290293
-0.118752 0.938389 0.345127
-0.145701 0.519108 -0.107904
-0.0230198 -0.594862 0.801994
0.129679 0.296452 -0.469511
-0.0010186 0.120365 0.807803
-0.145701 0.0983243 0.106836
0.129679 0.658129 -0.466125
0.116225 0.976864 -0.214093
-0.120523 0.230032 -0.79788
0.129679 -0.760194 0.292833
0.129679 -0.6477 0.556975
0.129679 0.653871 -0.216075
-0.120523 -0.0811196 0.67974
-0.120523 0.686003 -0.251135
0.129679 0.141911 -0.514233
-0.104828 -0.0150696 0.998794
-0.120523 -0.662797 0.729957
0.129679 0.517598 -0.459779
0.0697579 0.706836 -0.707377
-0.0743191 -0.809948 0.118518
-0.120523 0.192081 0.574072
-0.145701 0.399661 -0.0744335
-0.145701 -0.272989 0.328286
0.129679 0.740698 -0.377232
-0.0321148 -0.822368 -0.114601
0.0307808 0.848802 0.528176
0.0490735 0.121267 -0.743979
0.129679 -0.111366 -0.516934
0.0125841 -0.711865 0.700135
-0.120523 -0.454034 0.413175
-0.0408346 0.630009 0.775907
0.118732 0.103385 0.844059
-0.0296559 0.150124 0.987694
-0.101518 -0.810487 -0.583707
-0.145701 0.0413205 -0.0106199
-0.120523 0.872993 -0.246261
-0.0540977 -0.684573 0.726859
-0.120523 -0.851619 -0.195561
0.0710004 0.0431866 0.998018
-0.127543 0.114687 -0.563269
-0.120523 0.137666 -0.672773
-0.120523 0.225607 0.838338
-0.120523 0.865764 -0.444191
0.0808457 -0.604282 0.794914
-0.120523 0.716977 -0.379188
-0.0322966 -0.492128 0.868896
0.129679 -0.748004 0.207474
-0.120523 0.627868 0.741509
0.129679 -0.891845 -0.273953
-0.145701 -0.502064 0.211664
-0.145701 -0.166863 -0.0688651
-0.0518228 -0.635041 0.770543
-0.120523 -0.543698 -0.528544
0.0430653 0.899289 -0.000772287
0.129679 0.385667 0.440517
0.0642419 0.293339 0.955127
0.129679 0.097208 -0.535431
0.129679 0.990249 -0.104014
-0.120523 -0.608261 0.154553
0.129679 -0.470501 0.0795821
0.126759 0.565985 0.823697
0.129679 -0.907928 0.058811
-0.120523 0.552944 0.756568
0.129679 0.261147 0.726092
0.114719 -0.123517 -0.777414
-0.0686627 0.195419 -0.98041
-0.145701 -0.216625 -0.277624
0.129679 0.0978019 0.282485
0.0222501 0.816503 0.576781
0.129679 0.0515023 0.629623
-0.0183844 0.451157 -0.892291
-0.120523 -0.221925 0.72419
-0.145701 0.0619481 0.0975518
0.129679 0.834026 0.229629
-0.145701 -0.312016 0.054791
-0.070271 0.716338 -0.109933
0.105801 -0.0909465 0.68997
-0.145701 -0.118433 0.387999
-0.120523 -0.658661 0.331009
-0.145701 -0.107857 0.287606
0.0467718 -0.0391362 -0.998756
0.129679 -0.111271 -0.676007
-0.120523 -0.252802 -0.909458
0.129679 -0.453381 0.707044
0.129679 -0.840744 0.17903
0.129679 0.0398446 0.239958
0.0943449 -0.0410264 0.656815
0.005204 0.897645 -0.440859
-0.0810361 -0.27746 0.959404
-0.145701 0.0123461 -0.544403
-0.120523 -0.740212 0.647504
-0.0526869 0.0483337 0.888747
-0.0601192 -0.889664 -0.45376
0.129679 -0.374469 0.587238
-0.145701 -0.196434 -0.127024
-0.120523 0.199752 -0.600347
-0.145701 0.198654 0.239375
-0.145701 0.230266 -0.379948
0.061614 0.912823 0.407875
0.129679 0.525859 0.0286684
-0.120523 -0.130616 -0.760654
0.129679 0.460133 -0.348747
-0.145701 -0.315353 -0.203724
-0.120523 -0.624235 -0.738065
0.00558723 -0.0598737 -0.997711
-0.145701 -0.175848 -0.409026
0.129679 -0.610338 0.132151
0.129679 0.428958 0.239953
-0.0176753 -0.122654 0.788795
-0.120523 0.73437 0.55004
-0.145701 0.00801846 -0.505994
0.129679 0.558976 0.556502
0.129679 0.696348 0.18153
0.129679 0.505735 -0.656799
-0.120523 -0.360631 -0.83628
-0.120523 0.127078 -0.966592
-0.123132 0.569087 -0.0834023
-0.0572389 0.905576 0.423696
-0.120523 0.336342 -0.910134
-0.120523 0.637279 0.105721
0.129679 0.183685 -0.916736
-0.145701 0.0627327 0.150993
-0.0983936 -0.338628 0.939516
0.0362489 -0.0961953 0.696094
-0.120523 -0.690767 -0.132543
-0.0204127 -0.272454 0.960841
-0.0435744 0.840824 0.540768
-0.120523 0.36861 -0.806736
0.106468 0.659474 -0.0462889
0.129679 0.791916 -0.228103
0.116434 -0.849845 -0.524661
0.129679 -0.553501 0.538604
-0.0680992 0.0426804 -0.998673
-0.120523 -0.200613 0.654718
-0.145701 -0.0627702 -0.443194
-0.014585 -0.778965 -0.625212
0.129679 -0.509078 -0.790581
0.0195015 0.125033 -0.777904
0.129679 -0.904272 -0.108648
-0.145701 0.502754 -0.136659
-0.145701 0.545542 0.044922
-0.120523 -0.204844 0.850239
-0.145701 0.192764 0.206181
-0.120523 -0.321591 0.900463
-0.120523 0.538087 -0.58593
0.129679 0.101097 -0.186625
-0.145701 0.46147 0.0517807
0.129679 0.538422 -0.205111
-0.145701 -0.281596 -0.0137795
-0.120523 -0.349336 0.91925
-0.0694605 0.990665 0.135953
-0.120523 0.412293 -0.849996
0.129679 0.292066 0.644373
0.0304012 0.878751 -0.477402
0.129679 -0.325347 -0.628292
0.129679 -0.176334 -0.697329
0.129679 0.0353494 0.418103
-0.145701 -0.223857 -0.39294
-0.120523 0.818768 -0.40586
-0.116999 0.340626 0.939346
-0.120523 0.698541 0.109115
-0.145701 0.462017 0.309816
-0.145701 0.38028 -0.311358
-0.120523 -0.1573 -0.656323
-0.120523 0.553809 -0.762524
-0.145701 0.447454 0.145374
-0.145701 0.101381 -0.427878
0.129679 0.253431 -0.582088
-0.120523 -0.0455924 0.963017
-0.0216047 -0.559572 0.827026
0.129679 -0.183894 -0.625391
0.129679 0.485039 0.000994612
0.129679 -0.0321323 -0.230497
0.129679 -0.71283 0.297582
-0.0461463 -0.117682 0.811638
0.028192 0.0704097 -0.671554
-0.0601446 0.65534 -0.755302
0.129679 -0.561332 0.724844
0.129679 0.441234 0.434906
-0.120523 -0.307708 -0.49845
-0.120523 0.429554 -0.879607
-0.120523 -0.253833 -0.590865
-0.120523 0.307813 0.904223
-0.120523 0.172293 0.603044
0.129679 -0.457688 0.393047
-0.120523 0.773573 -0.573845
-0.145701 -0.056615 0.225475
-0.120523 0.395748 -0.589897
-0.0771974 -0.986935 0.151085
-0.120523 -0.993717 0.0126195
-0.120523 -0.574097 0.555751
0.129679 0.245681 -0.292338
-0.120523 0.483713 -0.60044
-0.018454 -0.00849751 -0.99951
0.129679 -0.626861 -0.0767159
0.129679 0.60667 0.0952193
0.129679 -0.144402 0.782595
-0.120523 0.275979 -0.754631
-0.145701 0.136854 -0.173254
0.119845 -0.111044 0.719553
0.0679841 -0.98259 0.17713
-0.0921473 0.909782 0.414604
0.129679 -0.321166 -0.230021
-0.00590007 -0.261915 -0.964408
-0.145701 0.22952 -0.331819
-0.145701 0.295063 -0.398603
-0.09672 0.651966 0.017651
-0.120523 0.247748 -0.935603
0.129679 0.626306 0.0376345
-0.145701 -0.103081 0.0425578
0.0521718 0.509698 -0.860234
-0.120523 -0.87374 -0.245147
0.129679 -0.693372 -0.21399
0.129679 -0.507653 0.718428
-0.0384272 -0.189827 -0.981208
-0.145701 0.0764664 0.193584
-0.120351 0.234658 -0.971793
-0.0772743 0.0376825 -0.893234
0.129679 0.0969316 -0.235241
0.0364177 -0.949773 -0.308459
-0.120523 0.264856 0.657084
-0.145701 -0.240003 -0.0738945
-0.120523 -0.618505 -0.680731
-0.120523 -0.612118 -0.531783
-0.120523 0.130874 -0.846267
0.113827 -0.0896403 -0.859857
-0.0434295 -0.100325 0.701541
0.129679 -0.224614 -0.934721
0.129679 -0.798048 -0.446296
0.129679 -0.383083 -0.239246
-0.0278881 -0.827887 0.558084
0.0282691 -0.585685 0.808726
0.129679 -0.959202 0.00416014
-0.052447 -0.576422 -0.815994
-0.120523 0.672207 -0.337328
-0.0851945 0.0247952 0.651925
-0.105866 -0.24266 0.968816
-0.120523 -0.744325 0.487526
-0.120523 0.192295 0.683593
0.129679 0.64314 0.0137373
0.129679 -0.236573 -0.0497099
0.129679 0.855832 0.274926
0.129679 -0.585969 0.225868
0.129679 -0.85454 0.414674
0.129679 0.751009 -0.460282
0.010091 -0.127065 0.990709
0.0217819 -0.664342 -0.0598991
0.129679 -0.604856 -0.185027
0.129679 0.910287 0.371598
-0.145701 0.036753 -0.567326
-0.145701 0.242439 -0.27495
0.129679 0.842163 -0.303941
-0.120523 0.6455 0.487782
0.129679 0.224749 0.374452
0.129679 0.0918122 -0.859767
-0.0792405 0.118034 0.992014
-0.120523 -0.982618 0.137793
0.129679 -0.476778 0.558152
-0.120523 -0.537377 0.676188
-0.0185196 0.258974 0.964981
0.129679 0.485629 0.408371
0.129679 -0.170259 0.731092
0.0208081 0.110004 -0.715192
0.129679 0.648675 -0.432952
0.129679 -0.138344 -0.25299
-0.120523 -0.344135 -0.902437
-0.0898278 -0.903479 -0.425544
-0.145701 0.229105 -0.0453291
0.129679 -0.727164 0.47679
0.0916383 -0.652358 0.755927
0.129679 -0.773208 0.427042
0.129679 -0.37514 0.151899
-0.120523 -0.836441 -0.14628
-0.145701 0.3102 0.214049
0.129679 0.874705 -0.0989927
-0.120523 -0.784151 -0.288163
0.129679 0.361882 0.829553
0.129679 0.697004 0.668924
0.107135 0.149626 0.987769
-0.120523 -0.323682 -0.750651
-0.145701 0.00956735 -0.379979
0.129679 -0.265284 -0.906704
-0.120523 -0.219684 0.909501
-0.145701 0.465286 -0.125657
0.0973868 0.999689 0.0246245
-0.0730974 0.45199 -0.89187
-0.00572429 0.8929 -0.0396578
-0.0253801 0.0892687 0.686596
-0.122249 -0.568897 0.073031
0.129679 -0.724472 -0.506895
0.129679 0.330176 0.342673
0.0535691 0.901165 0.432984
-0.145701 0.298415 0.0410121
-0.145701 0.390185 -0.372815
-0.120523 -0.459456 -0.564403
-0.145701 0.163949 0.254061
0.129679 -0.507733 0.602692
0.129679 -0.645607 -0.483936
0.129679 -0.208269 -0.037049
0.0139549 0.988748 0.14922
-0.120523 0.342557 0.778951
0.105522 0.0484892 -0.659739
0.106294 0.516677 0.855432
0.129679 0.405294 0.649851
-0.0739171 -0.875434 -0.0713988
-0.145701 0.111242 0.0233262
0.129679 -0.279312 -0.622419
-0.120523 0.917399 -0.0645659
-0.145701 0.21934 0.185244
-0.120523 0.136201 0.582594
0.129679 -0.239012 -0.245805
-0.120523 0.0826762 -0.644887
-0.120523 -0.527295 -0.478329
-0.120523 0.562248 -0.521297
0.129679 -0.585123 0.78642
-0.120523 0.628315 -0.367477
0.098581 -0.832895 -0.551212
-0.120523 0.426688 -0.703604
0.129679 -0.685006 -0.379858
0.129679 -0.475652 0.140316
-0.120523 -0.0748162 0.959219
0.12948 -0.998207 -0.0233236
-0.120523 0.017722 -0.574358
0.0973493 0.952604 0.303776
-0.137514 -0.57354 -0.00863616
0.0297209 0.287517 0.95689
0.129679 -0.348231 -0.545833
0.129679 -0.11876 -0.36901
0.129679 -0.818647 0.147944
0.129679 0.79497 -0.386889
-0.120523 -0.0436653 -0.892057
-0.120523 -0.836663 0.16778
-0.108504 -0.303394 0.951503
0.129679 0.538607 0.40043
0.129679 0.660448 0.334747
-0.120523 0.811125 -0.149894
0.129679 0.349649 0.135249
0.129679 -0.0683153 -0.565459
-0.145701 0.327718 -0.0511791
-0.120523 -0.670585 -0.646871
0.0402288 -0.986065 0.156657
-0.120523 -0.67833 0.547797
0.129679 0.371177 0.723782
0.022844 -0.574689 -0.817217
0.0443071 -0.29333 0.95466
-0.145701 0.446707 -0.167158
0.129679 -0.125035 -0.962602
-0.120523 -0.640078 -0.581141
-0.0585359 0.999999 -0.00131819
-0.145701 0.353121 0.175552
-0.114815 -0.674055 -0.737264
-0.0338861 -0.248601 0.967304
0.107999 -0.170273 0.984173
-0.120523 0.735426 -0.463604
-0.056756 -0.702731 -0.102558
0.129679 -0.188907 -0.740115
0.129679 0.773203 -0.366132
-0.0876029 0.40865 -0.912513
-0.126703 0.363238 0.445224
-0.11507 -0.671889 -0.07201
-0.120523 0.167307 -0.938806
0.129679 -0.0855452 0.139419
-0.0960128 -0.0828797 -0.996046
0.129679 0.501992 0.0551166
-0.145701 -0.334983 0.335358
0.0678713 -0.0708973 -0.876109
-0.120523 0.979033 0.133908
-0.145701 -0.376412 0.0395747
0.129679 -0.454487 -0.621926
-0.120523 0.11106 -0.867021
0.0661856 0.819056 -0.573789
0.0338519 -0.357076 0.932648
0.129679 -0.721825 -0.651275
0.0116974 -0.0683363 -0.877868
0.0528726 -0.105062 -0.839758
0.129679 -0.192517 -0.320744
-0.120523 -0.190199 0.748377
-0.0826411 -0.685497 0.08754
0.129679 0.651844 0.602273
-0.145701 -0.226323 0.426613
-0.145701 -0.0723272 0.267876
0.129679 0.157414 0.64948
0.129679 0.0449088 0.993406
-0.120523 -0.248782 0.761202
0.129679 0.392213 0.205317
-0.0466729 -0.890209 0.452054
-0.120523 -0.355824 0.59174
0.129679 0.185386 0.203792
-0.145701 -0.00986682 0.351659
-0.145701 0.0716881 0.246877
0.129679 -0.849935 0.333383
0.129679 0.770231 -0.259213
-0.018839 0.0423637 0.656747
-0.145701 0.128425 0.524731
0.129679 0.452253 0.676559
0.0977622 0.693915 -0.0945683
0.129679 0.587188 -0.745968
0.0517473 -0.019961 -0.651953
-0.120523 0.670857 -0.433425
-0.11255 0.197382 -0.980018
-0.145701 -0.571054 0.0267796
0.129679 0.829866 0.31551
0.0746355 -0.065207 -0.669162
0.129679 -0.921965 0.146397
-0.0558525 -0.988368 -0.142061
-0.145701 -0.426227 0.213851
-0.120523 0.0120617 0.921579
0.129679 0.484484 -0.740158
-0.120523 0.132204 -0.619586
0.129679 -0.00879 -0.0161032
-0.145701 0.176862 0.337072
0.129679 0.581335 0.19746
-0.0245986 0.0432669 -0.657705
0.129679 -0.43442 0.139342
0.129679 -0.320229 -0.893531
-0.120523 -0.408498 0.767329
0.129679 -0.188162 0.966013
-0.145701 0.502186 0.127066
0.129679 -0.560881 0.0340956
0.129679 -0.132425 0.331456
0.129679 -0.48168 -0.834302
-0.145701 0.0433954 0.357619
-0.120523 0.885568 0.193687
-0.122459 0.25521 -0.515245
0.025861 -0.433741 -0.900138
-0.120523 -0.889682 0.169228
-0.145701 -0.196839 -0.0831401
0.129679 -0.63369 0.465867
0.129679 -0.422561 -0.839805
-0.145701 0.00277423 -0.45751
0.129679 -0.621138 -0.664331
0.129679 0.722771 0.476333
-0.145701 0.0754853 -0.31149
0.0816621 0.345445 -0.938222
0.0714825 0.807487 0.58932
-0.120523 0.361654 0.628345
0.0327397 -0.747854 0.121335
-0.145701 -0.224263 0.303602
0.0619615 0.86111 0.507894
-0.104026 -0.0941584 -0.854801
0.129679 0.369811 -0.528211
-0.120523 0.460477 -0.663427
-0.145701 -0.249726 0.250882
0.129679 -0.11766 0.166857
-0.145701 0.188693 0.286667
-0.145701 -0.197581 0.272155
0.129679 0.631589 0.235413
0.129679 -0.656267 0.434593
0.129679 0.938322 0.339214
0.0378159 0.749244 -0.121939
0.0351411 -0.114836 0.99221
0.0124884 0.629779 -0.776727
0.0553656 -0.650995 0.757102
-0.145701 0.102896 -0.0405722
0.129679 0.195872 -0.418516
0.0686459 -0.166584 -0.98544
-0.0477599 0.977685 -0.210312
-0.080757 0.884404 0.0586701
-0.120523 -0.569653 0.315093
0.129679 0.752749 -0.50907
0.0817994 0.732716 0.679918
-0.02439 -0.120128 -0.745559
-0.041347 -0.997545 0.0427051
-0.145701 0.350094 0.283624
-0.120523 0.188753 -0.752396
-0.00663911 -0.911408 0.407624
-0.120523 0.348405 -0.640806
-0.120523 0.666832 0.156553
0.129679 0.903618 0.186103
0.129679 0.126715 -0.415126
-0.145701 -0.01311 -0.0118158
-0.119347 -0.141761 -0.989336
0.0580833 0.0832687 -0.867517
-0.120523 -0.171015 -0.714702
0.129679 -0.418806 0.494644
0.129679 0.925993 0.271446
-0.145701 -0.216004 -0.530413
0.129679 0.36519 -0.802586
0.129679 0.0839999 -0.510943
0.129679 0.570221 -0.484331
-0.120523 -0.53465 0.704775
-0.120523 -0.890102 -0.379062
-0.00653453 0.955398 -0.295521
-0.0833624 0.952752 0.303315
-0.145701 -0.0516304 -0.0684318
-0.0300732 0.247737 -0.968551
0.129679 -0.297539 0.626151
0.129679 -0.0590538 -0.0844624
-0.120523 -0.721199 0.599287
-0.120523 0.960505 0.0311759
-0.0194042 -0.0860606 0.99514
-0.120523 0.492579 0.304148
0.0942242 0.852553 0.096821
-0.0436137 0.102537 -0.845916
-0.145701 0.00224258 -0.426906
0.129679 0.152735 -0.45017
0.129679 -0.0708386 -0.323507
0.129679 0.440889 0.842088
0.129679 -0.0460255 -0.0298415
-0.120523 -0.82888 -0.174342
0.129679 0.692416 0.146746
-0.120523 -0.147688 0.763744
0.129679 0.266984 0.784879
0.129679 -0.00358988 0.0161257
0.129679 0.487908 0.151756
-0.00983076 -0.114614 -0.992869
-0.120523 -0.565007 0.821588
0.129679 0.0259944 -0.538849
0.129679 0.298608 0.808727
-0.145701 0.490608 0.222737
0.129679 -0.306232 0.694055
-0.120523 -0.406237 -0.836004
0.129679 -0.277071 0.113481
0.129679 -0.149558 0.686772
-0.120523 -0.391598 0.716933
0.129679 0.442177 -0.161047
-0.145701 -0.000737379 0.431429
0.0819634 -0.76079 0.646606
0.00155819 -0.964658 0.25743
-0.120523 0.364176 0.539056
-0.120523 -0.512824 -0.624086
-0.145701 0.0362149 0.488214
0.129679 0.52283 -0.599474
0.129679 0.128761 -0.1947
0.129679 0.3104 -0.608307
0.129679 -0.0726644 0.472834
0.129679 0.427371 0.114562
0.129679 0.233432 -0.549168
-0.120523 0.723576 0.454008
0.129679 -0.86407 -0.137122
0.129679 0.598606 0.249667
-0.0664386 -0.0808357 0.68011
-0.120523 -0.159558 -0.624839
0.04486 0.458295 0.888018
-0.120523 0.741688 0.411043
-0.145701 0.426626 0.101843
-0.120523 -0.637234 0.478516
-0.120523 0.67818 0.321256
0.129679 -0.529934 0.581433
-0.0926285 0.0599179 -0.9978
-0.120523 0.605551 0.0680957
0.0464895 -0.685282 -0.087958
0.129679 -0.818417 0.498042
0.119636 0.393997 -0.918924
0.129679 -0.370951 -0.0100412
0.0367964 0.0272135 -0.65306
0.129679 -0.404529 -0.283234
-0.120523 0.295466 0.782947
0.0828264 -0.690777 0.720963
0.129679 -0.220178 0.142287
-0.145701 0.0441113 -0.360411
-0.0950754 -0.93417 0.352347
0.129679 0.546791 -0.501967
0.129679 -0.500026 -0.535989
-0.120523 -0.619193 0.0600318
-0.120523 0.71166 -0.644427
-0.120523 0.199948 0.788434
0.129679 -0.30107 0.333551
-0.0404226 -0.935863 -0.348459
-0.120523 -0.477125 0.564534
0.0965603 -0.110714 -0.829543
0.129679 -0.608889 0.0704151
-0.120523 0.11462 -0.706259
-0.145701 -0.339736 -0.181234
0.129679 0.879077 -0.200815
0.0761285 0.383023 0.922912
-0.145701 0.129128 0.276787
-0.145701 -0.153488 0.114818
-0.120523 -0.542462 -0.422584
0.111147 0.496222 -0.868069
0.102968 0.744238 0.120138
0.129679 -0.457524 -0.308619
-0.0965571 -0.991035 -0.122002
0.129679 0.218492 -0.745911
-0.120523 -0.636277 -0.505667
0.0491348 0.0114639 -0.999495
0.00788083 -0.223318 0.97347
-0.145701 -0.234111 -0.169795
-0.0868674 -0.115086 -0.992814
0.0349765 -0.612266 0.788776
-0.145701 -0.17611 0.0775884
0.129679 -0.712541 0.248561
-0.0851251 0.656007 -0.0363804
-0.145701 0.289724 -0.341459
-0.034214 0.0969992 0.994274
0.129679 -0.282923 0.141774
-0.010929 0.802062 -0.597304
-0.0483242 -0.0195368 -0.651882
-0.120523 -0.64555 0.274539
0.129679 -0.197751 -0.202812
0.129679 0.535425 0.504842
-0.120523 -0.794067 0.4605
-0.120523 -0.316065 -0.880453
0.018889 -0.12355 -0.774641
0.129679 -0.329909 -0.0733895
0.129679 0.464343 0.0243468
-0.120523 -0.316473 -0.527975
-0.0137615 -0.116814 -0.814896
0.107525 0.658208 0.752173
-0.120523 -0.305807 -0.828668
-0.0402255 0.812809 0.581969
-0.0083151 0.201893 -0.979101
0.00102615 0.724469 -0.689319
0.0305382 -0.293097 -0.955366
0.0209535 0.88716 -0.0538771
-0.145701 0.0398734 -0.424221
0.0931593 0.204024 -0.978661
-0.145701 -0.353065 0.18758
0.129679 -0.969663 0.145396
-0.120523 0.00485215 -0.946458
0.129679 -0.563517 0.246638
0.129679 -0.456175 0.198097
0.129679 0.753804 0.617095
-0.120523 0.594547 0.53808
0.129679 0.630652 0.296327
-0.120523 0.836864 0.288594
0.129679 -0.562175 -0.0266581
0.129679 -0.151265 -0.0421364
-0.120523 0.307742 0.520742
0.0800604 0.701166 0.712361
0.0434214 -0.832458 -0.109733
-0.120523 -0.491437 0.454914
-0.121304 -0.430331 0.379224
-0.120523 0.141858 0.773503
0.129679 -0.481498 0.0289594
0.129679 0.165949 -0.834885
-0.120523 -0.238408 0.702114
-0.120523 -0.443213 -0.823029
0.0422249 0.98227 0.18708
-0.120523 -0.721005 0.24322
-0.120523 0.76265 -0.23114
0.0499033 -0.782597 0.123661
-0.0141365 -0.878596 -0.0666332
0.129679 -0.216545 0.537333
-0.145701 0.261282 0.182575
0.129679 0.355008 -0.120886
0.129679 -0.114425 0.929447
-0.007775 0.530822 -0.847377
0.129679 0.171547 -0.546322
-0.120523 0.467076 -0.346595
-0.120523 -0.603401 0.674672
-0.120523 0.630967 -0.697698
-0.120523 -0.774457 0.259524
-0.0079897 0.662861 0.748081
0.129679 -0.150955 0.376394
-0.120523 0.936016 0.299205
-0.0296353 0.332922 0.942097
0.126105 -0.89324 0.446034
0.00342912 0.990389 -0.138575
-0.120523 0.665068 0.610819
0.129679 -0.435622 -0.00863963
-0.0871084 0.92667 0.375409
0.129679 -0.206757 0.0837336
-0.145701 0.150059 -0.100231
0.129679 -0.570872 0.436746
0.129679 0.63283 0.433797
-0.104822 -0.190274 0.980488
0.129679 0.685314 0.520661
-0.120523 -0.59579 -0.217638
0.126172 0.736455 -0.676505
-0.145701 -0.0349128 -0.414823
-0.120523 0.227197 0.782029
-0.145701 -0.0589699 -0.00913687
-0.145701 0.185792 -0.095842
0.129679 -0.279885 0.424358
-0.145701 -0.0580603 0.367037
0.129679 -0.93984 -0.247283
0.0378634 0.997696 -0.0681343
0.129679 0.542743 0.158525
-0.0354347 -0.0663246 -0.997298
-0.145701 0.25122 -0.302381
0.129679 0.692342 -0.510928
-0.120523 -0.366275 -0.55321
0.129679 -0.802551 -0.406462
-0.120523 -0.738084 -0.6634
-0.120523 -0.2636 -0.538491
-0.120523 0.615614 -0.57715
-0.0690017 -0.622033 -0.781723
-0.093165 0.894466 -0.0346111
-0.0992485 0.480611 -0.876798
-0.120523 0.521535 -0.489362
-0.067931 -0.858421 0.0904224
0.129679 0.747662 -0.275323
-0.145701 -0.0325874 0.116335
-0.145701 -0.18665 0.383151
0.129679 -0.516879 0.170369
0.110606 0.624561 -0.780926
-0.120523 -0.308093 -0.609395
0.129679 -0.204219 0.327426
0.129679 0.0684924 -0.0657905
-0.120523 0.35361 -0.771632
-0.0491389 -0.125602 0.990897
-0.120523 0.547831 -0.658311
-0.145701 -0.399937 0.162149
0.129679 0.590317 0.378777
0.055584 -0.753389 0.655219
0.0481885 0.186715 -0.982098
-0.0423522 -0.886122 0.0522041
-0.145701 0.517213 -0.251484
0.129679 0.343562 -0.762513
0.129679 0.494652 -0.240475
-0.145701 -0.136663 0.437852
0.129679 0.331524 0.912591
-0.120523 0.534026 0.807269
0.129679 0.703438 -0.440477
-0.0718166 0.747595 0.120945
0.129679 0.0386529 0.546802
0.129679 -0.571018 0.60425
-0.120523 -0.851976 -0.370718
0.129679 -0.0136467 -0.111688
0.129679 -0.424554 0.348332
-0.145701 -0.025603 -0.29529
0.129679 -0.667194 0.736441
-0.120523 -0.610378 -0.304847
-0.120523 0.958901 -0.106775
-0.0276838 -0.926286 0.372577
-0.120523 -0.752039 0.613028
0.129679 -0.313613 0.483844
0.0689905 0.0401848 0.891793
-0.103634 -0.167297 -0.985318
0.129679 0.798666 -0.478386
-0.145701 -0.41355 -0.393488
0.0989194 -0.995541 -0.0767911
0.0266509 -0.366581 -0.92958
-0.145701 -0.0375244 -0.343568
-0.0910878 0.929823 -0.368177
0.04407 0.199165 0.979025
0.129679 -0.131546 -0.837287
-0.120523 0.382602 -0.514184
-0.120523 0.544453 0.189678
0.129679 0.300503 -0.718164
-0.120523 -0.522659 -0.678066
0.129679 0.412977 -0.627277
-0.145701 -0.0300747 0.401313
0.129679 -0.352872 -0.252762
-0.120523 -0.0887958 -0.928915
0.129679 -0.0728527 -0.449734
-0.120523 0.0159662 0.977837
-0.120523 0.794643 0.489364
-0.0213002 -0.0960361 -0.696529
0.0917476 -0.294061 0.954435
-0.120523 -0.29301 -0.682586
-0.120523 -0.340758 -0.701389
0.129679 0.0441982 0.939508
0.129679 -0.261437 -0.525435
0.129679 0.544791 0.0918013
0.00173388 -0.0509003 0.886965
0.129679 -0.231647 0.451806
0.0693134 0.653869 0.0277451
0.129679 0.0391941 0.444976
0.129679 0.0434486 0.0477102
-0.0456827 -0.834733 0.107841
0.129679 0.892702 -0.29878
-0.120523 -0.459021 0.799475
0.129679 -0.678932 0.650312
0.129679 -0.884641 -0.238543
-0.120523 0.43116 0.472341
-0.0764257 -0.977952 0.201147
-0.145701 -0.0583236 0.311216
-0.029247 0.0317626 0.998438
-0.120523 -0.401326 -0.789259
-0.020361 -0.351269 -0.935488
0.129679 -0.688146 0.385005
-0.120523 0.218716 0.580964
-0.145701 0.336733 0.151893
-0.120523 0.895447 -0.120259
0.0488852 0.874862 0.483858
0.102645 -0.216365 -0.975677
0.10551 0.875271 0.483119
0.0403237 0.765583 0.123642
-0.0161212 -0.985015 -0.163756
0.129679 0.110872 0.630474
0.129679 -0.0386638 0.341035
0.00509145 0.0470807 0.889258
0.129679 0.116487 -0.380671
-0.120523 -0.51109 0.812144
-0.120523 -0.554069 -0.700952
-0.0281302 -0.161215 -0.986337
0.129679 0.0108132 -0.234884
0.129679 0.484958 0.628176
-0.120548 -0.26161 -0.511251
0.129679 -0.552992 0.0719008
-0.145701 0.327651 0.420524
0.0126824 0.837296 0.546206
0.072275 -0.11957 -0.743323
0.111364 0.809571 0.119087
0.129679 0.582974 0.526661
-0.145701 0.0283467 -0.118057
-0.120523 0.840338 -0.371973
0.129679 -0.949346 -0.181611
-0.120523 0.530377 0.518344
-0.113947 0.604452 0.795946
0.0057451 0.377262 -0.925909
-0.0777697 0.770987 0.63626
0.129679 0.623886 0.726247
-0.120523 0.269957 0.876769
-0.145701 -0.571754 -0.0374496
-0.120523 -0.655318 0.0966697
0.116216 -0.113414 0.823063
0.129679 -0.0996958 0.303767
0.129679 -0.619372 -0.0234831
-0.120523 0.304171 -0.716693
0.129679 -0.0434494 -0.455883
-0.120523 0.696034 0.554847
-0.120523 -0.479012 -0.596134
0.129679 0.350705 0.401399
0.129679 0.242065 -0.88959
0.129679 0.424974 0.482787
-0.120523 0.942265 0.211218
0.129679 -0.382929 0.0404442
-0.120523 0.392125 0.803191
-0.120523 -0.772046 -0.443109
-0.120523 0.495099 0.741001
0.0175846 0.899003 0.00811655
0.129679 0.479388 -0.510362
-0.145701 -0.55212 -0.0935762
-0.145701 0.188926 0.485519
0.129679 0.518031 -0.365155
-0.0656844 0.352297 0.935043
0.0605342 0.638555 0.768901
-0.120523 -0.840178 0.139852
0.129679 0.473111 0.846097
0.129679 -0.0786986 -0.949663
-0.145701 -0.18058 0.461758
0.121287 -0.433553 0.899595
-0.0368061 0.117328 0.730686
-0.145701 -0.0531341 -0.206234
0.00660671 -0.893256 0.0328485
0.129679 -0.758918 0.153965
0.129679 0.288287 -0.818237
-0.094534 -0.525714 0.848974
-0.0767578 0.00274413 0.998917
0.129679 -0.0398879 -0.354054
-0.0294383 0.336938 -0.941305
0.129679 -0.923701 -0.144346
0.0969658 0.111481 0.830426
-0.120523 0.138727 0.938731
0.108403 -0.704792 0.707259
0.0319693 -0.885396 0.461411
0.0569335 0.896771 -0.442633
0.129679 0.821479 -0.238133
0.129679 -0.291289 -0.263072
-0.0071327 -0.326038 -0.944601
0.129679 -0.358371 -0.445766
-0.145701 0.138456 -0.470801
-0.120523 -0.962797 0.0305433
-0.120523 0.845021 -0.252611
-0.120523 -0.84417 0.319613
-0.0168887 -0.350533 0.935132
0.0950769 -0.95032 -0.306768
-0.0137346 0.189871 0.980862
0.129679 -0.316936 0.896356
0.129679 0.295945 0.866709
0.129679 0.249946 -0.228767
0.129679 0.416305 0.343007
-0.137226 0.226615 0.527779
0.129679 0.354019 -0.3299
0.129679 -0.561166 0.633059
0.129679 0.227854 -0.0178475
-0.120523 -0.704112 0.520984
0.129679 0.513457 0.261289
-0.0201092 -0.430215 -0.901832
0.129679 -0.130605 -0.883482
0.129679 0.865817 0.445256
0.129679 0.210505 0.108912
0.129679 0.690408 -0.465571
0.129679 0.406026 -0.328105
-0.120523 0.96577 -0.0415298
0.129679 -0.290503 0.821298
-0.145701 0.0243043 -0.0636752
0.119225 0.889525 0.0479784
-0.0894033 0.118282 -0.815069
0.129679 0.375821 0.307609
0.129679 -0.21557 -0.407449
-0.120523 0.694374 0.39925
0.0359628 0.861323 0.0891159
-0.105787 -0.601687 0.796882
-0.0664307 0.863239 0.504271
-0.0160461 -0.871352 -0.488053
0.129679 -0.458033 0.358041
0.129679 -0.0116062 -0.323947
0.129679 -0.364285 0.878428
-0.145701 -0.49455 -0.204644
0.129679 0.687665 0.555527
-0.145701 0.0865777 0.317156
0.129679 -0.895615 0.389148
-0.120523 0.403591 0.758871
0.129679 -0.334418 -0.692131
0.10019 0.0895301 0.994969
0.129679 -0.639836 0.49198
-0.120523 0.596398 -0.371215
-0.120523 0.289489 0.570018
-0.120523 0.368958 -0.86819
-0.120523 -0.745158 -0.359094
0.129679 -0.366978 -0.514038
0.129679 0.43457 0.0285563
0.129679 0.932621 -0.18386
0.126691 -0.157446 -0.986948
-0.120523 0.441028 -0.436727
0.000584381 -0.991253 0.119582
0.0835408 0.867851 -0.496938
-0.120523 -0.728115 -0.528664
-0.120523 -0.636336 -0.362226
0.129679 0.471239 0.279914
-0.145701 -0.0654798 0.506197
0.0696324 -0.947863 0.313655
-0.120523 0.916174 -0.262889
0.123731 -0.462541 0.88502
-0.0321816 0.0302998 -0.999116
-0.120523 -0.433807 -0.554341
-0.145701 0.135489 0.448075
-0.145701 0.171972 0.437385
-0.0491629 -0.0214308 0.998673
-0.120523 -0.269976 -0.772067
0.121801 0.304206 0.951731
0.0584964 -0.883045 0.465896
-0.145701 0.186956 -0.461877
-0.145701 0.202942 -0.328638
0.129679 0.799505 -0.1862
0.129679 -0.357657 0.711795
-0.0014314 -0.695187 -0.717341
-0.145701 -0.144123 -0.0829635
-0.145701 0.573277 -0.0188112
0.122542 -0.764769 -0.642525
0.129679 -0.430143 -0.0372166
-0.00616204 -0.0896078 -0.859892
0.129679 0.233488 0.885951
0.129679 0.282529 -0.018136
0.129679 0.856783 0.158314
0.129679 -0.376312 0.667355
-0.120523 0.89547 0.27073
-0.00152174 0.922832 -0.385366
0.129679 0.30436 0.0714396
-0.145701 -0.194608 0.20912
-0.0546015 0.663705 0.0551183
0.129679 -0.243697 0.81487
-0.120523 -0.484815 -0.402974
0.0804572 0.939658 0.341663
-0.145701 0.132271 -0.398072
0.00698182 -0.794362 0.604867
-0.0816657 -0.743448 -0.667116
0.129679 -0.445714 -0.11274
0.0911064 0.124968 -0.77977
-0.120523 -0.464064 -0.877171
-0.0181447 -0.674838 -0.0760155
-0.120523 -0.186783 -0.861651
0.129679 -0.220346 0.295858
0.110247 -0.848823 0.525682
-0.120523 0.759554 -0.314486
0.129679 -0.540885 -0.612833
-0.120523 0.778277 -0.200847
0.0775986 0.93787 -0.347166
-0.120523 0.623053 -0.177489
0.129679 0.753945 0.366819
-0.120523 0.581832 -0.681361
-0.120523 -0.526563 -0.311678
-0.115597 0.454824 0.889797
0.0953823 -0.367898 -0.929058
-0.145701 0.42947 0.0421657
0.0903033 -0.880122 -0.0641496
-0.120523 0.724027 -0.586572
-0.120523 -0.60507 0.0282768
0.12904 0.828283 -0.560392
0.129679 -0.049619 0.595315
-0.120523 -0.243145 0.877718
0.067558 -0.11732 0.735032
-0.120523 0.761687 -0.413486
0.0673446 -0.835764 0.546212
0.129679 -0.558366 0.151543
-0.120523 0.410791 0.63324
0.00325006 -0.106927 -0.83663
-0.124761 0.296435 -0.492732
-0.120523 0.434823 -0.393106
0.129679 -0.153424 0.111476
-0.145701 0.260579 -0.428169
-0.145701 -0.347661 -0.129719
0.129679 -0.118874 0.0663363
0.129679 0.632141 -0.131743
0.129679 0.372092 -0.395771
-0.120523 -0.376712 0.856576
0.129679 0.549516 0.291476
0.129679 -0.339622 0.01086
0.129679 0.269521 0.0619876
0.021864 0.687804 0.0883136
0.0689004 -0.0808112 0.680089
-0.120523 0.85877 0.342801
-0.120523 -0.392632 0.63203
0.129679 0.0206077 0.492316
-0.145701 0.382339 0.177814
-0.120523 0.458411 0.751871
-0.145701 0.280169 0.39983
0.0231574 0.442424 0.896014
-0.120523 0.596859 0.211343
0.046756 0.0829681 0.680639
0.0438181 -0.852805 -0.519829
-0.0493953 -0.313706 0.948146
0.0975229 0.652259 -0.0201889
-0.145701 0.231542 -0.424417
0.0571951 0.438248 -0.898693
-0.0179655 0.994902 0.10049
-0.145701 -0.102327 0.505967
0.129679 0.349799 -0.907613
-0.120523 0.774476 0.293583
0.129679 0.26973 0.183653
-0.120523 0.632941 -0.600148
-0.145351 0.555364 -0.149692
0.0133598 0.46253 -0.886457
-0.0786282 0.986067 0.165967
-0.0290145 0.960428 0.278103
0.129679 0.486492 -0.0512169
0.129679 0.969792 0.0514518
0.129679 0.219669 -0.599431
-0.0138771 -0.442998 0.894976
0.129679 0.927016 -0.258193
-0.120523 0.409457 -0.795229
0.033697 -0.393101 -0.918654
-0.113941 -0.456527 0.888141
0.129679 0.0577727 0.288175
0.129679 -0.854225 -0.321156
0.129679 0.532398 0.603766
0.129679 0.0683816 0.331853
0.0552439 -0.167025 0.984731
-0.120523 0.460023 -0.762288
0.0857081 -0.120296 -0.802786
-0.145701 -0.191409 -0.0224841
-0.120523 0.951966 -0.281128
-0.109397 0.714095 -0.700053
-0.116856 0.966215 0.257319
0.129679 0.815248 0.358658
0.129679 0.594355 0.323221
-0.120523 -0.559051 0.60626
0.129679 -0.306514 -0.719791
-0.145701 0.220512 0.433921
-0.0137568 0.528355 0.848282
-0.120523 -0.176194 -0.792515
-0.0270077 0.900879 -0.434213
0.014557 -0.654473 -0.0363617
0.00168818 0.424983 0.904399
-0.0548959 0.996606 -0.0826076
0.129679 0.311645 -0.50381
-0.120523 0.434646 -0.513588
0.129679 0.567178 0.759238
-0.120523 0.660528 0.542365
-0.000576081 0.999898 0.0139261
0.129679 -0.0958226 -0.918027
0.129679 -0.729378 0.514904
-0.120523 -0.697889 -0.613998
-0.120523 0.104718 -0.984731
-0.120523 -0.164818 0.799361
-0.145701 -0.43093 -0.140054
0.0861914 -0.778401 0.625283
-0.145701 0.23197 0.245123
0.0971199 0.0375656 -0.998875
-0.120523 0.145149 0.643909
-0.120523 0.793337 -0.271231
0.129679 -0.578604 -0.686397
-0.0648054 0.899197 0.00448073
-0.145701 -0.319233 -0.399673
-0.0473899 0.160492 -0.986704
0.129679 -0.351503 -0.891755
0.0798965 -0.866703 0.49564
-0.019009 -0.954381 0.293233
-0.120523 0.43157 0.814841
0.129679 -0.0909549 0.00593749
0.0399361 -0.663337 0.0573878
-0.120523 0.165019 -0.67646
-0.0936454 0.122865 -0.751172
0.129679 0.170644 -0.113972
0.129679 -0.41226 0.435379
0.129679 0.308855 -0.439934
-0.00120723 -0.629723 0.774899
-0.145701 0.0709668 0.000674915
-0.120523 -0.549046 0.58106
-0.120523 -0.70909 0.407307
0.129679 0.270288 -0.416625
0.0968997 -0.770762 -0.124602
0.129679 -0.834792 -0.239956
-0.120523 -0.86757 0.426208
0.101852 0.694876 0.0947523
-0.120523 -0.649631 0.221086
-0.145701 0.277881 -0.0697213
-0.145701 -0.000482603 0.233496
0.0850315 0.115558 -0.726816
0.129679 0.524198 -0.0919456
0.129679 -0.244638 0.0106655
0.129679 0.48552 -0.194706
-0.145701 0.324555 -0.230962
0.10342 -0.747557 0.661867
-0.120523 -0.270292 0.93622
-0.0812578 0.962732 0.270036
0.129679 0.500226 0.651017
-0.145701 0.140783 0.0216387
-0.145701 -0.0854619 -0.12441
0.0250325 -0.785488 -0.616985
-0.120523 0.573564 0.113237
0.129679 -0.467608 -0.128867
-0.104393 -0.87299 -0.485112
0.00278886 -0.659987 0.0504845
-0.120523 0.46542 -0.38768
0.129679 0.697618 -0.263288
-0.0910343 -0.695743 0.716168
0.129679 -0.597271 0.690875
-0.0905077 0.877418 -0.479848
-0.120523 -0.77121 -0.521813
-0.120523 -0.988096 0.101848
-0.120523 -0.438727 0.573714
0.129679 0.277922 -0.237913
-0.145701 -0.243041 0.0248244
0.129679 -0.0683707 0.259085
0.129679 0.432485 -0.419684
-0.120523 0.501757 0.395666
0.0132538 0.240245 -0.970431
-0.145701 0.473542 -0.290325
0.129679 -0.567608 -0.655715
-0.0321052 -0.420179 0.905928
-0.145701 0.193535 -0.0146716
-0.028405 -0.538314 0.841032
0.129679 0.444238 0.191899
0.129679 0.692263 0.238045
-0.120523 -0.751441 0.312195
-0.120523 -0.628806 0.301987
0.129679 -0.765148 -0.604161
0.129679 -0.132273 -0.571393
0.00714057 -0.663868 -0.746465
-0.145701 0.303906 0.480792
0.129679 0.297427 -0.20921
-0.120523 -0.829448 0.35229
-0.081754 -0.495492 -0.867613
-0.145701 -0.248828 -0.251503
0.129679 -0.439821 0.043443
0.129679 0.522763 -0.712221
0.129679 0.597573 0.150609
0.129679 0.501211 -0.826855
-0.145701 0.0423881 0.460163
0.129679 0.097161 -0.437638
0.129679 -0.479564 -0.769119
0.0824063 0.966009 -0.258726
-0.058248 0.699968 0.713537
-0.120523 0.803291 0.407601
-0.120523 0.51441 0.761813
0.129679 0.489016 -0.455522
0.129679 -0.259341 0.457969
-0.120523 -0.781213 -0.225672
-0.120523 0.559887 -0.417273
0.129679 -0.867887 0.222733
-0.120523 0.176975 0.747983
0.129679 0.391 -0.00247895
-0.0447855 -0.976861 0.206378
0.129679 0.644599 -0.258502
0.129679 0.11742 0.89389
-0.120523 -0.67618 0.635023
-0.120523 -0.909252 -0.285826
-0.11817 -0.921066 -0.385936
0.0471546 -0.778079 -0.124545
0.129679 0.0658616 -0.624635
0.129679 -0.341643 -0.20541
-0.120523 -0.113507 0.893599
0.129679 -0.154172 -0.610253
0.0127217 -0.89413 0.444247
0.129679 0.37649 -0.84613
-0.120523 -0.0458149 -0.640557
-0.120523 0.286562 0.700219
0.0728019 0.216648 0.97532
0.129679 -0.590711 -0.0587278
0.129679 0.0923686 0.552532
-0.120523 -0.0871974 0.936087
-0.145701 -0.25664 -0.189578
-0.120523 -0.432859 0.532842
0.129679 0.285934 -0.672998
-0.111152 -0.936784 -0.345969
-0.04592 0.890514 -0.046196
0.129679 0.252529 -0.78528
-0.100072 0.868418 0.495313
0.129679 -0.0623095 -0.502692
-0.120523 0.599516 -0.0958139
-0.0907563 0.810713 -0.119383
-0.0284212 0.866257 -0.0847067
-0.120523 0.830746 -0.209829
-0.0266298 -0.741383 0.119791
-0.120523 0.462551 0.500915
0.0338257 -0.078807 0.869406
0.129679 -0.470195 -0.248105
0.129679 0.405951 0.132045
0.129679 -0.00672657 -0.490266
-0.0453186 0.66908 0.742533
-0.145701 -0.0254232 0.032758
0.0646413 0.716153 0.697315
0.129679 0.144635 0.546104
-0.0891309 -0.221488 0.973889
0.129679 0.129633 0.338343
0.0906537 -0.102719 -0.705641
0.129679 -0.560977 -0.325003
-0.120523 0.92777 -0.196875
0.105707 0.670869 -0.741553
-0.120523 -0.894347 0.294184
-0.120523 0.299404 -0.62292
0.129679 0.15325 0.854071
0.129679 0.448016 0.292942
-0.120523 -0.114884 -0.959935
0.129679 -0.547265 0.686423
0.129679 0.747495 -0.566594
0.129679 -0.700032 0.680537
-0.120523 0.729182 -0.41041
0.0538193 0.0657669 0.996803
-0.120523 0.101782 -0.923489
0.129679 0.66633 0.19282
-0.120523 0.330326 -0.939191
0.0453984 -0.993951 0.0946314
0.129679 0.905203 0.142514
0.129679 0.501621 0.126131
-0.145701 -0.338543 0.0822709
0.129679 -0.215508 0.848337
-0.145701 0.452499 0.280672
-0.0693465 -0.0271374 0.652752
-0.120523 -0.599692 -0.577209
-0.120523 -0.529114 -0.823057
-0.120523 -0.597161 -0.345884
0.129679 -0.0544688 -0.178641
-0.145701 -0.419173 -0.184658
0.023507 -0.99805 -0.0293618
-0.143272 0.547762 0.17486
0.0314101 -0.123443 0.779065
0.129679 0.540477 0.212822
-0.120523 -0.234393 -0.726503
0.129679 -0.426021 0.646781
-0.145701 -0.4356 -0.3209
0.129679 -0.939148 0.242175
0.129679 -0.923826 -0.303722
0.129679 0.599583 -0.658164
-0.00996335 0.856156 -0.516821
-0.0213319 0.0759102 -0.996723
-0.145701 -0.0895666 0.0964538
0.129679 0.279861 0.897401
-0.120523 0.364478 -0.909936
-0.120523 -0.56308 0.354249
0.129679 0.235574 0.717763
0.129679 0.555313 -0.162095
-0.120523 0.852115 -0.152829
0.129679 -0.486689 -0.416835
-0.0125941 0.873776 0.0751317
0.015523 0.31477 0.9483
-0.120523 -0.680778 0.493773
0.129679 -0.567136 0.192016
0.129679 0.145473 -0.239876
-0.0600928 0.969984 -0.243391
0.0560846 -0.86019 0.506862
-0.120523 -0.231052 -0.770391
0.129679 -0.811203 0.290564
0.129679 -0.559557 0.330327
-0.120523 -0.650728 0.535925
-0.145701 -0.119926 -0.508409
0.0681173 0.651018 -0.759027
0.126829 0.713421 0.700107
0.129679 0.600791 0.0320562
-0.120523 -0.935723 0.343114
0.129679 -0.184406 0.418671
-0.145701 0.153164 -0.147931
0.129679 -0.0676826 0.886533
-0.0862808 -0.143645 0.988429
-0.120523 0.176332 0.628801
-0.145701 -0.289763 -0.464329
-0.120523 0.143566 0.850285
0.129679 0.671245 0.72628
0.129679 -0.151027 0.312357
0.129679 -0.164067 0.23608
0.125497 0.399422 0.91595
0.129679 0.367471 0.757273
0.105235 0.126406 -0.991622
-0.120523 0.852833 0.178446
-0.120523 -0.944966 0.0981323
-0.120523 -0.488128 -0.539163
0.129679 0.312387 0.668516
-0.0996804 -0.117339 0.8127
-0.145701 -0.0949207 -0.0816531
0.129679 0.289029 -0.389036
-0.0767933 -0.756876 0.122888
-0.145701 0.142749 0.303638
-0.120523 -0.658094 0.588154
0.129679 0.774235 0.595595
-0.120523 0.101094 0.611862
-0.120523 -0.465753 -0.654641
0.0100251 -0.975573 0.212379
-0.145701 -0.145477 0.254033
-0.120523 -0.202136 -0.919748
-0.0523246 -0.788198 -0.613515
-0.145701 -0.360061 -0.398951
-0.0686201 -0.998454 0.00573229
0.129679 0.20385 0.843283
0.129679 0.0346275 -0.0677267
-0.120523 0.333533 0.81011
-0.145701 0.324318 0.332113
0.129679 -0.612448 -0.536454
-0.120523 0.682608 -0.391289
-0.145701 -0.294274 -0.39097
-0.0522504 -0.872891 -0.48529
0.129679 -0.442523 -0.389214
0.129679 0.405214 -0.114725
-0.145701 -0.369212 -0.218474
0.0317467 0.0467905 0.658415
-0.145701 0.290219 0.370826
-0.0137372 -0.00869625 0.897848
-0.120523 0.840555 -0.285884
0.129679 0.660503 0.434504
-0.120523 0.663415 -0.629049
-0.145701 -0.525164 0.0159275
0.129679 -0.142634 -0.197226
0.0975958 -0.994334 0.0905318
-0.145701 -0.145563 -0.123103
0.0199011 -0.809342 0.584663
0.0240513 -0.916004 0.397186
-0.120523 0.840956 -0.336328
-0.000816354 -0.207961 -0.97751
-0.120523 0.872783 0.229292
-0.00773401 -0.510817 -0.858662
-0.120523 0.340828 -0.591327
0.129679 -0.1734 -0.879919
-0.120523 -0.440309 -0.7247
-0.120523 0.211713 -0.653631
0.129679 0.556588 -0.660628
-0.145701 0.23647 0.270705
-0.120523 0.223123 0.869402
-0.120523 0.742269 0.481604
-0.120523 0.317587 0.854082
-0.120523 0.546676 -0.18216
0.129679 -0.297831 0.190658
0.0992777 0.0276612 0.895264
0.129679 0.152865 0.938411
0.129679 -0.275756 0.937204
-0.0750391 0.015738 -0.99944
0.129679 0.196473 -0.225375
0.129679 -0.530378 -0.377249
0.129679 0.597562 -0.405221
0.129679 0.64796 -0.664948
0.129679 -0.150007 -0.409244
-0.120523 0.825954 -0.557445
-0.120523 -0.857413 0.372742
0.115111 -0.889613 -0.0445843
-0.145701 -0.209191 0.176456
-0.145701 0.402408 0.00899832
-0.145701 0.089819 0.285533
-0.0336517 -0.915232 -0.399597
0.129679 -0.255653 0.701458
-0.120523 0.296493 -0.844452
0.129679 -0.472534 0.418705
-0.120523 -0.780097 0.369442
-0.144466 -0.132119 -0.559098
0.129679 -0.400648 0.758089
0.129679 0.339835 0.520667
0.129679 -0.172612 -0.12174
0.129679 -0.426318 0.559278
0.129679 0.0611361 0.8829
0.0136161 0.99704 -0.0771766
0.00648426 -0.0663287 -0.669873
-0.120523 -0.573652 -0.422491
-0.145701 -0.185096 0.0152138
0.129679 0.858002 -0.217909
-0.11961 0.121302 0.743485
0.129679 -0.875505 -0.422215
-0.126757 0.0006059 0.574047
-0.120523 -0.361269 -0.494336
0.129679 0.269127 -0.467579
-0.113737 0.665271 0.0581565
-0.145701 0.0694351 -0.528115
-0.120523 0.420411 0.602094
-0.145701 0.0764911 0.456476
-0.120523 -0.751461 -0.483775
0.129679 0.345312 0.466264
-0.145701 0.0903865 -0.199074
-0.120523 0.589685 -0.139269
-0.145701 -0.33708 -0.0368064
0.0080551 -0.593322 -0.803768
-0.120523 0.0604997 -0.600134
-0.145701 -0.225904 0.124398
-0.120523 0.704519 -0.337973
-0.040177 -0.978694 -0.198142
0.129679 0.469975 -0.385486
0.129679 -0.36697 0.277487
0.119691 -0.354949 -0.934094
-0.0731955 0.800302 0.599026
0.129679 0.712714 0.394533
-0.145701 -0.38849 -0.352749
-0.120523 0.60448 -0.00533416
0.129679 -0.668729 0.292935
-0.0136557 0.776132 -0.630616
-0.145701 0.0380241 -0.278188
-0.120523 -0.357186 -0.760287
0.129679 0.0620691 -0.278615
0.129679 -0.61747 0.220619
-0.104305 0.00158119 -0.650216
0.129679 0.573191 0.78438
0.129679 0.719761 -0.625538
-0.120523 -0.582511 -0.735972
0.129679 0.90943 -0.151145
-0.0942941 0.0782033 -0.67728
0.129679 -0.370468 0.641597
-0.145701 0.138369 0.216228
-0.120523 0.876134 0.130596
-0.120523 0.433575 -0.550449
-0.120523 0.343539 -0.842387
-0.145701 0.495838 0.270108
-0.120523 -0.79587 -0.553419
0.129679 0.447677 -0.30215
0.129679 0.873612 0.221899
0.129679 0.407305 0.381918
0.037673 0.945425 -0.326029
-0.120523 -0.493536 -0.696973
-0.120523 -0.229776 -0.804927
0.0815145 0.441398 0.896519
-0.095762 0.272829 0.961168
-0.120523 -0.795364 -0.395984
0.129679 -0.192713 -0.157754
0.031306 0.652141 -0.0194424
-0.120523 0.822037 -0.452284
-0.120523 -0.502751 -0.776296
0.129679 -0.435299 -0.76399
-0.0346995 -0.988344 0.141588
0.129679 -0.0416213 -0.403436
0.129679 -0.614631 -0.444056
-0.120523 0.195245 0.724602
-0.0355335 0.661031 -0.75033
-0.120523 0.584006 0.239895
-0.120523 -0.131864 0.850454
-0.120523 0.914238 0.0467785
-0.145701 -0.360301 0.0194977
0.129679 0.833703 0.26123
0.129679 0.393789 -0.0388001
-0.120523 -0.249719 0.826295
-0.145701 -0.162423 0.440033
0.129679 -0.257692 -0.0645568
-0.120523 0.998285 -0.0447215
0.129679 0.0164664 0.461471
-0.145701 -0.193559 -0.153476
-0.0973981 -0.742082 0.668004
0.0418752 -0.480062 -0.876261
-0.120523 -0.305321 -0.787069
-0.145701 0.533905 0.116565
-0.120523 0.600306 0.121913
0.129679 -0.410313 -0.510711
-0.145701 0.394461 -0.240345
0.129679 0.778513 0.532025
-0.120523 0.749955 -0.358814
-0.110604 -0.996393 0.0641045
0.129679 0.175723 0.305634
0.129679 0.470278 -0.696013
0.129679 0.385823 -0.692766
-0.120523 -0.392618 0.917444
0.129679 0.303576 -0.57397
0.0101676 -0.894388 -0.0290821
0.129679 -0.931882 0.275908
-0.144192 0.348443 0.456863
-0.120523 -0.33211 0.725389
-0.0710694 0.609989 0.791717
0.129679 0.460009 -0.841284
-0.145701 0.408032 0.276972
-0.145701 0.514975 -0.0725565
-0.120523 0.688354 -0.175686
-0.145701 -0.115572 0.562039
0.00772888 -0.554679 -0.830952
0.129679 0.352645 0.697747
0.129679 0.880322 -0.427441
0.0657143 -0.435666 -0.899205
0.000489932 0.0829363 -0.681245
0.129679 -0.139538 -0.801855
-0.0792027 0.975454 0.219802
0.0701366 -0.842096 0.103324
0.0319694 -0.649237 0.00477127
-0.145701 -0.125843 -0.166864
0.020648 -0.843657 -0.102906
0.129679 -0.179145 0.203037
0.0384008 -0.119696 -0.805245
0.0767206 -0.216407 -0.975668
-0.120523 -0.342568 0.812045
-0.120523 0.229064 -0.883771
0.129679 -0.828248 -0.210153
0.129679 -0.317857 0.387173
-0.145701 -0.029084 0.164743
0.129679 -0.743071 0.344794
0.129679 0.662561 0.0655908
-0.0891388 0.721406 0.691888
-0.145701 0.386143 0.0558586
0.129679 0.497329 0.289258
0.0619793 -0.984767 -0.165245
0.129679 -0.381736 0.905136
-0.120523 0.638695 0.241497
0.129679 -0.558058 -0.104615
-0.120523 -0.118836 -0.708196
0.0161978 0.827326 0.112437
-0.120523 0.476954 0.657702
0.129679 0.40468 -0.840426
-0.120523 0.487655 -0.65963
0.129679 -0.405992 0.709583
0.129679 -0.885608 -0.362777
0.129679 -0.23817 0.901561
-0.0949968 -0.0411276 0.998041
0.129679 0.225984 -0.626116
-0.120523 -0.391244 0.747904
-0.0483732 -0.867265 0.494656
0.129679 0.465191 0.244314
0.129679 -0.416135 -0.171775
0.129679 0.675719 0.286038
0.129679 -0.414991 0.392487
0.129679 0.512546 0.220377
-0.145701 -0.108062 -0.481397
-0.120523 -0.645756 -0.556187
-0.120523 0.644883 -0.127161
0.129679 -0.453217 -0.867937
0.129679 0.0783641 -0.0326437
-0.0757423 0.227438 0.97287
0.00343706 0.698873 -0.715241
-0.120523 0.441613 0.558128
-0.120523 -0.502683 0.431312
-0.120523 0.759754 0.177687
-0.120523 0.644939 0.562649
-0.145701 0.0791962 -0.174128
-0.120523 -0.582155 -0.384644
-0.124184 0.138216 0.557358
0.129679 -0.00417986 0.585836
0.0245422 -0.563405 0.824417
0.129679 0.755777 0.488363
0.119458 0.904866 0.42521
0.129679 0.721469 -0.287207
-0.0987166 0.397813 0.916648
-0.0330418 0.877971 -0.478835
-0.0756863 -0.297242 -0.95408
-0.120523 -0.154504 0.642768
0.129679 0.444435 -0.470637
-0.115887 0.655274 -0.755359
0.10424 -0.752569 -0.656794
-0.145701 -0.158138 0.0489675
-0.120498 -0.01399 -0.897964
-0.145701 -0.476463 0.155589
0.129679 0.735221 -0.489133
-0.120523 0.618088 0.571131
0.129679 -0.234285 -0.379707
-0.0939919 -0.786298 -0.615952
0.129679 -0.506404 -0.329211
0.129679 0.937651 -0.0692554
-0.0969475 0.021841 -0.897042
0.0325767 -0.12168 0.752413
-0.145701 -0.112983 -0.220065
0.104273 -0.0320068 -0.999015
-0.145701 0.475459 -0.182579
0.129679 0.659898 0.4787
-0.0814851 -0.815283 0.576346
-0.145701 0.277874 -0.216551
0.0787549 0.0514142 0.660366
-0.145701 0.201595 -0.127868
0.129679 0.498084 -0.316904
0.129679 0.471441 -0.285599
-0.120523 -0.683488 0.374725
0.129679 -0.024838 -0.376787
0.129679 -0.0127493 0.156729
-0.0248059 -0.378243 -0.924885
-0.120523 0.867446 -0.48163
0.129679 0.843707 0.506532
-0.107833 -0.950673 0.305036
0.129679 -0.0473329 0.629009
-0.0108205 0.743856 -0.668363
-0.120523 -0.841308 -0.461066
-0.120523 0.697246 -0.616984
0.129679 -0.0916101 0.358981
0.0246214 0.389148 0.920352
0.0158867 0.892192 0.0410884
0.129679 0.338786 0.318015
0.129679 -0.416738 -0.644505
0.129679 0.0871216 -0.915219
0.100437 -0.569257 -0.821017
-0.120523 0.239304 0.701939
-0.120523 0.289954 0.837606
-0.120523 -0.100031 0.626008
-0.120523 -0.632683 -0.0438168
-0.120523 0.557298 0.524636
-0.105127 0.0979789 0.696413
0.129679 -0.527427 -0.585163
0.129679 0.628783 0.756633
-0.120523 -0.534249 0.209013
0.129679 -0.632151 -0.697563
0.0648461 -0.894828 -0.0271629
-0.145701 0.0596571 -0.153533
-0.0397903 -0.997851 -0.0355334
0.129679 -0.61421 0.365414
0.129679 -0.0671383 -0.403529
-0.120523 0.614424 0.705463
-0.120523 -0.196584 0.539539
0.129679 0.761187 -0.648086
-0.0581895 -0.724452 0.687095
0.129679 -0.721093 -0.622428
0.129679 0.511549 0.70921
-0.120523 -0.394958 0.421387
-0.102896 0.992574 0.121281
-0.0739114 0.961264 -0.275838
-0.145701 -0.14484 0.392124
0.0741645 -0.754837 -0.12323
0.0943914 0.11417 -0.825452
-0.10742 0.912564 -0.409088
0.129679 -0.472059 0.66961
-0.120523 0.317586 0.658307
0.129679 0.132842 0.078157
-0.0277167 -0.111711 0.720947
-0.120523 -0.747942 -0.576836
-0.105214 -0.894237 -0.0297108
-0.121406 0.35387 -0.453318
0.129679 0.692724 -0.21147
-0.120523 -0.0790972 -0.905337
-0.060547 0.588575 0.807737
0.066784 0.263176 0.963847
0.104966 0.0122838 -0.898307
-0.120523 0.409693 -0.63703
-0.120523 -0.79108 0.306978
0.129679 -0.393921 -0.124112
0.038398 0.975847 0.218055
0.129679 0.089794 0.958507
0.129679 0.562787 -0.616175
-0.0500581 0.878957 -0.0684481
-0.0527 -0.200824 0.978374
0.129679 0.602828 -0.319007
-0.120523 -0.147792 0.967894
-0.0591896 0.788364 -0.615263
-0.120523 0.813591 -0.533763
-0.145701 0.114661 -0.319324
-0.120523 0.87037 -0.124327
-0.145701 0.394349 -0.28947
0.129679 0.175722 -0.0273751
0.103672 0.549952 0.834468
-0.120523 -0.308133 0.851472
0.129679 -0.226514 0.577878
-0.0614395 0.875636 0.0726315
-0.0602794 -0.93023 -0.363254
0.0771724 0.751971 0.658592
0.0687519 0.559895 -0.828475
0.0483767 0.999711 0.0237144
-0.120523 0.577726 0.65915
0.100562 -0.941173 0.333191
0.129679 -0.0791043 0.197404
-0.120523 0.531605 0.34337
-0.145701 -0.288547 -0.34568
0.109098 0.349183 0.936207
0.129679 0.0267939 -0.300087
-0.120523 0.5048 -0.636999
-0.120523 -0.675504 -0.224841
0.129679 0.324437 -0.29103
0.129679 -0.210612 -0.538507
0.129679 -0.0593204 0.378378
0.129679 0.973688 0.19117
-0.120523 0.633515 -0.278264
0.129679 -0.397408 0.618529
0.129679 0.266938 0.933411
-0.120523 -0.206155 0.780798
0.129679 -0.900054 0.19666
0.129679 0.891167 -0.356975
0.129679 -0.714489 -0.316062
0.129679 0.439453 -0.737212
-0.0739836 0.83903 0.106225
0.129679 -0.282444 -0.809686
-0.0723888 -0.0175858 -0.897481
0.129679 0.0548956 0.497508
0.107858 -0.929152 0.365372
0.129679 -0.60237 0.00986571
0.129679 0.196091 -0.834685
0.129679 -0.827899 -0.294669
0.129679 -0.627824 0.0313545
-0.112017 0.766339 -0.124331
-0.109225 -0.719365 -0.112251
-0.145148 0.381486 0.429736
0.129679 0.736946 -0.533509
0.129679 0.258457 -0.640567
0.129679 -0.192159 0.53053
-0.145701 0.411852 -0.2008
-0.145701 -0.379108 0.312353
0.129679 0.554477 -0.765948
0.129679 0.398354 -0.174449
-0.145701 -0.00248344 0.311826
0.129679 0.651614 -0.575865
-0.120523 -0.595038 -0.252976
-0.145701 -0.0143675 0.511105
0.0215336 -0.873965 -0.483351
-0.145701 0.143706 -0.233507
0.129679 -0.00471717 0.621435
-0.00168875 0.0829888 -0.867765
0.129679 0.446598 -0.0273899
-0.0515603 0.995653 0.0927877
-0.120523 0.582789 -0.616115
-0.120523 -0.616094 -0.629489
-0.0621936 -0.911633 -0.407753
0.129679 -0.150165 -0.524298
0.129679 -0.53404 -0.0463488
0.0223614 0.673117 -0.0715835
0.129679 -0.315132 -0.923893
0.129679 -0.0767516 -0.880051
0.0246954 -0.927716 0.369004
0.121548 -0.822987 -0.56592
-0.145701 0.110164 -0.12335
0.0490124 0.987168 -0.15994
-0.108832 0.681474 0.731193
0.129679 0.543786 -0.123868
0.0815868 0.802713 -0.59643
0.129679 -0.244514 0.867534
-0.120523 -0.0121472 -0.629311
-0.145701 0.491221 -0.0328776
-0.0511649 -0.150693 -0.988008
0.129679 0.176635 0.0625729
-0.120523 -0.847207 -0.225065
-0.120523 0.627765 0.621533
0.129679 -0.399332 0.532041
-0.0952687 0.897804 0.0188431
0.00597389 -0.64962 0.0106829
0.129679 0.560153 0.0128147
0.0188613 -0.915262 -0.399528
-0.120523 0.313403 0.561958
-0.120523 0.839179 0.372558
0.129679 0.281236 0.329838
-0.145701 -0.369603 -0.302849
0.129679 0.923723 -0.312922
-0.120523 0.732354 -0.546888
-0.145701 0.300715 -0.00831386
0.0736374 -0.874026 -0.483239
0.129679 0.728592 -0.438598
0.0839036 0.0749854 0.87362
0.0562389 -0.990076 -0.129581
-0.120523 -0.0818151 0.880903
0.129679 -0.459288 0.448581
0.0433504 0.0652354 -0.880818
-0.145701 0.253026 0.414598
-0.0727605 -0.0785013 0.86966
-0.120523 -0.296783 -0.934002
0.129679 -0.174345 -0.930354
-0.145701 -0.193795 -0.254517
0.129679 0.245543 0.502404
-0.120523 -0.402563 0.608865
-0.120523 0.458979 0.703211
0.129679 0.432156 0.811744
0.129679 -0.0356507 -0.27509
0.129679 -0.313109 -0.394333
0.129679 -0.638978 -0.381014
0.129679 -0.0246383 0.972318
-0.120523 0.736863 0.319773
-0.120523 -0.726053 0.279846
-0.0416243 -0.89628 0.0188159
-0.145701 -0.462283 0.0627224
-0.120523 0.91766 0.172086
-0.120523 0.681974 0.231928
-0.120523 -0.675328 -0.543444
-0.145701 -0.156112 0.184017
0.129679 0.220896 -0.454435
-0.120523 -0.352879 -0.66854
0.129679 0.242865 0.00531661
-0.120523 -0.729832 -0.278552
-0.120523 0.257367 -0.887062
-0.120523 0.890935 0.365194
0.129679 0.0643397 -0.5646
-0.12042 0.871828 -0.0782497
0.129679 -0.349335 0.764996
0.129679 -0.590999 0.715252
0.104386 -0.122344 -0.99194
-0.0434951 0.99979 0.0201535
0.0657956 0.041918 -0.998705
-0.120523 0.0372281 0.921699
-0.120523 0.758773 0.205602
0.0984218 0.616306 0.786818
-0.0709263 0.862521 -0.50613
0.129679 -0.826593 -0.451358
0.129679 0.160413 -0.959299
-0.120523 0.144994 0.672206
0.0128007 -0.799879 -0.121789
-0.0352531 -0.396695 0.916471
-0.145701 0.0127245 -0.480617
-0.120523 -0.554381 -0.582485
-0.0749946 0.312112 -0.949809
-0.145701 -0.477031 0.225706
-0.0617215 0.508679 0.860204
-0.120523 0.411187 0.694902
0.10913 0.305473 -0.95196
-0.120523 0.185927 -0.550376
0.129679 -0.785011 -0.497725
0.129679 -0.373644 -0.199244
-0.108564 -0.566603 -0.822853
-0.120523 -0.430245 0.481076
-0.120523 0.313524 -0.804198
0.0503303 0.672032 -0.7405
-0.120523 0.401999 0.556319
0.129679 -0.572963 -0.523525
-0.120523 -0.299286 -0.731174
0.129679 -0.0412013 0.102643
-0.100505 0.84384 0.536056
0.129679 0.96788 0.0947871
-0.120523 -0.251263 -0.818869
-0.145701 -0.271601 0.402162
-0.0670337 -0.107147 -0.712809
-0.0498876 0.674777 -0.0738992
-0.120523 0.776159 0.450162
-0.120523 -0.31183 0.631312
-0.120523 0.506886 -0.742492
-0.120523 -0.611632 -0.274094
0.129679 0.502305 0.320228
-0.120523 -0.779577 -0.144331
0.112171 0.418841 0.907254
0.0985593 0.0798605 -0.996417
-0.0198917 -0.0949983 0.694625
-0.13381 0.105375 0.56444
0.000306203 -0.317793 0.946781
-0.056437 0.696801 -0.717258
0.129679 -0.304897 -0.667895
-0.120523 0.528185 -0.554572
-0.120523 0.958113 -0.184272
0.129679 -0.0793405 0.414051
-0.145701 -0.141584 -0.0301923
0.129679 0.774388 -0.448248
-0.120523 -0.0701286 0.591947
0.104461 -0.36439 0.92981
0.0659248 -0.653407 -0.0326336
0.0162437 0.65939 -0.751771
-0.0945597 0.998717 0.050303
-0.145701 0.363639 -0.0370345
-0.0572184 -0.967592 -0.246811
-0.120523 0.231129 0.732972
0.129679 0.619199 -0.0766749
-0.120523 -0.105846 0.675618
0.129679 0.00870213 0.300261
-0.120523 -0.562285 0.506352
-0.145701 -0.268955 -0.408146
0.129679 -0.419512 -0.13222
-0.145701 -0.44847 -0.189407
0.129679 -0.83249 -0.50658
0.129679 0.54189 0.460368
-0.10475 -0.108656 -0.833531
0.0310214 -0.838749 0.105465
0.129679 0.486901 -0.41934
-0.145701 -0.472531 0.00911956
-0.120523 -0.636697 -0.192739
-0.120523 -0.800054 0.335188
0.129679 -0.618368 -0.632598
0.129679 0.12778 0.799912
-0.120523 -0.907792 -0.114317
0.129679 0.568019 -0.0122493
0.129679 -0.402934 -0.551112
-0.120523 0.758773 -0.50122
-0.145701 -0.501336 -0.0729705
0.124022 -0.802397 -0.121213
-0.120523 0.68127 -0.112671
0.106638 -0.237179 0.970176
-0.0124564 0.671534 0.0686324
-0.120523 0.323057 -0.538825
-0.0284385 0.959186 -0.282981
-0.120523 0.509335 -0.375174
-0.120523 -0.55361 0.151538
0.129679 -0.214516 0.235262
-0.145489 -0.51767 -0.247541
0.0611823 0.484088 0.874252
0.112566 -0.0888932 -0.688414
-0.145701 0.336553 0.00472108
-0.120523 -0.931716 0.175499
0.129679 -0.150498 0.284932
0.129679 0.555126 0.0659665
0.129679 -0.308032 -0.337281
0.127092 0.47653 0.878386
-0.122606 -0.00718724 -0.574626
0.0554939 -0.244778 0.968281
0.0986958 -0.981821 -0.181974
0.0341752 0.998409 0.056045
-0.120523 -0.770116 -0.265946
-0.120523 0.653977 -0.492693
0.0835343 -0.131232 0.990163
-0.120523 -0.197393 -0.57963
-0.145701 0.343643 -0.324885
0.129679 0.565926 -0.365417
-0.120523 -0.302795 0.58059
-0.145701 -0.272418 -0.237492
-0.0476474 0.985969 -0.16718
0.0432133 0.741778 -0.670668
-0.145701 -0.274128 0.126269
0.129679 -0.424908 0.803439
-0.120523 0.287586 0.612093
-0.145701 -0.416613 -0.30063
-0.116085 0.837617 -0.107695
0.0332778 -0.521661 -0.852106
-0.120523 0.218598 -0.849709
-0.145701 0.515828 0.170306
-0.120523 -0.363081 0.770864
-0.120523 0.23018 -0.633544
-0.145701 0.259453 -0.172093
-0.104221 0.049208 0.997744
0.129679 0.204663 -0.76668
-0.120523 0.565438 0.494606
0.102122 0.987908 -0.155301
-0.145701 -0.120263 0.129229
0.129679 0.150466 0.0199235
0.129679 -0.585578 0.125779
-0.0489098 -0.0355415 0.892789
-0.120523 -0.988976 -0.0623881
-0.0654085 0.0866283 0.863791
-0.120523 -0.561124 -0.281558
-0.120523 -0.890505 0.405051
-0.120523 -0.225186 0.814978
-0.0639912 -0.755162 0.653173
-0.097918 -0.068871 0.670914
-0.106259 -0.837476 -0.544216
0.129679 0.701419 -0.343048
-0.120523 0.854039 -0.512784
-0.0486848 0.0473411 0.997833
0.129679 -0.232833 -0.427532
-0.145701 -0.019786 -0.0613217
0.126794 0.9203 -0.391375
-0.120523 -0.173891 -0.553587
-0.145701 0.0576308 -0.0485986
0.129679 -0.152994 0.896482
-0.145701 -0.269183 0.444993
0.129679 0.574023 0.295937
0.115313 -0.0886979 0.994906
-0.145701 0.351075 -0.203337
0.0947785 0.395445 -0.918303
0.103549 0.750572 -0.122212
0.129679 0.348457 -0.452757
-0.0628962 0.739462 0.672586
-0.145701 0.155052 -0.352785
0.129679 0.333192 -0.0241096
-0.145701 -0.484846 0.0826719
-0.0749923 -0.854652 -0.0944432
0.129679 0.512892 -0.191934
0.129679 -0.754574 0.581894
0.0669663 0.888365 -0.0512752
0.129679 -0.599617 -0.124074
0.129679 0.93116 0.314886
-0.120523 -0.85452 -0.265064
-0.0177328 -0.0163906 -0.651403
-0.0403205 0.124259 -0.760275
-0.0471548 -0.462265 0.885164
0.129679 0.129183 0.509324
0.129679 0.0875404 0.682936
-0.120523 0.220195 -0.760012
-0.112162 -0.87612 -0.0704044
0.129679 -0.594022 0.321947
-0.120523 -0.414479 -0.469711
0.129679 0.472852 -0.0206888
-0.145701 -0.0523937 -0.107088
-0.145701 -0.414134 -0.334957
0.125745 0.889289 -0.0491688
0.129679 0.230907 -0.0886883
0.129679 -0.176928 0.270296
0.129679 0.13359 -0.803841
-0.145701 0.325922 -0.293839
-0.00944209 -0.896908 0.0142258
-0.120523 -0.486866 0.359622
0.129679 -0.446201 0.606102
0.129679 0.0132079 0.541725
-0.120523 0.106642 -0.616977
-0.0394883 -0.700084 0.711923
0.129679 -0.413944 -0.591062
-0.0227778 0.932372 0.361041
-0.120523 0.574764 -0.79804
0.129679 -0.0456222 0.54457
-0.0705151 -0.0309314 -0.99905
-0.120523 0.732978 -0.274035
-0.145701 -0.325001 -0.435432
-0.145701 0.0231701 0.320241
0.0265068 -0.748082 -0.122016
-0.145701 0.22378 -0.463123
-0.063263 0.175726 0.983483
0.129679 0.164665 -0.361349
0.129679 -0.330077 0.428631
0.129679 -0.489877 -0.622223
-0.145701 0.099939 0.54328
0.129679 0.181594 0.66919
0.129679 -0.251051 0.0436644
0.129679 0.0635997 -0.390528
0.129679 0.670766 0.393647
0.129679 -0.624642 -0.271168
-0.120523 -0.547377 0.304164
-0.120523 0.147245 -0.725789
0.129679 -0.467331 -0.164397
-0.00539447 0.942227 0.334528
-0.145701 -0.537529 0.180378
-0.120523 0.461703 0.383166
0.129679 -0.512549 0.114962
-0.120523 0.911401 0.320663
-0.107328 -0.0501216 -0.661105
0.129679 -0.266957 -0.846716
0.0999255 0.952484 -0.304787
-0.145701 -0.115763 0.016747
0.0381953 -0.974955 0.215195
0.129679 -0.239836 0.785898
-0.0758181 0.670064 -0.742281
0.129679 -0.374265 0.355179
-0.145701 -0.201588 0.136031
-0.120523 0.582099 -0.217933
-0.120523 0.646885 -0.542757
0.0346076 -0.871312 -0.0769757
-0.120523 0.228156 -0.549349
-0.145701 0.499427 0.0759988
-0.056716 -0.938068 0.341834
0.129679 0.349578 -0.244761
0.127657 0.672207 -0.0702652
0.129679 0.320657 -0.0509079
0.129679 -0.408882 -0.787238
-0.145701 -0.314798 0.383071
0.129679 -0.330551 -0.365986
-0.120523 -0.48359 0.60131
-0.0322366 -0.708223 -0.106146
0.129679 0.0160386 -0.921778
0.129679 0.253298 -0.838538
0.129679 -0.142708 -0.150563
0.129679 -0.0560585 -0.969545
-0.0526329 -0.111404 -0.828122
-0.120523 -0.590795 0.373691
-0.120523 0.0913226 0.658905
-0.145701 -0.0574328 -0.250076
-0.120523 0.556137 -0.269834
-0.120523 -0.548445 -0.646079
0.129679 -0.475293 0.825461
0.129679 -0.488314 0.311751
-0.120523 -0.282325 0.734492
0.0676422 0.788715 -0.614813
-0.120523 0.270072 0.529207
0.129679 -0.401822 0.682874
-0.120523 -0.497568 0.858029
0.129679 -0.674914 -0.0988034
-0.120523 -0.404178 -0.67932
-0.0910414 0.795557 0.122282
0.129679 0.659433 -0.315939
0.129679 0.791934 0.191119
0.129679 0.147798 -0.885105
-0.0219729 -0.0858433 0.863075
-0.0934314 0.0815405 0.868389
0.0464831 0.605228 0.795356
-0.0902327 0.751959 0.658606
-0.145701 0.0861064 -0.28006
0.129679 -0.650999 0.0398825
-0.1438 0.134637 -0.558861
-0.120523 -0.465349 -0.470267
0.0807731 -0.89518 0.0248867
0.102349 -0.31685 0.947098
-0.120523 -0.67852 -0.196029
-0.0539044 0.11504 -0.992997
0.129679 0.568506 0.704965
0.129679 0.74605 0.250106
0.0213378 0.215081 0.975665
0.129679 -0.103982 -0.0383807
0.129679 -0.30972 -0.820833
0.129679 0.950657 0.15394
0.129679 -0.829237 -0.357398
0.129679 -0.226689 -0.762816
-0.0423331 0.052954 0.661066
-0.145701 0.297784 0.0664468
0.129679 -0.951084 -0.0862102
-0.145701 -0.0778875 0.556394
-0.0271404 0.382065 0.923308
-0.120523 0.225342 0.951108
0.129679 0.278852 -0.139047
-0.120523 0.709444 0.19034
0.0026388 -0.173061 0.983684
-0.145701 0.424306 -0.0766575
0.11069 0.124866 0.766629
-0.120523 -0.609183 -0.789423
0.0422983 0.815554 -0.578755
-0.120523 0.891492 -0.294615
0.0587652 -0.975068 -0.215316
0.129679 -0.63841 0.0921043
-0.120523 -0.594517 0.778474
0.129679 -0.932099 0.0942625
0.00278383 -0.102045 -0.70464
0.0369655 -0.8916 -0.449939
0.129679 0.436898 0.703103
-0.120523 0.548763 0.469519
0.129679 0.726669 -0.181873
-0.120523 -0.694949 0.619073
0.0992667 -0.974646 0.216589
-0.120523 0.132137 -0.799551
-0.109175 -0.973311 -0.223142
-0.0117938 -0.854591 -0.516882
-0.120523 -0.528532 0.482453
-0.0999914 -0.839178 -0.105832
0.129679 0.959924 -0.238592
0.129679 0.524162 -0.552875
-0.120523 -0.362825 -0.873346
-0.00468712 -0.99832 0.0170901
0.126799 0.787868 -0.123961
-0.120523 0.499388 0.558966
0.129679 -0.865955 0.132842
-0.145701 0.279483 0.104974
-0.120523 0.493419 -0.466196
-0.0474009 -0.841809 0.536845
0.00631512 -0.00970261 -0.999498
-0.145701 -0.323913 -0.299558
0.129679 -0.183986 0.641996
0.129679 0.120778 -0.140189
0.129679 0.73168 -0.348776
-0.145701 -0.0430823 -0.492565
0.129679 -0.296026 0.55838
-0.00764324 -0.948473 -0.312441
-0.0339906 0.495339 -0.868573
0.129679 -0.156688 -0.583968
0.129679 0.0985116 0.372797
-0.120523 -0.714967 0.575506
-0.120523 0.711073 -0.298366
0.0469461 0.578894 -0.815325
-0.145701 0.123342 0.422662
-0.120523 -0.440986 -0.377743
0.00208932 0.999125 0.0414825
0.0261542 0.866598 -0.49912
-0.120523 0.251061 -0.723657
0.129679 -0.850936 0.263563
0.0601094 0.270534 -0.962448
-0.0451675 -0.518286 0.853533
-0.120523 0.172441 -0.627408
-0.0280619 -0.639809 0.766586
0.129679 -0.689429 -0.546149
0.129679 0.599061 0.488556
-0.145701 0.0663655 -0.237669
0.0666989 -0.860842 -0.0887259
0.129679 -0.513008 -0.650508
-0.145701 -0.0579707 0.0153841
0.129679 -0.197459 0.704318
0.095461 -0.942181 -0.330964
-0.120523 -0.181139 0.685093
-0.120523 -0.809538 0.389352
-0.120523 -0.0671282 -0.940422
-0.145701 0.566023 0.0584279
0.129679 0.388361 0.66992
0.129679 0.155428 0.704511
-0.101219 0.577814 0.815457
0.129679 0.283851 -0.763591
0.075994 0.745662 -0.666349
0.0388695 -0.500035 0.864364
-0.120523 -0.278005 -0.959072
-0.0244985 -0.996068 0.068958
-0.0602421 -0.0657304 -0.879564
-0.120523 -0.806849 -0.274346
0.129679 -0.409576 -0.736575
-0.145701 -0.31504 0.298871
-0.120523 0.274312 -0.800713
0.00264894 0.117604 -0.732071
-0.0935082 -0.097838 0.994043
-0.145701 0.444095 -0.362499
0.129679 -0.356449 -0.329093
-0.145701 0.0596101 -0.504768
-0.120523 -0.902583 0.0135633
-0.0564278 -0.61142 0.789432
-0.120523 -0.622974 0.253829
0.129679 0.469499 0.795309
0.129679 0.021099 -0.97474
-0.120523 0.474316 0.817412
0.129679 -0.198052 -0.495423
-0.120523 -0.71593 0.160272
-0.120523 -0.147245 -0.562199
-0.0576594 -0.651754 0.0250764
0.129679 0.489665 -0.146549
-0.145701 -0.248579 -0.1426
0.129679 -0.763712 -0.336866
-0.120523 0.385238 -0.89626
0.129679 0.0393244 -0.424574
0.129679 -0.0610685 -0.603873
-0.0436223 0.914058 0.405106
-0.120523 -0.88631 -0.192232
-0.145701 0.435736 -0.248351
-0.145701 -0.19649 -0.494048
0.108979 -0.90632 0.418815
-0.0117226 -0.727092 0.684298
0.129679 -0.583385 0.47632
0.0109248 -0.994533 -0.0889581
-0.139742 -0.465888 0.334542
0.129679 0.434443 0.885892
0.0879409 0.877274 -0.0709501
-0.120523 -0.456447 0.526387
0.0207737 0.110913 0.716263
-0.120523 -0.477724 -0.774214
0.129679 0.0404017 0.21551
-0.145701 -0.16063 0.0246406
-0.0874524 0.938605 -0.345175
0.129679 -0.27625 0.3685
-0.120523 0.813792 -0.286216
0.129679 0.496548 0.373215
-0.00738659 0.824987 -0.565232
0.129679 -0.20337 -0.946802
0.103318 -0.0586248 0.997153
0.129679 0.701991 -0.487088
0.129679 0.129876 -0.0492668
0.129679 -0.324382 0.595667
0.00874739 -0.848004 0.527003
-0.0448393 -0.967754 0.245538
-0.0233158 -0.0432971 0.65765
-0.120523 -0.629367 0.565991
-0.145701 -0.141498 0.00371142
0.114135 0.824977 -0.114132
-0.145701 0.211161 0.347368
0.129679 -0.500516 -0.586746
0.0195423 -0.460729 -0.886599
-0.145701 0.314553 -0.139472
-0.0212735 -0.493264 -0.868884
0.129679 -0.0118548 0.446915
0.122459 0.694396 -0.719586
-0.120523 -0.132411 0.91717
0.129679 -0.0245399 -0.557058
-0.120523 0.428911 0.846372
0.129679 0.368495 -0.0823872
-0.145701 -0.414085 0.0190089
0.129679 0.223507 0.253521
0.129679 -0.642899 0.734237
-0.0733166 -0.68537 -0.726741
0.129679 0.421265 -0.770089
0.129679 0.145075 -0.213786
-0.112217 -0.0491329 0.887756
-0.120523 -0.404556 0.856512
0.102004 0.257175 0.965461
-0.112049 0.977586 -0.210774
0.0545696 -0.702613 0.101843
-0.145701 0.511383 0.207875
0.0949044 -0.965427 -0.255164
-0.120523 0.414537 -0.898811
0.0739118 0.651436 -0.0141776
0.0420087 -0.0480866 0.659581
0.129679 -0.390699 0.00425163
-0.120523 -0.0978554 -0.880244
-0.120523 0.913244 0.223981
0.129679 0.196294 -0.111992
0.129679 -0.415804 0.00566341
-0.120523 -0.415861 -0.723656
0.0683115 -0.358499 -0.932734
-0.0966482 0.548948 0.835127
-0.120523 0.0506466 0.638108
0.0246864 -0.836812 0.544605
0.113833 -0.847745 0.0993526
0.129679 -0.258727 0.16881
-0.120523 -0.366934 0.71525
-0.145701 -0.0610964 -0.323987
-0.11359 -0.891809 0.44889
0.126851 -0.00982982 -0.999497
0.129679 -0.512906 -0.237244
0.129679 -0.495896 0.356002
0.129679 -0.241702 -0.510137
0.129679 0.203473 0.86762
-0.120523 0.592481 0.159816
-0.145701 0.193017 -0.227889
0.129679 0.400274 0.256538
-0.00789759 0.0961189 -0.994993
-0.120523 0.605013 -0.417607
0.129679 -0.280824 0.288403
-0.145701 -0.0246714 -0.548581
-0.145701 0.0957554 -0.484029
-0.145701 -0.0414127 -0.1756
0.129679 0.152214 -0.658063
0.129679 0.925071 0.0842102
0.129679 -0.509172 -0.281325
-0.120523 -0.782215 -0.170697
0.063256 -0.668236 0.0658997
0.129679 -0.0122071 -0.137219
0.0358109 -0.774765 0.629785
0.129679 0.658425 -0.410451
0.129679 -0.630907 -0.585122
-0.0492229 0.776352 0.12399
0.129679 -0.17388 -0.371226
0.129679 0.757136 0.566301
-0.120523 0.099014 0.878441
0.10989 -0.591416 -0.805174
-0.0620714 0.968509 0.248567
-0.145701 -0.511206 -0.0984959
0.129679 -0.142224 0.184785
-0.120523 0.944901 0.185971
-0.0932349 -0.651808 -0.0259683
0.129679 0.148274 -0.012313
-0.145701 -0.088782 0.403051
0.129679 -0.599676 -0.718282
-0.145701 0.0654868 -0.348904
-0.120523 -0.791992 -0.490971
-0.120523 -0.890388 -0.262809
-0.145701 0.307647 -0.094936
0.129679 -0.448472 0.680605
0.129679 -0.577549 -0.243322
-0.120523 -0.459474 0.844842
-0.120523 0.549988 -0.354482
0.129679 -0.00810475 0.210109
-0.145701 0.252406 0.475779
0.129679 -0.483546 -0.740296
-0.111569 -0.652757 0.0294835
0.129679 -0.035776 0.39104
0.129679 0.191502 -0.790549
-0.145701 0.275621 0.0809876
0.129679 -0.955424 -0.279423
-0.120523 0.619237 0.174573
0.0449494 -0.119839 -0.744377
0.129679 0.28858 0.379874
0.129679 -0.46622 -0.00474778
-0.145701 0.028255 -0.521119
0.129679 0.569708 0.677518
-0.00276878 0.881627 -0.472072
0.129679 -0.478388 -0.85832
-0.120523 -0.816278 -0.233379
0.129679 -0.193298 0.500537
-0.120523 -0.496404 -0.825089
0.129679 0.26148 0.594252
0.0395191 0.538881 -0.84228
-0.120523 0.610001 -0.764224
0.129679 -0.79275 -0.362499
0.129679 0.485743 0.75811
-0.120523 -0.517443 -0.562338
0.129679 -0.334075 0.679526
0.129679 0.445737 -0.786747
-0.0534188 0.0214377 -0.651945
0.054018 -0.0467546 -0.889402
-0.0997962 0.98404 0.177564
-0.145701 -0.0032506 0.374959
0.0714131 0.999937 0.0108814
-0.120523 0.930286 -0.237643
0.0281215 -0.24236 -0.969524
0.129679 0.571386 -0.11019
-0.00248484 0.122395 -0.800219
0.129679 0.27575 0.620582
-0.145701 -0.262444 0.0829021
0.129679 -0.0860851 0.921547
-0.120523 0.280373 -0.54452
-0.0496367 0.888177 -0.459632
-0.120523 -0.392468 -0.589803
0.129679 0.665656 -0.510963
-0.120523 0.774747 -0.542534
-0.145701 -0.0381278 0.348565
-0.120523 0.6549 0.330377
-0.120523 0.889319 0.0753243
-0.0460474 -0.0172616 -0.99939
0.0580031 0.993275 -0.116049
-0.120523 -0.518053 0.638467
-0.145701 0.318704 -0.418496
0.129679 -0.946759 -0.0375722
-0.145701 0.194318 0.397548
-0.145701 -0.188875 -0.304161
-0.0540009 -0.952058 -0.30132
-0.145701 0.372105 -0.429129
0.129679 -0.148421 0.948805
0.0650142 -0.00987768 0.998863
0.129679 0.453702 -0.589459
-0.145701 0.125463 0.324974
-0.145701 0.161728 -0.322242
0.129679 -0.412136 0.0630248
0.129679 -0.74568 -0.234828
0.129679 -0.357817 0.505021
-0.0731675 -0.548933 0.834133
0.129679 0.621112 -0.346898
0.129679 -0.133286 0.84146
0.0765456 0.878747 0.0681339
0.129679 0.279247 -0.0979964
0.129679 0.0560276 0.402151
0.129679 0.483189 0.339118
-0.120523 -0.872444 0.318083
0.100898 0.772109 -0.635533
-0.120523 -0.877899 -0.148056
0.129679 -0.483439 0.117469
0.129679 -0.191955 0.753661
0.129679 -0.321602 0.777626
0.0738394 0.0377025 -0.893228
0.129679 0.362191 -0.611749
0.129679 -0.684043 -0.599928
0.129679 -0.379044 0.47639
-0.120523 -0.707609 -0.556608
0.129679 0.54822 -0.255924
-0.0297135 -0.803999 0.591991
-0.145701 -0.454417 0.111205
0.129679 0.751837 0.299145
0.129679 0.383144 0.170763
-0.00289607 0.284994 -0.958276
-0.145701 -0.394684 -0.0986696
0.129679 0.643192 -0.190515
0.129679 0.680099 -0.616599
0.129679 0.233812 0.219404
0.0307259 0.606448 -0.795062
-0.145701 0.140104 -0.446758
0.128761 0.58989 -0.807412
-0.120523 -0.578049 0.406678
0.129679 0.565416 -0.401129
-0.120523 0.81135 -0.240101
0.129679 0.741185 0.223001
-0.120523 -0.431348 0.758788
-0.145701 0.0998112 -0.360276
0.0956669 -0.726431 0.685001
-0.120523 -0.593527 -0.0116719
-0.145701 -0.236216 0.229925
-0.103095 0.617539 -0.786486
0.129679 0.741298 0.435411
-0.145701 0.255799 -0.116214
0.129679 0.753752 -0.613124
-0.120523 -0.671822 -0.114712
0.129679 -0.0672535 0.287896
0.129679 -0.291603 0.494942
0.129679 0.854609 -0.436989
-0.120523 0.310161 0.707734
0.096079 0.657429 0.0401415
0.129679 0.122432 -0.848354
-0.120523 0.722553 0.429968
0.129679 -0.709168 -0.369642
-0.144973 0.410668 -0.40265
0.0323938 -0.111135 -0.828683
0.0333409 -0.0896872 -0.99545
0.0659465 -0.965915 -0.253309
0.00963239 0.859479 0.0908599
-0.0628742 0.276866 -0.96065
-0.120523 0.720547 0.272403
-0.120523 0.441938 0.775895
0.129679 -0.612641 0.413919
-0.00406053 -0.745769 0.663883
0.129679 -0.36881 0.803392
-0.120523 0.92404 -0.0127383
0.129679 -0.435929 0.723571
0.129679 0.956445 -0.172607
0.0975315 0.899046 -0.00809247
0.0505883 -0.524646 0.849634
0.0758253 0.0601838 -0.665334
-0.120523 -0.256474 0.852007
-0.145701 -0.197796 -0.201847
-0.145701 0.00168214 -0.166523
-0.120523 -0.300759 0.758902
0.129679 0.809535 0.470885
-0.120523 0.746721 -0.619092
0.129679 0.315462 -0.6674
0.0841557 0.999787 -0.0209631
0.129679 0.636375 -0.695613
0.129679 0.392862 0.838927
0.129679 -0.66704 0.326542
-0.0646822 -0.787279 0.614061
0.129679 -0.216611 0.675677
0.0673802 -0.573677 0.817295
-0.145701 -0.316873 -0.000916833
0.0132438 -0.680381 0.730788
-0.145701 -0.261896 -0.308036
-0.120523 0.741911 0.657695
-0.138164 0.55564 0.148029
-0.145701 0.0594956 -0.260651
0.129679 -0.587548 -0.144798
-0.0167395 0.823122 0.114295
-0.120523 -0.688802 0.462611
0.00299548 0.0900371 0.860407
0.111887 0.932716 -0.360787
-0.120523 -0.647662 -0.0733
0.0615694 0.314507 -0.94902
0.129679 -0.278807 -0.952134
0.129679 0.0169884 -0.178778
-0.120523 0.348176 -0.505643
-0.0135297 0.124304 0.787749
-0.120523 0.308605 -0.580485
-0.0953976 -0.653555 -0.755525
-0.0162897 -0.828116 -0.558377
0.129679 0.341392 0.102787
-0.0604617 0.82191 -0.11543
-0.145701 0.0858823 -0.451403
0.129679 0.522727 -0.0200172
0.129679 -0.320227 -0.577422
0.129679 0.227658 0.825241
0.129679 0.244694 0.390874
0.129679 -0.0428131 -0.110565
-0.120523 0.0800814 0.571098
0.104804 -0.580354 0.812564
0.129679 0.563062 -0.459715
-0.145701 -0.0875553 -0.394495
0.129679 0.397427 -0.092082
-0.120523 -0.713629 0.691798
-0.145701 -0.161563 0.372533
-0.0466865 -0.867239 0.081275
-0.143982 0.47075 -0.330479
-0.120523 0.721512 0.116771
-0.0955821 0.459293 -0.888136
-0.0169818 -0.838696 0.105497
0.129679 0.644536 0.382827
-0.0965179 -0.982839 -0.17638
0.129679 -0.617455 -0.500277
0.0369731 -0.864982 -0.499272
0.129679 0.10625 -0.0837088
0.0825382 0.0933421 0.690928
-0.120523 0.481042 0.481484
0.0217856 -0.0662646 0.669199
-0.120523 -0.902781 0.0875292
0.0272109 0.164309 -0.986078
-0.00326155 0.124852 -0.76703
-0.145701 -0.179551 0.325518
-0.0348518 0.114211 -0.723697
0.129679 0.601569 -0.242296
-0.120523 -0.415359 0.678274
-0.145701 -0.2449 0.503668
0.0733963 -0.768711 -0.637796
0.129679 0.515624 0.0821897
0.129679 0.688669 -0.371298
-0.145701 0.0133121 0.169363
-0.120523 0.686052 -0.223828
-0.120523 -0.515807 -0.341375
0.129679 -0.17656 0.822593
-0.120523 -0.0170938 0.627953
0.129679 0.0966639 0.933287
0.129679 0.266171 0.131768
-0.120523 0.581466 0.604096
-0.120523 -0.35935 0.628346
-0.120523 0.35651 -0.691816
-0.120523 0.469145 -0.436149
0.129679 0.519647 0.367197
-0.145701 0.160897 0.171157
-0.145701 0.249878 0.142984
-0.0584668 0.840552 -0.541823
0.129679 0.746457 -0.408558
0.0216051 -0.933382 -0.355061
0.129679 0.42298 0.054375
-0.120523 -0.521442 0.333451
-0.0397319 0.122375 -0.80031
0.023055 -0.0365858 -0.998854
-0.120523 -0.566814 -0.337698
-0.120523 -0.691726 -0.367842
-0.0994475 -0.637499 0.768509
-0.100815 -0.684082 -0.0867335
0.129679 -0.176001 0.0697249
-0.020755 -0.864281 -0.0851894
-0.145701 0.0383599 -0.0924416
0.129679 -0.770003 -0.403217
0.129679 -0.110852 0.143023
-0.0640058 0.991204 -0.132609
-0.120523 0.976192 0.0623893
0.129679 -0.785457 -0.209262
-0.120523 -0.584853 0.693346
0.129679 0.629918 -0.0395347
-0.145701 -0.430989 0.304672
-0.120523 0.647613 -0.214954
0.0731646 -0.793719 0.122334
-0.145701 -0.275056 -0.105654
-0.120523 0.894401 -0.17075
-0.120523 -0.482226 -0.514029
0.129679 0.138294 0.598559
0.129679 0.418294 -0.819805
0.129679 0.218682 0.426941
0.0758066 0.252701 -0.967271
-0.00868144 -0.051768 -0.887198
0.019227 0.0859567 -0.995914
0.129679 -0.611078 -0.294737
-0.120523 -0.789088 0.133075
-0.145701 0.0676306 -0.0936391
0.129679 -0.647086 -0.214504
0.129679 0.680599 -0.665568
0.129679 -0.452006 -0.536832
0.129679 -0.180896 -0.788277
-0.145701 -0.0574818 0.287096
-0.120523 0.704192 0.350213
0.129679 -0.355899 -0.124209
0.0637906 0.997997 0.0629146
0.0921039 0.172356 0.984076
0.129679 -0.241374 0.407546
-0.120523 0.246346 0.798009
0.0165212 0.329427 -0.943955
-0.120523 0.644994 0.147096
0.0247383 -0.54077 -0.840087
-0.145701 -0.0508809 0.436116
-0.119957 -0.766489 -0.64047
-0.0446522 -0.695316 -0.717216
0.129679 0.372418 -0.314839
0.0518197 -0.930842 0.361045
-0.0508937 0.0916153 0.689041
-0.0348048 0.95235 0.304571
-0.145701 -0.227055 -0.334204
-0.104266 0.294116 0.954889
0.129679 -0.689151 0.252731
0.129679 0.523902 -0.407793
0.129679 0.567984 -0.536114
-0.145701 -0.186492 0.408483
-0.120523 0.551916 -0.713433
-0.145701 -0.15953 0.296789
-0.0808001 0.125029 -0.771023
0.111514 -0.65973 -0.0505409
0.129679 -0.603143 -0.61438
0.129679 -0.499431 -0.379905
-0.0085737 -0.491308 0.86936
-0.120523 -0.500399 0.521015
-0.145701 -0.296973 -0.15517
0.129679 0.481751 -0.794884
0.129679 0.869393 0.297814
-0.120523 0.668842 -0.5797
-0.125454 -0.47488 -0.322275
0.129679 0.141101 0.152271
-0.102011 -0.0807562 -0.680674
-0.145701 -0.366136 0.0609603
0.129679 -0.314889 -0.135256
0.129679 -0.279289 0.598186
0.0566564 0.357057 -0.933873
0.129679 -0.128016 0.0444445
0.129679 0.273837 0.243295
-0.120523 -0.727481 0.205913
0.116268 -0.190154 -0.981144
0.129679 0.532681 -0.067391
0.129679 0.556166 0.800897
0.129679 -0.789438 -0.386346
-0.052677 0.374152 0.926535
0.0647186 0.10093 0.847521
0.129679 0.330076 -0.548203
0.0116277 -0.996878 0.0561032
0.129679 0.376824 0.0399804
0.129679 -0.40525 0.781349
0.00419664 -0.112693 0.824703
-0.120523 0.574082 0.195276
0.0282452 0.697515 -0.716564
0.0481132 0.929559 -0.368844
-0.145701 -0.39575 -0.13396
-0.120523 -0.915334 0.0335484
-0.120523 -0.350505 -0.525033
0.129679 -0.477201 -0.542391
-0.0965395 0.520489 0.853122
-0.0813603 -0.831597 0.552538
0.0703943 0.315142 0.948176
0.0740223 -0.997965 -0.0321437
0.129679 0.376226 -0.558822
-0.145701 0.133108 0.14924
-0.145701 0.350971 -0.136566
0.105925 0.211824 0.976375
-0.120523 0.539485 -0.611173
0.129679 -0.524474 0.48695
-0.0332067 0.967111 0.253937
-0.145701 0.0945681 -0.532808
-0.120523 -0.598965 0.584805
0.129679 -0.529011 -0.677058
-0.145701 -0.0118793 -0.101338
0.129679 -0.602734 0.601067
0.129679 -0.772299 0.341042
0.129679 0.885837 0.397077
0.129679 -0.302546 -0.45418
-0.0804267 -0.427787 0.902355
0.129679 -0.551771 0.418159
-0.102407 0.158125 0.986451
0.0830902 0.992578 0.121244
-0.120523 -0.629275 0.19341
-0.120523 0.334762 0.485195
-0.120523 0.45948 0.61808
-0.120523 0.0721222 -0.668386
-0.120523 0.525043 -0.799922
-0.0666062 -0.000607923 0.898201
0.129679 0.536947 -0.732161
0.10781 0.958925 0.283232
-0.145701 -0.236198 -0.475766
-0.120523 -0.818517 0.243755
-0.120523 -0.206203 -0.647342
-0.120523 -0.193565 -0.696192
0.129679 0.358788 -0.208067
-0.0158263 0.598984 -0.800695
0.129679 -0.374556 -0.480327
-0.120523 0.312015 0.877404
-0.120523 -0.462868 -0.613998
0.129679 -0.389679 -0.408152
-0.145701 -0.276819 -0.502128
0.129679 -0.63912 0.598986
0.111172 0.417258 -0.908615
-0.145701 -0.32408 -0.0834627
-0.0870738 -0.961577 -0.269337
0.0544133 -0.622823 0.780459
-0.145701 0.394985 0.146953
0.129679 0.701797 0.463464
0.129679 -0.275402 -0.752199
0.129679 -0.244418 0.22793
-0.0188661 0.986511 -0.163951
-0.120523 -0.228994 0.655204
0.129679 -0.793299 0.162742
0.129679 -0.541529 0.711984
0.113665 -0.805309 -0.590841
0.129679 0.355706 0.634821
0.129679 0.832391 0.203748
0.129679 0.215781 0.604464
0.111338 0.863969 -0.087116
-0.145701 -0.37263 0.142309
-0.0709538 -0.996932 -0.0557687
0.102601 0.573468 0.818514
-0.120523 -0.920143 0.296815
0.129679 0.126544 0.685397
0.110878 0.991739 -0.128536
0.129679 -0.617352 -0.390441
0.129679 0.384441 0.554721
-0.120523 -0.871397 0.185327
-0.145701 0.370958 -0.286229
0.0524628 -0.995764 -0.0738294
0.000679205 0.749291 0.661635
0.0755217 0.995287 -0.0972485
0.129679 -0.0224305 -0.634168
0.129679 0.164277 0.484951
-0.145701 0.0198135 -0.23251
