ply
format ascii 1.0
element vertex 8195
property float x
property float y
property float z
end_header
0.169104 0.167553 0.186348
-0.999596 -0.13899 -0.15632
1 -0.133601 -0.16148
-0.726213 -0.249421 -0.00278443
1 0.210522 -0.00636475
0.0653997 0.249529 0.0274087
0.512589 -0.249412 -0.00358987
-0.487839 0.250794 -0.0118797
-0.173433 -0.244269 -0.0508416
-0.999596 0.189395 0.0901445
0.526174 0.221017 -0.119152
0.959708 -0.233873 0.0866062
0.182436 -0.0753198 -0.238647
0.156431 -0.130872 0.212538
0.686681 0.0594342 0.243026
-0.428838 -0.0797769 0.236656
-0.781884 0.078985 -0.237987
0.794187 -0.0599976 -0.243008
-0.197179 0.104084 -0.228208
-0.473049 -0.121323 -0.218679
0.355325 0.154643 0.197126
-0.76887 -0.015721 0.249441
-0.124315 0.0684876 0.240664
-0.999596 -0.14395 -0.140375
0.48603 -0.0616852 -0.242579
-0.999596 -0.14568 0.143233
1 0.0192588 0.207857
-0.213869 0.248331 0.0366174
0.437338 -0.109481 0.224371
0.250998 0.184947 -0.169729
0.10381 -0.247057 -0.0346654
-0.760045 0.249643 -0.0268858
-0.440341 -0.248332 0.0231954
0.739979 0.245129 0.0539151
0.711848 -0.190005 0.161641
1 -0.0402964 -0.0850657
-0.565749 0.138905 0.208439
-0.197879 -0.164562 0.187555
0.813333 0.179803 -0.175154
-0.533686 0.119013 -0.220836
-0.0641052 -0.104704 -0.227175
0.748967 -0.237079 -0.0779179
-0.999596 0.147151 -0.150012
0.117786 0.111338 0.224259
0.0374901 0.107903 -0.226439
-0.708886 -0.140595 -0.206725
-0.335269 0.145915 0.203627
0.317256 -0.217329 -0.122889
-0.624913 -0.172013 0.180722
0.312865 -0.230729 0.0946705
0.529178 0.232002 0.0955351
-0.794109 0.18156 0.172816
0.335775 0.2508 0.0112152
0.636587 0.0825854 -0.236773
-0.267357 -0.141529 -0.206082
-0.999596 0.00477239 0.00256929
-0.958203 0.0550713 0.244036
-0.0102691 -0.211843 0.131652
-0.0829246 0.223568 -0.114301
0.894778 0.185388 0.168728
-0.361038 0.196723 -0.155967
0.956461 0.0664097 -0.241759
0.939934 -0.225561 -0.10693
-0.918482 -0.249434 -0.000393949
-0.814092 -0.190545 0.161003
0.831914 -0.0642431 0.241384
-0.371437 0.0321928 -0.248534
-0.948081 -0.00332897 -0.250475
0.41798 0.109958 -0.225454
-0.571867 -0.226113 -0.10575
0.590835 -0.188959 -0.163388
0.284096 -0.00432926 0.249935
0.504482 0.0615521 0.242506
-0.0731241 0.208528 0.13931
-0.0123645 -0.0707113 0.239549
0.207218 0.21983 0.120805
-0.634368 0.235227 0.0873481
-0.61794 0.222341 -0.116668
-0.272943 -0.0115129 0.249684
-0.597898 -0.0213705 0.249003
0.600267 -0.0827635 0.235619
0.951872 -0.0990299 -0.229728
-0.353483 -0.198712 0.150781
-0.848497 -0.201958 -0.146914
-0.603803 -0.0252176 -0.249152
-0.919457 0.245812 -0.0512566
1 -0.070347 0.0730447
-0.0279417 -0.218568 -0.120659
-0.380416 -0.217519 -0.122549
0.54332 -0.201726 0.146714
0.331992 -0.0222838 -0.249441
0.100744 0.21837 -0.123931
0.681871 0.233198 -0.093117
-0.365053 0.237806 0.0801107
0.855321 0.247006 -0.0451415
0.959757 -0.137789 0.208098
1 0.0804943 0.0695469
0.637273 -0.0673321 -0.241052
0.651934 0.184986 0.169166
0.808785 -0.241953 0.0604705
-0.825469 0.196232 -0.156582
0.959357 0.197963 -0.154394
-0.585033 -0.242848 0.0567713
0.182905 0.0735905 -0.239693
0.175271 -0.19698 -0.153563
0.165162 -0.227362 0.102499
-0.904581 -0.0811299 0.236191
0.660628 -0.24673 0.0364253
-0.226318 0.226385 -0.108624
-0.448087 0.064187 0.241831
-0.293809 -0.247969 0.0267715
0.383496 0.21627 -0.127553
0.198808 0.249863 -0.024748
0.444495 -0.180478 -0.172764
0.830923 0.0765271 0.23826
-0.999596 -0.135317 0.00326216
0.298844 -0.137193 0.208493
-0.836046 -0.0898511 -0.233507
-0.0795042 0.0325259 -0.248492
0.828777 -0.178074 -0.175255
-0.20523 0.181342 0.173043
-0.492227 -0.197235 0.152712
0.0503937 -0.0274045 -0.248913
-0.695866 0.103977 0.227735
-0.138264 -0.236113 0.0802966
-0.501066 0.220313 0.119927
-0.869179 0.239537 0.0748136
-0.200484 -0.0312608 -0.248445
0.237133 -0.248867 -0.0170931
0.769317 0.0712933 -0.24038
1 0.0921076 -0.0715191
-0.664558 0.135515 -0.211164
-0.999596 -0.010605 0.13706
-0.999596 0.0107357 -0.129633
0.0583307 -0.149667 -0.20021
-0.0759961 0.250618 0.0146612
-0.1508 -0.186238 -0.166501
-0.0274406 -0.249366 0.00555293
0.059182 0.200497 0.150575
-0.146995 -0.0583364 0.242897
-0.487326 0.210103 -0.137457
0.104288 -0.0184734 0.249244
0.845687 -0.181391 0.171277
-0.999596 0.129728 -0.0224082
-0.91955 0.16648 0.187301
0.00219793 0.0600824 0.242869
0.386031 -0.249244 -0.010005
1 -0.159644 -0.0171042
0.463823 0.250833 -0.0109963
-0.901619 0.114308 -0.223294
-0.335919 0.247655 -0.0414231
0.294193 -0.133837 -0.211195
0.708299 -0.158873 -0.192937
-0.839136 0.0852023 0.235331
0.597871 0.251019 -0.00496971
0.240559 0.110328 0.224753
0.77293 0.170827 0.183371
0.407457 0.226042 0.108813
0.43406 -0.228567 0.09978
-0.698061 -0.220855 -0.116394
0.484758 0.166569 0.187223
-0.0804621 0.144465 -0.205173
-0.48814 0.00605175 -0.250454
-0.587945 -0.148777 -0.200876
-0.728299 -0.0305799 -0.248532
0.301181 0.0913386 -0.233563
0.536922 0.139817 -0.208354
0.908625 0.24348 0.0608774
-0.723781 -0.120291 0.218732
0.387542 0.051877 0.244723
0.716596 -0.0937112 0.231449
-0.304297 -0.11908 0.219397
-0.713494 -0.22228 0.113111
-0.917942 -0.222759 0.112162
-0.365105 -0.0822704 -0.236314
0.696244 0.167639 -0.186793
-0.266084 -0.218038 -0.121618
-0.0820414 -0.152768 0.197317
0.610949 -0.241158 -0.0640837
-0.820898 -0.243147 0.0554806
-0.534783 -0.110564 0.223836
-0.421493 0.125932 -0.216986
-0.240949 0.0931379 0.232335
-0.749586 0.236928 0.0826555
0.900044 -0.249382 -0.00532868
0.534227 0.0371889 -0.247852
-0.30717 0.117225 -0.221785
1 -0.136577 -0.136951
-0.443229 0.161765 0.191362
1 0.12151 0.171012
-0.999596 0.0977557 0.14822
0.0483572 -0.15079 0.198838
0.0111179 0.242262 -0.0660459
-0.594949 0.250739 -0.0129928
-0.939976 -0.111662 -0.223808
-0.725946 0.217703 -0.125096
0.00676083 0.190017 -0.16405
0.289175 0.236639 -0.0839959
-0.943602 -0.228383 -0.100722
-0.686658 0.188421 0.165355
-0.819784 -0.24455 -0.0494604
-0.472134 -0.237593 -0.0763255
0.59028 0.117335 0.221206
0.889558 -0.013252 -0.250114
0.0672018 -0.24003 0.0676973
1 -0.0161889 -0.18649
0.393615 -0.106236 -0.226456
-0.24432 -0.221588 0.114461
0.511628 -0.224943 -0.108231
0.137761 0.155745 -0.196783
0.904355 0.00682766 0.249916
1 0.185219 0.09253
0.506808 -0.0393572 0.246743
0.862828 0.106998 -0.226865
0.82179 0.224552 0.111839
0.385618 -0.179882 0.172867
0.307194 0.226262 0.108357
-0.0523858 0.137181 0.209569
0.0761926 -0.214689 -0.127472
-0.371623 5.96564e-05 0.249987
-0.999596 -0.0688647 -0.0706727
1 0.00795317 0.000986199
-0.85028 0.00907031 -0.250373
0.590801 0.0144717 0.249615
-0.271251 0.223678 0.113566
0.646145 0.237804 0.0801172
0.191966 0.0279577 0.248512
0.241779 -0.195435 0.155014
0.422634 0.0135814 -0.250183
-0.921275 0.207829 -0.140864
0.924795 0.0998317 0.229566
-0.631326 -0.247391 -0.0321684
-0.164794 0.184378 -0.170345
-0.154791 0.246662 -0.0469889
-0.501363 -0.0180081 0.249279
0.708753 -0.00260889 -0.250486
1 0.111299 -0.169493
0.779017 0.230316 -0.10003
0.762299 0.000274574 0.249988
0.609437 0.194097 -0.159215
-0.48878 -0.193164 -0.158364
0.367403 -0.0489154 0.244997
-0.901007 -0.164552 0.187564
1 -0.156477 0.12286
-0.670321 0.0438984 -0.246773
0.555364 -0.121457 -0.218604
0.847633 -0.232644 -0.0903793
0.457447 0.179287 -0.17568
0.616986 -0.16275 0.189135
0.409655 -0.228458 -0.100553
1 -0.0648579 0.166375
0.231047 -0.0797287 0.236672
-0.269871 0.0360179 -0.248021
-0.36764 -0.246956 -0.035385
0.525249 -0.135728 0.209455
0.921035 -0.172537 -0.180741
-0.167864 -0.113878 -0.222679
-0.815852 -0.114382 0.221897
-0.952308 0.248587 0.0348586
-0.752672 0.156343 -0.19631
-0.419904 0.237449 -0.0816765
-0.392166 -0.158438 -0.193297
-0.999596 -0.0669571 0.0641316
0.24452 0.00436367 -0.250484
0.945393 0.240164 -0.0733098
-0.00758841 0.236827 0.0829418
0.630763 -0.219755 0.117949
0.350063 0.161711 -0.191929
-0.864703 -0.000877672 0.249982
-0.161314 0.226785 0.107266
-0.999596 0.078971 0.054028
0.194361 0.225203 -0.111051
-0.552389 0.0556942 0.243896
-0.683827 0.0122277 0.249728
-0.261151 0.178832 -0.176143
-0.999596 -0.0523616 -0.193909
-0.541953 -0.24847 -0.0221985
-0.420781 -0.157202 0.193788
0.122869 0.231817 0.0959807
0.67949 -0.214419 -0.127927
0.178969 0.167502 0.186394
-0.679213 0.25073 0.0126632
0.560268 -0.239604 0.0691874
0.26476 0.1801 0.174329
-0.830305 0.237971 -0.0801448
-0.073278 -0.00931823 0.249783
0.034673 0.139701 0.20791
-0.369876 -0.238391 0.073258
0.878265 0.218351 -0.123963
0.131143 0.00396294 -0.250489
-0.629164 -0.10004 0.228765
-0.285078 -0.0503156 -0.24523
1 0.00622397 0.114101
0.859752 -0.11297 -0.223145
0.0905514 -0.204499 0.142815
-0.589329 0.172503 -0.182326
-0.589348 0.199544 0.151829
0.959842 -0.0589543 0.242746
0.668487 -0.024618 0.248692
0.247194 0.246712 0.0462057
-0.0845843 -0.242638 -0.0581848
-0.999596 0.0545618 -0.203225
-0.792297 -0.156184 -0.195134
-0.926528 -0.179961 -0.173305
-0.19326 0.0184529 0.249366
-0.999596 -0.197694 0.0611626
0.111525 0.247271 -0.0436643
0.728862 -0.23237 0.0905647
-0.222423 -0.0944879 0.23113
-0.999596 0.193627 -0.0775364
0.23231 -0.228628 -0.100163
0.56832 0.191728 0.161531
-0.205003 -0.247568 0.0302426
0.787515 -0.133994 0.210574
-0.541057 0.238316 -0.0791135
0.927482 -0.195887 0.154441
0.681365 0.250881 -0.00982408
-0.135342 0.145003 0.204274
-0.445581 0.243811 0.0595498
-0.501696 -0.236826 0.0781683
1 0.176235 -0.0852295
-0.545441 0.245035 0.0543356
-0.585431 0.0584065 -0.243792
-0.021838 -0.165773 -0.187003
-0.53118 -0.0640203 -0.241965
-0.317719 0.0643228 0.241796
0.716889 0.21532 0.128627
-0.118988 -0.0426131 -0.246712
0.737786 -0.249292 0.00815543
-0.999596 0.0852034 -0.0950142
-0.645442 -0.0937931 -0.231936
-0.999596 -0.0674411 0.196082
-0.571372 -0.211194 0.132692
-0.372447 0.199396 0.152022
-0.837109 0.251063 0.000300052
0.0266333 -0.241085 -0.0643591
-0.254626 0.248649 -0.0349373
0.831802 0.248681 0.0341916
0.600792 0.235969 -0.0858576
0.467264 -0.183349 0.169174
1 0.129183 0.000893266
0.770772 0.250216 -0.0208338
-0.999596 -0.203019 -0.0410819
-0.257173 -0.24537 -0.0451762
-0.931904 0.218505 0.123171
1 -0.0720598 -0.00944733
0.431441 0.11674 0.221518
0.389703 0.245512 -0.0526774
0.213673 -0.141932 -0.205803
0.720025 -0.0898244 -0.233518
0.755731 0.103299 0.228041
-0.128655 -0.198803 0.15066
-0.298316 0.248294 0.0368672
0.000594087 0.0367266 -0.247919
0.365653 -0.170324 -0.182842
0.878569 -0.124241 0.2165
0.164256 -0.248814 0.0173385
-0.66428 -0.244725 0.0480586
0.931483 0.142126 -0.206793
-0.277773 -0.178881 0.173905
0.317777 0.0936047 0.23215
0.235632 -0.241592 0.0618945
-0.958776 -0.0243526 0.248719
0.811281 -0.248525 -0.0215656
-0.650453 -0.184667 -0.168252
0.10141 -0.0919965 -0.232662
0.313277 -0.246251 -0.0400483
-0.779266 -0.221487 -0.115178
0.869839 -0.224214 0.109223
-0.679975 0.242183 -0.0663358
1 0.0318599 -0.121674
0.614028 0.00895973 -0.250377
-0.439608 -0.0553904 -0.244116
-0.764245 0.0638711 0.241914
-0.304832 0.225871 -0.109688
0.633503 -0.137954 -0.20851
0.0884895 -0.0929572 0.231755
-0.156976 0.0370204 -0.247876
0.0123605 -0.0939344 -0.231879
-0.036152 -0.0359216 -0.247798
-0.406508 0.250967 -0.00722904
0.455144 0.233405 -0.0925978
-0.627867 0.0695036 0.240377
-0.322148 -0.188259 -0.164198
-0.0557653 -0.237506 0.0760768
0.233739 0.125758 -0.217087
-0.738172 -0.180733 0.171974
0.270914 -0.0677126 -0.240944
-0.824969 0.137492 -0.209888
0.157594 -0.233341 -0.0885515
0.762828 -0.203696 -0.144482
0.564114 -0.04912 -0.245477
-0.862947 0.201746 0.148908
0.671716 0.128469 0.214981
-0.999596 0.202018 -0.00107819
0.262605 -0.185883 -0.166899
-0.428954 -0.21942 0.118571
0.788049 -0.210891 0.133175
0.431804 -0.0105383 0.24973
0.820862 0.0177594 -0.249935
0.109235 0.0889983 -0.234457
0.778161 -0.135689 -0.210001
0.0769221 0.0507368 0.244958
0.132489 -0.153885 -0.196964
0.407015 0.248292 0.0368843
0.53711 0.246563 -0.0475101
-0.123359 -0.249383 0.00476349
0.0307721 -0.00971155 0.249767
0.679341 -0.246734 -0.03692
-0.496905 0.117002 0.221381
1 -0.179916 0.0533737
0.143838 0.249463 0.0279958
0.84448 0.141325 0.206818
0.165154 -0.186429 0.165764
-0.439012 0.0597753 -0.243464
-0.356336 -0.0711047 0.239431
-0.669772 0.190822 -0.163115
0.517171 -0.176501 -0.176849
-0.866684 -0.147758 -0.201632
-0.3836 0.0962877 0.23106
0.472617 -0.128055 -0.214776
-0.762349 -0.0973349 -0.230458
0.527826 0.249785 0.0250085
0.358456 0.0475165 -0.246113
0.416376 0.184192 0.170025
0.315436 -0.192418 0.158754
-0.957322 -0.125919 0.215524
0.766632 0.137211 -0.210071
-0.281738 0.18247 0.171861
0.455345 -0.244974 -0.047293
-0.480831 0.159724 -0.193579
0.591127 -0.249382 0.00483225
0.159285 -0.0648894 0.241209
-0.194228 -0.219436 -0.119062
-0.694118 -0.0586109 0.24283
-0.639623 -0.222289 0.113093
0.487183 0.0922865 -0.233193
-0.004961 0.251028 0.0039743
-0.636089 0.150666 0.200161
-0.908009 0.103877 0.22778
-0.0823018 -0.0871205 0.234029
0.703334 0.108572 -0.226121
0.937132 0.219456 0.121479
0.226199 -0.142988 0.204545
-0.0128283 0.185317 0.168806
-0.14439 -0.1247 0.216235
-0.0397958 0.0933973 -0.232753
0.959846 -0.0312616 -0.248445
-0.944997 0.160959 -0.192558
1 -0.110752 -0.0684228
0.473582 0.212047 0.133923
0.939412 0.251057 -0.00202009
0.0686248 0.16603 -0.188219
0.313548 0.206508 -0.142791
-0.547893 -0.167633 0.184806
0.60963 0.140707 -0.207757
-0.514265 0.179131 0.175317
-0.776403 0.127736 0.215414
1 -0.192019 -0.0793888
-0.999596 0.0166998 0.202374
-0.892188 -0.0468154 -0.245935
0.441754 -0.247225 0.0329182
-0.126569 0.098682 -0.230579
0.36863 -0.119468 0.219185
-0.105202 -0.218791 -0.12025
-0.848685 0.14911 0.201316
0.296189 -0.2478 0.0282838
0.831674 0.00487591 0.249955
-0.154327 0.223727 -0.113992
0.300204 -0.0734119 0.238726
-0.144632 0.248727 0.0338546
-0.874448 -0.232724 -0.0901711
0.376365 -0.241063 0.0639234
0.726306 0.208697 -0.139579
-0.0174862 -0.133425 0.210936
0.109407 0.168999 0.185046
-0.999596 -0.141712 -0.0716575
0.27083 0.250441 -0.0178999
0.46675 0.241092 0.069676
0.0417947 -0.249427 0.00154487
-0.999596 0.0252217 -0.0631694
-0.222627 -0.183685 -0.169329
-0.42974 0.219343 0.121682
-0.095659 0.238029 0.0794497
-0.0550738 0.245668 -0.0519473
-0.781098 0.0123733 -0.250242
-0.0921742 -0.162197 -0.190133
-0.945371 0.0658431 -0.241913
1 -0.0834753 -0.18469
0.956764 -0.24606 -0.0412159
-0.809851 0.225459 0.110009
-0.999596 0.0110378 0.0691867
0.948299 0.156007 0.196055
-0.315309 -0.236131 -0.0807658
0.357311 0.203735 0.146191
0.681017 -0.142904 0.204603
-0.135031 0.194202 0.158566
-0.23135 -0.0880728 -0.234191
-0.999596 -0.0807243 0.130515
0.878939 0.174265 -0.180648
-0.779479 -0.222136 0.113394
-0.306698 -0.230599 0.094987
-0.852074 -0.220601 0.116355
-0.720738 0.101812 -0.229224
-0.847601 0.0753472 -0.239152
0.499782 -0.229945 0.0965592
0.523056 0.120341 0.219598
-0.952302 -0.242935 0.056398
-0.745109 -0.242201 0.0594698
-0.999596 -0.0663492 -0.00538812
-0.726446 -0.187673 -0.164872
-0.437141 -0.00721439 0.249859
-0.958708 -0.195476 0.154962
1 0.0487659 -0.190389
-0.999596 -0.131745 0.0694244
-0.557314 0.210802 -0.136385
-0.882479 0.174443 -0.180476
-0.999596 0.145053 0.0430115
-0.424715 0.189433 -0.164723
0.185095 0.189782 -0.164321
-0.635808 -0.229391 -0.0983914
-0.744355 0.208055 0.140011
-0.33161 -0.138218 -0.208333
0.880873 -0.207259 -0.139292
0.582729 0.243215 0.0619225
-0.177072 0.102667 0.228323
-0.55457 -0.193462 -0.157997
-0.598883 0.121377 -0.219553
-0.357222 -0.151675 0.198161
-0.999596 -0.0803053 -0.134441
0.89214 0.0531635 -0.244973
1 0.0557878 0.154454
0.0666898 0.0429754 -0.246932
-0.473756 -0.126871 0.214962
0.8961 -0.0606101 0.242332
-0.844195 -0.060662 0.242319
0.372951 -0.217111 0.122755
-0.0613983 0.0769157 0.238136
0.0597856 0.234158 0.0901575
-0.884123 -0.242467 0.0583755
0.571711 0.0866161 -0.23534
-0.520023 0.0614028 -0.243064
0.420554 -0.0520819 -0.244855
0.959989 -0.248138 0.0251745
-0.736741 -0.241076 -0.0643943
-0.766333 -0.0775563 0.2374
-0.00945263 0.144239 -0.205331
-0.359371 0.147181 -0.203241
0.261725 0.0542225 0.244223
-0.343909 -0.0247229 -0.249203
-0.666121 -0.0196819 -0.249668
0.333603 -0.0901381 -0.233396
0.905432 -0.242814 0.0569191
0.623716 0.0684534 0.240674
0.0227598 -0.196695 -0.15393
-0.10284 0.188519 -0.165765
-0.855703 -0.249407 0.0034322
-0.678773 -0.193184 0.157818
0.00526149 -0.241205 0.0633846
-0.999596 0.0645486 -0.0140063
-0.782528 0.24912 0.0308653
0.545909 0.186229 -0.168326
-0.524955 -0.149375 -0.200429
0.952285 0.0453861 0.245987
0.829688 0.187536 0.166352
0.550852 -0.244147 -0.051429
0.600507 0.22158 0.117584
0.107811 -0.162168 0.189637
-0.0167428 0.221937 -0.117433
1 -0.120455 0.029628
-0.0731395 -0.213295 0.129281
-0.360891 0.0909748 -0.233703
0.35653 0.239432 0.0751485
-0.181866 -0.215215 0.126054
-0.551189 0.00530452 -0.250469
-0.442191 -0.216247 -0.124794
1 0.0683667 0.0075764
-0.769983 0.235597 -0.0868747
0.288946 0.147037 -0.203345
0.709529 0.171464 0.182778
-0.584455 -0.0916064 -0.232817
-0.131512 0.00749115 0.249899
0.177917 0.117775 0.220974
0.24279 0.0662443 -0.241804
0.143306 0.204161 0.145598
1 0.0269403 -0.0562364
0.771091 -0.0589052 0.242758
-0.725396 0.15409 0.197555
-0.894198 0.250353 0.018588
0.341409 0.0132425 0.249679
-0.788489 -0.249428 0.00143478
0.18825 -0.0162947 -0.249924
0.483936 -0.00230439 -0.25049
0.576813 -0.223996 -0.110189
1 0.127609 0.111462
-0.7967 -0.0451745 -0.246247
-0.427263 -0.246622 -0.0376672
-0.730463 0.0455386 -0.24648
-0.955227 0.231743 -0.0966788
0.900431 -0.241062 -0.0644456
-0.692055 0.229976 0.100286
-0.481793 0.238586 -0.0782955
0.901171 -0.0705991 -0.240103
0.227518 -0.021178 0.24902
0.298065 0.0291867 -0.248896
0.191185 0.242613 0.0642226
-0.483161 -0.248787 -0.0182464
-0.425619 0.00289311 -0.250501
0.648681 -0.181336 -0.171857
-0.814472 0.029605 0.248327
0.357548 0.106662 -0.227022
0.0417314 0.219272 -0.122329
-0.999596 0.156184 0.138564
-0.274454 0.135952 0.210363
0.446107 0.0590186 0.243125
-0.36263 0.23345 -0.0924858
0.297557 0.143205 0.205529
-0.25122 0.131741 -0.213528
0.565203 0.0662315 0.241287
0.693929 0.0540983 -0.244771
-0.293414 -0.0654501 0.241055
-0.884485 0.230241 -0.100201
-0.352992 0.250546 0.0158208
-0.999596 0.0885854 -0.155957
-0.900346 0.0450058 0.246055
-0.999596 0.0513407 0.111193
-0.553671 -0.0586317 0.242825
-0.705136 -0.0824464 -0.236252
-0.958502 -0.0601791 -0.242962
0.126085 -0.241967 0.0604128
0.66437 0.20716 -0.141845
-0.571202 0.228526 0.103529
0.134657 0.0462275 0.245833
0.35709 -0.237417 -0.0768753
-0.201305 -0.0385749 0.246869
0.0367549 -0.191975 0.15929
-0.473596 0.104121 -0.228191
0.766285 -0.00333282 -0.250475
0.88066 0.224568 0.111807
0.725518 0.244437 -0.0574684
1 0.018937 0.0582124
-0.413413 -0.11066 -0.224309
-0.0276357 -0.178231 0.174574
-0.512759 -0.221619 -0.114924
-0.214627 0.052315 -0.245153
0.56626 -0.0370089 0.247113
0.657627 -0.0974226 0.2299
-0.667086 -0.137428 0.208338
-0.215722 0.217508 0.124914
-0.492671 -0.073318 0.238756
0.0531141 0.249483 -0.0283422
-0.450395 -0.164023 -0.18855
0.408409 0.158176 -0.194842
-0.326901 0.218706 0.122816
-0.350007 -0.248616 0.0199524
-0.871339 -0.124087 0.216589
1 -0.0798133 -0.125438
-0.950943 -0.245153 -0.0463468
0.851075 -0.248384 0.0226391
0.143493 0.234782 -0.0890516
0.886925 0.0598249 0.242931
-0.587269 -0.133123 0.211128
0.460812 -0.213577 -0.129336
-0.617511 0.242865 -0.0637916
-0.956473 0.128968 0.214684
0.331524 0.247105 -0.0445931
-0.143351 0.14541 -0.204507
0.177391 -0.246725 -0.0369822
-0.600047 0.247365 0.0426048
0.374293 0.103394 0.227998
-0.259839 0.0426565 0.246465
0.640017 0.246518 -0.0477401
-0.0274732 -0.244128 -0.0515166
-0.777836 -0.1517 0.198142
-0.251798 -0.241311 0.0629796
-0.678623 -0.240943 -0.0648955
1 0.169686 0.038904
0.251824 0.21777 -0.12498
0.530608 0.0106873 0.249793
0.493301 -0.0912423 0.232441
-0.391198 0.146586 0.203149
-0.999596 0.11691 0.0943614
0.369129 -0.207286 -0.139251
0.656189 -0.192425 0.158745
-0.213538 0.139037 0.208352
-0.439327 0.115058 0.222389
0.775409 0.206862 0.141757
-0.896881 0.0402578 -0.247381
-0.534323 0.174706 -0.180222
0.235104 0.239933 -0.0740645
0.741018 0.0508506 0.244935
-0.535182 -0.247088 0.0339207
0.303561 0.244823 0.0552767
0.734464 -0.154038 0.196322
0.615105 -0.239825 0.0684187
-0.0622689 -0.194864 -0.156254
0.120611 -0.194314 -0.156942
0.580859 -0.129049 0.213654
-0.497834 0.0417486 0.246618
1 0.124557 -0.116373
1 -0.101919 0.118859
-0.999596 0.0723804 0.196595
0.781487 -0.176287 0.176542
-0.900563 -0.211287 -0.133066
-0.643354 -0.144214 -0.204199
0.882715 0.250691 0.0133914
0.0723489 0.237658 -0.0810687
0.0322296 -0.106276 0.225916
-0.202226 0.25053 -0.0165936
-0.95751 0.115406 -0.222731
-0.31521 0.171859 -0.182931
-0.999596 0.139828 -0.0861002
-0.0845651 0.17178 0.182483
1 -0.119018 0.171942
-0.243438 -0.138748 0.207457
-0.641523 0.211016 0.135533
0.758962 0.180912 -0.174011
-0.0473296 0.1869 -0.167582
0.822446 0.212893 -0.133103
1 -0.208708 0.00599201
0.0438012 -0.222218 0.113233
0.611155 0.159037 0.193621
0.72114 -0.0372314 0.247079
0.473146 0.138694 -0.2091
0.818757 -0.212316 -0.131408
0.846731 -0.0475165 -0.245798
-0.214719 0.197802 -0.154599
-0.999596 0.00282407 -0.187772
-0.392928 -0.117857 0.22006
-0.644583 0.0894842 -0.234274
-0.309214 -0.247825 -0.0285931
0.895141 -0.166213 0.186089
0.179934 0.125222 -0.217395
-0.205558 0.155018 -0.197354
0.259482 -0.222724 0.112233
0.0115663 0.214414 0.130122
0.0442995 0.0917589 0.232878
-0.606134 -0.203546 -0.144693
-0.0203862 0.0119389 0.249741
-0.769326 0.192791 -0.16079
0.343221 0.23201 -0.0960378
-0.887258 -0.103921 -0.227537
0.0925044 -0.248751 0.018217
-0.213968 -0.137021 -0.209128
0.626277 -0.213092 -0.130138
-0.308054 -0.0961548 -0.230958
0.282501 -0.235663 -0.0821303
0.683937 -0.219963 0.117559
0.639611 0.249485 0.0278065
0.442183 0.0656121 -0.241975
-0.397222 0.047215 0.245649
-0.795837 -0.193577 -0.157855
0.493551 -0.245069 0.0462727
0.436429 0.210714 -0.13652
-0.00560836 0.110037 0.224895
0.102505 -0.0411556 -0.246965
-0.999596 -0.107226 -0.179892
-0.958527 0.192482 0.160638
0.663676 0.217195 0.125453
-0.115244 -0.11715 -0.220961
0.771902 0.231988 0.0955692
-0.584256 -0.243262 -0.0554962
1 -0.0339796 0.0349143
0.821988 0.0721151 -0.240137
0.545822 -0.0878323 0.233761
-0.866867 0.247288 -0.0435664
0.956455 -0.199917 -0.149697
-0.312992 0.0687382 -0.241115
-0.543531 0.249978 -0.0235432
0.565431 -0.17023 0.182409
-0.67069 0.223474 -0.114486
0.473807 -0.144388 0.203554
0.101387 -0.234519 -0.0853618
0.317151 0.182484 0.171846
-0.712692 0.0561901 0.243784
-0.730434 0.249142 0.0306923
-0.496465 0.240589 0.0713819
-0.632156 0.0184386 0.249367
0.311318 -0.173239 -0.180065
0.907621 -0.130594 -0.21323
-0.103882 0.248724 -0.0343982
-0.921323 0.239324 0.0754866
-0.096874 0.112056 0.223904
-0.885113 -0.199177 0.150165
0.131554 0.194799 -0.158357
-0.846079 -0.161082 0.190564
0.644139 0.0210956 0.249165
1 -0.0203533 -0.132863
-0.0738888 -0.247756 0.0286683
0.656863 -0.0201085 -0.249633
-0.255992 0.242115 0.0660627
-0.319217 0.0116932 0.249752
-0.227734 -0.194961 0.155611
-0.248079 -0.0107743 -0.250241
-0.46866 0.1953 0.15722
0.477957 0.0126509 0.249708
0.0510673 -0.0567544 0.243276
0.423267 -0.0629497 0.241728
0.942386 0.0172558 -0.249969
-0.264515 0.0857873 -0.235641
0.959156 0.245784 0.0508739
0.916077 0.0967611 -0.231385
0.706053 0.0122044 0.249729
0.232597 -0.100018 -0.229296
-0.58639 -0.249402 0.00369569
0.256924 0.23077 0.0984557
0.228427 0.152876 0.19849
0.81798 0.138796 -0.209032
0.419296 -0.204463 0.142866
0.688364 0.247176 0.0436758
0.541369 0.160015 0.192819
0.164323 -0.120481 -0.219148
0.900363 0.14153 0.206678
-0.441562 -0.191675 0.159652
0.424477 -0.155327 0.1953
-0.412174 -0.234644 -0.0850165
0.929953 0.220864 -0.119436
0.659585 0.131829 -0.213473
0.793536 0.133529 0.211898
1 -0.0117162 0.167327
0.959007 -0.14644 -0.202598
0.153952 -0.00704622 0.249865
0.617685 -0.0287126 0.24824
0.680515 -0.121389 -0.218642
0.698721 -0.234529 -0.0853362
-0.649153 -0.0352992 0.247369
0.416043 -0.14896 -0.20074
-0.197333 -0.235502 0.0820717
-0.881884 -0.246253 -0.0400345
-0.999596 -0.0276337 -0.0383387
-0.444199 -0.238495 0.0729172
-0.532943 -0.239035 -0.0716514
0.57843 -0.221053 0.115493
1 -0.0446584 0.116844
0.925177 -0.105534 0.226266
-0.999596 -0.207201 0.00938505
1 0.138633 -0.0488553
-0.621006 0.0229468 -0.249529
-0.999596 -0.0354603 -0.109152
-0.607286 0.114039 0.222909
0.954865 -0.00491225 0.249923
-0.142579 -0.233019 -0.0894028
0.794243 0.0392582 0.247018
1 -0.0284346 -0.0360666
0.830863 0.235338 -0.0875729
0.34231 -0.157632 0.193437
0.205838 0.0764879 0.238272
0.522394 0.205282 0.144023
-0.136654 -0.164952 0.187211
0.349956 -0.132632 -0.211959
-0.672027 -0.249419 -0.00297508
-0.820597 0.242936 0.0629973
-0.415561 -0.192078 -0.159686
-0.719396 0.183762 -0.171008
-0.548307 0.00636524 0.249927
-0.16445 -0.0650474 -0.241687
0.0299631 -0.223629 -0.110937
-0.906358 -0.0280974 0.248312
0.499411 0.197697 -0.154733
0.745484 -0.0488315 -0.245535
0.894355 0.239625 -0.0750542
0.574583 0.215606 -0.128671
0.346233 -0.248142 0.0251334
-0.301619 -0.206338 0.14014
0.0919544 0.13077 -0.21412
0.87359 -0.159774 -0.192186
-0.212139 -0.248632 -0.0202704
-0.398848 0.247543 0.0415663
-0.999596 -0.182783 -0.0992892
0.22522 -0.0489017 -0.245521
-0.82552 -0.22996 -0.0970467
0.802891 -0.239664 -0.0695018
-0.999596 -0.105033 -0.0369348
0.598623 -0.0964534 -0.230832
0.0711693 -0.184905 -0.167988
0.382703 -0.0155164 -0.249976
-0.954906 0.250662 -0.0144352
-0.220501 -0.23729 -0.0772687
0.208403 -0.216579 0.123693
0.781877 0.249434 0.0282553
-0.953602 -0.0775213 0.237411
-0.392217 -0.0337526 -0.24811
0.71567 -0.19553 -0.155415
-0.198135 0.240821 -0.0711232
0.607132 -0.195932 0.154384
-0.325977 -0.2165 -0.124352
-0.549337 -0.231098 0.0937653
-0.273745 -0.18359 -0.169432
-0.397829 0.215095 -0.129521
0.217969 0.189679 0.163919
0.650374 -0.23202 -0.0919801
-0.999596 0.038976 0.158993
0.113115 -0.226016 0.105438
0.529888 -0.0837729 -0.23578
0.53227 -0.0126968 -0.250144
-0.642803 0.250166 -0.0214369
-0.291818 0.242311 -0.065866
-0.538323 -0.109585 -0.224841
-0.0528031 0.2443 0.0575251
0.139555 0.0524604 -0.245122
-0.398723 -0.0400375 0.246631
0.516659 -0.175351 0.177475
-0.999596 -0.176083 0.104541
-0.483893 -0.078112 -0.237737
0.26679 -0.167086 0.185303
0.540337 -0.203841 -0.144276
-0.792581 0.217416 -0.125594
0.64825 0.171934 -0.182861
-0.270073 0.209183 -0.138851
-0.446785 0.248311 -0.0372736
-0.50035 -0.159809 0.191636
0.755447 -0.169328 -0.18377
0.830715 -0.109455 0.224383
-0.0222041 -0.125977 -0.216011
0.203387 0.0296104 -0.248847
-0.95841 -0.206153 -0.140933
-0.396296 -0.249409 0.00325366
0.785363 -0.248697 0.0189267
0.485062 0.244616 -0.0566994
0.205812 0.158605 -0.194494
-0.324397 0.0225396 -0.249564
0.468231 -0.21302 0.129736
0.692762 0.233995 0.0905768
0.638315 -0.249141 -0.0123642
0.226448 -0.205267 -0.142228
0.503245 -0.243105 -0.0561853
-0.246699 -0.0552456 0.243628
0.58009 -0.155402 -0.195762
-0.955126 -0.150124 -0.199865
-0.540454 0.206072 0.142896
-0.329882 0.185488 0.168618
1 -0.12653 0.0769562
0.860245 -0.247472 -0.0315312
-0.72861 0.242741 -0.0642616
1 0.0796878 -0.133826
-0.205167 0.236902 0.0827294
0.019208 0.246979 0.0447696
0.859108 0.240279 0.0724121
0.694319 -0.0515008 -0.24498
-0.295987 0.250807 -0.0115824
0.738993 0.142111 0.206282
-0.844734 -0.044405 -0.24639
-0.869368 0.206965 -0.142129
0.826173 -0.141914 -0.205816
0.725444 0.250941 0.0075605
-0.309347 0.236893 0.0827556
0.953076 0.194373 0.158358
-0.805384 0.247845 -0.0402698
-0.166291 -0.153642 -0.197155
0.919515 -0.221144 0.115318
0.381005 0.251054 -0.00242218
0.182816 -0.242017 0.0602113
-0.255277 0.25065 0.0141142
-0.250057 -0.249304 0.00779522
0.477195 0.106491 0.226581
-0.0916805 0.0352284 0.247611
-0.487078 -0.247716 0.0290112
-0.775156 0.121639 -0.219409
0.446474 -0.0931046 -0.232216
0.912297 0.196559 -0.156174
-0.0487277 0.228178 0.104289
0.868025 0.103392 0.227999
0.0815348 0.137048 0.209656
-0.362312 -0.235262 -0.0832803
-0.121135 0.00716811 -0.250429
0.70717 -0.245634 0.0431826
0.415368 -0.203777 -0.144366
-0.999596 -0.0248799 0.0385011
-0.115571 0.238577 -0.0783212
0.374856 -0.0608505 -0.242793
-0.815318 -0.0172981 0.249332
0.817139 0.25044 -0.0179113
-0.730245 0.0103319 0.249807
0.272322 0.208933 0.138705
-0.337003 0.105837 0.226884
-0.417828 0.193526 0.159386
0.105145 0.244844 0.0551866
0.834482 -0.209545 0.135286
0.284466 -0.0242199 -0.249254
0.391098 0.18913 -0.165069
0.582151 0.0423505 -0.247038
0.00179519 -0.00954526 -0.250295
-0.618016 0.197121 -0.155464
0.758043 -0.243068 0.0558224
-0.675317 0.244123 0.0582674
0.404124 0.148421 0.201821
0.310702 0.0475661 0.245582
-0.382762 -0.218646 0.119995
0.0584187 -0.0719539 -0.239696
-0.448032 0.222414 -0.116529
0.43857 0.245794 -0.0513438
0.725469 -0.246725 -0.0369776
0.152938 0.250281 -0.0200377
0.212528 -0.24845 0.0219044
0.767429 -0.0956147 -0.231184
0.857834 -0.240096 0.0674629
-0.636365 0.164681 -0.189397
0.659655 -0.23583 0.0811253
-0.952789 -0.164037 0.188016
0.709994 0.0989456 0.229945
-0.38393 0.24533 -0.0535226
-0.707878 0.148246 -0.202469
0.863331 -0.0289721 0.248209
0.325409 -0.0305726 0.248012
-0.155315 -0.246339 0.0389746
-0.539095 0.100827 0.229134
1 0.128372 0.0656411
-0.559833 0.175688 0.178747
0.401296 -0.242725 -0.0578161
-0.168998 -0.24939 -0.00492238
-0.705801 -0.157061 0.193903
0.62476 0.219179 -0.122497
0.177746 -0.164157 -0.188432
-0.192058 -0.125049 0.216033
-0.474314 -0.221813 0.114026
-0.999596 0.203404 0.0445105
-0.112299 0.220567 0.119461
-0.367331 -0.191915 -0.159884
0.880526 -0.200128 0.148891
0.208045 -0.174977 0.177845
-0.816595 0.0405272 -0.247338
0.386655 -0.00582166 0.2499
0.794768 0.244109 -0.0588478
-0.581944 -0.0923804 0.231987
0.0647328 0.197113 -0.155475
-0.930585 0.0114653 0.249761
-0.200332 0.0626259 0.242234
-0.0680623 -0.248924 -0.0162307
-0.0832993 0.0816238 -0.237103
0.14803 -0.0379062 -0.247495
0.098333 0.213325 0.13189
0.185837 -0.100486 0.228568
1 -0.0381264 0.204019
-0.680198 0.140984 0.207048
0.487814 0.0425917 -0.246997
0.836447 -0.148343 0.200678
-0.28601 0.0962474 0.231077
-0.999596 -0.0247296 0.179971
0.782115 -0.225518 -0.10702
-0.999596 -0.0386057 0.0992595
0.959703 0.10861 -0.226103
0.742972 -0.213454 0.129019
0.270309 -0.217853 -0.121951
0.219665 -0.176446 -0.176904
-0.801542 -0.117424 -0.220814
-0.677673 -0.0989473 0.229243
0.737472 0.0320422 -0.248553
-0.716657 0.250633 -0.0149409
0.77861 0.207308 -0.141629
0.904962 0.24919 -0.0308226
-0.311519 -0.157016 0.19394
0.956975 -0.172745 0.180021
-0.957586 0.191841 -0.161919
-0.631084 -0.24894 0.0154511
-0.61361 -0.20272 0.145334
0.261589 -0.115632 0.221245
0.18792 0.250264 0.0197252
0.547571 -0.248213 0.0244224
-0.0818451 -0.0177119 -0.249822
-0.887091 0.221878 0.117023
0.105413 0.251007 0.00508405
-0.597215 -0.229469 0.0976865
-0.803898 0.169428 -0.185177
1 0.0813071 0.114273
0.606505 -0.0350939 -0.24792
0.651351 0.0408023 -0.247294
-0.126565 -0.245687 -0.0434029
1 0.0765531 0.19392
0.760239 -0.101986 0.227898
0.166788 0.228861 0.10279
-0.334716 -0.0300224 0.248081
0.729004 -0.218991 -0.119885
-0.999596 -0.0972483 0.0315
-0.627651 0.184954 0.169201
-0.0580676 -0.0513021 0.244501
0.220946 -0.242664 -0.0580723
-0.999596 -0.0320196 -0.154374
0.137231 -0.207528 0.138367
0.0844649 0.00103007 -0.250509
0.307297 0.178397 -0.176582
-0.151302 -0.212653 -0.130858
-0.102848 -0.0493547 0.244908
0.464819 -0.232926 -0.089645
0.807048 0.240949 0.0701677
-0.398382 0.163551 -0.19037
-0.509803 0.249399 0.0285532
-0.385197 -0.17731 0.175512
-0.706773 0.00794125 -0.250408
-0.0697427 -0.187242 0.164843
-0.458366 -0.0463635 0.245501
0.398074 0.0672615 -0.241527
0.189363 0.24197 -0.0671068
-0.158698 -0.0172889 -0.249854
0.770739 -0.246462 -0.0387109
1 -0.148966 -0.0946976
-0.452797 0.250612 0.0147725
0.0528527 -0.112614 -0.223326
0.574566 0.161923 -0.191751
0.484119 0.249235 0.0299372
-0.0370959 0.0141798 -0.250152
-0.91065 -0.148486 -0.201093
-0.113486 -0.221818 0.114016
1 0.0951559 -0.0272923
-0.0652534 -0.228794 -0.0997797
-0.868923 0.142016 -0.206868
-0.266106 -0.0988294 0.229294
-0.652106 0.10744 0.226136
-0.32849 -0.242617 0.0577521
-0.999596 0.0959397 -0.0504268
-0.703482 -0.238546 0.0727519
0.146433 0.143769 0.205138
-0.908469 0.195745 0.156668
0.0312348 0.178426 0.176031
-0.747584 -0.156948 -0.194516
-0.583341 0.233498 -0.0923625
-0.999596 -0.106956 -0.0981749
0.809572 -0.106158 -0.226493
-0.898732 -0.00325196 -0.250476
0.125067 -0.218453 -0.120868
-0.7425 0.099649 0.229644
0.153447 0.216394 -0.127343
0.267802 -0.045055 0.245748
-0.19323 0.0128684 -0.250219
0.131821 -0.0974917 0.22987
0.635889 -0.130967 0.212478
0.735161 -0.129662 -0.213802
-0.772471 -0.246257 -0.0400067
-0.796004 0.0922338 0.232692
-0.0590284 -0.121979 0.21779
-0.589166 0.0253487 0.248783
-0.959064 -0.228796 0.0992533
0.158996 0.0818123 0.236517
-0.117375 0.0556174 -0.244435
0.46312 -0.0460237 0.245566
-0.0710424 -0.064389 -0.241865
0.886115 0.140952 -0.207591
0.800937 -0.0257763 0.248571
0.410955 0.231398 -0.0975017
-0.999596 -0.104378 0.173373
-0.750344 0.181021 0.173377
-0.729691 -0.034141 0.247535
-0.248035 0.200089 0.151114
0.278899 -0.240153 0.0672594
-0.53552 -0.196365 0.153832
0.632985 0.110885 0.224481
-0.10913 -0.194928 -0.156175
-0.828765 -0.173668 -0.179649
0.586113 0.246741 -0.0465698
-0.494646 -0.0366677 -0.247686
-0.883581 -0.183681 -0.169334
1 -0.116472 -0.0202243
-0.999596 0.108066 0.0205561
-0.658205 -0.210453 -0.134389
0.19383 -0.220021 -0.117971
-0.386898 0.222099 0.116606
0.508104 0.165395 -0.188776
0.00757406 0.0789365 -0.238003
0.096201 -0.132575 -0.211995
0.730184 0.231076 -0.0982613
0.0118174 -0.0527207 -0.244716
0.340984 -0.0867781 0.234158
1 0.180342 -0.037777
-0.688642 -0.170599 -0.182584
-0.350226 -0.112469 0.222879
-0.999596 0.168796 -0.0422853
-0.890184 0.138252 0.20887
0.229164 0.250949 0.00732157
0.95947 0.167865 -0.18659
-0.167397 -0.186933 0.165194
1 -0.20531 -0.036904
-0.180803 -0.0838293 0.235238
-0.561338 0.146974 -0.203391
-0.855177 0.0433814 0.246341
-0.0090912 0.146854 0.202956
-0.999596 0.0552577 -0.128883
-0.174325 0.204717 0.14482
0.0130965 -0.146447 -0.202593
0.552517 0.235898 -0.0860519
0.11428 -0.059598 0.242586
0.814208 -0.227507 0.102178
-0.999596 0.0463195 0.0246867
0.234481 0.0209897 0.249174
0.528618 0.101903 -0.229183
-0.518988 -0.21809 0.121004
-0.999596 -0.159765 -0.0329768
0.510259 0.250649 -0.0146589
-0.524496 0.147707 0.202341
-0.670193 0.0589307 0.243146
0.863305 0.0211271 -0.249684
-0.407573 0.237171 0.0819604
1 0.16431 -0.131535
0.497707 -0.201095 -0.148101
0.897459 -0.226553 -0.104798
0.682275 0.245653 -0.052018
0.610713 0.193093 0.159907
-0.113608 -0.244991 0.0466871
0.519409 -0.144164 -0.204235
0.034331 0.144472 -0.205168
-0.319188 0.205628 -0.144052
0.0897009 -0.130744 0.212617
-0.403094 0.0874601 -0.235031
0.00899027 -0.248192 -0.0251581
-0.561163 0.250604 0.0149024
0.793531 0.108751 -0.226035
-0.250888 0.239315 -0.0760359
1 0.0449738 0.0926788
-0.242229 0.166603 0.187193
-0.48016 0.047773 -0.246064
0.279266 -0.249041 -0.0142785
-0.407479 -0.244454 0.0494145
-0.0280607 -0.0826658 -0.236174
-0.999596 -0.167624 0.0303799
0.470486 -0.249368 -0.00600934
-0.81891 0.204363 0.145316
-0.611783 -0.0638656 0.241485
-0.911899 -0.239854 -0.0688383
-0.915557 -0.132945 0.211241
-0.878838 0.174294 0.180099
-0.609023 -0.176304 -0.177047
-0.632658 -0.0554115 -0.244111
-0.27128 -0.23516 -0.0835695
-0.625545 -0.240043 0.0676503
-0.586693 0.0791031 0.237427
-0.77482 -0.199748 0.149403
-0.171873 0.162792 0.190495
-0.581413 -0.185936 0.166318
-0.166074 0.0768121 -0.238691
-0.46508 0.229755 0.100787
1 -0.0698619 -0.0512049
0.739572 0.193892 0.158942
-0.231459 -0.0065355 0.24988
0.427768 -0.249309 -0.00816425
0.855235 0.197364 -0.155157
-0.740734 -0.211094 -0.133373
-0.12418 -0.0918349 0.232205
0.349631 0.192096 -0.161617
0.43172 0.209224 0.138267
-0.0599534 -0.141244 -0.206279
-0.61395 -0.119179 -0.219864
-0.355224 0.0467291 0.24574
0.421768 0.250849 -0.0106323
0.0105315 -0.164027 0.188026
-0.508654 0.246567 -0.0474891
0.131939 0.121314 -0.219587
-0.518161 0.223964 -0.113525
-0.290685 -0.00960041 -0.250292
-0.999596 -0.116493 0.107879
-0.0171876 -0.029276 0.248172
0.0736986 -0.179626 0.173133
-0.772152 -0.117308 0.220355
-0.158429 0.250996 -0.00606808
1 0.00420101 -0.0910726
1 -0.077538 0.0324551
0.69591 -0.249402 0.00371279
0.748188 0.104431 -0.22805
-0.166402 -0.016851 0.249364
-0.596971 0.160728 0.192229
-0.568738 -0.0476152 -0.245778
0.956808 -0.212382 0.130779
0.350342 0.0688141 0.240572
-0.32751 -0.0618716 -0.242531
0.556034 0.217931 0.124178
0.444768 0.153041 0.198364
0.811114 -0.0231729 -0.249357
0.478885 -0.160986 -0.191166
0.461157 -0.239164 0.0706941
-0.0427373 0.250791 -0.0119472
-0.00583183 -0.233048 -0.0893265
0.483773 0.218761 -0.123239
-0.482742 0.153331 0.198141
-0.790296 -0.237207 -0.0775246
1 -0.0207531 0.0736304
-0.531592 0.232449 0.0944499
-0.840162 0.221753 -0.11778
-0.67919 -0.116677 -0.221213
0.0689061 0.0835672 -0.236431
0.574027 0.123866 -0.218166
0.42628 0.239802 0.0739661
-0.81517 0.100849 -0.229646
-0.136397 0.238704 0.0774136
-0.0406213 0.0543262 -0.244721
0.255688 -0.144655 -0.203885
0.214827 0.206757 -0.14243
-0.999596 0.169134 -0.114243
-0.641472 0.249502 0.0276566
0.686226 -0.0682457 0.24027
0.199448 -0.0501383 0.244746
-0.0217324 -0.194703 -0.156456
0.687645 0.198972 0.152573
0.0670818 -0.241506 -0.06275
0.865126 -0.086282 0.234342
-0.0187423 -0.230883 0.0942925
0.311806 -0.057625 -0.24359
0.333064 -0.213772 0.128491
-0.128427 0.207934 -0.14071
-0.920497 -0.0789951 -0.237441
1 0.0144299 -0.158096
0.852563 0.207967 0.14014
-0.0328671 0.209728 0.137506
-0.958586 0.231786 0.0960549
-0.839419 0.180173 0.174254
-0.344055 -0.22378 0.11011
-0.816995 -0.229125 0.0984928
-0.818957 0.12638 0.216206
1 -0.049499 -0.160627
1 0.10154 0.0302817
0.925381 -0.0335862 0.247612
0.280243 0.250145 0.0211618
0.571302 -0.00324517 -0.250476
-0.999596 0.116688 -0.119921
-0.461265 -0.166717 0.185635
-0.157177 0.0460625 0.245864
-0.137362 0.107845 0.225945
0.538649 -0.223401 0.110877
0.957592 0.234119 0.0902567
0.0643844 0.0121417 0.249732
0.0346618 0.0157227 -0.250065
0.0288379 0.0306499 0.248203
0.512493 0.23637 -0.0847495
0.645373 -0.104316 -0.227355
0.384651 -0.0837039 0.235283
-0.365857 0.172977 0.181356
0.784322 0.033931 -0.248308
0.138471 -0.24353 -0.054298
0.646556 -0.0610268 0.242227
-0.0460805 0.23469 -0.0892924
0.32495 0.132695 -0.212939
-0.122363 -0.0811096 -0.236719
0.278545 -0.20466 0.142584
-0.9577 0.0932115 0.232306
-0.441078 0.154736 -0.197574
0.364594 0.224112 0.112712
0.865977 0.0264127 0.248675
-0.565744 0.0914394 -0.233524
0.0683364 0.166901 0.186928
-0.334913 0.245513 0.0521541
0.793012 0.0905842 0.233333
-0.700901 0.210839 0.135807
0.414827 0.082523 0.236273
0.488127 0.229607 0.101122
0.277889 0.0980037 0.230345
0.345193 -0.248899 -0.0166092
-0.999596 0.0359867 -0.16357
0.444419 0.249907 0.0237688
0.327243 -0.242209 0.0594376
0.0840643 0.0922529 0.232685
-0.699777 -0.247522 0.0306119
-0.267226 -0.103569 -0.2277
-0.683921 0.0852709 -0.235827
-0.768248 0.0238367 0.248927
0.251969 -0.248159 0.0249657
-0.60543 0.219367 0.121638
0.774094 -0.232452 0.0903532
0.365669 0.248288 0.0369048
-0.956722 -0.249246 0.0094217
0.296759 -0.198438 -0.151663
0.503916 -0.201639 0.146834
0.27167 -0.105527 -0.22679
-0.19009 -0.197917 -0.152346
0.554792 0.251041 -0.0036414
0.732599 0.153325 -0.198667
-0.173704 0.243673 0.0601073
0.0374673 -0.246094 0.0404889
-0.816734 -0.0115677 -0.250203
0.132084 -0.249331 -0.00742991
-0.867816 0.109997 0.224914
-0.805215 -0.0656089 0.241012
-0.490066 0.0791609 0.237408
-0.999596 -0.0113799 -0.0773923
-0.458814 -0.0200461 -0.249638
-0.432148 -0.116758 0.220649
0.337545 0.124157 0.21748
-0.892344 0.0781351 -0.238265
-0.237213 -0.0508862 -0.24511
-0.909844 0.147031 -0.20335
-0.770646 0.222915 0.115048
0.181489 0.198946 0.152606
1 0.163193 0.127762
-0.367681 -0.117965 -0.220523
-0.735831 -0.205315 0.141637
-0.579826 0.245294 -0.0536849
-0.404568 -0.199409 0.149856
1 0.16838 -0.000685174
0.454821 0.188446 0.165326
-0.705345 0.232268 -0.0954135
0.260358 -0.244825 -0.048065
0.798392 -0.0896076 0.233081
-0.0447403 0.169561 0.184534
0.247524 0.156574 -0.196127
0.415629 -0.240078 0.0675274
-0.231916 -0.20844 -0.137508
-0.713265 0.241149 0.0694806
-0.999596 0.160741 0.000955647
-0.464214 0.185182 -0.169474
0.263383 0.0994002 -0.230272
-0.106258 0.247242 0.0433086
0.215391 0.0935235 -0.232703
-0.848676 0.224135 0.112666
-0.624548 -0.141828 0.205354
-0.854794 0.110691 -0.225097
0.623339 -0.24803 0.026213
0.378471 0.178882 0.175571
-0.461324 0.0229023 0.249011
-0.674709 -0.0596457 -0.243096
-0.35361 -0.166941 -0.185955
0.401343 -0.180783 -0.172443
0.649999 0.154836 0.196975
-0.740744 -0.0664007 -0.241313
1 0.0592832 -0.0945132
0.105992 0.173105 -0.181756
0.403544 -0.247864 0.0277262
0.150855 0.241039 0.0698589
0.791248 -0.184095 -0.16888
0.509031 0.243981 0.0588537
0.865275 0.166925 0.186907
-0.839065 -0.12503 -0.216565
0.95825 0.248214 -0.0379194
-0.241369 -0.169941 0.182679
0.91809 -0.20157 -0.14745
0.667655 0.0913219 0.233048
-0.842313 0.168847 -0.185705
0.903942 0.208452 0.139422
-0.0285382 -0.245196 0.0455968
0.940921 -0.0640355 -0.24196
-0.291959 0.205851 0.143213
0.815896 0.161869 0.191275
-0.850716 -0.236652 0.0786937
-0.407047 -0.233987 0.0862975
-0.292473 0.148098 -0.202577
0.730916 0.231453 0.0968491
-0.707941 -0.246823 -0.0363124
-0.0738368 0.204195 -0.146072
-0.485173 -0.151691 -0.19867
-0.78056 -0.245225 0.0454416
-0.920077 -0.237244 0.0768917
-0.192224 0.218415 -0.123851
0.165226 0.0211241 -0.249684
0.146626 -0.087791 -0.234298
0.320465 -0.233391 -0.0884193
-0.126175 -0.14805 -0.201416
0.235574 0.248656 -0.0348886
-0.0175907 0.247639 -0.0415184
0.953674 0.124708 0.217167
-0.326594 0.237763 -0.0807578
-0.318801 -0.1854 0.166917
0.91294 -0.139684 0.206825
-0.858809 0.248903 0.0325526
-0.677068 -0.217051 0.122861
-0.0970707 -0.120749 0.218478
0.353306 -0.194846 0.155757
-0.11888 0.250987 0.00594031
0.377271 0.140503 -0.207894
-0.52294 0.201557 -0.149683
0.644148 0.234841 -0.0888952
-0.297139 -0.16026 -0.191779
-0.875467 0.0745587 0.238876
-0.922665 -0.1866 0.16557
1 0.0481072 -0.0247997
0.555019 -0.249051 -0.0140926
0.108383 0.019141 0.249316
-0.349911 0.217494 -0.125459
-0.648536 0.23579 -0.0863473
0.516357 0.181556 0.172821
-0.367134 0.250282 -0.0200256
-0.0450093 0.154983 -0.197381
0.494248 -0.0966192 -0.230762
0.448545 -0.015475 -0.249978
-0.300287 0.158269 0.194245
0.323553 0.0614593 -0.24305
0.189346 -0.15024 0.199256
0.842867 0.161475 -0.192127
0.725797 0.073537 -0.23971
0.293323 0.24649 -0.0478869
-0.093193 -0.236206 0.0800243
-0.499627 0.132917 -0.212801
1 -0.181345 0.0945917
0.696212 0.193733 -0.159656
0.614791 -0.168798 -0.18426
-0.999596 -0.0473143 0.149898
0.957241 0.0814665 0.236635
0.607278 0.108132 -0.22633
0.664226 -0.156255 -0.195077
-0.886074 -0.230931 0.0941755
0.104108 0.0404499 -0.247351
0.543886 -0.232511 -0.0907227
-0.0514486 0.0327968 0.247936
0.557391 -0.177598 -0.17574
0.279936 0.0619144 -0.242936
-0.729349 -0.0722455 0.239086
0.354593 -0.231235 0.0934263
0.209259 -0.2326 0.0899724
0.919814 0.171739 -0.183043
0.384182 -0.148063 0.200885
0.394799 0.206079 0.142887
0.0323196 0.250985 0.00600374
-0.746764 -0.229305 -0.0985932
0.65437 -0.163468 0.188513
-0.385302 0.118062 -0.221343
0.125376 -0.185923 0.166333
-0.663395 -0.233797 0.0868117
-0.293647 -0.203379 -0.144929
-0.668293 -0.168716 0.183814
0.576154 0.146622 0.203122
-0.179721 -0.233749 -0.0874632
1 -0.111815 -0.106487
0.81142 -0.191164 0.160265
-0.69124 -0.200843 -0.148445
0.61215 -0.228869 -0.0996067
0.0337994 -0.172984 -0.180312
0.531759 0.0874535 0.234512
-0.503779 -0.244669 -0.048861
-0.916427 0.250826 -0.0111589
-0.112572 0.161846 -0.191816
-0.851078 -0.096276 0.230386
0.00767737 -0.248811 0.0173788
-0.814735 -0.213976 -0.128672
1 -0.157661 0.019828
-0.523737 -0.179998 -0.173267
0.335847 0.0185403 -0.249881
-0.958247 0.159173 0.19351
0.00112217 0.113552 -0.223677
-0.999596 0.153805 0.101749
-0.265687 -0.201575 0.146922
0.515992 0.0685358 -0.241172
0.222527 0.235683 0.0861178
-0.409562 0.0380449 -0.247724
-0.88043 -0.0541946 0.243867
-0.745568 -0.229897 0.0966743
0.678399 -0.088086 -0.234186
-0.514185 -0.249424 0.00193086
-0.813233 0.156933 0.195319
0.0164783 -0.0439186 0.245957
-0.765303 -0.0262519 -0.249041
-0.786943 0.238778 0.0771855
0.41666 0.0229467 0.249008
-0.957009 0.215155 -0.129423
0.755438 -0.193579 0.157331
-0.0202897 0.248246 0.0371874
0.275754 0.202594 -0.148279
-0.920066 -0.246295 0.0392512
0.862597 -0.187966 -0.164535
0.635623 0.250925 -0.00858625
-0.813273 -0.212353 0.130827
0.575583 0.249617 0.0266072
0.58242 -0.246137 0.0402261
-0.596418 0.238537 0.0779217
-0.432575 -0.137641 -0.208718
-0.401258 -0.077022 -0.238096
0.675155 0.0131867 -0.250203
0.337819 -0.196204 -0.154558
-0.105561 -0.23393 -0.0869733
-0.452005 -0.190211 -0.161919
1 -0.143458 -0.0520867
0.827302 0.110306 0.224764
0.15392 -0.160392 0.191147
-0.725708 -0.112737 -0.223264
0.0944783 -0.16192 -0.190371
-0.765302 -0.180384 -0.172862
0.545443 0.24452 0.0565928
0.936282 -0.249195 -0.0111899
0.842757 -0.0824841 -0.236239
1 0.204674 0.0491171
0.189752 -0.0138205 0.24956
0.331442 -0.123341 0.217017
-0.766438 0.156617 0.195571
-0.478477 -0.215278 -0.126468
-0.406461 0.0123232 0.249723
-0.320388 -0.0885481 0.233489
0.492891 0.138467 0.208728
-0.793885 -0.0805667 -0.236907
-0.0430698 0.106093 0.226766
-0.18063 0.13344 -0.212475
-0.239081 0.230775 0.0984458
0.444364 0.22862 0.103322
-0.601329 -0.234186 -0.0862787
-0.917629 0.235686 -0.0866317
-0.692015 0.208617 -0.139698
0.832577 0.0409254 0.246753
-0.767827 -0.132577 -0.211994
0.397137 -0.229059 0.0986446
0.046385 0.219369 0.121635
-0.957963 0.243205 -0.0624808
-0.810264 -0.16491 0.187248
0.154929 0.095186 -0.232033
-0.621326 0.0625341 -0.242779
0.916972 0.232453 0.0944401
0.304204 -0.16882 0.183719
0.424628 -0.181979 0.170651
0.261406 0.136061 0.210293
0.669782 0.0959206 -0.231733
0.565153 0.23323 0.0925159
-0.848309 -0.197695 0.152115
1 0.0503453 0.0388056
-0.583773 0.0206815 -0.249719
0.219807 -0.112591 0.222817
-0.552838 0.0433483 -0.246868
-0.558236 -0.164604 -0.188039
-0.233803 0.103235 -0.22859
-0.781589 0.205052 0.144347
-0.0384063 -0.0954782 0.23072
-0.937546 0.0313733 -0.248636
-0.754268 -0.248637 0.0196968
0.0662718 -0.0237385 0.248781
0.155028 0.244665 -0.0564863
-0.0923785 0.113653 -0.223626
1 -0.117058 -0.171963
0.19189 -0.236947 -0.0783232
-0.928865 -0.0404105 -0.24709
0.0650547 -0.23011 -0.096687
-0.686578 -0.0240634 0.248748
-0.999596 0.0468195 0.0714108
0.734543 -0.124366 0.216428
0.812271 0.206981 0.141584
0.52321 -0.240541 0.0658577
0.94356 -0.238435 -0.073637
0.142851 0.178287 0.176171
-0.522328 -0.202912 -0.145586
-0.853168 -0.246134 0.0402437
-0.393039 -0.0791355 0.236873
-0.999596 0.012457 0.104934
-0.742195 0.00294334 -0.2505
0.0737446 -0.248975 -0.0154117
-0.189739 -0.173945 -0.179379
-0.0463135 -0.150755 0.198865
0.92525 -0.0148894 -0.250016
0.17668 -0.207981 0.137684
-0.520712 0.0238998 -0.249442
0.791184 0.158194 -0.194827
-0.465389 -0.0958587 0.230561
-0.660229 -0.0696743 0.239855
-0.999596 0.0625929 -0.0631403
-0.999596 0.0300373 -0.0996285
-0.999596 0.0870067 0.114209
-0.277925 -0.146191 0.202258
0.759485 0.241733 -0.0679571
-0.914039 0.185937 -0.168647
0.118867 0.0783707 0.237667
-0.200006 -0.0721084 -0.239649
0.0920856 0.19067 0.162771
0.354487 -0.223506 -0.111186
-0.787953 -0.236446 0.0793102
0.687933 -0.180965 -0.17225
0.45509 0.106369 -0.227158
-0.529636 -0.143833 0.203948
-0.0440723 0.125508 -0.217231
0.647763 -0.242644 -0.0581589
0.0776876 -0.227221 0.102812
0.347113 0.216219 -0.127639
-0.444065 -0.0943544 -0.231706
0.306862 0.20429 0.145418
1 -0.0480289 -0.202165
0.0356761 0.17595 -0.179012
-0.307649 0.125283 0.216839
-0.119986 0.171068 0.183147
0.457322 0.0210352 -0.249691
0.611913 0.168527 -0.185994
-0.793714 0.250973 -0.00700289
0.696124 -0.237585 0.0758293
1 0.0116204 -0.20838
-0.266546 0.226569 -0.10824
0.851529 0.250886 -0.00968364
-0.41304 0.0779429 0.237806
-0.0415853 -0.200589 0.148268
-0.888062 -0.248802 0.0175075
-0.297821 -0.12654 -0.215679
-0.454014 0.0243273 -0.249402
-0.103749 -0.180922 0.171775
-0.180671 0.249808 0.0247797
0.922492 0.249349 0.02898
-0.499337 0.18307 -0.171746
0.857168 0.0736046 -0.239689
0.603754 0.0694726 -0.240907
-0.248943 -0.165143 -0.187564
-0.825165 -0.249053 -0.0140631
0.695244 0.217448 -0.125539
-0.564825 0.190168 -0.163875
-0.926138 0.0690372 0.240509
0.92169 0.0647915 0.241672
-0.851685 -0.241238 -0.0637819
-0.50343 -0.105213 -0.226938
0.526327 -0.0470381 -0.245891
0.00166208 -0.192624 0.158503
-0.130848 -0.0275456 0.248376
0.904966 0.0208942 -0.249702
0.443165 0.153391 -0.198616
0.404051 -0.119046 0.219416
-0.364682 0.124856 0.217083
-0.505445 0.201574 0.149139
-0.999596 0.20417 -0.0359875
-0.20207 -0.107539 -0.225835
0.128461 -0.121057 -0.218828
0.366974 -0.245635 -0.0436966
0.389923 0.0326299 -0.248479
0.105465 0.233888 -0.0913731
-0.172356 0.134714 0.211152
-0.286959 -0.239989 0.0678405
-0.744954 0.0784044 -0.238177
1 0.026501 0.173793
1 0.105486 0.140105
0.84984 -0.0109567 -0.250232
0.564322 -0.0883146 -0.234099
-0.743215 -0.144656 0.203363
0.703346 -0.166527 0.185807
0.0347098 0.0562482 -0.244292
-0.930374 0.095492 -0.231908
-0.999596 -0.0303316 -0.00374629
-0.0390315 0.207687 -0.141074
-0.853912 -0.221244 -0.115649
-0.649523 -0.2053 0.141658
0.308918 0.224091 -0.113274
0.579244 -0.237207 -0.077527
-0.916242 -0.246981 -0.0352152
-0.146242 -0.216448 0.123922
-0.909022 -0.227569 -0.102559
0.896597 -0.233002 0.0889249
0.0172064 0.230132 -0.100452
-0.448824 -0.249215 -0.0107154
0.0252656 0.231378 0.0970278
-0.586314 -0.160969 0.190659
-0.117398 0.225577 -0.11029
-0.999596 -0.148908 -0.106121
0.265523 -0.0819027 0.235922
-0.871677 -0.178463 0.174336
-0.526804 -0.0241491 -0.249261
-0.63007 -0.240583 -0.0662259
0.702776 0.139166 -0.208787
0.956847 -0.0917024 0.232258
-0.290428 0.191186 -0.162689
-0.644169 0.210263 -0.137212
-0.440514 0.0951884 -0.232032
0.838819 -0.24255 -0.0585523
0.618943 0.243753 0.0597867
0.295083 -0.107381 0.22539
0.43736 -0.126419 -0.215751
0.0186504 0.249452 -0.0286169
-0.817198 0.249309 0.0293225
-0.230439 0.0220652 -0.249605
0.391882 0.239843 0.0738339
-0.871413 -0.0733872 -0.239255
-0.735735 0.131497 -0.213677
-0.895243 0.245295 0.0531618
-0.390176 0.000470007 -0.250509
-0.34602 0.120377 -0.2201
-0.513283 0.0934538 -0.232731
-0.557038 -0.134649 -0.210675
-0.933952 -0.103692 0.227122
-0.149756 0.237805 -0.0806353
0.629946 0.212787 0.132752
1 0.132836 -0.0831304
-0.870336 0.250943 -0.00801575
-0.999596 0.00651774 -0.0344866
-0.767212 0.0490628 -0.245814
0.238477 0.212742 0.132823
-0.674522 0.167077 -0.187294
-0.0910175 0.14117 0.206923
-0.635412 0.119456 -0.220598
-0.670899 -0.229719 -0.0976172
0.796934 -0.159756 -0.192202
0.600371 -0.247887 -0.0280368
-0.47884 0.247314 0.0428972
-0.161156 0.108246 -0.226276
-0.758732 0.211955 -0.134589
-0.999596 0.126433 0.166731
-0.551404 -0.21303 -0.130241
-0.1662 -0.228894 0.0990277
-0.226153 0.176409 -0.178561
0.921305 -0.247925 0.0271792
-0.278355 -0.249048 -0.0141518
-0.235282 -0.22607 -0.105843
1 -0.0331365 -0.00234531
-0.286552 0.0212008 0.249156
-0.814218 0.0630667 0.242122
-0.332954 -0.243899 -0.0526024
-0.820614 -0.248449 0.0219177
-0.999596 -0.0828142 0.0965992
0.561397 0.0314224 0.248109
-0.281169 -0.221151 0.115305
0.0509488 0.243976 0.0588759
0.926713 0.177431 0.177027
-0.710388 -0.233728 -0.0875192
0.943883 -0.243336 0.054648
0.735853 0.249777 -0.0256023
-0.448333 0.20452 -0.145617
-0.0816871 0.238463 -0.0786697
-0.603723 0.0901335 -0.234027
-0.212086 0.109327 0.225238
-0.300246 -0.0329897 0.247694
0.0113749 0.211613 -0.135126
-0.72715 0.227356 0.106058
-0.389249 -0.241978 -0.0608915
-0.999596 -0.0748686 -0.168712
0.279626 -0.163357 -0.189131
1 -0.172305 -0.1191
-0.163152 -0.148708 0.200407
-0.928242 -0.0560689 0.243437
0.157309 0.176387 -0.178583
0.750762 0.219055 0.122197
0.68979 -0.112316 0.222956
0.575918 0.196392 -0.156382
0.198833 -0.102805 -0.228048
-0.0436304 -0.221271 0.115075
-0.00641922 -0.105181 0.226431
-0.027719 0.0758705 0.238467
1 -0.0785606 -0.0837512
-0.465002 0.135366 -0.211259
-0.999596 -0.175566 -0.0627233
1 0.0824179 -0.189138
0.311438 -0.2494 -0.00436652
0.379371 -0.146172 -0.202793
-0.532332 -0.0310348 0.247953
0.0981165 0.199536 -0.152361
0.272269 0.241575 0.0679969
0.57339 -0.2073 -0.139231
-0.606255 0.150262 -0.200984
-0.889826 0.241864 -0.0674892
-0.85814 0.0415698 -0.247168
0.239536 0.0792288 0.237386
0.591427 0.0862285 0.23496
0.138714 -0.0368416 0.247139
0.55658 0.119154 0.22024
-0.243416 0.12509 0.216949
-0.923108 0.131857 0.212935
-0.222889 0.246925 -0.0455818
-0.897115 0.00974043 0.249829
0.314743 0.250581 -0.0158025
0.927721 -0.0712612 0.239384
-0.656859 0.0124924 -0.250237
0.927469 0.0501244 -0.245603
0.818331 -0.249071 0.0132098
-0.677753 0.24883 -0.033619
-0.0702309 -0.213428 -0.129583
0.380197 0.23619 -0.0852492
-0.0148365 0.172347 -0.182473
-0.527976 0.148676 -0.202156
0.150663 -0.17836 -0.174963
-0.521876 0.0693881 0.24041
0.156423 -0.212679 -0.130816
-0.0551738 -0.167274 -0.185653
-0.743199 0.130574 0.213719
0.769176 0.0681956 0.240746
-0.945934 -0.213048 0.129689
0.725851 0.18332 -0.17148
0.815712 -0.229074 -0.0991317
0.203509 -0.248909 -0.0164581
-0.36133 0.174328 -0.180587
-0.380658 0.0635921 -0.242507
-0.406979 0.172005 0.182273
-0.101862 0.195237 0.157298
-0.389835 -0.146719 0.201873
-0.999596 -0.0574068 0.0319584
0.398493 -0.0375335 0.247032
0.573766 -0.192205 0.159012
-0.100584 -0.248428 -0.0226744
0.706761 0.135661 0.21055
-0.463547 -0.24535 -0.0452849
0.538306 -0.0569987 0.243218
-0.348402 0.055621 -0.244434
0.862969 0.232394 -0.0951065
-0.668265 0.169111 0.184944
-0.999596 0.0150485 0.0355019
0.0902629 0.229196 0.102045
0.804694 -0.158879 0.192411
0.596482 0.0468138 0.245724
-0.0784989 0.172983 -0.181872
-0.589827 0.207519 -0.14132
-0.999596 0.120327 -0.169314
0.20885 -0.196942 0.15309
-0.999596 0.116171 0.0590004
0.523138 -0.115187 -0.221999
-0.757373 0.25087 0.00958166
-0.609213 -0.221045 -0.116031
-0.777841 -0.0476562 0.245249
0.506101 0.123452 -0.2184
0.198545 0.141569 0.206651
0.32162 -0.118068 -0.220468
-0.297868 -0.224501 -0.109151
0.0346479 -0.236995 0.0776562
0.00338627 -0.213505 -0.129456
-0.664053 -0.246898 -0.0357919
0.123544 -0.132062 0.211797
-0.228267 0.0335468 0.247838
0.607676 -0.112417 0.222905
-0.526771 -0.0768078 0.237645
0.4761 0.0453664 0.24599
0.49086 0.195246 0.157286
1 0.0532744 -0.153285
-0.999596 -0.174829 -0.00383653
0.466061 0.202731 -0.148092
0.590907 -0.124969 -0.2166
0.113669 0.14269 0.205885
-0.958912 -0.176431 -0.176919
0.879405 -0.0451037 -0.24626
1 -0.100108 0.0575784
1 0.0368797 0.125636
0.261118 0.035614 -0.248078
0.881862 -0.247116 0.033718
-0.502086 -0.112495 0.222866
-0.717659 0.180026 0.174404
-0.756077 0.245813 0.0507331
0.588118 -0.234101 0.0859881
1 0.15299 0.0871457
0.497236 -0.121359 0.218138
-0.999596 0.128737 -0.0553925
-0.0820756 0.226923 0.106975
-0.999596 -0.134155 0.0358706
0.350805 0.250399 -0.0184802
0.423688 0.188142 -0.166191
-0.999596 -0.0721781 -0.0382206
-0.479792 0.225784 -0.109866
1 0.137981 -0.150798
-0.336097 -0.249264 -0.00948392
0.753792 -0.0318339 0.247849
-0.469942 -0.00963554 0.24977
0.261938 0.244695 -0.056357
0.957061 0.229571 -0.101724
0.333367 0.21725 0.125358
-0.999596 0.173242 0.0591553
0.899751 -0.101027 -0.228849
-0.801031 0.232138 -0.0957284
-0.771629 -0.178795 0.173994
-0.41441 0.248108 -0.0386106
0.798853 0.00732765 0.249903
-0.160567 0.205653 -0.144017
0.0992222 -0.236958 0.0777669
0.335147 0.246463 0.0475042
-0.380291 -0.247332 0.0321033
-0.048429 0.192792 0.160267
0.451278 -0.0784543 0.237102
0.732693 -0.0667515 0.240694
-0.871308 -0.0203507 -0.249613
-0.23975 -0.118791 -0.220076
-0.575699 0.107311 0.226197
0.857675 -0.218882 -0.120085
-0.999596 -0.0691069 -0.104173
0.535228 -0.0242207 0.248733
-0.915102 -0.206089 0.140506
-0.999596 -0.163413 0.0633352
0.65756 -0.201413 -0.147665
0.610459 0.234336 0.0896956
0.551766 -0.116978 0.220532
-0.406912 0.116475 0.221656
-0.999596 0.00557188 0.168973
-0.261659 -0.0717678 -0.239752
-0.693614 0.117479 -0.221651
-0.366907 -0.0349744 0.247416
-0.0538102 -0.239086 -0.0714787
-0.713018 0.0721411 -0.240129
0.0367836 0.061955 0.242404
0.503078 -0.0075528 0.249848
0.320655 -0.149858 -0.200065
1 -0.093522 0.149886
1 -0.175493 -0.0497979
0.132373 -0.247664 0.0294452
-0.154988 0.0775699 0.237926
0.770493 0.242775 0.0636125
-0.13334 0.17979 -0.175167
0.869372 0.247323 0.0428468
-0.778226 0.244502 -0.0571903
1 -0.0177496 0.1354
1 0.0608111 -0.0625034
0.791989 0.188803 0.164921
0.675741 0.0263169 0.248685
0.592904 -0.0667039 -0.241229
-0.601771 -0.0636282 -0.242069
-0.463917 -0.206008 0.140625
-0.533849 -0.240706 0.0652546
-0.999596 0.121934 0.125968
0.449406 0.0919043 0.232821
-0.237056 0.211729 -0.134944
0.563431 -0.00527763 0.249914
0.356129 0.242498 -0.0651728
-0.113131 0.134801 -0.211618
-0.3186 0.250809 0.0110166
-0.786951 0.146758 -0.203546
-0.246133 0.0575054 -0.244003
1 0.0932131 -0.103451
-0.999596 0.0963143 -0.0105804
-0.120154 -0.143496 0.204187
-0.887701 -0.216659 0.123552
0.0181582 -0.0796823 0.236688
-0.391304 0.19023 -0.163804
0.387974 0.0978664 -0.230924
0.159508 0.0264221 0.248675
-0.195812 -0.196199 0.154044
0.0734846 0.251038 -0.00386532
-0.518219 0.251056 -0.00222467
-0.702773 -0.207103 0.139004
0.169349 0.152473 -0.199319
-0.275352 0.113593 -0.223656
-0.353689 0.00555724 -0.250464
-0.468231 0.103032 0.22816
-0.352013 -0.177947 0.174864
0.254912 -0.0359446 -0.247795
0.683847 0.153716 0.197845
-0.855741 0.189335 -0.164834
0.217581 0.187139 -0.167317
0.0720326 0.224787 -0.111888
0.35649 -0.0193534 0.249174
0.300412 -0.0930902 -0.232222
0.530004 0.0430135 0.246405
0.736715 -0.0176909 -0.249824
-0.431159 0.032774 0.247939
-0.119622 -0.173965 -0.17936
-0.5647 -0.0293574 0.248163
-0.699454 0.248202 0.037477
-0.21751 0.130847 -0.214074
-0.44612 -0.231453 -0.0934064
-0.999596 -0.0984239 0.0681206
-0.0920397 -0.136874 -0.209225
-0.464814 0.213525 0.131568
0.454351 -0.0608073 -0.242804
-0.660356 0.223737 0.11345
0.416772 -0.0827801 -0.236134
-0.821868 -0.141704 0.20544
0.286123 0.119266 -0.2207
0.0402697 -0.247646 -0.0301228
-0.169083 0.160043 -0.193317
0.324205 0.159123 0.193551
1 -0.145728 0.0518035
0.430089 -0.237059 -0.0779814
0.897383 0.114421 0.222715
0.556381 -0.145749 0.202578
0.0819138 -0.0633995 0.241609
0.371832 0.131258 0.213302
0.0395352 0.238273 -0.0792433
-0.450969 0.240633 -0.0717575
0.552677 0.0623173 -0.242834
-0.857748 -0.0315844 0.247882
-0.553447 0.226153 -0.109105
-0.168691 -0.240258 0.0668828
-0.366293 0.246156 0.0490555
1 0.00726978 -0.0305435
0.919527 -0.246605 -0.037782
-0.294102 -0.243176 -0.0558742
-0.793953 -0.0934935 0.231537
0.306625 -0.00109458 -0.250502
0.322218 0.239969 -0.0739473
0.48172 -0.183602 -0.169419
0.657912 0.222996 -0.115413
0.0777757 0.245833 -0.0511574
0.291845 -0.219578 0.118278
-0.677745 -0.144216 -0.204198
0.0169565 -0.130438 0.212806
0.498725 -0.0322238 -0.248319
0.125242 -0.0659279 -0.241445
0.26887 0.024008 0.248911
0.208803 0.112831 0.223518
-0.736624 0.231348 -0.0976192
-0.421744 0.1408 0.207173
0.509115 0.0163479 -0.250027
-0.0147564 0.235004 -0.0884631
0.0204464 -0.208512 0.136876
-0.697038 -0.0325825 -0.248271
0.0573826 -0.125894 0.215539
-0.0718225 -0.227776 0.101575
-0.336211 -0.108584 -0.22533
0.933261 0.0207582 0.249192
-0.711928 0.129996 0.214068
0.363739 0.0781449 -0.238262
0.219152 0.0479851 0.245502
0.383908 -0.201254 0.147363
-0.4091 -0.21121 -0.133189
-0.0737078 0.249694 -0.0264081
1 -0.00841459 -0.0600314
0.616756 0.0399205 -0.247435
0.0540596 -0.201372 -0.147722
-0.835432 0.24635 -0.0486028
-0.999596 -0.0227052 0.0724001
0.866506 -0.156773 0.194137
0.54475 0.208018 -0.140586
0.590889 0.176806 0.177649
0.958629 -0.194459 0.15624
0.957412 -0.170434 -0.182739
-0.213314 -0.220051 0.117394
0.326482 0.236789 0.0830505
0.262324 -0.142267 0.205049
0.832179 -0.0300565 0.248077
-0.477426 0.247421 -0.0428029
-0.0938422 -0.0928323 -0.232327
1 -0.130536 0.140093
0.791135 0.220902 0.118846
0.756571 0.250934 0.00778956
-0.633375 0.244285 0.0575911
-0.355934 0.076896 0.238143
0.36378 -0.0971463 -0.230539
-0.0174636 0.223367 0.114173
0.309176 0.0167418 0.249481
-0.0956799 0.0834127 0.235964
-0.999596 0.0442122 -0.0380555
-0.913419 0.223293 -0.114838
-0.999596 -0.0970722 -0.00063362
0.895799 -0.0909578 0.232553
-0.999596 0.0760814 0.015736
-0.358517 -0.0518164 -0.244912
-0.21674 -0.0649411 0.241194
0.75682 0.220793 -0.119567
-0.655177 0.194591 0.158091
0.8695 -0.240308 -0.0672249
1 0.139511 0.0315318
0.652356 0.0507526 0.244955
0.219304 -0.0168015 -0.249888
-0.445856 -0.142591 0.204823
-0.14722 0.2131 0.132252
0.592394 -0.0534519 0.244033
0.447684 0.0223516 0.24906
0.155729 -0.237918 0.0747801
-0.225913 0.251025 0.00410876
1 -0.083557 0.19113
0.140678 0.22059 0.11942
-0.314381 -0.0341461 -0.248055
-0.503935 -0.235695 -0.0820364
-0.65219 0.245893 -0.0508684
-0.194417 0.178123 -0.176856
0.183016 0.208555 -0.139791
1 0.0125334 0.144759
0.616586 0.134309 0.211408
-0.420569 -0.17012 -0.183033
-0.621555 0.251027 0.00403921
-0.228451 -0.235393 0.0823841
0.548202 -0.155685 -0.195535
0.502001 -0.154541 0.195925
-0.999596 0.0981896 0.179302
-0.280207 0.0653721 0.241518
-0.958946 0.0237216 0.248938
-0.765383 -0.200611 -0.14876
0.84918 0.137163 -0.210102
-0.573992 -0.0172162 -0.249859
-0.760225 -0.249206 -0.0109387
0.0106357 -0.223081 0.111521
0.215039 0.246906 0.0451662
1 0.10345 0.0901191
1 -0.105631 -0.142278
-0.738644 0.0398709 0.246922
-0.999596 0.175545 0.0279814
0.292895 0.0719928 0.239652
0.0584412 -0.0853948 0.23467
-0.999596 -0.114329 -0.148807
0.659594 -0.210391 0.133965
0.0607388 -0.208805 0.136429
0.182014 0.0566772 0.243673
-0.238553 0.15526 -0.197164
0.469238 -0.228473 0.0999958
-0.0983764 -0.202064 0.146247
-0.999596 -0.115029 0.140956
0.71323 -0.209349 0.135591
-0.519995 -0.177196 0.175627
0.92647 -0.236537 0.0790402
0.607965 0.249029 0.0315853
0.582715 0.208708 0.139041
-0.26647 -0.232285 0.090782
0.900397 0.22806 -0.105065
0.225004 0.225834 -0.109764
0.917024 -0.0450769 -0.246265
0.893325 -0.0217633 0.248967
0.718495 0.0712234 0.239879
0.894201 -0.189691 -0.162531
0.808179 0.226024 -0.109372
1 -0.0467778 -0.117387
-0.999596 0.0817484 -0.185796
-0.930774 -0.213789 -0.128983
-0.999596 -0.111359 -0.0679069
-0.811267 0.0709482 -0.240481
-0.511931 0.0148022 0.249597
-0.910347 -0.122899 -0.217791
0.925651 -0.167395 0.185022
0.29282 0.166933 0.1869
-0.416532 -0.179439 0.173328
-0.39697 -0.133052 -0.211694
0.0670091 0.114821 -0.223032
0.839 0.0421086 -0.247079
-0.480042 0.176244 0.178202
0.0138871 0.197027 0.155063
-0.47188 -0.234015 0.0862224
-0.692419 -0.123041 0.217188
0.937602 -0.126105 -0.215936
0.177414 -0.045716 -0.246145
0.479269 0.0779086 0.237817
-0.217644 0.199516 0.151866
-0.551722 -0.24928 0.00850383
-0.464351 0.0770953 -0.2386
-0.357224 0.21765 0.124667
-0.294305 0.0914738 -0.23351
-0.788806 0.0460067 0.245874
-0.92205 0.249147 0.0306491
-0.330689 0.0939851 -0.232518
0.25636 0.232641 -0.0944995
-0.566801 0.214337 0.130249
-0.600716 -0.247451 0.0311772
-0.215642 -0.161257 -0.190936
-0.572277 -0.248359 -0.0234249
-0.659034 -0.00673649 0.249874
-0.999596 0.0726392 0.0872895
-0.322096 0.142866 -0.206285
0.78145 -0.0295038 -0.248666
0.926956 -0.149925 -0.200015
0.850818 0.228297 0.10403
0.770779 -0.155166 0.195429
0.665493 -0.249431 0.00099075
-0.999596 0.0653831 0.138021
0.148329 0.10806 0.225843
0.214516 -0.0762947 -0.238333
0.710057 0.242595 0.0642886
0.401277 0.12307 0.218093
0.158726 -0.0097539 -0.250286
-0.999596 0.0224828 0.133647
-0.556084 -0.129349 0.213472
-0.351659 -0.224382 -0.109397
-0.045965 0.250388 0.0181177
0.73657 -0.17787 0.174943
0.663929 -0.0535395 -0.244535
0.0529611 0.119079 0.22028
0.434375 -0.220745 -0.116603
-0.999596 -0.0741172 0.166635
0.248702 -0.237559 -0.0764341
-0.824554 -0.151034 -0.199174
0.64588 0.192607 -0.16101
0.210752 0.0584279 -0.243787
-0.659642 0.0308244 0.248182
0.48304 -0.247238 -0.0333349
-0.999596 0.0356268 -0.00551971
0.729775 -0.00848551 0.249815
-0.133436 0.25004 -0.0228743
-0.614511 -0.0896977 -0.233567
0.0785153 -0.153672 0.19661
0.874978 -0.0847115 -0.235441
-0.428824 -0.0399223 0.24665
-0.999596 -0.0187983 -0.208711
-0.277962 0.235464 0.0867111
-0.396906 -0.248024 -0.0267812
-0.556875 -0.0789231 -0.237466
-0.461712 0.135778 0.210475
0.824504 0.246699 -0.0467943
0.348784 0.182081 0.17227
0.232817 -0.0504143 0.244688
0.276328 0.168248 -0.186246
-0.385468 0.250646 0.0141869
0.367981 0.0293937 0.248351
-0.706387 -0.17917 0.173606
0.645195 0.0114244 -0.250284
1 -0.0724104 0.105421
-0.707479 -0.0958395 0.230569
1 0.0917366 0.167641
-0.999596 -0.147211 0.112553
0.0678794 -0.246912 0.0351787
-0.540165 -0.229137 -0.0989854
0.414453 -0.0231144 -0.249363
-0.105021 -0.0124679 0.249635
-0.161823 0.0167163 0.249482
-0.437173 0.233902 0.0908148
0.873103 0.131163 0.21336
0.0180248 -0.121606 -0.218521
0.839287 -0.199736 -0.149939
0.417343 0.0444019 -0.246684
-0.425622 0.249416 0.0284075
0.620122 -0.1928 -0.158809
-0.128396 0.0371053 0.247343
0.342519 -0.0499478 -0.245307
-0.345823 -0.204564 -0.143242
0.406799 0.204872 -0.145123
0.00545445 0.167482 0.186412
0.663989 0.0682155 -0.241262
0.128643 0.22434 -0.112781
-0.342781 0.230688 0.0986465
0.576635 -0.102186 0.227808
-0.024165 0.0464498 0.245792
-0.356213 0.242589 -0.0648354
0.239031 -0.231985 0.0915461
0.00461198 -0.1813 -0.171896
0.517976 -0.24783 0.028027
0.168438 -0.0346761 0.247459
0.859448 0.188547 0.165211
-0.74442 -0.0964484 0.230313
-0.6264 -0.0107854 0.249719
0.449377 -0.157922 -0.193721
0.686953 -0.200155 0.148855
-0.259616 -0.202286 -0.14646
-0.233838 -0.24657 0.0374912
0.331058 0.0889398 -0.234479
0.446554 -0.13411 0.210499
-0.63093 -0.00504098 -0.250441
1 0.194024 0.0183324
0.89006 0.083385 -0.236495
0.42292 -0.246672 -0.0373386
1 0.00512524 0.031942
-0.602877 -0.248322 -0.0238193
-0.957354 -0.0884454 -0.234049
-0.186172 0.219364 0.121644
-0.841659 0.235993 0.0852711
1 0.0389236 0.011081
1 0.141377 0.149013
0.92841 0.246119 -0.0497613
0.76438 0.128459 0.214987
1 -0.0786264 -0.155166
0.337123 -0.0573449 0.243136
0.905634 0.121953 -0.219235
-0.583923 -0.187057 -0.165574
0.636693 0.111253 -0.224822
1 -0.131683 0.106675
0.541949 -0.220224 -0.117591
-0.391037 0.230245 -0.100192
-0.423237 -0.0265793 -0.249005
0.615636 0.249248 -0.0303486
-0.696411 0.160783 0.192183
-0.362823 -0.142793 -0.205203
-0.751779 0.105478 -0.227571
0.744041 0.166162 0.187581
1 -0.0957731 0.00819966
0.281326 0.218658 -0.123423
-0.930118 0.125084 -0.217474
0.593283 -0.177239 0.175584
-0.336958 0.250783 -0.0121004
0.765513 0.0326335 0.247957
-0.32207 -0.0562411 0.243397
0.466948 -0.0170407 0.24935
0.70593 0.0275485 -0.249077
0.628614 -0.0927421 0.231842
-0.948577 0.242806 0.0634949
-0.70173 0.0391639 -0.247553
-0.172126 0.186318 0.167707
0.395188 -0.216989 -0.123492
-0.882549 -0.0993133 0.229084
-0.854269 -0.24766 -0.030003
-0.527214 0.040494 0.246822
0.956779 0.214886 -0.129868
0.422828 0.136056 -0.210818
-0.859545 0.238841 -0.0775121
-0.188401 0.247181 -0.0441719
0.489797 -0.2489 0.0160792
0.237038 -0.171769 0.180956
-0.509949 -0.244597 0.0487007
0.834507 0.100076 -0.229981
0.958851 0.25025 0.0199066
-0.0857534 -0.182797 -0.170293
0.629405 -0.183605 0.168896
-0.774713 0.17125 -0.183499
0.542847 0.162716 -0.191081
0.679176 -0.178453 0.174346
0.710207 -0.116349 -0.221387
0.306791 0.11823 0.220733
0.0158563 0.0852945 0.235297
-0.439451 -0.241255 -0.0637158
0.496582 -0.234619 -0.0850862
0.121951 -0.174409 -0.178925
0.512182 -0.2176 0.121883
-0.493105 -0.173632 -0.179684
-0.0452535 -0.0176093 0.249309
-0.742944 -0.247092 -0.0344141
-0.212162 -0.244405 -0.050178
-0.581237 -0.117926 -0.220544
-0.958507 0.209928 0.137203
-0.18423 0.230899 -0.0986766
-0.465716 -0.244599 0.0486939
0.17336 0.2343 -0.0903103
0.413436 -0.0940755 0.2313
-0.616804 0.0431011 0.24639
0.482657 -0.22341 -0.111381
-0.265742 -0.246986 0.0346544
0.608151 -0.138534 0.207601
0.856641 -0.140874 -0.206534
0.311742 0.2495 0.0276661
-0.255733 0.0120152 0.249737
0.786601 0.190201 -0.163837
0.84521 0.222657 -0.116065
-0.729176 -0.246863 0.0355191
-0.944524 -0.248871 -0.017037
-0.29449 0.0192789 -0.249827
0.895395 0.164515 0.189018
-0.307108 -0.249431 0.000917943
-0.512173 0.235386 -0.0874426
-0.175859 -0.054782 0.243734
-0.184445 0.0464545 -0.246312
0.622252 0.0019633 0.249985
-0.610522 0.139347 0.208146
-0.670454 0.209428 0.13796
-0.657809 -0.164009 -0.188562
0.803361 -0.0589457 0.242748
-0.603034 -0.111565 0.223335
0.859567 0.0693182 0.240429
0.840825 -0.232657 0.0898243
0.781849 -0.249159 -0.0119925
0.801521 0.25097 0.00658881
-0.550836 0.245696 -0.0518116
0.746056 -0.0769142 -0.238132
1 0.00767806 0.0851103
0.271715 -0.187166 0.164929
0.908361 0.0355806 0.247561
-0.94195 -0.238584 -0.0731465
0.503253 0.0268261 0.248633
-0.152769 -0.24757 -0.0307443
0.0881982 -0.0657818 -0.241485
0.167294 0.246961 0.0448663
0.0387924 -0.172277 0.18047
-0.567416 0.12306 -0.21862
0.69655 -0.0173517 0.249328
-0.440699 0.204382 0.14529
0.874787 -0.18194 0.170693
0.517634 0.220391 0.119784
0.524447 -0.247667 -0.0299459
-0.832565 0.00705741 0.24991
-0.330415 -0.130871 0.212538
-0.210232 0.0800371 -0.237638
-0.61148 -0.218127 0.120937
0.924403 -0.0869333 -0.234621
0.794094 0.00681197 -0.250437
0.447973 -0.199095 -0.150794
0.378406 -0.230215 -0.0964354
0.273235 0.00754832 -0.250419
0.00871912 0.00998311 0.24982
0.632529 -0.232421 0.0904339
1 -0.203447 0.0366385
0.161691 -0.14479 -0.203789
0.576869 0.229961 -0.100842
-0.406731 0.209399 0.138003
0.905904 0.212842 -0.133185
1 -0.0692459 0.134322
0.101267 -0.245222 0.0454603
-0.999596 0.00744917 -0.159323
0.105639 0.0531396 0.244457
0.128699 -0.230776 -0.0950756
-0.147613 -0.132152 -0.212261
0.374091 -0.246822 0.035797
0.677006 -0.240281 -0.0673203
0.687594 -0.0238422 -0.249292
0.67476 0.250384 0.0181735
0.787927 -0.211474 -0.132766
-0.563899 -0.24687 0.0354663
0.707104 0.24985 -0.0248731
0.733464 0.0208851 0.249182
0.872624 -0.249408 0.00334056
-0.798168 0.189147 -0.16505
-0.649189 -0.183867 0.168609
1 -0.0972414 -0.0425017
-0.145946 -0.0964045 -0.230853
0.369462 0.0099506 -0.250342
-0.30151 0.224971 0.110999
-0.154664 -0.100841 0.22841
0.673916 0.241622 0.0678304
0.18675 0.100276 -0.229895
-0.871593 -0.150884 0.198767
1 -0.00848887 0.200675
0.255816 -0.0166783 0.249376
0.241224 -0.211937 0.1315
0.457483 0.127169 0.215747
0.452976 -0.199221 0.150105
0.903652 -0.185531 0.166771
-0.218372 -0.00900648 -0.250316
0.925157 0.126681 0.216031
0.634384 0.152356 -0.199408
-0.73384 0.199694 -0.152153
0.572966 -0.0747089 0.23832
-0.0386367 -0.248594 -0.0207443
-0.577598 -0.204485 -0.143357
0.893152 -0.215833 0.124991
1 -0.136679 -1.93208e-05
-0.196683 -0.00991367 0.249758
-0.468175 -0.0549785 -0.24421
-0.583625 -0.0592235 0.242679
0.760978 0.159789 -0.193526
-0.669414 0.0864832 0.234868
-0.214039 -0.242372 0.0587682
-0.999596 0.146862 0.0740739
0.430502 0.238753 -0.0777831
0.472791 0.0662655 -0.241799
0.767207 -0.220822 0.115935
0.155578 -0.2449 0.0471568
0.293296 -0.0325105 0.247759
0.486764 0.231965 -0.0961459
-0.999596 -0.0154044 0.206881
-0.340702 0.202206 0.148286
0.416 0.0521378 0.244669
-0.85657 -0.169282 -0.183813
0.24541 0.1968 0.155349
-0.999596 0.0661208 0.167523
-0.564361 0.239528 0.0748413
-0.243365 -0.114242 0.22197
0.706978 -0.242639 -0.0581795
-0.768799 -0.0620892 -0.242474
0.521774 -0.101795 0.227984
-0.224643 0.242945 0.0629642
-0.045115 0.222407 -0.116542
-0.999596 0.0266724 -0.20851
-0.270031 0.247931 0.0392126
0.698611 0.081288 -0.237217
-0.823942 -0.0885674 0.233481
0.891177 -0.247386 -0.0322089
-0.894881 0.233327 0.0922733
0.739762 -0.185876 -0.166907
-0.221218 -0.24934 0.00658487
1 -0.188237 -0.0142678
-0.999596 -0.00317531 -0.104526
0.164091 -0.249203 -0.0110046
-0.035822 0.237651 0.0805659
0.557944 0.02177 -0.24963
0.631844 -0.204985 0.142115
0.673274 0.182709 -0.17213
0.600425 -0.21173 0.131835
0.62746 -0.0159868 -0.249945
-0.396048 0.141096 -0.207494
-0.34136 -0.234771 0.0841402
-0.917833 -0.197519 -0.152864
-0.956867 0.139791 -0.208371
0.166724 0.213011 0.132394
0.58598 -0.155517 0.195149
-0.894397 0.249423 -0.0288669
0.725284 -0.230993 -0.0945442
0.733158 0.129974 -0.214602
0.200971 -0.0782127 0.237182
-0.91684 0.0646109 -0.242241
0.747594 -0.248693 -0.0195037
0.707946 -0.132514 0.211512
-0.10038 -0.0633634 -0.24214
0.662425 -0.122647 0.217412
0.543041 -0.182384 0.170217
0.657012 -0.225208 0.107155
0.258105 -0.203257 -0.145101
0.284713 0.19362 0.159272
0.871681 -0.00118272 0.24998
0.251045 -0.167789 -0.185185
-0.0690914 0.116348 0.221723
0.959856 0.210858 0.135778
-0.877965 0.0158088 -0.25006
-0.0183483 -0.156312 0.19451
0.381323 0.164156 -0.18985
-0.242557 0.195066 -0.158029
-0.650117 -0.118142 0.219907
0.528605 -0.240034 -0.0682048
-0.329366 -0.208999 0.13613
1 0.0484037 0.193135
0.0886847 -0.200781 -0.148528
-0.435398 0.250804 -0.0116501
1 -0.100019 0.0907756
-0.797595 0.00455775 0.24996
0.133838 0.251062 0.000620148
-0.373669 -0.0981944 0.229569
1 0.0988285 0.0022807
0.845344 -0.161326 -0.190877
-0.127198 0.245303 -0.0536465
0.452631 -0.159018 0.192295
0.618127 -0.11475 -0.222227
0.714231 0.042534 0.246486
0.240167 -0.124996 -0.216584
-0.926998 -0.15552 0.195146
0.911391 0.251064 -0.000241427
0.364498 -0.190656 -0.161392
0.626254 0.177132 0.177325
0.517408 -0.0750486 0.238212
0.0623317 0.143054 -0.206155
-0.999596 -0.0413367 -0.0760035
0.214169 0.245503 -0.0527214
0.666078 0.23074 0.098526
-0.48388 -0.178634 0.17416
0.623573 0.241047 -0.0703545
-0.999596 -0.133918 -0.0437946
0.322238 0.1592 -0.194009
0.470969 -0.0359875 -0.247788
-0.893131 -0.249144 -0.0123017
-0.326565 -0.161467 -0.190757
0.921669 0.235402 -0.0874007
0.805004 0.0663801 0.241246
-0.376696 0.0283938 0.248464
-0.494825 0.0731329 -0.239832
0.838999 -0.249376 -0.00564869
-0.440871 0.183023 0.171275
0.882448 0.193173 -0.160331
0.959355 -0.215265 -0.126489
-0.285273 0.0651161 -0.242107
0.27928 -0.230902 0.0942477
-0.538858 0.0812283 -0.237238
-0.273727 -0.0417284 0.246345
0.191751 -0.127357 -0.215194
0.679182 0.174569 0.179833
-0.245425 0.218621 0.122966
0.341243 -0.243512 -0.0543774
1 0.0327797 -0.0856718
-0.214492 -0.139154 0.207183
0.341397 0.0430031 0.246406
-0.388583 -0.17986 -0.173411
0.701364 0.24063 -0.0717682
0.53452 -0.159464 0.191925
-0.0653575 0.237345 0.0814593
-0.548899 -0.244553 -0.0494426
0.654458 0.202804 0.147472
-0.666033 0.105891 -0.22738
0.867637 -0.0597644 0.242545
0.0806274 0.240199 0.0726763
0.934518 0.24076 0.0708082
-0.933294 0.0427699 0.246446
0.110209 0.148283 -0.202443
0.354274 -0.176281 0.176548
-0.363588 -0.249389 -0.00497863
0.67822 0.149933 -0.201229
-0.615049 -0.156078 -0.195219
-0.999596 0.0447304 0.193297
0.290631 -0.24316 -0.0559453
-0.0787584 0.246449 0.0475781
-0.185384 0.198154 -0.154149
-0.308095 0.247652 -0.0414397
-0.647052 -0.120899 -0.218916
-0.276558 -0.121907 0.217831
-0.131944 -0.222379 -0.113437
0.119482 0.1937 0.159175
-0.307952 0.0388127 0.247087
-0.627363 0.0958648 0.231234
-0.234693 0.0601161 0.24286
-0.721606 0.198104 0.153692
1 0.109313 -0.139588
-0.746662 0.180153 -0.174795
-0.888399 0.194846 -0.158299
0.1924 0.234001 0.0905624
0.213429 0.0029848 0.249979
0.591038 -0.0211711 0.24902
0.938125 0.186513 -0.168012
0.561652 0.243567 -0.0610544
0.291331 0.235179 0.0874774
0.559134 0.249177 -0.0309273
-0.098405 0.211369 -0.135506
-0.482882 -0.228607 -0.100209
-0.722408 0.0818717 0.236497
-0.499126 -0.12935 -0.213993
0.92619 0.198463 0.153231
-0.338799 0.185538 -0.169086
-0.5543 -0.0914041 0.232377
1 0.174511 0.0670226
0.202812 -0.195393 -0.155589
-0.324229 -0.00534832 -0.250433
1 -0.153798 0.0813927
0.480764 0.16831 -0.18619
0.833777 0.236861 0.0828452
-0.958102 0.0891583 -0.234397
1 0.00379137 -0.118671
-0.954568 -0.0304756 -0.248545
0.140296 -0.222194 0.113281
0.0301766 -0.0741166 -0.239028
0.66356 0.249191 -0.030818
-0.999596 0.16347 -0.0693377
-0.617301 0.203586 0.146397
-0.562558 0.19555 0.15691
-0.541272 0.125366 0.216791
0.404448 -0.217285 0.122446
-0.439714 0.0899066 0.233592
0.784843 -0.244894 0.0471911
-0.285853 0.243316 0.061526
0.544753 0.182216 0.172129
0.737714 -0.246856 0.035567
0.748585 0.197648 -0.154796
-0.689994 -0.23046 0.0953245
0.718307 0.248703 0.0340312
-0.671678 -0.0861275 -0.234921
-0.420614 0.223356 -0.114715
0.578056 -0.244929 -0.0475292
0.598254 -0.213578 -0.129335
1 0.197807 -0.0590002
-0.816502 -0.0656534 -0.241521
-0.0245078 0.127625 0.215479
-0.999596 -0.0237899 -0.180929
1 -0.0196649 0.104934
-0.857269 -0.105855 -0.226636
0.454913 0.221897 -0.11751
-0.999596 0.0845373 -0.128816
1 -0.054221 0.0164014
0.0928489 0.0649164 -0.24216
0.885294 0.246074 -0.0499835
0.636851 -0.244359 0.0498807
-0.0544139 -0.245761 -0.0429764
-0.762912 -0.237542 -0.0764874
-0.17932 -0.0891032 -0.233797
0.0174111 0.240597 0.0713556
0.441347 -0.215701 0.125219
-0.700849 0.246257 -0.049073
0.719391 -0.0406494 -0.24705
0.157618 0.199998 -0.151755
-0.0930662 0.25098 -0.00674768
-0.315037 0.0907819 0.233257
0.515257 0.151373 0.199631
0.796792 0.0618063 -0.242963
0.552658 0.224213 -0.113034
-0.248211 -0.0283244 0.248286
1 0.163399 -0.0604855
0.774209 -0.240845 -0.0652615
-0.769456 0.103918 0.227762
-0.822899 -0.196049 -0.154757
-0.242425 0.247353 0.042675
-0.163601 -0.203703 0.143951
-0.635943 0.126944 0.215878
-0.161779 -0.225394 -0.107284
0.0343442 0.245929 -0.0506942
0.207433 -0.244604 0.0486697
0.756365 -0.221488 -0.115177
0.71136 -0.222872 0.111938
-0.640594 0.043621 -0.246821
-0.38859 -0.229643 -0.097797
-0.536251 0.220281 0.119985
-0.448959 -0.227615 0.101935
0.0801275 -0.112977 -0.223141
0.65027 0.245425 0.0525642
-0.882546 -0.129367 -0.213983
0.502283 0.0967745 0.230859
-0.546031 -0.216322 0.124141
-0.572214 -0.236257 0.0798729
-0.751512 -0.217108 0.12276
-0.046342 -0.248134 0.0252112
-0.266291 0.154041 -0.198115
-0.581495 0.22215 -0.117031
0.107837 -0.0128982 -0.250133
0.347844 0.0975355 0.230541
-0.149081 -0.043148 -0.246617
-0.661549 0.234862 0.0883191
0.398235 0.249912 -0.0242388
0.833836 -0.244304 0.050147
-0.709984 -0.00781018 0.249839
-0.17661 0.235742 0.0859568
0.306965 -0.207785 0.13798
-0.644624 -0.156496 0.194361
-0.343859 0.000218266 0.249987
0.469347 -0.103042 0.227419
-0.769788 0.224439 -0.112584
-0.600733 0.18245 0.171882
-0.0579007 -0.16955 0.183043
-0.842744 -0.119544 0.219143
-0.213298 0.160821 0.192152
0.477576 -0.068375 0.240233
-0.60513 0.248197 -0.0380293
-0.421463 -0.224431 -0.109295
-0.728078 0.165176 -0.188966
-0.837935 -0.181446 0.17122
-0.571331 0.24668 0.0463759
0.816071 -0.0779439 -0.237793
0.647816 -0.0070686 0.249864
-0.933672 0.201847 0.148772
-0.019175 0.196749 -0.155935
0.654897 -0.220914 -0.11628
1 -0.0368979 0.154562
-0.999596 0.104691 -0.0760576
0.297783 -0.227428 -0.102875
-0.59619 0.250533 0.0160297
0.170557 0.0473922 -0.246136
-0.999596 0.0570407 -0.0983106
-0.231831 0.18461 0.169574
-0.51186 -0.054947 0.243696
-0.421614 0.206817 -0.142344
-0.0422532 -0.205647 -0.141675
0.387999 0.0795806 0.237269
0.463325 0.248221 -0.0378693
0.0640873 0.0737662 0.239119
-0.0600603 5.87635e-06 -0.250508
0.491463 -0.23865 0.0724083
0.0205227 0.116014 0.221896
0.727059 -0.240771 0.0650132
0.211745 0.171464 0.182779
0.916494 -0.2162 -0.124876
0.476477 -0.24049 -0.0665638
-0.14863 0.177221 0.177237
-0.549495 0.156293 0.195828
0.436949 -0.0397568 0.246677
-0.17875 -0.248228 0.0242758
-0.246435 -0.248598 -0.0206926
-0.638136 -0.245882 0.0417515
1 0.152539 -0.0224433
0.957879 0.137765 -0.20971
0.21078 0.236286 -0.0849828
-0.559916 0.0815378 0.236611
-0.260186 -0.037128 -0.247616
0.203029 -0.131158 0.21236
-0.125424 -0.239642 -0.0695784
1 -0.0473351 0.0900931
0.422763 0.165454 0.188203
-0.999596 -0.119136 -0.122366
-0.802887 0.241855 -0.0675217
-0.741035 -0.134281 -0.210911
-0.352952 -0.245043 0.0464103
-0.0313535 0.242758 -0.0641964
-0.484776 -0.0416113 0.246365
-0.153704 0.0104859 -0.250322
-0.707263 0.0302881 0.248246
-0.63231 -0.197352 -0.153081
0.937608 -0.187128 -0.165493
-0.139339 0.0705397 -0.2406
-0.56439 -0.238652 -0.0729256
-0.698547 -0.249344 -0.0069725
-0.57734 -0.00419317 0.249938
-0.338368 0.167401 0.186484
0.119959 0.24114 -0.0700346
0.853671 0.250336 0.0188101
1 -0.0123401 -0.158721
0.694465 0.222484 0.115874
0.69983 -0.224105 -0.109967
0.394806 -0.0411327 -0.246968
0.587794 0.179012 -0.17596
0.725253 0.118766 0.220447
-0.40998 -0.0141999 0.249537
0.0285294 -0.0105694 -0.25025
-0.847022 0.12679 0.215968
-0.913954 0.0188368 -0.249859
0.434613 0.246291 0.0483809
0.0360937 0.0831935 -0.236562
0.688485 -0.142998 -0.205059
-0.572557 0.249571 -0.0275509
-0.715362 -0.170102 -0.183049
-0.184275 -0.137621 -0.208731
-0.224321 0.236627 -0.0840288
-0.933096 -0.134843 -0.210549
0.403605 -0.129393 -0.213967
0.366977 0.204863 -0.145136
-0.269316 0.250836 -0.0109314
0.146853 -0.19728 -0.153174
0.427973 0.0871229 -0.235155
0.539829 0.138128 0.208951
0.620254 -0.0567919 0.243267
0.785636 -0.195419 0.155034
0.0767819 -0.0310884 -0.248467
0.351578 0.133531 -0.212418
-0.640862 0.188325 -0.165984
-0.632248 -0.214542 -0.127719
-0.710468 0.250812 0.0109585
0.865763 0.0473956 -0.246136
0.0341029 0.193917 -0.159433
0.799658 0.236496 -0.0843976
0.68364 -0.198233 -0.151932
-0.879458 0.0999101 -0.230053
0.703541 -0.248485 -0.022028
-0.538112 0.249449 0.0281183
0.244157 -0.0776597 -0.237887
0.675359 -0.242106 0.059853
-0.00959603 -0.0348861 -0.24795
0.888646 0.0878797 0.234354
0.511568 0.245003 -0.0550001
-0.171789 -0.168262 0.184232
-0.13497 0.228211 0.104215
-0.292845 -0.0757365 -0.238513
0.908128 0.153565 -0.198482
0.332411 0.196731 0.155435
0.610369 -0.1486 -0.201008
-0.494375 0.231478 0.0967913
0.754195 -0.145108 -0.203561
-0.294996 -0.0957143 0.230621
-0.0757291 -0.24331 0.0547609
-0.518918 -0.229698 0.0971459
0.188854 0.0958842 0.231226
0.714961 -0.178007 -0.175324
0.155989 -0.0626796 -0.24232
-0.387156 0.071496 0.239799
-0.51335 0.0931615 0.232326
-0.646014 -0.24931 -0.00812516
0.802065 0.231923 0.0957252
-0.881965 -0.240658 -0.0659504
0.24058 0.203131 -0.147545
0.625522 -0.245851 -0.0424517
0.49415 -0.185006 0.167355
-0.524048 0.24115 0.0694782
-0.634685 0.142072 -0.20683
-0.0399898 -0.0700499 0.239745
0.761042 -0.134077 0.21052
0.176714 0.248014 -0.0392083
0.397574 0.126104 -0.216887
0.953142 0.176453 0.177997
-0.506967 0.16286 -0.190959
-0.895879 0.211882 -0.134705
0.63801 0.225081 0.110776
-0.818093 0.211067 -0.135976
0.743192 -0.107533 -0.225838
0.155294 0.133446 -0.212472
0.880943 -0.132223 -0.212216
0.54812 0.11793 -0.221413
0.625223 0.0393969 0.246996
0.887278 0.239218 0.0758205
-0.0984418 -0.249056 0.013476
-0.999596 -0.196721 0.03479
-0.694657 0.0792187 0.237389
0.919286 -0.232342 -0.0911582
-0.999596 -0.0185637 -0.129412
0.0724821 0.216045 0.127413
1 0.112469 -0.0521479
0.746035 0.0572139 -0.244071
-0.618546 -0.0376344 0.247017
0.100566 -0.249347 -0.00686352
0.945101 -0.223982 0.109697
-0.0347836 -0.147561 -0.201777
0.0912651 0.248933 0.0323286
0.814423 -0.194435 -0.156792
-0.999596 0.0628419 -0.161481
-0.454096 -0.0727103 0.238943
-0.210928 -0.181707 0.170941
0.0987362 -0.183052 -0.170017
-0.0255532 -0.0119458 -0.250184
-0.88034 -0.21974 -0.118497
-0.274158 0.16424 0.189257
0.57108 -0.20778 0.137987
-0.846545 0.243983 0.0588474
-0.897654 -0.166186 -0.186634
0.921411 0.158292 0.194227
-0.618956 0.233313 -0.0928291
-0.789227 -0.0154645 -0.249979
-0.13202 -0.202817 -0.14572
-0.111202 -0.0177362 -0.249821
-0.0376858 -0.105253 -0.226919
-0.140518 -0.183474 0.169039
0.340947 -0.211588 -0.132584
0.25585 0.162036 0.191135
-0.574371 -0.224119 0.109417
-0.370121 -0.132406 0.21158
0.803235 -0.128579 -0.214461
-0.33563 0.227645 -0.105961
1 -0.053649 0.0522353
0.900205 -0.160724 -0.191388
-0.924093 -0.013872 -0.250078
-0.877958 -0.203969 -0.144094
-0.0849788 0.245312 -0.0536032
-0.929448 0.230617 0.0988113
0.204884 0.118253 -0.221242
-0.00388529 -0.0729873 -0.239379
-0.9433 0.247788 -0.0406147
0.135805 0.0153347 0.249567
-0.935335 0.25096 0.00694015
0.868128 0.241387 -0.0691766
0.749902 0.23784 0.0800105
0.0738564 0.211942 -0.134609
-0.560358 0.0295322 0.248335
-0.48583 0.0130287 0.24969
0.205979 0.204421 0.145234
0.481509 -0.166946 0.185429
0.461441 0.241844 -0.0675619
-0.675491 0.234112 -0.0907976
0.337461 -0.173049 -0.180249
0.467934 -0.247555 0.0303447
-0.464295 -0.249094 0.0127737
0.953395 0.0408052 -0.247293
-0.018303 0.0754905 -0.239108
-0.458461 -0.140562 -0.206748
0.156924 -0.0908097 0.232611
0.167676 -0.24201 -0.0607611
-0.0621421 -0.0383721 -0.247422
-0.0391874 -0.229365 -0.0984533
-0.388315 0.184853 0.16931
0.844611 0.18173 -0.17316
0.366892 -0.249254 0.00921792
-0.07809 0.0571387 0.243567
-0.298286 -0.00528741 0.249914
0.112853 -0.213781 0.128476
0.857523 -0.110675 0.223781
0.471081 -0.0850524 -0.235316
-0.270788 0.00842708 -0.250393
0.100095 -0.224401 -0.109357
-0.71674 -0.2055 -0.141889
-0.933727 0.107719 0.226004
-0.319923 -0.248295 0.0235814
-0.511957 -0.248268 -0.0243881
-0.469808 0.241355 0.068767
0.599994 0.224895 -0.111671
0.181129 -0.169173 0.183392
-0.434898 -0.202705 -0.145876
0.254351 0.250664 0.0138693
-0.800746 -0.176491 -0.176859
0.829223 0.197475 -0.155016
-0.903199 0.210677 0.136056
0.193106 -0.17933 -0.173962
0.499194 0.146247 -0.203912
0.878922 0.204461 0.145179
-0.308153 0.0426414 -0.246989
-0.751975 -0.0499268 0.24479
-0.701277 0.167771 -0.186674
0.170823 0.251063 0.000203494
-0.0889131 0.056347 -0.24427
-0.283829 0.168705 -0.185833
-0.475597 0.0548738 0.244079
-0.106327 0.0137126 0.249656
0.130714 0.245945 0.0500953
1 0.151288 -0.109101
0.568499 0.0975263 0.230545
0.581483 -0.0270502 -0.248953
0.0436558 0.160868 0.192113
0.48742 0.249642 -0.0268929
0.0991215 -0.189544 0.162183
-0.797358 -0.247306 -0.0328254
0.134272 -0.233155 0.0885237
-0.0642662 0.0647791 -0.242196
-0.248434 -0.187321 -0.165273
-0.238079 -0.144847 -0.203748
0.283316 0.186963 -0.167513
-0.870618 -0.0778361 0.237307
-0.586309 0.0541156 0.244246
0.258985 0.130711 -0.214156
-0.617598 0.180042 -0.174909
-0.810668 0.0154857 -0.250079
0.418788 0.220706 -0.119728
-0.41852 -0.136404 0.209013
-0.817391 -0.0428849 0.246143
0.566055 0.165901 0.187811
-0.461976 0.250813 -0.0114504
0.792472 0.135224 -0.21135
-0.338418 -0.0848676 -0.235384
-0.38356 -0.0589028 -0.243279
-0.281016 0.247398 -0.0429382
0.371071 -0.119453 -0.219714
0.938 -0.12539 0.215834
0.688875 -0.0418383 0.246326
0.492756 -0.143769 -0.204515
-0.0636729 0.156183 0.195916
0.610449 -0.227236 0.10278
0.0802425 0.182628 -0.172215
0.550739 0.204275 0.145439
-0.756904 0.0241299 -0.249421
0.0101219 0.16751 -0.186908
-0.423713 -0.249393 -0.00479555
-0.999596 -0.0534413 -0.127646
0.51964 0.182052 -0.172822
-0.664468 0.0691535 -0.240997
0.0604405 0.0162172 -0.250035
0.503414 0.250717 0.0129042
0.118058 0.249473 0.0279119
-0.723884 -0.220819 -0.116462
-0.153904 -0.240317 -0.067191
0.704106 -0.210432 -0.134421
0.0572004 0.183548 0.170716
0.0337567 0.20678 0.141876
0.42095 -0.108929 -0.225162
0.362108 -0.0309129 -0.24849
1 0.103356 0.0576843
0.0328192 -0.210348 -0.134554
0.277185 0.224042 0.112851
-0.844321 -0.0188854 -0.249733
-0.751118 -0.164725 0.187412
0.679724 0.117698 -0.221536
0.129967 0.210879 -0.136266
0.811288 -0.125632 0.215692
0.677741 0.000167519 0.249987
1 0.0436141 0.0654342
-0.929787 -0.0175662 0.249312
0.00296943 -0.243461 -0.0546094
-0.942076 0.175553 0.178879
-0.479131 0.250441 0.0173865
-0.406936 0.0630974 -0.242635
0.770988 -0.0709691 -0.239993
-0.509564 -0.0791904 -0.237376
-0.843989 0.249874 -0.0246321
0.324651 0.0691415 0.24048
0.823642 -0.172096 0.180644
0.187252 0.172036 -0.182765
-0.121975 0.126552 0.216106
0.850185 -0.197861 0.151898
0.833142 -0.120949 -0.218888
-0.372889 0.210062 -0.137519
0.231159 0.0431796 -0.246897
-0.368715 -0.0181734 -0.249788
-0.305852 0.192736 0.160334
-0.680757 0.00136879 -0.250509
0.113891 -0.24184 -0.0614388
-0.610823 -0.244494 -0.0497377
0.807196 0.247584 0.0413282
0.169109 0.184391 0.169811
-0.365798 0.153494 0.198016
1 0.0574564 -0.120471
1 -0.182808 0.0149535
-0.737657 -0.0910448 -0.23304
0.764642 0.187789 0.166067
0.819194 0.137951 0.209067
0.628029 0.204797 -0.145229
-0.943036 -0.192935 -0.158645
-0.266498 0.211092 0.135415
0.27447 -0.249093 0.0127988
0.389196 -0.0811553 -0.236704
0.885318 0.250785 -0.0120681
0.258938 -0.244 0.0516064
0.871741 -0.229423 -0.0983153
0.777267 0.151497 0.199537
0.104538 -0.112598 0.222813
-0.514515 -0.00177136 -0.250496
-0.280776 0.250736 0.0125416
0.0376708 -0.135569 -0.210079
-0.95887 -0.129236 -0.214062
0.35594 -0.140348 0.206373
0.0378231 -0.0493497 -0.24543
-0.603586 0.00433248 0.249963
0.228783 0.171072 -0.183664
0.382842 0.15954 0.19321
0.813504 0.0425591 -0.247003
0.782382 0.111792 0.224035
0.0906221 0.106228 -0.227224
-0.173103 0.242744 -0.0642509
-0.78982 0.0375172 -0.247803
-0.999596 0.13306 0.0157722
-0.248081 0.147267 0.202659
0.642594 -0.0338521 0.247575
-0.389635 -0.098182 -0.230095
-0.283465 0.234104 -0.0908167
-0.789137 0.102623 -0.228864
0.587677 0.0177065 -0.249939
-0.471186 -0.148617 0.200474
0.759449 -0.248492 0.0214281
-0.205343 -0.230226 -0.0964089
-0.625044 -0.231914 0.0917261
-0.188579 -0.247575 -0.0307036
-0.999596 0.182365 -0.0171854
-0.206911 0.0860778 0.235015
0.326883 -0.177048 0.175777
0.929478 -0.00555466 0.249907
0.521034 -0.193295 -0.158203
-0.847325 -0.140812 0.206055
-0.134807 0.123462 -0.218394
-0.999596 -0.0568387 0.12194
0.905715 -0.203679 0.143985
-0.0603695 0.10702 -0.226855
-0.120948 -0.0666308 0.240728
-0.299181 -0.181028 -0.172184
-0.252264 -0.185953 0.166299
-0.999596 -0.124103 -0.0202145
0.431717 0.170686 -0.184022
-0.999596 -0.20012 -0.015892
1 0.0168397 -0.183331
0.118225 0.0657798 -0.24193
0.183025 -0.234152 0.0858494
0.457411 0.169873 0.184249
1 -0.0197993 -0.0999728
-0.86848 0.220248 -0.120567
-0.999596 -0.0805538 -0.193382
-0.306622 -0.219792 0.11788
0.714265 0.193542 0.159366
-0.711757 -0.0528548 -0.244686
0.130823 0.177851 -0.177129
0.232948 0.226741 0.107357
-0.0109189 0.201396 0.149378
-0.611203 0.231335 0.0971288
0.59728 0.207404 -0.141489
-0.786232 -0.209293 -0.136198
-0.86623 -0.208813 0.136416
0.938223 -0.150538 0.19903
-0.494446 -0.139119 0.207207
0.32102 -0.101099 0.228296
-0.841131 0.211104 0.135396
0.685033 0.109567 0.225122
-0.186854 -0.244367 0.0498419
0.170019 -0.223827 -0.110534
0.556351 -0.0248901 -0.249186
0.496885 -0.122107 -0.218239
0.0193811 -0.233259 -0.0887704
-0.999596 -0.155297 0.0872025
-0.409125 -0.0521595 -0.244838
1 0.120175 -0.0242435
0.245209 -0.216762 -0.123892
-0.644515 -0.0335455 -0.248139
-0.559824 0.0678779 -0.241356
-0.121815 -0.114638 0.221764
-0.245709 -0.240359 -0.0670393
-0.749793 0.245867 -0.0509943
-0.337677 0.158702 -0.194415
0.644741 0.13043 0.213805
0.351751 -0.0726419 -0.239485
-0.999596 0.09478 0.0736271
-0.872174 0.0231436 0.24899
-0.29345 0.215155 -0.129422
0.364121 0.178187 -0.176792
0.638362 -0.0385293 -0.247397
0.905241 0.222099 0.116606
-0.815124 0.235569 0.0864285
0.189564 -0.224695 0.108227
0.316367 0.112031 -0.224438
-0.376353 -0.204847 0.142314
0.95892 -0.249434 -0.000256288
0.0901814 0.156219 0.195887
-0.602289 0.039595 -0.247486
-0.38299 -0.203849 -0.144265
-0.999596 -0.0488299 -0.0248433
-0.116968 0.207243 0.141203
-0.141306 -0.164672 -0.18798
0.838682 -0.221911 0.113833
-0.62048 0.167822 0.186107
0.187422 0.00939586 -0.250362
-0.327051 -0.228064 -0.101447
0.537487 -0.233401 0.087871
-0.33541 0.0308196 0.248183
0.805083 0.201643 -0.149567
0.739866 0.0852669 0.235307
-0.249588 -0.0812362 0.236154
0.799563 0.0863005 -0.235455
-0.81736 0.250406 -0.0183839
-0.559517 -0.150553 0.199018
-0.634417 -0.170692 -0.182496
0.365749 0.248128 -0.0384794
-0.304986 -0.244487 0.0492512
-0.148009 -0.249255 0.00920111
0.821699 -0.0483518 -0.245632
-0.0418632 -0.18506 -0.167817
-0.405916 -0.213392 0.129121
-0.448417 -0.117355 -0.220851
0.923612 0.0742934 -0.239479
0.217516 0.00816709 -0.250401
-0.198592 0.244318 0.0574528
0.363995 0.226304 -0.108792
-0.376367 -0.230182 0.0959943
0.519789 -0.213739 -0.129066
-0.707758 -0.241234 -0.0637959
0.542271 -0.244314 0.050099
-0.0757878 0.188118 0.165697
-0.395217 0.239612 -0.0750958
0.637862 -0.161629 -0.190619
-0.445649 0.120425 -0.220074
-0.196716 -0.249425 0.00180117
-0.00372792 0.244056 0.0585441
0.940928 0.0935449 -0.232695
-0.361471 -0.242352 -0.0593715
-0.799835 0.124844 -0.217611
0.733295 -0.160738 -0.191376
-0.558308 -0.242237 0.0593245
0.564831 -0.230882 0.094297
0.742087 0.00664837 -0.250441
-0.633159 0.225361 0.110208
-0.922458 0.169365 -0.185234
-0.42675 0.170274 -0.184402
-0.385705 0.232976 0.0931499
0.818228 0.117063 -0.22187
1 0.079285 0.0414102
0.232574 -0.154916 -0.196149
0.668492 0.240534 -0.072089
-0.727651 0.247915 -0.0398357
0.949857 -0.00855544 -0.250334
0.719971 0.221264 -0.118695
0.810492 -0.245184 -0.0461834
-0.895281 -0.183777 0.168707
0.472806 -0.199329 -0.150483
-0.3731 0.222854 -0.115686
1 -0.0129468 0.0500662
-0.935219 -0.16168 -0.190576
-0.640957 0.0487279 0.245359
0.544291 -0.0637247 -0.242044
0.468076 0.146009 0.203561
0.201512 -0.0371378 -0.247615
0.227375 0.128825 0.214769
0.179391 -0.122782 0.217336
0.321073 -0.1475 0.201301
0.118709 0.250359 -0.0190292
0.438847 -0.242297 0.0590772
-0.194552 -0.103131 0.227379
0.346349 0.231186 0.0974818
-0.656641 -0.248182 0.0247393
-0.103617 -0.162201 0.189608
0.335799 0.17821 -0.17677
-0.55664 -0.186021 0.166222
-0.192656 -0.240634 -0.0660382
0.681693 -0.230697 0.0947485
-0.661417 0.251027 -0.0045555
0.714849 -0.0649558 -0.241712
-0.186257 -0.051234 -0.245037
-0.0911185 -0.0409248 -0.247004
-0.114613 0.0313796 -0.248636
-0.432094 -0.244935 0.0469758
0.0786497 0.115809 0.222002
0.184986 -0.249421 0.00222694
0.482719 0.18592 -0.168666
-0.719882 -0.192936 0.158122
0.626537 -0.0895821 -0.233612
-0.333028 -0.166269 0.186038
1 -0.039397 -0.0582026
0.929958 0.11818 -0.22128
-0.886882 0.156147 -0.196465
0.790723 -0.224218 0.109214
0.130917 0.159827 0.192974
-0.697186 0.22108 -0.119036
0.129425 -0.0097261 0.249766
0.718662 0.0484411 -0.245935
-0.817884 0.189059 0.164629
0.124898 -0.0989381 -0.229768
-0.849335 -0.232342 -0.0911586
0.105414 0.0140091 -0.250161
0.840882 0.242612 -0.0647466
0.265953 0.077799 0.237853
-0.230091 -0.211 0.133002
-0.592536 0.189435 -0.16472
0.414303 0.244903 -0.0554461
-0.88598 -0.0143232 0.24953
0.905607 -0.11887 0.219512
-0.739363 0.0647807 0.241675
-0.562885 0.173228 -0.181639
0.760399 0.0230745 -0.249517
-0.14886 0.127097 0.215789
-0.175136 -0.209185 -0.136365
-0.793561 -0.136259 0.209108
0.859071 -0.137015 0.208611
-0.490893 -0.212928 0.129887
1 0.080539 -0.0478003
0.236925 0.179033 0.175418
-0.654864 -0.239229 -0.0709949
0.760261 0.247832 0.0398264
0.189186 -0.247654 0.0295313
-0.264299 -0.163392 0.188579
-0.626268 -0.189715 0.161983
0.387206 -0.196552 -0.154113
-0.81992 0.104573 0.227464
-0.898627 -0.116025 0.221038
-0.111059 0.231254 0.0973208
-0.770788 0.190173 0.163349
0.157477 0.0562537 0.24377
0.478744 0.113314 -0.223797
0.871794 -0.23386 0.0866424
1 0.0814783 0.145122
-0.501287 -0.209956 -0.135168
-0.943685 -0.247244 0.0327712
0.781048 -0.114077 -0.222576
0.105356 0.237862 0.079947
0.322937 -0.24882 0.0172506
0.381358 0.231599 0.0965027
-0.938466 0.147717 0.202333
-0.877973 0.155852 0.196177
0.00477401 0.0361833 0.247476
-0.593548 -0.00251323 -0.250487
0.0879179 -0.0402045 0.246603
1 0.0722923 -0.0185692
0.898539 0.248717 0.0339314
0.0675053 -0.0939261 -0.231882
-0.999596 -0.0115162 0.100043
-0.679366 -0.239717 0.0687965
-0.952974 -0.0478581 0.245209
0.498237 0.237866 0.0799352
-0.181047 0.0770863 0.238082
-0.698701 0.192402 -0.161254
1 0.204587 -0.034588
-0.999596 0.0329922 0.0916607
-0.700658 -0.185472 -0.167358
-0.0916608 -0.20511 -0.142455
-0.165345 -0.172639 -0.180644
-0.0135127 -0.248957 -0.0157038
-0.0076016 0.0129901 -0.250213
0.839998 0.244472 0.0567962
1 -0.134282 -0.0751985
0.0692555 -0.249278 0.00857413
-0.461 0.232161 -0.0956712
0.734303 -0.204901 -0.142757
-0.859585 -0.186617 -0.166073
0.387265 0.219746 0.120957
0.716163 -0.248554 0.0207015
0.538864 0.0652114 0.241561
0.841483 0.162884 0.190417
0.699009 0.25056 0.0156023
0.449241 0.134015 -0.212115
0.399669 -0.163033 -0.189412
0.775308 -0.0819229 0.235915
-0.904304 0.0794052 0.237327
-0.539102 0.191194 0.162159
-0.523402 -0.127583 -0.215059
0.928957 0.249935 -0.0239965
0.628919 -0.236 -0.0811501
-0.669976 -0.0477517 0.24523
-0.0781911 -0.037809 0.24699
0.765603 -0.188811 -0.163559
-0.726619 -0.236222 0.0799756
-0.690845 0.25092 -0.00872658
-0.264693 0.107014 0.226336
0.217084 0.141285 -0.207366
0.351516 -0.242649 0.0576162
-0.791243 0.148649 0.201654
0.299101 -0.243889 0.0521264
0.194737 0.184861 0.169302
0.0195928 0.128218 -0.215651
0.706175 0.232559 -0.0947026
0.521652 0.203667 -0.146805
1 0.0822982 -0.164827
0.558653 -0.194249 -0.157023
0.637661 0.0873705 0.234543
-0.505661 0.162484 0.190757
0.174517 0.138702 0.208573
0.832501 0.251 0.00537508
-0.469922 -0.178698 -0.174616
-0.858779 0.230246 -0.100188
0.00928625 -0.232838 0.0893529
0.499494 0.212221 0.13365
-0.423662 0.0569376 0.243614
-0.636776 -0.063768 0.241511
0.868242 -0.212593 0.130435
-0.999596 -0.0763798 0.0168734
0.349545 -0.152484 -0.198058
0.551928 0.250126 0.0213799
0.208176 -0.22946 -0.098229
-0.406135 -0.24812 0.0253529
0.0414747 0.249082 0.0311719
-0.682685 0.14936 -0.201653
0.792692 -0.083917 -0.235728
0.725059 0.0978826 -0.230917
-0.916954 -0.102145 -0.228347
-0.999596 0.144955 -0.10975
1 0.150412 0.0556496
-0.621822 -0.249301 -0.00840137
0.10111 -0.212376 -0.13131
-0.663715 0.248261 0.0370858
0.0844326 0.151035 -0.200406
0.768328 0.247088 -0.0446922
-0.647246 0.226125 -0.109164
0.282754 -0.152688 0.197378
-0.0257517 0.0355542 -0.248086
-0.742067 -0.175028 -0.178316
-0.0824299 -0.172898 0.179874
0.0730551 -0.246349 -0.0394338
-0.255884 0.181001 0.173398
0.453854 0.203529 0.146476
0.289685 0.251051 -0.00280651
0.26629 -0.228434 -0.100607
0.796739 0.249194 -0.0307896
-0.202192 0.22788 0.104934
0.453403 0.0447382 -0.246624
0.406037 -0.170724 0.181944
-0.702917 -0.105597 -0.226757
0.950039 0.102908 0.228216
0.142272 0.0758517 -0.238994
0.0520338 0.0436627 0.246293
0.0755118 -0.111916 0.223158
-0.197943 0.250954 0.00714506
0.881379 -0.242387 0.0587084
0.0447594 -0.234818 -0.0845316
-0.377079 -0.0592546 0.242672
0.581801 -0.173647 -0.179669
-0.353982 0.187583 0.1663
0.673565 -0.229532 -0.0980608
1 -0.0583076 0.190853
0.0394184 -0.0321166 0.247812
-0.934402 0.241091 -0.0702006
-0.895263 -0.0766458 -0.238219
-0.345454 -0.184202 -0.168763
-0.818953 -0.237925 -0.0752797
-0.107363 0.0822635 -0.236884
-0.191814 0.12087 0.21931
0.935895 0.201707 -0.14948
0.609395 -0.245192 0.0456212
0.246136 0.238398 0.0783451
0.319564 -0.241045 -0.0645104
0.88669 -0.1464 0.202106
-0.426036 -0.205724 0.141041
0.0685949 -0.168051 -0.184946
-0.569754 -0.11128 0.223478
-0.999596 0.15517 -0.0224831
-0.0554788 0.0317933 -0.248584
-0.412936 0.228445 0.103705
-0.999596 -0.0428993 0.0593684
0.273808 0.247098 0.0441127
0.284297 0.0461671 0.245844
-0.873901 0.0633666 -0.242566
-0.0745975 0.014659 0.249605
-0.845939 0.203938 -0.14643
-0.464043 -0.204972 -0.142655
0.746185 -0.243391 -0.0549237
-0.999596 -0.187989 0.0831198
-0.0388386 -0.0621726 -0.242453
0.798571 0.21558 -0.128714
-0.803696 -0.224116 -0.109943
1 -0.168382 -0.0727022
-0.021172 0.166277 0.18748
-0.999596 0.0826414 -0.0304762
0.769777 0.0948513 -0.232169
-0.0120096 -0.106817 -0.22618
-0.789364 0.0704371 0.240108
0.802165 -0.235195 0.0829479
0.318253 -0.00541766 0.24991
0.508433 -0.0698453 -0.240326
0.533383 0.250216 -0.0208358
0.389507 -0.247203 -0.0336019
-0.999596 -0.0936155 0.151657
-0.306746 0.176526 0.177925
-0.999596 0.176882 0.110548
-0.867969 0.230167 0.0998498
-0.173613 0.249782 -0.02555
-0.999596 -0.0314249 0.125287
0.50527 0.213421 -0.132257
0.561046 0.14634 -0.203846
0.0622438 0.148668 0.20164
0.58598 0.145309 -0.204579
0.656375 -0.132163 -0.212254
0.0827877 0.024832 -0.249354
-0.795408 -0.180369 0.172357
-0.413637 -0.103227 0.227335
-0.334753 0.238639 0.0776116
0.832767 -0.0876266 0.233839
0.247092 -0.0962574 0.230394
0.424477 0.138167 0.208926
1 -0.0557906 -0.0319295
-0.459716 0.168156 -0.186329
-0.675697 0.115452 0.222186
0.953772 -0.0286822 0.248244
0.256775 -0.237594 0.0758035
0.405886 0.176287 -0.178681
-0.588067 0.131811 0.212963
0.448981 -0.249392 0.00430285
-0.262657 0.0838901 0.235796
-0.422467 0.245147 0.0538326
0.364696 0.00347953 0.249974
0.959453 0.224479 0.111984
-0.536364 0.172677 0.18164
-0.8011 0.246619 0.0466955
0.480575 -0.198775 0.150698
-0.58715 -0.169501 -0.18361
-0.478674 -0.0998092 -0.229388
0.24076 -0.125741 0.215628
-0.744851 -0.00848764 0.249815
-0.238683 0.250481 -0.0173323
0.138702 -0.24756 -0.0308234
0.116906 0.221294 0.118117
0.811517 -0.213023 0.12973
-0.811509 -0.0979408 -0.230199
0.295056 0.216492 0.126656
-0.770379 -0.163311 -0.189171
0.359439 -0.0706779 0.239558
0.730198 -0.199457 0.149791
-0.649981 -0.240345 0.0665689
0.155776 0.163505 0.189888
0.386786 0.25019 0.020634
-0.723541 0.216379 0.126847
0.116444 -0.249187 0.0108426
0.447466 -0.248533 -0.0214694
-0.0141026 0.250423 -0.0181599
1 -0.0315247 0.181175
-0.999596 -0.161734 -0.0860989
-0.0771511 -0.236196 -0.080574
-0.104782 0.0553464 0.243974
-0.951176 -0.145167 0.202997
-0.659882 0.151038 0.199883
-0.79319 -0.0259475 0.248553
-0.885682 0.189964 0.16359
0.534067 0.0109994 -0.250302
0.95828 -0.231575 -0.0931002
0.425405 -0.248939 0.0154621
-0.134771 -0.020609 -0.24959
-0.353295 -0.213284 0.1293
-0.513125 -0.203922 0.14364
-0.0146617 -0.248102 0.0255237
-0.458236 -0.0764752 -0.238275
0.717276 0.154381 0.19733
1 -0.0136197 0.0111635
-0.999596 -0.114871 0.0510108
0.131396 -0.0211033 -0.249548
0.5659 -0.139549 -0.207438
-0.999596 -0.167594 -0.120743
-0.818973 -0.0350764 -0.247922
-0.183528 -0.0087774 -0.250325
0.198032 -0.244744 -0.0484806
-0.841414 0.0622582 0.242328
0.675151 0.0367683 -0.247913
-0.13751 -0.063691 -0.242053
0.0642602 -0.193982 0.156834
-0.821609 0.156496 -0.196189
-0.121768 0.0914955 0.232981
-0.127276 -0.248659 -0.0199387
0.532205 0.241149 -0.0700025
-0.629133 0.247269 -0.0436754
0.736745 0.208428 0.139457
-0.136393 -0.242641 0.0576503
-0.91052 0.223324 0.114256
0.631886 0.133013 -0.212741
0.397709 0.100574 0.229244
-0.41649 0.105431 -0.227593
0.226775 -0.223831 0.110007
0.00127219 -0.145884 0.20248
-0.856175 0.168192 0.185775
0.619086 0.250817 0.01085
0.588908 0.230712 0.0985924
-0.801454 -0.138678 -0.208025
-0.388382 0.241321 0.0688863
-0.55171 -0.0315085 -0.248413
-0.389098 0.249456 -0.0285795
0.0901063 -0.242732 -0.0577866
0.461197 0.247771 0.0402033
0.615344 -0.249396 0.00406885
-0.81718 0.224186 -0.113088
-0.0464574 0.0593462 0.243047
0.0883736 0.249245 -0.0303742
0.568452 -0.249169 0.0112481
-0.496604 -0.226651 0.104064
0.542356 -0.102946 -0.227984
0.607859 0.208319 0.139619
-0.208572 -0.206447 -0.140499
-0.654261 -0.221974 -0.114233
-0.613129 0.210556 -0.136763
0.854364 0.211036 -0.136023
-0.530667 -0.0889836 -0.233843
0.381641 -0.239426 -0.0703237
1 -0.0126075 -0.0138374
-0.812681 -0.237296 0.0767316
0.0887823 -0.217902 0.121342
-0.180684 0.0453327 0.245997
0.711691 -0.139863 -0.207225
-0.783413 0.249358 -0.0294286
-0.572268 0.160815 0.192157
-0.299848 -0.173176 0.179605
-0.504827 0.137106 0.209619
-0.584955 0.142185 -0.206752
0.351257 -0.221407 0.114812
-0.95606 -0.218376 -0.121008
-0.999596 -0.0511002 -0.168079
-0.603141 -0.178287 0.174517
0.444838 0.194764 -0.1584
0.129001 -0.154343 0.196082
-0.894342 -0.14619 0.202259
0.807981 -0.24705 0.0341987
-0.802258 -0.246709 0.0365688
0.0364808 -0.0953747 -0.231284
0.0594402 -0.233072 0.0887403
0.183937 0.221272 0.118158
0.157065 -0.200309 0.148647
0.651669 -0.247465 -0.0315912
-0.780354 0.20541 -0.144362
0.74045 0.249648 0.0263196
-0.0285677 -0.236763 -0.0788807
-0.732393 0.24517 0.0537322
-0.059399 -0.249366 0.00556484
0.60767 0.103186 0.228091
0.216821 -0.217814 -0.122022
0.870291 0.157915 -0.195053
1 -0.138443 -0.0284008
-0.0887901 -0.226322 -0.1053
-0.0591829 -0.0834773 0.235365
0.725248 -0.238798 -0.0724398
0.370054 -0.163618 0.188383
-0.269977 -0.0653971 0.24107
0.291183 -0.212475 -0.131148
-0.904815 -0.0566181 0.243308
-0.424335 -0.0808675 -0.236803
-0.593804 0.240597 -0.071877
0.427377 -0.169101 -0.183981
0.218413 -0.24698 -0.0352154
-0.0335584 -0.116177 0.220957
0.0552693 -0.219817 -0.118353
-0.846831 0.148296 -0.202433
-0.999596 -0.00989991 -0.0535871
-0.145599 0.163763 -0.190188
0.742871 -0.224586 0.108453
1 0.060117 0.131473
-0.0261016 -0.239877 0.0682355
-0.516359 0.249788 -0.0254949
0.380058 0.195176 0.157373
0.187356 -0.191174 0.160253
-0.310731 0.244587 0.0563025
-0.132736 -0.247965 0.0268139
-0.408711 -0.224705 0.108207
0.0889474 0.070648 0.240047
0.238723 0.0939247 -0.232543
0.580695 0.0660495 -0.241857
0.652896 -0.145214 0.202963
0.174506 -0.0959031 -0.231064
-0.717624 -0.139469 0.206971
-0.308748 -0.144267 -0.204162
0.682289 -0.0900216 0.23292
-0.95845 -0.105312 0.22637
-0.777513 -0.248392 0.0225537
-0.464912 0.00375834 -0.250492
-0.293623 -0.193281 0.157699
0.772437 0.117762 -0.221502
-0.0140611 0.210062 -0.137519
-0.0676334 0.231021 -0.0983918
0.220303 -0.249434 -2.6496e-05
-0.361023 0.101533 0.228825
-0.999596 -0.198755 -0.0648179
0.361019 -0.0977794 0.229747
0.293034 -0.183714 -0.169297
0.263776 0.116025 0.221891
-0.130776 0.244736 0.055659
0.133724 0.24838 -0.0368092
0.237861 -0.193103 -0.158438
0.860401 -0.0658289 -0.241472
-0.765229 -0.234421 0.0851116
0.480702 0.250958 0.00700254
-0.668903 0.207192 -0.141799
-0.999596 0.0432995 0.0477397
-0.114715 -0.238877 0.0716576
0.0112313 -0.164527 -0.188107
0.145078 -0.177498 0.175321
-0.187897 0.149611 0.200946
-0.152729 -0.0355218 0.247336
0.837115 -0.247807 -0.0287493
0.541095 0.0836826 -0.236391
-0.488416 -0.242104 0.0598639
-0.503589 0.112705 -0.224102
-0.749875 -0.115746 -0.221706
0.652781 -0.0837607 -0.235784
-0.999596 0.0431021 -0.0779467
0.663354 -0.0763777 0.237785
-0.0589377 0.218188 0.123729
-0.217379 -0.21888 -0.120088
-0.119151 -0.231173 0.0935802
0.6256 0.0609137 -0.243186
-0.0823323 0.00639358 -0.250447
0.192535 -0.207594 -0.138789
-0.408392 -0.0606436 0.242324
-0.684361 -0.150158 0.199318
-0.418806 0.149669 -0.201425
-0.145047 0.195299 -0.157742
-0.877853 0.0522561 0.244644
0.334168 -0.235098 0.0832216
-0.689542 0.0638079 -0.242451
-0.41605 -0.150847 -0.199316
-0.891845 0.132594 -0.213001
0.435793 -0.0346747 -0.24798
0.320133 0.137176 0.209573
0.272934 -0.126059 -0.215962
-0.0836742 -0.118375 -0.220302
-0.562714 0.240747 -0.0713727
-0.324954 0.21766 -0.125171
0.507523 0.227172 -0.10697
-0.646631 0.175779 0.178659
0.776425 -0.0272973 0.248404
0.578106 -0.249042 -0.0142631
-0.867169 0.136759 0.209843
-0.999596 0.0328595 -0.123046
0.322413 0.193635 -0.159774
-0.936361 0.224428 -0.112606
0.0843124 -0.00693505 0.249868
-0.214084 -0.114182 0.222001
0.656434 0.251058 0.00137272
0.177955 0.00600276 0.249934
-0.227675 -0.0300483 -0.248599
0.679407 -0.248627 0.0198156
-0.685266 -0.248128 -0.0257955
-0.599347 -0.238092 0.0742228
-0.834827 0.0544083 -0.244703
-0.321175 -0.202536 -0.146113
-0.157982 0.129735 -0.214746
-0.101844 0.157538 0.194835
-0.192769 -0.156882 -0.19457
-0.946517 0.177933 -0.177048
-0.0764918 0.0965714 0.230943
-0.889282 0.117454 0.221143
-0.918323 0.245319 0.0530534
0.465649 0.222841 0.115191
-0.999596 -0.116005 0.018143
-0.103272 -0.100701 0.228473
0.816801 0.022416 0.249054
0.440284 0.249444 -0.0286854
-0.348826 -0.0489886 0.244982
-0.029903 -0.0482053 0.24514
-0.488315 0.196301 -0.156496
-0.0734613 0.189952 -0.164125
0.0100214 0.249895 0.0238931
-0.0669699 0.127315 -0.216182
0.46917 -0.106191 -0.226477
-0.344071 -0.0894957 0.233124
0.582371 0.240961 -0.0706464
-0.242476 0.0796439 -0.237769
-0.0320659 0.147151 0.202742
-0.838295 0.196945 0.155166
0.782732 -0.106228 0.225939
-0.14351 -0.227448 0.102309
1 -0.0606106 -0.182527
-0.842815 -0.0690684 -0.240554
0.297058 -0.113737 -0.222752
0.760103 -0.123596 -0.217393
-0.491541 -0.249363 0.00568147
-0.557724 -0.200823 0.14795
0.0558147 0.232043 -0.095957
-0.00319457 -0.00962842 0.24977
-0.682803 0.237779 0.080192
-0.525534 0.243164 -0.0626409
0.541105 -0.136803 -0.209272
-0.747679 0.219908 0.120664
-0.651653 -0.0678496 -0.240905
-0.0509121 -0.0844372 -0.23554
-0.416785 -0.242084 -0.0604626
-0.488287 -0.0955936 0.230672
0.151057 -0.111443 0.223397
0.519823 -0.191526 0.159832
-0.658591 0.154434 -0.19781
0.836678 -0.224658 -0.108825
0.404781 -0.236532 -0.0795759
0.899648 -0.248799 0.017547
0.212293 -0.158283 0.192903
-0.999596 0.108257 -0.144278
-0.429056 0.0261686 -0.249222
-0.673118 -0.192269 -0.159456
1 0.126755 0.0884541
-0.321905 -0.0111471 0.249702
0.708437 -0.055901 0.243476
0.0218416 0.155255 0.196647
-0.422063 -0.240102 0.0674418
0.055881 0.244274 -0.0581559
0.249114 0.250932 -0.00837328
0.314532 -0.220853 0.115875
0.389832 0.226597 -0.108181
0.451637 -0.239308 -0.0707263
-0.168401 -0.117238 0.220393
-0.951277 -0.00281485 0.249962
-0.339684 -0.236255 -0.0804001
0.688375 0.082317 0.236344
-0.607605 -0.154127 0.196253
-0.344369 -0.247266 -0.0331258
-0.94187 0.202109 -0.148939
0.305744 -0.052 0.244351
-0.386579 0.164402 0.189116
-0.518703 0.212099 0.133842
-0.206111 -0.208089 0.13752
0.885083 0.113202 -0.223853
-0.147769 0.0906234 -0.233839
-0.044992 -0.126619 -0.215632
-0.999596 0.198848 0.0668485
0.76739 -0.205603 0.141218
-0.0509841 -0.244449 0.049441
-0.90176 -0.0257918 -0.249091
-0.334084 0.249264 0.0296968
-0.750868 -0.124406 0.216405
-0.54671 0.198907 -0.153179
-0.999596 -0.130485 -0.0927286
0.508924 -0.160896 -0.191242
1 0.0723922 0.0933216
-0.940465 -0.233926 0.0864649
0.507504 -0.00635324 -0.250407
0.42263 -0.136977 0.208636
-0.999596 -0.0581471 0.0851143
0.546372 0.237685 0.0804675
-0.901646 0.176739 0.177715
-0.955975 0.221481 0.117768
-0.560073 -0.103558 -0.227705
0.752063 0.235032 -0.0883911
0.744134 -0.0871344 0.234024
-0.715632 -0.243446 0.0541555
0.130656 0.096115 -0.231653
-0.999596 0.18862 -0.0534339
-0.341053 0.127452 0.215581
0.68496 -0.164754 -0.187908
0.85428 0.120129 0.219713
-0.718555 0.102705 0.228306
0.40072 -0.00169348 -0.250497
-0.999596 -0.0465357 0.186284
0.855107 0.046141 0.245849
-0.505621 0.0442386 -0.246713
0.759704 -0.171716 0.181006
0.314731 -0.189746 -0.162467
0.373952 0.121328 -0.21958
0.0670398 -0.129168 -0.214104
-0.844542 0.105605 0.226992
1 -0.0565817 -0.137852
0.33797 0.204921 -0.145054
0.699117 -0.0979612 -0.23019
0.171747 0.224469 -0.112525
-0.26838 0.194577 -0.158629
-0.214545 -0.0512077 -0.245042
-0.315949 0.205118 0.144254
-0.529465 -0.00622928 0.249889
0.796325 0.170439 0.183729
-0.679595 -0.214363 -0.128021
-0.091785 0.215416 0.128468
-0.864143 0.164314 -0.189714
0.488306 -0.0246852 0.248686
-0.492194 0.189352 0.164293
0.212501 0.250014 0.0226321
0.782356 -0.239636 0.0690787
-0.999596 0.16159 -0.092367
0.394182 0.0256766 0.24875
0.258711 -0.248134 -0.0257308
0.12893 0.0327561 -0.248462
-0.000273752 -0.199109 -0.150776
-0.775103 0.172851 0.181475
0.410845 0.250885 0.00918112
-0.788812 -0.212032 0.131347
-0.481352 -0.0182032 -0.249786
-0.61827 0.249643 0.0263698
-0.442954 -0.176331 0.176498
-0.691183 0.0493816 0.24523
0.410106 -0.0042038 0.249938
-0.229225 -0.153027 0.197115
-0.787197 0.229583 0.101177
0.724418 -0.249089 -0.0133933
-0.757998 0.134787 -0.211627
-0.956057 0.0184844 -0.249885
-0.65658 0.17708 -0.177898
-0.398008 -0.163759 0.188259
1 0.196558 0.0730007
0.666756 -0.0512003 0.244523
-0.864027 -0.229048 0.0986707
0.306625 -0.0285161 -0.248784
-0.604132 -0.0885069 0.233504
0.846467 -0.0126552 0.249625
0.139497 0.0696243 0.240342
0.251349 -0.249433 0.000417347
0.277974 -0.0468725 -0.245924
-0.651373 0.0736367 0.239158
-0.282573 -0.246749 -0.036817
0.0825804 0.0291698 0.248377
-0.618689 0.105918 -0.227368
1 0.028809 0.0321023
0.666105 0.0683654 0.240699
0.0339898 -0.156073 -0.195224
-0.582785 0.105036 -0.227774
-0.999596 -0.0259886 0.157214
-0.714286 0.125353 -0.21732
0.870873 0.149767 0.200831
0.44771 -0.175576 0.177252
-0.462518 -0.186276 0.165937
-0.189823 -0.225081 0.107422
0.102652 -0.113295 -0.222978
-0.90568 0.151614 0.199449
0.278931 -0.128295 0.21411
-0.0528182 0.171059 -0.183677
1 -0.013897 -0.208891
-0.387042 -0.0209402 0.249041
0.0156939 -0.180981 0.171713
-0.279078 -0.249232 0.00979621
1 0.189582 -0.0146227
-0.593616 -0.209349 0.135591
-0.511358 -0.0514958 -0.244981
-0.836396 0.0939616 -0.232528
-0.680677 -0.248708 0.0187808
-0.52578 -0.24554 -0.0442364
0.0566414 0.0626637 -0.242746
0.0974639 0.241212 -0.0697858
-0.424865 0.244275 -0.0581555
-0.999596 0.118778 -0.0940236
0.32152 -0.20538 -0.142064
0.447174 0.237208 0.0818527
0.0406078 0.238489 0.0780688
0.256857 0.219337 0.121693
0.412142 0.215129 0.128945
-0.1006 0.250094 0.0217518
0.772885 -0.233492 -0.0881512
-0.137212 0.230025 -0.100696
0.819393 -0.159703 -0.192246
0.846977 -0.0480251 0.245176
0.263412 0.078389 -0.238182
-0.999596 0.0143141 -0.0827864
-0.142784 0.250852 0.0100247
-0.0152323 0.0963953 -0.231537
-0.188229 0.0842093 -0.236205
0.475465 0.181307 0.17308
-0.0997809 -0.0737755 0.238613
-0.185448 -0.146703 0.201885
0.407449 -0.192981 0.158067
0.333478 -0.201385 0.147183
0.456788 -0.224636 -0.108871
1 0.177247 -0.113221
-0.999596 0.10783 -0.0314247
-0.999596 0.026438 -0.183849
0.934982 0.24649 0.0473665
0.838063 0.21723 0.125394
-0.441704 -0.0984998 0.229437
0.490905 -0.214094 0.127952
0.788315 -0.198777 -0.151216
-0.0427563 0.0108495 0.249787
0.226861 0.242746 0.063722
0.616909 -0.0545879 -0.244299
0.112183 0.111676 -0.224614
-0.999596 -0.00900034 0.0227172
-0.00653001 0.0852688 0.235307
0.552186 -0.214171 0.127823
0.78468 0.174256 -0.180656
-0.780478 -0.109273 -0.224994
-0.464537 0.214988 -0.129699
-0.743439 0.164342 0.189168
0.382231 0.245606 0.0517183
0.342988 -0.00282649 -0.250483
0.467558 -0.126377 0.215254
-0.485342 0.208714 0.139033
0.188918 0.143718 -0.205695
0.0480205 0.128593 -0.215429
-0.999596 -0.00521689 0.0491454
-0.814014 0.173754 0.180616
-0.608038 -0.249218 0.010132
0.486764 0.244428 0.056984
-0.00990776 -0.141702 -0.205963
0.155878 -0.214474 0.127313
-0.748478 0.238049 -0.0799111
0.656151 0.108892 0.225447
0.940127 -0.183982 0.168483
-0.937209 -0.199154 0.150195
-0.308696 -0.23814 0.0740706
0.0260502 -0.150115 0.199351
0.145117 -0.224625 -0.108893
0.217615 0.250798 -0.0117791
0.218012 0.0940957 0.231953
-0.934714 0.143548 -0.205813
0.0393388 0.206971 -0.142119
0.22752 -0.246316 0.0391215
0.00250264 -0.245882 0.0417524
0.294009 -0.187278 0.164801
-0.0445759 -0.230646 0.0948719
-0.349149 0.0318552 -0.248577
0.310117 0.233792 -0.0916176
-0.577067 -0.0699208 -0.240304
0.397398 -0.0662797 0.240826
0.00756548 0.225777 0.109358
-0.842635 -0.21048 0.133824
0.41742 0.199286 0.152165
0.298574 -0.152191 -0.198284
-0.727471 -0.161026 0.190611
-0.999596 0.100335 0.0433394
0.165778 0.250061 0.0221195
-0.682791 -0.0787167 0.237014
-0.999596 0.0259689 0.177904
-0.0648549 -0.140225 0.206457
-0.791367 0.113277 0.223294
0.395117 -0.236906 0.077925
-0.686805 0.0227544 -0.249546
0.712571 -0.113616 0.222293
-0.159562 -0.0759956 0.237909
-0.843569 -0.0145288 0.249517
-0.806447 0.214519 0.129951
0.0441014 0.0364304 -0.247962
-0.999596 -0.0881374 -0.0537022
0.0527047 -0.00462232 -0.25045
0.771313 -0.156394 -0.194965
-0.464152 -0.223562 -0.111073
0.0166886 0.0979279 -0.230898
0.63469 -0.225058 -0.107991
-0.652621 -0.0894492 0.233142
0.152177 -0.161843 -0.190436
-0.456631 -0.114501 0.221836
0.111792 0.188005 -0.166345
0.804579 0.112309 0.223779
-0.0690276 -0.20113 0.147533
-0.0694549 -0.104534 0.226733
0.831407 -0.101154 -0.228792
0.342827 -0.112246 -0.223513
-0.513091 -0.163951 -0.188613
1 0.0359389 -0.172021
0.497646 -0.214523 -0.127751
-0.177818 -0.0301535 -0.248586
0.0492301 -0.187113 -0.16551
-0.0514899 -0.219321 -0.119275
-0.539683 0.217819 -0.124894
0.214032 -0.239588 0.0692445
-0.743831 -0.197454 -0.152949
0.565649 0.178134 -0.176846
-0.275231 0.1366 -0.210467
0.922552 -0.241453 -0.0629536
0.138027 -0.0585814 0.242837
-0.282845 0.0438765 0.246255
-0.733034 0.250901 0.00874794
0.0479464 0.158435 -0.194632
-0.270157 0.19845 0.153248
-0.747219 0.221507 -0.118241
0.0132829 0.150075 -0.201123
0.626908 0.229554 -0.101764
1 -0.0934089 -0.0153464
0.399845 0.170252 0.183901
0.43228 0.228543 -0.104013
1 -0.0968785 0.17244
0.402649 -0.249364 0.00565307
-0.00344561 -0.223608 -0.110979
-0.999596 0.11716 -0.00313488
-0.999596 0.200966 0.0225119
0.35765 0.250624 0.0145633
-0.797893 -0.199909 0.149186
-0.386847 -0.242742 0.0572238
0.689594 0.211653 0.134542
-0.603758 0.0923473 0.232648
0.419791 -0.188965 -0.16338
0.243259 -0.154281 0.196131
0.117798 0.207601 0.140679
0.941399 0.158175 -0.194843
0.112662 -0.0872667 0.233974
0.825147 -0.237921 0.0747696
0.640101 -0.24914 0.0118524
-0.195142 0.20033 0.150796
0.407962 -0.248808 -0.0179417
-0.419748 0.098678 0.230059
-0.704628 -0.0395878 0.246705
0.41013 0.234908 0.0881972
0.276993 -0.246316 0.0391206
-0.770822 -0.230462 -0.0958406
0.0741458 0.246475 0.0474413
0.534993 0.230967 -0.098517
1 0.0262451 -0.0192971
0.0423552 0.0111009 0.249777
-0.468218 0.0763132 0.238328
0.0127011 0.0549959 -0.244574
1 -0.171 -0.0952581
0.485067 0.0196961 -0.249796
-0.261858 -0.227786 -0.102075
-0.905532 -0.184981 -0.167904
0.845307 0.0987464 0.23003
-0.711278 0.234089 0.0903352
0.750285 -0.234188 0.0857499
-0.544029 0.101191 -0.229497
0.706468 0.246724 -0.0466644
0.712982 -0.150226 0.199266
0.939612 -0.050136 0.244746
0.403203 0.238616 -0.0782042
-0.378567 0.211543 0.134714
-0.748987 -0.0465328 -0.245989
-0.936326 -0.0643559 -0.241874
0.45379 0.00122534 0.249988
1 0.10331 0.112129
0.179535 -0.0731584 0.238805
0.630744 0.181968 -0.172911
0.0560422 0.181791 -0.173096
-0.38534 -0.192761 0.158336
-0.867147 0.21739 0.125118
0.148719 0.233997 0.0905714
0.871642 0.249219 -0.0305879
-0.318413 0.190976 -0.162935
-0.931887 -0.0807113 0.236336
0.883376 0.0300124 -0.2488
-0.869398 0.245201 0.0535917
-0.263321 0.244171 -0.0585908
0.577675 0.250345 -0.0192145
-0.999596 -0.0454809 -0.0544388
0.93601 -0.208765 -0.13701
-0.999596 -0.0784024 0.045411
0.38589 -0.103978 0.22699
0.887483 0.0220956 0.249082
-0.618145 0.250461 -0.0176181
-0.429534 -0.231581 0.0925644
0.221184 -0.236669 -0.0791636
0.8021 -0.249431 -0.00152827
0.860379 -0.0301107 -0.248591
0.935193 0.081323 0.236684
0.540155 -0.249423 0.00201214
-0.905935 -0.241998 0.0602889
0.867815 0.127375 -0.216147
-0.394849 0.0219346 -0.249616
0.588716 -0.24188 0.0607609
-0.142768 0.161646 0.191462
0.332309 -0.226731 0.10389
-0.573609 -0.216063 -0.125115
-0.653173 0.241961 0.0666185
0.820993 0.161818 -0.191839
-0.576093 0.251058 -0.00190533
-0.630815 -0.211516 0.132179
0.28198 0.228576 -0.103939
-0.938374 -0.176173 0.176657
-0.999596 0.0821881 -0.0728481
1 0.00690861 0.1835
-0.376115 -0.16279 0.189101
0.472391 -0.243988 0.0516632
-0.342139 0.206559 -0.142717
-0.999596 -0.0835726 -0.087798
0.631492 -0.148742 0.200381
-0.780272 0.245297 0.0531516
1 0.0246423 0.10065
0.211334 -0.159209 -0.192658
-0.770676 0.250948 -0.00786055
0.339473 0.117625 -0.221574
0.321171 0.0402022 -0.24739
-0.215247 0.21761 -0.125258
0.357384 -0.207481 0.138438
0.375483 -0.228001 0.10107
0.629246 0.14899 0.201404
-0.293737 -0.23508 -0.0837961
-0.767109 -0.0979372 0.229679
0.188977 0.247365 0.0426022
0.893697 -0.216754 -0.123906
-0.097787 0.233449 -0.0924873
0.817784 0.242002 -0.0669931
-0.999596 -0.0115342 -0.0147831
0.814586 0.0934142 0.232226
-0.457874 0.0455577 -0.246477
-0.798787 0.195784 0.156619
-0.377885 0.156315 -0.196332
0.133191 -0.238103 -0.0747086
0.197767 0.25105 -0.00284047
0.799099 0.150884 0.199999
0.294133 -0.0698924 -0.240312
-0.520345 0.186911 -0.16757
0.509037 0.0931648 -0.232846
-0.881502 0.0942539 0.231889
0.491975 -0.249224 -0.0104951
-0.790986 -0.243748 -0.0533006
1 -0.0611942 -0.0968222
0.0810313 0.202323 0.148128
-0.476174 0.0266366 -0.249173
0.658093 0.157297 -0.195549
0.859378 -0.205498 -0.141892
-0.65652 0.132905 0.212287
-0.079648 -0.0659596 0.240915
0.937408 0.229186 0.102068
1 -0.136784 -0.158663
0.25178 -0.0607144 0.242306
0.246368 -0.0555536 -0.244078
-0.999596 -0.153965 -0.012057
0.0237397 -0.0330637 -0.248205
1 -0.12403 0.0520772
0.683017 -0.248998 -0.0150253
0.694642 0.18519 0.168944
1 0.151514 0.0129255
0.282675 -0.24693 -0.0355747
0.418106 0.248937 -0.0328182
-0.533908 -0.219425 -0.119083
0.373092 -0.218351 -0.121052
-0.841148 -0.228694 0.0994895
0.422939 -0.245573 0.0435261
-0.719354 -0.0109262 -0.250234
-0.0228818 0.129351 -0.214976
-0.999596 -0.0851263 -0.0186939
0.298678 -0.236436 0.0793401
0.631417 -0.112293 0.222968
0.0799698 -0.149055 -0.200668
-0.54421 0.159987 -0.193363
-0.316942 0.250257 -0.020337
0.318731 -0.246183 0.0399416
-0.883835 0.205054 0.144346
0.198229 -0.0611134 -0.242726
-0.124681 -0.212767 0.130151
0.251395 0.00753741 0.249898
-0.830895 0.181991 -0.172887
0.603532 0.243191 -0.0625356
-0.222505 -0.0343946 0.247499
-0.870386 0.250635 0.0143855
-0.098801 -0.140772 0.206083
0.779077 0.220211 -0.120634
-0.157398 0.196647 0.155542
1 0.154432 -0.0826721
-0.241865 0.244738 -0.0561715
1 0.0342539 0.152813
0.0538902 0.250958 0.00699511
0.113652 -0.145454 -0.203312
-0.104979 -0.245599 -0.0439013
-0.288936 -0.105324 -0.226886
0.604365 -0.20181 -0.147119
-0.00403331 -0.0505013 0.24467
0.2864 0.124402 0.217341
-0.507152 0.214961 -0.129743
-0.911244 -0.0566898 -0.243813
-0.660588 -0.22453 0.108569
-0.790021 0.0586881 -0.243725
0.768196 0.0480479 -0.246011
0.941566 -0.249025 0.0140313
-0.760791 -0.216178 -0.124914
0.511493 0.0480275 -0.246015
-0.306059 -0.0550903 -0.244185
-0.168675 -0.196504 -0.154175
-0.681737 0.221736 0.117291
0.737749 0.170583 -0.184117
1 0.0693343 0.17364
0.732116 0.180428 0.173991
0.126198 0.240847 0.0705125
0.380705 0.0549278 -0.244589
-0.367869 0.129057 -0.215152
0.0850418 0.176801 0.177653
-0.766526 -0.240875 0.0646258
-0.0455278 -0.186373 0.165826
-0.61355 -0.138797 -0.207945
0.18798 -0.145071 -0.203587
0.749601 0.0845309 -0.236091
-0.999596 -0.122267 0.161439
0.921617 0.00731015 -0.250425
0.599608 -0.247979 0.0266844
0.255666 0.0955268 0.231373
-0.95917 -0.237385 0.0764532
-0.999596 -0.107091 0.0885526
-0.836211 -0.21365 -0.129216
-0.836108 0.247899 0.0394138
0.428947 0.222027 0.116742
0.243435 0.0431744 0.246377
-0.912745 -0.099618 0.22895
-0.999596 0.181645 0.00582736
-0.381165 0.0974952 -0.231079
-0.898331 -0.246758 0.036236
-0.999596 -0.0922012 -0.113752
-0.253936 0.112498 -0.224205
-0.359383 0.247907 -0.0398826
0.136718 0.0915014 0.232978
0.555531 0.0996936 -0.230146
-0.939322 -0.223458 0.110762
0.156509 -0.245821 -0.04263
-0.599672 0.227329 -0.106635
0.112372 -0.0381774 0.246932
-0.113904 0.116246 -0.222297
0.522153 -0.23236 -0.0911119
-0.867331 -0.248223 0.0243215
-0.11311 0.241749 0.0673812
-0.857207 0.188271 0.165524
-0.999596 -0.161367 0.128604
0.899657 0.18479 -0.1699
-0.719993 0.0270632 -0.249129
0.957409 0.0248047 0.248836
0.129425 0.130535 0.213742
0.332727 -0.226648 -0.104592
0.530813 0.193331 0.15962
-0.269601 -0.160989 -0.191164
0.0391069 -0.0756522 0.238019
-0.0600376 0.0870098 -0.235196
-0.361232 -0.212656 -0.130854
1 -0.143692 -0.116813
0.144684 -0.108744 -0.225252
-0.396017 0.203174 -0.147486
0.926848 -0.208352 0.137121
0.438519 0.251047 0.00259832
0.873398 0.205638 -0.144037
0.395611 -0.243265 0.0549595
-0.907303 0.0924656 -0.233122
-0.129804 -0.188766 -0.163612
-0.622328 -0.0357293 -0.247827
0.255932 -0.013665 -0.25009
-0.213274 -0.229272 0.0981492
-0.0242251 0.250704 0.0131441
-0.871919 -0.237395 0.0764223
0.434964 -0.236249 0.0798959
-0.999596 0.121223 0.0373488
1 -0.190029 0.0721569
-0.124299 0.249523 0.0274604
-0.852102 0.129291 -0.215013
0.61423 0.0895834 -0.234236
-0.530427 0.231313 -0.0977041
-0.0787182 -0.246562 -0.0380645
-0.753795 -0.19041 0.161163
-0.71589 0.206465 -0.142852
-0.267372 -0.241323 -0.0634553
0.631981 0.194014 0.158794
-0.609471 -0.243464 0.0540736
-0.923383 -0.233553 -0.0879868
-0.631052 -0.0759012 -0.23846
-0.232464 -0.245612 -0.0438265
-0.0867167 -0.249369 -0.00594648
0.909575 0.0841721 0.235697
-0.536957 -0.165242 -0.187476
1 0.11603 -0.0968598
0.932494 -0.107054 -0.226067
0.269052 0.238873 -0.0774154
-0.999596 -0.0934246 -0.158285
-0.999596 0.130931 0.145935
0.778669 0.23796 -0.0801782
-0.702938 -0.15709 -0.194401
0.586801 0.102902 -0.228739
-0.38913 0.0438818 -0.246776
0.803879 -0.17769 0.175126
-0.999596 -0.0350842 0.019842
-0.0288684 0.111263 -0.224817
0.0119558 -0.249404 -0.00414931
-0.872552 0.121053 -0.219731
-0.202996 0.0419973 0.246576
-0.341337 0.0766854 -0.238731
-0.755825 -0.243819 -0.0529756
-0.711801 -0.249092 0.0128072
-0.255521 0.0640929 0.241856
-0.010107 0.242309 -0.0658721
-0.533144 -0.0533821 0.244049
0.728779 0.238534 -0.0784533
0.00903116 0.182475 0.171856
0.837146 -0.127215 0.214757
0.895161 -0.234986 -0.0840593
-0.0975101 -0.213726 0.128567
-0.150462 -0.00289111 0.249961
0.0141954 0.0102158 -0.250333
0.71701 0.164456 -0.189591
1 0.0456566 -0.0458473
-0.826142 0.143206 0.205529
0.43405 -0.0711362 -0.239943
0.823485 -0.236139 -0.0807413
-0.0938232 -0.2253 0.106962
0.0719212 -0.051398 -0.245002
0.905983 -0.027216 -0.248934
0.151005 0.191666 0.161605
-0.204535 -0.0839351 0.2352
-0.68872 -0.235475 -0.0826709
-0.516709 -0.0942779 0.231217
-0.83064 0.0431168 0.246387
-0.999596 -0.154258 0.0126895
0.232146 0.249038 0.0315185
0.528408 0.241051 0.0698167
-0.251219 -0.21154 0.132139
-0.0055305 -0.174128 0.178679
-0.800978 0.202673 -0.148172
0.497972 -0.0629838 0.241719
-0.541003 0.250952 0.00722241
-0.871866 -0.0525473 -0.244754
0.466965 0.23433 0.0897119
0.639043 -0.239284 0.0702879
-0.92455 0.249216 -0.0306099
0.848876 -0.16566 0.186583
-0.920362 0.18359 0.170671
-0.86935 -0.249124 -0.0127067
-0.727526 -0.151726 -0.198643
-0.0500983 -0.0201515 -0.249629
-0.936244 -0.129289 0.213509
0.198838 0.158854 0.193771
-0.619832 -0.124437 0.216387
-0.476977 0.123281 0.217974
0.283974 -0.0583092 0.242903
-0.216293 0.0162539 0.249511
1 0.120282 0.0205943
0.0441235 -0.243837 -0.0528914
-0.84559 -0.147823 -0.201584
-0.438243 0.137387 -0.209956
1 0.148669 0.110314
-0.437684 0.230349 -0.0999527
0.869615 -0.00362887 -0.25047
0.493044 0.0731495 -0.239827
0.677545 -0.163168 0.188774
-0.562284 0.233869 -0.0914204
-0.188441 -0.183421 0.169096
0.686259 0.207287 -0.14166
-0.639172 0.241609 -0.0683959
-0.0385881 -0.133854 0.210663
-0.999596 0.0433953 0.136174
0.751092 0.209864 -0.137821
-0.312812 0.242704 -0.0643999
-0.661222 -0.106534 -0.226315
0.53734 -0.18202 -0.171128
0.401438 -0.138213 0.207815
-0.491392 -0.0592256 -0.2432
0.0281386 -0.22933 0.0980125
-0.230076 0.209407 0.137992
-0.999596 -0.135455 0.094189
0.930804 0.0462921 0.245821
0.493302 0.239134 -0.0766035
0.369655 0.213223 0.132054
0.34749 0.0650071 -0.242136
-0.553889 0.233212 0.0925619
0.404194 0.244331 0.0573975
0.505769 0.166991 0.186849
-0.156507 0.0986869 0.230055
-0.452009 0.0440145 0.246231
0.805492 -0.107751 0.225212
-0.512038 -0.128673 0.213882
0.363781 0.0847771 0.235482
-0.417156 0.157303 0.195024
-0.0431978 0.248931 -0.0328579
-0.646481 -0.24501 -0.047106
0.595639 0.135331 0.21076
-0.517636 0.245947 0.0500848
-0.349918 -0.128939 -0.214243
-0.859282 0.0906896 0.233292
-0.999596 -0.179894 -0.0388886
0.191403 0.0496835 -0.245691
-0.24818 0.230755 -0.0990133
-0.756027 -0.24585 0.0419371
-0.363638 0.110264 -0.225306
0.0796856 -0.235479 -0.08266
0.711065 0.228753 0.10303
0.329754 0.225125 -0.111208
-0.223022 -0.106958 -0.226113
-0.576042 0.160354 -0.19306
1 -0.0396561 -0.182152
0.463482 0.157419 -0.195452
-0.304417 -0.213235 -0.129902
-0.895132 -0.196839 -0.153745
-0.614993 -0.189942 -0.162237
-0.929107 0.0889149 0.233968
0.43878 -0.209832 -0.135361
0.228438 0.215367 -0.129069
-0.795311 -0.118352 0.219793
0.302041 0.242166 -0.0663972
-0.136594 0.0324011 -0.248508
-0.999596 0.0159484 -0.0150942
-0.13619 0.218814 -0.123145
0.359082 0.116849 0.221461
-0.489528 0.243919 -0.0596296
0.770346 0.222521 0.115804
1 -0.0999735 0.0366932
0.444169 -0.231356 -0.0936468
-0.0656305 0.251043 -0.00346343
-0.780437 -0.248817 -0.0178213
0.678736 0.223692 -0.114059
0.602519 0.0694061 0.240404
0.136991 -0.208605 -0.137255
0.00400276 0.223184 -0.115048
-0.354559 -0.0995513 -0.229501
-0.836737 0.0249143 -0.249346
-0.748529 0.0586132 -0.243743
-0.446225 0.226002 0.108896
-0.811713 0.251035 0.00354891
-0.796232 -0.228316 0.100354
0.278699 -0.147082 -0.202129
-0.153927 0.241964 0.0666107
-0.137919 -0.116167 -0.221483
0.901406 -0.0408188 0.246501
-0.999596 -0.00261491 0.190423
-0.188273 0.172742 0.181579
-0.827346 -0.219992 0.117505
0.319367 -0.0811668 0.236178
-0.785514 -0.166582 0.185758
0.147603 -0.13119 -0.212861
0.831369 0.200701 0.150305
0.775592 -0.173147 -0.180154
0.509365 0.22948 0.101409
-0.473181 -0.0647395 0.241249
-0.445853 0.191661 -0.162131
-0.455707 -0.0259534 0.248552
0.504745 0.248766 0.0335733
0.7336 -0.104696 0.226657
-0.367792 -0.177915 -0.175418
0.299112 0.0540801 -0.244775
-0.517677 0.226044 0.108809
-0.865469 0.0856231 -0.235701
0.265978 -0.0871173 -0.234552
-0.181836 -0.031409 0.247905
0.336539 0.147255 -0.203188
0.575479 0.251058 0.00142808
0.906007 0.245788 -0.0513735
0.0136312 0.250927 -0.00852824
0.83447 -0.0248704 -0.249188
-0.49728 0.250949 0.00732459
0.879679 -0.174472 -0.178864
-0.298721 -0.136227 0.209129
-0.828249 -0.200878 0.147875
-0.81589 0.085726 0.235142
-0.3296 -0.1105 0.223868
-0.101311 0.181525 0.172852
-0.358407 0.0160333 0.249525
-0.999596 0.0949695 0.0950624
0.586691 0.161802 0.191331
-0.583708 0.0817243 -0.237069
0.43827 0.179966 0.174466
0.36527 0.0548777 0.244079
-0.578443 -0.233789 -0.0873557
0.103162 -0.143877 0.203918
-0.286526 0.115052 0.222392
-0.254767 0.0215421 -0.249649
-0.586074 -0.0358525 -0.247808
0.0373306 -0.133612 0.210817
0.670316 0.191316 0.162016
-0.0960993 -0.242459 0.0584097
0.177854 -0.23161 -0.093013
-0.895568 -0.236053 -0.0809954
-0.999596 -0.100941 -0.132693
0.343315 0.167749 0.186173
0.880602 -0.244488 -0.0497669
1 -0.157266 -0.136411
0.448222 -0.141261 -0.206267
-0.999596 -0.15367 -0.0527504
0.175913 0.238641 0.077605
0.378984 -0.0307093 0.247995
1 -0.152873 0.102486
0.0224432 -0.246138 -0.0407425
-0.29845 0.141004 0.207035
0.46132 -0.171977 -0.181278
-0.959144 -0.233518 -0.0880811
-0.580068 0.183012 0.171287
0.0710399 0.225974 0.108953
0.0528784 -0.105296 0.226378
-0.642224 0.251035 0.00354633
-0.0578452 0.248144 0.0378516
0.88573 0.244833 0.0552333
0.558639 -0.237696 -0.0760019
-0.203883 0.0305162 -0.24874
-0.999596 0.144524 0.120212
0.673839 -0.00743354 -0.250373
-0.338545 -0.0444742 -0.246377
0.455549 0.0806933 -0.237418
1 -0.0885884 -0.101814
0.956091 0.250675 -0.0141984
0.595403 0.123144 -0.218572
0.304301 0.132375 -0.213137
-0.437752 -0.0605602 0.242345
0.561507 0.0426943 -0.24698
0.728665 0.240134 0.0728887
-0.321066 0.157857 0.194578
-0.51279 -0.190251 0.161351
0.958177 -0.1275 -0.215108
0.264318 -0.212823 0.130059
-0.909189 -0.00771232 0.249843
0.447324 -0.059007 0.242733
-0.20484 0.231226 -0.097908
-0.860172 -0.211504 -0.132719
0.39584 0.186542 0.16746
-0.690909 -0.244882 -0.0477752
-0.60302 0.0658548 0.241388
0.286153 -0.0876824 0.233818
0.159129 0.115845 -0.222505
0.168573 0.099313 0.229788
0.559202 0.247548 0.0415375
0.343798 -0.249398 0.00395634
-0.808862 -0.249387 0.0045609
-0.913191 0.250885 0.00919256
-0.431841 -0.183788 -0.169216
0.747756 0.247291 -0.0435517
0.814871 0.250039 0.0223655
-0.254015 0.217781 -0.12496
0.66602 -0.188768 -0.163609
-0.171483 0.218325 -0.12401
-0.851906 0.0195411 0.249286
0.849209 -0.176299 -0.177052
-0.538989 0.0816344 0.236578
1 -0.11816 0.00917314
0.356805 0.24485 0.0551588
0.846233 0.00930578 -0.250365
-0.354511 -0.0173791 0.249326
-0.842645 -0.242656 0.0575854
0.851296 -0.0718225 0.239214
0.434444 0.0424055 0.246508
-0.428679 0.079393 -0.237852
-0.568173 -0.177687 -0.17565
0.202475 0.215655 -0.128589
-0.759709 0.249232 0.0299575
0.917576 -0.23001 0.0964063
0.143676 -0.249241 0.00956711
0.204664 -0.0279385 0.248331
0.407256 0.0912227 -0.233608
-0.828792 0.221718 0.117325
0.149107 0.227037 -0.107256
-0.452728 -0.0398555 -0.247182
-0.828299 -0.109588 -0.224839
-0.644483 -0.13767 0.208177
0.788594 -0.244693 -0.0487395
0.154892 0.125316 0.21682
0.959005 -0.0810789 -0.23673
0.756526 0.202159 0.148349
-0.759921 0.0442467 0.24619
-0.489312 0.0983773 0.230187
0.307629 0.250953 0.00718616
-0.704617 0.0900424 -0.234061
-0.403338 0.178943 -0.17603
-0.782523 0.250836 0.010405
-0.721238 0.236896 -0.0832686
0.762826 -0.249429 0.00119907
0.42142 0.0640545 -0.242387
-0.623041 0.0836227 -0.236412
0.572988 0.225291 0.110351
-0.598335 -0.0417069 0.246349
0.748953 -0.0514788 0.244463
-0.459587 0.245436 -0.0530349
-0.287597 -0.144216 -0.204198
-0.0150855 0.0527998 -0.24505
0.937333 0.140656 0.20727
0.0435159 -0.242097 0.0598926
0.219083 -0.207322 0.138677
1 0.0153993 -0.0731773
0.516255 0.248756 -0.0341676
-0.364576 0.22656 0.107737
-0.684841 -0.17741 0.17541
-0.999596 0.148301 -0.0422537
-0.567601 -0.171745 0.180979
-0.584498 -0.19883 0.150624
0.572544 -0.0689004 -0.240602
0.503423 -0.246958 -0.0353764
1 0.176865 0.11251
0.790031 -0.0429419 0.246133
0.94037 -0.0375289 -0.247554
0.946526 0.064762 0.24168
-0.0159345 -0.179878 -0.173391
0.109457 -0.177112 0.175712
-0.0598003 0.212512 -0.133711
0.573877 -0.113765 -0.222737
-0.757173 0.0863872 0.234903
0.695241 0.0349942 0.247643
-0.999596 0.129781 -0.139199
0.536054 0.215706 0.127982
-0.70266 -0.124099 -0.217104
-0.917825 0.0274142 0.24857
-0.642765 0.0701497 -0.240712
-0.695303 -0.244271 0.0503072
0.173041 -0.182073 -0.171071
-0.429089 0.240079 0.0730688
0.56136 -0.24713 -0.0341382
-0.372535 0.0573876 0.24351
0.436324 0.19444 0.158276
0.350894 0.137381 0.209439
-0.518603 0.111216 0.224319
0.721307 0.0141382 -0.250154
0.112375 0.131311 -0.213791
0.544331 0.225767 0.10938
-0.707104 0.146802 0.202994
0.31001 -0.119773 0.219018
-0.999596 0.0468491 -0.183281
0.609056 0.0270329 0.248611
-0.764153 0.213338 0.131869
-0.391998 0.128653 0.214871
-0.760786 -0.0054898 -0.25043
1 -0.0739808 0.0112754
0.587574 0.196035 0.156307
-0.176677 0.0247755 -0.24936
0.301405 -0.248345 -0.0235823
-0.858952 -0.128965 -0.214227
0.818599 -0.0451047 0.245739
-0.82328 0.120027 -0.22029
0.876822 -0.248819 -0.0177883
0.799245 -0.0396235 -0.24722
0.707051 -0.0755173 0.238062
-0.572823 0.0393497 -0.247525
0.357871 0.0273548 -0.249098
-0.027264 0.184464 -0.170252
0.0481004 -0.248536 0.020912
-0.0141064 -0.246816 -0.0363612
0.437424 0.0322338 -0.248529
0.446527 0.217021 0.125753
0.651004 0.170348 0.183812
0.523524 0.246963 0.0448584
0.763943 -0.0398046 -0.247191
0.939227 0.207665 0.140584
-0.334508 -0.246541 0.03768
-0.699375 0.238963 -0.077135
0.296699 0.249818 -0.0252017
-0.999596 0.169785 0.0846805
-0.710452 -0.231968 0.0915892
0.223999 0.0737618 -0.239641
0.552382 0.0494393 0.245219
-0.548083 -0.149644 -0.200227
0.105926 0.125926 0.216469
0.0547985 0.0981334 -0.230811
0.371132 0.191699 -0.162087
-0.156363 0.149759 0.200837
-0.220531 -0.167111 0.18528
-0.894475 0.250925 -0.00857544
0.207437 0.173892 -0.181005
0.890353 -0.225209 0.107152
-0.340629 0.0640228 0.241874
-0.29585 0.203316 -0.14729
-0.907012 -0.194949 0.155626
0.562851 -0.245182 0.0456729
0.884134 -0.1148 -0.222201
-0.999596 -0.0970339 0.113776
0.345438 -0.0363046 0.24722
0.687929 0.249095 -0.031584
0.495979 -0.173504 -0.179808
0.52142 0.25105 0.00232501
0.0878775 -0.241674 0.0615748
-0.105313 -0.240433 -0.0667731
-0.736018 0.250195 -0.0210973
-0.543301 0.137704 -0.20975
-0.482269 0.22391 0.11311
-0.556436 0.1131 0.223383
0.342166 -0.105467 0.226298
-0.181182 0.251031 -0.00431411
0.293576 0.208568 -0.139771
0.187769 0.210142 0.136876
0.275449 0.24814 -0.038401
-0.443342 0.142974 0.205689
-0.29129 -0.158326 0.192868
-0.164056 0.231757 -0.0966449
0.0356893 0.250459 -0.0176427
1 0.0646416 -0.177752
0.0982043 0.106543 0.226556
-0.902207 0.171004 -0.183727
-0.89327 -0.237418 0.0763511
0.232523 0.0217832 -0.249629
0.783254 0.238276 0.0787127
-0.617349 0.133272 -0.21258
0.150629 0.0357392 -0.24806
-0.785898 -0.0725115 0.239004
-0.897234 0.246332 -0.0486951
0.425216 -0.242889 -0.0571161
0.132644 -0.077364 0.237463
0.802296 -0.218691 -0.120434
-0.458944 0.247947 0.0391139
0.808454 -0.172407 -0.180867
-0.178194 0.00479069 0.249957
0.51651 -0.234789 0.0840914
0.592656 -0.231003 -0.0945209
-0.440926 -0.0105585 -0.250251
-0.369152 0.249465 0.0279832
0.012191 -0.0977472 0.229761
0.398412 0.144108 -0.205423
-0.281239 -0.0307133 -0.248515
0.829767 -0.247526 0.0305817
-0.121653 -0.212424 -0.131233
-0.0267277 -0.191759 0.159551
0.169574 0.240807 -0.0711698
-0.83484 -0.246847 -0.0361458
0.238568 -0.244764 -0.0483775
1 -0.163684 0.0413166
0.30255 0.196015 -0.156853
0.938602 -0.164956 -0.187729
0.900078 0.168518 -0.186002
-0.0295707 0.244924 0.0548311
-0.804978 -0.232554 -0.090611
0.518409 -0.226803 0.103733
0.697428 -0.0791586 -0.237386
0.0150816 0.135573 0.210606
-0.259518 0.232476 0.094383
-0.682586 -0.206753 0.139525
0.250071 -0.183487 0.169024
0.486087 -0.0445538 0.245841
-0.946088 0.0720293 0.239641
1 -0.113664 0.151274
-0.999596 0.0617404 0.037717
0.862484 0.217312 0.125252
0.0623135 0.100176 0.229417
-0.924582 -0.248705 0.0188299
0.314302 -0.079365 -0.237317
-0.0218285 -0.0506913 -0.245151
0.298323 0.161156 -0.192393
-0.33136 0.0450284 -0.246572
-0.666134 0.183409 0.170865
0.610233 -0.0784037 -0.23764
-0.381464 0.175243 -0.179702
-0.213361 0.0113481 -0.250287
-0.0778016 -0.148883 -0.200797
-0.410394 0.250735 0.0125643
0.776725 0.250916 0.00832849
-0.200049 0.206349 -0.143019
-0.483647 -0.244499 -0.0497129
0.703601 0.181263 -0.173647
-0.462105 0.152763 -0.199097
-0.397476 0.198992 0.152547
-0.240861 0.237941 0.0797123
-0.999596 -0.127481 -0.164053
1 -0.0895394 -0.0668756
0.750491 0.229597 0.101145
0.416283 -0.233745 0.0869525
-0.923565 0.0461001 -0.246378
-0.533051 -0.0444754 -0.246377
1 -0.0630591 -0.0701378
-0.908357 -0.231697 0.0922735
0.460456 0.000725018 -0.250509
0.493341 0.121248 0.219103
-0.123752 0.191687 -0.162101
-0.507102 -0.187831 -0.16469
-0.718043 -0.0562089 0.243405
0.502353 -0.18855 -0.163861
0.327151 0.0289848 0.248398
0.413451 -0.0239718 0.248758
-0.999596 0.0197773 0.0159179
0.297835 0.0957341 0.231288
-0.543801 -0.180377 -0.17287
0.706545 0.206732 -0.142466
-0.671306 -0.120664 0.218525
-0.0232985 0.232127 0.0952339
0.782683 -0.00454777 0.249931
0.228863 -0.185547 0.166753
-0.318772 -0.117405 -0.220824
-0.160619 0.250307 0.0191812
-0.828161 0.0049118 -0.250476
-0.929163 -0.242145 0.0596982
0.811206 -0.00846949 0.249816
1 0.00125742 -0.138564
-0.701786 0.221838 0.117099
-0.59267 -0.212898 -0.130458
-0.999596 -0.0565168 -0.148778
-0.999596 0.0957568 -0.112054
-0.767912 0.0924981 -0.233109
-0.902931 -0.244145 -0.051439
-0.343742 -0.153478 -0.197283
0.87519 0.0651843 -0.242089
-0.36835 0.251064 -4.20527e-05
-0.999596 0.0704956 -0.114524
-0.202569 -0.188006 -0.164489
0.568466 -0.231395 -0.0935494
-0.31274 -0.244822 -0.0480796
-0.753718 0.115077 0.22238
-0.890823 0.239859 0.0737811
0.958263 -0.248634 -0.0202555
-0.235015 -0.196945 -0.153608
0.431934 -0.00414921 -0.25046
0.880286 -0.106579 0.225772
-0.491684 0.232369 -0.095167
-0.795383 0.167178 0.186683
-0.670046 -0.179091 -0.174209
-0.793324 -0.241868 0.0608065
-0.999596 0.0282138 -0.145127
-0.447672 -0.247584 -0.0306285
1 -0.033481 -0.147968
-0.660763 -0.0450757 -0.246266
0.0506985 -0.00788057 0.249837
-0.427794 0.171303 0.182929
0.511388 0.0800879 0.2371
0.925632 0.0281471 -0.249012
-0.0323553 0.182353 0.171984
-0.198215 0.125259 -0.217374
-0.287687 0.044994 -0.246579
-0.540379 0.0278558 -0.249044
-0.890737 -0.147004 -0.202186
0.42632 0.0992757 0.229804
0.14399 -0.190943 0.160529
-0.384248 -0.236543 -0.0795434
0.233428 -0.00210382 0.249971
0.751733 -0.230197 -0.0964777
-0.533367 -0.24941 -0.00367828
-0.880758 -0.164616 0.187508
0.00575636 0.236194 -0.0852385
0.00641278 0.246636 -0.0471272
-0.637009 0.199744 0.151568
0.879621 -0.0404222 0.246567
0.590089 -0.202199 0.146059
0.112482 -0.198843 0.150607
-0.323017 0.229531 0.101295
0.225575 0.109642 -0.225607
-0.463472 0.168124 0.185836
-0.3956 -0.192387 -0.159313
0.608335 -0.01029 -0.250263
-0.749502 -0.0278392 0.248342
0.552272 0.011267 0.24977
-0.48739 0.0906485 -0.233829
0.387172 0.202775 -0.148033
0.0576935 -0.164432 0.18767
-0.444922 0.177862 -0.177119
0.788248 0.250823 -0.0112376
-0.0545152 -0.209512 0.135338
-0.168486 0.0621964 0.242343
-0.999596 0.154155 0.0252719
0.838655 -0.212967 -0.130343
-0.30917 0.156763 -0.195977
-0.372899 0.239548 -0.0753009
-0.335568 -0.0704129 0.239637
-0.552433 -0.0137157 0.249566
-0.833959 0.230006 -0.10074
0.595667 0.249552 -0.0277254
0.782394 0.0221348 0.249078
-0.773328 -0.0818532 -0.23646
0.894757 0.230506 0.0990698
0.126356 -0.169327 0.18325
0.586808 -0.0482787 -0.245646
-0.703205 0.249343 -0.0295526
-0.999596 0.102235 0.128749
0.806476 -0.145989 -0.202925
0.945217 -0.106493 0.225814
0.834768 -0.0651031 -0.241671
0.21125 0.0227273 0.249027
-0.999596 0.127066 0.0772667
-0.0251531 0.155799 -0.19674
0.13027 -0.0467119 -0.245955
0.637785 -0.202581 -0.146049
-0.111275 0.202133 -0.148905
0.269589 -0.240858 -0.0652126
1 -0.168646 0.00102196
0.912858 -0.185198 -0.167663
-0.999596 -0.180829 0.0155411
-0.497297 0.149257 -0.201729
0.55119 0.000937375 -0.250509
0.141184 0.241073 -0.0702648
-0.284134 -0.213903 -0.128792
-0.246055 -0.21576 -0.125639
0.51423 -0.244872 0.0473009
0.875446 0.180566 0.173848
1 0.059388 0.108324
-0.9437 0.236522 0.0838022
-0.512008 -0.247694 0.0292003
0.221996 -0.11514 -0.222024
-0.999596 -0.00204917 0.118478
-0.38882 -0.117426 -0.220813
0.756211 -0.0715629 0.239293
-0.187852 -0.11984 -0.219502
0.957546 -0.184348 -0.168602
0.237012 -0.0274695 -0.248906
0.656527 0.111022 -0.224935
0.612366 -0.131241 -0.21283
-0.762846 0.00316974 0.249977
-0.688633 0.180967 -0.173954
1 -0.0803432 -0.0321214
0.303673 -0.236899 -0.0784686
1 -0.116994 -0.0496026
-0.758213 0.142106 0.206286
-0.558727 -0.232449 -0.0908825
0.517298 0.137483 -0.209894
0.564227 -0.216538 -0.124285
-0.47484 -0.16474 -0.187919
0.533399 0.0566372 -0.244204
-0.0932593 -0.247246 0.0327568
-0.999596 0.00927189 0.1484
-0.499955 0.0610308 0.242635
0.86387 -0.245857 0.0418954
-0.622784 0.21442 0.130113
-0.380484 0.114355 0.222749
-0.306511 0.107214 0.226242
0.597171 0.246223 0.0487205
0.816814 -0.146295 0.202182
-0.263186 -0.135306 0.209729
-0.609118 0.242838 0.0633713
0.127902 -0.115016 0.221567
-0.858149 -0.0872706 -0.234494
-0.999596 -0.0351689 0.206095
-0.692553 0.126571 0.216095
0.759112 0.145165 0.204159
0.364704 -0.248669 -0.0198048
-0.612403 0.0220068 0.249089
0.269457 0.149723 -0.201384
-0.10222 0.012912 -0.250217
-0.719663 0.226744 -0.107873
0.884251 0.215194 0.128836
0.827833 0.226936 -0.107468
0.278305 0.146848 0.202961
0.554329 -0.0684217 0.24022
0.671611 0.19621 -0.15661
-0.697228 0.244108 0.0583286
-0.225433 0.0795872 0.237267
0.0517256 -0.183505 0.169004
0.16906 -0.150485 0.19907
0.460872 -0.187901 -0.16461
-0.594267 -0.227217 -0.103343
0.802123 -0.203191 0.144673
1 0.0952243 0.187067
0.772469 0.0936815 0.232119
0.17922 0.250302 -0.0197729
-0.301739 0.215188 0.128846
-0.120107 0.185619 0.168475
0.739914 0.251002 -0.00583
0.175004 -0.218158 0.120882
-0.768085 -0.137766 0.208114
0.590878 0.250672 0.0137301
0.249188 0.115002 -0.222939
1 0.143156 -0.131779
0.41458 -0.218694 -0.120428
-0.877448 -0.0320097 0.247826
-0.464913 -0.239743 0.0687055
0.335692 -0.189222 0.162559
1 -0.0247981 -0.0714305
0.819085 -0.0051909 -0.250437
0.792941 -0.0135681 -0.250096
0.280345 0.0398459 -0.247447
1 0.0777625 -0.0876954
-0.247755 -0.234397 -0.0856988
0.559909 0.135888 0.210404
0.530328 -0.213768 0.128498
-0.721922 -0.244447 -0.0499716
0.213187 0.229142 0.102165
-0.0271792 -0.00983642 0.249761
0.583269 0.237501 0.081006
0.117152 0.0366517 0.247409
-0.76365 0.0719295 -0.240192
0.728282 0.223194 0.11451
1 0.0368004 -0.206004
1 -0.173785 0.112745
-0.999596 0.0252237 0.0555695
-0.585963 0.218002 0.124054
0.261346 -0.199075 0.1503
0.669426 -0.175574 -0.177775
0.406843 -0.0657547 -0.241493
0.769294 0.196155 -0.156679
-0.836173 -0.249365 0.00562069
-0.32393 -0.226841 0.103649
-0.829117 0.230397 0.0993209
-0.863907 -0.242276 0.0591625
0.824436 0.0586577 0.243211
0.704351 0.25101 -0.00545933
-0.689811 0.134245 -0.21197
-0.351338 -0.240215 0.0670377
-0.297935 0.0571885 0.243556
0.0330515 0.194359 0.158375
-0.0739531 -0.0829199 -0.236084
1 0.0413188 -0.103342
0.158587 0.0653827 -0.242036
-0.999596 0.0241961 -0.0430013
-0.691661 0.175336 0.179091
0.62999 0.233663 0.0914237
-0.166756 0.217989 0.124077
-0.532205 0.021663 0.249118
0.940449 -0.247143 0.0335246
0.464184 0.250162 0.0209659
-0.304078 0.135031 -0.211472
0.886662 0.0107391 -0.250312
0.910444 0.0404389 -0.247352
0.434918 -0.091695 0.232261
0.472651 -0.144454 -0.204028
0.548352 0.0971747 0.230692
-0.333556 0.0847626 0.235488
-0.273558 -0.120128 -0.219343
0.383892 -0.130101 0.213013
0.707564 -0.0251652 -0.249157
-0.528078 -0.248921 0.015744
-0.272264 -0.212556 0.130496
-0.16407 0.247222 0.0434217
0.937472 0.229477 -0.101937
-0.443041 -0.211057 0.132911
0.649001 0.24108 -0.0702394
0.316274 0.0190215 -0.249846
0.0241407 -0.243355 0.0545604
-0.911101 0.129598 -0.214828
0.235232 -0.249102 0.0126256
-0.539541 0.0600178 -0.243405
-0.932352 -0.242993 -0.0566728
-0.455206 0.237437 0.0811899
-0.596947 -0.130101 -0.213534
-0.13896 -0.0755008 0.238068
0.577058 0.0490333 0.245299
-0.756081 0.228623 0.103315
0.666929 -0.108931 -0.225161
-0.14677 0.0291438 0.248379
-0.233732 0.120738 -0.219903
-0.153908 0.249556 -0.0276854
0.665325 0.248541 0.0351836
-0.364663 -0.223716 0.110239
0.117587 -0.248581 -0.020898
0.0621954 -0.219158 0.119056
0.260047 0.057372 -0.244034
-0.5297 -0.209686 0.135068
0.174601 -0.245699 0.0428118
-0.285102 -0.230096 0.0961987
0.277576 -0.202423 -0.14627
-0.795786 0.0239815 0.248913
0.430161 -0.194761 0.155863
0.519479 -0.028981 -0.248729
-0.337286 -0.146042 0.202366
0.0961114 -0.229893 0.0966831
-0.0718738 0.138014 0.209026
-0.372402 -0.0383398 -0.247427
-0.897798 0.0593707 -0.243562
0.865757 0.186554 -0.167967
0.816541 0.177635 0.176825
0.378717 -0.180602 -0.172633
-0.401616 -0.0153198 -0.249989
-0.2743 -0.243935 0.0519123
0.744649 0.120494 0.219515
0.264132 0.193381 0.159561
0.255109 0.17152 -0.183247
-0.054148 0.139756 -0.208394
-0.119255 -0.22877 -0.0998365
-0.111279 -0.159282 -0.192597
-0.999596 0.182009 -0.0996285
0.327782 0.228826 0.102867
1 0.129477 0.130847
-0.820991 -0.135382 -0.2102
-0.0778802 -0.1262 0.215359
1 0.105394 -0.119819
-0.727067 -0.21467 0.126982
-0.797172 -0.1535 0.196746
-0.999596 0.0654167 -0.0395481
0.711567 0.124214 -0.217969
0.348878 -0.246777 -0.0366253
-0.222567 -0.0684036 -0.240746
-0.891057 0.222319 -0.11671
-0.936843 -0.0371491 0.247092
-0.305571 0.0033045 -0.250497
-0.1807 -0.185852 -0.166933
-0.757081 0.199456 0.151943
0.291459 -0.249408 0.00333875
-0.0893248 0.160907 -0.192601
0.0415296 -0.207148 0.138937
-0.233275 0.249715 0.0256832
0.488505 0.207218 -0.141761
-0.786727 0.215303 0.128655
0.595718 0.158706 -0.194412
-0.0304969 -0.214309 0.127591
0.4301 0.0710838 0.23992
0.0288173 -0.0585906 0.242835
-0.444768 -0.158971 0.192335
-0.533202 -0.191297 -0.160627
0.359195 0.236008 -0.085752
-0.730552 0.235633 0.0862552
0.0210774 0.0377761 -0.247765
0.455849 0.212155 -0.134275
1 -0.207597 -0.0156928
-0.526415 0.0434692 -0.246847
0.489871 0.221102 0.118474
0.834373 0.14772 -0.202852
0.275973 -0.103958 0.226999
0.793867 0.200975 0.149941
-0.69845 -0.191006 0.160454
0.348146 -0.231296 -0.0937957
0.242866 0.245447 -0.052982
0.914852 -0.0876452 0.233832
-0.698323 0.199783 0.151515
-0.376824 -0.249256 0.00916969
0.880682 0.0418543 0.2466
0.645725 0.210092 -0.137474
0.465035 0.0630249 0.242132
-0.999596 0.0715664 -0.143205
0.253813 -0.112929 -0.223166
-0.999596 -0.00826234 -0.145814
0.0879634 0.166804 -0.187536
-0.770425 0.235457 0.0867318
-0.0309533 0.0281185 0.248494
0.879271 0.228232 -0.104691
-0.327427 0.115615 -0.222624
0.280442 0.243231 -0.062382
0.425334 0.200364 -0.151273
0.590424 -0.241683 -0.0620589
0.146463 0.0157794 -0.250061
-0.523907 -0.233595 -0.0878763
-0.229799 0.15292 0.198457
1 -0.0443805 0.0709734
-0.956539 0.250529 0.0160811
-0.627329 -0.10674 -0.226217
-0.140423 0.051101 -0.245405
-0.265469 0.05743 -0.244021
0.516318 -0.118631 0.219642
-0.589753 0.23073 0.0985489
1 -0.14014 0.0332954
-0.151891 0.234862 0.0883194
0.795299 -0.231186 -0.0940683
0.471072 0.198253 0.153501
0.866599 0.23272 0.0937841
0.315688 -0.133922 -0.21114
0.181504 -0.112673 -0.223296
-0.622195 -0.0794376 0.236771
-0.788893 -0.0624161 -0.242389
0.811653 0.100297 -0.229886
-0.250565 -0.0899085 -0.233485
0.708163 0.205945 0.143078
0.0789862 -0.234475 0.0849643
-0.9345 0.012374 -0.250242
-0.0883854 -0.190515 0.161038
-0.194822 0.0668936 -0.241628
-0.0107826 -0.240162 -0.0677491
0.899905 -0.145514 -0.203269
-0.999596 -0.0504113 -0.0969538
-0.504291 0.204466 -0.145693
-0.47386 -0.0358699 -0.247806
-0.500557 0.0207971 -0.24971
-0.24494 0.171334 -0.183421
0.472152 0.236606 -0.0840876
-0.917331 -0.167094 -0.185817
0.941815 0.24936 0.028892
0.75256 -0.14877 0.20036
-0.600309 -0.101711 -0.228543
1 -0.136919 0.15827
-0.11609 0.145557 0.203882
-0.910733 0.198347 -0.153902
-0.0647678 0.153461 -0.198562
-0.493843 0.248933 -0.0328474
0.404524 0.0201395 -0.249762
0.616731 0.226272 0.108338
0.760252 0.0515897 0.244783
0.035634 0.227588 -0.106083
-0.220041 0.231855 0.0958907
-0.602463 -0.240482 -0.0665956
0.850445 0.247894 0.0394426
-0.657491 -0.19921 -0.150642
-0.819122 -0.178063 0.174746
-0.564841 -0.249378 -0.00556049
-0.480758 0.120105 -0.220247
1 -0.000453704 -0.174924
-0.00210374 -0.126916 -0.215457
0.840992 0.122256 -0.219067
-0.999596 0.154435 -0.126632
-0.572215 -0.0741181 0.238506
-0.688576 -0.0731848 -0.239318
-0.342956 0.138957 -0.208926
0.321255 -0.0408515 -0.247016
-0.571034 0.201551 -0.149691
-0.719693 -0.248586 -0.0208425
-0.538461 -0.180895 0.171803
-0.604078 0.0719351 -0.24019
0.847997 0.0196586 0.249278
0.903909 -0.000479629 -0.250506
0.619369 0.245669 -0.0519397
0.912903 0.189649 0.163953
-0.0794597 0.241282 0.0690199
-0.694516 -0.220892 0.115801
-0.329575 -0.197921 0.151819
-0.918268 -0.170774 0.181898
0.623958 -0.0752184 0.238158
0.734308 0.103575 0.227917
1 0.121773 0.151818
-0.679629 -0.0405703 -0.247063
0.626838 0.247354 0.0426688
0.228022 0.154046 -0.198111
0.296789 0.180494 0.173923
-0.145443 -0.142728 0.204727
0.687216 0.138059 0.208997
0.124816 0.233197 -0.0931207
-0.242597 -0.0687445 -0.240648
-0.999596 -0.0211832 -0.0963551
-0.145343 -0.148051 -0.201416
0.471714 0.227159 -0.106997
0.0445278 0.229718 0.100872
-0.935269 0.188549 -0.16573
0.958313 0.084613 -0.236062
-0.732514 0.147223 -0.203211
0.340032 -0.00957243 0.249772
0.18404 0.032232 -0.248529
0.530364 0.124505 -0.217804
-0.796808 -0.0450843 0.245743
0.941016 -0.232302 0.0907393
1 0.158355 -0.0406729
0.659858 -0.237868 -0.0754591
-0.531337 -0.235051 0.0833564
0.448189 -0.0207735 0.249055
0.786331 0.246629 0.0466435
1 0.0594428 0.0792454
-0.800876 0.131735 0.21301
-0.729265 -0.232637 -0.0903967
0.435839 0.12227 -0.21906
0.823252 -0.200452 0.148454
0.540458 -0.00570557 0.249903
0.386599 0.14217 0.206242
-0.102291 0.149184 -0.201782
0.669051 -0.0723221 -0.239583
0.749862 -0.212674 -0.130824
0.911646 -0.248614 -0.0205027
-0.314361 -0.172364 -0.180907
-0.602533 0.0171191 -0.249978
0.912224 0.137313 -0.210005
-0.00289445 -0.0864311 0.234287
-0.233815 -0.24285 0.0567647
-0.831109 -0.0289264 0.248214
0.361165 0.148874 -0.20201
0.265676 0.224009 -0.113437
-0.999596 0.00101572 0.0854205
-0.311911 -0.0763112 -0.238328
-0.0742201 -0.235571 0.0818748
-0.0975799 0.241555 -0.0685872
-0.799718 -0.219841 0.117788
0.450278 0.243945 0.0590033
-0.372351 -0.164307 -0.188301
-0.0574398 0.0945936 0.231752
1 0.0389554 -0.139372
0.591132 -0.141073 -0.206397
0.647129 0.0701395 0.240194
-0.600991 -0.19292 0.158142
0.919588 -0.249428 -0.00198559
-0.364319 -0.187828 0.164173
0.0800298 0.250656 0.0140246
0.921305 0.212727 0.132847
0.959082 -0.0584605 -0.243388
-0.280728 -0.228833 -0.099691
-0.0205198 -0.227851 -0.101929
0.455655 -0.221731 0.114186
-0.999596 -0.153008 0.0425905
0.636317 -0.171156 0.181537
-0.430504 0.0106284 0.249796
-0.842334 -0.078838 0.236973
-0.457502 -0.217381 0.122275
0.196373 -0.2089 0.136283
-0.0541125 0.208062 0.14
0.678921 -0.210733 0.133425
0.631609 -0.175473 -0.177875
0.404272 0.0667038 0.241158
0.532822 -0.168702 -0.184349
-0.999596 -0.131452 0.130603
-0.285145 0.223481 -0.114471
-0.143375 -0.249272 -0.0092435
-0.676092 -0.159229 -0.192642
-0.0598878 -0.180457 -0.172786
0.836826 0.248979 -0.0324945
-0.402937 0.24523 -0.0539802
-0.122585 -0.174311 0.178499
-0.156805 0.060839 -0.243204
0.100929 -0.0731158 0.238818
-0.777118 -0.04541 -0.246203
-0.205917 0.245232 -0.0539713
-0.873252 -0.245803 0.0422153
1 -0.120464 0.123003
0.616181 0.250872 -0.010041
0.420486 -0.222931 0.11182
0.72233 -0.167085 0.185304
0.136043 0.13723 -0.210059
-0.935656 0.250786 -0.0120536
-0.718878 -0.0699116 -0.240307
-0.999596 0.133538 0.10472
0.171181 0.153908 0.197696
0.701436 0.118103 0.2208
-0.18175 0.237872 -0.0804387
0.52635 0.155437 -0.197026
-0.544476 0.186832 -0.167659
-0.0133784 -0.201386 0.147182
-0.865437 -0.107591 0.225289
-0.80493 0.141788 -0.207024
-0.583133 -0.248245 0.0241003
-0.0242524 0.103913 0.227764
0.0270299 -0.249059 0.0134388
-0.116738 0.215942 -0.128107
-0.509262 0.236211 0.0846689
-0.999596 -0.0153104 -0.163411
0.470599 -0.0851303 0.234767
0.500704 0.181481 -0.17342
-0.0738007 -0.169841 -0.183293
0.749526 0.121704 -0.219373
-0.312292 0.232937 -0.0937681
-0.674661 0.198664 0.152971
-0.221424 0.124361 0.217365
-0.957544 -0.220434 0.116672
1 -0.0149256 0.0300586
-0.192586 -0.0697337 0.239838
-0.832503 -0.104133 0.226918
-0.512922 -0.240911 -0.0650143
1 -0.161241 0.0639791
0.713858 0.235837 0.0857002
-0.735653 0.114395 -0.223249
0.280175 0.0913183 -0.233571
-0.93739 -0.249433 0.000482355
-0.999596 0.0860177 0.164812
0.941699 -0.243929 -0.0524586
-0.199612 -0.0899779 -0.233458
0.0299474 -0.249099 -0.013197
-0.0450394 -0.0364054 0.247205
-0.788987 0.226112 -0.109191
-0.999596 0.104601 -0.179814
-0.920669 -0.115764 0.221175
-0.842931 0.250376 0.0182758
-0.114913 0.250353 -0.0191004
1 -0.119225 -0.0866272
0.679978 0.0782674 -0.238222
0.669768 0.169466 -0.185142
-0.747917 -0.0689016 0.240081
-0.999596 -0.0920003 0.187645
-0.657497 -0.214524 0.127229
-0.415383 -0.24841 -0.0228693
0.0230074 0.220482 -0.120139
0.452055 -0.233551 0.0874727
0.117293 0.202382 -0.148568
0.479548 -0.211728 -0.132359
0.563138 0.240342 0.0722057
0.595764 -0.222622 -0.112956
0.661119 0.230935 -0.0985932
0.958333 -0.158702 0.192557
0.593502 0.0845648 -0.236079
-0.437053 0.214868 -0.129897
0.0732145 0.190821 0.162596
-0.345289 -0.0679796 -0.240868
1 0.00884901 -0.0493486
-0.435536 -0.155096 -0.196006
0.0817077 -0.226216 -0.105529
1 0.127893 -0.0649205
-0.569703 -0.245935 -0.0419587
-0.126778 -0.13248 -0.212055
0.326026 -0.248918 -0.0163196
0.912131 0.241436 -0.0690042
-0.91174 0.241727 -0.0679777
0.211032 -0.0931822 0.231664
-0.149359 -0.19633 0.153877
-0.661868 0.24998 -0.0235182
0.200758 0.0520633 0.244684
0.521242 0.103526 0.227939
0.812878 0.042104 0.246558
-0.0907028 0.131219 -0.213847
0.0280536 0.221477 0.117777
0.388748 -0.211456 0.132274
-0.726594 0.119718 0.219936
-0.656309 0.0312631 -0.24865
-0.742721 -0.220557 -0.11696
-0.175803 0.173647 -0.18124
-0.999596 -0.0538517 0.16757
0.369162 -0.186107 0.166126
-0.278945 -0.0860366 0.234433
0.121427 -0.246052 -0.0412634
-0.625804 -0.157914 0.193207
0.608197 -0.0105702 0.249729
0.300489 -0.0135925 0.249573
-0.56794 -0.147298 -0.201971
0.908993 -0.1565 0.194358
-0.878807 0.237315 -0.0820649
-0.497192 0.246553 0.0470373
-0.0919179 0.201093 -0.150304
0.635366 0.249324 -0.0297143
0.191943 0.235363 -0.0875045
-0.467116 0.203806 -0.146612
-0.0977557 0.0396717 -0.247474
-0.294693 0.232329 0.0947432
1 -0.180332 -0.0316091
0.557454 -0.223062 0.111559
-0.999596 0.0526906 0.0024128
-0.457991 0.119889 0.219844
-0.999596 0.00785649 -0.208316
0.305672 0.19241 0.160723
0.512103 0.195804 0.156595
-0.0276516 0.196143 0.156172
-0.999596 0.0499423 -0.146924
0.525163 -0.0433938 0.246052
0.905473 0.0555555 0.243928
0.857198 -0.249107 -0.0130535
0.102169 0.201539 0.149186
-0.901732 0.248466 0.0357055
0.084394 0.232606 -0.0945852
0.944029 -0.204077 0.143419
-0.53167 0.246977 -0.045299
-0.856344 0.244121 -0.0587977
-0.217263 0.249544 -0.0277962
0.197115 0.198921 -0.153161
-0.482225 0.177697 -0.177284
-0.883128 0.247953 0.0390747
0.468479 -0.0174986 -0.249838
0.53828 0.197302 -0.155235
0.925427 -0.244059 0.0513263
-0.663491 0.239447 -0.0756194
-0.819801 0.24391 -0.0596672
-0.374517 0.139527 0.208026
-0.999596 0.138887 -0.00604133
-0.659276 0.216138 -0.127777
0.694396 -0.153916 0.196419
-0.166823 -0.133566 0.210846
-0.760761 -0.206918 0.139279
0.237394 -0.180698 -0.172532
-0.678997 0.0302803 0.248247
-0.224691 0.0686407 -0.241142
-0.175782 0.0972813 -0.231169
1 0.172957 0.020454
-0.108928 -0.0307123 0.247994
-0.244968 0.0391529 -0.247555
-0.958568 -0.109655 -0.224806
0.851678 -0.238707 -0.072741
-0.910864 -0.219166 -0.119562
0.201128 -0.113721 0.222239
0.0894711 -0.0173919 -0.249846
0.655332 -0.177103 0.175721
-0.659376 0.250322 0.0189917
-0.569653 0.00222158 -0.250505
-0.524929 0.198899 0.152668
-0.150239 -0.198468 -0.151623
0.773433 -0.12206 0.217744
-0.785449 -0.125751 -0.216144
0.455969 -0.120664 -0.219047
1 0.185992 0.050119
-0.506196 -0.0374355 0.247048
-0.475387 0.0351566 0.247621
-0.860707 -0.0521106 0.244327
0.331948 0.250018 -0.023115
-0.31734 0.247944 0.039132
0.28757 0.0239645 0.248915
-0.999596 -0.186401 -0.0788542
-0.860442 0.0638563 0.241917
0.905144 0.0715126 -0.240315
-0.730889 0.0666068 -0.241706
-0.73399 0.189187 0.164483
-0.590658 -0.219955 0.117575
0.883544 -0.0739251 0.238566
0.759542 -0.0217921 -0.249486
0.424948 0.230646 0.0987456
0.568799 -0.0569957 0.243219
0.457593 0.0428927 0.246425
-0.557271 0.222269 0.116284
0.812123 0.19169 0.161576
-0.70451 0.010038 0.249818
-0.761688 -0.147269 -0.201992
-0.734733 -0.223586 0.110504
0.5236 -0.24429 -0.0507362
0.170279 0.0424508 0.2465
-0.648145 0.199251 -0.152732
-0.405299 0.243466 0.0609335
-0.185529 0.247362 0.0426217
0.612097 -0.175941 0.176889
1 0.0495619 0.174522
-0.101239 0.0987046 -0.230569
-0.434483 0.250959 0.00697211
-0.160989 -0.235135 -0.0836404
0.448176 0.109411 0.225197
0.229459 0.234098 -0.090832
-0.937274 0.233614 -0.0920697
1 -0.0448705 -0.0168143
0.424148 0.250054 0.0221941
-0.542321 -0.201999 -0.146858
0.343073 0.249429 0.0282968
0.876265 0.0951814 -0.232035
0.334828 -0.237304 -0.0772255
0.773548 -0.217973 -0.121736
-0.231977 -0.249282 -0.00897345
-0.377556 -0.131619 -0.212594
1 0.0653651 0.027802
0.795666 0.211739 0.134407
0.600339 0.239808 0.0739464
-0.421688 -0.191378 0.160009
-0.768013 -0.249356 0.00596639
-0.745767 -0.236463 0.0792592
-0.00640021 0.159896 -0.193438
0.174486 -0.0544983 0.243799
1 0.019649 -0.135826
-0.408861 -0.180381 -0.172866
0.00967277 -0.114401 0.221888
0.751968 0.019112 0.249318
0.810411 -0.0762488 0.237827
0.461468 0.121961 -0.219231
0.17331 -0.208527 -0.137375
0.649105 -0.212182 -0.131626
0.0691958 -0.138049 0.207925
-0.00114562 0.247719 0.040518
0.175491 0.0736881 0.239143
-0.615426 -0.228594 -0.100241
-0.390176 0.000875858 0.249988
0.157292 0.248142 -0.0383876
-0.477197 -0.11085 0.223693
-0.898782 0.236988 -0.0830055
1 0.010843 0.163815
-0.249893 -0.235194 0.0829518
0.335458 0.0835245 0.235925
-0.53274 -0.00527202 -0.250435
0.0132218 -0.0182662 0.24926
-0.235727 0.140424 -0.207947
-0.841719 -0.189897 -0.162289
0.497696 -0.137199 0.208489
-0.251187 0.205017 -0.144918
-0.655961 0.121377 -0.219553
-0.311843 0.0970841 -0.231251
-0.353519 0.242071 0.0662216
-0.556055 0.248872 0.0327899
0.384482 0.0793435 -0.237869
1 0.117059 0.0451837
0.955987 -0.121459 0.218082
-0.558243 0.0228905 -0.249534
0.221453 0.0668889 0.241108
0.265463 0.192607 -0.16101
0.841973 -0.188231 -0.164231
-0.279228 -0.0905617 -0.23323
-0.646299 0.090502 0.233364
-0.620426 -0.247529 0.030556
-0.659824 -0.19377 0.157096
-0.415388 -0.13126 -0.212818
0.323444 0.109757 0.225031
0.388846 -0.207888 -0.138345
0.312802 0.146531 -0.203709
-0.0712877 0.0328196 0.247933
0.170639 -0.0286637 -0.248767
0.751938 -0.118785 0.219558
0.118457 -0.208641 -0.1372
-0.214363 -0.0154209 0.249461
0.371254 0.250209 -0.0209208
-0.337377 0.243951 -0.0595004
0.320967 0.217396 -0.125628
-0.00151179 0.125983 0.216436
0.545167 -0.0396997 0.246687
0.184804 -0.248643 -0.0201355
1 -0.00274558 0.0655036
-0.696135 -0.00891852 -0.25032
-0.101485 0.175813 -0.179146
1 0.0485329 -0.00472813
1 -0.183325 0.0351902
-0.39845 -0.133097 0.211144
0.287931 -0.175303 0.177523
-0.856125 -0.18705 0.165061
0.156382 0.162746 -0.191056
-0.783197 -0.184798 -0.168106
0.401841 0.215096 -0.12952
-0.836963 -0.247536 0.030499
-0.726327 -0.103955 0.227001
-0.705643 -0.0725425 0.238995
-0.372435 -0.0797523 0.236664
0.0556258 0.21113 0.135356
-0.518099 0.132634 -0.212977
1 0.0257538 0.0753803
1 0.171781 -0.0214132
0.0748787 0.0598471 -0.243447
0.7499 0.143678 -0.205723
-0.757469 0.230267 -0.100142
-0.0821247 0.156091 0.195989
0.915879 -0.116275 -0.221426
-0.937096 -0.0865854 -0.234751
0.0104854 0.101688 0.228757
0.112334 -0.247745 0.0287672
-0.999596 0.00850418 -0.0548179
-0.899629 -0.22374 0.110191
-0.999596 0.0295268 0.111921
0.0555008 0.212886 -0.133116
0.304901 -0.0918831 0.232186
-0.137498 0.0528869 0.244511
-0.166139 0.116039 0.221883
1 0.146713 -0.00487163
0.63067 0.0279394 -0.249035
-0.473896 -0.19607 0.154209
0.630739 -0.0157596 0.249439
-0.409549 -0.245813 -0.0426784
0.214571 -0.0603978 0.242386
-0.332403 -0.175041 -0.178303
-0.778111 0.0881307 0.234261
-0.0893107 -0.0220605 0.24894
-0.0698536 0.242856 -0.063826
-0.0619781 -0.0291518 0.248187
0.317127 0.241757 0.06735
0.92415 0.21151 -0.135286
-0.345677 0.236003 -0.0857653
0.868949 0.25106 0.00116751
-0.781348 -0.144386 -0.204077
-0.999596 -0.0254156 -0.0635005
-0.754923 -0.0813834 -0.236624
0.482795 0.152974 -0.198936
0.104845 0.00109112 0.249988
-0.550542 -0.0503141 -0.24523
-0.26266 -0.222279 0.113113
0.643871 0.0587993 -0.243699
0.370238 -0.234686 0.0843784
-0.499207 0.000399333 0.249988
-0.287319 0.194312 0.158432
-0.03376 0.142711 -0.206391
-0.0354972 0.221681 0.117393
-0.423315 0.0504117 -0.245545
0.541519 -0.0356847 -0.247833
-0.166664 -0.133172 -0.211618
-0.343037 0.172948 -0.181905
-0.999596 -0.0702208 0.145613
-0.508536 0.241054 -0.0703279
0.0694049 -0.0123195 -0.250164
-0.643505 -0.235181 0.0829887
-0.93807 0.162263 0.190943
-0.544254 0.240378 0.0720841
-0.206084 0.208898 0.138757
-0.611729 0.000226302 -0.250509
0.916908 -0.0505287 0.244664
0.682997 0.135311 -0.211294
-0.236985 -0.17574 -0.17761
0.0852213 -0.0830769 -0.236029
0.0515235 -0.162948 -0.189486
-0.999596 0.0863814 0.0309554
-0.999596 0.093908 0.00884217
-0.390595 -0.236692 0.0785737
-0.464445 0.150712 0.200127
0.949375 -0.23871 0.0722126
0.85876 0.173447 -0.181431
0.787958 -0.0685977 0.240169
0.615141 0.118487 0.220596
0.255286 0.249564 -0.0276166
1 -0.083125 0.05063
-0.146199 -0.244234 -0.0510101
-0.178498 -0.235638 0.0816797
0.0192683 -0.195845 0.154495
0.936391 0.188754 0.164977
-0.46987 -0.192857 -0.15874
-0.212645 0.115318 -0.222777
-0.170572 -0.248065 -0.0263941
-0.828431 0.0770999 -0.238599
0.0324448 -0.111621 -0.223828
-0.485986 0.13694 0.209726
-0.64398 -0.0178266 0.249293
-0.250464 -0.245292 0.0450813
-0.288038 0.125228 -0.217391
0.729779 -0.139357 0.207046
-0.355163 -0.23044 0.0953722
-0.938166 0.246687 0.0463387
-0.929913 -0.222619 -0.112962
0.62015 -0.24902 -0.0146534
-0.940378 -0.204353 -0.143545
0.556379 -0.225282 -0.107521
0.117129 0.181632 0.172741
-0.530194 -0.164143 0.187924
-0.317037 -0.143094 0.20447
-0.444719 0.00858704 -0.250389
1 0.0206428 0.0157193
0.953635 0.244422 -0.0575321
-0.0365213 0.0738163 -0.239625
0.946159 0.125793 -0.217067
0.776881 0.0130134 -0.250212
-0.0962793 0.205759 0.143345
-0.999596 -0.0634193 0.102634
0.582679 0.0318478 0.248057
0.203509 0.0804717 -0.237493
0.376026 0.241637 -0.0682986
0.554225 0.0809722 0.236803
-0.213506 0.250431 0.0175256
1 -0.100302 -0.164649
0.698579 -0.18163 0.171023
-0.149065 -0.0772701 -0.238015
0.738541 0.220903 -0.119364
0.657954 -0.243387 0.0544165
-0.123069 -0.098139 -0.230114
-0.999596 0.142505 -0.0680184
-0.432114 -0.235567 -0.0824064
-0.652639 -0.0534144 0.244042
0.517962 -0.0182499 0.249261
-0.281994 -0.19492 -0.156185
-0.747625 0.0159757 0.249528
0.106402 -0.067332 -0.241052
-0.129566 0.155033 -0.197342
0.224473 0.206269 0.142613
-0.999596 0.0708845 0.105476
-0.561125 0.250721 -0.0133457
0.603897 -0.236315 -0.080223
0.489598 -0.223658 0.110357
-0.925588 -0.214128 0.127895
-0.751515 0.250952 -0.00771812
-0.146493 0.242961 -0.063423
0.866752 -0.192754 0.158344
-0.0652572 0.221434 -0.118378
0.67194 -0.0374187 -0.247571
1 -0.131952 -0.101313
0.310451 0.247613 -0.0416744
-0.944201 -0.188413 0.163499
-0.234131 -0.1818 0.170842
-0.686931 -0.164223 0.187854
0.245387 0.125872 0.2165
0.688973 -0.245391 0.0445387
0.136409 -0.187788 -0.164739
0.563802 0.207685 -0.141077
0.0862837 0.0887922 -0.234535
-0.586054 -0.0545581 -0.244306
-0.412057 0.0159052 -0.250054
-0.533444 -0.225183 0.107208
-0.324427 0.0465216 0.245779
0.467251 0.0938127 -0.232588
0.120511 0.164948 -0.189165
-0.60386 -0.0432644 -0.246597
0.959953 0.0124045 -0.250241
0.932863 -0.0903512 0.232791
-0.503391 -0.152023 -0.198414
0.5823 -0.00164097 0.249976
0.766952 -0.18438 0.168046
-0.643096 -0.171175 0.181519
0.018811 0.20006 -0.151673
0.562701 -0.13157 0.212104
0.0998129 0.250777 -0.0122443
0.489534 0.131997 -0.21337
0.246334 0.141953 -0.206911
0.216648 -0.0421955 0.246264
-0.154615 -0.162729 0.189154
0.542288 -0.247214 -0.0335208
0.245215 0.225718 -0.110001
0.906037 0.238454 0.0781749
-0.360001 0.208118 0.139917
-0.59504 -0.0736236 0.238661
-0.863837 0.249841 -0.0249653
-0.272844 -0.0131134 -0.250121
-0.301765 -0.192914 -0.15867
-0.679921 -0.22307 -0.112064
0.152652 0.251064 -0.000371502
-0.999596 0.0496326 0.175176
0.339699 0.241409 0.0685794
-0.125037 -0.0445761 0.245837
0.611877 0.0868113 0.234748
0.756477 0.176614 0.177838
-0.471496 -0.249401 -0.00433319
0.711382 -0.00516196 0.249917
0.378225 -0.0631227 0.241682
-0.385808 -0.249137 -0.0124453
-0.823367 -0.0650316 0.24117
0.670784 0.0508692 0.244931
0.228963 -0.0971078 0.230034
1 0.0013918 -0.192978
0.629595 -0.241236 -0.0637897
0.611899 -0.234314 0.0854063
-0.686196 -0.0962477 -0.230919
-0.521891 0.126937 0.215882
-0.907104 0.120425 0.219552
-0.727134 0.083551 -0.236437
1 0.0231874 -0.105746
-0.478779 0.145156 -0.204687
-0.142198 0.108768 -0.226027
0.892168 0.206319 -0.143063
-0.783646 -0.189878 0.16179
0.610807 -0.182576 -0.170532
0.0196683 0.0684095 0.240686
-0.552771 -0.237195 0.0770429
0.0539549 -0.248783 -0.0182909
-0.654721 0.0108675 0.249786
0.392209 -0.225228 -0.107633
-0.22214 0.243006 -0.0632533
0.763439 -0.238613 0.0725315
0.525664 0.166873 0.186954
-0.176478 -0.102119 0.227838
0.80212 0.169145 -0.185434
-0.421939 0.125332 0.21681
0.424931 0.152355 -0.199409
1 -0.117855 -0.123552
-0.270025 -0.189873 0.161796
0.83105 0.126316 0.216243
0.829219 -0.189058 0.16275
0.803627 -0.206576 -0.140308
-0.118591 0.107856 0.22594
-0.0110358 -0.243584 0.0535322
0.553335 -0.0202684 0.249098
0.300784 -0.153833 0.196484
1 0.0832006 0.0237571
1 -0.0356668 0.0551305
-0.41425 0.230583 -0.0994119
0.789913 0.0567201 0.243664
-0.837218 -0.238259 -0.0742067
1 -0.0542677 0.149551
1 0.0469779 -0.0744813
0.064527 -0.0415702 0.246373
-0.572453 0.0132075 0.249681
-0.106063 -0.24942 -0.00291029
-0.283623 -0.202877 0.145115
0.254957 0.206114 0.142837
-0.0560651 0.239626 -0.0750505
0.361248 0.16937 0.184708
-0.267077 -0.0551132 -0.244179
-0.179252 0.209804 -0.137913
-0.840466 -0.163193 -0.189273
0.385115 -0.249224 0.00997311
-0.578122 0.242776 0.0636077
0.314187 0.218541 0.123108
-0.584584 0.248791 0.0333894
0.598208 0.0341836 -0.248275
0.562502 -0.182921 0.169638
-0.254923 -0.127292 -0.215233
-0.186918 0.157874 -0.195086
0.630797 0.168537 -0.185985
-0.711138 -0.226464 -0.104992
0.411827 -0.0766645 0.237692
-0.249849 -0.0104065 0.249736
0.842655 0.063235 0.242078
-0.928606 0.216642 -0.126922
-0.138373 -0.108223 0.224984
0.298556 -0.0456554 -0.246157
0.111291 0.09376 0.232087
0.563902 -0.162514 -0.18986
-0.807202 -0.241668 -0.0621178
-0.137268 -0.177442 -0.175899
-0.379534 -0.148297 -0.201233
0.65708 0.245343 -0.0534643
-0.00300278 0.128937 -0.215223
-0.605187 -0.134804 0.210053
-0.863083 -0.244404 -0.050179
0.715011 0.15 -0.201179
-0.00617088 0.211303 0.135087
-0.447925 0.216776 0.126172
-0.880161 -0.00467138 -0.250449
-0.0833367 0.12603 0.216409
-0.89905 0.06286 0.242175
-0.0808878 0.0983113 -0.230736
1 -0.0806907 0.0894128
-0.283737 0.2156 0.128159
0.397138 -0.143454 -0.204738
0.524456 -0.249187 0.0108539
-0.999596 -0.174888 0.0468691
0.918911 0.140993 0.207043
-0.770306 0.152301 -0.19945
-0.745816 0.242296 0.0653989
0.943641 0.174162 -0.180746
0.43589 0.0087646 0.249862
-0.227326 -0.241888 -0.0612497
0.558041 -0.100071 0.228751
-0.550048 -0.0136591 -0.25009
0.152048 -0.145749 0.202578
-0.18654 -0.205334 0.141609
-0.999596 0.0830327 0.131766
-0.727855 0.138529 0.208687
-0.00280038 -0.154976 -0.196102
-0.658442 -0.136107 -0.209728
0.284419 -0.0853937 -0.235191
-0.751485 0.201818 -0.149331
0.820844 0.232412 0.0945393
0.295201 -0.198627 0.150893
0.83535 0.175391 0.179037
1 0.193001 -0.0763318
-0.857546 -0.0318612 -0.248367
0.433089 -0.167344 0.185069
0.595824 0.0538148 -0.244832
0.320221 -0.102001 -0.228412
0.90935 0.174101 0.180284
0.78729 -0.162317 0.189508
-0.570487 -0.0461708 0.245538
0.699273 0.22568 -0.110079
0.147208 0.189105 -0.165098
-0.802609 0.241353 0.0687747
0.490399 -0.0783957 -0.237642
0.677481 -0.236758 0.0783741
-0.397596 0.104143 -0.228181
0.592897 0.000532479 -0.250509
-0.875139 -0.172609 -0.180673
-0.661343 -0.151353 0.198409
-0.453309 -0.246806 0.0359095
-0.386334 -0.24607 -0.0411552
1 -0.0106087 -0.0381462
-0.134963 0.205087 0.144299
0.0635812 0.0300703 0.248272
-0.548166 0.141875 0.206443
0.271699 0.234595 0.089021
0.521771 0.0262628 0.248691
-0.812727 0.180635 -0.174298
-0.161502 -0.220972 0.115648
0.150957 -0.238827 -0.0723465
0.0847169 -0.169535 0.183057
-0.999596 -0.0587524 0.0135602
0.382808 0.177271 -0.177708
0.589926 -0.227359 0.102507
0.316442 -0.237206 0.0770088
-0.738957 -0.248872 -0.0170222
-0.0798706 -0.197136 -0.153361
-0.698064 -0.137535 0.208267
-0.126579 -0.010191 0.249746
0.559153 0.151195 0.199765
-0.887751 -0.0728258 0.238908
-0.00151199 0.202773 -0.148035
0.872256 -0.198122 -0.152077
-0.388691 0.250905 -0.0091627
-0.353694 0.22572 -0.109998
-0.247221 -0.248111 0.0254402
-0.902388 0.23045 -0.0997207
0.174763 -0.132995 -0.21173
0.496562 0.0432724 0.24636
0.0152786 -0.206296 -0.140723
-0.569633 0.0604439 0.24278
0.321141 -0.164531 0.187583
-0.500732 -0.228109 -0.101346
1 0.0976165 -0.153127
0.254991 0.0188986 -0.249855
-0.53657 -0.138272 -0.208297
0.679871 -0.127934 0.214328
-0.628909 -0.131099 -0.212918
-0.999596 0.0548534 0.0891239
-0.16696 -0.217405 -0.122754
-0.601459 0.219032 -0.122758
0.391436 -0.16307 0.188859
-0.955068 0.113346 0.22326
0.919439 -0.062363 -0.242403
0.850928 0.0894566 -0.234284
-0.747919 -0.249423 0.00201489
-0.298685 0.176756 -0.178218
-0.129888 0.215361 0.128559
-0.222344 0.163554 -0.190367
0.542422 -0.131587 0.212093
0.313984 0.0759733 -0.238956
-0.830425 -0.239317 0.0701744
-0.864897 -0.237719 -0.0759316
0.345195 -0.184259 -0.168701
0.9078 -0.246374 0.0387547
-0.0963873 -0.00736848 -0.250375
-0.343089 0.222885 0.115106
-0.927157 -0.248561 -0.0211475
0.346789 0.223546 0.113824
-0.580196 -0.13531 -0.210247
0.857725 -0.229636 0.0972925
0.864147 0.224117 -0.113224
-0.323662 -0.233989 0.0862933
0.366358 -0.00836767 -0.250341
-0.851505 0.213368 -0.132343
0.661791 0.0250288 -0.249335
0.651736 0.0914292 -0.233527
-0.920908 0.209514 0.13783
-0.410457 -0.120739 0.218484
-0.999596 -0.0789213 0.0791972
-0.784117 0.239136 -0.0765989
0.792157 -0.248055 -0.0264969
0.276202 -0.0202903 0.249097
-0.629767 0.112228 0.223819
0.95311 -0.0752949 0.238133
0.477632 -0.234316 0.0854004
-0.736496 -0.248739 0.0183705
-0.161054 0.147454 -0.203045
0.474989 0.124285 0.217408
0.773469 -0.247124 0.0336588
-0.226968 0.0396774 -0.247473
0.111867 0.22697 -0.107397
0.325241 -0.00436842 -0.250456
0.710909 0.064128 -0.242368
-0.875855 -0.249387 0.00455261
0.883655 -0.0675144 -0.241
0.269711 0.006166 0.249931
0.68738 0.0984181 -0.230691
-0.807466 -0.248942 -0.0159464
0.350253 0.246309 -0.0488096
0.294868 0.240722 0.0709377
-0.458278 0.0942039 -0.232431
-0.411091 -0.0785314 0.237076
-0.297773 -0.248998 -0.0150137
-0.310333 -0.0707388 0.23954
-0.255357 -0.151485 0.198307
0.455956 -0.114587 0.221791
1 -0.0693632 -0.198008
-0.599309 0.208149 0.139871
-0.0136247 0.0320753 0.248028
-0.64835 -0.247993 -0.0270737
-0.780735 0.0101953 0.249812
0.701992 -0.229234 0.0982387
-0.0604909 0.00385901 0.24997
-0.0551832 -0.0554023 -0.244113
-0.282106 -0.106925 0.225608
0.381713 0.117899 0.220909
0.44223 0.137563 0.209321
0.691648 0.00659071 -0.250443
0.657496 0.141831 0.206473
-0.846972 -0.249157 -0.0120319
0.196591 -0.237848 0.0750003
0.365862 0.217329 -0.125744
-0.29263 0.249332 -0.0296469
-0.810402 -0.159416 -0.192486
-0.895457 0.0281149 0.248495
0.290751 0.247982 0.0388891
0.242026 -0.0313469 0.247913
-0.0667855 -0.243272 -0.0554523
-0.240834 0.109388 0.225209
0.461842 0.191535 -0.16228
0.762925 0.159695 0.193082
0.0884496 -0.248178 -0.0252956
-0.151248 0.214061 -0.131221
-0.324298 0.134347 0.211385
-0.741123 0.210053 -0.137534
-0.999596 -0.142474 -0.122642
0.517061 -0.0951854 -0.231363
-0.421105 -0.248911 0.0159066
1 -0.0322816 -0.165646
0.0484 -0.227714 -0.102236
0.673274 -0.10501 0.226511
0.752175 0.25038 -0.0187399
0.778578 0.148325 -0.202412
0.498662 0.180968 0.173433
0.364236 0.233316 0.0923003
-0.0886242 -0.214519 -0.127759
-0.537387 -0.130553 0.212734
0.255583 0.243124 0.0622742
1 -0.0865914 0.130761
-0.999596 -0.0350186 -0.135948
-0.0897959 0.00558955 0.249943
-0.228765 -0.0523264 0.244281
-0.802996 -0.206155 -0.140929
-0.0262033 0.251014 -0.00525969
0.831492 0.173323 -0.181549
-0.370106 -0.229518 -0.0980919
0.107691 -0.241342 0.0628628
1 -0.192824 -0.0533569
0.881662 -0.222867 -0.112469
-0.0147843 -0.205032 -0.142568
0.938311 0.167719 0.1862
-0.0617755 0.173051 0.181285
-0.21911 0.173303 0.181046
-0.40017 0.22362 -0.114201
0.205708 -0.00500083 -0.250442
0.89657 -0.0492804 -0.245444
0.611375 -0.0963774 0.230343
-0.678146 0.215334 -0.129125
-0.999596 0.12236 -0.0763266
0.752098 0.0731572 0.239304
-0.430289 0.0727711 0.23942
0.489726 0.250938 -0.00818729
-0.343877 -0.214349 -0.128044
0.635944 -0.194732 0.155899
-0.277505 0.00554706 0.249943
-0.879758 -0.0880971 -0.234182
0.0403116 0.108085 0.225831
-0.00595165 -0.225714 0.106083
-0.659986 -0.104212 0.226882
0.00930182 -0.239357 -0.0705589
-0.400334 -0.184214 0.168229
0.852171 -0.2163 0.124181
0.168245 -0.107897 0.225141
0.62037 0.121489 -0.219492
-0.801573 0.0904625 -0.233901
-0.108023 -0.14302 -0.205043
0.168309 0.0829869 -0.236634
-0.948438 0.0489366 -0.245839
-0.860918 -0.00614312 -0.250412
0.0754189 -0.080967 0.236248
0.6302 0.240146 0.0728476
0.881646 0.193111 0.159884
0.720805 0.198921 -0.15316
-0.618364 -0.235685 -0.0820672
-0.117983 -0.0638948 -0.241998
-0.415012 0.0397332 0.246943
-0.674186 0.122862 -0.21873
0.534385 -0.249022 -0.0146182
0.0315718 -0.21619 0.124373
1 -0.120675 -0.151561
0.269102 0.11529 -0.222791
-0.644066 0.105746 -0.227448
-0.828582 -0.162525 0.189329
0.514207 -0.204647 -0.143123
-0.198082 0.24954 0.0273126
-0.337212 0.250926 0.00804574
0.880972 -0.147205 -0.202039
1 -0.17346 0.0780738
0.581444 -0.0920708 -0.232632
0.116758 -0.162022 -0.190283
0.616238 -0.220227 -0.117585
-0.875718 0.0410529 -0.247253
-0.499097 0.225854 -0.109722
-0.151887 0.176056 -0.178908
-0.181496 -0.224932 -0.108254
0.485283 -0.244074 -0.0517751
0.0209533 -0.247004 0.0345263
-0.301036 0.250777 0.0117167
-0.999596 0.0164184 -0.113001
-0.689598 -0.00678648 0.249873
0.507878 0.129809 0.21418
-0.0624155 0.0493723 0.245232
-0.261149 -0.24922 -0.0105942
0.533947 0.174869 -0.180064
-0.999596 0.184979 -0.035442
-0.232924 -0.0759558 0.237921
0.713269 -0.235185 0.0829754
-0.213862 -0.122029 -0.218283
-0.499062 -0.0197808 -0.24966
-0.894229 0.0230317 -0.249521
0.407023 -0.156825 0.194095
-0.833408 0.0245635 0.248859
0.665584 0.161125 0.191899
0.699739 -0.216261 0.124248
-0.108794 0.244891 -0.0555009
-0.679976 -0.24612 0.0403279
0.00684563 -0.0283418 -0.248805
-0.999596 -0.0150307 0.00485246
0.219572 -0.188391 -0.164045
1 0.113132 0.0743459
0.750388 -0.19488 -0.156235
0.693967 -0.245092 -0.0466728
0.348607 -0.120204 0.21878
-0.400836 0.0992729 0.229806
-0.222026 0.095718 0.231295
0.024002 -0.185479 -0.167351
0.837647 0.0245614 -0.24938
-0.519453 -0.111618 -0.22383
1 -0.114243 0.101024
0.325404 -0.163674 -0.188855
-0.203767 -0.15042 0.199119
-0.334151 -0.249107 0.0125196
-0.856703 0.251036 0.00345581
0.501392 -0.105496 0.226284
-0.0663715 0.230132 0.0999307
-0.482124 -0.137672 -0.208697
-0.481218 -0.203041 -0.145406
-0.57012 0.122737 0.218279
0.814868 0.232597 -0.0946074
-0.236939 0.248598 -0.0352997
0.938166 -0.0207084 0.249061
-0.630689 -0.200516 0.148368
-0.232725 -0.126381 0.215252
-0.103058 -0.177925 -0.175407
0.746376 -0.239692 0.0688834
-0.692808 -0.0518498 -0.244905
-0.319317 -0.249036 -0.0143719
0.568938 -0.241589 -0.0624268
-0.478501 0.0671342 -0.241562
0.878282 -0.0265546 -0.249008
-0.871681 -0.11749 -0.220779
0.604545 -0.0411329 0.246447
0.753426 -0.246807 -0.0364262
0.494792 0.00800165 0.249885
-0.158435 -0.236082 0.0803887
-0.81271 -0.185238 -0.167619
0.167826 0.188065 -0.166278
0.15242 -0.247574 0.0301912
-0.193755 0.0979408 0.230371
0.898836 0.0992894 -0.23032
-0.639207 0.218952 -0.1229
0.616273 0.153791 -0.198308
0.289234 -0.00746844 -0.250372
-0.876469 -0.159134 -0.19272
0.646304 -0.149713 -0.200175
0.269356 0.17979 -0.175167
-0.232898 0.0108926 0.249785
1 0.0722696 -0.149622
-0.0999665 0.221834 -0.117628
-0.235452 -0.228074 0.100904
-0.912365 0.231999 0.0955427
-0.999596 0.0581369 0.0569173
0.608368 0.216199 -0.127673
-0.461497 -0.0937112 -0.23197
-0.064245 -0.220675 0.116215
1 0.167631 0.0966275
-0.909883 -0.248751 -0.0187368
-0.409916 -0.0951129 -0.231393
0.279851 -0.19123 -0.160708
0.82778 0.0552093 -0.244526
0.237165 0.164576 0.188966
0.575585 -0.14435 0.203581
-0.375848 -0.114788 0.221686
0.790249 -0.148168 0.200808
-0.218721 0.0493815 0.24523
0.760434 -0.227816 0.101487
-0.466536 -0.232064 -0.0918678
0.426939 -0.229312 -0.0985772
-0.999596 -0.13959 0.0536952
0.453777 0.0758046 0.238488
-0.502602 -0.177825 0.174988
-0.427354 -0.119906 -0.219466
0.901206 -0.173604 -0.179711
0.845144 0.0614654 -0.243048
0.502054 0.0326798 -0.248472
0.288504 0.0764953 -0.238791
0.453642 -0.244309 0.050123
-0.546632 -0.0739683 0.238553
0.920677 0.227584 -0.106091
0.389315 0.0116946 -0.250273
0.240451 0.0625455 0.242255
0.33779 0.0509412 -0.245438
-0.111064 -0.129686 0.213267
0.334456 -0.070804 -0.240042
-0.665228 -0.0286944 0.248242
0.471184 0.0375352 -0.247801
0.0899219 0.220971 0.118717
0.0564779 -0.0435344 -0.246548
-0.379249 0.200411 -0.15121
0.701309 0.0686464 0.24062
-0.309187 -0.0140732 -0.250066
1 -0.0320323 0.017632
-0.929446 -0.148863 -0.200812
-0.814905 0.00620518 0.24993
-0.707825 -0.213578 -0.129335
0.198007 0.124847 0.217088
0.173535 -0.136742 0.208791
0.528933 -0.226076 -0.105831
-0.611747 0.191434 0.161878
-0.456677 -0.239888 -0.0687172
-0.115544 -0.248228 0.0242796
1 0.0300577 0.190804
-0.0392596 -0.162037 -0.19027
0.424351 -0.136462 -0.209496
-0.0623656 -0.126503 -0.215701
0.0710027 0.249254 -0.0302977
0.400055 0.250973 -0.00699749
-0.426518 -0.0434569 -0.246562
0.245015 -0.139971 0.20663
-0.099265 0.225857 0.109194
0.380975 -0.164272 -0.188331
-0.539677 0.208654 -0.139642
-0.878544 -0.13752 0.208277
-0.044934 0.0821467 0.236403
-0.49004 -0.238891 -0.0721302
0.231476 0.194084 -0.159231
0.480894 0.238067 0.0793368
0.0910331 0.210603 -0.136692
-0.0419345 -0.163768 0.188252
0.309078 0.171582 0.182668
0.153797 -0.0453009 0.245702
-0.490854 -0.115918 -0.221615
0.874437 0.0784772 0.237632
0.909288 0.25047 0.0169695
-0.347336 -0.1276 0.214528
0.569507 -0.247775 0.0285085
-0.73118 -0.0474688 -0.245807
0.80531 0.190208 -0.163829
1 0.0591438 0.0537533
-0.548142 -0.245251 0.0452997
0.152405 0.0103161 0.249808
-0.959503 -0.249304 -0.00830733
0.162759 0.203584 0.146399
-0.614408 -0.225889 0.10571
0.577983 0.128012 0.215251
-0.0491024 0.122604 0.218353
-0.895641 0.164811 0.188762
-0.927529 -0.22968 0.0971882
-0.441696 0.245321 -0.0535639
0.424114 -0.214815 0.126737
0.166591 0.242967 0.0628813
-0.269947 -0.239087 0.070954
0.281975 -0.223789 -0.110612
0.304754 0.155866 0.196166
1 0.0947925 -0.177029
-0.235324 0.000930142 -0.250509
-0.0213036 -0.0929881 0.231742
-0.999596 -0.0774694 -0.151577
0.513545 0.00780436 0.24989
-0.35735 0.161807 -0.191849
0.600573 -0.112362 -0.223454
-0.266568 0.235424 -0.0873406
-0.899174 -0.249399 0.00390768
-0.797828 -0.216512 -0.124331
-0.102106 0.126576 0.216092
-0.277661 0.183406 -0.171389
1 0.104486 -0.0836016
-0.440977 -0.0753872 -0.238625
-0.410174 0.195453 -0.157552
-0.590125 -0.197436 -0.152973
0.70049 -0.242366 0.0587955
0.25084 -0.0974997 -0.230388
-0.283616 -0.0276862 0.24836
-0.739192 0.0307785 -0.248709
1 -0.0571005 -0.00077306
-0.40137 -0.219016 -0.119837
-0.865572 -0.198283 0.151345
-0.24521 -0.0987131 0.229345
-0.7345 0.175254 0.179171
0.663783 -0.248925 -0.0162054
-0.902623 -0.0913609 -0.232915
0.483944 -0.00799816 0.249833
0.444296 -0.109364 -0.224949
-0.448171 -0.201482 0.147049
-0.824602 -0.206192 -0.140875
0.0568215 -0.244509 0.04914
0.672947 0.204386 0.145284
0.437821 0.10592 -0.227367
0.309653 -0.180499 0.172221
-0.873236 0.243256 -0.0622842
-0.27192 0.218195 -0.124238
1 -0.0674625 -0.113372
0.264766 -0.235556 -0.0824387
0.707729 0.246466 0.0474906
-0.323656 -0.218463 0.120328
-0.713412 0.246468 0.0474797
-0.49869 -0.249215 -0.0107281
-0.508622 -0.147169 0.201544
-0.614845 -0.213031 -0.130239
0.910864 0.221219 -0.118779
0.904183 -0.238075 0.0742788
-0.0342265 0.229942 -0.100885
0.0844777 -0.172948 -0.180346
-0.0947793 0.244677 0.0559159
-0.836686 -0.222017 -0.114148
-0.258204 -0.175743 -0.177607
0.0711047 -0.20289 -0.145618
0.201757 -0.24935 0.00621447
-0.46341 0.184554 0.169635
-0.647149 -0.249254 0.00921599
0.169455 -0.0145686 0.249515
0.736988 -0.143971 -0.204372
0.957956 0.154429 -0.197813
0.901382 -0.244901 -0.0476727
-0.497023 -0.247292 -0.03293
-0.000386668 -0.131624 0.21207
-0.00742904 0.183338 -0.171462
0.565122 0.180353 0.174068
0.194907 -0.165279 -0.187443
0.129799 -0.197068 0.152928
0.159084 0.220784 0.119062
0.807884 0.218019 0.124024
-0.812515 0.237627 -0.0811572
0.764657 -0.24886 -0.0172025
-0.948536 0.238075 -0.0798344
-0.940133 0.112739 -0.224085
0.285199 0.244426 0.0569953
0.909769 -0.212859 0.13
-0.574701 0.214332 -0.130778
-0.310646 -0.230285 -0.0962673
0.436147 -0.207014 0.139136
0.137948 0.228501 0.103582
-0.157693 -0.175406 0.17742
0.185845 -0.0397791 0.246674
-0.476299 -0.0267853 0.248461
0.943319 -0.139816 -0.207257
0.822379 -0.24132 -0.0634676
-0.941788 -0.173436 -0.179875
0.569787 -0.185755 -0.167042
-0.458195 0.00601459 0.249934
-0.946497 -0.0928929 0.231781
-0.87086 0.19462 -0.158577
-0.940825 0.210762 0.135926
-0.648449 0.230689 0.0986448
0.617562 -0.212449 0.13067
0.575975 0.246891 0.0452459
-0.601336 0.23572 -0.0865394
-0.404767 -0.239577 0.0692823
0.906314 0.12791 0.215311
0.0531331 -0.211003 -0.133518
-0.401284 -0.202284 -0.146464
-0.999596 0.107391 0.164788
-0.578842 0.148292 0.201915
-0.636858 0.0163419 -0.250027
-0.282908 -0.239367 -0.0705231
-0.252969 -0.151728 -0.198642
-0.230561 0.222733 0.115398
0.726872 -0.216487 0.123853
-0.0872249 0.248915 0.032462
-0.727819 -0.0106666 0.249725
1 0.0831007 -0.00460767
-0.436673 0.194227 0.158536
-0.869175 -0.221305 0.115009
1 -0.104682 0.136645
-0.839171 0.166437 0.187339
-0.288714 0.171332 0.182901
0.351983 0.212846 0.132657
0.833468 0.250757 -0.0126365
0.605492 -0.0652703 0.241105
0.85072 -0.245286 -0.0456362
0.232573 -0.0655443 -0.241551
-0.447197 0.0767746 -0.238702
-0.64986 -0.00317056 -0.250478
-0.188404 0.189912 0.16365
-0.627152 -0.181887 -0.17127
-0.196891 -0.241204 0.0633872
-0.122324 0.0725976 -0.239993
-0.141309 0.250971 -0.00707274
-0.398874 -0.0942402 0.231232
0.785232 0.0761618 0.238376
0.00300705 -0.0334472 0.247632
-0.0344204 -0.174272 -0.17906
0.610254 0.181432 0.17295
0.50054 0.247739 -0.0409183
-0.132672 0.23826 -0.0792801
0.00907594 0.235479 0.0866707
-0.717521 0.194949 -0.158173
0.332685 -0.135699 -0.209994
0.655139 0.250191 0.0206155
0.909846 -0.174501 0.178314
-0.999596 0.163736 0.0449134
0.558806 0.19674 -0.155946
0.452531 -0.099451 0.229023
-0.264725 0.150493 0.200291
0.296181 -0.229252 0.0981961
-0.48325 0.236208 0.0846764
-0.915193 0.00142758 -0.250508
0.595434 -0.220161 0.117187
-0.0409896 0.248574 0.0349487
0.642996 0.218871 -0.123045
-0.0621542 -0.157045 0.193917
0.650656 -0.217939 0.121277
0.583917 -0.0366142 0.247173
-0.544247 0.0389422 0.247067
-0.579113 0.250468 0.0169984
0.756237 -0.246475 0.0381052
0.942958 -0.164397 0.187701
1 -0.0132158 0.0890989
-0.679318 0.249264 0.0296974
0.775499 0.24386 -0.0598708
1 0.112318 -0.0082186
-0.685092 0.227525 -0.106219
0.377752 -0.0399995 -0.247158
0.726111 0.247772 -0.0407151
-0.509916 -0.0795915 0.236719
0.0870504 0.0414755 -0.247184
0.118894 -0.0326786 -0.248258
0.0623011 -0.23608 -0.0809163
0.596349 -0.249184 -0.0114341
-0.195605 0.140342 -0.208002
-0.828633 -0.127897 0.21435
0.264973 0.251062 0.000496002
0.897175 -0.134193 0.210446
0.641102 0.250896 0.00890216
-0.328587 0.0620057 -0.242913
-0.112443 0.0310599 0.248154
-0.722891 -0.1754 0.177427
0.889808 0.154448 -0.197798
-0.0487102 -0.109157 0.224529
-0.828062 -0.0534581 -0.244553
0.662426 -0.24876 0.0180862
-0.502052 -0.199764 -0.149902
-0.741952 0.150797 0.200064
-0.472522 -0.0813802 0.236104
0.653933 -0.166614 -0.186249
-0.331069 0.198349 -0.153899
-0.0444417 -0.242753 -0.0576995
1 0.165207 -0.0992366
-0.691193 -0.229383 -0.0984102
-0.801033 0.00142001 -0.250509
0.516309 0.23741 0.0812709
0.646385 0.142543 -0.206507
-0.771793 0.0323883 -0.248509
1 -0.0299188 -0.11486
0.252768 0.241074 -0.0702588
-0.144713 -0.00679083 -0.250394
0.128027 -0.137931 -0.208525
-0.899635 -0.210022 0.134544
-0.268389 0.0280646 0.2485
0.933292 -0.217583 -0.122436
-0.789812 0.176929 -0.178048
-0.999596 -0.116159 0.00111591
0.88585 -0.237993 0.0745402
-0.206544 0.169489 -0.185121
-0.249544 0.0972855 -0.231167
-0.173383 0.0301244 0.248266
-0.0521748 0.201409 -0.149882
-0.511623 -0.0317969 -0.248375
0.649732 -0.111105 0.223566
-0.752759 -0.188124 -0.164353
0.207539 0.241358 0.0687565
0.533329 -0.118992 0.219446
0.644562 -0.247489 0.0308746
-0.748566 -0.0232128 -0.249353
0.703812 -0.0326546 0.24774
0.861702 0.19958 0.151782
0.339104 -0.142343 0.204996
-0.999596 -0.00594615 0.0682612
-0.437932 -0.0241612 0.248739
0.821558 0.243292 0.0616212
0.451874 -0.0401269 -0.247137
0.897771 -0.206218 -0.140838
-0.0790769 0.0799573 0.237144
-0.999596 0.0218184 0.16142
-0.46313 -0.153737 -0.197081
0.847277 0.0829995 0.236108
0.418509 -0.0400545 0.246628
0.882935 -0.098786 -0.229834
0.0769683 -0.211513 0.132184
-0.0346333 0.246479 -0.0479441
0.956265 -0.245624 0.0432381
-0.933446 -0.246748 -0.0368282
-0.735612 -0.0543957 0.243822
-0.557481 0.205319 0.143971
-0.290217 -0.049224 0.244934
-0.710135 0.0536779 -0.244862
-0.161635 -0.248319 0.0233329
0.207106 0.229946 -0.100876
-0.41683 0.182275 0.172066
0.639058 -0.124323 -0.216974
-0.911449 -0.0396087 -0.247223
0.326272 0.171807 0.182458
0.443082 -0.147799 0.20108
-0.0270296 -0.224883 0.107836
-0.105029 -0.104544 -0.227249
0.400226 0.10858 -0.226117
-0.707685 -0.115558 0.221284
1 -0.0420584 0.137766
-0.179688 -0.0722182 -0.239615
0.718932 -0.249398 0.00398322
0.319011 -0.133609 0.210819
0.466217 0.0897887 0.233637
-0.469174 0.241875 -0.0674487
0.548488 -0.170796 0.181877
-0.957768 0.224768 -0.111927
-0.999596 -0.181191 0.0650652
-0.691133 0.0995652 -0.230201
-0.797921 0.157373 -0.195489
0.786215 0.247223 -0.0439325
0.507308 0.112252 0.223807
0.576775 0.0781026 0.237754
-0.139959 0.0924736 0.232598
-0.222137 0.187755 -0.166627
0.935597 0.114966 0.222436
0.908352 -0.10368 0.227127
0.43673 0.0489522 -0.245836
0.69043 0.23956 0.0747396
-0.369808 0.0107799 -0.250311
-0.8091 -0.130566 0.212727
0.11821 0.218024 -0.124536
0.830054 0.15316 0.198273
0.906458 0.1015 0.228839
-0.594732 0.16003 -0.193328
0.672003 0.0537359 -0.24485
0.2242 -0.128778 0.213819
-0.297833 -0.0273659 -0.248917
-0.105277 0.0964472 0.230994
-0.959097 0.248698 -0.0345882
-0.999596 -0.0124948 0.167441
0.956678 -0.224481 -0.109193
0.9024 0.234752 -0.0891295
-0.864471 -0.197922 -0.15234
-0.58759 -0.147733 0.201129
-0.344334 0.1032 -0.228606
1 -0.157716 -0.042971
0.403877 0.0405273 0.246817
-0.485162 -0.16546 0.186761
-0.83432 0.213853 -0.131558
0.026291 0.163753 -0.190196
0.940913 0.248515 -0.0358871
-0.472548 0.249874 -0.0246291
0.234808 0.250476 -0.017394
0.191969 0.24677 -0.046417
-0.336579 0.211552 0.1347
0.712123 -0.218513 -0.120757
0.522012 0.0665612 0.241197
0.775626 0.196085 0.156245
0.613259 0.183221 -0.171586
0.90308 -0.0754148 0.238095
-0.735818 0.189061 -0.165147
0.216226 0.14342 0.205381
0.501066 -0.167412 0.185007
0.0185567 0.0458426 0.245904
0.582856 -0.247473 -0.0315227
0.569845 0.235705 -0.0865807
-0.31003 -0.102792 0.227533
0.335927 0.25098 -0.00671795
0.542214 0.24855 0.0351191
-0.146883 0.245828 0.0506618
0.172993 0.139025 -0.208881
0.851597 0.238917 -0.0772802
0.389443 -0.120799 -0.218972
0.5206 -0.149046 0.200154
-0.373701 0.0812389 0.236713
-0.775107 0.142307 0.206148
-0.492526 -0.124733 0.216216
0.609322 -0.244999 -0.0471634
0.432973 -0.154789 -0.19625
-0.404622 0.125223 -0.217394
-0.00748102 0.229804 0.100676
0.888601 -0.190555 0.160991
0.537005 0.25103 -0.00436183
0.415509 0.111752 0.224055
0.0562019 -0.246511 -0.038398
0.1173 -0.084935 -0.235359
0.674867 -0.19291 0.158154
0.67157 0.245631 0.0515996
-0.119876 0.23711 0.0821349
-0.395804 0.0305901 0.24821
0.456524 0.251023 0.00422255
-0.0706571 0.198758 0.15285
-0.259947 -0.17562 0.177208
1 -0.142086 0.0692425
0.339273 0.242706 -0.0643932
0.783526 0.0813576 -0.237194
0.278617 0.063335 0.242053
-0.721199 0.166672 0.187132
-0.999596 -0.105578 -0.0151997
0.0141668 -0.0690369 -0.240563
0.44128 0.00988913 -0.250345
-0.999596 0.0538695 0.151081
1 0.0262005 -0.0393885
0.174777 -0.00459712 -0.250451
0.347899 0.0882238 -0.234747
-0.999596 0.111839 -0.0560307
-0.572911 0.091625 0.23293
-0.836249 -0.243814 -0.0529982
0.726028 -0.111181 -0.224049
0.348541 -0.0187205 -0.249746
-0.999596 0.11095 0.113188
-0.153132 -0.242185 0.0595343
-0.230301 -0.24797 -0.0272869
0.589417 -0.0701131 0.239726
-0.626421 0.247643 0.0409749
0.624233 0.0197548 0.24927
0.14714 0.20805 -0.14054
0.661509 -0.24471 -0.0486553
-0.51283 0.0318321 0.248058
0.122665 -0.245657 0.043051
0.849775 0.234782 0.0885302
-0.638172 -0.235412 -0.0828501
0.513295 -0.237173 -0.077631
-0.959136 -0.189787 -0.162419
0.000375546 0.230244 -0.100195
-0.999596 0.138188 0.0596484
-0.868642 0.181217 -0.173695
-0.999596 -0.171901 -0.0204122
-0.33343 -0.179737 0.173018
-0.57747 0.206562 0.142192
1 -0.0262651 0.120412
0.592314 0.194011 -0.15932
1 0.118688 -0.153559
1 -0.0909294 0.106119
-0.491009 0.0350837 -0.248152
-0.358416 0.0752603 -0.23918
-0.578444 0.183273 -0.171531
0.211106 0.241503 -0.0687691
-0.170853 -0.239322 -0.0706771
1 -0.151618 -0.0713598
-0.187081 -0.249159 -0.0119791
-0.640249 0.00230982 0.249984
0.560223 -0.104957 -0.227057
-0.999596 -0.0421626 0.0390482
-0.555539 0.0967233 0.23088
0.938679 -0.19924 -0.150602
-0.923011 0.0795983 -0.237784
0.627054 0.163225 0.190127
-0.760582 -0.150034 0.199412
-0.139088 0.247711 -0.0410876
-0.550239 -0.0378407 0.246985
-0.735698 -0.130616 0.212696
-0.764472 0.247394 -0.0429615
-0.197759 0.190964 -0.162949
0.348775 0.19434 0.158397
0.371065 -0.134107 -0.211022
-0.406035 -0.22889 -0.0995585
0.556983 -0.205132 -0.142423
0.808684 0.150248 -0.200994
1 -0.00801599 -0.0768245
0.40365 0.247679 -0.0412782
-0.801079 -0.0273156 -0.248923
-0.317035 -0.0326724 0.247737
-0.758224 0.242046 -0.0668352
0.557826 0.216146 -0.127764
0.787421 -0.237777 -0.0757481
-0.938205 -0.0265914 -0.249004
-0.448545 -0.127353 0.214675
-0.114191 -0.20531 0.141644
-0.810959 -0.0998976 0.228828
-0.403885 -0.168767 -0.184289
0.864017 0.143677 -0.205723
0.943294 -0.247913 -0.0278114
-0.0306413 0.168194 -0.186295
0.941622 0.210709 -0.136528
-0.517537 -0.0224597 0.248903
0.372291 0.0710196 0.239939
-0.639271 0.164686 0.188871
0.431236 -0.199797 -0.149857
0.178176 0.217078 -0.126175
0.0519842 -0.238016 0.0744671
0.498566 -0.0487694 -0.245548
-0.350948 0.25105 -0.00284508
0.658894 0.0131287 0.249685
-0.600031 0.0434117 0.246336
0.0359357 0.0780636 0.237767
0.0167457 -0.21856 -0.120672
-0.375814 0.0826498 -0.23675
0.0453872 0.0279747 0.24851
0.750593 -0.0117231 0.249674
0.797758 0.249988 0.0229139
0.871113 0.249646 0.0263378
0.148812 0.213207 0.13208
0.367275 0.144745 0.204455
-0.999596 -0.0405197 -0.181945
0.585251 -0.198875 -0.151086
0.123855 0.0812894 -0.237217
-0.223524 -0.248217 0.0243895
-0.333922 -0.124122 -0.21709
-0.892435 -0.22498 -0.108155
-0.94193 0.0237611 0.248934
-0.260139 0.124274 0.217414
0.885464 0.234284 -0.090354
0.306518 -0.249028 0.0139778
-0.746441 -0.235364 -0.0829888
-0.258745 -0.120074 0.218852
1 -0.0985021 -0.116638
0.121833 0.0625462 0.242255
0.272325 -0.0102764 -0.250263
-0.667784 0.102103 0.228574
-0.197213 0.134525 0.211272
-0.223359 0.237659 0.0805446
-0.424434 0.206656 0.142055
-0.344156 -0.240925 -0.0649609
0.787864 -0.146913 -0.202253
-0.371289 -0.100013 -0.229298
-0.662646 -0.151442 -0.198861
-0.632299 -0.0221807 -0.24945
-0.999596 0.17659 -0.0797282
0.360338 0.251024 -0.00473911
0.372011 0.093217 -0.232825
-0.368668 -0.243908 0.0520382
0.290832 -0.210929 0.133115
0.352115 0.0116891 -0.250273
0.840752 -0.23966 0.0689942
0.141859 -0.0726235 -0.239491
-0.546145 -0.0948703 -0.231494
0.0903455 0.224542 -0.112379
-0.46944 -0.247683 -0.0298103
0.35871 -0.245696 0.0428314
-0.244709 -0.104531 -0.227256
0.493776 -0.0158821 -0.249952
0.59456 -0.165745 -0.187028
-0.363578 -0.247313 0.0322517
-0.171127 0.00904426 -0.250374
0.439608 -0.24654 -0.0382102
0.700619 -0.0982227 0.229557
0.462627 -0.24784 -0.0284574
0.417954 -0.110832 0.223702
0.866411 -0.171764 0.18096
-0.593371 -0.245969 -0.0417602
-0.620601 0.160462 -0.192971
-0.356483 0.185488 -0.16914
-0.242499 0.042195 0.246543
0.301181 -0.219514 -0.118918
-0.77614 -0.240449 -0.0667142
-0.999596 -0.0944702 0.0499626
-0.184038 0.113379 -0.223764
0.196427 0.131226 -0.213843
-0.103202 -0.0798711 -0.237145
0.186459 -0.241396 -0.0631747
0.418169 0.211703 -0.134984
-0.917579 0.0483054 0.245441
0.682229 -0.235551 -0.0824517
0.440892 0.180775 -0.174154
0.813022 0.248722 -0.034412
0.761249 -0.05789 -0.243526
0.859472 -0.0904705 -0.233266
-0.48849 -0.221883 -0.11441
0.0710622 -0.0960088 0.230498
0.513483 0.0452906 0.246004
0.743865 0.185766 -0.168835
0.652079 -0.00376874 -0.250467
-0.0434581 -0.240698 0.0652809
-0.849834 -0.248689 0.0190282
0.223804 0.216852 0.126043
0.68403 -0.104451 -0.227292
-0.600937 0.135769 -0.211001
-0.957827 0.204948 -0.145016
0.247605 0.0458735 -0.246419
-0.941952 0.191332 0.161997
-0.327882 -0.239762 -0.0691614
0.140192 -0.134053 0.210536
0.533353 -0.246759 0.0362318
0.172489 -0.237661 -0.0761137
0.173237 0.165352 -0.188813
-0.354135 0.162746 0.190534
-0.353692 -0.164256 0.187824
0.362038 -0.0504811 -0.245195
0.647248 -0.0523762 -0.244791
-0.796703 0.250312 0.0191262
-0.392713 -0.206602 0.139749
1 -0.0662589 -0.166863
-0.650112 0.246646 0.0465522
0.0118152 -0.226475 -0.104968
0.274336 -0.174939 -0.178404
0.846616 0.229842 -0.101113
-0.221787 -0.231209 -0.0940112
-0.668696 -0.23645 -0.0798215
0.0652421 0.134194 0.211481
-0.772947 -0.214771 0.12681
0.0925552 0.043045 0.246399
-0.860722 -0.169503 0.183086
0.197191 0.227236 0.106313
0.308172 0.0656593 0.241441
0.334822 -0.245314 0.0449612
-0.526983 0.16367 -0.190268
0.836731 -0.249013 0.014246
-0.710366 -0.194214 -0.157067
-0.917046 0.104867 -0.227851
1 0.00386348 0.13056
-0.937358 0.249865 0.0242005
0.539184 0.116796 0.221489
-0.567967 -0.248815 0.0173246
0.725277 0.112977 -0.223966
-0.601098 0.105262 -0.22767
0.540014 0.0298844 0.248294
0.211687 -0.209692 -0.135579
-0.373271 0.0490812 -0.24581
0.942018 -0.0866286 -0.234734
0.289677 0.228876 0.102757
-0.434986 -0.248657 -0.0199604
-0.0389651 -0.196015 -0.1548
-0.550919 -0.107028 0.225559
0.730581 -0.0700764 -0.240258
-0.0506509 -0.249296 -0.00855191
-0.0297906 -0.145507 0.202752
-0.999596 -0.0314708 -0.0203126
0.63191 -1.08304e-05 -0.250508
0.590358 -0.192058 0.159189
-0.00407922 0.0648771 -0.242171
-0.619651 0.124229 0.217439
0.47354 -0.221587 0.114463
-0.767692 -0.165266 0.186934
0.538106 -0.104432 0.22678
-0.380426 -0.0762505 -0.238347
0.0230535 0.238852 -0.0774792
-0.78854 -0.0960792 -0.23099
-0.494793 0.0565465 -0.244224
-0.529355 -0.211263 -0.133104
-0.69109 -0.107804 0.225187
-0.647929 -0.228979 0.0988303
-0.348543 -0.194787 -0.156351
-0.382806 0.248207 0.0374409
-0.568944 -0.139479 0.206964
-0.209857 -0.172771 -0.180517
0.913939 0.114991 0.222424
-0.632988 0.203325 -0.147278
0.745129 0.0350313 0.247638
-0.456266 0.0892633 0.233836
-0.132955 -0.221919 0.113818
0.923683 0.223996 0.112941
0.00961074 -0.108843 -0.225204
-0.629739 0.22837 -0.104391
0.299896 0.110472 -0.225204
0.851897 0.174896 0.179518
-0.556563 -0.247414 -0.0319872
0.537448 -0.144975 0.203135
-0.683754 -0.0198912 -0.249651
0.597242 -0.127001 0.214885
-0.999596 0.209944 -0.0156129
-0.147231 -0.0191099 0.249194
0.750842 -0.203197 0.144666
0.671937 -0.143209 -0.20491
-0.958551 0.174424 0.179974
-0.57504 0.0371032 0.247343
-0.0107056 -0.238146 0.074049
0.871976 -0.235417 -0.0828376
-0.764534 0.240381 0.072075
-0.721754 -0.0880696 0.233671
0.405592 -0.245902 -0.0421577
-0.19669 -0.0541769 0.243871
0.849017 -0.0905178 0.232726
0.564923 0.210659 0.136083
-0.999596 -0.0630792 -0.055178
0.620647 -0.203502 -0.144756
-0.12974 0.137641 -0.209791
0.830166 -0.160343 0.191188
0.741743 0.243689 -0.0605639
0.211763 0.248648 -0.0349501
-0.844465 -0.178942 -0.174364
-0.719509 -0.0900996 -0.233411
0.472064 -0.0522124 -0.244827
0.0346532 0.244613 0.0561921
-0.999596 -0.0256282 0.0890257
-0.0779083 -0.220823 -0.116454
0.723887 0.090657 0.233305
0.257752 0.209675 -0.138107
-0.77431 0.214859 -0.129912
-0.0128423 -0.215089 -0.126791
-0.705944 0.0919123 0.232818
1 0.0912779 0.127445
-0.148529 -0.220694 -0.1167
-0.19897 -0.00292064 -0.250481
-0.999596 -0.00999326 -0.0348959
0.164651 -0.169984 0.182638
0.534149 -0.0768144 0.237643
-0.782172 -0.199281 -0.150547
-0.825807 0.169117 -0.18546
-0.427237 -0.170496 0.182159
0.308695 0.232908 0.0933195
0.634625 -0.0481068 0.24516
0.486805 0.0282275 0.248482
0.644483 0.227247 -0.106811
0.136308 -0.238501 0.0728975
-0.00506309 -0.0931153 -0.232212
-0.252972 0.145437 -0.204488
0.870558 -0.248462 0.0217691
0.809571 -0.184185 -0.168782
-0.2158 0.144584 -0.20509
0.389935 -0.0518199 0.24439
0.065492 -0.0649341 0.241196
0.14332 -0.24257 0.0579472
-0.601228 -0.166281 0.186028
0.737515 -0.0352783 0.247372
0.721041 0.250563 -0.0160856
-0.914029 0.0114107 0.249764
-0.0206129 0.239996 0.0733375
-0.452251 -0.175991 -0.177359
-0.446633 -0.242753 0.0571769
0.864004 -0.170791 -0.182403
0.792569 -0.0992352 -0.229639
-0.408608 0.221382 0.117954
-0.718336 -0.128481 -0.214519
-0.999596 0.126892 -0.0386416
-0.358086 0.138521 0.208693
-0.30915 -0.196708 0.153392
-0.588959 0.2494 -0.0290671
-0.923491 0.228957 -0.103098
0.813475 -0.0622608 -0.24243
-0.457683 0.20279 0.147491
0.282919 0.0227514 -0.249546
0.44499 -0.190212 0.161397
0.0842588 -0.246667 0.036851
0.49511 0.111695 -0.224604
-0.670304 -0.244278 -0.0507941
-0.345052 -0.189864 0.161808
-0.641824 -0.159696 -0.192251
-0.339116 0.0151979 -0.250096
1 -0.0371852 -0.130755
0.0568696 0.239953 -0.0739999
-0.719662 -0.203577 0.144129
-0.75049 0.120681 -0.219934
-0.785801 -0.171575 -0.181661
-0.894956 -0.117821 -0.220601
-0.61797 0.0832415 0.236024
0.357479 -0.215808 -0.125556
0.729753 -0.243238 -0.0556032
0.244441 0.149896 0.200735
0.551527 -0.193033 0.158003
0.570681 0.223359 -0.114709
0.816135 -0.0963296 0.230363
-0.014221 -0.184739 0.167651
0.694532 -0.23993 -0.0685696
-0.0820994 -0.249147 0.0117225
-0.169448 -0.0498221 -0.245333
1 -0.103299 -0.0906759
-0.6214 0.0392502 -0.24754
1 0.113972 0.125419
0.944132 0.0541328 -0.244763
0.254499 -0.229319 0.0980386
0.0386715 0.126146 0.216341
0.297667 0.0126644 -0.250229
0.291575 0.172728 -0.182113
1 0.179109 -0.0652595
0.125127 -0.219272 0.118845
-0.736607 0.0979536 -0.230887
0.365827 -0.154128 -0.196773
0.853806 0.152294 0.198934
0.280015 0.17582 0.178618
0.956891 0.236484 -0.0844291
0.300073 0.21751 -0.125431
-0.999596 -0.0887801 -0.177417
0.664952 -0.209915 -0.135232
0.802714 -0.248749 0.0182366
-0.723811 0.0253913 0.248778
0.10984 0.1565 0.195664
-0.807027 -0.0811801 0.236174
-0.429984 -0.146064 0.20235
0.911724 -0.00782589 0.249839
0.763313 -0.243794 -0.0530901
-0.105496 0.0665923 -0.24171
0.166453 -0.241746 0.0612895
-0.544497 -0.125644 -0.216206
0.132313 0.245468 -0.0528866
0.695589 -0.00074722 0.249983
-0.587396 -0.248867 -0.0170952
0.237779 0.233538 0.091742
-0.349834 -0.231007 -0.0945111
0.233517 -0.167388 -0.18555
0.364656 -0.151589 0.198228
0.275361 0.131312 -0.21379
-0.596198 0.245127 -0.0544474
0.736431 -0.24399 0.0516531
-0.433247 0.108625 -0.226095
0.860347 0.244599 0.0562527
0.44688 0.238919 -0.0772735
-0.0679353 0.0209863 -0.249695
0.92228 -0.121403 0.218113
0.911098 0.0565013 -0.244235
-0.422717 -0.247114 0.0337311
-0.549788 -0.24799 0.0265804
-0.439048 -0.0309566 -0.248484
0.322584 -0.0464952 0.245475
-0.787181 -0.230243 -0.0963668
-0.629478 -0.223056 -0.112092
-0.534436 0.011005 -0.250302
0.359398 -0.238934 0.0714658
-0.457563 0.109161 -0.225839
-0.999596 -0.0179909 -0.113062
0.821514 -0.203427 -0.144862
-0.94178 0.211574 -0.135187
0.224726 -0.216055 0.124606
-0.0468574 0.152757 0.198581
0.486768 0.154066 0.197574
-0.318628 -0.171959 0.180774
-0.945165 -0.0618661 0.242011
-0.12034 0.233236 -0.0930235
0.0871856 -0.249415 0.00276931
0.392989 0.00940683 0.249841
0.143666 0.111107 -0.224894
-0.0590512 0.184382 0.169821
-0.893528 -0.0446137 0.24583
0.682439 -0.0624228 -0.242387
-0.999596 0.114609 0.146764
0.0246467 0.00632617 0.249927
-0.879251 -0.0369782 -0.247639
-0.899347 -0.131193 0.212338
0.0679721 -0.00710855 0.249863
0.851655 0.00283544 0.24998
-0.378802 0.14321 -0.206047
0.265531 0.249436 0.0282326
0.915827 0.0184432 0.249366
-0.493107 -0.0927622 -0.232355
0.236063 -0.111186 0.223525
-0.522048 0.16688 0.186948
-0.999596 -0.0692826 -0.122391
0.600995 -0.165243 0.186954
0.699835 -0.248577 0.020431
0.816469 0.251063 1.69764e-05
0.0517904 -0.0860963 -0.234932
0.0536588 0.172185 0.182103
0.754185 0.242981 0.0628278
-0.193766 -0.244402 -0.0501913
-0.667041 -0.203928 0.143631
-0.999596 -0.139461 0.0195828
-0.349746 0.250098 -0.0222222
0.482236 -0.230175 -0.0965317
-0.214601 -0.19757 -0.152799
-0.758485 -0.247988 -0.0271222
0.730844 -0.189258 0.162518
0.0354881 0.0453883 0.245986
0.0995424 -0.05279 0.244179
-0.66773 0.244843 -0.0557092
-0.675784 -0.227039 0.103214
-0.295698 0.239701 0.0742919
-0.189834 0.209629 0.137657
0.0758442 0.132894 -0.212815
0.957165 -0.242803 -0.057484
-0.00391134 -0.0568936 -0.243764
0.838842 0.205338 -0.144464
0.319756 0.210586 0.136196
0.515702 0.110907 -0.224992
-0.999596 0.0390875 -0.0225897
0.267318 -0.249421 -0.00281339
-0.295187 0.107345 -0.226702
-0.882269 0.251039 0.0032549
0.677423 0.22588 0.109148
0.865274 -0.203475 0.144273
-0.581987 0.236003 0.0852441
-0.281408 -0.221887 -0.114401
1 0.0780501 -0.109376
-0.27744 0.240199 -0.0731963
-0.574049 -0.161694 -0.190564
-0.00572498 -0.167472 -0.185473
0.371356 -0.0113664 0.249691
0.150862 -0.0261044 0.248536
-0.120503 0.248036 -0.0390686
-0.163051 -0.0888689 -0.233887
0.10596 -0.198667 -0.151362
-0.335515 0.0141814 0.249631
0.327024 -0.181805 -0.171358
-0.602119 0.199241 -0.152746
-0.189895 0.249505 -0.0281443
-0.534928 -0.0900562 0.232906
-0.685455 -0.12971 -0.213773
-0.280171 -0.167302 0.185107
0.338013 -0.219607 -0.118745
-0.848386 0.000993577 0.249988
0.834464 0.0820446 -0.236959
-0.999596 -0.0376922 0.169361
-0.556049 -0.224505 -0.109144
0.135164 0.189283 0.164373
-0.425346 -0.210904 -0.133675
0.88929 0.127466 -0.216094
0.320646 0.244231 -0.0583399
0.956257 0.242017 0.0664183
1 -0.0997005 0.0738266
0.125337 0.171372 0.182864
0.0575337 0.239488 0.0749704
0.306093 -0.208233 -0.137822
0.559298 -0.15894 0.19236
1 0.184753 0.0328155
0.645542 0.231897 0.0957893
-0.0616222 -0.205985 -0.14118
0.589456 0.218887 -0.123017
-0.321361 0.1958 0.1566
-0.298052 0.0748455 -0.239308
0.473671 -0.249017 0.0141708
0.026369 0.24976 0.0252534
-0.999596 -0.075902 0.113017
-0.446822 -0.224931 -0.108257
0.894634 0.221037 -0.119117
0.643971 -0.0878454 0.233756
-0.724802 -0.229078 0.0986022
-0.455669 -0.233741 0.0869634
-0.118023 0.158531 0.194033
1 -0.0489468 0.169567
-0.275295 -0.204703 -0.143043
-0.211533 0.000748205 0.249988
1 -0.0789668 0.158362
0.483243 0.196857 -0.155798
-0.512691 0.0512375 0.244856
-0.637716 -0.206368 -0.140616
0.553676 -0.0767784 -0.238176
0.647373 -0.202291 0.145933
0.887047 0.00399838 0.249968
-0.0162809 0.0603009 0.242815
-0.0305559 0.217837 -0.124863
-0.738652 -0.113422 0.222392
0.485382 0.0634934 0.242012
-0.223197 0.250794 -0.0118697
-0.999596 0.142031 0.0906088
0.952055 -0.11439 -0.222414
1 0.0431973 0.109043
-0.169667 0.195709 -0.157234
-0.427949 -0.10421 -0.227404
-0.565637 -0.229762 0.0969958
1 0.210067 0.0161046
0.575598 -0.238103 0.0741869
-0.927371 0.15516 -0.197242
0.58153 -0.0876923 0.233814
-0.408259 -0.0359301 -0.247797
-0.807452 0.114903 0.222468
0.0826977 -0.188685 0.163184
0.391026 -0.190096 0.161534
1 -0.0898906 -0.138514
0.55723 0.0797933 -0.23772
-0.592048 -0.0760327 -0.238418
-0.547845 -0.237163 -0.077663
0.522949 0.134812 0.21109
-0.240928 0.0751625 0.238689
1 0.132199 -0.102115
0.859466 -0.127465 -0.215129
-0.282514 0.0814653 0.236636
-0.127062 -0.234605 -0.0851239
1 0.0891066 0.0975914
0.0503193 -0.199021 0.150371
-0.581839 -0.231383 0.0930599
-0.999596 -0.0638426 -0.182523
0.372612 0.242577 0.0643572
0.0172359 -0.237508 0.0760721
-0.588651 0.0984774 0.230144
-0.119072 -0.158572 0.192664
0.903876 0.199 0.152537
0.0103449 -0.0661619 0.240859
-0.555866 0.24879 -0.0339185
-0.900309 -0.247452 -0.0316922
0.250849 0.18574 0.168343
0.0938603 0.24614 -0.049659
-0.818921 0.0571729 -0.244081
0.829118 0.184862 -0.169823
-0.240738 0.182413 -0.172442
0.515323 -0.208147 0.137432
0.159685 -0.191136 -0.16082
-0.781813 -0.104037 0.226963
-0.324856 -0.246639 -0.0375586
-0.518491 -0.238139 0.0740732
-0.999596 0.0687437 -0.0817903
0.921992 0.183069 -0.171747
0.241624 -0.244879 0.0472674
0.6276 0.192524 -0.161108
-0.880068 0.250163 -0.0214716
-0.678866 0.159906 0.192909
0.291845 -0.172466 -0.18081
1 0.109908 -0.0684018
-0.883963 0.214021 0.130765
-0.132489 0.0845078 -0.236099
0.51756 0.194138 -0.159165
-0.999596 0.0394974 -0.0556586
-0.309174 0.251055 -0.00229535
0.798951 0.0239474 0.248917
-0.797406 0.206854 0.141768
0.886929 0.102725 0.228297
0.892013 -0.177901 0.174911
-0.793997 0.245242 -0.0539261
0.194835 -0.0883944 -0.234068
0.372416 0.0395741 -0.247489
-0.0815125 -0.102379 -0.228242
-0.999596 -0.115685 0.0680373
0.914378 -0.237601 -0.0763007
0.929399 0.240736 -0.0714093
-0.476239 0.089631 0.233697
-0.999596 0.0656803 -0.191559
-0.922425 0.148948 0.201435
-0.999596 -0.0459157 -0.00784113
-0.959021 -0.242206 -0.0599717
0.468458 -0.0699563 -0.240294
0.665787 -0.1361 0.209212
0.877684 -0.0179242 0.249286
0.129044 0.215047 0.12908
-0.150543 0.0620867 0.242371
-0.500719 0.212131 0.133792
-0.738471 0.0808131 0.236857
0.155957 0.238231 -0.0793675
0.529821 0.213139 -0.13271
-0.39403 0.0723641 -0.240063
0.24951 0.0267225 0.248643
-0.999596 -0.106982 0.126426
-0.935187 0.122682 0.218309
-0.999596 0.0748346 -0.00163138
-0.830477 0.115499 0.222163
-0.0700266 0.246826 -0.0461181
0.665987 0.250655 -0.0145476
-0.87892 0.234624 0.0889447
0.895589 0.251045 0.00275799
0.0444195 -0.230968 0.0940845
0.806696 0.02534 -0.249305
-0.880926 0.214998 -0.129683
-0.819273 -0.247392 -0.0321629
-0.657887 0.214798 0.129492
-0.549254 -0.223914 0.109836
0.750853 -0.182958 0.169597
-0.912914 -0.0426187 0.24619
0.208798 -0.12319 -0.217624
0.817119 -0.119842 -0.219501
0.178665 0.199107 -0.152919
0.48385 -0.247272 0.0325579
0.0334236 -0.0898201 0.232998
0.941169 -0.214291 0.127622
0.23207 -0.236905 0.0779281
-0.369559 0.242307 0.0653593
0.708947 0.0835225 0.235925
-0.768993 0.107216 -0.226763
0.247332 -0.230838 -0.0949247
0.679584 0.215641 -0.128612
-0.585076 0.128649 -0.215395
-0.681003 0.0711459 0.239902
0.382368 -0.2448 -0.0481955
0.849812 -0.243975 0.0517224
-0.127254 -0.131497 0.212149
-0.166441 -0.212934 0.129877
-0.804648 -0.248592 0.0202505
-0.0216682 0.00362716 -0.250493
0.626357 0.0993363 -0.2303
-0.560323 0.219469 -0.121977
0.607192 0.00751595 0.249898
-0.115388 -0.24758 -0.0306673
-0.247598 0.251036 -0.00400681
0.889064 0.12979 0.214192
0.145663 -0.145313 -0.203413
0.0476822 -0.239658 -0.0695208
-0.441955 0.0436227 -0.246821
0.620806 0.0757605 -0.239023
-0.318769 -0.246055 0.0407236
0.175349 0.0239329 0.248918
0.736451 0.1553 0.196612
0.485598 0.206166 0.142762
0.37763 -0.105101 -0.22699
-0.203062 0.224545 -0.112374
0.729922 -0.173927 -0.179396
0.393037 -0.232851 -0.0898422
-0.550123 0.215227 0.128781
-0.290736 -0.214923 0.126553
-0.448161 -0.208467 -0.137467
-0.605275 0.251063 -0.000744027
0.445839 0.0926647 -0.233044
-0.999596 -0.0254658 0.108427
0.568949 -0.118828 0.219535
-0.0679362 0.0434831 -0.246845
-0.262294 -0.248051 -0.0265279
0.636818 -0.192857 -0.158739
-0.099553 -0.120189 -0.219309
0.76739 0.251015 -0.00520302
1 -0.0808479 0.175352
0.49684 0.0555643 -0.244447
0.714116 -0.178977 0.173806
0.826667 -0.0125863 0.249629
0.832088 -0.24552 -0.0443444
-0.999596 0.0378543 -0.197068
-0.313776 -0.211992 0.131412
-0.212112 -0.192805 0.158282
-0.512723 0.192416 0.160716
-0.866236 0.0266447 -0.249173
-0.709649 0.216148 -0.12776
-0.595481 0.148163 0.202009
-0.618415 -0.0665185 -0.241281
0.943988 -0.152737 -0.197862
0.64888 0.250468 -0.0175132
-0.730198 -0.165703 -0.187066
-0.765777 -0.117159 -0.220956
0.887527 0.249424 -0.0288627
-0.907353 0.138635 0.208618
-0.400466 0.15834 0.194188
0.201912 0.189246 -0.164937
0.622759 0.0977006 0.230472
1 0.136729 -0.032992
0.243945 -0.20745 -0.139005
-0.953599 -0.179562 0.1732
-0.103235 -0.231681 0.0923144
-0.686438 -0.039899 0.246654
-0.632159 0.250891 -0.00954828
0.463309 0.0190582 0.249322
-0.525452 -0.226616 -0.104661
-0.614164 -0.235956 0.0807582
0.518332 -0.0597116 0.242558
1 0.0561261 -0.137575
0.699507 0.151245 0.199728
0.84157 -0.136502 -0.20947
0.294453 -0.1229 0.217269
-0.395278 -0.23004 0.096333
-0.461464 0.0620026 -0.242914
-0.958217 0.246073 0.0494686
-0.411015 0.241907 -0.0673364
0.0357526 0.248844 -0.0335169
0.190476 -0.180767 0.171938
0.0110067 0.179599 -0.175363
-0.386118 -0.0190996 -0.249716
0.699204 -0.188536 -0.163878
0.539427 -0.122044 -0.218275
-0.999596 0.0896259 -0.171874
0.168848 0.102354 -0.228984
0.437456 -0.0560801 -0.243956
-0.179793 -0.104368 -0.227331
0.243789 -0.22143 0.114768
0.583928 -0.217109 -0.12328
-0.0386352 0.196256 -0.156552
-0.441286 0.129681 0.214257
-0.569929 0.227058 -0.10721
0.946352 0.223777 -0.113893
-0.0803207 0.235488 0.0866466
0.60222 0.246654 -0.0470313
0.162093 -0.0841827 -0.235632
0.399133 -0.204808 0.14237
0.0822848 0.200612 -0.150944
-0.361117 -0.155469 -0.195708
-0.673631 -0.0131059 0.249601
-0.999596 -0.19237 0.00357718
-0.477885 -0.228511 0.0999092
0.807561 0.127072 0.215803
-0.267503 0.101055 -0.229556
0.249698 -0.0452964 0.245703
0.177812 0.245045 -0.0548141
-0.562032 -0.206636 -0.14022
0.202399 0.102941 -0.228722
0.515443 -0.127349 -0.215199
0.22473 0.107322 0.226192
-0.221557 0.209768 -0.137967
-0.999596 -0.0224903 0.0542306
0.806906 0.126841 -0.216459
0.141224 0.0302337 0.248253
-0.782266 0.160515 -0.192927
0.768088 0.0151967 0.249575
-0.421687 0.251054 -0.00247722
-0.284761 0.246744 0.046034
-0.269126 0.24947 -0.028456
-0.999596 -0.0525004 0.201516
-0.999596 0.0253147 0.0761685
-0.709036 0.191974 0.161241
-0.0592218 -0.246975 0.034734
0.719101 -0.225084 -0.107937
0.244454 -0.247174 -0.0338182
0.466422 -0.170607 0.182055
0.39066 -0.0660519 -0.24141
1 0.186749 -0.0971399
0.276809 -0.22196 0.113738
-0.695945 -0.249004 0.0144069
-0.0862508 0.248196 -0.0380362
0.294857 0.00987897 0.249824
0.0237021 0.168303 0.185675
0.80639 -0.0914319 -0.232887
-0.212924 -0.236476 0.0792224
0.452786 -0.24848 0.0215683
-0.00767596 -0.119451 0.219195
0.190659 -0.245277 0.0451596
-0.999596 0.0825022 0.181716
-0.799072 -0.0112428 0.249697
-0.255155 0.224519 0.111905
0.75289 0.0431851 -0.246896
-0.113126 -0.195925 0.154394
0.571138 0.247693 -0.0411971
0.402932 -0.197839 -0.152448
0.332972 0.183285 0.170997
-0.53089 0.0556471 0.243907
0.568498 0.201594 0.149112
-0.944479 0.228565 0.103442
0.473177 -0.0339234 0.247565
1 0.0210812 0.127032
-0.348828 -0.249431 0.000824169
0.393637 0.233198 -0.093118
1 -0.183031 -0.0663237
-0.328075 -0.0238888 -0.249287
0.322493 -0.0632715 0.241643
-0.847755 0.235356 -0.0875227
0.650228 -0.231379 0.0930699
-0.170984 -0.245949 0.0413541
-0.0578558 0.249674 -0.0265955
-0.0119769 0.249905 0.023791
0.594324 0.150921 0.199971
-0.958191 -0.248204 -0.025038
-0.772864 0.139397 -0.208634
-0.0870295 -0.0744292 -0.238929
0.82252 0.214937 0.129262
-0.132928 0.178726 0.175728
0.7569 0.249838 0.024473
-0.255886 0.248956 0.0321518
0.762412 0.213602 0.131443
-0.458019 -0.215933 -0.12534
0.286201 0.110284 0.224775
0.189661 -0.189791 -0.162414
0.433984 -0.0741566 0.238494
0.0236107 0.114801 -0.223042
0.594074 -0.1445 0.203475
-0.999596 -0.122985 -0.0787854
-0.00202328 -0.218673 0.119945
-0.5155 -0.0931951 -0.23218
0.581134 0.185593 0.168504
-0.999596 -0.042108 0.0751742
0.525274 0.024233 -0.249411
0.113688 -0.23488 0.0838364
0.661782 0.23857 0.0778225
0.211115 -0.0126615 0.249625
-0.668134 -0.248606 -0.0206027
-0.463414 0.224105 -0.113247
-0.685617 0.214121 0.130602
-0.942036 0.244594 -0.0567972
-0.425488 -0.0623139 -0.242416
1 -0.199381 0.0187651
-0.853758 0.0955431 -0.231887
0.600053 -0.238449 0.0730679
-0.713777 0.241282 -0.0695416
-0.999596 -0.0945711 0.0159171
-0.851311 0.179014 -0.175958
-0.264576 -0.192047 -0.159724
0.702544 -0.198597 0.150932
-0.188888 0.231334 0.0971321
-0.72305 0.0423909 0.24651
0.550953 0.172816 -0.182029
0.65127 0.211548 0.134705
0.335621 0.208983 0.13863
0.361151 -0.242663 -0.0580779
-0.820377 -0.22117 -0.115789
0.147918 -0.230215 0.095915
-0.356797 -0.0994822 0.22901
0.577329 0.21817 0.123761
0.373428 -0.208922 0.136249
0.509091 -0.0911056 0.232495
-0.198751 -0.138118 0.207879
-0.428649 0.227793 0.105122
0.246838 -0.0751329 0.238185
0.577835 -0.180346 0.172382
0.310351 -0.035273 0.247372
1 -0.0161991 0.152193
-0.799793 0.234244 0.0899341
0.871104 0.0541712 0.244234
0.555789 0.133986 -0.212133
-0.0865742 -0.0559526 -0.243986
-0.427005 0.249385 -0.0292006
0.528613 0.236419 -0.0846113
-0.614731 -0.247056 -0.034679
-0.881355 0.00933323 0.249843
0.722856 0.142479 0.20603
-0.544709 -0.207044 0.139091
1 0.155595 0.0318421
-0.450149 -0.249379 0.00498946
0.904015 0.154312 0.197383
0.287587 0.206735 0.141941
-0.864452 -0.0166216 0.24938
0.502223 -0.247788 0.0283904
0.506283 -0.249187 0.0108454
0.427083 -0.0939071 -0.23189
1 -0.0633439 0.0925397
-0.582238 -0.0230393 0.248849
0.0726981 -0.203033 0.144896
0.220379 -0.248953 -0.0157669
-0.525965 0.250386 0.0181431
0.163742 -0.172131 -0.181131
-0.493606 0.249928 0.0235572
-0.0831589 0.213464 -0.132187
-0.447868 0.23533 -0.0875926
-0.137043 0.0779128 0.237816
0.338158 0.0354333 -0.248103
-0.113914 -0.0806503 0.236357
-0.947693 -0.0490252 -0.245496
0.468674 0.244987 0.0545514
0.0956143 -0.147697 -0.201677
0.40161 0.0446796 -0.246635
-0.496602 0.0244686 0.248868
-0.999596 -0.0274038 0.140497
0.331767 0.0552042 0.244006
0.792466 0.225739 -0.109959
-0.554771 0.111602 -0.22465
-0.0504595 0.235654 0.0861979
-0.402576 0.0666954 0.241161
0.636312 0.203265 0.14684
0.612871 -0.220403 0.116732
0.603719 0.169524 0.184569
-0.953445 0.0339079 -0.248311
0.930972 0.235064 0.0877848
-0.289976 -0.245368 0.0446673
-0.139825 -0.0932202 0.231648
0.490015 0.225641 -0.110158
0.817466 -0.249393 -0.00480316
-0.0234073 -0.0658798 -0.241458
0.0990926 0.0844978 0.235582
0.174847 -0.151988 -0.198441
0.373098 0.2378 0.0801283
1 0.103412 0.157131
0.24741 -0.241938 -0.0610506
-0.999596 -0.0450139 0.133165
-0.714949 0.249454 0.0280809
-0.631934 0.0360502 0.247495
-0.406223 0.1388 0.208508
-0.678865 0.198904 -0.153182
0.0486614 0.199547 -0.152346
-0.916936 -0.209878 -0.13529
1 0.0599548 -0.0393599
0.12153 -0.0255343 0.248597
0.35652 -0.249384 -0.00524208
-0.498704 0.148995 0.2014
0.70814 0.0949006 -0.232149
0.368581 -0.0849943 0.234816
-0.708396 0.116672 0.221554
0.818691 -0.245212 0.0455103
0.116622 -0.237604 -0.0762912
0.629692 -0.104206 -0.227406
-0.419849 -0.0263411 0.24851
-0.90307 0.159199 -0.19401
-0.999596 0.100867 -0.0956952
-0.999596 -0.0848032 -0.0690214
-0.433713 -0.133154 0.211108
-0.36808 -0.0638904 -0.241999
-0.885775 0.204231 -0.146021
-0.413402 0.137374 -0.209965
0.52635 -0.15793 -0.193715
0.227339 -0.0848162 -0.235402
0.887611 0.14897 0.201418
-0.471889 -0.247235 0.0328425
-0.348311 0.248392 0.0362075
-0.827974 0.0703047 0.240147
-0.999596 -0.0430726 0.114458
0.610786 -0.151596 0.198222
-0.115368 -0.184738 -0.168172
-0.851227 0.247437 -0.0427113
-0.827834 -0.00789529 0.249836
-0.0308253 -0.248342 0.0230923
-0.942616 -0.239855 0.0683117
-0.318618 0.241175 0.0693932
0.395527 -0.0256381 -0.249107
-0.464598 -0.109654 -0.224807
0.614168 -0.18658 0.165593
0.346573 0.0279744 0.24851
0.0799739 0.0135392 0.249664
-0.999596 0.0384516 0.0111561
-0.0876213 0.18552 -0.169105
0.765755 -0.0418091 0.246331
0.582422 -0.213542 0.128873
-0.0351188 0.23843 -0.0787683
-0.668967 -0.0856336 0.234582
0.533238 -0.173329 0.179457
0.349247 -0.0898523 -0.233507
-0.774024 0.0510393 0.244896
-0.884391 -0.0649999 -0.2417
-0.467367 0.221715 0.117331
0.765679 0.214358 -0.130736
0.0911926 0.246312 0.0482745
0.792493 -0.230825 0.0944349
-0.414203 0.214321 -0.130796
0.610061 0.0544157 0.24418
0.777283 0.181537 0.17284
0.769583 0.171294 -0.183458
0.132759 -0.165865 -0.186921
0.500889 0.202572 0.147789
0.224341 -0.198228 0.151418
1 0.0674193 -0.193549
0.0522593 0.170989 -0.183742
-0.925451 -0.119389 -0.21975
0.779722 -0.044857 -0.246306
0.164466 0.173152 0.18119
1 -0.0107795 -0.113021
0.651272 0.034917 0.247654
-0.822779 -0.0821073 -0.236371
0.102599 0.250207 0.0204331
0.959873 0.166137 0.187604
-0.465253 0.249833 0.0245313
-0.534504 0.247225 0.0434028
-0.856006 -0.151647 0.198182
0.251525 0.17422 0.18017
-0.252619 0.0272738 0.248585
-0.810547 0.142602 0.205945
-0.279302 0.0228793 -0.249535
0.881954 -0.159898 0.191561
-0.897911 0.186796 -0.167699
0.546906 0.171225 0.183001
-0.793615 0.223449 0.114013
-0.0820778 -0.113025 0.222595
1 0.142704 -0.0698378
0.48493 -0.103808 0.227068
-0.631111 -0.114008 0.222091
0.00264641 -0.207101 0.139007
0.938724 0.0705806 -0.240588
0.462988 0.158849 0.193775
-0.677307 -0.0647395 0.241249
-0.140122 -0.245759 0.0424668
0.397239 0.231659 0.0963591
-0.596837 -0.11656 -0.221275
0.66406 0.178205 0.176254
0.134166 0.250195 -0.0210969
-0.201893 -0.146865 -0.202288
0.208781 -0.185715 0.166566
0.544155 -0.212572 -0.130991
-0.443115 0.247028 0.0444989
1 0.0756777 0.130576
0.262959 0.0383227 0.247161
0.727318 0.169793 0.184322
-0.621136 0.155909 0.196132
0.25758 -0.128339 -0.214605
0.880257 -0.0919748 0.23215
0.94739 0.00875622 0.249862
1 -0.023243 -0.0552586
1 0.0314619 -0.00259052
0.227542 0.243705 -0.0605
0.307844 -0.162016 -0.190289
-0.720707 0.207283 0.141144
-0.393399 -0.0565574 0.243323
-0.999596 0.185877 0.0500562
1 0.135543 0.015105
0.714733 0.0271173 0.248602
-0.51067 0.175592 -0.179362
0.560926 -0.0842964 0.23507
0.212108 -0.22608 0.1053
-0.938609 -0.244874 0.0472953
0.0924223 -0.238735 -0.072651
-0.639225 0.240024 0.0732473
-0.024884 -0.167198 0.185201
-0.640977 -0.0797436 0.236667
-0.63579 -0.0431733 0.246092
-0.3696 -0.222768 -0.112667
0.37008 -0.196071 0.154207
-0.193586 0.161002 0.192001
1 -0.144426 0.132702
0.335183 0.104197 -0.228156
-0.322789 -0.101457 -0.228657
-0.588038 -0.115246 0.221447
-0.685772 -0.182429 -0.170689
0.724841 -0.0010053 -0.250503
0.870461 0.117204 0.221275
0.908252 -0.0260991 0.248537
-0.575778 0.238154 -0.0796003
-0.999596 0.156811 -0.0552611
-0.950924 0.0415876 0.246644
0.00662649 0.152747 0.198589
1 0.0769348 0.159984
0.484093 0.0937102 0.232107
-0.295064 -0.0811989 0.236167
-0.389404 -0.248746 0.0182768
-0.618147 0.236387 0.084179
-0.665374 -0.00402572 -0.250462
-0.337606 -0.0139973 0.249549
-0.415135 0.247741 0.0403846
0.612523 0.20425 -0.145996
-0.368262 -0.215403 0.125732
-0.291563 -0.249432 0.000569222
0.0745844 -0.243531 0.0537734
0.500918 -0.241935 0.0605416
-0.708722 -0.214738 0.126867
0.803655 -0.219668 0.11811
-0.199323 -0.128896 -0.214269
-0.199594 -0.216545 0.123752
0.410306 0.195751 -0.157182
0.1014 0.160912 -0.192597
0.847588 0.195593 0.156857
-0.999596 -0.080407 0.00118641
-0.489877 -0.232275 0.0908077
0.0258686 -0.162243 0.189573
0.45602 0.245794 -0.0513432
-0.614516 -0.0207412 0.249058
0.436166 -0.124262 0.216489
-0.0648862 -0.155684 -0.195536
0.371461 -0.137921 0.20801
0.35245 -0.164293 -0.188313
-0.0590291 -0.0663344 0.240811
-0.0305813 -0.234478 0.084954
-0.221997 -0.147891 -0.201534
-0.863045 -0.137723 0.208142
-0.745356 0.248445 -0.0363676
0.497373 -0.228873 -0.0995975
0.410837 -0.0380664 -0.24747
-0.354656 -0.24883 -0.0176316
0.113757 -0.132607 -0.211975
-0.298807 0.235681 -0.0866459
-0.178788 0.0683292 -0.24123
-0.499148 0.176741 0.177713
-0.999596 0.184416 0.0724757
-0.236173 0.220954 -0.119269
-0.999596 -0.115152 -0.0528894
0.329422 0.235575 -0.0869337
0.159853 -0.0480656 -0.245689
0.575316 0.014295 0.249625
0.57162 0.13699 -0.210215
-0.872673 -0.188897 0.162938
0.364746 -0.0806472 -0.236879
0.24361 -0.224198 -0.109775
-0.862166 0.124004 0.217567
-0.395089 -0.246127 0.0402873
1 0.0326431 0.0510184
-0.158685 -0.248906 -0.0165028
-0.750967 0.191135 -0.162749
0.126412 -0.0460979 0.245552
-0.235546 0.239979 -0.0739151
-0.785694 0.196705 -0.155989
0.00026174 0.248898 -0.0331114
-0.999596 0.109984 0.0764884
1 0.0972669 -0.0492787
0.560571 -0.201298 0.147302
1 0.19443 0.00287203
0.850891 0.150314 -0.200945
0.133401 0.23662 0.0835265
-0.702875 -0.0243581 0.248719
0.476977 0.0805074 -0.237481
-0.65666 0.203957 0.145882
0.796469 -0.11503 -0.222081
-0.249339 -0.0262079 -0.249046
0.884222 -0.239004 -0.0717528
0.105669 0.0555513 -0.24445
1 -0.110409 -0.00419928
-0.999596 -0.117766 0.0334986
-0.999596 0.0479664 -0.11082
0.408369 -0.0948876 -0.231486
-0.764056 -0.223303 -0.111597
0.193367 -0.247156 -0.0339488
1 -0.156886 -0.107963
0.721505 0.0295315 -0.248856
-0.712458 -0.0316711 -0.248392
0.631769 0.0435049 -0.246841
-0.492564 0.217713 -0.125078
0.367581 0.189313 0.164339
-0.999596 -0.0649482 -0.0892983
0.159614 0.00675584 -0.250439
0.835543 -0.151823 -0.198569
1 0.0787814 -0.0631433
-0.36994 -0.0167513 0.249371
0.649786 0.0749698 -0.23927
0.109831 -0.229366 -0.0984502
-0.343201 0.180046 0.174384
-0.857787 0.210981 0.135587
-0.85949 0.0579978 -0.243888
0.358307 -0.200974 -0.148267
0.942411 0.250684 0.0135264
-0.540212 0.250928 -0.00850103
0.592244 -0.112344 0.222942
-0.151777 -0.110123 -0.224575
-0.286129 0.225521 0.109882
0.791362 0.0477022 -0.246078
0.114128 -0.183775 -0.16923
-0.908626 -0.154249 0.196156
0.72906 -0.0840564 0.235157
-0.88308 0.0372475 0.247322
-0.524894 0.215601 -0.128679
0.547719 -0.228662 0.099563
-0.906777 0.242904 0.0631211
0.33736 -0.168905 0.18364
0.921252 -0.186856 0.165281
0.83264 -0.231317 -0.093744
0.403028 0.195863 0.156522
0.773539 -0.141599 0.205513
0.0506507 0.0783716 -0.238188
-0.742692 0.168852 -0.185701
-0.584059 -0.245893 0.0416893
0.744974 -0.0306434 -0.248524
-0.485878 -0.183248 -0.169805
0.630675 0.12436 0.217365
0.923999 0.243742 0.0598281
-0.328841 0.119257 0.220184
0.682736 0.162039 -0.191654
0.674584 0.235507 0.0865963
-0.784693 -0.0301222 -0.24859
-0.184237 -0.159124 0.192208
0.0503804 0.247326 -0.0433488
-0.448223 0.251047 -0.00312079
-0.782638 -0.0088225 0.249802
0.634954 0.0582531 0.243307
0.646407 0.124969 -0.21754
-0.81998 -0.12107 -0.218821
0.0302294 0.234114 -0.0907915
-0.49067 -0.245312 0.0449688
-0.710422 -0.168184 0.184303
0.745647 -0.133685 0.210771
0.575533 -0.0237963 0.248775
0.790846 -0.186101 0.166133
0.926705 -0.248333 -0.0237117
-0.0943962 -0.192107 -0.159651
0.781373 0.214767 0.129542
0.892848 0.0738446 0.239095
-0.740029 -0.105142 -0.226971
-0.999596 0.10586 -0.164042
-0.567928 -0.192823 0.15826
1 0.122939 -0.0398352
0.443504 -0.242936 -0.056915
-0.569082 -0.189728 -0.162489
-0.840421 0.243123 -0.0627987
0.691142 -0.00878944 -0.250325
-0.0418124 0.201404 0.149367
0.860806 0.138966 0.208399
0.297262 0.0551242 0.244024
-0.999596 -0.121384 0.0823264
0.768678 -0.013716 0.249566
0.1918 -0.229129 -0.0990044
1 -0.0902144 0.0237484
-0.349848 0.0902228 0.233471
0.696213 -0.208429 0.137003
0.405904 -0.211348 -0.132967
0.363445 -0.228828 -0.099702
-0.0609802 0.180375 -0.174566
-0.46091 -0.139289 0.207092
-0.0122222 0.0283012 -0.248995
1 -0.0496493 0.0310813
-0.562322 -0.00089865 0.249982
-0.838745 0.1227 -0.21882
0.257423 0.200758 -0.150751
-0.207959 -0.240245 -0.0674495
0.688563 0.251021 0.00433674
-0.446727 -0.130594 -0.21323
0.543691 -0.192032 -0.159742
-0.267392 0.245092 0.054083
0.296888 0.249909 0.0237493
0.379461 0.206618 0.142111
-0.511061 -0.224239 0.10917
-0.84876 -0.245536 -0.0442536
0.854628 -0.225689 -0.106658
-0.201352 -0.235515 -0.0825552
0.942906 -0.194905 0.155683
0.14885 -0.249116 -0.0128704
-0.306253 -0.248889 0.0162376
-0.086229 0.19888 0.152693
-0.582275 -0.238546 -0.0732718
-0.0425238 -0.00682109 -0.250393
0.193627 -0.199857 0.149256
0.215579 0.160296 0.192587
0.936577 -0.176043 -0.177308
0.372526 0.245651 -0.0520269
-0.00400196 0.0201806 0.249238
1 -0.195252 0.0539049
0.281633 0.106143 -0.227264
0.778244 0.04111 0.246723
0.725368 -0.225608 0.106309
0.379924 0.0198063 0.249266
-0.528916 -0.244788 0.0477333
-0.440542 0.249888 0.0239709
-0.760239 0.175101 -0.17984
-0.208982 0.236603 -0.084097
0.0979221 0.183598 -0.171183
0.119283 0.250781 0.0116231
0.0860088 -0.0454594 -0.246194
0.536262 0.250812 0.0109523
-0.230972 -0.161334 -0.19087
-0.658775 0.0827298 -0.236723
0.654521 0.0839124 0.235789
-0.215838 0.10179 -0.229233
0.898237 -0.120131 -0.219341
-0.247281 0.189566 0.164048
1 -0.0137755 0.186293
-0.83687 -0.149902 0.199512
0.912137 0.247654 0.0409104
-0.267004 -0.248654 0.0194783
-0.237321 0.137087 0.20963
0.305631 0.033296 0.247871
0.312721 0.247253 0.0432446
-0.116642 -0.243408 -0.0548438
1 -0.153455 0.00295904
-0.607402 0.171883 -0.182908
1 0.141093 0.0741651
-0.566832 0.246896 -0.0457436
-0.87887 0.128362 0.215044
-0.0957615 -0.150428 -0.199635
1 0.165969 0.0537574
-0.39075 -0.211157 -0.133274
-0.679414 -0.235044 0.0833756
-0.167018 0.173581 0.180782
0.123988 0.00561443 0.249942
-0.802694 0.0532636 0.24443
-0.256429 0.250297 -0.0198305
-0.266189 0.238841 0.0769929
-0.25235 -0.197073 0.152922
-0.431931 -0.183862 0.168615
0.75625 -0.180689 -0.172541
-0.652547 0.0529955 -0.245009
-0.0012722 0.216126 -0.127798
0.567779 0.0581058 -0.243863
0.937791 0.0373494 -0.247828
-0.999596 0.153975 0.0605348
0.194642 -0.161425 0.190272
0.863322 -0.12322 0.217086
-0.269496 0.176048 0.178395
-0.300131 0.0875951 0.23446
-0.999596 0.126492 -0.107224
0.550082 0.232265 0.0948975
-0.999596 0.161471 0.114975
0.0512209 -0.125947 -0.216029
0.831694 0.0923101 0.232662
-0.999596 -0.146885 -0.0909694
-0.627895 -0.245053 -0.0468798
0.765124 -0.110867 -0.224206
0.389375 -0.246833 0.0357269
0.546645 0.24285 -0.0638503
0.0897712 0.125015 0.216992
0.367979 0.0640553 -0.242387
-0.187988 -0.23125 0.093389
0.267093 -0.210159 -0.134851
-0.0824194 -0.220756 0.11606
-0.703712 0.179248 -0.17572
-0.0596846 -0.231501 0.0927649
0.0771242 -0.248473 0.021644
-0.535603 -0.242891 -0.0571108
0.629713 -0.150021 -0.199943
0.130026 -0.227549 0.102083
-0.0242796 -0.0964641 -0.230828
1 0.106806 -0.0373511
-0.642454 0.219751 0.120948
-0.489931 0.106553 -0.227073
-0.373059 0.185313 0.168809
-0.228408 -0.22113 0.115346
0.32689 0.249708 0.0257557
0.218622 0.028668 -0.248954
0.613634 0.23302 -0.0935633
-0.825813 0.214292 0.130323
-0.356674 0.197241 0.154792
0.171644 -0.195305 0.155179
-0.999596 -0.00549799 0.152244
0.210071 -0.239759 -0.0691698
0.87917 0.159861 0.192946
-0.7285 -0.149119 0.2001
0.585058 0.236114 -0.0854575
0.325015 -0.244311 -0.0506373
0.06051 -0.177372 -0.17597
-0.367703 -0.177724 0.175092
-0.754486 -0.224071 0.109515
-0.374639 0.247894 -0.0399615
0.345837 0.238422 -0.0787918
0.878497 -0.218273 0.120674
0.542658 0.248848 -0.0334863
0.26819 0.168787 0.185238
1 0.0306978 -0.152195
-0.882664 -0.248215 -0.0249299
0.108147 0.244257 -0.058228
0.771731 -0.213512 0.128923
0.877838 -0.187661 -0.164886
-0.434285 0.201021 -0.150401
0.803338 0.250908 -0.00907301
0.690463 -0.229116 -0.0990337
-0.43673 0.0492613 0.245254
1 -0.131629 0.0163112
-0.834788 -0.0435557 0.246023
0.548081 0.192138 0.161047
-0.938059 0.0818928 -0.237011
0.1982 0.00358042 0.249973
-0.68242 0.245717 -0.0517137
0.477463 0.247302 -0.043485
0.458084 -0.145639 0.202657
-0.643513 -0.105886 0.226101
-0.999596 -0.0902247 -0.0330524
-0.832893 -0.191952 0.159317
0.730083 0.0404127 0.246835
1 0.0152299 0.0434359
0.591283 -0.014608 -0.250034
0.835162 0.227725 0.105268
-0.831434 -0.233118 0.0886215
0.418974 -0.124399 0.216409
-0.734686 -0.0103062 -0.250262
0.958066 -0.242032 0.0601543
-0.0573369 -0.0707776 -0.24005
-0.331961 -0.195682 -0.155223
0.339284 0.14553 0.203901
-0.603973 -0.16408 -0.1885
0.184016 0.155704 -0.196815
0.112554 0.247475 0.0419666
-0.283528 -0.165633 -0.187128
-0.676997 0.229063 0.102341
0.858219 -0.153089 -0.197587
0.142882 0.168044 -0.18643
-0.729787 -0.242168 0.0596054
0.922725 -0.132183 -0.212241
-0.999596 -0.146208 0.0741593
0.154863 0.146094 -0.204021
-0.604526 -0.249291 -0.00872253
-0.448662 0.250354 -0.019094
-0.0511825 0.229209 -0.102538
-0.310132 0.215924 -0.128138
-0.949133 0.251062 0.000531514
0.133649 0.111655 0.224103
0.750401 0.133584 0.211864
-0.209371 0.180225 -0.174721
0.653955 0.226738 0.107365
-0.00955976 -0.249433 -0.00102392
-0.480981 -0.204089 0.143402
0.283716 -0.0734881 0.238703
1 0.204143 0.0301112
-0.476204 0.232059 -0.095918
0.928145 -0.13983 0.206726
-0.65042 0.140198 -0.208099
-0.664828 -0.249206 0.0104154
-0.999596 -0.16096 -0.0669429
0.499541 -0.0782149 0.237181
0.714513 0.214198 -0.130998
0.391716 0.155595 -0.196901
0.109491 0.228947 0.102599
1 0.0495917 0.0236254
-0.999596 0.0669066 0.12014
0.22292 0.0323991 0.247987
-0.776321 0.181996 -0.172881
-0.631356 0.175488 -0.179464
0.762165 0.227214 -0.106881
0.36435 0.165627 -0.188572
0.639233 -0.218013 -0.121663
-0.7211 -0.237264 -0.0773498
0.393236 0.25097 0.00658009
-0.999596 -0.0331271 -0.203685
-0.754189 0.0389566 -0.247585
0.147842 0.244782 0.0554552
-0.742909 0.247923 0.0392602
-0.622991 -0.245243 0.0453432
-0.329654 -0.238447 0.0730765
-0.318918 0.0820781 -0.236947
-0.657351 0.231254 -0.0978432
-0.696731 -0.0858656 0.234497
0.465611 0.168978 -0.185586
0.268423 -0.0677013 0.240426
-0.999596 -0.120095 -0.0350655
1 -0.114403 0.0638102
-0.999596 0.0348064 0.204779
-0.538997 -0.154649 0.19584
-0.13272 0.0169598 -0.249988
-0.427282 -0.0941499 0.231269
-0.423612 0.0931158 -0.232865
0.272506 0.211596 -0.135152
-0.470675 -0.213601 0.128776
0.667026 -0.217185 0.122623
-0.593976 0.243056 0.0625396
0.876394 -0.137252 0.208454
-0.627114 0.213697 -0.131811
-0.656092 0.0477978 0.245538
0.571676 0.103893 -0.228294
-0.469112 -0.176219 0.176611
0.4112 -0.243713 0.0529411
0.931901 -0.235264 -0.0832725
-0.320299 0.171625 0.182629
0.334235 0.166266 -0.188012
-0.420712 0.233542 0.0917322
-0.104207 -0.0484413 -0.245614
0.658285 0.184244 -0.17049
-0.538754 -0.0769056 -0.238134
-0.942679 -0.248961 0.0151135
0.653267 0.200836 -0.150647
-0.240685 0.242347 0.0652136
0.740627 -0.223471 -0.111257
0.190236 0.0690074 0.240518
-0.181484 -0.164629 -0.188018
-0.561299 -0.0607086 -0.242829
0.835224 0.209169 0.13835
-0.173154 -0.0696029 0.239876
0.161985 0.20972 -0.13804
-0.999596 -0.000258735 0.206758
0.482152 -0.117829 -0.220597
-0.999596 -0.0999472 -0.0847512
0.955018 0.251061 0.000901803
0.320542 0.251063 -0.000722479
-0.569805 0.0539369 -0.244806
0.779724 0.12495 0.217029
0.703421 0.054099 0.24425
0.701885 -0.172585 -0.180696
0.120389 0.0162381 -0.250034
-0.571952 -0.0836212 -0.235834
0.747594 -0.165023 0.187149
0.644208 -0.186414 0.165781
1 0.146825 0.134892
0.426913 0.242921 -0.0635773
0.819179 -0.232982 0.0889766
-0.515484 0.0753002 -0.239167
0.47328 -0.157312 0.193699
0.576102 0.112638 0.223615
-0.452341 -0.0869308 0.2341
0.452806 -0.210585 0.133658
-0.706966 0.228453 0.103689
0.326858 -0.249432 -0.0012307
-0.303187 -0.114176 -0.222525
-0.69452 -0.209789 -0.135428
-0.731546 0.240418 0.0719525
-0.999596 -0.119506 -0.107257
0.552072 -0.234766 0.0841561
-0.999596 0.0342594 0.033791
0.120432 0.0451046 -0.246559
0.657372 -0.0369693 0.247119
0.617982 0.219332 0.121701
0.419237 0.244001 0.0587737
-0.703734 0.107169 -0.226785
0.732116 0.247789 0.0400892
0.931543 -0.227725 0.10169
-0.21026 -0.249383 -0.00530025
1 -0.0982004 -0.181324
-0.0498559 0.251058 0.00137187
0.866047 -0.245254 -0.0458088
-0.999596 -0.0550256 -0.0424016
0.807328 -0.234454 -0.0855413
0.92098 0.15977 -0.193542
-0.508327 0.0757787 0.238496
0.444881 -0.169746 -0.183382
-0.0739117 -0.134782 -0.210589
-0.0266018 0.0628554 -0.242697
1 0.0508997 -0.169989
-0.587798 -0.219981 -0.118047
-0.908327 0.248691 -0.0346422
0.672021 -0.224505 0.108621
0.296913 0.229483 -0.101924
0.911823 -0.224577 -0.108994
0.263203 -0.0958248 0.230575
-0.933709 -0.14474 0.203303
-0.509883 -0.175807 -0.177543
-0.465127 0.250983 0.00607723
-0.761168 -0.0619366 0.241993
0.380202 0.248912 -0.0330038
-0.0864695 -0.231527 0.0926988
-0.720919 0.251064 -0.000244808
-0.369102 0.244493 -0.0572272
0.662547 0.144199 -0.205359
0.938536 -0.0226697 -0.249405
-0.0738306 0.219369 0.121634
0.194174 0.108784 0.225498
0.0255436 0.100893 0.229106
-0.375638 0.230528 -0.0995389
-0.258692 -0.0405461 0.246546
0.958594 -0.238786 -0.0724809
0.403047 0.223368 -0.114692
0.213886 0.128797 -0.215307
0.801535 -0.138641 0.207529
-0.809372 0.11345 -0.223728
-0.9302 0.243171 0.0620931
-0.649282 0.120822 0.219336
1 -0.147511 -0.148069
0.391567 0.241943 -0.0672058
-0.58972 0.0102457 0.24981
0.407539 -0.115073 -0.222059
0.100776 0.182419 0.171915
0.856552 0.243866 -0.0598468
0.654054 -0.11592 -0.221614
0.638593 0.00485148 0.249956
0.115574 -0.249379 -0.00548865
0.494989 0.00793998 -0.250408
-0.884252 0.228425 0.103749
-0.0921562 -0.236642 -0.0792461
-0.999596 0.0706661 0.152135
-0.589984 0.112116 0.223874
0.246843 0.236787 -0.0835768
0.612571 -0.204302 0.143097
0.0746416 0.235054 0.0878112
0.924711 -0.155792 0.194928
0.372871 -0.235236 -0.0833532
-0.785222 0.131332 -0.213778
-0.999596 -0.088389 0.171451
-0.619738 0.120426 -0.220073
0.529564 -0.205409 0.1415
-0.601963 0.171803 0.182462
-0.67093 0.092402 -0.233147
0.0518686 -0.0575649 -0.243604
0.496282 0.158255 -0.194778
0.0492205 0.250831 -0.0110449
0.742389 0.0713454 -0.240364
0.19217 -0.0653008 0.241096
-0.125782 -0.18554 0.166761
-0.0775789 0.1161 -0.222372
-0.216581 -0.0907838 -0.233143
0.438421 0.222507 -0.116351
-0.0832966 0.231929 -0.0962327
-0.336685 -0.22315 -0.111903
0.727844 -0.0233697 0.248817
0.0230295 0.187285 -0.167154
0.384409 0.111163 -0.224866
0.737877 0.00652689 0.249923
0.921518 -0.240655 0.0654422
0.691432 0.015713 0.249544
0.395719 0.167422 -0.186986
-0.8835 -0.207802 0.137954
0.693968 -0.127206 -0.215284
-0.0856626 -0.248256 -0.0245091
-0.597804 0.225384 0.110163
-0.0256704 -0.0795016 0.236749
-0.999596 -0.108382 0.154479
-0.0564747 -0.0972468 0.229975
0.666038 -0.151078 0.198619
0.882894 0.170831 0.183367
-0.958658 0.0726046 -0.239991
0.20733 0.234627 0.0889369
0.787231 0.233305 0.0923285
0.430098 -0.0265028 0.248493
-0.0650982 -0.247442 -0.0317711
-0.530894 0.0931889 -0.232836
-0.618378 -0.0132989 -0.250111
-0.360387 -0.202425 -0.146268
-0.0418682 -0.174829 0.177991
0.26417 0.160788 -0.1927
0.904479 0.250709 -0.0135784
-0.339568 -0.216384 0.124034
