ply
format ascii 1.0
element vertex 8203
property float x
property float y
property float z
end_header
0.0960511 -0.174938 0.529531
-0.157827 0.534396 -0.996424
0.432617 -0.27469 -0.522917
-0.174471 0.533852 -0.0350863
-0.153882 0.533905 1
-0.173602 -0.243338 -0.996999
-0.173784 -0.276385 -0.140222
-0.0730235 0.176926 -0.521114
0.432527 -0.222651 0.0548885
-0.0730562 0.485494 0.482805
-0.0710978 -0.146745 0.999126
-0.0730235 -0.035173 -0.619577
-0.156849 0.530514 1
0.432241 -0.276385 0.406864
-0.16223 0.534396 0.0882649
-0.172394 -0.276385 0.944489
-0.174471 -0.275104 0.0412894
-0.162027 0.534396 -0.9949
0.432617 -0.2723 -0.996443
0.432617 -0.267324 -0.255916
0.419577 -0.195414 1
-0.0730235 0.103711 0.494365
-0.0733804 0.489679 -0.455154
-0.0730235 0.140567 -0.147681
-0.171066 -0.276385 -0.996684
-0.170182 0.534396 0.550379
-0.0730235 0.127197 0.913494
0.0658417 -0.276385 0.603728
-0.0737478 0.130508 -0.996999
0.216191 -0.174938 0.0789947
0.251993 -0.276385 -0.625404
0.0197675 -0.276385 -0.305169
-0.174471 0.202501 0.180002
-0.174471 0.2849 -0.709961
-0.174471 -0.207208 0.375167
0.130355 -0.174938 -0.920421
0.12123 -0.174938 0.898113
0.361046 -0.174938 0.694641
-0.174471 -0.108125 0.689874
-0.174471 0.173967 -0.42892
-0.174471 0.418669 -0.184559
-0.0730235 0.377548 0.772133
0.0963504 -0.276385 0.319967
-0.174471 -0.272554 -0.509867
-0.174471 -0.0763644 -0.296398
-0.0730235 -0.051417 0.166658
-0.0730235 0.417669 0.319162
-0.0554392 -0.276385 -0.753319
-0.110092 0.532524 -0.741871
-0.174471 -0.061849 -0.853906
0.238621 -0.174938 -0.391604
0.432573 -0.276385 -0.000360878
0.0203756 -0.174938 -0.0744247
-0.174471 0.169652 0.702064
0.420144 -0.192349 -0.77122
0.22809 -0.276385 -0.134289
-0.0730235 0.319938 0.00388199
-0.174471 -0.0450209 -0.0445427
0.233731 -0.174938 0.479571
-0.174471 0.309114 0.505165
0.432617 -0.25096 -0.486775
-0.0730235 0.343162 -0.906771
-0.174471 -0.275734 -0.189027
-0.173497 -0.0577972 1
0.403667 -0.179849 0.205521
0.0462835 -0.276385 -0.530291
-0.174471 0.310262 0.985368
-0.0730235 0.111185 -0.777662
0.022564 -0.276385 0.122403
-0.174471 -0.000392825 0.342734
-0.145571 -0.276385 0.571179
-0.0484146 -0.276385 0.777604
0.293617 -0.276385 0.859479
-0.0730235 0.323403 -0.330368
-0.0730235 -0.0970723 0.514776
-0.0730235 0.306074 -0.540004
0.108508 -0.174938 -0.718085
-0.0730235 0.101152 0.0442253
-0.0730235 0.227298 0.34126
-0.0730235 0.00798841 -0.433504
0.28462 -0.276385 -0.876481
-0.174471 0.534168 0.811248
-0.0730235 -0.0568742 0.841264
-0.174471 0.121478 -0.612423
0.174097 -0.174938 0.716933
-0.0733456 -0.118873 -0.996999
0.278842 -0.276385 0.302326
0.00200421 -0.274855 1
-0.174471 0.444079 -0.59867
-0.174471 -0.176152 -0.661527
-0.0541179 -0.168683 -0.428662
-0.136216 -0.276385 0.216407
-0.0753966 0.499006 -0.0607818
-0.174471 0.378361 0.171878
-0.174469 0.534396 -0.315636
-0.0730235 0.0312781 0.661549
0.00833931 -0.276385 -0.992718
-0.0242417 -0.276385 0.44613
0.367529 -0.174938 -0.126397
0.351959 -0.276385 0.557359
0.14357 -0.174938 -0.24644
-0.174471 0.200156 -0.879837
-0.174471 0.0961417 -0.279302
-0.0730235 0.401059 0.605705
0.254468 -0.174938 0.999323
-0.0730235 -0.0278423 -0.175457
-0.174471 0.253296 -0.211815
-0.174471 0.533341 0.252022
-0.0730235 0.0926371 0.245578
-0.0296983 -0.174938 0.307243
-0.174471 -0.0957508 -0.508448
-0.174471 -0.252457 -0.348509
-0.174471 0.203475 -0.0394904
-0.174471 0.267893 0.829992
0.375987 -0.174938 -0.618768
0.168812 -0.174938 -0.534828
0.125565 -0.276385 -0.00171267
-0.174471 -0.2193 -0.841592
0.265194 -0.174938 -0.746844
-0.0730235 0.228393 0.594783
0.306092 -0.174938 -0.995078
-0.0730235 0.420301 0.925457
-0.169489 0.00548309 -0.996999
0.115762 -0.174938 0.199311
-0.174471 0.0592132 0.814704
-0.174471 0.371811 -0.440096
-0.174471 0.451121 -0.859655
0.432617 -0.271593 0.792109
-0.0373774 -0.174641 0.662248
-0.0655989 -0.157783 0.0521155
0.281774 -0.276385 -0.282951
-0.0113467 -0.174938 -0.859548
-0.136545 0.534396 0.399968
-0.047664 -0.171988 -0.217968
0.0801172 -0.174938 0.488772
0.330803 -0.276385 0.114422
-0.0162644 -0.174938 -0.629394
-0.174471 -0.186748 0.818893
-0.174471 0.0156321 -0.720814
-0.0730235 0.388444 -0.756076
0.385334 -0.175054 -0.362492
0.214673 -0.276385 0.61385
-0.174471 0.318907 0.676273
-0.10002 0.528505 0.680842
0.128352 -0.276385 -0.406927
-0.174471 -0.11971 0.254938
-0.174471 0.0546244 0.144544
-0.174471 0.0104735 0.548507
-0.0684587 -0.153087 0.953328
0.0987816 -0.276385 0.791868
0.07604 -0.276385 -0.165594
0.150882 -0.276385 -0.814406
-0.0730235 -0.097423 -0.752253
-0.0836324 -0.276385 -0.0733548
-0.17142 0.286424 -0.996999
0.147158 -0.276385 0.997785
-0.174471 0.141841 0.398504
-0.174471 -0.129942 -0.162409
-0.0730235 0.421042 0.463172
0.282242 -0.276385 -0.484883
0.20446 -0.276349 -0.996999
-0.0730235 0.324799 -0.141877
-0.174471 0.325281 0.354321
-0.0730235 0.027453 -0.895029
-0.174471 0.417622 -0.00148096
0.338431 -0.174938 0.378898
-0.0730235 0.183279 -0.324635
0.191408 -0.174938 0.346602
-0.0730235 0.208978 -0.651446
-0.0730235 0.131494 -0.514297
-0.174471 0.171853 0.998889
-0.0730235 0.293937 0.214671
0.207892 -0.276385 0.179676
-0.0730235 0.473365 0.180628
0.339361 -0.174938 0.00803116
-0.0730235 0.453247 -0.27183
-0.0730235 0.257085 -0.800751
-0.173098 -0.276385 0.716106
-0.174471 0.0517857 -0.137271
-0.174471 -0.0873669 0.0854449
0.38093 -0.174938 0.86855
0.153388 -0.174938 -0.0845046
0.404562 -0.180285 -0.903055
-0.0730235 0.177031 0.789943
-0.174471 0.141668 0.570814
-0.0730235 0.221795 0.0978089
0.158893 -0.276385 0.436038
-0.0730235 -0.0751288 0.384781
0.279521 -0.276385 0.728607
-0.0730235 0.0141738 -0.300151
-0.0740897 0.0277904 1
-0.101563 -0.276385 -0.619832
-0.174471 0.0347099 -0.512334
-0.0758603 0.436643 -0.996999
0.255333 -0.276385 -0.00605909
0.0859007 -0.174938 0.0723373
-0.0730235 0.268365 0.916579
-0.174471 0.408384 0.846184
0.00688757 -0.174938 0.838658
0.40451 -0.180259 0.489548
0.121379 -0.276385 -0.639807
0.275361 -0.174938 0.21974
0.356292 -0.276385 -0.698977
-0.120929 0.534318 -0.182893
0.267629 -0.174938 -0.205303
-0.0730235 0.0321411 -0.0622807
-0.0299796 -0.174938 0.176953
0.0692348 -0.174938 -0.455521
-0.174471 0.229342 -0.546546
0.432617 -0.272759 0.659231
-0.174471 0.32643 -0.829635
-0.174471 -0.170485 0.500249
-0.174471 -0.170184 -0.0317671
-0.0730235 0.0685472 0.373588
0.30012 -0.276385 0.441221
-0.0730235 0.24582 0.468953
-0.080876 -0.276385 -0.901476
-0.174471 0.295528 0.0725484
0.419509 -0.276385 0.283066
-0.174471 0.080836 -0.844851
0.325734 -0.276385 0.998141
0.230046 -0.174938 0.827452
-0.174471 0.440694 0.726605
0.290597 -0.174938 0.59227
0.147259 -0.174938 0.593436
-0.0730235 0.244507 -0.433074
-0.0730235 -0.0301691 0.0438033
-0.174471 0.387428 -0.306123
-0.0730235 0.427179 0.0656686
-0.174471 0.5337 -0.507366
-0.174471 0.0599522 0.938942
-0.174471 0.256796 -0.339895
-0.00750176 -0.276385 0.240069
-0.174471 0.16695 -0.741038
-0.0730235 0.383525 -0.635223
-0.174471 0.084267 -0.0192238
-0.174471 0.320195 -0.0725598
-0.174471 -0.0586656 0.449803
-0.174148 -0.276385 -0.728184
-0.174471 -0.148382 -0.938518
-0.0730235 0.0807657 -0.661726
0.43013 -0.276385 -0.133867
0.428372 -0.276385 0.912727
-0.0730235 -0.0993326 -0.0753769
-0.0730235 0.271714 0.717137
-0.0623675 -0.276385 0.898902
-0.174471 -0.144997 -0.399616
-0.0851218 -0.276385 0.33821
-0.174471 0.0157745 -0.373003
-0.0877554 0.519415 -0.902228
-0.174471 -0.187936 0.147362
-0.174471 0.435753 -0.718516
0.342036 -0.174938 -0.490943
0.425622 -0.199959 0.0914534
-0.0835939 0.514666 -0.624163
-0.058911 -0.276385 -0.478032
-0.0730235 -0.0194002 0.280729
0.0463357 -0.276385 -0.867046
-0.174471 0.16291 0.070523
0.00932668 -0.276385 0.00178462
0.0654913 -0.174938 -0.338708
0.176558 -0.276385 0.885388
0.0718584 -0.174938 0.371002
-0.174471 0.13717 0.282497
0.0552794 -0.174938 0.733146
-0.0730235 0.225976 -0.929666
0.230491 -0.174938 -0.862417
0.0603313 -0.174938 0.996266
-0.174471 0.415918 0.548561
-0.100879 0.528949 0.899745
0.0605792 -0.276385 -0.742337
0.0556566 -0.276385 0.89824
0.42785 -0.276385 -0.604978
-0.174471 -0.0838603 0.887567
0.161113 -0.276385 -0.297468
-0.17165 -0.176811 1
-0.174471 0.394487 -0.958684
0.196895 -0.174938 -0.645142
-0.0907409 -0.276385 -0.265816
-0.0730235 -0.0959291 -0.342983
0.33349 -0.276385 -0.383607
-0.174471 0.0158593 0.708904
-0.0730235 -0.0759023 0.727835
-0.0730235 -0.133083 -0.540339
0.404582 -0.276385 -0.844818
-0.174471 0.331814 -0.608301
-0.0730235 0.232816 -0.0780774
-0.135744 -0.276385 0.459686
-0.174471 0.42917 0.403829
-0.174471 0.156066 0.870533
-0.0730235 0.0674098 0.768946
-0.0888097 -0.276385 0.116033
-0.174471 -0.186379 -0.259463
-0.174471 0.423735 0.970063
0.265077 -0.174938 -0.0841931
-0.174471 0.424738 0.273562
-0.174471 0.533283 -0.0254279
-0.0730235 -0.087257 -0.889641
0.370134 -0.174938 -0.25306
-0.0456488 -0.276385 0.620192
-0.174471 0.478179 -0.411264
-0.174471 0.174379 -0.991682
-0.0730235 0.330783 0.399533
0.330005 -0.276385 -0.178667
-0.0731031 0.486513 0.781745
-0.0730235 0.14025 0.670109
-0.174471 -0.134693 -0.768228
-0.00441355 -0.174938 0.557904
-0.174471 -0.0745688 -0.615785
0.00343197 -0.174938 -0.750744
-0.0730235 0.436577 -0.149686
-0.174471 -0.0940416 0.578045
0.135761 -0.276385 0.689924
-0.0473219 -0.172125 0.42501
-0.0730235 -0.0706647 0.619903
-0.174471 0.286689 0.251006
0.231656 -0.276385 -0.731077
0.0302631 -0.174938 -0.964346
0.407851 -0.182083 0.596893
-0.174471 -0.00331815 0.234742
0.0878715 -0.174938 -0.605172
-0.174471 0.148373 -0.186087
0.0119855 -0.276385 -0.646155
-0.0730235 0.41214 -0.529747
-0.0730235 0.223986 -0.225964
-0.030386 -0.276385 -0.166362
0.345901 -0.276385 -0.06184
-0.0730235 0.113535 -0.404447
-0.0730235 0.00136247 -0.790151
-0.0637173 -0.276385 -0.370124
-0.0734735 0.490414 0.549104
-0.0730235 0.00266885 0.463141
0.128507 -0.276385 0.109868
0.326312 -0.276385 -0.974017
0.432043 -0.276385 0.174116
0.163138 -0.276385 -0.506368
-0.0730235 0.335249 0.116869
-0.0730235 0.199481 0.998002
0.0550847 -0.174938 -0.182506
-0.174471 0.204882 0.482393
-0.0730235 0.395747 -0.40871
0.0324285 -0.276385 0.707234
0.276432 -0.174938 -0.572397
-0.0730235 0.125756 0.146401
-0.174471 -0.20238 0.642317
0.0931763 -0.276385 0.212463
0.110981 -0.276385 -0.949003
-0.174471 0.0454626 0.442911
-0.174471 -0.0622313 0.783031
-0.0730235 0.33843 0.993206
-0.0730235 0.130432 -0.882304
-0.0730235 0.111892 -0.247244
0.0880336 -0.174938 -0.825955
-0.174471 -0.0281938 -0.204864
-0.174471 0.247237 0.592877
-0.0730235 0.0247795 -0.53514
-0.0730235 0.337974 0.524718
0.325546 -0.174938 0.12909
0.0675208 -0.276385 0.497597
0.228989 -0.276385 -0.382559
0.432617 -0.265827 -0.360709
-0.174471 0.0101896 0.0507379
-0.174471 -0.101404 0.356036
0.338007 -0.276385 0.219634
-0.0863308 0.51792 0.308929
-0.0730235 0.300758 -0.704839
0.20311 -0.174938 -0.990996
-0.0730235 0.194325 0.231789
0.0273239 -0.276385 -0.413553
0.328154 -0.174938 -0.837346
-0.0823621 -0.219219 -0.996999
-0.174471 0.476151 0.632181
-0.174471 0.531172 -0.664742
-0.0730235 0.426351 -0.850677
0.230266 -0.276385 0.514974
-0.0730235 0.0253321 0.900049
-0.174471 0.272367 -0.449907
-0.0862707 0.517855 -0.360249
-0.0730235 0.274734 0.817038
-0.0730235 -0.0169273 -0.986946
0.198445 -0.276385 0.788352
-0.174471 0.226448 0.344341
-0.0730235 0.0302801 0.562428
-0.0956287 -0.248224 1
0.32049 -0.174938 0.787703
-0.174471 -0.180149 -0.562861
-0.0737058 0.300499 -0.996999
-0.147689 -0.276385 0.848995
0.407956 -0.182146 0.307848
-0.174471 -0.244642 -0.0956521
-0.0730235 -0.113177 0.242852
0.282242 -0.174938 -0.30215
-0.0571996 -0.166532 0.761413
0.0581915 -0.174938 0.635364
-0.0730235 0.391297 -0.0626402
0.289261 -0.174938 0.908222
-0.174471 0.0881461 -0.945542
-0.174471 0.478679 0.167259
-0.174471 0.473435 -0.102279
-0.0730235 0.131246 -0.04822
-0.0730235 0.158066 0.411353
-0.0730235 0.353465 -0.237998
0.331466 -0.276385 -0.569555
0.157696 -0.174938 0.992546
0.432617 -0.276008 0.503655
-0.0730235 0.483572 0.998868
0.190095 -0.276385 0.340909
-0.174471 0.237497 0.923133
0.237601 -0.276385 0.959102
0.312097 -0.276385 -0.783803
-0.174471 0.208065 -0.652581
0.220174 -0.276385 0.0835025
-0.0730235 -0.0700708 0.999737
0.176773 -0.174938 -0.784254
0.0164084 -0.174938 -0.540413
0.266377 -0.174938 0.693191
0.00936049 -0.276385 0.357058
0.121048 -0.174938 0.803563
-0.0730235 0.318294 0.30597
-0.174471 -0.210919 0.279243
0.420272 -0.192496 -0.0501402
0.334974 -0.276385 0.652367
0.432373 -0.220694 -0.68078
-0.0269709 -0.174938 -0.30972
-0.169121 0.534396 -0.815117
-0.0730235 0.435894 0.698411
0.401959 -0.182746 -0.996999
-0.174471 0.0864826 0.646749
-0.0730235 -0.0872333 -0.249239
-0.0730235 0.0372643 0.116087
0.1428 -0.174938 -0.391362
-0.0730235 -0.0822191 -0.461876
-0.174471 0.341058 0.767063
-0.174471 0.130146 -0.511277
-0.0818597 -0.276385 0.0230619
-0.174471 0.0284467 -0.616306
-0.0730235 0.390414 0.222548
0.350759 -0.174938 -0.708157
0.138126 -0.276385 -0.0965952
0.142702 -0.276385 0.55196
0.153967 -0.174938 0.00975957
0.0659093 -0.174938 0.277116
-0.0730235 0.212562 -0.558611
0.354248 -0.276385 0.357898
0.196926 -0.276385 -0.903959
-0.174471 0.44193 -0.502956
0.149109 -0.174938 0.427805
-0.135346 -0.276385 -0.426914
-0.0900447 0.521581 0.0349603
-0.0730235 0.458083 -0.698247
0.252086 -0.174938 -0.481713
0.0294335 -0.276385 -0.0863341
-0.0730235 0.314988 0.633015
-0.174471 0.238219 -0.796488
-0.0730235 0.200824 0.0100677
-0.0651183 -0.276385 0.530602
-0.174471 0.413975 0.0891269
-0.174471 -0.182634 0.908766
0.213363 -0.276385 -0.222991
-0.174471 0.478095 0.480454
0.200147 -0.174938 0.168693
-0.174471 0.0840301 -0.431178
-0.174471 0.22331 -0.127525
-0.0535991 -0.169005 -0.127999
-0.174471 0.255427 0.739246
-0.174471 -0.0717327 0.173316
-0.174471 -0.181338 0.0567812
-0.0721326 -0.142851 0.864817
0.411304 -0.184335 0.785397
-0.0730235 0.357366 0.858763
0.0153238 -0.174938 0.0183279
-0.174471 0.136027 -0.0981266
-0.0730235 0.13387 0.577881
0.185914 -0.174938 0.258025
-0.174471 0.166197 -0.340521
-0.174471 0.327863 -0.518955
-0.0730235 0.139626 0.320796
-0.110979 0.108219 1
0.18862 -0.174938 -0.165566
-0.174471 -0.0585296 -0.420867
-0.174471 -0.187017 0.729179
-0.166886 -0.0828804 -0.996999
-0.174471 0.271305 0.423933
-0.174471 0.491063 0.333322
0.317321 -0.174938 0.508381
-0.168656 -0.276385 -0.908729
0.432601 -0.276385 -0.749168
-0.0730235 0.473715 0.392974
-0.174471 0.339126 0.902539
0.344827 -0.276385 0.0258641
-0.174471 0.481295 0.903887
-0.174471 0.490907 -0.236804
0.286416 -0.174938 0.308561
-0.0730235 -0.116577 -0.661058
0.345114 -0.276385 0.785688
-0.0925665 0.523681 -0.534643
-0.0730235 0.0024467 -0.703309
0.426458 -0.201436 -0.184192
-0.174471 -0.0700289 -0.708061
-0.174471 0.292031 0.158949
-0.174471 0.330324 -0.158417
-0.174471 -0.1886 -0.474132
-0.174471 0.533289 0.72493
-0.0338155 -0.276385 -0.562392
-0.174471 0.526277 -0.90205
-0.174471 0.143343 0.784206
0.145726 -0.276385 -0.728405
0.338617 -0.174938 0.979596
0.196336 -0.174938 -0.316779
0.0758544 -0.276385 0.411453
-0.174471 0.298204 -0.910767
-0.083743 0.514858 0.467501
-0.174471 0.338368 0.592812
-0.0730235 0.055064 -0.14521
-0.0877432 -0.276385 0.701709
-0.174471 0.0138418 -0.89788
-0.114718 -0.276385 -0.814746
-0.174471 0.119641 0.485048
-0.174471 0.0104779 -0.280809
-0.172666 -0.276385 0.131208
0.102258 -0.206546 -0.996999
0.251616 -0.174938 -0.000265953
-0.0730235 0.326128 -0.457469
0.425475 -0.19971 -0.55398
-0.0780629 0.505714 -0.819121
0.418147 -0.190186 0.403191
-0.174471 -0.0353124 0.63898
-0.0532815 -0.169196 -0.0320434
0.20472 -0.174938 0.911048
-0.174471 0.00190174 0.878136
-0.0730235 0.197338 -0.734609
0.0826745 -0.276385 -0.249587
-0.0730235 0.138887 -0.598696
-0.174471 0.310695 -0.272532
0.170338 -0.276385 0.254247
-0.174471 0.00483915 -0.804033
0.0271263 -0.174938 0.920026
-0.0513668 -0.170272 -0.93202
-0.174471 0.0954456 -0.691078
-0.0730235 0.290355 -0.622738
-0.174471 0.360075 -0.751875
-0.0293476 -0.276385 -0.833766
0.407761 -0.276385 0.992714
-0.174471 0.11715 0.20284
0.281653 -0.174938 -0.66396
-0.102452 0.52971 -0.272851
0.363379 -0.276385 -0.298195
-0.0730235 0.0262675 0.196924
-0.174471 0.187052 -0.258631
-0.173862 -0.276385 -0.27106
0.0169499 -0.276385 0.825502
0.408826 -0.182679 -0.445938
-0.0730235 0.19581 0.870766
-0.174471 -0.256594 -0.649839
0.256141 -0.174938 0.394808
-0.084526 0.515838 -0.983696
-0.0174953 -0.194917 1
-0.174471 0.355761 0.43658
-0.0730235 -0.0750626 0.919542
-0.174471 -0.0584664 -0.123741
0.320397 -0.174938 -0.41364
-0.174471 0.39713 0.647493
-0.0730235 -0.122517 0.129816
0.00990863 -0.174938 0.0980871
-0.0730235 0.334589 -0.827341
-0.0730235 0.443188 0.848782
0.0409511 -0.174938 -0.26287
-0.0714798 -0.145479 -0.815786
-0.174471 -0.141516 -0.858747
0.236152 -0.276385 -0.810568
0.409564 -0.276385 0.076074
-0.0725072 -0.140848 0.582674
-0.0730235 0.0909755 -0.328296
0.393402 -0.276385 -0.923364
0.182431 -0.276385 -0.587254
-0.174471 0.336392 -0.366791
0.21976 -0.174938 0.627788
0.430271 -0.210414 0.709745
-0.174471 -0.273018 0.331216
0.157466 -0.174938 0.515021
-0.121935 0.534364 0.192281
0.325715 -0.174938 -0.916349
-0.174471 -0.144945 0.425461
-0.174471 0.058296 0.28998
-0.0730235 0.0867086 0.845778
-0.114206 0.232252 -0.996999
-0.0852088 0.516653 0.115944
-0.152282 0.534396 -0.589417
-0.0730235 -0.0108659 0.775008
-0.174471 0.336589 0.00575261
0.429044 -0.206961 -0.305954
0.350298 -0.276385 0.91308
-0.174471 0.394828 -0.0950918
-0.0730235 -0.055198 -0.543269
-0.0730235 -0.108084 -0.174144
0.0680831 -0.276385 0.0526882
0.432617 -0.263288 0.582086
0.153955 -0.276385 -0.172885
-0.0730235 0.0385689 -0.221849
-0.0730235 0.186923 0.521284
0.0913398 -0.174938 -0.0379749
0.35987 -0.276385 -0.479044
-0.168383 -0.198711 -0.996999
-0.174471 0.0853768 0.0687874
-0.0992348 0.0550103 -0.996999
0.231298 -0.276385 0.40628
-0.150145 0.457491 -0.996999
-0.174471 -0.102012 0.00732027
-0.0730235 0.442476 -0.347809
-0.0730235 -0.0955757 0.001239
-0.136245 0.242771 1
-0.113061 0.533258 0.60145
-0.0730235 0.249046 -0.153311
-0.0730235 0.183212 -0.826973
-0.0730235 0.357704 0.696305
0.0442541 -0.174938 -0.675942
-0.0730235 0.475969 0.632526
-0.174471 0.0781264 -0.768604
-0.128631 0.534396 -0.102442
0.349486 -0.174938 0.259624
0.0745595 -0.251972 1
-0.174471 0.461487 -0.337098
-0.0730235 0.407026 0.141702
-0.174471 0.374807 -0.673386
0.00854503 -0.276385 0.548418
-0.174471 0.0707355 0.36884
0.0917862 -0.276385 -0.340623
-0.105515 -0.276385 -0.157529
0.176995 -0.174938 -0.459633
-0.105826 0.413235 1
-0.0730235 -0.113501 0.319734
0.0450495 -0.174938 0.168439
0.0920278 -0.174938 -0.529778
-0.132794 0.534396 -0.439555
-0.174471 0.0972458 0.723295
-0.174471 -0.20524 -0.161376
-0.174471 -0.206717 0.567222
-0.174471 0.209007 0.254895
0.148856 -0.174938 0.113777
-0.174471 0.0607281 -0.2131
-0.0523871 -0.169716 0.500404
-0.157304 0.0198024 1
-0.143963 -0.276385 -0.0272575
-0.174471 -0.147835 -0.324663
0.21295 -0.276385 0.69416
-0.174471 0.151931 -0.822002
-0.0730235 0.257436 -0.295426
0.378836 -0.276385 0.719163
-0.0368772 -0.276385 0.169534
-0.174471 -0.0345138 -0.5529
-0.0730235 0.457442 0.256124
-0.123622 0.3558 -0.996999
-0.174471 0.228789 0.0357724
-0.0730235 0.444399 -0.0102544
0.375409 -0.276385 0.454924
-0.123502 -0.276385 0.778654
-0.138582 -0.276385 0.64522
0.0147863 -0.174938 -0.392991
0.284893 -0.276385 0.589238
0.423908 -0.197243 0.92598
-0.174471 0.0872825 -0.352895
-0.102652 -0.276385 -0.696286
-0.174471 -0.0576022 -0.927761
-0.0730235 -0.00683982 0.356642
0.193077 -0.276385 -0.0457801
-0.174471 0.380511 -0.886191
0.262815 -0.276385 0.228878
-0.174471 0.0275194 -0.0676681
-0.0087579 -0.276385 -0.916426
-0.0730235 0.198171 0.715383
-0.174471 0.225307 0.110205
0.0834519 -0.276385 -0.46699
0.053321 -0.174938 -0.894231
-0.0730235 0.0741267 -0.468586
0.112236 -0.276385 -0.562372
0.0131424 -0.276385 -0.225347
-0.105654 -0.276385 -0.546652
0.432617 -0.230811 0.855537
0.251591 -0.276385 -0.552204
-0.0730235 -0.0195588 -0.364866
-0.0730235 0.43428 -0.924166
0.251728 -0.174938 -0.932125
0.259549 -0.276385 -0.944864
-0.174471 -0.0574817 0.297525
-0.174471 -0.203389 -0.744383
-0.122424 -0.123458 1
-0.174471 0.42468 -0.790236
-0.174471 -0.0158397 0.127082
0.0226814 -0.174938 0.443688
0.289275 -0.174938 0.0616697
-0.174471 0.232717 -0.948684
-0.174471 -0.115826 -0.233302
-0.0730235 0.237057 0.170248
-0.0730235 0.0712625 -0.837724
-0.174471 -0.126878 -0.089408
-0.0730235 0.450993 -0.590431
0.00368382 -0.174938 0.240969
-0.0730235 0.308107 -0.0718865
0.0830185 -0.174938 0.560627
0.124345 -0.174938 0.32126
-0.0730235 0.275634 -0.869959
-0.0730712 0.485872 -0.208147
0.415394 -0.187575 0.0217264
-0.174471 0.500117 -0.7497
-0.174471 -0.0643872 -0.781189
-0.174471 -0.116708 0.951627
-0.0730235 0.0335821 0.0117254
-0.0730235 0.197324 -0.486795
-0.0730235 -0.031883 -0.0986255
0.432617 -0.235509 0.348131
-0.174471 0.354064 0.282554
0.218078 -0.276385 -0.45293
-0.0732541 -0.276385 0.267302
-0.174471 0.00822717 -0.445462
-0.174471 0.471338 0.0470509
0.080339 -0.174938 -0.116197
-0.174471 0.231875 0.667973
-0.174471 0.460964 -0.93051
-0.174471 -0.218617 0.44602
-0.174471 0.13078 0.936941
-0.0521287 -0.16986 -0.702607
0.296443 -0.276385 -0.11224
-0.0730235 0.267865 0.536033
0.259464 -0.227811 -0.996999
-0.174471 0.465318 0.792655
0.427512 -0.203485 -0.840615
0.405537 -0.276385 -0.425509
-0.0730235 0.0522522 0.303151
-0.174471 0.372075 -0.237205
-0.0730235 0.089387 -0.939249
0.187496 -0.276385 -0.663224
0.160282 -0.174938 -0.857087
-0.0730235 0.407724 0.536046
-0.0730235 -0.110454 0.445686
0.239984 -0.174938 0.757935
-0.0730235 0.182924 -0.396248
-0.174471 0.38966 -0.55504
0.120003 -0.174938 0.672917
-0.0730235 -0.0679415 -0.81545
-0.174471 0.398814 0.341118
0.129643 -0.276385 -0.880693
-0.0730235 0.387591 -0.303446
-0.174471 0.27085 -0.0196574
-0.0730235 -0.0391255 0.552982
0.200623 -0.174938 -0.714447
-0.174471 0.140107 0.137402
-0.00210151 -0.174938 0.37252
-0.174471 -0.0557672 0.520251
0.268215 -0.276385 0.144066
-0.174471 -0.13145 0.777391
-0.0730235 0.0466345 -0.600584
-0.039464 -0.174332 -0.495833
-0.174471 -0.273235 0.402798
0.211177 -0.174938 0.558161
-0.0326312 -0.276385 0.0761747
0.208915 -0.226492 1
-0.0730235 0.128732 -0.711159
-0.174471 -0.24534 0.509391
0.393387 -0.276385 -0.53909
-0.0730235 0.404997 0.390525
-0.0730235 0.26977 0.999156
0.379448 -0.276385 0.845244
-0.162612 -0.276385 -0.585045
0.285291 -0.276385 -0.6854
-0.174471 -0.214852 -0.405902
0.300762 -0.276385 0.509821
-0.0730235 0.25472 0.278401
0.347495 -0.174938 0.446899
-0.0730235 0.462204 -0.766604
-0.174471 -0.0168178 0.943698
-0.0730235 0.283553 0.0689773
0.112502 -0.276385 0.939102
0.361829 -0.276385 -0.631078
-0.0730235 0.292618 -0.205633
-0.0730235 0.338256 0.923971
-0.120544 0.534295 0.769977
-0.174471 -0.177328 0.219011
0.333593 -0.174938 -0.0676145
-0.174471 0.13342 -0.891997
0.218968 -0.174938 -0.252386
0.332404 -0.174938 -0.185625
-0.102627 -0.276385 -0.967132
0.147191 -0.276385 0.619331
-0.0730235 -0.10458 0.79354
-0.0312152 -0.17533 -0.996999
-0.174471 0.405533 0.481881
-0.174471 0.489259 -0.169537
0.432457 -0.221635 -0.948171
0.352361 -0.276385 0.286628
-0.0925729 -0.276385 0.408155
0.0840486 -0.276385 -0.805331
-0.0730235 0.130303 0.74164
0.269557 -0.276385 0.796826
-0.174471 0.159302 0.636008
-0.0730235 0.253722 -0.362169
-0.174471 0.0794259 0.546529
0.40289 -0.276385 -0.196801
0.281682 -0.276385 0.0552501
0.122273 -0.174938 -0.183209
0.429922 -0.276385 -0.0671657
0.289401 -0.276385 0.373635
-0.0730235 0.0881106 0.626869
0.43148 -0.214984 0.254669
-0.174471 -0.0901218 -0.362134
-0.174471 -0.021117 -0.663082
-0.0925284 0.523651 0.833209
0.427249 -0.202951 -0.117899
0.268513 -0.276385 0.658076
0.05446 -0.276385 0.26622
-0.174471 -0.208728 -0.911388
-0.174471 0.0271854 0.61732
-0.0648347 -0.15883 -0.36422
-0.0730235 0.256101 0.40069
0.13036 -0.174938 -0.326461
-0.174471 0.203657 0.815162
0.35034 -0.174938 0.629649
0.112847 -0.276385 0.865684
-0.0730235 0.161157 0.0722734
-0.174462 0.0909533 1
-0.0730235 -0.118771 0.678014
0.430986 -0.212902 0.155755
-0.0730235 -0.0346824 -0.0233383
-0.141956 0.534396 0.491094
0.353947 -0.174938 -0.555433
-0.13698 0.10861 -0.996999
-0.174471 0.405576 -0.371295
0.194859 -0.276385 0.0197307
0.332578 -0.174938 -0.771074
0.36899 -0.174938 0.0701784
-0.0730235 -0.0981193 -0.595633
-0.0730235 -0.0327467 0.678668
-0.0730235 0.360196 0.0564152
-0.174471 0.00786318 0.773798
-0.174471 0.0895873 0.872576
-0.174471 0.150446 -0.00136649
0.06351 -0.276385 -0.605741
-0.0730235 -0.0630356 0.100114
0.0683796 -0.174938 0.860255
-0.174471 -0.260322 -0.791117
-0.0802556 0.509776 -0.138804
-0.174471 0.26748 -0.616041
-0.0730235 0.0667347 -0.729808
0.226284 -0.276385 -0.316157
-0.0730235 -0.0210448 0.955088
0.207708 -0.174938 -0.0495261
-0.165513 0.534396 0.660978
-0.174471 -0.165225 0.324874
-0.154803 0.534396 -0.378847
0.0069722 -0.276385 -0.778288
0.0646084 -0.276385 -0.0314631
0.262487 -0.174938 0.152258
0.335813 -0.174938 0.192643
-0.174471 0.332203 0.831967
-0.0643762 -0.159425 0.364285
0.00526678 -0.174938 0.774056
-0.174471 0.0820179 -0.561706
-0.0730235 0.258508 -0.0182258
-0.174471 0.344548 0.113964
0.0162037 -0.276385 0.645185
-0.0730235 0.376611 -0.961463
-0.174471 -0.136346 0.626157
-0.118577 -0.276385 -0.328373
0.36911 -0.174938 0.54602
0.278617 -0.276385 -0.219011
-0.174471 0.165003 -0.564928
-0.174471 0.206526 -0.486797
0.432617 -0.230661 0.451522
0.229964 -0.276385 0.850338
-0.00858746 -0.276385 0.937054
-0.0730235 -0.0214583 -0.243509
-0.0730235 0.378197 -0.176729
-0.0730235 0.310707 0.467102
0.136223 -0.276385 0.376464
-0.174471 -0.0472855 0.717421
-0.0730235 0.158417 -0.939768
0.144538 -0.276385 0.173559
0.429964 -0.209472 0.543896
0.430531 -0.211265 -0.393257
0.00412172 -0.276385 -0.709207
-0.174471 -0.00882702 0.40571
-0.0730235 0.0688063 0.946338
-0.174471 -0.127218 0.841234
0.130413 -0.174938 -0.652226
0.319933 -0.174938 0.851099
0.430355 -0.210683 -0.618212
-0.159623 0.534396 0.93516
-0.0730235 0.306515 -0.397218
0.0332073 -0.276385 0.191524
-0.0730235 0.363796 -0.695416
-0.100376 0.528691 0.963818
-0.174471 -0.244757 0.999298
-0.0730235 0.205663 0.933297
-0.174471 0.26379 -0.857673
0.272021 -0.235656 1
-0.174471 -0.124548 0.138752
-0.0730235 0.0117658 0.838443
-0.174471 -0.0036116 0.48251
-0.0769153 -0.276385 0.833818
-0.174471 0.430313 0.210854
-0.174471 -0.234514 0.777888
0.146002 -0.253012 -0.996999
0.282059 -0.276385 -0.419832
-0.0730235 0.360764 -0.571029
-0.0727686 -0.138938 -0.286116
0.344327 -0.174938 -0.311896
0.370517 -0.237158 -0.996999
-0.0730235 0.200072 0.650918
0.00382156 -0.276385 -0.481289
-0.174471 0.404365 0.908862
-0.0730235 0.0555316 -0.380373
-0.174471 -0.222202 0.00747951
0.266653 -0.174938 -0.811123
-0.0730235 0.065926 0.436263
-0.110192 0.532552 -0.677997
-0.033683 -0.17492 0.902451
-0.174471 -0.237154 0.18623
-0.174471 0.469123 -0.656865
-0.174471 0.37972 0.712676
-0.0730235 -0.0708475 -0.955328
-0.0730235 -0.0586742 -0.690276
-0.160438 0.534396 0.872115
-0.0730235 0.17227 -0.263142
0.148381 -0.276385 -0.235041
0.368507 -0.276385 -0.119858
-0.174471 0.440865 -0.274209
-0.0730235 0.262469 -0.492653
0.170765 -0.276385 -0.360645
-0.104791 -0.276385 0.945328
-0.0730235 -0.11176 -0.407207
-0.0730235 0.417511 -0.46689
-0.112422 0.533116 0.253965
-0.0730235 0.326474 -0.765862
-0.174471 0.466756 -0.0393013
0.164592 -0.174938 0.853799
0.130301 -0.276385 0.491022
-0.0730235 0.316177 0.76352
-0.128772 -0.146592 -0.996999
0.010238 -0.174938 -0.13984
-0.168257 -0.276385 0.269333
-0.0416398 -0.276385 -0.31206
0.17795 -0.174938 0.779528
-0.174471 0.202887 0.407884
-0.174471 0.05763 0.219279
0.0524978 -0.276385 -0.929438
-0.174471 -0.0363999 -0.487984
-0.174471 0.223482 -0.714718
0.353984 -0.276385 -0.235407
-0.0730235 0.381773 -0.00127335
-0.15041 0.36501 1
-0.0730235 -0.0477443 -0.304668
0.430965 -0.212822 0.645354
-0.174471 0.301515 -0.773392
-0.0730235 0.173525 -0.0957437
-0.174471 0.405024 0.77666
0.066386 -0.256697 -0.996999
-0.0730235 0.0915603 -0.095786
0.25041 -0.174938 -0.146472
-0.174471 -0.113125 0.478693
-0.0730235 0.343598 0.178895
0.0779284 -0.276385 0.149749
-0.174471 0.473441 0.57107
0.251168 -0.276385 -0.0711221
-0.115731 -0.0250478 1
0.150333 -0.174938 -0.593114
-0.174471 0.245605 0.5318
0.369616 -0.276385 -0.763525
-0.0730235 0.286924 -0.931794
0.347848 -0.276385 -0.88289
-0.0924271 -0.184063 1
0.216883 -0.174938 -0.585085
0.432617 -0.245077 -0.888835
0.151615 -0.276385 0.7495
-0.0260696 -0.276385 -0.047572
-0.0679509 -0.154034 -0.875799
0.284445 -0.276385 -0.347806
-0.0730235 0.074199 0.704448
-0.174471 -0.120895 -0.575956
0.0085939 -0.174938 -0.453493
0.0810377 -0.276385 0.663813
-0.174471 0.246153 -0.272022
-0.0519115 -0.276385 -0.66319
0.428351 -0.205302 -0.244613
-0.0730235 -0.0237462 -0.491601
0.0657437 -0.276385 -0.673872
0.369753 -0.276385 0.168213
-0.140027 0.463347 1
-0.174471 0.230119 -0.394113
-0.174471 0.480334 -0.549562
0.290531 -0.276385 0.921522
-0.125836 0.534396 -0.857906
-0.0279467 -0.276385 0.693823
-0.174471 -0.235561 0.0868012
0.0337433 -0.276385 0.767603
-0.0730235 -0.0155437 -0.852795
0.369384 -0.228682 1
0.410489 -0.276385 -0.672964
-0.0730235 0.421995 -0.217894
-0.0646511 -0.159071 -0.59756
-0.174471 -0.0429178 0.0227301
0.379601 -0.276385 0.612207
0.0871908 -0.174938 0.429176
-0.0268192 -0.276385 0.309267
-0.0730235 0.23173 0.765012
-0.0730235 0.16961 -0.200905
0.0275149 -0.174938 -0.814052
-0.174471 0.0111407 -0.00907959
-0.174471 -0.0334992 -0.338097
-0.174471 0.48852 0.394309
0.179008 -0.276385 0.947243
-0.0730235 0.19173 0.291611
-0.0730235 0.0847328 -0.551434
0.117181 -0.174938 0.734957
0.192392 -0.174938 -0.925976
0.346328 -0.174938 0.319784
0.381503 -0.174938 0.149664
-0.174471 -0.113911 -0.660552
-0.174471 0.153314 -0.676911
-0.174471 0.346284 0.222005
-0.174471 0.282213 -0.11929
-0.174471 -0.0627418 0.233169
0.397399 -0.276385 0.227901
-0.174471 -0.123343 -0.455837
0.399653 -0.178149 -0.504813
-0.0576738 -0.166162 -0.761915
0.109776 -0.174938 0.957732
0.311375 -0.174938 -0.245903
-0.174471 -0.244483 0.890967
-0.0730235 0.457779 -0.405379
-0.0367594 -0.276385 -0.422634
-0.0730235 0.373117 0.278889
-0.0730235 -0.0110223 0.604743
-0.0730235 0.478874 0.913344
-0.174471 0.280427 0.316266
-0.116197 0.533831 -0.0175322
0.224895 -0.276385 0.276059
-0.0730235 0.36017 0.347052
-0.174471 0.124344 0.342517
0.0822399 -0.174938 -0.394923
0.227916 -0.174938 0.300702
-0.0730235 0.0173879 0.718859
0.0705478 -0.174938 -0.77012
0.094233 -0.174938 0.136776
-0.00636684 -0.276385 -0.358749
-0.0730235 -0.0325383 -0.910046
-0.0541497 -0.168663 0.235855
-0.174471 0.286199 -0.559869
0.00413069 -0.174938 0.703291
-0.0730235 0.140754 -0.456038
-0.0730235 0.448138 -0.0892178
0.148353 -0.276385 0.0549059
-0.1456 0.534396 0.307127
-0.0295223 -0.276385 -0.108147
0.369689 -0.174938 0.930364
-0.0497026 -0.275662 -0.996999
-0.174471 0.19893 0.752856
-0.174471 -0.184715 -0.0948394
-0.171655 0.534396 0.145573
-0.0483081 -0.171722 0.11137
-0.0730235 0.258006 0.646944
-0.174471 0.477279 0.104796
-0.0730235 -0.0466778 0.22451
-0.118922 -0.276385 -0.213987
-0.174471 0.430541 -0.444383
-0.0730235 0.359361 -0.50569
-0.0730235 0.465948 -0.508121
-0.0730235 0.16154 0.469176
-0.113336 -0.276385 -0.754594
-0.174471 0.317001 -0.214967
-0.0576076 -0.276385 -0.217446
-0.120273 -0.276385 -0.490067
0.432617 -0.242844 -0.798578
-0.173329 -0.276385 -0.850633
-0.0730235 0.189762 -0.884385
-0.0730235 0.0832635 0.185442
0.306904 -0.174938 -0.12394
-0.0730235 0.460275 0.115108
-0.121199 -0.276385 0.51718
-0.174471 0.36182 0.528659
-0.0730235 0.144414 0.968461
0.153257 -0.276385 0.823944
0.0965666 -0.174938 -0.279578
0.122389 -0.174938 -0.477535
0.128463 -0.174938 0.256798
-0.0730235 0.0858679 -0.0121103
-0.0730235 0.309555 0.575815
-0.0784328 -0.276385 0.474726
-0.0730235 -0.040093 -0.748722
0.314595 -0.174938 -0.616929
-0.00422659 -0.276385 0.878842
0.287955 -0.174938 0.459108
-0.0730235 0.151771 -0.655525
-0.0730235 0.177928 0.170147
0.261362 -0.174938 0.530731
-0.0730235 0.0933703 -0.193155
-0.174471 0.527223 0.444622
-0.126315 -0.0426038 -0.996999
0.00453322 -0.174938 0.500539
-0.0917746 0.523051 0.366305
0.308725 -0.174938 0.731567
-0.174471 0.366856 0.054154
0.193076 -0.276385 -0.773158
-0.0730235 -0.0541076 0.454321
-0.0730235 0.280806 0.133554
-0.174471 -0.206898 -0.314457
-0.0730235 -0.0482735 -0.413946
-0.174471 -0.236446 -0.230597
0.0202334 -0.220981 -0.996999
-0.0780541 0.505696 0.728023
-0.0461113 -0.172579 0.818358
0.376623 -0.174938 -0.807753
-0.174471 0.376381 -0.040521
0.0970353 -0.276385 0.731458
-0.174471 0.286906 -0.394642
0.350542 -0.276385 -0.826202
0.03707 -0.174938 0.32619
-0.0730235 0.193596 -0.991712
0.28493 -0.174938 -0.358838
-0.0730235 0.244581 -0.696957
0.0531127 -0.174938 0.804511
-0.156387 0.534396 0.0319084
-0.00640276 -0.174938 0.614469
0.364077 -0.174938 0.751157
-0.0730235 0.366396 0.443511
-0.0730235 0.0915339 0.100152
-0.0730235 -0.107686 0.186573
0.396863 -0.177197 -0.671266
-0.174471 -0.00601836 -0.144825
-0.0443519 -0.276385 0.378814
-0.0929052 -0.276385 0.176169
-0.174471 0.172725 -0.932429
-0.117751 -0.276385 0.0676679
-0.174471 0.484787 0.960878
-0.174471 0.468746 0.848909
-0.0730235 0.431141 0.754696
-0.174471 -0.149639 0.552603
-0.174471 -0.040737 0.841319
-0.174471 0.47945 -0.804182
0.185366 -0.276385 0.128158
0.03172 -0.276385 0.450254
-0.174471 -0.209376 -0.61631
-0.174471 0.189828 0.54208
-0.174471 0.534171 -0.13474
-0.174471 0.218342 0.869268
0.148207 -0.174938 -0.979948
-0.174471 0.318234 -0.66262
-0.109039 0.532217 0.53816
-0.0730235 0.119802 0.800686
-0.174471 0.341875 -0.977573
-0.120611 0.534299 -0.944915
0.00799621 -0.174938 -0.213934
-0.174471 0.380816 -0.495235
0.20345 -0.174938 0.414869
-0.174471 -0.149078 -0.710341
-0.174471 0.0811501 -0.0882988
-0.0546592 -0.276385 0.969669
0.207911 -0.276385 0.462547
-0.172451 0.0657337 -0.996999
0.0828278 -0.276385 -0.110373
-0.174471 0.0438413 -0.670305
0.36199 -0.174938 -0.958502
-0.174471 -0.150895 -0.51551
0.127382 -0.224475 1
-0.120777 0.298143 1
-0.174471 0.268624 -0.5072
-0.174471 0.292157 0.625506
-0.174471 0.253654 0.201562
-0.174471 -0.220898 0.949198
-0.119226 0.166811 1
-0.0730235 0.307509 -0.271554
0.127117 -0.174938 0.376657
-0.0730235 0.376185 -0.116007
-0.174471 -0.0372827 0.576673
-0.091511 -0.276385 0.589053
-0.174471 0.483696 0.276637
0.432617 -0.239354 0.040819
-0.174471 0.29222 0.931854
-0.174471 0.292762 0.560702
0.432617 -0.268933 0.736884
-0.174471 -0.243352 -0.462969
-0.0730235 0.140836 0.218107
-0.174471 0.260977 0.478138
-0.174471 -0.0761383 -0.17795
-0.0730235 0.372044 -0.359122
-0.0730235 0.479526 -0.867454
0.0426897 -0.276385 0.956722
-0.0730235 0.0432168 0.500161
0.293117 -0.174938 -0.518177
0.109314 -0.276385 0.265228
-0.0730235 0.146009 0.01222
-0.174471 -0.245064 0.607864
-0.174471 0.131085 -0.385867
-0.174471 0.490442 -0.473704
0.0328236 -0.174938 -0.605007
0.0256343 -0.276385 -0.144368
-0.118234 0.163308 -0.996999
0.167256 -0.276385 -0.949826
-0.174471 0.387508 -0.832016
-0.174471 -0.176985 -0.807089
-0.0730235 -0.0558737 0.332647
-0.174471 0.427651 0.602242
-0.174471 0.385561 -0.617764
0.0873797 -0.174938 -0.953984
-0.0728743 -0.137874 -0.47288
0.235612 -0.174938 -0.533987
-0.174471 0.527433 0.604153
-0.174471 0.0122315 0.182637
-0.0730235 0.294975 0.86919
-0.156276 -0.276385 -0.135777
-0.174471 0.364737 0.950419
-0.0730235 0.0191174 0.408758
-0.0730235 0.463809 -0.644301
-0.174471 -0.0999342 -0.893574
-0.0730235 0.462651 0.502516
-0.0730235 0.285926 0.34944
-0.174471 -0.165139 -0.203615
0.209385 -0.174938 -0.103599
0.432617 -0.252215 0.118682
-0.174471 0.187261 0.943045
-0.174471 0.488989 0.688795
-0.174471 0.0331313 -0.950962
-0.0730235 0.470971 0.331837
-0.0730235 0.055102 -0.785894
0.195667 -0.276385 0.563415
-0.0730235 0.385426 0.966546
-0.0730235 -0.0759967 -0.129497
-0.174471 -0.126845 0.200564
0.0875195 -0.174938 0.0156367
-0.0730235 0.0223169 0.0642749
-0.174471 0.524965 0.198587
-0.174471 0.00331039 0.288053
0.0801474 -0.276385 0.551948
-0.0730235 0.140625 -0.35724
-0.174471 0.0812277 -0.485545
0.239428 -0.276385 0.905105
-0.174471 -0.234554 -0.553582
-0.174471 0.045628 0.503848
-0.0730235 0.0636447 -0.279441
-0.174471 0.162367 0.448021
-0.131381 -0.276385 0.365133
0.243341 -0.276385 0.346451
-0.0730235 0.0277119 -0.655009
-0.174471 -0.223622 -0.0465009
-0.174471 0.256305 -0.0725773
-0.174471 0.18522 0.305792
-0.0730235 0.481655 0.0661997
0.123386 -0.174938 -0.785966
0.368575 -0.174938 0.816683
-0.174471 0.201899 -0.197632
-0.121603 0.534351 -0.322528
0.210637 -0.174938 0.968994
-0.142687 0.534396 -0.231549
-0.174471 0.119442 -0.230824
0.198548 -0.276385 -0.850714
-0.0730235 0.146952 0.846496
-0.174471 0.52041 -0.0770385
0.205777 -0.174938 0.0268582
-0.0356792 -0.174812 -0.550893
0.309211 -0.276385 -0.624201
-0.0247751 -0.174938 -0.805052
0.312943 -0.276385 -0.0165442
-0.114809 -0.276385 0.890606
0.0560583 -0.174938 0.220302
-0.0733418 0.489346 -0.310645
0.432617 -0.245935 0.957158
-0.0730235 0.0358685 0.249034
-0.0730235 0.269267 -0.749189
-0.073029 0.484416 -0.942656
0.154693 -0.276385 -0.452858
0.171427 -0.174938 0.660324
-0.0730235 0.450083 0.585744
-0.0730235 -0.027867 0.89565
0.0776794 -0.276385 -0.391755
0.0106149 -0.276385 -0.591046
-0.174471 -0.0500745 0.36848
-0.0688904 -0.152232 -0.0803553
-0.174471 0.273462 0.882533
0.377344 -0.276385 -0.349075
-0.123373 0.412047 -0.996999
0.432617 -0.260111 -0.308285
-0.0730235 -0.122871 -0.940077
-0.174471 0.175473 0.357568
0.314189 -0.230599 -0.996999
-0.174471 0.0584714 0.758839
-0.174471 0.101882 -0.153195
-0.174471 0.42953 0.139335
-0.0730235 -0.0144544 0.125455
-0.0730235 0.0848649 0.558921
0.367476 -0.276385 0.507164
-0.013517 -0.276385 0.497518
0.295599 -0.174938 0.649612
-0.174471 0.0213835 -0.564376
0.226398 -0.276385 -0.504671
-0.174471 0.325177 -0.463991
-0.174471 -0.219794 -0.690434
0.0908094 -0.174938 -0.225028
-0.174471 -0.110928 -0.816314
-0.174471 0.161806 0.230034
0.0615286 -0.276385 0.361172
0.268851 -0.276385 -0.167706
-0.0730235 -0.108719 0.0683156
-0.174471 0.038788 0.0943974
-0.174471 -0.244985 -0.955172
-0.0730235 0.163282 -0.77521
-0.174471 0.187851 -0.0891909
-0.130114 -0.240012 -0.996999
0.432616 -0.225368 -0.0108263
-0.0730235 0.0276038 -0.947098
-0.0765897 0.502356 0.230051
-0.119086 0.0551331 1
-0.174471 0.203743 -0.599682
-0.126838 -0.276385 0.300819
0.167445 -0.174938 0.209421
0.312147 -0.276385 0.171815
-0.174471 -0.0478224 -0.252954
0.404381 -0.276385 0.33275
-0.0730235 0.210897 0.43052
0.412986 -0.185585 -0.720248
-0.0627461 -0.161373 0.705832
-0.0730235 0.264801 -0.571394
-0.110067 0.532517 -0.486073
-0.174471 0.0992177 0.43748
-0.174471 0.376629 0.387889
-0.00198689 -0.174938 -0.917324
0.279507 -0.276385 -0.996041
0.340399 -0.276385 0.407714
-0.0730235 0.373416 -0.861434
-0.0730235 0.329595 0.813399
-0.0730235 0.12016 0.372589
-0.0730235 0.332821 -0.652039
0.392025 -0.17596 0.361049
-0.0730235 0.127623 -0.830801
0.38516 -0.175043 -0.200241
0.16448 -0.174938 0.0646395
-0.174471 0.0396964 -0.327338
0.222185 -0.174938 0.221406
0.0307812 -0.224794 1
-0.174471 -0.184569 -0.364223
0.248592 -0.174938 0.876618
-0.0730235 -0.0899484 0.565762
0.289117 -0.174938 0.961262
-0.0730235 0.39012 0.655976
-0.174471 -0.150836 0.37436
-0.174471 0.0566598 0.024139
0.289673 -0.174938 -0.0390576
-0.174471 -0.0958216 0.410439
-0.174471 -0.0360412 0.0798579
0.323138 -0.276385 -0.515799
-0.156751 0.534396 -0.71274
0.190451 -0.276385 -0.0994888
-0.174471 0.14785 -0.291651
-0.0730235 0.393626 0.820801
0.0150654 -0.276385 0.0575023
-0.0730235 0.140835 0.269595
-0.174471 0.0292519 -0.849064
-0.174471 0.00964794 0.827479
0.0691215 -0.276385 0.833572
-0.0730235 0.133888 -0.296903
0.157705 -0.174938 0.939965
0.32534 -0.276385 0.70615
0.286912 -0.276385 -0.739425
0.196357 -0.225998 -0.996999
-0.174471 -0.236046 0.831944
0.176524 -0.276385 0.512454
-0.174471 0.122577 0.830726
-0.0730235 -0.0733299 0.274568
-0.174471 -0.275535 -0.394354
0.386654 -0.276385 -0.0223285
0.13125 -0.174938 -0.133135
-0.174471 0.197074 0.601277
0.189996 -0.174938 -0.372415
-0.0397961 -0.276385 -0.613799
0.253589 -0.176203 -0.996999
0.372286 -0.174938 -0.862589
-0.174471 -0.158178 -0.610491
-0.174471 -0.239775 0.680897
-0.0730235 0.360252 0.572681
0.024553 -0.276385 0.308653
-0.0730235 0.328642 0.25454
-0.0730235 0.21673 0.824587
-0.124564 -0.276385 -0.875848
-0.174471 -0.0879548 0.641028
0.244685 -0.174938 -0.628444
0.366828 -0.276385 0.96091
-0.0730235 0.255316 -0.971305
-0.0730235 0.00332285 -0.134966
-0.174471 0.211761 -0.309117
-0.0730235 0.405334 -0.803752
0.432617 -0.227854 0.766382
0.317611 -0.276385 -0.923427
-0.0730235 0.191134 -0.147664
-0.118828 0.534157 -0.791616
-0.0730235 -0.0059986 0.514827
-0.134388 -0.276385 -0.0902789
-0.174471 0.429243 -0.135215
0.0406363 -0.174938 -0.02824
-0.0730235 0.300376 0.957252
0.222778 -0.276385 0.744195
-0.174471 0.26031 -0.665901
0.11499 -0.276385 -0.0509594
0.378062 -0.174938 -0.029018
-0.174471 0.126908 -0.46106
-0.174471 -0.127252 0.0547919
0.335483 -0.276385 -0.433865
-0.174471 0.291512 0.775506
0.259158 -0.276385 0.470338
-0.174471 0.501273 -0.856806
0.279165 -0.174938 -0.890055
0.394679 -0.176576 0.657399
0.10507 -0.276385 -0.5127
0.296238 -0.174938 -0.457859
-0.0730235 0.198336 -0.0416446
-0.00765988 -0.174938 -0.678808
-0.174471 -0.0204729 -0.756998
-0.0866048 -0.276385 -0.415337
-0.174471 -0.0232239 -0.613041
-0.0762041 0.501352 -0.576461
-0.1675 0.534396 0.357385
-0.174471 0.270446 0.373902
-0.0472101 -0.235654 1
0.0433602 -0.276385 -0.35333
-0.174471 -0.0989889 0.739336
-0.0493483 -0.276385 -0.946989
-0.0699833 -0.149802 0.279368
-0.0717239 -0.144581 0.635224
-0.173392 0.534396 -0.190984
-0.124708 0.304127 -0.996999
0.0998662 -0.174938 -0.876125
0.0398367 -0.174938 -0.495817
-0.136547 -0.212448 1
-0.0730235 0.275552 -0.109533
0.110373 -0.276385 -0.201567
-0.0891612 -0.276385 0.650596
-0.174471 -0.135009 0.89455
-0.117689 0.00633104 -0.996999
-0.0730235 0.177324 0.601941
0.218126 -0.174938 0.681424
-0.163551 0.226634 -0.996999
-0.126217 -0.0739571 1
0.143916 -0.276385 0.300813
-0.174471 -0.019603 -0.0928756
-0.174471 0.313216 -0.322926
-0.0730235 0.245416 0.229683
-0.174471 -0.0945308 -0.041961
-0.0730235 -0.120824 0.997049
-0.0730235 0.189612 -0.602535
-0.0911987 0.522576 -0.415353
-0.0735558 0.491001 0.865305
0.181725 -0.174938 0.465092
-0.174471 0.188835 -0.789063
-0.00958288 -0.174938 -0.263434
-0.0730235 0.244964 0.865543
0.280905 -0.174938 0.820771
0.382908 -0.276385 0.669907
-0.174471 0.486772 0.744374
-0.0730235 -0.0056748 -0.579978
-0.0730235 0.189832 0.373412
-0.136132 -0.276385 0.999033
-0.174471 0.515076 -0.951245
-0.0352473 -0.174843 0.0171701
0.207588 -0.276385 0.998202
-0.0730235 0.348272 -0.0386265
-0.0913191 0.522677 0.415615
0.109318 -0.276385 -0.291026
0.156814 -0.174938 -0.736972
-0.0730235 0.310136 0.683516
0.246433 -0.174938 0.346335
0.100575 -0.174938 0.609086
-0.174471 -0.119371 0.306977
-0.174471 0.49491 -0.608664
-0.0730235 0.245814 0.0373996
-0.0730235 0.0816387 -0.888354
-0.174471 0.259149 0.968231
0.226648 -0.174938 -0.439266
-0.174471 0.126219 -0.778637
-0.173841 -0.10691 1
-0.0730235 0.0767937 0.99699
0.0036402 -0.276385 0.597273
-0.174471 0.488003 -0.287892
-0.174471 0.0767477 -0.897812
-0.174471 0.0986117 0.594332
0.432617 -0.247373 -0.544863
0.389605 -0.276385 -0.972202
-0.174471 0.312423 0.724826
-0.0284743 -0.276385 -0.264911
-0.174471 0.109983 0.0261417
0.414869 -0.187119 0.835487
0.00948265 -0.276385 0.405978
-0.174471 0.483283 -0.703676
-0.174471 0.123978 -0.0507325
-0.174471 -0.124536 -0.281337
-0.174471 -0.162472 0.670423
0.303568 -0.276385 0.255732
-0.0730235 0.023608 -0.479883
-0.0730235 0.227711 -0.853747
-0.166311 -0.276385 0.801971
-0.0730235 0.164325 -0.551759
-0.0746039 0.496235 -0.728507
-0.0730235 0.409338 -0.676541
0.0981051 -0.276385 -0.711288
-0.0730235 -0.123494 0.738084
0.302091 -0.174938 -0.709113
-0.174471 0.478189 0.219514
0.227206 -0.174938 -0.782685
-0.174471 0.276516 -0.169098
-0.174471 0.12647 0.679721
0.0238132 -0.174938 -0.31369
0.302013 -0.174938 0.411092
-0.0287216 -0.174938 -0.173341
0.282287 -0.276385 -0.82797
-0.0326439 -0.276385 0.0262031
-0.0730235 0.0756496 0.893025
0.432617 -0.237515 -0.44017
0.0531992 -0.174938 -0.723597
-0.174471 0.446717 0.352885
-0.174471 -0.223912 0.329673
0.0403499 -0.174938 0.537654
0.250052 -0.174938 -0.700823
-0.0730344 0.484722 0.680164
-0.174471 -0.107072 0.529511
-0.174471 -0.167019 0.103037
-0.0730235 -0.123211 0.909049
0.432617 -0.241813 -0.212979
0.184937 -0.276385 -0.415116
0.0754637 -0.174938 0.921596
-0.0136475 -0.174938 0.956143
-0.174471 0.274205 0.694582
-0.0730235 -0.133313 -0.2319
-0.174471 0.381475 -0.142209
0.359374 -0.276385 0.0755529
-0.174471 0.170004 -0.134007
-0.174471 0.315095 0.403746
0.379694 -0.276385 -0.585298
-0.174471 0.095665 0.248863
-0.174471 -0.0374399 -0.975698
-0.0730235 0.0936492 -0.615189
-0.0730235 -0.124132 -0.128615
0.186979 -0.276385 0.653649
-0.0730235 0.24264 -0.616529
-0.121799 0.534359 0.141671
0.25773 -0.174938 0.103251
0.0190198 -0.276385 -0.82485
-0.0730235 0.471751 0.449078
0.0428387 -0.174938 0.589819
-0.0686435 -0.276385 -0.0231347
-0.174471 0.244609 0.786013
-0.0492371 -0.276385 0.216438
0.391188 -0.175797 -0.08473
-0.0730235 -0.0558336 0.79154
0.391653 -0.175886 -0.304514
0.402971 -0.276385 0.54123
-0.174471 -0.149892 0.0115664
-0.0316275 -0.223175 -0.996999
-0.0730235 -0.0295141 0.399206
-0.0730235 -0.121942 0.394577
0.391398 -0.276385 0.765277
-0.0730235 0.139987 0.530297
-0.135127 0.534396 -0.634024
-0.174471 0.423382 -0.670692
0.432617 -0.229783 -0.73867
0.213129 -0.276385 0.229769
-0.174471 0.232708 0.296342
-0.06031 -0.16388 -0.655957
0.129447 -0.174938 0.476397
0.262667 -0.174938 0.265719
-0.0730235 0.377519 0.498063
-0.078406 -0.276385 -0.845656
0.1173 -0.276385 -0.77116
0.429379 -0.276385 0.841918
-0.174471 0.44144 0.450006
-0.174471 0.0138135 -0.233276
0.0709317 -0.276385 0.102706
-0.0730235 0.445018 0.971025
-0.174471 0.439875 0.668336
-0.174471 0.24345 -0.900649
-0.0135662 -0.276385 0.745264
-0.174471 0.27948 0.0278087
-0.174471 0.222131 -0.441933
0.144445 -0.174938 0.161457
-0.0258156 -0.174938 -0.0854413
-0.127354 -0.276385 0.728655
-0.174471 0.495784 0.0035993
-0.174471 0.494215 0.525584
0.432617 -0.229041 -0.0776547
0.432617 -0.225816 0.498654
-0.174471 0.0801516 -0.639874
-0.174471 0.0338767 0.665098
0.0708148 -0.174938 0.688421
-0.0730235 0.0211585 -0.746773
-0.174471 0.130918 -0.973013
0.39556 -0.176814 0.442537
-0.174471 0.343761 -0.930331
-0.174471 -0.0636887 0.949861
0.336304 -0.174938 -0.358436
0.248905 -0.174938 0.9327
0.369848 -0.174938 -0.407058
0.210006 -0.276385 -0.271913
0.193834 -0.174938 -0.212416
0.432617 -0.229147 0.199974
0.242741 -0.276385 0.560984
-0.0781247 -0.170795 -0.996999
-0.0730235 0.398006 0.882588
0.32113 -0.174938 0.555327
0.0399568 -0.174938 0.0584519
0.341975 -0.174938 -0.661908
-0.0297487 -0.276385 0.831289
0.422654 -0.276385 0.457671
-0.108035 0.531902 0.0771784
-0.174471 -0.248195 0.232212
-0.174471 0.0958294 0.121569
0.234738 -0.174938 -0.344752
-0.123729 0.534396 0.723083
-0.174471 0.243907 0.153366
-0.174471 0.206418 -0.83328
-0.0730235 0.426621 0.184896
-0.124621 -0.276385 -0.924892
-0.0730235 -0.128489 -0.709778
-0.0730235 0.383183 0.101384
0.32272 -0.21397 1
-0.0730235 0.403222 -0.590767
-0.0845578 0.515876 0.164764
-0.140638 -0.276385 0.165356
0.0170049 -0.174938 0.657598
0.0858598 -0.174938 0.769732
-0.0730235 0.116548 0.432892
-0.0973391 0.52698 -0.222571
0.237841 -0.276385 -0.876014
-0.0730235 -0.0708329 -0.202243
0.316922 -0.276385 -0.313633
-0.0730235 -0.0284134 0.727694
-0.0722927 -0.142062 0.536051
-0.0730235 0.455035 -0.81268
-0.174471 -0.153162 -0.989307
-0.0730235 -0.103342 -0.845715
-0.0696532 -0.150582 0.166794
0.0985658 -0.276385 0.457007
-0.0399785 -0.276385 0.122098
-0.12839 0.502361 -0.996999
-0.174471 0.306818 0.453932
-0.174471 0.335306 -0.875385
-0.174471 -0.102635 -0.946689
0.195418 -0.174938 0.122472
-0.112852 -0.0944444 -0.996999
-0.00730123 -0.174938 -0.0348954
-0.0213186 -0.174938 -0.362806
0.195943 -0.276385 -0.539702
-0.174471 0.163601 0.503582
-0.0730235 0.396351 -0.257896
-0.174471 0.251435 -0.751723
-0.174471 0.393227 0.238591
-0.174471 -0.0376022 0.902275
-0.0730235 -0.12729 -0.0384941
0.393899 -0.276385 0.0250072
-0.0730235 0.389104 -0.912061
-0.0179532 -0.174938 0.0600469
0.290443 -0.276385 0.968277
0.396371 -0.177048 0.263386
-0.0730235 0.213134 -0.786432
-0.174471 -0.19831 0.863633
-0.0396998 -0.276385 -0.880532
-0.173813 0.534396 -0.265684
0.241348 -0.276385 -0.671175
0.142273 -0.174938 -0.0396774
-0.174471 -0.166319 0.263855
0.320971 -0.276385 0.325967
-0.0721846 -0.142603 0.00906845
0.203819 -0.174938 -0.822418
0.0657084 -0.174938 -0.994673
0.377546 -0.174938 -0.747736
-0.174471 0.424108 -0.901164
-0.134051 -0.276385 0.0191906
-0.174471 0.271211 0.114096
0.201115 -0.174938 -0.502043
-0.174471 0.0273957 -0.176468
-0.0730235 -0.0878289 0.875311
0.118493 -0.174938 0.852181
-0.174471 0.434922 -0.072518
-0.0730235 0.135787 0.62383
-0.0773239 0.504112 0.596418
-0.0730235 -0.100339 -0.508087
-0.0730235 -0.0517163 0.507625
0.127701 -0.174938 0.550131
-0.0757701 0.500137 -0.672201
-0.174471 -0.0838069 0.825489
0.398323 -0.276385 -0.718684
-0.174471 -0.173698 0.599051
-0.174471 0.425539 0.0447042
0.432176 -0.218992 -0.993949
-0.174471 -0.0632485 0.12828
-0.0730235 0.162183 0.118627
0.393447 -0.276385 0.12901
-0.173812 -0.276385 -0.0619844
-0.132711 -0.276385 -0.661802
-0.11867 0.503798 1
-0.174471 0.384762 0.581961
-0.0730235 0.196228 -0.439937
-0.120722 -0.194443 -0.996999
0.118095 -0.276385 -0.139365
-0.0730235 0.326832 -0.959723
-0.0730235 0.0943567 0.326633
-0.0730235 0.0572267 -0.425946
0.089896 -0.174938 -0.673138
-0.0613894 -0.276385 -0.526116
-0.0730235 0.21531 -0.278031
0.420944 -0.19329 0.880716
-0.0730235 0.390962 0.72738
0.428504 -0.205653 -0.482885
0.302013 -0.174938 0.351297
-0.174471 -0.0170251 -0.846137
0.137997 -0.276385 0.220242
-0.0730235 -0.105625 0.953234
0.00486092 -0.174938 0.147167
0.390165 -0.276385 0.389627
0.187691 -0.276385 0.39341
0.281044 -0.276385 -0.588559
0.432617 -0.268062 -0.944727
-0.174471 0.0460224 0.895712
-0.174471 0.516571 -0.435529
-0.174471 0.183528 -0.384571
-0.174471 0.352218 0.641117
-0.0733119 0.489073 -0.0025023
0.178969 -0.174938 -0.274917
0.263583 -0.276385 0.0989987
-0.145304 0.534396 -0.541994
0.330795 -0.276385 0.833643
0.265669 -0.174938 -0.260055
-0.174471 -0.0767982 -0.467372
0.399798 -0.178203 0.718664
0.0656216 -0.276385 -0.303742
0.0562333 -0.276385 -0.206241
-0.0730235 0.429472 -0.735471
-0.174471 0.376 0.814772
0.334786 -0.276385 0.476119
0.0519563 -0.174938 0.121128
0.114221 -0.276385 0.588599
0.058142 -0.174938 -0.55948
-0.174471 -0.180756 0.774237
0.122637 -0.174938 0.0462741
-0.174471 0.215335 0.987154
0.432617 -0.235005 -0.154839
-0.174471 0.0631879 -0.391316
-0.174471 0.0960953 0.788971
-0.0730235 0.370108 -0.448108
0.109272 -0.174938 -0.4308
-0.174471 0.363834 0.865025
0.0340033 -0.174938 0.399228
0.208933 -0.276385 -0.178306
0.335606 -0.174938 0.893176
0.166339 -0.174938 0.298433
-0.174471 0.348686 0.484016
0.16731 -0.174938 -0.68441
-0.174471 0.121879 0.530578
0.331746 -0.276385 -0.73886
-0.174471 -0.0153915 -0.40523
-0.108403 -0.276385 -0.376165
-0.174471 -0.0203503 0.681225
-0.174471 -0.0809981 -0.555558
-0.0259421 -0.174938 0.464288
-0.0683559 -0.276385 -0.130443
0.304618 -0.276385 0.765667
-0.123985 0.534396 0.443876
-0.174471 -0.143545 0.71866
-0.174471 0.435762 -0.552946
0.00171553 -0.276385 -0.527746
-0.174471 0.182895 0.0292885
0.361434 -0.174938 0.50157
0.432367 -0.220632 -0.34831
0.403339 -0.179694 -0.15258
0.346207 -0.194346 -0.996999
0.432617 -0.225746 0.304611
-0.174471 0.180879 0.114084
0.0190743 -0.276385 -0.0417272
-0.0678315 -0.154248 -0.178791
-0.174471 0.440306 -0.223525
-0.149802 0.134411 1
-0.174471 0.0342825 0.394668
0.335343 -0.276385 0.607588
0.103122 -0.187118 1
-0.174471 -0.21005 -0.516463
-0.174471 0.388848 -0.717958
-0.174471 0.328816 -0.717
0.301435 -0.276385 -0.0624338
-0.131654 -0.276385 -0.285008
-0.174471 -0.232555 0.142018
-0.174471 -0.0784648 -0.0833869
0.138819 -0.276385 -0.597957
-0.0730235 0.269564 -0.248478
-0.0730235 0.0298506 0.797897
-0.0485651 -0.171612 0.560886
-0.0730235 0.433353 0.801029
-0.174471 -0.231391 0.729092
0.100997 -0.276385 -0.846312
0.238008 -0.174938 -0.299192
-0.0730235 0.0269645 -0.838515
-0.0508699 -0.276385 -0.709254
-0.00727745 -0.174938 -0.586052
0.2469 -0.174938 0.047182
0.38894 -0.276385 0.891602
-0.174471 -0.171866 0.951623
-0.174471 -0.102592 -0.412024
-0.174471 -0.0326821 -0.887448
-0.0730235 0.437994 0.420657
0.297756 -0.174938 -0.950487
0.432617 -0.230622 0.393142
-0.0781125 -0.276385 -0.582507
-0.0730235 0.336821 -0.191926
0.28997 -0.174938 -0.16585
0.201262 -0.174938 0.510544
-0.0730235 0.0225133 0.943977
0.0895842 -0.276385 -0.898937
0.432617 -0.233773 0.902563
-0.174471 0.303357 -0.956293
-0.174471 0.112998 -0.736682
-0.0730235 0.0371481 -0.337615
-0.0492404 -0.171313 0.605589
-0.0730235 0.235939 0.971201
-0.0939816 -0.276385 0.228311
-0.174471 0.493342 -0.367274
-0.174471 0.324046 -0.420141
0.404249 -0.18013 0.961854
0.24679 -0.174938 0.590165
-0.0730235 0.0327164 0.607953
0.27392 -0.174938 -0.420137
-0.174471 0.369235 -0.193496
-0.133069 -0.276385 0.112549
-0.0730235 0.181733 -0.693718
-0.174471 0.358561 -0.799204
0.253593 -0.275339 1
-0.108682 0.532108 -0.587149
-0.174471 0.137754 0.73972
0.391544 -0.276385 -0.803105
-0.0730235 0.338399 -0.608559
-0.15809 0.534396 -0.771252
-0.0804329 0.349404 -0.996999
-0.174471 -0.183959 -0.875434
-0.130004 0.534396 -0.902285
-0.174471 0.0591313 0.700648
-0.0730235 -0.0757715 0.670777
0.080557 -0.174938 0.323076
-0.174471 0.172922 -0.519628
0.43205 -0.218101 0.600961
0.132587 -0.276385 -0.681914
-0.0765906 -0.276385 -0.793695
-0.174471 0.340856 -0.116165
-0.0743215 0.495074 -0.259814
-0.0730235 0.0103438 0.314847
-0.0310915 -0.276385 0.56635
-0.174471 0.0317889 -0.769891
-0.0823595 -0.276385 0.744852
-0.0730209 -0.134859 0.481614
0.432617 -0.250075 -0.646423
-0.0539009 -0.168819 -0.260819
0.248604 -0.276385 -0.252034
-0.0730235 0.276661 -0.663906
0.255939 -0.276385 -0.769805
-0.134246 0.534396 0.82807
0.295479 -0.174938 0.0187981
0.405805 -0.180928 -0.946342
0.189231 -0.174938 -0.417476
-0.174471 -0.0144856 -0.931701
-0.174471 0.0669361 -0.726779
0.305843 -0.174938 0.268871
0.37203 -0.174938 0.406189
-0.174471 0.301657 0.210398
-0.174471 0.122362 -0.327557
-0.174471 -0.0976151 -0.741396
0.432131 -0.218656 0.811436
-0.166597 0.413665 -0.996999
-0.174471 -0.0266552 -0.711845
-0.0730235 -0.0224639 -0.660883
-0.174471 -0.233884 -0.278863
-0.0737139 0.492013 0.956493
-0.174471 0.446142 0.517687
-0.0730235 0.0704419 0.143745
0.326721 -0.276385 -0.268872
-0.0808852 -0.0581541 -0.996999
-0.106528 0.364731 1
-0.174471 0.441833 0.886484
-0.0730235 0.27404 0.77337
-0.137415 0.534396 -0.0599738
-0.0730235 0.353128 -0.402149
0.113688 -0.174938 -0.570418
-0.174471 0.171191 -0.627918
-0.0730235 0.229657 0.508897
-0.0513038 -0.170305 0.989641
-0.174471 0.232514 0.442665
0.0530145 -0.174938 -0.851163
0.315986 -0.174938 0.68912
0.360486 -0.174938 -0.452076
-0.0730235 0.0284577 -0.179006
-0.174471 0.49277 -0.99334
-0.174471 -0.101452 -0.125034
-0.174471 0.384809 0.129053
0.00369232 -0.276385 -0.872471
-0.174471 -0.258438 0.464522
-0.174471 -0.157344 -0.127941
-0.174471 0.0501064 -0.26428
-0.0730235 0.436086 0.655503
-0.0730235 0.279463 0.608989
0.0328191 -0.276385 -0.263451
-0.0730235 0.206037 0.0534042
-0.0730235 -0.0750228 -0.650506
-0.0730235 -0.0164511 0.193485
-0.0730235 -0.0973492 -0.29645
0.105825 -0.276385 0.983798
0.104094 -0.276385 -0.992111
-0.0730235 0.346938 -0.290003
-0.174471 -0.0301981 0.18835
-0.174471 0.285459 -0.81724
0.183324 -0.276385 -0.705819
-0.0730235 0.197352 0.564166
-0.174471 0.484335 0.436847
-0.0777717 0.5051 -0.776386
-0.162645 -0.276385 -0.31441
-0.0730235 0.289269 -0.82882
-0.174471 0.447363 -0.380007
-0.074625 0.496318 0.274063
-0.174471 -0.188348 -0.953377
-0.174471 0.313715 -0.0302293
-0.174471 0.159924 0.177911
0.255926 -0.276385 0.186821
-0.0730235 0.362619 -0.795246
0.0336554 -0.174938 0.963048
-0.174471 0.24826 0.0736631
-0.174471 -0.247252 0.554198
0.324039 -0.174938 0.936913
0.015085 -0.174938 0.198645
-0.0730235 0.232024 0.68962
-0.174471 0.370675 -0.397573
-0.0729742 -0.136398 0.822807
0.432617 -0.253324 0.236367
-0.0730235 0.413897 0.266949
-0.0730235 0.436156 0.361666
-0.0730235 0.211305 -0.361225
-0.0730235 0.28305 0.433459
0.429518 -0.236653 1
0.280842 -0.174938 0.76933
0.10408 -0.276385 0.0750957
0.0696381 -0.174938 -0.0751685
0.128459 -0.276385 -0.3633
0.375343 -0.180404 1
-0.01369 -0.174938 -0.958029
-0.0730235 0.168417 0.903054
0.38894 -0.276385 -0.25922
0.0757382 -0.276385 0.00932148
-0.174471 -0.163818 -0.439887
-0.174471 0.188481 0.899163
-0.0730235 -0.0741008 -0.379109
0.152129 -0.276385 -0.547098
-0.174471 0.441131 0.931633
-0.174471 0.233713 -0.169939
-0.174471 0.0576144 0.582624
-0.174471 0.0960631 0.308746
-0.0730235 0.477941 -0.165456
-0.0730235 0.0629219 -0.515374
0.209083 -0.276385 -0.954969
-0.174471 -0.0716763 -0.657814
-0.0730235 0.317714 -0.871765
-0.174471 0.334137 0.158009
0.395455 -0.176784 -0.572606
-0.168091 0.534396 0.769629
-0.0730235 0.0474347 -0.101494
0.400989 -0.276385 -0.470242
-0.0730235 0.203225 0.47467
-0.0673251 -0.155124 0.321421
-0.0730235 0.0839126 -0.981337
-0.0730235 -0.0736387 0.0451427
-0.0728153 -0.138502 -0.328294
-0.0730235 0.282403 -0.451246
0.168845 -0.174938 0.381988
-0.174471 -0.0235016 0.801778
-0.0730235 0.425319 -0.627651
-0.126845 -0.276385 0.686578
-0.174191 -0.276385 0.76083
-0.174471 0.278638 -0.245141
-0.0730235 0.0860441 -0.053975
-0.0765231 -0.276385 0.0749272
0.227006 -0.276385 0.132458
0.20516 -0.276385 -0.622399
-0.162094 -0.276385 -0.22922
-0.0260417 -0.174938 0.734796
-0.0730235 -0.00624606 0.235142
-0.0730235 0.0641026 0.064105
-0.0730235 0.349163 -0.0841808
0.188469 -0.276385 0.296384
-0.0779141 0.505403 0.510449
-0.0327612 -0.174937 0.857764
-0.0730235 0.416855 0.0212119
-0.0730235 0.0347377 0.349247
0.024561 -0.174938 0.282165
-0.148812 -0.276385 -0.545748
0.351656 -0.174938 0.588041
-0.174471 -0.00939068 -0.519646
-0.174471 0.0482319 -0.456906
-0.174471 0.093726 0.163096
-0.174471 -0.249182 0.365259
-0.174471 0.190497 0.664141
-0.0730235 0.350332 0.739858
-0.0730235 0.289308 -0.163566
-0.128296 0.534396 0.642537
-0.00250391 -0.276385 0.787866
-0.174471 0.397244 0.434984
0.432617 -0.248835 0.694249
-0.0730235 0.478231 -0.368861
-0.0730235 0.475806 -0.983644
-0.174471 0.165225 -0.476897
-0.0730235 0.18403 0.332343
-0.121095 -0.276385 0.259769
0.37167 -0.276385 -0.399738
0.327331 -0.276385 0.947582
0.2466 -0.174938 0.435135
-0.136013 -0.276385 0.418253
-0.0730235 -0.0527581 -0.0606208
0.0895828 -0.174938 -0.156582
0.432617 -0.244426 -0.844215
0.318681 -0.276385 -0.852659
-0.174471 0.278443 -0.300438
-0.0730235 0.0148343 0.157125
-0.174471 0.0483062 0.334036
-0.0842145 0.515454 0.637924
-0.0730235 0.0470286 0.860103
-0.174471 -0.244023 -0.876386
-0.0730235 0.292348 0.173337
-0.174471 0.123037 -0.556395
-0.0730235 -0.0231034 0.99638
-0.0730235 -0.0221803 0.084365
-0.174471 -0.212054 -0.785205
0.162476 -0.276385 -0.132454
-0.0730235 0.247936 -0.531332
0.0446569 -0.276385 -0.487576
0.13209 -0.276385 0.902729
0.244728 -0.276385 0.0367917
-0.0730235 0.449531 -0.549181
-0.174471 0.348839 -0.561107
-0.174471 0.0494338 -0.813091
0.33352 -0.174938 0.0488628
-0.174471 0.22976 -0.00770767
-0.174471 0.0261405 0.962541
-0.0730235 -0.0578453 -0.860765
-0.174471 0.311475 0.28392
-0.0730235 0.460715 0.0307386
0.390114 -0.276385 -0.0847994
0.29621 -0.174938 0.18142
0.432617 -0.275666 0.365714
-0.0730235 0.324379 0.0766656
-0.0730235 0.0427335 -0.695086
-0.17219 -0.276385 -0.687124
-0.168489 -0.276385 0.0903455
-0.0730235 0.276891 0.495809
0.177925 -0.276385 0.083391
-0.0730235 0.0995961 -0.145102
0.396692 -0.177144 0.109551
0.165295 -0.174938 0.899637
-0.0730235 0.316538 -0.500332
-0.174471 -0.168552 0.458997
0.110064 -0.174938 -0.364816
0.153656 -0.276385 -0.0345862
-0.0730235 0.433996 -0.0498742
-0.174471 -0.202326 0.526007
-0.174471 0.455562 0.306351
0.184542 -0.276385 0.723607
0.339625 -0.276385 0.873599
-0.147608 0.416379 1
-0.124928 0.534396 0.34524
-0.0730235 0.131165 -0.105906
0.169247 -0.236352 1
-0.0979991 -0.276385 -0.454571
0.115851 -0.276385 0.419727
0.106452 -0.276385 0.628684
-0.174471 -0.27442 0.000464791
-0.0730235 0.0936886 0.667295
0.0373425 -0.276385 0.861806
0.157912 -0.21246 -0.996999
0.379725 -0.276385 -0.159041
0.218779 -0.174938 0.376787
-0.0730235 0.297612 -0.030201
0.0689806 -0.276385 -0.565377
-0.0359262 -0.276385 -0.791551
-0.133254 0.534396 -0.144097
0.432617 -0.25757 -0.707446
-0.174471 0.209166 -0.75279
-0.0730235 0.170483 0.7498
0.0227996 -0.174938 0.876076
-0.174471 0.163611 0.822197
0.312205 -0.276385 0.548829
-0.0730235 0.100809 0.286515
-0.0730235 0.378916 0.918454
-0.0730235 0.337391 -0.726274
0.128602 -0.174938 -0.82753
0.282275 -0.276385 -0.525641
0.0150326 -0.276385 -0.949299
0.0469598 -0.174938 -0.417709
-0.0870367 0.518676 -0.094284
-0.0730235 -0.104665 -0.798247
0.342555 -0.276385 0.74285
0.026823 -0.276385 0.501485
-0.174471 0.0967205 -0.194608
-0.0730235 0.282961 -0.329407
0.169562 -0.174938 0.553614
-0.174471 0.438032 -0.965699
0.180173 -0.174938 0.61692
-0.174471 0.209912 0.705786
-0.174471 0.123943 0.081284
-0.0039699 -0.174938 0.413086
-0.0730235 0.465618 0.726666
-0.0730235 0.268327 -0.0587914
0.214207 -0.174938 0.721814
-0.174471 0.0781505 0.479887
0.0785899 -0.276385 -0.0702
-0.174471 0.398965 -0.26741
-0.0730235 0.130517 -0.211059
-0.0730235 -0.083765 0.142503
-0.174471 -0.036355 -0.8107
0.331469 -0.174938 0.089177
-0.0844402 0.515733 -0.178486
0.191838 -0.174938 -0.882221
-0.174471 -0.181531 0.408468
0.00660365 -0.276385 -0.185592
-0.0730235 0.473703 -0.122403
-0.174471 0.0394056 0.854608
-0.174471 0.0182429 -0.112688
-0.0730235 0.0230834 -0.991359
-0.0730235 -0.0125763 -0.0630069
-0.174471 -0.0292133 -0.28864
0.042743 -0.276385 0.569627
0.296178 -0.276385 0.628863
0.432617 -0.254861 -0.403884
0.395603 -0.276385 0.807027
-0.174471 0.358815 0.332167
0.0448208 -0.276385 -0.791752
-0.174471 0.184593 -0.704684
-0.0730235 0.447035 0.544245
0.322927 -0.276385 -0.671402
-0.174471 0.350314 -0.290869
-0.174471 0.376356 0.000487027
0.130454 -0.174938 -0.518315
0.432617 -0.238098 -0.589036
-0.0730235 0.199942 0.136645
-0.0800579 0.393773 -0.996999
0.0406743 -0.174938 0.48164
-0.0522107 -0.169814 -0.842502
-0.0150113 -0.276385 -0.744396
0.0624215 -0.276385 -0.432824
0.319011 -0.174938 -0.876877
-0.174471 0.0956039 0.960234
-0.0730235 0.43646 -0.30817
-0.0730235 -0.110534 0.614212
-0.0730235 0.220883 -0.120898
-0.174471 -0.273521 -0.434776
-0.142191 -0.276385 -0.619445
-0.174471 -0.247648 0.296444
-0.174471 -0.12761 0.0962342
-0.149862 -0.276385 -0.957859
-0.174471 0.100331 0.397566
-0.0723988 -0.276385 -0.179835
-0.120233 -0.276385 -0.58382
0.423561 -0.196737 0.345272
0.365487 -0.268431 1
-0.0145686 -0.174938 -0.419989
-0.171037 0.491728 1
-0.0852713 0.516726 -0.859979
0.314359 -0.174938 0.228013
-0.0730235 0.438854 0.890182
0.228827 -0.276385 0.654412
-0.174471 -0.0156691 0.994079
-0.174471 -0.0688769 0.683024
-0.0730235 0.366265 0.146136
-0.0730235 0.350501 0.65201
-0.0371476 -0.174668 -0.890306
0.240541 -0.174938 0.18545
-0.0730235 0.28798 0.0294388
0.297136 -0.179083 1
-0.174471 -0.129892 -0.361541
-0.0730235 0.450685 0.296987
0.193096 -0.174938 -0.0125403
-0.174471 0.093284 -0.807094
-0.174471 -0.241416 -0.144891
-0.140092 -0.276385 0.921271
-0.174471 -0.233602 -0.18921
-0.0730235 0.222065 -0.182478
-0.0730235 0.0050296 -0.0232676
-0.174471 0.452362 -0.76177
-0.174471 0.164564 -0.0473334
0.0023108 -0.276385 0.163223
-0.0730235 -0.128893 -0.623327
-0.153088 -0.276385 -0.76181
0.260301 -0.174938 0.631498
-0.133934 -0.161425 1
0.0683987 -0.174938 -0.639796
-0.174471 0.204862 -0.349388
-0.0730235 -0.0327572 -0.450444
-0.0730235 -0.0506156 -0.583049
0.407733 -0.276385 0.94659
-0.170735 -0.276385 0.196896
0.0496887 -0.174938 -0.221783
0.303791 -0.276385 0.0220282
0.427864 -0.204225 -0.881715
0.203019 -0.174938 0.863446
-0.0801304 0.509566 -0.498125
-0.148415 0.534396 -0.476391
-0.174471 0.396464 0.301252
-0.174471 -0.0701161 -0.217054
-0.174471 -0.148116 -0.897755
0.0195455 -0.175084 1
-0.174471 -0.105288 -0.323366
-0.174471 0.06421 -0.599554
0.102709 -0.276385 0.51927
0.241112 -0.276385 -0.982331
0.268953 -0.174938 -0.851927
-0.0730235 -0.015869 -0.539986
-0.0730235 0.0602176 0.217478
0.366569 -0.174938 -0.912277
-0.0730235 0.00893185 -0.616631
0.228278 -0.276385 -0.584008
-0.0730235 0.223873 -0.323862
-0.174471 -0.0283352 0.75819
0.190762 -0.174938 0.82425
0.408404 -0.182417 0.0601621
-0.174471 0.161983 -0.864912
-0.0730235 0.3477 0.611143
-0.174471 0.162095 -0.228232
0.0739285 -0.276385 -0.962389
-0.0730235 0.382697 0.182843
0.143181 -0.174938 0.633019
-0.174471 -0.0195733 0.446009
0.171863 -0.174938 -0.130071
0.230969 -0.174938 -0.191292
-0.0563282 -0.276385 0.423187
-0.0730235 0.106095 0.960127
0.000653169 -0.174938 -0.497378
-0.0730235 -0.0950398 0.832262
-0.103812 0.270949 -0.996999
-0.174471 0.0473659 -0.0338794
0.327158 -0.276385 -0.136574
-0.161073 -0.276385 0.529187
-0.0730235 0.448048 0.218086
0.123807 -0.276385 -0.47694
0.0165422 -0.174938 -0.35217
0.118578 -0.174938 -0.00851509
0.289074 -0.174938 -0.779048
-0.174471 -0.0771323 0.0476757
0.245949 -0.174938 -0.0412268
-0.174471 -0.0513279 0.407577
0.432617 -0.233074 -0.277058
-0.145048 0.0360065 -0.996999
-0.174471 0.426611 -0.319432
-0.0730235 -0.059976 0.95861
-0.118209 0.0139306 1
0.318394 -0.276385 -0.468975
0.138591 -0.276385 -0.9187
-0.0730235 0.24545 -0.894693
-0.0730235 -0.0619869 -0.501012
-0.174471 0.0727141 -0.523837
-0.0981835 0.45189 1
-0.174471 0.410084 -0.750649
0.296207 -0.276385 0.20877
0.18931 -0.276385 0.848557
-0.174471 0.0275614 -0.411626
-0.0730235 0.288608 0.259166
-0.156941 0.278707 1
0.355061 -0.276385 -0.934132
-0.0730235 0.0473844 -0.0246874
-0.174471 0.31574 0.871409
0.096792 -0.174938 0.233306
-0.0730235 -0.0857536 -0.0389022
0.0415289 -0.174938 -0.113677
-0.0730235 0.477415 0.819557
-0.0730235 0.102173 -0.367255
0.397665 -0.276385 -0.883077
-0.0730235 0.292925 0.388228
-0.174471 0.410533 -0.409849
0.426806 -0.276385 0.618197
-0.174471 0.358467 -0.0792269
0.267088 -0.276385 0.530714
0.0152641 -0.174938 -0.713758
-0.10969 0.455693 -0.996999
0.432617 -0.242362 0.081142
-0.174471 0.203104 0.0648537
0.0835886 -0.174938 -0.491915
-0.117582 -0.276385 0.816991
0.243629 -0.276385 -0.197178
-0.174471 0.124067 -0.930995
-0.174471 -0.200013 0.692677
-0.174471 0.455004 0.008665
-0.155572 -0.276385 -0.470031
-0.0730235 0.273053 0.312947
0.168049 -0.276385 0.474697
-0.166039 0.374254 -0.996999
0.319503 -0.276385 0.0633683
-0.124883 -0.276385 0.608609
-0.143107 -0.276385 -0.359084
-0.174471 -0.0504468 -0.383049
0.16701 -0.276385 -0.628669
-0.0730235 -0.0248077 0.819682
-0.174471 0.250688 -0.578762
-0.174471 -0.214814 0.484472
-0.0118294 -0.276385 0.199179
-0.134569 -0.276385 -0.71805
0.226277 -0.174938 -0.744067
-0.0730235 -0.0924565 -0.557423
-0.174471 0.0153781 0.92236
0.376712 -0.174938 0.0178277
-0.0730235 0.0074013 -0.39251
-0.144518 0.534396 -0.291266
-0.174471 0.436405 0.818247
-0.174471 -0.0317869 -0.449702
0.0936108 -0.276385 0.90509
0.17248 -0.276385 0.203059
-0.0730235 0.341642 0.217366
0.310219 -0.174938 -0.553907
-0.141021 0.198547 1
-0.0730235 0.314935 -0.578048
-0.174471 0.358488 0.679088
-0.174471 0.0762641 -0.312235
-0.0028326 -0.276385 -0.440752
-0.0730235 0.227522 0.899821
0.408538 -0.1825 -0.2706
0.0319533 -0.276385 0.23504
0.142556 -0.174938 -0.287259
-0.0730235 0.148782 0.707597
-0.174471 0.0351608 0.250471
-0.0455251 -0.276385 0.659636
-0.0730235 0.397079 -0.714798
-0.0730235 0.44557 -0.885433
-0.114386 0.533525 0.864089
-0.0730235 0.413552 -0.373064
-0.174471 -0.130741 -0.0291988
-0.174471 0.531803 -0.626368
0.115011 -0.174938 -0.0849137
-0.174471 0.231849 0.629614
-0.0852818 -0.276385 0.788196
0.364329 -0.276385 -0.198483
-0.0730235 -0.0575531 0.0103494
-0.174471 -0.11605 -0.622287
-0.174471 -0.169053 0.180708
0.179446 -0.276385 -0.205156
-0.0157937 -0.276385 -0.675984
-0.0730235 -0.0416081 -0.787619
-0.174471 0.488076 -0.899421
-0.0730235 0.117318 -0.673133
-0.00746677 -0.237769 1
-0.174471 0.326969 0.0507267
-0.0803883 -0.276385 -0.330765
-0.0846868 -0.260175 -0.996999
-0.0730235 -0.00350777 -0.204966
0.21697 -0.174938 0.791532
0.157175 -0.174938 -0.201628
0.0626296 -0.174938 -0.300603
-0.0730235 0.0285242 0.759735
-0.174471 -0.00269806 0.59356
0.432617 -0.240705 -0.116273
0.232056 -0.174938 -0.965516
-0.174471 -0.264484 0.650345
-0.174471 -0.140994 0.982888
-0.0727827 -0.138811 0.208607
-0.174471 -0.0729587 0.485156
-0.0263136 -0.174938 0.264507
-0.0730235 0.448057 0.152121
-0.174471 0.296092 -0.356951
-0.103995 0.222506 1
0.0445021 -0.276385 -0.707811
0.259261 -0.276385 0.432258
-0.174471 0.496988 0.819405
-0.174471 -0.13303 0.586845
-0.155764 -0.119773 -0.996999
0.0781088 -0.174938 0.187267
0.0653686 -0.218667 -0.996999
0.0418531 -0.271377 1
-0.174471 0.531554 0.394657
-0.13933 0.194942 -0.996999
-0.0730235 -0.02831 0.640908
-0.0730235 0.0567952 -0.919691
0.404577 -0.276385 -0.635024
-0.0730235 -0.0905529 -0.711616
-0.174471 -0.00705225 -0.0440809
0.342462 -0.174938 -0.224099
0.190523 -0.276385 -0.479046
-0.0730235 0.0781865 0.805349
-0.0730235 0.119184 0.872366
-0.174471 0.410664 -0.863156
-0.0730235 -0.0913348 0.350514
0.332745 -0.276385 -0.0973542
0.277311 -0.174938 0.495452
0.33976 -0.276385 -0.344502
-0.0730235 0.314581 0.725695
0.0598368 -0.276385 0.740179
-0.174471 0.0520639 0.99018
-0.0730235 -0.00413563 0.0163454
-0.0893387 -0.276385 -0.657757
-0.174471 -0.0700144 0.333203
0.104687 -0.174938 0.286198
0.373571 -0.174938 0.227872
-0.136838 0.534396 0.687067
-0.174471 -0.200203 -0.217722
-0.108283 -0.276385 0.552695
-0.174471 0.0661609 -0.172383
0.355612 -0.276385 -0.539462
-0.121104 0.534328 -0.360296
0.432617 -0.250498 0.546547
0.233302 -0.276385 -0.0367261
-0.174471 0.109368 0.90472
-0.174471 0.231839 0.383678
-0.174471 0.243401 -0.478776
-0.0839585 0.515133 -0.0277659
-0.136779 0.534396 0.567877
0.368196 -0.276385 0.32216
-0.0730235 -0.0510415 -0.266872
-0.174471 -0.165668 -0.744177
0.26194 -0.276385 -0.451696
-0.174471 0.0825391 -0.244187
0.0606325 -0.276385 0.793962
-0.0730235 0.157576 -0.854547
-0.0730235 0.401187 0.428512
-0.174471 0.515579 0.493188
-0.0338389 -0.174915 0.348693
-0.13873 0.534396 0.902837
-0.174471 0.212506 0.216264
-0.174471 0.266136 -0.93143
-0.174471 -0.0379568 -0.164682
-0.103581 0.530215 0.498627
-0.152079 -0.276385 -0.819613
-0.0730235 0.190755 -0.525019
-0.0730235 0.124881 0.0821292
-0.174471 0.507012 0.0588743
-0.174471 -0.0182017 0.517136
-0.174471 -0.218321 0.044844
-0.174471 0.369161 -0.338946
-0.0730235 0.262892 0.57528
0.34342 -0.174938 -0.592864
0.25506 -0.276385 0.623024
-0.0306455 -0.174938 -0.732972
-0.174471 0.218964 -0.23107
-0.174471 0.000825148 -0.483148
-0.10386 -0.276385 -0.118258
-0.174471 -0.250471 -0.609473
0.0126663 -0.276385 0.273057
-0.0730235 -0.0804785 0.481011
-0.0730235 0.233361 -0.393655
-0.0730235 0.125736 -0.563589
-0.174471 -0.210485 -0.122048
-0.174471 0.00146947 0.0909932
-0.0730235 0.0291948 -0.264695
0.42107 -0.193443 0.750386
0.337835 -0.174938 -0.272426
-0.112249 -0.276385 -0.0471829
-0.174471 -0.0697837 -0.0138621
-0.0911866 0.522566 -0.453475
-0.0730235 0.155357 0.358859
-0.0730235 0.255211 -0.204679
0.413851 -0.276385 -0.506793
0.410919 -0.184063 -0.336734
-0.0730235 -0.0502422 -0.343503
-0.0736661 0.491721 -0.538996
0.190775 -0.193819 1
-0.0678967 -0.276385 0.305047
0.285743 -0.174938 0.866175
-0.174471 -0.0299609 0.271057
0.190731 -0.276385 -0.32758
-0.0730235 0.333029 -0.366442
0.223433 -0.174938 0.258721
0.0989949 -0.276385 0.373894
-0.174471 0.113861 -0.655871
0.102058 -0.276385 -0.604292
0.245606 -0.276385 0.712183
0.432186 -0.219065 -0.520581
-0.174471 0.424993 -0.633441
-0.0314923 -0.276385 -0.50329
-0.0730235 0.4228 0.102686
0.0472752 -0.174938 -0.931008
0.400587 -0.276385 -0.296113
-0.0730235 0.415495 -0.181216
-0.174471 -0.229599 0.404931
0.0912749 -0.174938 0.825939
-0.0730235 0.0757378 -0.238334
-0.174471 -0.213771 -0.653282
0.399435 -0.178068 -0.837308
-0.174471 -0.163761 0.849771
0.113146 -0.174938 0.0976894
0.0726668 -0.174938 0.960516
0.3849 -0.276385 0.574664
0.134355 -0.174938 0.768816
-0.0730235 0.422503 -0.959456
-0.0730235 0.21465 0.200635
-0.174471 0.442257 0.174816
0.0396096 -0.276385 0.0233831
-0.174471 -0.240533 -0.742533
-0.0730235 0.092164 0.737009
-0.0730235 0.0680114 0.0257583
0.315701 -0.276385 -0.221641
0.134464 -0.276385 -0.326617
-0.174471 -0.0274264 -0.0118146
-0.174471 0.414289 -0.0416394
-0.174471 0.40731 -0.587677
-0.0750602 0.117515 1
0.432617 -0.24694 -0.0410061
-0.0730235 0.453543 -0.446781
-0.174471 -0.111985 -0.196413
-0.0684561 -0.153092 -0.506408
-0.0287369 -0.276385 0.270401
-0.174471 0.249737 0.253308
0.281242 -0.276385 -0.914864
0.328836 -0.174938 -0.0274593
-0.0730235 0.367406 0.404923
-0.0473293 -0.276385 0.863864
0.187885 -0.276385 -0.813735
-0.174471 -0.171084 -0.295869
0.0263081 -0.174938 -0.641437
-0.174471 0.00347482 -0.336616
0.226965 -0.276385 0.313288
0.160421 -0.276385 0.584803
-0.133577 -0.276385 -0.991323
-0.0730235 -0.0149809 -0.942583
-0.174471 -0.0510831 -0.585951
-0.174471 0.120013 -0.422708
0.113093 -0.276385 0.828723
-0.0730235 0.413737 -0.120627
-0.0730235 0.232463 -0.752551
-0.174471 -0.106139 -0.696669
-0.103354 -0.276385 -0.00696855
-0.174471 0.457446 0.986728
0.406761 -0.181452 0.550176
0.00851981 -0.174938 -0.177024
-0.0730235 0.11256 0.699011
-0.15619 -0.276385 0.887815
0.271845 -0.174938 0.730474
-0.174471 0.272403 0.656666
-0.0730235 0.341676 0.488018
-0.0851077 0.516534 0.763992
-0.174471 0.32523 0.948229
-0.174471 0.40721 -0.522645
0.432617 -0.266745 0.877318
-0.0730235 -0.0827451 0.217124
-0.0348762 -0.174867 0.389285
-0.174471 0.0559453 0.18132
0.0180773 -0.174938 -0.883721
-0.174471 -0.15286 -0.244334
0.432617 -0.268252 -0.170552
0.240706 -0.276385 -0.912667
-0.0730235 0.322613 0.347103
-0.143612 0.534396 0.232098
0.256205 -0.276385 0.759432
-0.0730235 0.126146 -0.922223
-0.0718183 -0.14421 0.431269
0.166916 -0.276385 -0.882794
-0.174471 0.409692 0.691473
-0.0657999 -0.157496 0.897882
0.405908 -0.180983 -0.403747
-0.0730235 0.236818 0.72854
-0.0730235 -0.0170141 -0.327905
-0.174471 0.102378 -0.996552
-0.0730235 0.451829 -0.194436
-0.072937 -0.137045 -0.745455
-0.140575 0.329667 1
0.273058 -0.276385 -0.0391842
0.230148 -0.204419 -0.996999
-0.0730235 0.154036 -0.737713
-0.174471 0.207591 -0.915734
-0.0730235 0.260103 0.0971476
-0.0730235 -0.0208338 0.856115
0.0562901 -0.276385 -0.831776
-0.174471 0.520692 -0.559414
0.0818401 -0.174938 -0.917777
-0.0730235 0.328763 0.883279
-0.174471 0.307958 0.115102
0.0318436 -0.276385 -0.453306
0.259876 -0.276385 0.873582
-0.0730235 0.425136 0.503889
-0.0202119 -0.276385 -0.969871
0.148444 -0.276385 0.342008
-0.0730235 0.0111474 -0.0971376
0.371533 -0.174938 0.184922
-0.174471 0.324368 0.538368
0.364117 -0.174938 -0.162759
-0.174471 0.458007 -0.188428
0.298371 -0.276385 0.681535
-0.174471 -0.211067 0.985233
0.0339206 -0.174938 -0.770816
0.409826 -0.276385 -0.332433
-0.0730235 0.482168 -0.903845
0.432617 -0.260943 0.315588
-0.0730235 0.108991 -0.479258
-0.0730235 0.181679 0.834596
0.0129097 -0.174938 -0.9964
-0.174471 -0.0570511 0.609724
-0.174471 -0.212349 0.24283
0.0702365 -0.276385 0.698616
-0.174471 0.117076 -0.848603
-0.174471 0.197092 -0.158363
0.351239 -0.276385 -0.0138457
-0.134804 0.0709303 -0.996999
-0.174471 0.153188 0.908025
-0.174471 -0.189396 -0.710432
-0.0730235 0.0694704 0.472472
-0.174471 -0.204039 0.114741
0.11759 -0.276385 0.149121
0.363091 -0.27404 -0.996999
-0.147263 0.259236 -0.996999
-0.174471 0.219243 0.563468
-0.174471 0.155681 0.966315
-0.0730235 -0.132665 -0.904764
-0.0730235 0.398437 0.691811
-0.0730235 0.0749685 0.517846
-0.174471 0.231764 -0.622827
-0.0730235 0.138523 0.181838
-0.138342 -0.276385 -0.173116
0.0995132 -0.174938 0.52721
0.407568 -0.276385 -0.388769
0.240235 -0.174938 -0.665867
-0.174471 0.494701 -0.516219
-0.0730235 0.091154 0.401954
0.0331257 -0.174938 0.362982
-0.174471 0.441376 0.765428
-0.174471 -0.0857586 0.267626
-0.130362 0.534396 0.106454
0.159795 -0.174938 -0.899144
0.118275 -0.276385 0.0337806
-0.174471 0.513773 0.299892
-0.0712923 -0.146119 0.0858981
-0.0730235 0.304721 -0.796097
-0.174471 -0.0590984 -0.745405
-0.0992779 -0.276385 0.4437
-0.174471 0.501092 0.873349
0.262322 -0.276385 -0.319123
-0.0730235 0.23075 -0.466512
0.155345 -0.174938 0.344204
-0.0249158 -0.174938 0.523296
0.260414 -0.276385 -0.109512
-0.070465 -0.276385 0.147159
-0.0730235 -0.118349 -0.37131
-0.0730235 0.261314 0.19725
0.0679936 -0.210029 1
-0.0730235 0.0940142 -0.809418
0.337288 -0.174938 -0.104444
0.241638 -0.276385 -0.416367
-0.00642151 -0.276385 -0.0778418
-0.0834713 0.16203 1
-0.174471 -0.167923 -0.167655
-0.174471 0.385911 0.983122
-0.0681145 -0.276385 0.934492
-0.0730235 0.063586 0.589332
-0.0730235 0.181672 0.681919
-0.0729504 -0.136833 0.774393
-0.0353087 -0.274477 1
0.150978 -0.276385 0.657288
-0.0730235 0.107121 -0.443186
0.43252 -0.276385 -0.867527
-0.0730217 -0.134787 -0.434877
-0.0730235 -0.0641558 0.419055
-0.173747 0.534396 0.968259
-0.174471 0.469125 -0.138005
0.360185 -0.276385 0.247967
0.0255177 -0.276385 -0.905512
0.432617 -0.275525 -0.907969
-0.174471 -0.150433 -0.0622393
0.110925 -0.174938 -0.981155
0.0527616 -0.174938 -0.374345
-0.174471 0.356464 -0.638877
-0.0403688 -0.276385 0.343106
0.112894 -0.276385 -0.442719
-0.174471 -0.185748 0.0211353
0.0472155 -0.276385 -0.639161
-0.0730235 0.423607 -0.770904
-0.0734951 0.490573 0.141804
0.41816 -0.276385 -0.570398
-0.0730235 0.174328 0.0342876
-0.0730235 0.462909 -0.237275
-0.0246902 -0.174938 0.216373
-0.0278025 -0.276385 -0.00933938
0.161872 -0.276385 0.789124
-0.0730235 -0.0220206 0.437129
-0.0902854 -0.276385 0.978451
-0.174471 -0.101488 -0.85775
0.42322 -0.196251 0.677576
0.409 -0.182788 -0.630291
-0.174471 0.292833 -0.480781
0.119895 -0.276385 -0.256771
0.432617 -0.275343 -0.813628
0.292043 -0.174938 0.113448
-0.0736035 0.2304 -0.996999
-0.0730235 0.129582 -0.960972
-0.166588 -0.234454 -0.996999
-0.0730235 0.161642 -0.489313
-0.174471 0.115875 0.625652
-0.0824651 -0.276385 -0.729901
0.234597 -0.276385 0.78936
0.262174 -0.276385 0.831793
0.372268 -0.276385 -0.445532
-0.170909 -0.276385 0.983077
-0.0730235 0.235704 0.134561
0.397971 -0.276385 0.190096
0.0250897 -0.276385 -0.74626
0.312276 -0.276385 -0.708932
0.265058 -0.276385 -0.377787
-0.0730235 0.295597 -0.363228
0.371771 -0.276385 -0.666824
0.412318 -0.185076 -0.0137249
0.16578 -0.276385 -0.0687411
-0.128725 0.534396 -0.981336
0.153511 -0.174938 -0.357354
-0.174471 -0.0244061 0.310832
-0.0730235 0.304624 0.912148
-0.109638 0.532395 -0.826213
-0.174471 -0.219768 -0.370612
0.137971 -0.174938 0.706028
-0.174471 0.299265 0.813115
-0.174471 0.362626 -0.526731
0.127736 -0.174938 -0.688106
0.428963 -0.206759 -0.80257
0.187533 -0.174938 -0.610787
-0.174471 0.168715 0.264962
0.155784 -0.174938 -0.489827
0.0688245 -0.276385 0.932574
-0.174471 0.40015 -0.215348
0.0617118 -0.276385 0.31187
-0.174471 0.395747 0.517986
-0.106884 -0.276385 0.855948
-0.0730235 -0.0877187 0.761365
-0.0730235 0.193887 -0.956162
0.314379 -0.174938 -0.804018
-0.0730235 0.0876533 -0.696601
-0.0730235 0.101262 0.593845
0.170386 -0.276385 -0.263165
-0.174471 0.00557813 -0.686734
0.333397 -0.174938 -0.526447
-0.138886 -0.276385 0.956782
-0.174471 0.458615 0.251482
-0.174471 -0.0882724 -0.255718
-0.174471 -0.096715 0.222803
0.300676 -0.174938 -0.744604
0.264272 -0.276385 0.26996
-0.0730235 0.178446 0.956048
-0.0730235 0.331588 0.436706
-0.0552161 -0.167965 -0.464703
-0.174471 0.205256 0.14465
-0.00286771 -0.276385 -0.394959
-0.174471 0.378774 0.0941152
-0.0730235 0.402118 -0.339506
0.286018 -0.204338 -0.996999
-0.174471 0.527032 0.903844
-0.174471 0.0148959 -0.64992
0.0441134 -0.174938 0.770276
-0.0939743 -0.276385 0.372479
-0.174471 -0.134775 0.507485
-0.174471 0.300058 -0.872222
0.0446123 -0.276385 0.394848
0.164377 -0.174938 -0.821956
-0.174471 0.128204 -0.704757
-0.174471 -0.070268 -0.96092
0.427289 -0.203032 -0.917745
-0.174471 0.131326 -0.133163
-0.174471 0.0505494 0.0589492
-0.0730235 0.161971 -0.975071
-0.174471 0.0441091 -0.91739
-0.0319145 -0.174938 0.786109
-0.124516 -0.276385 -0.248852
-0.0737142 0.492015 -0.418031
-0.0730235 0.232239 0.306306
-0.0730235 0.214372 0.264537
-0.0735734 0.491121 0.360786
0.0525301 -0.276385 0.529527
-0.151007 -0.276385 0.495387
-0.174471 -0.127707 0.660544
0.176009 -0.276385 0.689392
0.0983953 -0.174938 0.645051
-0.174471 0.437302 -0.823158
0.214497 -0.276385 0.932475
-0.174471 0.503665 -0.0460181
-0.0730235 -0.0331597 -0.133834
0.308898 -0.276385 0.806045
-0.0904233 0.521914 0.568985
0.398814 -0.276385 0.428609
-0.174471 0.480007 -0.960519
-0.174471 -0.107547 0.443641
-0.159553 -0.276385 0.614744
0.423936 -0.197284 0.438847
0.413043 -0.18563 0.172109
-0.0875003 0.519156 -0.32512
-0.0730235 0.11034 -0.74251
0.0695879 -0.276385 0.183907
-0.174471 0.297693 -0.634088
-0.174471 0.266684 -0.966581
0.10184 -0.174938 -0.754104
-0.0730235 0.352873 0.312285
-0.174471 -0.071042 -0.331259
0.15242 -0.276385 -0.772448
0.0402951 -0.276385 0.0855222
0.432617 -0.274343 0.0438149
0.216273 -0.276385 -0.0748508
-0.0818597 0.512279 0.929025
-0.174471 0.499786 -0.321373
-0.0921668 0.523366 0.79813
0.402093 -0.276385 0.486368
-0.0730235 -0.0995783 0.103305
0.214155 -0.174938 -0.138326
-0.174471 -0.179475 -0.408526
-0.0687491 -0.152517 0.669567
0.033946 -0.276385 -0.564732
-0.158756 0.534396 -0.869907
0.178935 -0.174938 -0.958326
-0.174471 0.14819 0.0339556
-0.0730235 0.416124 0.574098
-0.0730235 0.228318 0.379386
-0.0457882 -0.276385 -0.0764875
-0.0730235 0.163833 -0.426694
0.18894 -0.174938 -0.751443
0.401454 -0.178861 0.905935
0.413108 -0.276385 0.703395
-0.0730235 -0.0335334 -0.822805
0.050232 -0.174938 0.0203405
0.303896 -0.174938 -0.0860596
-0.00500566 -0.276385 0.0975877
-0.0730235 0.321228 -0.10518
-0.174471 0.0271998 0.74196
-0.174471 -0.072717 -0.820705
-0.0936584 -0.276385 -0.512682
-0.0730235 0.0234426 0.281665
-0.0730235 0.370423 0.537609
0.401444 -0.253358 -0.996999
-0.174471 0.396462 0.202427
0.188512 -0.174938 -0.564792
0.229482 -0.174938 0.129953
0.298672 -0.276385 -0.387068
0.276701 -0.276385 -0.651609
-0.174471 0.321261 0.246273
0.430559 -0.21136 0.961078
-0.0589736 -0.165086 0.459107
-0.0730235 0.407491 -0.882473
-0.174471 0.349711 0.730365
-0.174471 0.501144 0.777797
0.151056 -0.174938 0.821234
-0.174471 0.222673 -0.0816025
-0.174471 0.455854 -0.469677
-0.0730235 0.119638 -0.638365
-0.0230129 -0.276385 -0.22136
0.20375 -0.276385 0.427552
-0.174471 -0.153409 0.808925
-0.174471 -0.217549 0.912991
0.294254 -0.276385 -0.960515
-0.174471 -0.133712 0.343171
-0.0730235 0.342265 -0.535953
0.0532033 -0.174938 0.892919
-0.103126 0.530016 -0.0563745
0.0642243 -0.174938 0.456081
0.278772 -0.174938 -0.621666
-0.107484 0.265371 1
0.296563 -0.276385 -0.557297
0.158803 -0.174938 -0.632226
-0.0730235 -0.131834 -0.57771
-0.0730235 0.393878 0.355362
-0.0730235 0.38352 -0.211033
0.340088 -0.174938 0.664143
-0.0730235 0.360343 -0.324936
-0.0730235 -0.109643 0.277372
-0.174471 -0.0382714 0.484992
-0.174471 0.240403 -0.0407168
0.261415 -0.276385 -0.713266
-0.174471 -0.102849 0.916582
-0.174471 0.409295 0.74132
-0.0730235 0.443176 0.619717
0.143752 -0.174938 -0.43437
-0.174471 0.321737 0.319842
-0.0730235 -0.00749678 0.570266
-0.0730235 0.478738 -0.611185
-0.0730235 -0.0333803 -0.713954
-0.0730235 0.470367 -0.0331861
0.369576 -0.276385 -0.855146
-0.174471 -0.119424 -0.533715
0.244103 -0.276385 -0.350228
-0.174471 0.186722 0.854478
-0.0914409 0.522778 -0.714051
-0.0475781 -0.276385 0.738943
-0.105955 0.0900196 -0.996999
0.420165 -0.192372 0.129871
-0.165353 -0.276385 0.681504
-0.174471 0.290108 -0.0555246
0.209906 -0.174938 0.592708
0.0416934 -0.174938 0.251731
-0.174471 -0.210518 0.607087
0.0465295 -0.276385 0.662036
-0.0730235 0.169582 -0.0224981
-0.072245 -0.276385 -0.296057
-0.151602 0.534396 -0.341506
-0.174471 -0.208704 -0.439868
0.41581 -0.187945 0.236797
-0.0730235 0.266238 -0.406279
-0.0730235 0.125644 0.466161
-0.174471 0.338396 -0.244614
-0.0730235 0.120302 -0.0139274
0.431195 -0.276385 -0.222685
-0.0308531 -0.174938 0.142497
-0.174471 -0.0658123 0.553206
-0.0730235 0.386441 -0.481752
-0.174471 0.155454 0.53825
-0.174471 0.0901305 0.512173
-0.0293957 -0.276385 0.531955
0.32468 -0.276385 0.37553
-0.00262402 -0.174938 0.328501
0.41902 -0.276385 -0.780792
-0.174471 0.199919 -0.564401
0.135844 -0.276385 -0.972792
0.00720562 -0.276385 0.678396
0.0926645 -0.174938 -0.317613
-0.0719001 -0.21171 1
-0.072307 -0.141987 -0.781585
0.312016 -0.174938 -0.323663
-0.0565235 -0.167041 0.197609
-0.174471 0.448927 0.0853509
-0.0730235 0.320784 -0.227355
-0.174471 -0.101632 -0.777621
0.145629 -0.276385 -0.848369
-0.174471 0.190523 -0.00766456
0.344876 -0.276385 -0.601196
-0.174471 0.400234 0.945005
-0.174471 -0.174477 -0.842418
-0.0730235 0.106583 0.769
-0.0730235 0.243532 -0.65084
-0.0730235 -0.0515823 0.584954
-0.0730235 0.40741 -0.0240745
-0.174471 0.141375 -0.257958
-0.174471 0.501051 -0.122626
-0.0730235 -0.00335308 0.919625
-0.0730235 0.177048 -0.359791
-0.138291 0.087494 1
-0.0725975 -0.14026 -0.970248
-0.174471 -0.0609647 -0.527771
-0.0881759 0.519833 -0.949871
-0.0730235 0.0276145 -0.571927
-0.174471 -0.0958807 0.776708
0.177907 -0.276385 -0.010421
0.316502 -0.276385 0.898838
-0.0730235 0.303855 0.522071
-0.0730235 0.354463 0.0193344
-0.174471 -0.203 0.188142
-0.0730235 0.413974 0.990326
-0.0201517 -0.174938 -0.12402
-0.174471 0.346202 0.984613
0.361791 -0.174938 0.104965
-0.0730235 -0.018883 -0.278462
-0.174471 0.00151236 0.654151
-0.174471 0.0240156 0.125188
-0.174471 0.0127232 0.433197
0.197996 -0.276385 0.0557745
-0.0730235 0.230741 0.543019
-0.174471 0.0471281 -0.88084
-0.0730235 0.377299 0.9997
0.0855344 -0.276385 -0.646069
0.174472 -0.174938 -0.0572727
0.296084 -0.276385 0.10937
0.114643 -0.239608 -0.996999
0.336893 -0.174938 0.412948
-0.174471 0.511951 0.634517
-0.0730235 0.364161 0.80368
-0.133962 0.534396 0.962975
0.216147 -0.276385 -0.696684
-0.0591808 -0.164906 -0.305032
0.414679 -0.186958 -0.212678
-0.152586 0.141183 -0.996999
-0.0730235 -0.0861039 -0.923657
0.195899 -0.276385 -0.73924
-0.174471 -0.24835 -0.82297
-0.0730235 0.0476611 -0.867653
-0.174471 -0.00377701 -0.964644
0.40203 -0.179106 -0.538737
-0.174471 0.378043 0.615309
-0.026751 -0.276385 -0.466372
0.285111 -0.276385 0.407371
0.0154437 -0.276385 0.913005
0.432617 -0.246762 0.637334
-0.174471 0.064617 0.409987
-0.120115 0.534266 0.0444211
0.402759 -0.179428 -0.116764
-0.174471 -0.14853 0.926937
0.250207 -0.276385 -0.844377
-0.109512 -0.276385 0.146542
0.0799896 -0.276385 0.243833
-0.0422711 -0.173739 0.937936
0.225967 -0.242593 -0.996999
-0.0415883 -0.276385 0.478439
-0.0958629 0.526044 0.215252
-0.0730235 0.395382 0.0538306
0.245224 -0.214845 1
-0.174471 0.493617 0.601415
-0.174471 0.191225 -0.960867
0.32758 -0.174938 0.47436
0.36932 -0.174938 0.294849
-0.0730235 0.378351 -0.542033
-0.174471 0.0890867 0.836024
-0.0730235 0.0789033 -0.761748
-0.174471 -0.14636 -0.48191
-0.0730235 -0.124675 0.0378332
0.343461 -0.174938 0.723621
-0.0730235 0.246258 0.43506
-0.0730235 0.337424 0.959335
-0.0730235 0.0046552 0.687457
-0.174471 0.412258 0.372211
-0.0730235 0.00620548 0.638774
0.127773 -0.174938 -0.618369
-0.0730235 0.187836 -0.233068
0.386683 -0.276385 0.29137
0.241188 -0.276385 -0.285102
0.318915 -0.276385 0.292189
-0.150596 0.534396 0.174289
-0.174471 0.0845182 -0.12415
0.276816 -0.276385 0.341525
0.0881352 -0.174938 0.717605
0.376755 -0.174938 0.783863
0.044351 -0.276385 0.159594
-0.0730235 0.0953664 0.924896
0.276801 -0.174938 0.561409
0.334068 -0.276385 0.515599
-0.150879 0.534396 -0.929867
-0.0366863 -0.174719 -0.392911
0.417225 -0.189267 -0.371339
-0.174471 -0.248085 -0.0206917
0.00748263 -0.174938 0.738871
-0.174471 0.197946 0.441288
-0.0730235 -0.045651 0.36833
0.180274 -0.276385 0.612105
0.213954 -0.276385 -0.00809505
-0.0730235 -0.0525955 0.752241
-0.174471 0.524393 -0.226248
0.0315105 -0.276385 -0.673668
-0.0505795 -0.170675 -0.969768
-0.174471 0.30183 -0.589756
-0.174471 0.50777 -0.78391
0.228709 -0.174938 -0.896095
-0.174471 -0.00922158 0.0219772
-0.0730235 -0.0846478 -0.427227
-0.174471 0.268202 -0.781108
0.35563 -0.276385 0.691394
-0.174471 0.444084 -0.413537
-0.0641345 -0.15973 0.398582
0.205468 -0.174938 0.759878
-0.174471 0.411189 -0.471946
0.231366 -0.174938 -0.0780958
-0.0730235 0.30022 -0.900514
0.306787 -0.174938 -0.207429
0.299065 -0.255975 1
-0.174471 0.117316 -0.0130812
-0.0730235 0.24155 0.801919
-0.0994625 -0.098913 1
0.145473 -0.276385 0.949483
-0.174471 -0.20894 -0.582705
0.246076 -0.174938 0.966188
0.432617 -0.24219 0.275302
0.0578444 -0.276385 -0.13479
-0.0730235 -0.029849 0.477564
-0.0730235 0.0246261 0.528634
-0.174471 -0.0128421 -0.256645
-0.0730235 0.0633736 0.651683
-0.11924 0.534196 -0.393821
-0.0730235 0.165062 -0.0632848
0.0656315 -0.276385 0.463372
-0.174471 0.17499 0.574564
-0.174471 0.0436298 0.537313
0.213921 -0.276385 0.879773
0.0964774 -0.276385 -0.0183735
-0.174471 -0.146459 0.234741
-0.174471 0.302428 0.593603
-0.174471 -0.0665142 -0.891128
-0.0730235 -0.0691769 -0.0899797
-0.106805 0.123509 -0.996999
-0.0730235 0.163051 0.561445
-0.0730235 0.106086 -0.856449
0.332759 -0.174938 -0.150999
-0.0730235 -0.0705407 -0.614631
-0.0730235 0.147299 0.774559
0.0545235 -0.174938 -0.526215
0.251696 -0.276385 0.378819
-0.0730235 -0.0745167 -0.781772
-0.0730235 -0.0527879 -0.230349
-0.174471 0.27847 0.525905
-0.174471 0.422046 -0.936396
-0.0238623 -0.276385 0.407265
0.0781924 -0.276385 0.865684
-0.174471 -0.0121765 -0.581555
-0.174471 0.51855 0.844863
0.117067 -0.276385 -0.810073
0.106947 -0.174938 0.350103
-0.0730235 0.0704785 0.270488
0.252263 -0.174938 0.802597
-0.0730235 0.315078 0.148954
0.422149 -0.194801 -0.0859812
-0.174471 0.21072 0.516109
0.424665 -0.276385 0.141614
-0.0281798 -0.174938 0.69428
-0.0730235 0.106259 0.529305
-0.174471 0.442388 0.635112
-0.174471 0.142007 0.60499
-0.0730235 0.174717 0.26297
-0.174471 0.48897 -0.202847
-0.174471 0.028506 0.473695
0.216103 -0.276385 0.365607
0.353999 -0.276385 0.138311
0.219127 -0.174938 -0.474054
-0.0730235 0.170631 0.634537
-0.0730235 -0.0653791 -0.161029
-0.100737 -0.151856 1
0.349188 -0.276385 -0.792974
-0.174471 0.0516122 -0.103567
-0.0730235 0.0961574 -0.520208
-0.0427828 -0.276385 -0.913639
-0.174471 -0.117627 0.8094
0.0734824 -0.276385 0.976146
-0.174471 0.146295 0.314455
-0.174049 -0.276385 -0.105469
0.426602 -0.201703 -0.424836
-0.0730235 0.0940795 -0.295214
-0.174471 -0.25187 0.429589
0.110271 -0.276385 0.183992
0.245183 -0.174938 -0.113686
0.123655 -0.174938 -0.216377
-0.174471 0.0723216 -0.0557526
-0.0730235 0.110711 0.204084
0.171304 -0.275111 -0.996999
-0.0730235 0.391475 -0.14544
0.432617 -0.252628 0.478533
-0.0730235 0.028432 0.442282
0.259222 -0.276385 0.932381
-0.0730235 -0.124428 0.352212
-0.174471 0.234783 0.828707
-0.174471 0.388401 -0.784825
-0.174471 -0.169651 0.63723
-0.174471 0.50407 0.124266
-0.174471 0.0370267 0.789483
-0.174471 0.298023 -0.000736321
-0.174471 0.514696 -0.402474
-0.0162624 -0.276385 0.635442
0.148948 -0.174938 -0.163602
0.42589 -0.276385 -0.101036
0.249036 -0.174938 -0.592928
-0.0730235 0.232129 -0.0449959
-0.174471 0.0283152 0.360399
0.432617 -0.275008 -0.460632
-0.174471 0.51014 0.228452
-0.10392 0.530361 -0.128325
-0.174471 -0.151499 0.293412
-0.0730235 0.267558 0.684346
0.382779 -0.174945 -0.476479
-0.174471 0.0250992 0.213521
-0.174471 0.503142 -0.642779
0.095024 -0.174938 0.394523
0.15413 -0.276385 0.86117
0.00351645 -0.174938 -0.788049
-0.0730235 0.0461592 0.170591
0.332079 -0.174938 0.81859
-0.0730235 0.325494 0.85025
-0.174471 0.111589 0.759808
-0.0730235 0.230275 -0.499832
0.0606188 -0.174938 -0.807617
-0.0681545 -0.153662 -0.402873
0.176978 -0.174938 -0.241998
-0.174471 0.12727 0.167777
-0.0730235 -0.0997727 0.7051
-0.0730235 0.0425114 0.695378
-0.174471 0.260291 -0.419241
-0.0730235 0.415294 -0.0865159
-0.174471 0.247113 -0.828195
0.0429749 -0.174938 -0.151886
0.42015 -0.192355 0.51587
0.314463 -0.276385 -0.890659
-0.174471 0.354867 0.560829
-0.174471 -0.216213 -0.0790735
-0.174471 0.394214 0.0281218
-0.0730235 -0.0817611 0.306368
-0.174471 -0.0998 0.117099
0.425533 -0.199808 0.28572
-0.0730235 0.30106 -0.740881
-0.0730235 0.186269 -0.922333
0.0414502 -0.276385 -0.176897
-0.174471 -0.145829 -0.817522
0.159403 -0.174938 0.747555
-0.0730235 -0.0403003 0.928473
-0.146482 -0.0365604 1
-0.0897413 0.308854 1
-0.174471 0.329346 0.0834613
-0.174471 -0.0833129 0.976168
0.432617 -0.232627 0.733785
0.0361613 -0.174938 0.696179
0.0932508 -0.276385 -0.745342
-0.0285774 -0.276385 0.91104
0.00317976 -0.276385 0.466419
0.368467 -0.276385 0.207481
-0.0730235 0.138716 0.0441889
0.312423 -0.174938 -0.676112
-0.174471 0.307145 -0.1816
0.24565 -0.174938 0.663623
-0.174471 0.243762 0.708617
-0.158153 0.321128 -0.996999
0.383674 -0.174969 0.617844
-0.00218681 -0.276385 0.71408
0.352372 -0.174938 0.846506
-0.15947 0.534396 0.518777
-0.0649141 -0.276385 -0.445837
-0.0786177 -0.276385 0.619596
-0.0730235 0.0593902 -0.189739
-0.174471 0.150475 0.101936
-0.146106 0.534396 0.268334
-0.174471 0.0981127 -0.383766
0.075394 -0.276385 -0.498938
-0.174471 0.0514342 -0.36079
0.0441764 -0.174938 0.835965
0.372126 -0.174938 0.965052
-0.0729333 -0.137102 -0.848277
0.109099 -0.174938 0.165886
-0.174471 -0.120876 -0.918669
-0.0730235 0.0519193 0.728358
0.381202 -0.276385 -0.505343
-0.174471 0.166585 0.757488
-0.0730235 0.223569 -0.821337
0.299359 -0.276385 -0.1561
-0.0164464 -0.276385 0.968733
0.182803 -0.174938 0.0923699
-0.174471 0.157825 0.670666
-0.0730235 0.410607 0.850326
0.382798 -0.174946 -0.702091
0.177913 -0.276385 0.166868
-0.0730235 0.179268 0.43835
0.337495 -0.253889 -0.996999
-0.174471 0.529867 0.691966
-0.174471 0.442599 0.485308
-0.0730235 0.464033 -0.733105
0.257834 -0.174938 -0.449658
-0.174471 -0.146867 -0.556309
0.311599 -0.174938 -0.382285
-0.0939405 0.524715 0.996704
-0.0730235 0.379957 -0.824144
-0.174471 0.179306 -0.30661
0.298718 -0.276385 -0.25228
0.199355 -0.174938 -0.678711
-0.0757011 0.499935 0.43288
-0.00688106 -0.200762 -0.996999
-0.174471 0.193122 -0.456651
-0.174471 -0.245031 -0.418036
-0.174016 0.534396 -0.742891
-0.0730235 0.0483342 0.824654
0.398502 -0.215073 -0.996999
-0.174471 -0.271459 0.585231
-0.118835 0.534158 0.288678
-0.0244936 -0.174938 0.584826
0.332094 -0.174938 -0.736283
0.429381 -0.207835 0.0480551
-0.0654391 -0.276385 0.569654
0.164404 -0.174938 -0.322781
-0.174471 0.461129 0.601307
-0.0730235 0.455753 0.940364
0.132215 -0.174938 -0.879106
-0.145845 0.534396 0.795894
0.218192 -0.276385 0.820065
0.361018 -0.174938 0.351429
-0.0730235 0.0527714 0.918105
-0.174471 -0.12109 0.390057
0.197088 -0.174938 0.310856
-0.0555621 -0.167728 -0.797733
0.0101701 -0.174938 -0.105318
-0.0730235 0.138751 -0.796442
-0.0730235 -0.0212137 0.322374
-0.0579359 -0.276385 -0.249881
-0.135758 0.534396 -0.506254
-0.0232957 -0.174938 -0.467731
-0.174471 -0.275149 0.16356
0.432617 -0.264353 0.20422
-0.174471 -0.201265 -0.0225486
-0.174471 -0.0355035 0.152855
-0.0730235 0.320495 0.0362893
0.315621 -0.174938 0.612866
-0.0730235 0.120408 -0.175326
0.416686 -0.276385 -0.0376094
-0.174471 -0.184843 0.351747
-0.0349768 -0.276385 -0.390306
0.0146546 -0.174938 0.805035
-0.174471 -0.156659 0.134731
0.17449 -0.174938 0.148977
0.268974 -0.174938 -0.96525
0.383086 -0.174952 0.577344
-0.174471 -0.176031 -0.921736
-0.174471 0.396482 -0.648708
-0.0730235 0.35594 -0.936601
-0.0121531 -0.276385 -0.325289
-0.174471 0.232555 -0.86596
-0.174471 0.129832 0.447799
-0.174471 -0.14937 -0.64347
-0.174471 -0.103695 0.177935
0.22198 -0.185528 1
-0.174471 0.340309 0.189701
0.100533 -0.174938 -0.636672
-0.0730235 0.050019 0.972594
-0.0730235 0.214758 -0.684606
-0.0730235 0.18955 0.0991981
0.432617 -0.243368 0.166277
0.358745 -0.276385 0.814938
-0.174471 0.202959 -0.414752
-0.0730235 0.143579 -0.241159
-0.0730235 0.0610431 -0.954651
-0.0730235 0.266615 0.961272
-0.174471 0.34421 -0.0426452
-0.0730235 0.0542338 -0.636688
0.116358 -0.174938 0.44695
0.0771222 -0.276385 -0.773861
-0.174471 0.250157 -0.104207
-0.0942309 -0.276385 -0.936025
-0.0269346 -0.174938 -0.765904
0.327617 -0.174938 0.161501
0.296516 -0.174938 0.534566
0.423866 -0.197181 0.57339
0.0371315 -0.276385 -0.972706
0.10249 -0.276385 0.687803
-0.174471 0.0740869 0.617053
0.382178 -0.276385 0.923057
0.432617 -0.253884 0.819151
-0.117599 -0.276385 0.336064
-0.174471 0.47474 -0.837824
0.397244 -0.244751 1
0.248712 -0.174938 -0.232728
-0.0730235 0.0591741 -0.311287
0.131249 -0.174938 -0.952625
0.299362 -0.276385 0.477694
0.136134 -0.276385 0.459401
-0.174471 0.22074 0.950564
0.336254 -0.174938 0.288907
-0.174471 -0.00435429 0.735904
0.380953 -0.276385 -0.0539436
-0.0141443 -0.174938 -0.525884
0.13058 -0.276385 0.781901
0.416885 -0.188941 -0.593195
0.157556 -0.206165 1
-0.174471 0.37834 0.46482
-0.168311 0.244183 1
-0.174471 0.121845 0.983762
-0.174471 0.320021 0.641419
-0.174471 0.148177 -0.594625
0.371653 -0.276385 0.105463
-0.0730235 0.00332356 -0.511285
0.0360841 -0.276385 0.61571
-0.174471 0.345609 -0.686669
-0.174471 0.471282 -0.735659
-0.174471 -0.261808 0.85892
-0.00522154 -0.276385 -0.618926
0.330082 -0.174938 -0.961544
-0.127857 -0.276385 -0.521504
-0.0730235 -0.0522144 0.068973
-0.0730235 0.360612 0.243188
-0.00917156 -0.174938 -0.00294171
0.332347 -0.174938 0.755357
-0.174471 0.221767 -0.514942
-0.174471 0.497469 -0.674996
-0.0779317 0.50544 -0.388531
0.426116 -0.200818 0.477981
0.365266 -0.174938 -0.336075
-0.0730235 0.177313 -0.636278
0.401363 -0.276385 0.643804
0.037213 -0.276385 0.340422
-0.174471 -0.186769 0.301262
-0.174471 0.373088 0.777967
-0.174471 0.285921 -0.207536
-0.0730235 0.42893 -0.419122
-0.174471 -0.000134549 0.374938
-0.174471 0.375025 0.896216
0.39004 -0.276385 0.259325
-0.174471 0.356916 -0.851874
-0.174471 0.0975635 -0.591266
-0.0730235 -0.0698792 -0.736102
-0.0730235 0.23584 0.0677297
0.192361 -0.174938 0.942817
0.209091 -0.174938 -0.285486
-0.0730235 -0.0497821 0.872447
-0.174471 0.327422 -0.792218
-0.174471 -0.0318786 0.220217
-0.0730235 -0.0449502 0.256374
-0.0730235 0.00369536 -0.916305
-0.0730235 0.362004 0.891416
-0.174471 0.328371 -0.756237
-0.14186 0.534396 -0.675037
-0.009199 -0.174938 0.924596
-0.0814723 0.511703 -0.289457
0.149272 -0.174938 -0.561277
0.3083 -0.276385 0.138779
0.270435 -0.174938 -0.54052
-0.174471 0.00310946 -0.197048
-0.0730235 0.00704064 0.871474
0.156908 -0.276385 0.142963
-0.0730235 0.435553 -0.4931
-0.174471 0.00472722 0.151343
-0.0824139 0.513074 0.0767219
-0.174471 0.401119 -0.339812
-0.174471 0.386209 0.269601
-0.174471 0.533835 0.32637
-0.174471 0.101184 -0.876126
-0.0106883 -0.276385 -0.291236
-0.152609 0.534396 0.000364006
-0.174471 0.265243 0.28837
-0.0699575 -0.276385 -0.623749
0.158235 -0.276385 0.0247283
0.0164998 -0.174938 -0.84429
-0.0730235 -0.0482466 0.301844
0.191891 -0.276385 0.757303
-0.174471 0.47484 -0.0699829
-0.0566753 -0.244713 -0.996999
0.432353 -0.220496 0.118601
0.336143 -0.276385 0.444429
-0.174471 -0.156632 0.753643
-0.144506 0.534396 0.748423
0.432617 -0.246312 -0.977846
-0.174471 0.296695 -0.529941
-0.174471 -0.248727 0.922388
-0.106632 0.201471 -0.996999
0.311804 -0.174938 -0.29051
-0.151254 0.534396 -0.411258
-0.174471 0.259927 -0.378028
0.431068 -0.213221 -0.711541
0.0779542 -0.276385 -0.530764
-0.0730235 0.289074 0.744468
-0.174471 -0.182086 -0.061639
-0.0730235 0.15643 0.503248
-0.0730235 0.0416573 -0.453506
-0.174471 0.252326 -0.701681
-0.0706646 -0.148026 -0.684991
0.331261 -0.244438 1
0.235389 -0.174938 -0.824546
-0.0730235 0.305115 -0.304558
-0.0372174 -0.17466 -0.599706
-0.174471 0.0712697 0.101653
-0.103564 -0.276385 -0.300253
-0.063035 -0.161046 -0.558668
-0.174471 0.399813 0.87659
-0.174471 0.173517 -0.900854
-0.174471 0.450669 0.549185
-0.174471 -0.07124 0.858626
-0.0976324 -0.276385 0.288825
-0.174471 0.225316 -0.683208
0.250292 -0.276385 0.591832
0.0827045 -0.276385 0.282187
-0.0730235 0.225757 -0.587273
0.075862 -0.174938 -0.255794
0.426648 -0.201789 -0.64823
0.327435 -0.174938 -0.462406
-0.174471 0.31746 -0.555835
-0.0730235 0.291608 -0.962962
0.363107 -0.174938 -0.779283
-0.174471 -0.0822683 0.71153
0.295197 -0.276385 -0.192234
-0.174471 0.459718 0.411478
0.0830795 -0.276385 0.761422
-0.0730235 0.431307 -0.247964
-0.0730235 0.308518 -0.67434
-0.174471 -0.108128 0.867533
-0.174471 -0.0776866 0.383573
-0.0730235 0.162272 -0.899673
0.154204 -0.174938 0.238739
0.150342 -0.276385 0.718089
0.111361 -0.174938 0.579559
-0.0730235 0.00658088 0.0970275
0.08384 -0.276385 -0.931622
0.272319 -0.174938 0.364135
-0.174471 0.295131 0.344023
0.193367 -0.276385 -0.138138
-0.0730235 0.197409 -0.0753606
-0.0730235 0.219722 0.62496
0.321288 -0.276385 0.578882
0.0659844 -0.174938 -0.00971867
-0.157489 -0.276385 -0.877732
-0.0730235 -0.0611218 0.700145
-0.174471 0.287053 -0.745536
-0.0730235 0.238963 0.939961
-0.0730235 0.438407 -0.664738
-0.174471 0.459513 -0.301021
-0.174471 0.509748 0.569297
-0.174471 -0.144643 -0.679292
-0.0730235 0.297899 0.793728
-0.0152672 -0.276385 -0.138893
0.27555 -0.174938 -0.12377
-0.174471 0.286831 -0.0866975
-0.0730235 -0.0937315 -0.978286
-0.0730235 0.288767 0.660595
-0.174471 0.458262 0.694918
-0.0730235 0.482202 0.302601
-0.174471 0.131821 0.239014
-0.0730235 0.360156 -0.142892
0.415786 -0.187923 0.633986
0.367933 -0.276385 -0.732272
-0.0730235 0.170548 0.208276
0.28492 -0.174938 -0.921954
-0.0730235 -0.117286 -0.873721
0.0642567 -0.174938 0.407183
-0.0730235 0.453152 0.0846483
-0.174471 0.412284 0.165882
-0.0115603 -0.247163 -0.996999
-0.14958 -0.0186213 -0.996999
-0.174471 0.122886 0.861986
-0.134652 -0.276385 -0.393132
0.0570888 -0.276385 0.212548
-0.0980088 0.323586 -0.996999
0.319837 -0.276385 -0.820488
0.343547 -0.174938 -0.390216
-0.174471 0.173264 0.398028
0.386123 -0.276385 0.0554598
-0.163939 0.534396 -0.105369
-0.0730235 0.201584 0.752281
0.0400853 -0.174938 0.0901855
0.138485 -0.276385 0.251424
-0.174471 -0.165905 -0.777942
-0.0730235 0.300626 0.109502
-0.140578 -0.276385 -0.848571
0.144848 -0.276385 -0.202668
0.317011 -0.174938 0.440538
-0.0730235 0.227607 -0.00581753
0.106784 -0.276385 -0.0904849
0.203424 -0.276385 0.496784
-0.0930875 0.524081 0.000908045
-0.00720858 -0.174938 0.886116
-0.0730235 -0.125001 -0.0948121
0.161102 -0.276385 -0.390211
-0.174471 0.262522 -0.539697
-0.0730235 0.420996 -0.561558
-0.133391 0.534396 -0.26123
-0.174471 0.35116 -0.48107
0.09312 -0.174938 0.884847
-0.0730235 0.352689 0.0911483
-0.10841 -0.276385 0.488858
-0.174471 0.17389 0.789891
-0.0730235 0.0517669 0.408608
0.225392 -0.276385 -0.775466
0.306176 -0.174938 -0.489988
-0.0730235 0.482508 -0.0926254
0.135592 -0.174938 0.07598
0.372378 -0.174938 -0.519259
0.379002 -0.174938 0.472704
0.271983 -0.276385 -0.798711
-0.13283 -0.276385 -0.789573
-0.101909 -0.0219917 -0.996999
-0.174471 -0.0318394 0.340922
0.0827303 -0.174938 0.103618
-0.174471 -0.229778 0.862291
0.0757513 -0.174938 -0.700707
0.0383323 -0.174938 -0.464871
0.228962 -0.174938 0.532792
-0.0730235 0.422368 -0.280581
-0.0730235 0.417353 0.957093
-0.174471 -0.215033 -0.969089
0.432617 -0.248881 0.421087
0.029293 -0.250592 -0.996999
-0.0905567 -0.276385 0.911694
-0.100461 0.48524 -0.996999
-0.0730235 0.333999 0.555415
-0.174471 0.0807505 0.335646
-0.174471 -0.193869 0.0855102
-0.174471 -0.180444 -0.531938
-0.0730235 0.013761 -0.357841
0.0154213 -0.276385 0.971297
-0.0658229 -0.26953 1
-0.174471 0.435372 -0.10492
-0.174471 0.311894 -0.127895
-0.174471 0.0499623 0.638713
-0.0730235 0.120191 0.112667
-0.174471 -0.241834 -0.506584
-0.174471 0.25757 0.337042
0.128313 -0.174938 0.982437
-0.0730235 -0.10934 -0.212437
-0.174471 0.215431 -0.278458
-0.0265165 -0.174938 0.0897501
-0.0730235 0.332937 -0.69565
0.391957 -0.276385 -0.228519
-0.174471 0.0968943 0.688491
-0.174471 0.459054 0.130423
-0.0730235 0.0611181 0.0947986
-0.174471 -0.245361 -0.707667
0.244595 -0.174938 0.71501
0.269367 -0.276385 0.691971
-0.0730235 0.27956 0.464079
-0.174471 0.170264 0.143727
0.422569 -0.195358 -0.976671
0.212151 -0.276385 -0.349726
0.202381 -0.276385 0.529207
-0.109898 0.332514 1
-0.0730235 0.160995 -0.124626
0.225409 -0.174938 -0.0164454
0.257862 -0.174938 -0.512405
0.11301 -0.276385 0.34647
0.366193 -0.174938 0.899766
-0.174471 -0.0648772 0.916573
-0.174471 0.32389 0.79463
-0.172268 -0.276385 -0.626356
-0.174471 0.0245942 0.018614
-0.0730235 0.0676438 -0.348365
-0.174471 0.0291191 0.309976
0.123287 -0.174938 0.411066
0.432617 -0.273748 0.0962815
0.409458 -0.183081 -0.804942
-0.174471 0.293391 -0.427443
-0.0730235 0.278697 -0.778855
-0.0730235 -0.132483 0.708271
-0.0730235 0.42015 0.231031
0.291581 -0.211927 1
0.395257 -0.17673 0.750432
-0.0508809 -0.170523 -0.626939
-0.174471 0.302733 0.375226
-0.0730235 -0.00937919 -0.743246
-0.174471 -0.129507 -0.969687
0.13252 -0.174938 -0.755799
-0.0730235 0.403435 -0.43958
0.0980211 -0.276385 0.487718
-0.174471 0.373004 -0.58084
-0.0730235 0.116632 -0.0780635
-0.174471 -0.252449 0.964183
-0.0730235 0.20441 0.400428
-0.0730235 -0.0414145 -0.964049
-0.174471 -0.274538 -0.939608
-0.126107 0.534396 -0.711084
-0.174471 0.494284 -0.576892
-0.174471 0.459877 -0.250135
-0.174471 -0.232841 0.638705
-0.0730235 0.25591 0.355744
-0.0730235 0.082874 -0.405212
0.361589 -0.276385 0.637004
-0.174471 -0.238041 0.264977
-0.158954 -0.276385 0.240138
0.432617 -0.234082 0.572411
-0.00168012 -0.276385 0.326768
0.40358 -0.179808 -0.867607
-0.174471 0.48287 0.362832
0.432617 -0.238157 -0.246583
-0.174471 0.341579 0.388377
-0.0597565 -0.276385 0.806041
-0.174471 0.504401 0.937395
0.0372056 -0.276385 -0.0108074
-0.174471 0.0116277 0.510366
-0.174471 0.0425276 -0.541906
-0.0730235 0.282385 -0.520655
0.131131 -0.196461 -0.996999
-0.174471 0.0867893 0.206491
0.186536 -0.276385 0.818108
-0.0730235 -0.066839 0.534198
0.229667 -0.276385 0.204053
-0.0730869 0.486208 0.751046
-0.174471 0.111244 -0.0785225
-0.0730235 0.0624858 -0.574463
-0.174471 0.486588 -0.441389
0.110104 -0.24966 1
0.344861 -0.174938 -0.805882
-0.0114252 -0.276385 0.13293
0.372612 -0.174938 -0.993819
0.398915 -0.276385 0.159165
0.112302 -0.276385 0.554777
-0.0671846 -0.155358 0.797963
0.151278 -0.276385 0.403014
-0.0719763 -0.143553 0.245584
-0.174471 0.383908 -0.91651
-0.174471 0.119478 0.372628
-0.0730235 0.454244 -0.962076
0.297369 -0.276385 -0.446206
0.0104555 -0.174938 0.0489751
0.162558 -0.174938 -0.932251
-0.174471 0.148918 -0.410588
-0.0730235 0.175379 -0.295195
-0.0777362 0.505024 0.394809
-0.174471 -0.238716 -0.916815
-0.0730235 0.110307 0.0148607
0.0385923 -0.19133 -0.996999
-0.174471 -0.0863756 -0.587693
-0.174471 0.0433986 -0.707428
-0.174471 -0.153885 0.0755447
-0.0730235 -0.0100442 -0.889128
0.297105 -0.174938 0.150983
0.263607 -0.174938 -0.335068
-0.174471 0.0780345 0.914445
-0.0631187 -0.276385 0.0475923
0.394825 -0.176614 0.522003
0.200618 -0.174938 0.6517
-0.174471 0.138632 -0.356395
0.167933 -0.276385 0.975569
-0.0896213 -0.276385 -0.222132
-0.0730235 0.171888 -0.458159
0.221195 -0.174938 0.451875
-0.174471 -0.260942 -0.537947
-0.174471 -0.0709212 0.750972
-0.0575843 -0.166233 -0.335344
0.347069 -0.174938 -0.88848
-0.174471 -0.130347 -0.734236
0.175747 -0.18664 -0.996999
-0.174471 0.0275351 0.586725
-0.0176436 -0.174938 -0.230184
-0.174471 0.0460592 -0.297661
-0.174471 0.356741 0.250498
0.0157588 -0.174938 -0.423324
-0.0605322 -0.163669 0.140978
0.0471131 -0.276385 -0.236683
-0.174471 -0.0794333 -0.145914
-0.174471 0.0590989 -0.966661
0.262329 -0.174938 0.844762
-0.174471 -0.0283554 0.0505073
0.2074 -0.276385 0.962004
-0.0730235 0.0781628 -0.123629
0.299536 -0.174938 -0.847397
0.432617 -0.225579 0.932354
-0.174471 0.164036 -0.771636
-0.0730235 0.40728 0.785589
0.238432 -0.276385 0.246868
-0.174471 0.234509 -0.360421
0.370584 -0.276385 0.417607
-0.161946 -0.276385 0.36068
-0.174471 0.445426 -0.160872
-0.174471 0.464024 -0.575076
-0.174471 0.140089 0.708575
-0.0730235 0.152723 0.876211
-0.0730235 0.478189 -0.793184
-0.0730235 0.0241188 0.377584
0.114801 -0.276385 0.756092
-0.174471 -0.0657573 -0.495529
0.425567 -0.276385 -0.540046
-0.174471 0.504135 0.0908962
-0.103174 -0.123813 -0.996999
0.249186 -0.276385 0.0666956
0.432617 -0.231757 -0.768835
-0.147899 0.534396 -0.836643
-0.174471 -0.0225918 0.550259
0.00750446 -0.174938 0.587636
-0.0730235 0.367434 -0.729535
-0.0730235 0.153047 -0.320272
-0.0730235 0.295983 0.838989
-0.0366852 -0.174719 -0.0572483
0.432617 -0.225866 0.67463
-0.04262 -0.276385 -0.34851
-0.174471 0.303002 0.844023
-0.0798836 0.509146 0.8886
-0.174471 0.149748 0.475455
-0.174471 0.251575 0.861733
-0.0730235 0.152858 -0.393574
0.432617 -0.271902 0.972531
-0.174471 0.15807 -0.0775209
-0.126957 0.534396 0.998639
-0.108571 -0.276385 -0.846217
-0.0730235 0.252881 -0.837119
-0.00910635 -0.276385 -0.8114
-0.174471 0.244651 0.891469
0.257385 -0.174938 -0.77598
-0.0730235 0.269979 0.886072
0.141415 -0.276385 0.521831
0.34071 -0.276385 0.181486
-0.0730235 -0.103201 0.64346
-0.0730235 0.104479 -0.587049
-0.174471 0.436964 0.856731
0.431147 -0.21354 0.0168659
-0.0730235 0.479804 0.210079
-0.151173 0.534396 -0.168338
0.0289564 -0.276385 0.797864
-0.132258 -0.242268 1
0.180612 -0.174938 0.971375
-0.174471 -0.0652538 0.202725
0.39981 -0.178207 0.68856
-0.174471 -0.0867016 0.147144
-0.174471 0.248383 -0.241507
0.261796 -0.276385 0.50109
0.199688 -0.174938 -0.532102
-0.0376791 -0.276385 0.944827
-0.112684 0.383828 -0.996999
-0.174471 0.50724 -0.826912
0.0157958 -0.174938 -0.279584
-0.0730235 0.375753 0.629555
0.0933226 -0.276385 -0.41744
0.311628 -0.276385 -0.592157
-0.174471 -0.235881 -0.32248
0.313915 -0.174938 -0.586868
0.432617 -0.256316 -0.676306
0.256453 -0.276385 -0.504215
-0.147971 -0.276385 0.0683798
-0.0971381 0.526857 -0.768981
-0.174471 0.34751 -0.215978
-0.174471 0.146553 -0.645103
-0.174471 0.0994959 0.278646
-0.174471 0.454086 -0.90016
-0.0599435 -0.164222 -0.731005
-0.0916966 -0.0462784 1
-0.174471 -0.0885263 0.309623
-0.174471 -0.0998283 0.607456
-0.174471 0.371107 -0.114085
-0.174471 -0.118633 0.560558
0.0680945 -0.276385 0.636787
-0.0301901 -0.276385 -0.642549
-0.174471 -0.0373665 0.872317
-0.0730235 0.240168 -0.254213
0.195286 -0.276385 -0.37783
-0.148301 0.534396 0.616918
0.432617 -0.235759 -0.374141
-0.174471 -0.144988 0.477454
0.0891887 -0.174938 -0.796046
0.386114 -0.276385 0.359977
0.0499977 -0.174938 0.666934
-0.174471 0.298678 0.898617
-0.00246129 -0.276385 0.848256
0.34888 -0.194338 1
-0.174471 0.249555 -0.308157
0.00294013 -0.276385 -0.55762
-0.0730235 0.462863 -0.324518
-0.0730235 0.342932 0.372215
0.162458 -0.276385 -0.682975
-0.145734 -0.0967487 1
-0.174471 -0.177702 -0.325558
0.174192 -0.276385 0.366203
0.239783 -0.174938 -0.564521
0.0834696 -0.276385 -0.218519
0.148276 -0.276385 0.087063
-0.174471 -0.0253288 -0.366884
-0.0730235 0.341843 0.778791
-0.0730235 0.148571 0.93435
-0.174471 -0.0465323 -0.0799724
-0.174471 0.286407 0.739474
0.0358814 -0.276385 -0.384966
-0.174471 0.253963 0.563809
0.109111 -0.174938 0.925369
0.39613 -0.276385 -0.134131
-0.174471 0.31303 0.754645
0.0863457 -0.174938 -0.19554
0.42799 -0.204497 -0.154568
-0.174471 0.180085 0.206472
0.0679572 -0.174938 0.607197
-0.174471 0.223816 0.736443
-0.0730235 -0.00589561 -0.467727
-0.104899 0.530764 0.932971
-0.0621148 -0.162065 -0.90547
-0.0730235 0.162682 -0.167648
-0.0730235 0.380159 0.32424
-0.0730235 -0.11886 0.55472
0.340467 -0.174938 -0.631692
-0.0341296 -0.174904 -0.665156
-0.174471 0.450222 -0.683596
0.196857 -0.174938 0.204761
0.23365 -0.276385 0.447573
-0.0730235 0.296669 -0.478155
-0.0628939 -0.161207 0.843272
0.0736078 -0.174938 0.0419558
0.258987 -0.174938 -0.174976
0.0626618 -0.174938 0.51796
-0.0730235 0.424618 -0.70353
-0.0740341 0.493747 0.0977204
0.21955 -0.174938 0.33363
-0.174471 0.26645 0.916364
-0.174471 0.202796 0.782938
-0.0730235 -0.0777991 0.180357
0.22744 -0.249737 1
0.0120889 -0.276385 -0.11791
0.163005 -0.174938 0.689375
-0.10716 0.531608 -0.648463
-0.0730235 0.213259 -0.415603
0.407381 -0.276385 0.861871
-0.0730235 0.392756 0.472205
-0.0727096 -0.276385 0.198257
-0.174471 0.205379 0.370212
-0.0730235 0.347101 -0.877346
0.124036 -0.174938 0.130036
-0.0673173 -0.276385 0.679771
-0.0730235 0.33512 -0.429195
0.104009 -0.276385 -0.669278
0.25556 -0.174938 0.311417
-0.0582395 -0.276385 0.00462542
-0.174471 0.379694 0.742817
0.19401 -0.276385 0.911063
-0.0778052 -0.276385 0.87361
-0.174471 -0.274013 0.830357
-0.0730235 0.0786802 -0.167248
-0.174471 0.458441 -0.527558
0.0188743 -0.276385 -0.334784
-0.174471 0.0337428 -0.989625
-0.0551317 -0.276385 0.0954365
-0.0730235 0.21661 -0.901419
0.236447 -0.276385 -0.476156
-0.0730235 0.461136 -0.0626137
-0.0730235 -0.0931969 0.413303
-0.117506 -0.276385 0.192627
-0.0730235 0.35578 -0.761835
-0.0730235 -0.0388543 -0.204255
-0.0730235 -0.111505 -0.453123
-0.0730235 0.245398 0.831869
-0.150779 -0.136463 1
0.0501701 -0.276385 -0.0620309
0.021017 -0.276385 -0.505367
0.0268691 -0.174938 -0.576063
-0.174471 0.468841 -0.622575
-0.174471 -0.0506586 -0.68575
-0.174471 0.4232 -0.25051
-0.174471 -0.269998 -0.160044
0.426792 -0.202061 0.210205
-0.000926501 -0.174938 0.299018
0.121499 -0.276385 0.655548
0.170308 -0.276385 0.541319
0.109076 -0.276385 -0.16748
-0.174471 -0.219995 -0.481024
-0.174471 -0.00442577 -0.550051
0.170273 -0.174938 0.178192
-0.174471 -0.175463 0.538306
-0.174471 -0.254817 0.111145
-0.174471 0.120993 -0.817227
-0.0730235 0.0619897 0.337954
0.0771551 -0.174938 -0.427109
-0.0730235 0.0418129 0.040037
-0.174471 0.40759 -0.155885
-0.0578138 -0.276385 -0.824567
-0.0730235 0.416294 0.6318
-0.0857111 -0.276385 -0.765669
0.274346 -0.276385 0.0212317
-0.0730235 0.253508 -0.329345
-0.174471 0.291996 0.962265
0.346134 -0.174938 0.527601
0.188408 -0.276385 -0.239879
0.0621622 -0.276385 -0.274503
-0.0730235 0.120746 0.833087
0.420796 -0.276385 0.764041
-0.0730235 0.126354 0.243992
-0.0730235 -0.120218 -0.258237
0.36778 -0.174938 -0.282372
0.106602 -0.174938 -0.251938
-0.0730235 0.0413228 -0.811871
-0.123638 0.534396 -0.561939
-0.0730235 0.257528 -0.931459
-0.0332386 -0.174931 -0.280881
-0.174471 0.516756 -0.349504
-0.0730235 -0.0379575 -0.519472
-0.174471 0.190009 -0.675803
0.367999 -0.276385 -0.907751
0.0572345 -0.276385 0.128901
-0.174471 -0.00697294 -0.307827
-0.174471 0.359466 -0.162088
0.0724212 -0.276385 -0.362859
-0.174471 0.106647 -0.528892
0.200106 -0.276385 0.260312
-0.174471 0.511115 0.420067
-0.126944 -0.276385 -0.137174
-0.174471 -0.128298 0.743755
-0.174471 -0.246954 0.0329358
0.421218 -0.193624 -0.678601
0.180901 -0.174938 -0.0965067
0.220157 -0.174938 -0.935479
-0.174471 0.527286 -0.462848
0.0249487 -0.174938 0.562631
-0.174471 0.251548 -0.135467
-0.0689473 -0.152115 0.732962
0.0602961 -0.276385 -0.897494
-0.029222 -0.276385 -0.532524
0.275588 -0.174938 0.430738
-0.174471 -0.190128 0.436498
-0.174471 0.198677 -0.533637
0.396092 -0.176966 -0.233031
-0.0730235 0.00134881 0.804764
-0.0730235 0.480273 -0.83279
-0.174471 0.0668757 0.668544
-0.174471 0.157563 -0.960798
-0.174471 0.492251 -0.928433
-0.0730235 0.0496263 -0.753695
0.432617 -0.247686 -0.334815
-0.0962428 0.526292 0.717003
0.281729 -0.246838 -0.996999
-0.0933273 -0.276385 0.0509427
-0.0909609 -0.276385 -0.483525
-0.174471 0.456634 0.380432
0.270166 -0.174938 -0.38412
0.145815 -0.174938 0.876254
-0.0730235 0.0999475 0.1602
-0.174471 -0.0292682 -0.121809
-0.0730235 0.031685 -0.12615
0.390958 -0.175754 0.331813
-0.0730235 0.33524 -0.260882
-0.174471 0.405042 -0.69348
-0.0685853 -0.152841 -0.147227
-0.0730235 0.387729 0.561188
0.300433 -0.174938 -0.0100266
0.271948 -0.276385 0.562511
-0.146419 -0.169915 -0.996999
-0.174471 0.419544 0.320487
0.191355 -0.174938 0.0531145
0.128552 -0.174938 0.519372
-0.174471 0.518117 -0.159174
-0.0730561 0.48549 0.484284
-0.174471 -0.185033 -0.632478
0.432617 -0.232402 -0.921024
0.304271 -0.174938 0.38041
-0.0730235 0.0971754 0.130637
-0.133602 -0.07391 -0.996999
-0.0730235 0.00135384 -0.168187
-0.174471 0.399774 0.063633
-0.174471 0.0494191 -0.636594
-0.0730235 0.208334 0.796647
-0.174471 0.520029 -0.693485
0.285092 -0.276385 -0.770577
0.171002 -0.276385 -0.917298
0.344429 -0.174938 0.227359
0.22088 -0.174938 -0.22328
-0.0730235 -0.0860199 0.594642
-0.120373 0.135801 1
0.132939 -0.174938 0.293325
-0.104314 0.530526 -0.877177
-0.0730235 0.217776 -0.713581
-0.174471 -0.137188 0.173333
-0.148345 0.534396 0.462676
-0.01851 -0.276385 -0.591328
-0.174471 -0.0405704 0.110008
0.0686237 -0.174938 0.150629
-0.0730235 0.0117918 -0.233264
-0.174471 0.0567782 -0.420955
-0.0536496 -0.168974 -0.528769
-0.0730235 0.0968143 0.462256
-0.0730235 -0.114661 0.857685
-0.0730235 0.0268 -0.776039
-0.0730235 0.163192 0.303748
-0.14703 -0.276385 0.750428
-0.174471 0.204574 0.284094
-0.174471 0.422295 0.239155
-0.174471 -0.0127533 0.853039
-0.174471 -0.0502218 -0.310987
-0.174471 0.263438 0.621116
0.383503 -0.174963 -0.433971
0.216109 -0.174938 -0.616001
-0.0146129 -0.174938 0.644224
-0.0730235 0.121557 0.401578
-0.174471 0.0640971 0.252464
-0.174471 0.112179 -0.488522
-0.174471 -0.18444 -0.598208
0.343879 -0.223244 -0.996999
-0.0730235 0.00405552 0.969596
0.263901 -0.276385 -0.138293
-0.174471 0.38546 0.552987
0.260117 -0.174938 0.467603
0.183357 -0.276385 -0.448653
0.317367 -0.174938 0.319031
-0.0612134 -0.276385 0.713343
-0.174471 0.00238441 -0.774792
0.175489 -0.174938 0.586961
-0.174471 -0.206128 -0.548035
0.15358 -0.174938 0.271199
-0.172572 -0.276385 -0.364696
-0.0730235 -0.074609 -0.323397
-0.174471 -0.0714536 0.0178465
-0.0730235 -0.0451902 0.12291
-0.174471 0.243683 0.502915
0.156428 -0.276385 -0.42013
-0.174471 -0.0620991 0.654884
0.332236 -0.276385 -0.641732
-0.174471 -0.209345 0.763638
-0.171003 -0.276385 0.914678
-0.0730235 0.42695 0.725914
-0.0730235 0.315836 -0.931617
0.360937 -0.276385 0.387364
-0.0730235 0.400654 0.754755
-0.0730235 0.198494 -0.202077
-0.0137748 -0.276385 0.0542638
-0.0730235 0.19297 -0.76572
-0.174471 0.286218 -0.678718
0.309915 -0.262538 -0.996999
-0.174471 0.147493 0.364818
-0.174471 0.512341 0.0273182
0.133767 -0.276385 -0.5248
-0.174471 0.410083 0.806363
0.279803 -0.276385 -0.617412
-0.0730235 -0.0835675 0.247567
-0.0730235 0.118921 0.650644
0.0801138 -0.174938 -0.36509
-0.174471 -0.16884 0.8834
-0.174471 0.502972 0.460291
-0.174471 0.36001 -0.716548
-0.174471 0.0465862 -0.00291242
-0.174471 -0.136988 0.690301
-0.0730235 0.00300262 -0.818964
0.420831 -0.276385 0.254238
0.403771 -0.276385 -0.750306
-0.174471 0.437179 -0.0240795
-0.0730235 0.457887 0.778229
-0.0730235 0.371666 0.374692
-0.0730235 0.291578 -0.0020078
-0.0782727 0.506144 -0.228365
-0.0730235 0.223484 -0.969018
-0.174471 -0.118048 -0.0619704
-0.174471 -0.157446 -0.351834
0.26055 -0.174938 0.905733
0.241086 -0.276385 0.683723
-0.127054 0.534396 0.0136772
-0.158339 0.534396 -0.966328
-0.174471 -0.0395417 -0.636778
-0.0730235 0.344366 0.280395
-0.174471 0.188827 0.725389
-0.174471 0.480162 0.0749607
-0.0730235 0.287919 -0.594057
-0.103269 0.530079 -0.160565
-0.0730235 -0.100703 -0.11023
-0.0730235 0.449319 0.468501
-0.0730235 0.305442 0.414135
0.105841 -0.276385 -0.385869
-0.0730235 0.0173693 -0.868093
0.136527 -0.276385 -0.281753
-0.174471 -0.249379 -0.377085
0.0109301 -0.174938 -0.942991
-0.174471 0.0725722 -0.670127
-0.0750032 0.497705 0.0295608
-0.0730235 0.207659 0.966197
-0.174471 0.496586 0.189706
-0.174471 0.476044 0.66089
-0.174471 0.0494571 -0.570357
0.229769 -0.276385 -0.105643
-0.0829019 0.513748 0.3371
-0.0015373 -0.276385 -0.255054
-0.174471 -0.111396 -0.484409
-0.174471 0.324301 0.567819
-0.0619643 -0.276385 -0.0528146
-0.0730235 0.1172 -0.339882
0.0994613 -0.276385 0.105535
-0.151165 0.534396 0.424627
-0.174471 0.334774 -0.189244
-0.174471 -0.00274711 0.625806
0.183834 -0.174938 -0.344422
0.311106 -0.174938 -0.64748
-0.174471 -0.00184275 0.968738
0.395354 -0.176756 -0.0563894
0.168689 -0.276385 0.321727
0.430722 -0.211927 0.371511
-0.174471 0.0692472 0.729368
-0.174471 0.178131 -0.841249
-0.0958955 -0.00437839 1
-0.0697261 -0.276385 -0.976527
-0.0730235 -0.049719 0.195253
-0.174471 0.391047 -0.0667018
0.0412827 -0.195996 1
0.430662 -0.211716 -0.45245
-0.0580727 -0.276385 0.451772
-0.174471 -0.179354 -0.503329
-0.0514685 -0.170218 0.634106
-0.0730235 0.317147 -0.171137
-0.0730235 0.155219 -0.821025
0.432617 -0.258019 -0.518164
-0.174471 0.355182 -0.899496
0.432617 -0.230469 -0.186714
-0.143163 0.534396 -0.0270726
-0.174471 0.341793 -0.323995
0.0300385 -0.174938 0.630365
0.362893 -0.276385 0.763047
-0.0730235 -0.0942011 -0.683259
-0.174471 0.529137 -0.845784
0.331216 -0.174938 0.34404
-0.0730235 -0.0219303 0.165437
-0.0730235 0.279194 -0.275412
-0.161198 -0.276385 0.435858
-0.174471 0.36759 -0.94905
-0.130767 0.534396 -0.762903
-0.0730235 0.482739 -0.48501
-0.174471 -0.173638 0.703952
-0.0702211 -0.149209 0.995758
0.355247 -0.276385 -0.267972
0.396829 -0.177186 0.813372
-0.174471 0.122863 -0.173309
0.121734 -0.276385 0.714764
0.275421 -0.174938 -0.719233
-0.174471 0.359581 0.145125
0.355797 -0.276385 0.587714
-0.174471 0.193853 0.335772
-0.174471 0.0324423 -0.209533
0.385508 -0.276385 -0.691805
0.405643 -0.180842 -0.747375
-0.174471 -0.155159 -0.0929276
-0.0730235 0.16207 0.23711
0.167081 -0.174938 0.0350559
-0.0730235 0.433487 0.390956
-0.054236 -0.168608 0.264871
-0.0795375 0.237113 1
-0.0133134 -0.174938 0.810405
-0.0730235 -0.101831 -0.146361
0.353753 -0.174938 0.132999
0.203753 -0.276385 -0.568408
-0.0730235 -0.0600051 -0.441458
-0.0612157 -0.276385 0.502418
-0.174471 0.313227 -0.38331
-0.140865 -0.00341849 1
-0.174471 0.0292716 -0.482658
-0.0730235 0.0571538 0.623923
-0.108114 -0.213366 1
0.282617 -0.276385 0.894214
0.180972 -0.26658 1
-0.174471 0.310043 -0.24266
-0.174471 -0.22513 0.804714
-0.0730235 0.260342 0.15327
0.296391 -0.276385 0.0799003
-0.174471 0.0242277 -0.144196
-0.0730235 0.292279 -0.424603
-0.0730235 0.449189 -0.378307
-0.174471 0.489436 0.248823
0.19442 -0.276385 -0.295654
-0.174471 0.328087 0.430205
0.0842883 -0.174938 0.798087
0.365895 -0.174938 -0.83492
-0.0730235 0.00400395 -0.967758
0.284085 -0.276385 0.176149
-0.174471 0.149644 -0.54105
-0.118556 0.53413 0.317065
-0.174471 -0.14004 -0.216879
0.0982292 -0.215077 1
0.41478 -0.187044 0.37389
-0.0730235 0.00357083 0.74365
0.249583 -0.276385 0.294238
0.374913 -0.276385 0.00391925
-0.0693405 -0.276385 -0.685571
-0.0318596 -0.276385 0.594705
-0.0730235 -0.130621 0.510106
-0.174471 0.365097 0.359825
-0.145458 -0.276385 -0.0626216
-0.174471 0.115539 -0.299992
-0.142868 0.3906 -0.996999
-0.174471 -0.238842 -0.770832
-0.0730235 0.276084 -0.72168
0.243647 -0.174938 0.562005
-0.0730235 0.36118 0.943895
-0.00558247 -0.276385 -0.0277776
-0.174471 -0.195848 0.935978
-0.174471 0.46511 -0.984608
-0.174471 0.0668133 0.787423
-0.0992934 0.189126 1
0.115339 -0.276385 0.292882
-0.105356 0.530945 -0.996924
0.390524 -0.204289 1
-0.0730235 -0.00454021 0.385908
0.425724 -0.200133 -0.740896
-0.0872986 0.518949 0.262801
0.432617 -0.268338 -0.42874
-0.0730235 0.0304357 0.474941
-0.174471 0.366878 -0.267966
-0.0730235 -0.0780973 -0.525525
-0.0730235 0.0596691 -0.0686793
-0.174471 0.277951 0.451397
-0.174471 0.178399 0.472562
0.0197446 -0.174938 -0.239622
-0.0730235 0.149764 0.802698
-0.174471 0.252421 -0.993312
0.221409 -0.174938 0.939157
0.0310106 -0.174938 -0.74273
-0.174471 -0.0868981 -0.923249
-0.174471 0.191321 -0.225349
-0.0207902 -0.276385 -0.193222
-0.174471 0.15796 -0.714287
-0.174471 -0.178084 0.571179
-0.0772245 -0.276385 -0.103659
-0.0173879 -0.276385 0.664569
-0.0730235 0.400497 -0.941801
0.281031 -0.276385 -0.0886109
0.16271 -0.276385 -0.330822
0.15732 -0.174938 0.486827
0.432617 -0.243194 0.793064
-0.0712742 -0.146179 0.114592
0.292496 -0.174938 0.708517
0.147068 -0.276385 -0.651407
-0.174471 0.11357 0.65466
0.0849547 -0.174938 -0.568141
-0.0730235 0.256265 0.00985546
-0.174471 -0.197581 -0.188475
-0.0730235 0.108019 -0.899344
0.364507 -0.174938 -0.0936766
0.230666 -0.174938 -0.505125
0.397279 -0.177327 -0.777845
0.128362 -0.174938 0.224481
0.185623 -0.174938 -0.84486
-0.0730235 0.27301 0.23515
0.249898 -0.174938 0.505047
-0.0730235 0.380394 -0.607272
-0.0901498 0.166048 -0.996999
-0.0730235 -0.101956 -0.631395
0.0475847 -0.174938 0.429816
-0.174471 0.311735 0.178995
0.171326 -0.276385 -0.836447
-0.154032 -0.276385 0.293715
-0.174471 0.277048 0.223976
-0.119234 -0.276385 0.390477
-0.073384 0.489709 -0.343219
-0.174471 0.102079 0.563145
0.0233573 -0.276385 0.741504
-0.174471 0.120377 0.0534224
-0.174471 0.231811 0.474423
0.432617 -0.248987 0.0144407
-0.174471 0.149705 -0.443059
-0.174471 0.348573 0.808763
-0.174471 0.509647 -0.7233
0.0830267 -0.174938 -0.853571
-0.174471 -0.205988 -0.28194
0.324343 -0.276385 -0.0438707
-0.174471 -0.247179 -0.0677024
-0.0778027 -0.276385 -0.550082
-0.0730235 0.00457805 -0.670891
-0.0730235 -0.0592647 -0.891583
-0.0100768 -0.174938 -0.831527
-0.174471 -0.216713 -0.813662
-0.0730235 0.0589825 0.548119
-0.174471 0.0151414 -0.925894
0.0934135 -0.174938 0.463072
0.22364 -0.276385 -0.649434
-0.113568 -0.276385 -0.18623
0.257608 -0.276385 0.321113
0.117855 -0.174938 -0.300493
-0.174471 -0.154129 0.0392653
0.432617 -0.226287 -0.82233
-0.0730235 0.155906 0.152825
-0.0730235 0.286683 0.287104
-0.0687744 -0.152467 -0.111255
0.234766 -0.276385 -0.16148
0.372028 -0.205974 -0.996999
-0.0730235 -0.118985 0.157578
-0.0730235 0.462419 -0.925355
-0.174471 0.0415077 -0.237293
-0.0730235 0.357972 -0.664307
0.120325 -0.174938 -0.0570348
-0.174471 0.183255 0.971074
-0.164409 0.534396 0.57899
0.432617 -0.249738 0.518583
-0.174471 0.0929043 -0.457702
-0.134908 0.388287 1
0.0615905 -0.174938 0.344993
-0.148302 0.052829 1
-0.0730235 0.471443 -0.673687
-0.00991666 -0.174938 -0.331873
0.0586048 -0.174938 -0.956565
-0.174471 -0.0943683 0.50461
-0.0730235 0.482757 0.575985
-0.174471 0.259701 0.00805559
0.330999 -0.276385 0.246694
-0.174471 -0.216841 -0.719881
0.110234 -0.276385 0.237297
-0.174471 0.107643 -0.106235
0.0251121 -0.276385 -0.621485
-0.0441305 -0.276385 0.243912
-0.056516 -0.208636 -0.996999
-0.174471 0.270988 0.795177
-0.0730235 0.379321 -0.0878537
-0.174471 0.275381 -0.88526
0.0345097 -0.276385 0.420864
-0.0730235 0.18221 -0.575636
0.171794 -0.242379 -0.996999
0.179052 -0.174938 0.428395
0.221553 -0.276385 -0.834938
-0.174471 -0.0319587 -0.782403
-0.15083 0.349726 -0.996999
0.344266 -0.174938 -0.860747
-0.0730235 0.290096 0.555868
-0.0651481 -0.276385 0.360273
0.244353 -0.276385 0.16148
0.107492 -0.174938 -0.902918
-0.174471 0.516353 0.747037
0.161247 -0.174938 -0.412219
-0.0730235 0.215169 -0.621043
-0.174471 0.442507 0.575794
-0.0422057 -0.173755 0.046446
-0.0730235 0.0951396 0.360401
-0.0730235 0.349176 -0.00798729
-0.0730235 0.0339306 -0.508864
-0.118284 -0.276385 0.581482
0.310726 -0.276385 -0.361998
-0.145671 -0.276385 0.137878
-0.0730235 -0.112927 0.586509
0.411133 -0.184214 -0.47945
-0.174471 -0.102207 -0.164323
-0.174471 0.138795 -0.747038
-0.0730235 0.0489841 -0.981276
0.37146 -0.174938 -0.586508
-0.174471 0.273957 0.585238
-0.174471 -0.012083 0.913276
-0.0730235 0.00129185 0.0461073
-0.135781 0.534396 0.372193
-0.174471 -0.247166 0.0607193
0.432587 -0.223923 0.227262
-0.174471 0.192849 -0.11652
-0.0730235 0.0540757 -0.669726
0.390257 -0.175632 0.841221
0.369746 -0.276385 0.536049
-0.174471 -0.048943 0.973375
-0.174471 0.159272 -0.1596
-0.174471 -0.10335 0.0385769
-0.134798 -0.276385 0.541363
0.0905359 -0.276385 0.0338789
-0.174471 -0.0200844 0.711995
-0.174471 -0.147399 -0.584132
-0.1604 -0.0482811 -0.996999
0.213515 -0.276385 -0.927592
-0.174471 0.257008 0.0440603
0.274052 -0.174938 0.0364008
0.342138 -0.174938 -0.430845
-0.174471 0.359495 -0.606884
-0.0730235 0.393729 0.300077
-0.174471 -0.258912 -0.566792
-0.174471 0.36907 0.305845
-0.174471 -0.254186 -0.301691
-0.0730235 -0.0977133 0.0314547
-0.174471 0.326319 -0.908836
-0.174471 -0.183139 -0.137983
-0.174471 0.401076 -0.446179
0.0113622 -0.276385 0.0300731
-0.0730235 0.0266126 -0.717581
-0.174471 0.343718 0.703349
-0.174471 0.374403 0.500376
-0.0730235 0.0315539 -0.406011
-0.0730235 0.353884 -0.631489
0.426217 -0.276385 0.556236
-0.0730235 -0.0557537 0.64442
0.09639 -0.174938 -0.460801
-0.174471 0.403655 -0.124717
-0.174471 -0.0859639 -0.441283
0.0701783 -0.174938 0.249801
0.0872029 -0.276385 -0.137666
-0.0762582 0.501496 0.836113
-0.174471 0.0803021 0.038456
-0.174471 0.377987 -0.369667
-0.174471 0.430451 -0.358149
-0.174471 0.509935 0.267969
-0.174471 0.119935 0.417037
-0.174471 0.451791 -0.799636
-0.174471 0.249279 0.407298
0.218984 -0.174938 -0.372233
-0.174471 0.123043 -0.202839
0.161046 -0.276385 0.11516
-0.174471 0.359898 0.0226081
-0.0730235 0.347249 -0.114286
0.0304912 -0.174938 -0.194959
-0.0730235 0.37269 -0.272014
-0.174471 0.533909 0.11817
-0.158104 0.534396 0.0594026
-0.174471 -0.254636 -0.20991
-0.174471 -0.000333351 -0.073199
-0.136394 0.534396 0.0787464
-0.144581 -0.276385 0.330582
-0.174471 -0.253265 0.745886
-0.0730235 0.264808 -0.633371
-0.174471 0.00118299 -0.873444
-0.0730235 0.0575216 -0.547334
-0.174471 0.512711 0.162271
0.405062 -0.276385 -0.000564992
0.285842 -0.174938 0.621283
0.0316109 -0.174938 0.139637
0.0491099 -0.174938 -0.0568648
-0.0596571 -0.164483 0.0243999
-0.174471 0.0332423 -0.742448
-0.174471 -0.0518084 -0.190818
0.358899 -0.276385 -0.0860382
0.1995 -0.276385 -0.510222
-0.174471 0.51381 -0.488132
-0.146884 -0.276385 -0.206359
0.322648 -0.276385 -0.409595
-0.174471 0.410794 0.999099
0.108319 -0.276385 -0.919
0.165424 -0.174938 -0.0249428
-0.0515698 -0.276385 -0.851388
-0.174471 0.176395 -0.597441
-0.00294135 -0.276385 0.522831
0.287258 -0.174938 0.248697
-0.174471 -0.140717 0.867725
-0.146508 0.168473 -0.996999
0.432566 -0.223404 -0.861826
0.368919 -0.276385 0.872862
0.276095 -0.174938 -0.234208
-0.0173006 -0.276385 0.374349
0.356144 -0.174938 -0.0454869
-0.0730235 0.136696 -0.767624
-0.174471 0.0667163 0.852246
-0.0782383 0.506074 0.189566
-0.0730235 0.469872 0.604705
-0.010209 -0.174938 0.124282
0.39304 -0.176178 0.388652
0.102949 -0.174938 -0.131661
0.110937 -0.174938 0.496586
-0.0730235 0.26008 -0.084906
-0.174471 0.217791 0.904117
-0.0942852 0.524963 0.140833
-0.174471 -0.21177 -0.867915
-0.145662 0.534396 -0.797045
0.0127894 -0.174938 0.526642
-0.072119 -0.142914 -0.20334
-0.131817 0.534396 0.52314
0.0138492 -0.174938 0.943961
-0.174471 0.402734 -0.808138
0.109842 -0.174938 -0.847454
-0.174471 0.339671 -0.397678
0.037656 -0.276385 -0.59521
0.290313 -0.174938 0.676456
-0.109099 0.532235 0.385383
-0.174471 0.170153 0.606144
-0.0755393 0.264358 -0.996999
-0.174471 -0.211603 0.161071
-0.174471 0.459375 0.196147
-0.149703 0.534396 0.713384
-0.0730235 0.273761 -0.136816
0.055682 -0.174938 0.560871
-0.0730235 0.195483 0.906883
0.426761 -0.276385 -0.287118
0.346643 -0.174938 0.952282
0.156638 -0.174938 0.454239
0.12202 -0.174938 -0.544385
0.232341 -0.276385 0.0124305
-0.0787207 0.507029 0.982507
-0.174471 -0.158762 -0.271494
-0.174471 0.298256 -0.841359
-0.174471 -0.274519 0.555522
-0.174471 0.421469 0.506006
-0.174471 0.414922 0.575835
-0.172872 0.440853 -0.996999
-0.139457 -0.276385 -0.898708
-0.0730235 0.338439 0.676993
0.432617 -0.245734 -0.619498
-0.174471 0.518894 -0.595687
-0.146671 0.161498 1
-0.174471 0.468111 -0.220408
-0.174471 -0.160738 -0.963114
-0.0730235 -0.019055 -0.768737
0.265954 -0.174938 0.0757911
-0.0730235 0.3693 -0.893325
-0.0730235 0.15067 0.437589
0.416748 -0.276385 -0.969728
-0.0730235 0.225334 0.663201
0.360321 -0.174938 0.043928
-0.129299 -0.276385 -0.690589
0.385411 -0.276385 -0.320348
-0.174471 0.280158 0.193667
0.25357 -0.174938 0.236086
0.205589 -0.276385 0.106508
-0.174471 0.195819 0.0910923
-0.113269 0.533302 0.468885
0.113248 -0.174938 -0.403863
0.222777 -0.174938 0.885277
0.204311 -0.276385 -0.877322
0.411624 -0.276385 0.676179
-0.0730235 -0.0272687 -0.390971
-0.0227981 -0.276385 -0.941016
-0.0968109 0.41796 -0.996999
-0.0730235 0.375144 -0.386158
-0.0730235 0.153439 -0.623225
0.109399 -0.276385 -0.231669
-0.0730235 0.128003 -0.381407
0.3884 -0.276385 -0.611072
0.27239 -0.174938 0.336931
-0.0730235 -0.0983632 0.979446
-0.113777 -0.276385 0.634064
0.186001 -0.276385 0.231711
-0.0730235 -0.0119193 0.543432
-0.174471 0.201406 -0.98867
-0.0866661 0.518283 -0.595129
-0.174471 0.509036 0.712631
0.0779513 -0.276385 -0.860747
-0.0204789 -0.272846 -0.996999
-0.174471 0.509659 0.367463
-0.174471 0.312201 -0.0985381
-0.0730235 0.193782 -0.118939
-0.099982 -0.276385 0.677453
-0.174471 0.451451 0.278513
-0.174471 0.282156 -0.327349
-0.0551883 -0.167983 0.0851147
-0.174471 0.458306 -0.442623
-0.174471 0.455803 0.954494
-0.0830429 0.104609 -0.996999
-0.0890287 0.520653 -0.248648
0.270461 -0.174938 0.190053
-0.0995093 0.528231 -0.301246
0.278773 -0.174938 -0.486733
-0.111764 -0.276385 -0.0752656
0.0103214 -0.276385 0.214881
-0.174471 0.229178 0.763059
-0.174471 0.289796 -0.145359
-0.0730235 0.181189 0.490527
0.28935 -0.276385 -0.0013935
-0.0586149 -0.165392 0.533683
-0.174471 -0.0404815 0.929267
0.309985 -0.276385 -0.756741
-0.0730235 0.463394 0.663382
-0.0730235 0.129294 0.503506
-0.0730235 0.359702 -0.477131
-0.00997438 -0.174938 0.674178
-0.174471 -0.20945 -0.345532
0.120132 -0.276385 -0.741767
0.0559313 -0.276385 -0.0920644
-0.174471 0.38216 0.924803
-0.174471 -0.171697 -0.00453445
-0.117617 0.534025 -0.534354
-0.0543442 -0.168539 -0.00496892
-0.0861729 0.517747 0.536721
-0.079555 0.508571 0.669078
-0.174471 -0.270077 -0.967282
-0.174471 0.103455 -0.967898
0.349774 -0.174938 -0.933537
-0.0730235 0.14227 -0.683678
-0.0651778 -0.158369 -0.0542405
0.403745 -0.276385 -0.358822
-0.0730235 -0.0221572 -0.421091
-0.0730235 0.00456205 0.26226
0.40453 -0.180269 -0.179622
0.00927501 -0.276385 0.435125
0.0398545 -0.276385 0.924693
-0.0029981 -0.276385 0.295127
-0.0730235 0.370655 0.83519
-0.174471 -0.0565847 0.809491
-0.0730235 0.307384 0.60278
0.264686 -0.276385 0.960034
-0.174471 0.252787 -0.639838
-0.148137 0.534396 0.132228
-0.0730235 0.458391 0.871489
0.155772 -0.276385 0.924487
-0.0926461 0.049495 1
-0.0730235 -0.106225 0.472773
-0.0267849 -0.174938 0.493488
-0.174471 0.506699 0.668378
-0.102136 -0.151102 -0.996999
0.19375 -0.174938 0.284052
-0.0730235 -0.0523557 -0.928397
0.330807 -0.276385 0.679701
0.405076 -0.276385 0.741993
0.368922 -0.174938 0.665341
-0.0906602 -0.276385 -0.35573
-0.0730235 0.100299 -0.222869
0.334855 -0.276385 0.0868091
-0.0696982 -0.150478 -0.932192
-0.0730235 0.291493 -0.564694
-0.0730235 0.325374 -0.0225338
0.203309 -0.276385 0.589398
0.106297 -0.174938 -0.934775
-0.0730235 0.305198 0.493491
-0.174471 0.112351 -0.257762
-0.0730235 0.377588 0.0331801
-0.0730235 0.12372 0.342547
-0.174471 0.306301 0.025238
-0.174471 0.316617 -0.689511
0.426655 -0.201803 0.315421
-0.0730235 0.343232 -0.16384
-0.0730235 0.467159 0.41909
0.265907 -0.174938 -0.0231638
-0.174471 -0.093693 -0.642327
0.319936 -0.200208 -0.996999
0.0219681 -0.276385 0.885034
0.363748 -0.276385 0.479179
0.0581232 -0.174938 -0.595873
-0.0730235 -0.0577156 -0.474456
-0.0730235 0.00243097 -0.262031
-0.0767857 0.502843 0.80623
-0.174471 -0.221051 0.217386
0.256006 -0.174938 -0.903721
0.182794 -0.276385 -0.972725
-0.0730235 0.17631 0.928753
-0.174471 0.0567445 -0.496933
-0.174471 0.427822 0.112506
-0.0730235 -0.0482462 -0.370307
-0.174471 0.0989966 -0.912891
-0.0730235 0.0890588 -0.268812
0.215503 -0.276385 -0.410115
-0.174471 0.299143 -0.45466
0.432617 -0.252891 -0.0134024
-0.153635 -0.276385 0.77828
0.432617 -0.228358 -0.413881
0.354455 -0.276385 -0.507839
0.137513 -0.174938 -0.106173
0.429988 -0.276385 -0.651122
0.163451 -0.276385 -0.10553
-0.0730235 0.300272 0.325876
-0.0730235 0.245485 -0.110141
-0.174471 -0.244861 0.580939
-0.109303 -0.276385 0.999996
-0.0730235 0.164124 -0.521657
-0.174471 -0.216284 -0.257151
0.221711 -0.276385 -0.531098
0.379385 -0.174938 -0.935854
-0.0497515 -0.276385 -0.588882
0.31598 -0.276385 0.418834
0.00541746 -0.174938 0.97502
-0.0730235 -0.0690512 -0.0179061
-0.174471 -0.0939953 -0.973789
-0.0730235 0.407058 -0.498905
-0.0730235 0.258007 -0.462386
0.395216 -0.176719 -0.971751
-0.108486 -0.0645235 -0.996999
-0.174471 0.478824 -0.871465
-0.0730235 0.143566 -0.0821352
0.244555 -0.276385 -0.223971
-0.174471 0.236174 0.228855
0.0295344 -0.276385 -0.200912
-0.174471 -0.2417 -0.674985
-0.0730235 0.445395 -0.787669
-0.0730235 0.189361 -0.857585
0.178188 -0.276385 -0.559778
-0.0730235 0.043682 0.142276
0.149049 -0.174938 -0.460636
-0.174471 -0.172439 -0.689687
-0.0730235 -0.0285625 -0.563576
-0.0730235 0.155479 -0.706977
-0.0730235 0.2212 -0.532854
0.165774 -0.276385 0.280619
-0.0731586 0.487372 -0.753714
0.432617 -0.255678 -0.0854816
-0.174471 -0.260865 -0.249274
0.17008 -0.276385 -0.793764
-0.0813127 0.511461 0.700481
-0.174471 -0.189193 0.476766
-0.0987686 0.0834188 1
0.0898094 -0.276385 0.576893
-0.105743 0.531093 -0.918216
-0.0730235 0.362233 0.200297
-0.174471 0.0320232 0.277026
-0.0963806 0.526381 -0.56097
-0.174471 0.359456 0.838651
-0.0730235 0.444562 0.327676
-0.0730235 0.253451 0.615159
-0.174471 0.317814 0.478298
-0.0730235 0.429855 -0.821655
0.0368972 -0.174938 0.510839
-0.0730235 0.1432 -0.267886
-0.0730235 0.00981566 -0.331408
-0.0730865 0.486199 0.709617
0.0718038 -0.174938 -0.742775
-0.0669238 -0.276385 -0.397271
-0.124332 -0.276385 -0.459074
-0.128833 -0.116415 -0.996999
-0.102456 -0.276385 -0.787075
-0.174471 0.230721 -0.333993
0.432327 -0.22025 -0.041259
0.188789 -0.174938 0.535099
-0.0730235 0.207887 0.320373
-0.0549801 -0.276385 -0.153539
-0.174471 -0.0255959 -0.233201
0.341801 -0.276385 0.970166
-0.00372436 -0.276385 -0.841211
0.0343668 -0.276385 0.366944
-0.0730235 -0.122706 -0.0122182
0.034875 -0.174938 -0.00219829
-0.14545 0.431246 -0.996999
0.226279 -0.174938 0.156419
-0.0730235 -0.11027 -0.479751
-0.167875 0.534396 -0.0553379
-0.174471 0.477489 0.930259
0.238264 -0.276385 0.1073
-0.117144 -0.276385 0.972176
0.42602 -0.200648 -0.279224
-0.112042 0.474632 1
-0.10988 -0.218768 -0.996999
0.420736 -0.193041 -0.511368
0.35234 -0.174938 0.795573
0.0572332 -0.276385 -0.461332
0.203069 -0.174938 -0.795805
-0.0730235 -0.0682258 -0.287205
-0.174471 0.0594085 -0.787533
-0.174471 0.156224 -0.376365
-0.0473181 -0.276385 -0.191146
0.397916 -0.276385 0.101188
-0.0730235 0.356652 -0.211582
-0.174471 -0.180863 0.378894
-0.174471 0.0861863 0.751903
-0.174471 -0.270431 -0.0360639
0.193801 -0.174938 0.231188
0.0380132 -0.174938 -0.336184
0.303041 -0.276385 0.345981
0.0237182 -0.251917 1
-0.174471 0.126662 0.113782
-0.174471 -0.127218 0.281565
-0.107454 -0.276385 -0.900897
0.309205 -0.276385 0.602758
-0.113054 0.533256 -0.0809387
0.0139631 -0.174938 -0.0189543
-0.174471 0.377752 -0.468842
0.150199 -0.174938 0.794685
-0.174471 0.335556 0.507678
-0.174471 0.50889 0.975634
0.40042 -0.276385 0.514795
-0.174471 0.475699 -0.774444
0.280035 -0.276385 0.997775
-0.174471 0.299408 0.425168
-0.0881103 -0.276385 -0.817615
0.373636 -0.276385 0.792119
0.431528 -0.215211 -0.208406
-0.046232 -0.194204 1
-0.174471 0.514252 -0.291777
-0.174471 -0.00968754 -0.17381
-0.0730235 0.0997416 0.0736581
-0.0730235 0.0120198 0.127124
0.208855 -0.276385 -0.797491
-0.100219 -0.276385 0.0875566
-0.0289222 -0.174938 -0.918707
-0.174471 -0.132742 -0.423123
0.226245 -0.174938 -0.161916
-0.174471 0.0118283 -0.592792
0.0847577 -0.237596 -0.996999
-0.174471 0.0101088 0.800198
0.00909221 -0.174938 0.466427
-0.174471 -0.0548839 0.262095
-0.174471 0.216089 -0.781938
0.250115 -0.256256 -0.996999
-0.174471 0.0603344 -0.938321
-0.174471 0.236831 0.181109
-0.0666679 -0.276385 0.393073
-0.0730235 -0.011541 -0.633428
-0.0730235 0.452743 -0.84863
0.224235 -0.174938 -0.68775
-0.0707242 -0.147857 0.608977
-0.11941 0.534211 -0.209882
0.428106 -0.204751 0.854681
-0.068133 -0.276385 -0.878286
-0.0730235 0.0524524 -0.489967
-0.174471 0.0296115 0.162686
-0.174471 0.198975 0.639088
-0.0730235 0.223091 -0.14826
-0.0730235 0.316804 0.376273
-0.0730235 -0.105159 -0.534239
-0.0730235 0.473996 -0.559182
0.134892 -0.174938 -0.716539
-0.0730235 -0.0831493 0.0826124
-0.0730235 0.38416 -0.668536
0.432617 -0.236562 0.139965
0.428024 -0.204571 0.782479
-0.107785 -0.276223 -0.996999
-0.0730235 0.262624 0.741931
-0.0730235 0.153672 -0.576816
0.265812 -0.276385 -0.972997
-0.0730235 -0.131531 0.938781
-0.0730235 0.122154 0.554223
0.432617 -0.249543 0.604624
-0.174471 0.121682 0.799289
-0.174471 -0.0303805 0.390475
-0.0730235 0.174897 -0.798908
-0.0730235 -0.0197945 -0.689106
-0.165212 0.436611 1
-0.174471 0.102042 0.930063
0.228227 -0.174938 0.0130075
0.353656 -0.174938 -0.0141216
-0.0739564 0.441515 1
0.149603 -0.174938 -0.783279
-0.0730235 0.215257 0.85298
0.189049 -0.174938 0.68535
0.356403 -0.174938 0.159207
-0.174471 0.281917 -0.274327
-0.0730235 0.439139 -0.519193
0.318985 -0.276385 -0.543482
-0.174471 0.214509 0.319435
-0.174471 -0.10794 -0.386241
-0.0730235 -0.0304183 0.0147926
-0.0730235 0.382427 0.587111
-0.174471 0.0981168 -0.0458281
0.353636 -0.276385 0.8504
-0.0730235 -0.00673317 0.413715
-0.149633 -0.276385 0.384097
-0.145957 0.534396 -0.205436
0.307073 -0.276385 -0.493597
0.37856 -0.276385 -0.948318
0.432617 -0.232942 -0.308111
-0.0730235 0.40657 -0.647923
-0.0730237 0.483799 -0.703809
0.309088 -0.276385 0.72684
0.142061 -0.174938 0.198834
0.124292 -0.276385 -0.708846
-0.0730235 -0.0768026 0.807404
0.0499017 -0.174938 0.942374
0.0531454 -0.276385 -0.408221
-0.11295 0.533234 0.810858
0.408879 -0.276385 -0.162735
-0.0482884 -0.17173 0.880839
-0.0730235 0.274012 -0.184934
-0.0730235 0.0211949 0.222707
-0.174471 -0.00224967 -0.628864
-0.174471 0.0218424 -0.0400796
-0.174471 0.477252 -0.0152279
-0.0730235 -0.00451151 0.662849
0.432617 -0.27378 -0.196221
-0.0730235 -0.122697 -0.306745
-0.105853 0.531135 -0.96888
-0.174471 0.415838 0.455776
-0.114437 0.533535 -0.458739
0.0773843 -0.276385 0.34027
0.4112 -0.184261 0.464137
0.07319 -0.276385 0.438251
-0.174471 -0.152793 0.204356
-0.174471 0.0121907 0.682939
0.386529 -0.17515 0.0430745
0.216231 -0.276385 0.337213
-0.110339 0.532592 -0.622455
-0.174471 -0.236167 -0.631442
-0.0539281 -0.168802 -0.162
-0.174471 -0.191779 -0.768595
-0.0730235 0.318022 0.2785
0.0657286 -0.174938 -0.137953
0.432617 -0.252893 0.757606
0.29411 -0.174938 -0.265616
0.207621 -0.174938 0.481794
0.0231193 -0.276385 -0.854888
0.172454 -0.276385 -0.750939
0.304017 -0.174938 0.0833306
0.21862 -0.174938 0.049691
-0.174471 0.127013 -0.678588
0.152623 -0.276385 -0.00358306
0.229239 -0.276385 -0.612094
-0.174471 -0.265629 0.490945
-0.0730235 0.0831995 -0.432532
-0.0239577 -0.174938 0.761163
-0.128503 -0.187532 1
0.333257 -0.276385 -0.490528
-0.174471 0.340518 -0.440488
-0.0730235 0.361979 0.116737
-0.147744 0.503661 1
-0.174471 0.514571 -0.97741
-0.174471 0.32249 -0.295888
0.202008 -0.174938 -0.451974
-0.0909917 -0.193568 -0.996999
0.140711 -0.276385 -0.0613023
-0.0730235 0.104833 0.899943
-0.152517 -0.276385 -0.255958
0.129276 -0.194279 1
-0.174471 -0.131511 -0.131905
0.371473 -0.174938 -0.665502
0.0445446 -0.276385 0.290399
0.0424524 -0.276385 -0.31814
-0.0730235 0.461054 -0.298452
-0.0730235 0.421072 0.676885
0.424919 -0.276385 0.226095
-0.0730235 0.238561 -0.780438
0.0889635 -0.174938 0.669633
-0.00891216 -0.174938 -0.0609669
0.373947 -0.174938 0.720489
-0.174471 0.469967 -0.491654
0.323869 -0.186827 1
-0.174471 0.380498 0.413714
-0.0730235 0.214319 -0.250511
0.0865888 -0.276385 -0.18948
-0.174471 -0.127086 -0.00114578
-0.0918006 0.00301048 -0.996999
0.291715 -0.174938 -0.818401
-0.174471 -0.0315702 0.604093
-0.0730235 -0.0558644 0.901867
0.290403 -0.276385 -0.3224
-0.0730235 -0.131171 0.297374
0.232572 -0.174938 0.41314
-0.0730235 0.106509 -0.0360641
-0.0851863 0.516626 -0.654323
-0.174471 -0.045226 -0.950813
-0.0730235 -0.0338811 0.526645
-0.0730235 0.283421 0.635076
0.338559 -0.276385 -0.907904
0.0376207 -0.276385 -0.112661
0.429745 -0.208838 -0.582335
-0.0730235 0.371448 -0.420683
-0.174471 0.0568103 -0.753569
-0.174471 -0.0376454 -0.516141
0.145597 -0.174938 0.663744
-0.0730235 0.277897 -0.382983
-0.174471 -0.10238 -0.295138
-0.0730235 0.242372 -0.558154
0.306536 -0.174938 0.758827
-0.0859009 0.517445 -0.68917
-0.174471 0.0548044 -0.0750173
-0.0730235 -0.0463204 0.981866
-0.0730235 -0.110751 0.212421
-0.149608 -0.276385 -0.503193
-0.0730235 -0.129347 -0.157506
-0.174471 -0.212969 0.885137
-0.174471 0.160257 0.420569
0.212767 -0.174938 -0.555368
-0.0730235 0.315285 -0.84586
-0.174471 0.459963 0.744088
-0.174471 -0.196535 0.963664
0.222775 -0.174938 0.10483
-0.0730235 0.461354 0.691566
-0.174471 0.36578 0.194922
0.0305609 -0.174938 -0.911102
0.235601 -0.276385 0.489537
0.344276 -0.276385 0.0518417
-0.174471 -0.13914 -0.186709
-0.157028 -0.276385 -0.652659
-0.174471 -0.0652469 0.101912
-0.174471 0.020814 -0.304632
-0.174471 -0.0881413 0.464091
-0.0730235 -0.13 -0.0643162
-0.174471 0.530871 -0.535539
-0.174471 0.132393 0.886136
-0.174471 0.317724 -0.934679
0.0961055 -0.174938 -0.0663552
-0.109848 -0.276385 -0.7259
-0.0730235 0.0632848 0.245569
-0.0730235 0.2242 0.0230667
-0.066418 -0.276385 0.596716
-0.0730235 0.393933 -0.56275
-0.174471 -0.250962 0.806874
-0.0730235 0.0144929 0.495372
-0.174471 0.148117 -0.792491
0.432617 -0.266133 0.0701876
-0.0730235 -0.0332753 0.345313
-0.174471 0.274104 -0.589842
-0.0730235 -0.0482779 -0.663003
0.432617 -0.27429 0.531232
0.409783 -0.276385 0.581828
-0.0274525 -0.174938 0.98069
-0.114992 0.533635 0.166643
-0.174471 0.374986 0.220215
-0.0730235 0.37248 -0.0294493
-0.0730235 0.251621 -0.730152
-0.0730235 -0.107083 0.373383
-0.174471 -0.0538257 -0.354115
-0.174471 0.461766 0.823398
0.399939 -0.178256 0.992255
0.430372 -0.276385 0.339947
-0.174471 0.30687 0.699175
-0.174471 -0.144923 -0.298955
-0.174471 -0.174361 -0.229948
0.221808 -0.174938 -0.321297
-0.0730235 0.366913 0.471441
-0.0277246 -0.174938 -0.199175
-0.174471 0.0702749 -0.696968
-0.174471 0.247248 0.362512
0.0427365 -0.276385 -0.291737
-0.174471 0.224624 0.0843724
-0.0730235 0.2477 -0.179334
-0.174471 -0.151331 0.400439
-0.0730235 0.447898 -0.121544
-0.0605067 -0.163693 0.583458
-0.00758546 -0.174938 -0.29053
0.125273 -0.174938 0.0164159
-0.144274 -0.276385 0.823408
-0.174471 0.14406 0.845031
0.186303 -0.276385 -0.165907
0.432584 -0.223837 -0.559736
-0.174471 0.105565 0.463425
0.293057 -0.276385 0.826408
0.01865 -0.174938 -0.0486849
-0.174471 0.00743877 0.458809
0.136098 -0.276385 -0.572308
-0.0730235 0.293661 0.703591
-0.174471 0.0734846 0.439185
-0.0730235 0.318233 0.206023
0.309781 -0.174938 -0.351957
-0.0730235 -0.0956588 -0.948322
-0.0730235 0.27014 -0.693583
0.0899174 -0.276385 -0.312361
0.432617 -0.271369 0.942096
-0.0964905 0.526451 -0.508699
0.141594 -0.276385 -0.947391
-0.174471 0.289139 0.474618
-0.0730235 0.461633 0.357781
-0.174471 -0.196655 -0.387657
0.372099 -0.276385 -0.560677
-0.00423911 -0.174938 0.178038
0.292613 -0.174938 0.935739
0.168013 -0.174938 -0.386082
0.0578071 -0.174938 0.301564
-0.174471 0.121907 -0.582867
-0.0730235 -0.0372504 -0.876223
-0.0730235 -0.118832 -0.766559
-0.174471 0.0755239 0.976351
-0.174471 0.494822 -0.26307
0.27079 -0.174938 0.658116
-0.0730235 0.408187 0.203935
0.384129 -0.174987 -0.888333
0.314094 -0.174938 0.96745
-0.174471 0.0930591 0.0067641
-0.174471 0.266845 -0.728284
-0.0730235 0.0856055 -0.913805
-0.174471 -0.132531 0.533143
-0.0730235 0.334666 -0.561559
0.333663 -0.276385 -0.769801
0.0967901 -0.276385 0.132275
-0.0730235 0.434825 0.0411222
0.230407 -0.174938 0.912065
-0.0730235 0.444173 0.915949
-0.174471 0.278193 0.399179
-0.174471 0.221699 0.590209
-0.174471 -0.261064 -0.757953
-0.174471 0.338742 0.856795
-0.0730235 0.170307 0.721585
0.0537207 -0.236316 1
-0.0730235 -0.0542514 -0.111211
-0.174471 0.0224703 0.0745886
-0.0730235 0.315964 -0.624352
-0.0481629 -0.171783 -0.576681
0.33784 -0.276385 -0.295749
0.37691 -0.276385 -0.824175
0.429099 -0.264151 1
-0.100528 -0.276385 0.316924
0.0186352 -0.174938 -0.674877
-0.0730235 0.475514 0.528242
0.278918 -0.174938 -0.993221
-0.174471 -0.206211 0.416532
0.0190588 -0.174938 0.0741386
-0.174471 -0.0758672 -0.401982
0.325702 -0.174938 -0.69804
-0.0730235 0.469002 0.279053
0.133076 -0.276385 0.844779
-0.0730235 -0.0861047 0.453699
-0.0730234 -0.134483 0.0631252
0.426648 -0.276385 -0.723788
-0.0947532 0.136224 1
-0.174471 0.390017 -0.17452
-0.0730235 0.270775 0.843528
-0.147777 0.534396 0.332646
-0.174471 0.308658 -0.502017
-0.107931 -0.276385 0.746183
-0.0132915 -0.174938 0.436932
-0.0284207 -0.174938 -0.442646
-0.174471 -0.0434218 -0.835304
-0.0730235 -0.0761428 -0.581169
0.040504 -0.276385 0.479861
-0.174471 0.504159 -0.0972307
-0.138707 0.220514 -0.996999
-0.174471 0.139648 -0.487532
-0.174471 -0.212099 0.842097
-0.0730235 -0.0850225 -0.487615
-0.066701 -0.156139 -0.242682
-0.0015133 -0.276385 -0.161353
-0.174471 0.00360294 -0.829562
-0.174471 -0.222442 0.704929
0.168808 -0.276385 0.63494
0.305619 -0.174938 -0.0605671
-0.174471 -0.0144811 -0.905378
0.247339 -0.174938 -0.728574
-0.0733336 0.489273 -0.646277
-0.120686 0.534304 0.217791
-0.129101 0.277191 -0.996999
0.310079 -0.174938 0.892855
0.394955 -0.176648 -0.60177
-0.0760215 0.500853 -0.920975
-0.120761 0.534308 0.667145
-0.0730235 -0.0635087 0.560514
-0.0730235 -0.115401 -0.964492
-0.174471 0.174587 -0.81023
0.00107621 -0.174938 0.272191
-0.174471 0.407858 0.624344
0.144481 -0.243409 1
0.354444 -0.276385 -0.162442
-0.174471 0.187529 -0.0594
-0.051355 -0.170278 0.294598
-0.0724062 -0.141446 -0.645523
-0.174471 0.349393 -0.0163017
0.371506 -0.276385 -0.373897
0.0751912 -0.276385 -0.700108
-0.0981134 0.527443 0.186402
-0.174471 0.507414 -0.882813
-0.157317 -0.276385 -0.413186
-0.0730235 0.349131 -0.85194
-0.0730235 0.0174532 0.587544
0.432617 -0.225618 -0.639264
0.431746 -0.216303 0.87898
0.209411 -0.174938 -0.347533
-0.0730235 0.400976 0.0786745
-0.0730235 -0.0779279 -0.844095
-0.174471 0.518326 -0.376999
0.35364 -0.174938 0.474992
-0.0730235 0.0547603 -0.252768
-0.0730235 -0.0281762 -0.595083
0.34875 -0.174938 0.56131
-0.0730235 0.397676 -0.232194
0.388859 -0.276385 0.69564
-0.0730235 0.163232 0.383067
-0.0730235 0.268962 -0.546289
0.205866 -0.174938 -0.187132
-0.0730235 0.0890415 -0.495049
-0.174471 0.49148 0.550879
-0.140237 0.534396 0.852796
-0.174471 -0.127739 -0.835411
0.0441082 -0.273499 -0.996999
-0.174471 0.271483 0.0886606
-0.0495377 -0.276385 0.285042
-0.0730235 0.207101 0.682514
-0.0689137 -0.276385 -0.923923
-0.0730235 0.194292 0.624704
-0.174471 0.338013 0.454793
0.331982 -0.276385 -0.949231
-0.112204 -0.276385 -0.646638
-0.174471 0.121486 0.308543
-0.174471 0.330745 0.618371
-0.131697 0.275188 1
0.315247 -0.174938 -0.440099
0.421255 -0.193669 0.806837
0.0964892 -0.276385 0.95883
-0.174471 -0.113299 0.639273
0.140901 -0.276385 -0.623555
-0.0730235 0.238221 0.569245
-0.174471 -0.156929 0.783026
-0.174471 -0.20518 0.667557
-0.174471 0.244721 0.126574
-0.0730235 0.114329 -0.313098
-0.0730235 0.30087 -0.766483
-0.174471 0.057294 0.465425
0.306785 -0.174938 0.0415195
-0.0730235 -0.0361636 0.616789
-0.080767 0.51061 -0.203523
-0.174471 0.142106 0.198315
0.179228 -0.174938 0.0127917
0.332113 -0.174938 -0.988763
-0.174471 -0.25081 0.712783
-0.174471 0.167089 -0.0204981
-0.168961 0.534396 0.223539
0.250562 -0.276385 -0.596101
-0.0730235 -0.120419 -0.819263
-0.134133 0.534396 -0.607106
-0.099232 -0.276385 -0.875124
0.0294706 -0.174938 0.219508
-0.174471 -0.0851016 -0.68254
-0.174471 0.204747 -0.625
-0.103863 0.530337 0.647859
-0.174471 0.0864477 -0.742935
0.0312038 -0.174938 0.725273
-0.174471 0.465744 0.332589
-0.174471 0.104144 -0.631757
0.077749 -0.276385 0.523567
-0.174471 0.351201 0.929013
0.357571 -0.276385 -0.326509
-0.0118348 -0.174938 -0.703777
-0.0678663 -0.154186 0.557829
0.11594 -0.276385 0.3927
-0.119382 0.43461 1
0.0864055 -0.275511 1
-0.0730235 0.091488 0.870625
-0.174435 0.534396 0.476274
0.0648489 -0.276385 0.0777738
0.414957 -0.276385 0.384624
-0.119853 0.0381803 -0.996999
0.26934 -0.174938 0.97702
0.149513 -0.174938 0.398286
0.296608 -0.174938 -0.405076
-0.174471 -0.0904422 -0.801497
0.432617 -0.231016 -0.468658
-0.0730235 0.386809 0.247568
-0.174471 0.46964 0.508377
-0.0962437 0.526293 -0.386931
0.190809 -0.174938 0.73929
-0.00795017 -0.174938 -0.884592
-0.0629275 -0.276385 0.174956
-0.134519 0.534396 -0.73569
0.428478 -0.205593 0.179808
0.222135 -0.174938 -0.644207
-0.109057 0.532223 -0.431205
0.0438967 -0.276385 0.83234
0.128522 -0.276385 0.807063
0.0908646 -0.174938 -0.0922789
-0.174471 -0.105016 0.067396
-0.016259 -0.174938 0.0348607
-0.0215671 -0.276385 0.771323
0.0887058 -0.185253 -0.996999
-0.0576378 -0.276385 -0.275119
-0.0730235 0.248594 0.327728
-0.0730235 0.26551 -0.605874
0.219637 -0.276385 0.0393436
-0.0730235 0.117551 0.93766
-0.174471 -0.0806622 0.437477
-0.0730235 0.21855 0.238782
0.241392 -0.174938 0.0814854
-0.174471 0.386612 -0.417797
-0.0864017 -0.276385 0.503405
-0.144055 -0.276385 -0.331428
-0.0730235 0.0917051 0.42715
-0.174471 0.22353 -0.584081
-0.0900058 -0.276385 0.535351
-0.00803821 -0.174938 -0.550327
-0.0730235 0.229666 -0.298732
0.191074 -0.276385 -0.0743115
0.291938 -0.276385 0.706698
-0.174471 0.173099 -0.190862
-0.0730235 -0.0948416 0.899496
-0.174471 0.234491 -0.975633
0.197517 -0.276385 0.209321
0.308838 -0.276385 -0.0894562
0.124278 -0.276385 0.963067
0.139945 -0.174938 0.957795
0.304611 -0.174938 0.831135
-0.174471 0.0505781 0.608043
-0.0730235 0.20496 0.0785461
-0.0730235 0.311996 0.235669
-0.0730235 -0.112685 0.764505
-0.0730235 0.11261 -0.277667
0.179354 -0.174938 0.920501
-0.14284 0.00611668 -0.996999
-0.0865939 -0.276385 -0.0477503
0.320028 -0.174938 0.588116
0.125619 -0.174938 0.606927
-0.0730235 0.482084 0.251164
-0.174471 0.318745 0.137805
0.176126 -0.174938 -0.708862
0.259642 -0.276385 -0.744958
-0.134233 0.476926 -0.996999
0.258079 -0.202747 -0.996999
0.194576 -0.174938 0.391388
-0.0730235 0.359628 0.979764
-0.174471 0.465907 -0.275892
-0.174471 -0.118664 0.715376
-0.0730235 0.404326 0.166652
0.286956 -0.174938 -0.595166
-0.106505 -0.276385 0.027726
-0.174471 0.186399 0.234964
-0.0938846 0.246953 -0.996999
-0.174471 -0.0216332 -0.996471
-0.0730235 0.33323 0.584083
-0.174471 0.122249 0.262344
0.364576 -0.276385 -0.970752
-0.0710574 -0.14687 -0.994522
-0.174471 -0.0618926 0.581438
0.17885 -0.174938 0.878557
-0.0730235 0.394608 -0.781102
0.234542 -0.276385 -0.94322
-0.149491 -0.276385 0.0428132
-0.0730235 0.0754861 -0.597937
0.223445 -0.276385 -0.250773
-0.174471 0.0693705 -0.280287
-0.174471 -0.0538778 -0.284285
-0.0897588 0.521325 0.614222
0.372131 -0.174938 0.433905
0.180464 -0.174938 -0.191247
0.353583 -0.174938 -0.756132
-0.174471 0.425484 0.428588
0.0812901 -0.174938 0.586017
-0.0766015 0.502386 -0.887674
0.299772 -0.276385 0.945061
-0.0983125 0.527559 -0.804442
-0.174471 0.383479 0.678246
0.399862 -0.178227 0.415346
-0.174471 0.146962 -0.913013
0.282404 -0.276385 0.459328
0.417979 -0.190015 0.701207
0.291128 -0.276385 0.234052
0.39394 -0.176389 0.0796346
-0.0325462 -0.276385 -0.763348
0.105558 -0.276385 -0.874032
0.371353 -0.174938 0.376309
0.404991 -0.180502 0.864793
0.289585 -0.276385 0.276425
-0.0730235 0.284872 0.979266
-0.0730235 -0.0988674 0.927082
0.0525594 -0.174938 -0.620494
-0.174471 0.481013 0.0240359
-0.0730235 0.251606 -0.231141
0.432617 -0.25441 -0.734007
-0.00241863 -0.276385 0.573064
-0.174471 0.403634 0.404363
0.175053 -0.174938 -0.585803
-0.0730235 0.399948 0.508994
-0.0730235 0.0350891 0.324301
-0.174471 0.407495 -0.291306
-0.0855882 0.517091 0.856252
0.39095 -0.276385 0.96725
0.00801413 -0.197199 1
-0.0730235 -0.0974436 0.539714
-0.174471 0.00558843 -0.750064
-0.0730235 0.120796 0.301423
0.36036 -0.174938 -0.202806
-0.0730235 0.171643 -0.670579
-0.0716506 -0.240551 1
0.173448 -0.174938 -0.299224
0.245501 -0.174938 -0.367648
-0.174471 -0.024205 0.366328
0.0226023 -0.174938 -0.513817
0.226162 -0.174938 -0.413182
-0.00162209 -0.174938 -0.649549
-0.174471 0.262605 0.94356
0.260097 -0.174938 -0.28768
-0.0730235 0.148221 0.0980053
0.432617 -0.254942 0.387783
-0.174471 0.473538 -0.382371
-0.174471 8.69602e-05 0.204376
-0.0730235 0.11324 -0.538323
-0.125528 -0.276385 -0.952591
0.295207 -0.174938 0.800393
-0.174471 0.031079 0.814815
-0.0798691 -0.276385 -0.1531
0.226233 -0.276385 -0.555575
-0.174471 -0.158689 0.348889
-0.174471 0.169924 -0.280158
-0.0730235 -0.114427 -0.730311
-0.174471 0.334053 -0.583516
-0.174471 0.247499 -0.448964
0.0879001 -0.276385 -0.273917
0.325617 -0.276385 0.921993
0.101395 -0.174938 0.696553
-0.174471 0.23445 -0.923841
0.275498 -0.276385 -0.851896
-0.174471 0.159803 -0.10542
-0.0523387 -0.169743 -0.0864999
-0.155034 -0.25738 -0.996999
-0.174471 -0.18875 0.6191
-0.174471 0.111822 -0.36303
0.323657 -0.276385 0.005877
0.344311 -0.276385 0.315306
-0.0730235 0.0712539 -0.0322067
-0.0730235 0.203502 0.502778
-0.174471 -0.0447776 0.689045
-0.174471 0.372514 -0.973395
-0.134187 0.331297 -0.996999
0.424273 -0.197791 -0.952018
-0.0730235 0.139094 -0.424609
-0.174471 -0.216033 0.30353
-0.174471 0.232195 -0.194709
-0.0730235 0.449791 -0.623569
0.23227 -0.174938 0.857934
-0.174471 -0.246976 0.00628354
-0.174471 0.164171 0.289345
0.329406 -0.276385 0.766174
-0.174471 -0.0573667 -0.445628
0.323476 -0.276385 0.630408
-0.174471 0.0563389 -0.848631
0.359573 -0.276385 -0.0411695
0.287485 -0.174938 -0.327187
0.0510768 -0.276385 -0.765224
0.194836 -0.253514 -0.996999
0.368982 -0.174938 -0.382297
-0.0730235 0.111199 0.617884
-0.174471 0.249416 0.64743
-0.174471 -0.00385354 0.264339
-0.174471 0.0986494 0.0897032
-0.0730235 0.471768 0.843673
-0.174471 -0.223604 -0.936437
-0.145545 0.534396 0.19975
-0.0730235 0.27874 0.939684
-0.174471 0.442047 -0.0483545
0.162945 -0.174938 -0.762426
-0.0730235 0.342858 0.71626
0.0981619 -0.174938 0.0388393
-0.0730235 0.213114 -0.0973993
-0.149223 0.298047 -0.996999
-0.0434043 -0.173439 0.715449
-0.174471 -0.0697895 -0.0420927
0.432554 -0.223136 0.523434
-0.0730235 0.332885 -0.80266
-0.0730235 0.221412 -0.443604
-0.0730235 0.394154 0.943403
-0.174471 0.264754 -0.0450449
-0.115208 -0.276385 0.91533
-0.174471 0.166683 0.929336
0.231175 -0.276385 0.989632
-0.0309333 -0.276385 -0.725488
0.400478 -0.276385 0.832287
0.432617 -0.256331 -0.771309
-0.0730235 0.152722 0.604039
-0.148741 0.534396 -0.316984
-0.0730235 0.0405063 -0.295136
-0.15845 0.534396 -0.44547
-0.174471 -0.237197 -0.578525
-0.174471 -0.0117684 0.0701668
0.0922315 -0.174938 0.745892
-0.174471 0.111996 0.146512
-0.174471 0.31776 0.91487
-0.156138 0.510533 -0.996999
0.172057 -0.276385 0.0451604
-0.174471 0.0287099 -0.794363
-0.109633 -0.276385 -0.424167
0.432617 -0.250111 0.929597
-0.0730235 0.0950557 -0.640316
-0.0730235 0.431576 0.827029
0.172304 -0.174938 -0.508128
-0.174471 0.188241 0.502834
-0.0730235 0.341802 0.143107
0.137857 -0.174938 0.91631
0.42633 -0.201202 -0.0260212
-0.174471 0.269311 0.138665
-0.174471 0.0637048 0.523029
-0.0730235 -0.0840269 -0.17946
-0.0500375 -0.17094 0.329017
-0.0730235 0.390119 -0.518718
-0.0730235 0.437589 0.124692
0.279107 -0.276385 0.768486
0.220478 -0.276385 0.571507
0.216462 -0.276385 0.771569
-0.0622774 -0.276385 0.329023
0.0971516 -0.174938 0.257925
-0.105055 0.530827 0.11258
-0.0730235 0.347108 -0.345692
-0.0662542 -0.276385 0.640878
0.120902 -0.276385 0.318253
0.260446 -0.276385 -0.885737
-0.0730235 0.476836 -0.2788
-0.114205 0.533491 0.700424
0.178744 -0.276385 0.416316
-0.174471 0.465826 0.453126
0.229035 -0.276385 0.539524
-0.174471 0.337945 0.301107
0.137562 -0.276385 -0.500519
-0.0805532 0.510265 -0.748702
-0.0730235 0.167854 0.661605
-0.174471 0.100055 0.813217
0.028174 -0.174938 0.114972
0.432617 -0.228882 -0.498068
-0.0730235 0.401033 -0.974614
-0.0730235 0.300033 -0.645312
0.198004 -0.174938 -0.0720859
-0.174471 0.138121 0.656022
-0.0730235 -0.0279374 0.792647
0.118792 -0.276385 -0.111889
-0.0730235 0.0624061 -0.216013
-0.0730235 0.20643 -0.463237
-0.174471 -0.128819 -0.79952
0.414612 -0.276385 0.309307
-0.0730235 0.0524374 0.88509
-0.0730235 0.0492816 0.455207
-0.0730235 0.0242664 -0.149532
-0.0730235 0.424583 -0.394985
-0.0730235 0.0549335 0.193535
0.352781 -0.174938 0.875681
-0.174471 -0.0793941 0.526776
0.432617 -0.258471 0.443644
-0.118428 0.534117 -0.235001
-0.0730235 0.0767105 0.301649
-0.0730235 0.293981 -0.230098
-0.174471 0.410995 -0.498439
-0.174471 -0.229118 0.537726
0.0362022 -0.174938 -0.439717
-0.0730235 0.0901395 -0.722578
-0.0730235 0.298251 -0.13631
-0.174471 -0.246098 0.340052
-0.174471 0.16505 0.731259
-0.0730235 0.0053213 0.179687
-0.021139 -0.174938 0.833606
-0.174471 -0.0374676 -0.913799
-0.174471 0.0693645 -0.870611
0.00759068 -0.276385 -0.683192
-0.136756 -0.276385 -0.743594
-0.0730235 0.214723 -0.877029
0.110786 -0.174938 0.762279
-0.0730235 0.349299 -0.969387
-0.174471 -0.199827 -0.673371
-0.0730235 0.47611 -0.586874
-0.174471 0.140059 0.510173
-0.174471 0.195713 -0.732379
-0.0326775 -0.174937 -0.0143028
-0.174471 -0.249453 0.390673
-0.0701395 -0.276385 0.233697
-0.133268 0.0335571 1
-0.174471 0.306859 -0.727735
0.264653 -0.174938 -0.642536
0.0571069 -0.174938 0.708769
0.0915383 -0.276385 0.817211
-0.174471 -0.241934 0.48498
0.103705 -0.276385 0.00920105
0.296281 -0.276385 -0.807943
-0.174471 0.150059 -0.322179
-0.12083 -0.276385 0.662001
-0.174471 0.183902 -0.648996
-0.120086 -0.170026 -0.996999
-0.174471 -0.100735 -0.0934123
0.411256 -0.220437 1
0.0594353 -0.276385 0.767531
-0.174471 -0.218164 0.0692635
-0.174471 0.422291 0.349949
0.204555 -0.174938 -0.903064
0.128632 -0.276385 0.0725682
-0.0730235 -0.0125241 -0.116396
0.432617 -0.249118 0.667196
0.184713 -0.174938 -0.482792
0.432452 -0.221573 -0.89915
0.432603 -0.224478 0.420594
0.34858 -0.174938 0.916657
0.306386 -0.232097 1
-0.158239 -0.276385 -0.0851364
-0.174471 0.359702 0.0788985
-0.0730235 0.0350844 0.0850639
-0.174471 -0.0372404 -0.734577
-0.0730235 0.342855 0.45834
-0.0730235 0.447124 0.443273
-0.0730235 -0.129333 -0.509481
-0.174471 0.0311919 -0.437261
-0.0886904 -0.0911854 -0.996999
-0.174471 0.428304 0.0204321
0.02675 -0.276385 0.589519
-0.0730235 0.41981 -0.904551
0.132051 -0.276385 0.196604
-0.174471 0.038567 -0.594133
-0.174471 0.44587 0.0581469
-0.0927371 -0.276385 0.811401
-0.0730235 0.419592 0.290647
-0.0730235 0.147307 -0.0126082
-0.174471 -0.11515 -0.257663
-0.174471 -0.166124 -0.387473
-0.0730235 -0.13056 0.655111
-0.0730235 0.365397 -0.066014
-0.174471 0.277092 0.501583
-0.0730235 0.467938 0.979277
0.0335437 -0.276385 0.544789
-0.174471 0.042327 0.56366
-0.174471 0.232072 0.271994
0.0084802 -0.174938 -0.605591
-0.174471 0.470328 0.873207
0.156299 -0.276385 0.900139
-0.0730235 0.141006 -0.536709
0.33091 -0.276385 -0.243169
-0.0730235 0.0971928 -0.833788
0.0898066 -0.276385 -0.048606
-0.174471 0.154984 0.337183
-0.0730235 -0.0795542 0.11854
-0.174471 -0.256324 -0.119228
0.0899611 -0.174938 0.94113
0.20827 -0.276385 0.71826
0.372048 -0.174938 0.268692
-0.174471 0.047882 0.120536
0.293191 -0.276385 -0.936041
0.0137449 -0.174938 0.346479
-0.0742552 0.494783 -0.185445
-0.174471 0.463697 0.718613
0.203029 -0.276385 0.144858
-0.0244642 -0.276385 -0.861592
0.335049 -0.276385 0.153531
0.268011 -0.276385 -0.197144
-0.092453 0.523592 0.286092
-0.174471 0.489645 0.302772
-0.174471 0.181668 -0.359254
-0.174471 -0.142129 0.315828
-0.101701 0.295151 -0.996999
-0.0730235 0.32558 -0.0550098
-0.174471 -0.195843 -0.826092
0.297754 -0.276385 0.657252
-0.174471 0.515784 -0.248962
-0.174471 0.317617 -0.976318
0.243013 -0.174938 0.61416
0.3083 -0.174938 -0.149917
-0.174471 0.280723 0.0520612
-0.0730235 0.080102 -0.789514
-0.174471 0.00373244 -0.420182
-0.0337728 -0.174917 -0.341973
-0.174471 -0.0589258 0.0717834
-0.0730235 -0.0111594 0.705861
-0.174471 0.352703 -0.663379
-0.172882 0.12763 -0.996999
-0.0730235 0.453668 -0.166904
0.317867 -0.276385 0.86002
-0.174471 0.209493 0.00744595
-0.174471 0.0707914 0.887896
0.269392 -0.174938 -0.0603328
-0.174471 0.397525 -0.0150466
0.207762 -0.174938 -0.766725
-0.0730235 0.198232 -0.303287
0.147897 -0.276385 -0.703321
-0.0730235 0.225819 0.48496
-0.0947156 0.391689 1
0.279377 -0.174938 0.387902
-0.0730235 0.286383 -0.0878519
-0.100505 0.528758 0.445905
0.112567 -0.276385 -0.536532
-0.174471 0.0659908 0.316431
-0.174471 0.131089 0.0142449
0.0823544 -0.174938 0.626894
-0.174471 0.41407 -0.830023
-0.174471 0.532194 0.010561
-0.174471 -0.269557 0.306771
-0.152531 -0.258595 1
0.194236 -0.246326 1
-0.0448537 -0.276385 -0.0276247
-0.174471 0.146116 -0.620905
0.328525 -0.174938 0.640129
-0.174471 0.0787879 0.143191
0.422759 -0.276385 -0.484293
-0.174471 0.253914 0.454192
-0.0730235 0.237095 0.256222
-0.0643521 -0.159456 0.930351
-0.174471 0.268694 -0.47915
0.27489 -0.276385 -0.0633063
0.252845 -0.174938 0.210896
-0.0730235 0.0457512 0.272315
-0.174471 0.421546 -0.607463
-0.0748468 0.49715 0.620998
0.0117946 -0.276385 -0.282327
-0.0730235 0.40041 0.118441
0.094474 -0.276385 0.602554
-0.174471 -0.19974 0.329431
0.359212 -0.276385 -0.425191
-0.0730235 -0.0534256 0.395686
-0.0457531 -0.276385 0.145561
-0.0724219 -0.141357 -0.382521
-0.144482 0.534396 -0.0842114
-0.154971 -0.0744321 1
0.302342 -0.174938 0.489435
0.0671318 -0.174938 0.826275
-0.0730235 0.403869 -0.616567
-0.0730235 -0.03847 0.146094
-0.174471 0.0629679 -0.33374
0.395517 -0.176801 0.929236
-0.0730235 0.32081 0.660513
-0.174471 0.430969 0.794274
0.405824 -0.180938 0.149565
-0.174471 -0.187181 0.251727
-0.174471 0.430542 -0.576505
0.0769733 -0.174938 -0.883747
-0.103027 0.529971 -0.850421
-0.0730235 -0.134209 -0.353139
-0.174471 0.350732 -0.138167
-0.140229 -0.276385 -0.113676
-0.174471 0.0829152 -0.614767
0.148453 -0.174938 0.537377
-0.0730235 0.1049 -0.969488
0.285378 -0.174938 -0.687767
0.389379 -0.175493 -0.330172
-0.174471 0.533205 -0.934589
-0.174471 0.140424 0.81442
-0.0730235 0.369367 0.675231
-0.174471 0.348455 -0.777344
-0.144655 -0.0982665 -0.996999
-0.0730235 0.204156 0.35406
-0.174471 0.434023 -0.525694
-0.0962751 0.526313 0.745044
0.352101 -0.174938 -0.684125
-0.0755428 0.495667 -0.996999
-0.0755611 0.499515 -0.109458
-0.0730235 0.41492 0.343691
0.380395 -0.174938 -0.643159
0.202538 -0.174938 -0.962981
-0.174471 -0.126246 -0.503335
-0.0730235 0.214836 0.161032
-0.0886219 0.520266 -0.477283
-0.174471 0.011521 -0.531534
0.340701 -0.276385 -0.215353
-0.0392222 -0.276385 0.0503379
0.0193415 -0.174938 0.419003
0.354872 -0.276385 0.717158
-0.174471 0.028104 0.875834
0.113941 -0.174938 -0.500044
-0.174471 -0.0932733 0.800608
-0.174471 0.0359473 0.937621
-0.0730235 -0.04877 0.81452
-0.174471 0.0281765 -0.348439
-0.0730235 0.326545 -0.996279
-0.0730235 0.190818 -0.171702
-0.174471 0.205278 0.924642
-0.174471 0.386119 -0.856014
-0.155221 0.221831 1
0.331129 -0.174938 -0.565762
0.0387544 -0.174938 -0.394744
-0.174471 -0.149464 0.604372
0.378134 -0.174938 -0.542584
-0.174471 -0.0161477 0.829258
0.199951 -0.174938 0.440239
-0.174471 -0.172651 -0.896622
-0.174471 -0.177121 -0.987653
0.0282997 -0.174938 -0.373106
-0.174471 -0.108352 -0.0161638
-0.174471 0.302029 0.657317
-0.0730235 0.428503 -0.445552
-0.174471 -0.143896 0.950487
-0.174471 -0.0383823 0.427787
-0.0730235 0.286775 0.58337
0.407907 -0.276385 -0.995057
-0.174471 0.433132 0.696599
-0.0722007 -0.142525 0.14434
0.051034 -0.174938 -0.698954
-0.174471 -0.10977 0.976198
-0.174471 -0.0854559 -0.530099
0.241537 -0.174938 0.277041
-0.1273 -0.276385 -0.00595672
-0.0730235 0.18986 0.190932
-0.0730235 0.167929 0.537982
-0.0730235 0.174505 0.859798
-0.0730235 0.403017 0.90602
-0.0606878 -0.276385 -0.421422
-0.174471 -0.039027 0.244135
0.432617 -0.273497 0.687348
-0.174471 -0.122825 0.230846
-0.0386597 -0.276385 -0.133746
-0.174471 0.399988 0.601722
-0.110621 -0.276385 0.708796
0.432617 -0.226445 0.624652
0.03973 -0.174938 0.19179
-0.07993 0.509225 -0.554093
-0.0730235 0.231057 0.416556
-0.174471 0.138419 -0.860658
-0.0124414 -0.276385 0.0117538
-0.0730235 0.170916 0.980377
-0.174471 -0.138054 0.454551
-0.0730235 0.0268837 -0.0123473
-0.145086 -0.276385 0.668784
-0.127868 0.134862 -0.996999
0.421857 -0.194425 0.726493
-0.0730235 -0.0848908 -0.2216
-0.174471 -0.00683471 0.568257
0.292849 -0.276385 0.788313
-0.0730235 0.116291 0.675392
-0.174471 -0.109426 0.328719
-0.174471 -0.0493262 -0.229104
-0.174471 0.533105 0.174726
-0.0246252 -0.276385 0.807953
-0.0730235 0.398567 -0.860312
0.243219 -0.174938 -0.268224
-0.174471 -0.155671 0.52493
0.308685 -0.276385 -0.29121
-0.0730235 0.427556 -0.585819
-0.174471 -0.166728 -0.464532
0.11094 -0.174938 -0.59898
-0.174471 -0.104102 0.666333
-0.0730235 0.00562317 -0.0475458
-0.174471 0.227685 0.0606892
-0.0730235 0.3809 0.86281
0.209244 -0.174938 -0.851534
0.205649 -0.276385 0.638775
0.092594 -0.174938 0.206239
0.249085 -0.174938 -0.419826
-0.0172624 -0.276385 0.349079
0.0420887 -0.276385 0.0471178
0.171567 -0.174938 0.123215
0.24583 -0.174938 0.37329
-0.174471 0.0989465 -0.31964
-0.174471 0.351314 -0.50493
-0.0730235 0.205936 0.602842
-0.0730235 0.258281 0.0577358
-0.159759 -0.199479 1
0.14246 -0.174938 0.0329387
-0.111338 -0.276385 -0.672354
-0.174471 -0.121823 0.0235185
-0.153701 0.534396 -0.893651
-0.136083 0.534396 0.931459
0.0795138 -0.276385 -0.58809
0.13729 -0.276385 -0.434319
-0.0730235 0.246723 -0.868104
-0.127953 -0.276385 -0.557257
-0.174471 0.102336 0.356084
-0.174471 0.415809 -0.974283
0.0125116 -0.276385 -0.373263
-0.0730235 -0.0989996 -0.385189
0.291396 -0.276385 0.322554
-0.174471 0.449153 0.0319227
-0.0730235 0.271552 -0.912227
-0.097292 0.493338 1
0.200826 -0.276385 0.672991
-0.174471 -0.0880197 0.195825
0.431904 -0.217187 0.332988
-0.174471 0.35803 -0.417708
0.136421 -0.274772 -0.996999
-0.174471 -0.0222467 -0.686831
0.0672902 -0.276385 -0.327454
0.37 -0.276385 0.0271715
-0.174471 0.235867 0.975186
-0.0730235 0.0622822 0.682195
-0.0730235 0.460693 0.0545012
-0.174471 0.43485 -0.745709
-0.0930614 -0.276385 0.25418
-0.174471 0.294666 0.134783
-0.0730235 0.0336173 -0.429668
0.284943 -0.174938 0.284861
0.20564 -0.197772 -0.996999
0.351156 -0.276385 -0.456957
-0.0730235 0.0188434 -0.593991
0.10201 -0.174938 -0.339439
-0.0730235 0.301323 0.0857726
-0.174471 0.134297 -0.0728576
-0.174471 -0.0370156 0.780282
-0.174471 -0.264279 0.781243
-0.0730235 -0.082953 0.946215
0.429742 -0.208829 -0.0645206
-0.0460728 -0.172592 -0.818933
-0.0365917 -0.174729 -0.951032
-0.0380758 -0.276385 -0.288551
-0.0730235 0.0245755 -0.202415
-0.174471 -0.240149 -0.852921
-0.174471 0.219092 -0.813222
-0.099356 0.528147 -0.198748
0.102029 -0.276385 -0.362021
-0.098032 -0.276385 -0.595384
-0.174471 0.0367884 -0.383999
-0.174471 0.461208 -0.712343
-0.0762368 0.501439 0.0535244
-0.0730235 -0.0910492 -0.820772
-0.0730235 0.208383 -0.508943
-0.0797813 -0.276385 0.428119
-0.0788212 -0.276385 -0.954044
-0.0730235 0.0743282 -0.861233
-0.174471 0.301881 0.305597
-0.0730235 -0.0686018 0.357228
-0.174471 0.1074 0.224443
-0.174471 0.308316 -0.806241
-0.148497 -0.276385 -0.447412
0.406135 -0.276385 0.785797
-0.0730235 -0.129523 0.884388
-0.164256 0.328896 1
-0.174471 0.286294 0.714953
0.328998 -0.276385 0.270755
0.078686 -0.276385 -0.992306
-0.0504851 -0.170722 0.739092
-0.0813067 -0.276385 0.954157
0.371148 -0.174938 -0.722702
-0.0443477 -0.276385 0.193276
-0.174471 0.05889 0.0814791
-0.0391643 -0.174383 -0.240019
-0.144833 -0.276385 0.7127
-0.0749538 0.497533 0.320523
-0.0730235 -0.127918 0.797432
-0.0831113 0.514031 0.956987
-0.174471 0.146501 -0.939887
0.0166697 -0.276385 0.0867079
-0.0723768 -0.141611 0.454774
0.0182745 -0.276385 0.145663
-0.0536062 -0.276385 0.837826
-0.174471 0.515799 0.535254
-0.174471 -0.238895 -0.801128
0.0408792 -0.276385 0.638868
-0.174471 0.390176 0.363747
0.25045 -0.276385 0.128458
-0.0730235 0.330584 -0.481308
-0.174471 0.409921 0.667829
-0.174471 0.279577 -0.649282
-0.0730235 0.121117 -0.614768
-0.0730235 0.0582446 0.792653
0.156889 -0.174938 -0.663193
-0.0730235 -0.0755954 0.504922
-0.174471 0.421967 -0.389174
0.108059 -0.174938 -0.81342
-0.174471 0.362192 0.597792
-0.0730235 0.316369 0.172542
0.134721 -0.174938 -0.850347
0.3979 -0.276385 0.46312
-0.0742426 0.494727 -0.51553
0.0634042 -0.174938 -0.038065
-0.174471 0.208299 -0.385087
-0.0523467 -0.276385 -0.102101
0.332162 -0.276385 0.349554
0.131478 -0.220068 -0.996999
-0.0730235 0.0749169 0.116922
-0.0688701 -0.152273 0.501669
-0.0680151 -0.153917 -0.447756
-0.174471 -0.0975678 0.246789
0.410366 -0.276385 -0.269099
0.392951 -0.276385 -0.108222
0.395057 -0.176676 0.288865
-0.174471 0.342775 -0.953904
-0.0730235 0.464135 -0.467859
-0.174471 0.288596 -0.793129
-0.0730235 -0.0610528 -0.759539
0.302965 -0.174938 0.207362
-0.174471 -0.044629 -0.659806
0.340102 -0.174938 -0.247561
-0.0719145 -0.143816 -0.262093
0.141135 -0.174938 -0.0153649
-0.149423 0.534396 -0.123939
-0.134609 -0.276385 0.877821
0.432299 -0.219993 0.983568
-0.174471 -0.104696 0.288495
-0.174471 0.142033 -0.0233761
-0.174471 0.409165 0.127484
0.303978 -0.276385 0.392143
-0.174471 0.287985 0.274529
-0.0730235 0.00450073 0.434422
-0.156682 -0.276385 -0.785084
-0.174471 -0.123448 -0.894763
-0.0730235 0.20309 -0.337352
-0.174471 -0.126407 0.367124
-0.174471 -0.270185 -0.812491
-0.174471 0.205856 0.0410715
0.294545 -0.174938 -0.973803
-0.174471 0.411682 -0.0780173
-0.0730235 0.111397 0.723448
-0.174471 0.429842 0.299331
-0.174471 0.0910979 -0.22227
-0.174471 0.149313 0.992144
0.20333 -0.174938 0.145383
-0.14341 0.304563 1
0.239188 -0.174938 0.691901
-0.174471 -0.142596 0.115884
-0.174471 0.206501 0.68252
-0.169875 0.534396 0.275057
-0.0131955 -0.174938 -0.391984
0.182035 -0.276385 0.440174
-0.151159 -0.276385 -0.701398
0.123333 -0.174938 0.645601
0.118629 -0.276385 0.443727
0.016796 -0.276385 0.382537
0.17084 -0.174938 -0.433663
-0.0730235 0.44106 0.27296
0.0434523 -0.174938 -0.872914
-0.110729 0.532697 0.424255
-0.0287223 -0.276385 -0.367446
0.0240385 -0.174938 0.758086
-0.0730235 0.466041 0.558042
-0.0730235 0.17643 0.141426
-0.0730235 -0.0334586 -0.0752029
-0.0115203 -0.174938 -0.148652
-0.0594147 -0.1647 -0.487567
0.296531 -0.276385 -0.0392154
-0.174471 0.363322 -0.314657
-0.0730235 0.369143 0.718742
0.19031 -0.276385 -0.931083
-0.0730235 -0.111232 -0.914315
-0.0745613 0.496068 0.456863
-0.0730235 0.107716 -0.123089
0.128168 -0.276385 -0.0250305
0.129739 -0.174938 0.831033
-0.174471 0.223618 -0.25648
0.0471943 -0.174938 -0.652674
-0.0037563 -0.174938 0.997369
0.432617 -0.225916 0.0644256
-0.174471 -0.0564888 -0.561077
-0.0730235 0.162224 -0.60095
-0.0455056 -0.172789 -0.868482
-0.0730235 0.239305 0.205327
0.258103 -0.276385 -0.687569
-0.1233 -0.276385 0.439821
-0.174471 0.393262 -0.986183
-0.0730235 0.448842 0.17745
-0.0730235 0.42383 0.439326
-0.174471 -0.00754559 -0.383149
0.407294 -0.276385 -0.0590773
-0.043682 -0.276385 -0.685127
-0.0730235 0.032158 -0.378751
-0.174471 0.0430794 -0.159064
-0.0352896 -0.254276 -0.996999
-0.0730235 0.278386 -0.305907
-0.174471 -0.0842256 -0.761951
-0.174471 0.3341 -0.271683
0.287444 -0.276385 0.544951
-0.174471 -0.103909 0.838979
-0.0730235 0.248867 0.668504
-0.11662 -0.276385 0.169227
0.432617 -0.251681 0.844921
0.327651 -0.174938 0.251172
0.14033 -0.276385 0.277676
-0.0730235 0.402403 -0.830789
-0.0730235 0.453431 0.747549
-0.174471 0.382892 -0.757086
-0.0475448 -0.276385 0.549707
-0.174471 0.0238463 -0.81782
-0.0332465 -0.17493 -0.689747
0.218996 -0.276385 -0.750757
-0.174471 0.322495 -0.629764
-0.0730235 0.000645054 0.292796
-0.174471 0.514417 -0.203111
-0.0730235 -0.0573008 0.477828
-0.0269129 -0.250772 1
-0.174471 0.369505 0.656877
-0.1215 0.25507 -0.996999
-0.0730235 -0.119837 0.088893
-0.0730235 0.31179 0.977664
0.270445 -0.276385 -0.243678
0.0632266 -0.174938 -0.504512
-0.174471 0.159969 -0.499681
0.150665 -0.174938 0.137088
-0.174471 0.414137 -0.727427
0.0972606 -0.276385 0.162895
-0.0730235 0.182228 0.0621485
-0.0730235 0.144442 -0.18227
-0.174471 0.0249809 0.335594
0.283163 -0.174938 -0.099005
-0.174471 0.232374 -0.736334
-0.174471 0.345787 0.879876
-0.174471 0.0971423 -0.714385
-0.174471 -0.044887 -0.103277
-0.174471 0.420453 0.646156
0.200927 -0.174938 -0.397254
0.289184 -0.174938 -0.192085
0.304317 -0.276385 0.98706
0.255552 -0.276385 0.736091
0.275828 -0.194694 1
0.131518 -0.276385 0.572919
-0.0675869 -0.184778 1
-0.174471 -0.248343 -0.168755
-0.0730235 -0.13445 0.966615
-0.174471 0.252932 0.684986
-0.174471 0.416331 0.190186
-0.174471 0.317547 -0.347774
0.296598 -0.276385 -0.6638
-0.0730235 0.45348 0.812835
0.366274 -0.174938 -0.23005
-0.0730235 0.245044 0.916922
-0.174471 -0.224451 -0.0200594
0.0225168 -0.174938 0.605473
0.432617 -0.259443 0.715008
0.31138 -0.276385 -0.336276
-0.0602782 -0.276385 -0.567504
-0.174471 -0.0896928 -0.204413
-0.143398 -0.199809 -0.996999
0.127519 -0.276385 -0.833706
-0.0730235 0.242465 -0.949237
0.33602 -0.276385 0.809813
0.0359988 -0.174938 -0.29118
-0.0730235 0.0520091 0.52177
-0.174471 -0.0413395 -0.864945
-0.174471 0.262182 -0.810438
-0.0730235 0.220074 0.451922
-0.174471 0.225098 0.798724
0.0200555 -0.174938 0.16481
0.339162 -0.174938 0.494559
-0.0730235 0.0647258 -0.00235717
-0.174471 -0.197431 -0.931941
-0.0730235 0.412106 -0.156209
-0.0730235 0.0830533 -0.381942
-0.0730235 0.0456944 0.941969
-0.0993028 -0.276385 -0.569034
0.43258 -0.223742 0.0950816
-0.0543173 -0.168556 -0.191187
0.432617 -0.255642 -0.921943
-0.0730235 0.338048 -0.585304
-0.174471 0.245371 -0.506793
-0.125769 -0.0507052 1
0.432617 -0.227092 0.474501
-0.174471 0.227339 0.415004
-0.174471 0.449353 -0.635258
-0.0730235 0.354124 0.507992
-0.174471 -0.107777 0.893862
0.16132 -0.276385 0.223449
0.274642 -0.174938 0.128859
-0.174471 -0.221293 0.512576
-0.0960422 -0.0732582 1
-0.131354 0.534396 0.880799
0.24862 -0.174938 -0.881688
-0.174471 0.103543 0.330743
0.177248 -0.174938 0.322941
0.344293 -0.276385 -0.117502
-0.174471 0.377132 -0.696491
0.334264 -0.276385 0.541575
0.317118 -0.276385 0.457742
0.369768 -0.276385 0.740539
-0.174471 0.0149704 0.897329
-0.174471 -0.0401477 -0.406685
0.0123831 -0.276385 0.622285
0.395122 -0.276385 -0.563668
-0.0730235 -0.130412 -0.180694
-0.0730235 -0.0955536 0.162496
-0.0730235 -0.0363894 0.70159
-0.0730235 0.00173431 0.992689
0.00856387 -0.276385 0.185569
-0.0730235 0.175603 -9.17097e-05
-0.174471 0.365675 -0.824168
0.130194 -0.174938 -0.353287
-0.0689562 -0.152097 -0.0321348
-0.0730235 -0.0159868 -0.037067
-0.0730235 0.371719 -0.995539
-0.0730235 0.467705 0.230385
-0.100356 -0.276385 0.466862
-0.0730235 0.249103 0.522413
-0.155528 0.104328 1
-0.0730235 0.261809 0.255436
-0.174471 0.265435 -0.90827
0.273052 -0.276385 0.120146
-0.168737 -0.276385 -0.336764
-0.038746 -0.174451 -0.104662
-0.174471 0.211795 0.836853
-0.135122 0.534396 -0.879691
0.0738932 -0.276385 0.380761
-0.0730235 -0.0520345 0.729083
-0.0419288 -0.276385 0.88802
-0.174471 0.398159 0.106773
-0.174471 -0.0733904 0.360832
0.0429411 -0.276385 -0.0395955
0.345848 -0.174938 0.0703541
-0.174471 -0.251126 -0.980563
-0.174471 0.211347 -0.939816
-0.174471 -0.00664233 -0.727067
-0.0730235 0.408763 -0.0471685
-0.0874466 0.463612 -0.996999
-0.174471 -0.107161 -0.346493
0.159423 -0.174938 -0.226941
0.358124 -0.276385 0.43724
0.363893 -0.276385 0.937216
-0.0730235 0.308845 0.934885
0.226018 -0.174938 -0.987838
-0.0879895 0.519649 -0.834671
0.168436 -0.174938 0.636838
0.432617 -0.259205 -0.149278
-0.174471 -0.124443 -0.711885
-0.174471 -0.234223 -0.530468
-0.174471 0.0186955 -0.0890327
-0.114257 0.533501 0.573001
-0.0730235 0.0667836 0.495428
-0.0730235 0.16608 -0.223745
0.430461 -0.276385 0.119136
-0.00399685 -0.174938 -0.979004
-0.161299 -0.276385 0.470697
0.377608 -0.174938 0.641922
-0.174471 -0.0482422 -0.466849
-0.174471 -0.0220479 -0.0616483
0.0921748 -0.276385 -0.548963
0.432617 -0.273197 -0.62735
0.427165 -0.202786 0.620464
0.427299 -0.203053 -0.334223
-0.174471 -0.0128544 -0.462917
-0.0730235 0.360806 -0.594116
-0.0730235 0.2794 -0.807953
-0.174471 0.418504 0.890127
-0.174471 0.385789 0.322068
0.268274 -0.174938 0.598583
-0.174471 -0.123625 -0.307824
-0.174471 0.491871 0.852208
0.0384578 -0.174938 0.986802
0.40533 -0.276385 0.913605
-0.174471 0.318066 -0.857822
0.432617 -0.250283 0.980536
-0.14322 0.534396 0.545744
-0.0730235 -0.123928 0.417542
-0.144796 0.534396 0.5911
-0.0730235 -0.0285514 0.584038
0.103983 -0.174938 0.37296
-0.0552527 -0.16794 0.171543
0.432432 -0.221342 -0.130787
-0.122836 0.436763 -0.996999
-0.174471 0.145758 -0.211976
0.372456 -0.276385 -0.885141
-0.174471 -0.27319 0.0642534
0.379603 -0.174938 -0.00603066
0.34875 -0.276385 -0.665949
0.42066 -0.276385 -0.693631
0.140452 -0.174938 0.728927
-0.0730235 -0.0530531 -0.838238
-0.0730235 0.35245 0.422437
-0.174471 0.335545 -0.0897236
-0.174471 -0.163115 0.730793
-0.142279 -0.276385 0.79831
0.432617 -0.27101 -0.383142
-0.174471 -0.231429 0.753182
0.126376 -0.276385 0.608149
-0.174471 -0.23885 -0.440393
-0.174471 0.267703 0.989927
0.432617 -0.270634 -0.333033
0.432617 -0.25275 -0.822763
0.405233 -0.180626 0.57408
-0.0730235 -0.0961551 0.682242
-0.0271057 -0.276385 0.726667
-0.174471 0.104042 -0.772548
0.156273 -0.174938 -0.954429
-0.174471 0.0896116 -0.172743
0.400703 -0.178554 0.0065162
-0.0999913 0.288279 1
-0.0730235 0.00980885 0.616073
-0.174471 0.419688 0.715232
-0.174471 0.191857 -0.50448
0.378121 -0.276385 -0.279486
-0.174471 0.335427 0.65846
-0.174471 -0.197747 0.00154905
-0.11415 0.53348 0.839147
-0.0730235 0.174203 -0.726729
-0.0730235 0.33856 -0.313117
0.0927148 -0.174938 0.983555
0.339589 -0.276385 -0.717285
-0.174471 0.106955 -0.130812
-0.174471 -0.232365 -0.115042
-0.0760562 0.500949 -0.842274
-0.0730235 -0.0968454 -0.776478
-0.0730235 0.132886 0.891266
-0.174471 -0.106762 -0.552849
-0.073008 -0.135522 0.33189
-0.160476 0.0722687 1
-0.0730235 0.0642403 -0.812814
-0.0730235 0.164043 -0.876805
-0.174471 -0.110923 -0.436556
0.0409964 -0.276385 0.684284
0.145849 -0.276385 -0.25782
-0.0730235 0.0813219 0.208276
-0.174471 0.475624 -0.319062
0.115115 -0.174938 -0.111016
-0.174471 -0.152166 -0.0165077
0.347766 -0.174938 0.772295
0.324089 -0.276385 -0.0688294
-0.0730235 0.106284 0.570735
-0.0730235 0.4249 0.551194
0.322769 -0.276385 0.0348465
-0.174471 0.0814525 0.230907
-0.0290199 -0.174938 0.626426
0.160876 -0.276385 -0.604083
-0.0730235 -0.0250163 0.502086
-0.0730235 0.327365 -0.407663
-0.174471 0.173273 -0.406047
0.30558 -0.174938 -0.905479
-0.0730235 -0.0986687 0.730124
-0.0671857 -0.155357 -0.621677
-0.174471 -0.200321 -0.494169
-0.0730235 0.396059 -0.104675
0.196162 -0.174938 -0.124197
-0.0730235 0.351411 0.822822
0.41986 -0.192025 0.977383
0.416103 -0.18821 -0.303956
-0.174471 -0.228775 0.10864
0.0706925 -0.174938 0.539372
-0.0730235 0.311782 -0.60069
-0.0730235 -0.0857593 -0.865572
-0.0730235 0.135085 -0.8586
-0.0730235 0.273261 -0.350317
-0.174471 0.39665 0.824847
-0.174471 0.223937 -0.104417
-0.167729 0.193648 1
0.104569 -0.276385 0.0520521
0.243271 -0.276385 0.810489
-0.174471 -0.0498102 0.319038
0.332405 -0.174938 -0.333943
-0.0730883 0.486236 0.657383
-0.0730235 0.052546 0.751617
0.0524405 -0.174938 -0.786303
-0.174471 0.120735 0.957439
-0.14078 -0.276385 0.0900424
-0.0730235 0.357488 -0.820138
0.0228435 -0.276385 -0.797907
0.423541 -0.276385 0.0205863
0.368458 -0.174938 0.328147
-0.174471 -0.0959396 0.9422
0.432617 -0.244291 0.88126
-0.174471 0.493465 0.498715
-0.0730235 0.192256 -0.279874
0.198238 -0.174938 0.989638
-0.0665912 -0.276385 -0.503924
-0.0730235 0.409787 -0.74696
-0.0730235 0.128464 -0.491708
-0.174471 -0.224966 -0.299832
-0.0730235 0.0641354 0.842676
-0.0730235 0.181759 0.397988
-0.174471 0.10224 -0.831314
0.432617 -0.234802 -0.698666
-0.0730235 0.0840574 0.965893
-0.174471 -0.188319 0.276414
0.026819 -0.276385 -0.882777
0.42197 -0.276385 0.427188
-0.0290634 -0.221909 1
0.43082 -0.21228 0.910352
-0.174471 0.327132 -0.48872
0.162437 -0.276385 -0.57638
0.0373798 -0.174938 -0.83456
-0.174471 0.457666 0.915998
-0.0730235 0.274258 -0.847249
-0.155396 -0.14344 -0.996999
-0.146723 -0.276385 0.978139
-0.174471 0.273495 0.758204
0.125406 -0.266487 1
-0.0730235 0.413185 0.367383
-0.120096 -0.276385 -0.606563
-0.0730235 -0.0224067 0.749629
-0.174471 0.0902914 -0.509406
-0.174471 -0.058525 -0.154982
0.0633617 -0.174938 -0.481531
0.0110141 -0.276385 0.767042
0.432617 -0.268986 -0.846029
-0.174471 0.454508 0.108154
-0.0767947 0.0649567 -0.996999
0.417633 -0.189668 -0.137994
-0.174471 -0.262046 0.624127
-0.0371797 -0.276385 0.510611
0.175487 -0.174938 0.403712
0.432102 -0.218455 -0.102025
-0.0730235 -0.0782684 0.32881
-0.174471 0.00776351 -0.504772
-0.174471 0.21678 -0.466542
0.0522756 -0.238912 -0.996999
-0.174471 0.286118 0.674757
0.0972941 -0.276385 -0.626486
0.426294 -0.276385 0.481858
-0.174471 -0.125884 0.928475
-0.143208 -0.276385 0.187906
0.133851 -0.174938 0.575129
-0.101574 0.361167 -0.996999
-0.174471 0.4185 0.930001
-0.0648449 -0.158816 0.48032
0.130172 -0.276385 -0.185368
0.155232 -0.174938 0.0873348
-0.0730235 0.0949988 0.790119
-0.174471 0.299641 0.534047
-0.0730235 0.284568 -0.497759
0.0296493 -0.174938 0.787745
-0.0923378 -0.276385 -0.392169
-0.174471 -0.248698 0.166712
-0.174471 0.389247 0.15128
0.00967232 -0.174938 0.394986
-0.0730235 -0.0598046 -0.0385991
0.0971532 -0.276385 0.882029
-0.163766 0.534396 0.638387
-0.174471 -0.0893942 0.555869
0.316153 -0.276385 0.492905
-0.174471 0.510773 -0.0228659
0.206944 -0.276385 -0.674842
0.0969961 -0.174938 0.859324
-0.174471 0.012735 0.98702
0.182439 -0.174938 -0.663646
-0.0730235 -0.0805573 0.642938
-0.0730235 0.25485 0.490595
0.317743 -0.276385 0.968824
0.0185739 -0.174938 0.310527
-0.0730235 -0.0766394 0.0227003
-0.174471 0.288446 -0.974655
0.395272 -0.176734 0.184725
-0.151725 0.534396 -0.566782
-0.0730235 0.47663 -0.392845
-0.174471 0.158464 0.123115
-0.056034 -0.167396 -0.99149
-0.174471 -0.127339 -0.947156
-0.174471 0.113236 -0.401113
0.0484693 -0.174938 -0.977792
-0.174471 0.300827 0.233342
0.41761 -0.276385 -0.929986
-0.174471 0.434854 0.373285
-0.174471 -0.198747 -0.240296
-0.174471 0.212624 -0.968192
0.432617 -0.251665 -0.570941
-0.0730235 0.370328 0.750702
0.11328 -0.174938 0.0723198
0.242478 -0.276385 -0.522165
0.080594 -0.185255 1
-0.128656 0.217469 1
0.28579 -0.276385 -0.132666
0.106367 -0.174938 0.786381
0.404264 -0.276385 0.616586
0.134909 -0.174938 0.353852
-0.143443 -0.276385 0.263122
-0.0730235 0.0399978 0.586027
-0.174471 -0.222629 -0.893577
-0.174471 0.344092 -0.733635
-0.0730235 0.143299 0.13219
-0.174471 -0.0205941 0.0963186
0.418823 -0.236931 -0.996999
-0.0730235 0.252644 0.782266
-0.174471 -0.220109 0.586661
0.186407 -0.174938 0.489486
-0.0730235 -0.0104104 -0.0905028
0.281505 -0.174938 0.0935064
-0.0730235 -0.0440668 0.429298
-0.0730235 0.0590903 -0.888549
0.426408 -0.201345 -0.00149947
0.300643 -0.174938 0.564739
-0.174471 -0.0430554 0.540799
0.126735 -0.174938 -0.159754
-0.174471 0.23191 -0.765879
0.10977 -0.276385 -0.323038
-0.0823389 -0.276385 -0.244899
-0.0730235 0.406924 -0.315033
0.406301 -0.181197 -0.691337
0.0702917 -0.174938 -0.937297
-0.174471 0.440511 0.331222
-0.0730235 0.376723 0.0797961
0.218053 -0.174938 0.186853
0.181029 -0.209485 -0.996999
-0.174471 -0.168412 0.430501
-0.174471 0.252596 -0.877218
-0.0730235 0.442278 -0.227687
0.0581903 -0.276385 0.238197
-0.174471 0.0805965 0.569887
0.415197 -0.187403 -0.570504
0.0375291 -0.276385 -0.948386
0.265644 -0.276385 -0.267245
-0.0730235 0.118487 0.266903
-0.174471 0.212473 0.458481
0.432617 -0.237911 0.324254
0.00173918 -0.174938 -0.36911
-0.174471 -0.0590743 0.154719
0.261454 -0.276385 -0.40572
-0.174471 -0.0353401 0.736814
0.431099 -0.213347 0.745273
-0.0730235 0.00584202 -0.726211
-0.174471 0.532467 -0.419618
-0.0730235 -0.0224593 -0.219651
-0.0730235 0.243824 0.112659
-0.0972832 0.0221585 1
0.0655714 -0.174938 -0.668797
0.219991 -0.276385 -0.974646
0.208495 -0.174938 0.838059
-0.123116 -0.276385 0.237386
0.196103 -0.174938 0.368968
-0.0931915 -0.130282 1
0.211512 -0.276385 -0.118741
-0.151275 0.086211 -0.996999
0.247118 -0.276385 -0.790467
0.24576 -0.174938 -0.210427
-0.0730235 0.273628 -0.220602
-0.174471 0.411231 -0.561271
-0.0262759 -0.276385 -0.442488
0.105566 -0.174938 0.553889
-0.174471 -0.255985 -0.901378
-0.0578401 -0.166029 -0.678167
-0.174471 -0.192413 0.793421
0.320382 -0.174938 0.0679679
-0.174471 0.435121 -0.298663
-0.0543617 -0.168528 0.961486
-0.126933 -0.276385 0.837653
-0.174471 -0.228119 0.46635
-0.0730235 -0.0606004 0.142382
0.204547 -0.276385 -0.591019
0.061312 -0.276385 0.0290616
-0.174471 0.0513574 0.35754
0.387035 -0.175199 -0.137862
0.10134 -0.276385 -0.791062
0.131888 -0.276385 -0.303686
0.0893256 -0.276385 -0.827116
0.131665 -0.276385 0.739283
0.396399 -0.177056 0.226536
0.2562 -0.276385 -0.574133
0.0331777 -0.276385 0.259211
-0.174471 -0.265066 0.881515
-0.0651714 -0.158377 -0.952662
0.066203 -0.174938 -0.830976
-0.151491 -0.276385 0.00513382
0.0182199 -0.174938 0.89948
-0.0730235 0.431161 0.86767
0.190998 -0.276385 0.982545
0.205218 -0.276385 -0.430001
-0.174471 0.238372 -0.661449
-0.174471 0.257695 0.173001
0.143185 -0.174938 -0.537103
0.236143 -0.276385 0.871848
-0.106301 0.531302 -0.338569
0.0657511 -0.174938 -0.0992361
0.337766 -0.174938 0.609703
-0.0730235 0.37285 0.607327
-0.174471 0.493845 -0.391752
-0.174471 -0.117967 -0.598132
-0.174471 0.0327972 -0.279329
-0.0730235 -0.074295 -0.673062
-0.174471 0.253629 -0.157732
-0.0290503 -0.197585 -0.996999
-0.103555 0.530204 0.340183
0.122678 -0.174938 -0.267478
0.432617 -0.255357 -0.275262
-0.174471 -0.260061 0.255384
-0.0760619 0.500964 -0.60447
-0.174471 0.0981896 0.491309
-0.00778098 -0.276385 0.262656
-0.174471 -0.273451 0.218725
-0.174471 0.47803 0.142206
-0.174471 0.418202 -0.228501
0.0414747 -0.174938 0.455756
-0.0725359 -0.140667 0.373247
-0.0730235 0.244598 -0.277155
0.138438 -0.276385 -0.383276
-0.0730235 0.0665023 -0.689449
-0.0886497 0.520293 0.235632
0.254102 -0.276385 -0.647625
0.429721 -0.208768 0.39884
0.36901 -0.276385 0.271763
0.0684187 -0.174938 -0.208832
0.0970943 -0.276385 0.849876
0.355758 -0.246355 1
-0.174471 0.395281 -0.237123
-0.0245403 -0.174938 0.369514
0.131458 -0.276385 -0.455984
0.228073 -0.276385 0.596016
-0.0730235 0.315443 -0.351201
-0.174471 0.427024 -0.697201
-0.174471 0.24661 0.0958964
-0.174471 0.234764 -0.423566
0.167142 -0.276385 -0.530623
-0.0730235 0.191589 0.419384
-0.0730235 0.312114 0.551197
-0.00775145 -0.174938 -0.725686
-0.0730235 0.465007 -0.00179039
-0.174471 0.194278 -0.856595
0.120603 -0.276385 -0.073016
-0.174471 0.529937 -0.786079
0.432617 -0.231363 0.829718
0.185234 -0.22085 1
-0.174471 -0.16624 0.980608
-0.174471 -0.0515112 0.0432677
-0.0730235 0.321596 0.508548
-0.0730235 -0.0140691 -0.152136
-0.00191199 -0.276385 -0.417198
0.0622254 -0.174938 0.0878969
0.203249 -0.276385 -0.199823
-0.174471 0.289756 0.101794
-0.174471 0.0281465 -0.25509
-0.104539 0.145647 -0.996999
-0.174471 0.269751 -0.833001
-0.0730235 0.413119 -0.00256877
-0.0730235 0.00657026 -0.848643
-0.174471 0.0641904 -0.546968
-0.174471 0.369993 0.998662
-0.0730235 0.258882 0.129789
-0.0730235 0.336587 0.0516473
0.380121 -0.174938 0.124225
-0.0712707 -0.14619 0.754276
-0.027716 -0.174938 0.553884
0.0349052 -0.174938 0.856182
0.40296 -0.276385 -0.822193
0.152414 -0.276385 -0.901276
-0.174471 0.441758 -0.919296
-0.0730235 0.19862 0.0324403
-0.174471 -0.1998 -0.0447347
0.313914 -0.174938 0.109445
-0.0730235 -0.0683581 -0.712915
-0.0730235 0.0250592 0.856695
0.261846 -0.276385 -0.293311
0.425031 -0.276385 0.82012
0.340753 -0.276385 -0.855281
-0.174471 0.368383 -0.548612
-0.174471 -0.0789238 0.288775
-0.174471 -0.0921092 -0.065842
0.0047842 -0.276385 -0.970781
0.104714 -0.174938 0.30842
0.0769146 -0.276385 0.71981
-0.0730235 0.42823 -0.330763
0.21199 -0.276385 -0.0304592
-0.0730235 -0.00591201 0.149188
-0.0336222 -0.174922 -0.141681
0.0680188 -0.174938 -0.161903
-0.0730235 0.113261 0.177978
0.136106 -0.276385 0.430021
0.0229293 -0.276385 0.523351
-0.0730235 0.457763 -0.143022
-0.0730235 0.0700764 -0.621125
-0.0730235 0.183571 0.768726
0.160118 -0.174938 -0.263194
-0.0730235 0.397398 -0.28007
-0.125481 -0.276385 -0.307277
-0.174471 0.0678964 0.00499628
0.413283 -0.185817 -0.922703
0.195487 -0.174938 0.802566
-0.0730259 0.484168 -0.230909
0.265283 -0.276385 0.396365
-0.174471 0.0116955 0.9457
-0.0730235 0.0410061 0.778074
-0.174471 -0.00443923 -0.122698
-0.0106968 -0.174938 0.860026
-0.0730235 0.295828 -0.856507
-0.0660741 -0.276385 -0.645585
-0.174471 0.0475548 0.833571
-0.0730235 -0.0888387 -0.27597
0.199969 -0.276385 -0.644886
-0.174471 0.220558 -0.888528
-0.0730235 0.213663 0.528875
-0.0730235 -0.059887 -0.634071
-0.174471 0.339287 0.030769
-0.122359 0.534377 0.747497
0.30577 -0.276385 0.879446
-0.174471 0.342844 0.413674
0.0489531 -0.174938 0.382875
0.241092 -0.276385 -0.444196
0.0638298 -0.27419 1
-0.174471 0.0468806 0.731784
0.371779 -0.174938 0.521158
-0.174471 0.521973 0.786824
-0.174471 -0.226642 0.364542
0.252627 -0.174938 0.131281
-0.174471 0.202323 0.119622
-0.174471 -0.223095 -0.212928
0.421005 -0.193364 -0.863677
-0.174471 -0.0793353 -0.116339
-0.174471 0.288524 -0.0334388
-0.0730235 0.297602 -0.107517
-0.0730235 -0.112899 -0.429319
0.171643 -0.276385 0.76926
0.154309 -0.276385 0.503837
0.229721 -0.276385 0.383059
-0.0730235 0.000538882 0.897837
-0.174471 -0.0233687 -0.95428
0.324835 -0.174938 -0.506042
-0.0730235 0.109714 -0.698331
-0.174471 0.38502 0.858637
-0.0730235 0.379017 -0.936495
-0.174471 -0.0545399 0.0021712
0.386148 -0.175116 0.890225
-0.0255599 -0.276385 0.872998
0.352497 -0.276385 -0.576405
-0.0730235 0.211389 -0.0208558
-0.174471 -0.0691346 -0.239149
-0.0730235 0.410438 0.485488
-0.174471 0.233223 -0.291592
-0.0730235 -0.0970544 -0.318562
0.146965 -0.276385 -0.480504
-0.112415 -0.276385 0.214146
-0.0730235 0.00819881 -0.643387
0.084616 -0.276385 -0.437763
-0.0113523 -0.276385 0.425494
-0.174471 0.0257042 -0.460839
0.0458402 -0.174938 0.614906
-0.174471 -0.188104 0.844024
0.261661 -0.174938 0.780317
0.223348 -0.20975 1
-0.174471 0.0908688 -0.0684468
-0.174471 -0.0939136 -0.830423
-0.0730235 -0.11045 -0.234512
-0.174471 0.484427 0.710948
-0.0730235 0.443047 -0.718036
0.167439 -0.276385 -0.154402
0.274159 -0.276385 0.634122
-0.174471 -0.0176004 -0.432773
0.194698 -0.174938 0.70897
-0.174471 -0.221641 -0.458917
-0.141345 0.534396 0.154235
0.165451 -0.174938 -0.611124
-0.0493196 -0.171277 -0.373814
-0.174471 0.173586 0.324561
-0.174471 -0.108103 -0.995822
-0.174471 0.274055 0.860462
0.407724 -0.276385 0.0508937
-0.0730235 0.197543 -0.670786
-0.174471 0.143924 0.0592592
-0.0730235 0.303965 0.446084
-0.0730235 -0.132735 0.265705
-0.174471 0.0370609 0.700559
-0.174471 -0.123901 0.607931
0.260671 -0.174938 -0.674197
-0.174471 0.0266463 0.639379
0.35882 -0.174938 -0.476623
-0.0730235 0.4651 0.892505
-0.174471 0.123708 0.592672
-0.0730235 0.220833 0.878802
0.432617 -0.252592 -0.464088
-0.0730235 0.00785974 -0.764741
-0.0825022 0.513198 0.489456
-0.0730235 0.0868252 0.00992077
-0.174471 0.501338 -0.537247
-0.174471 0.48695 0.796925
0.15006 -0.276385 -0.750532
0.432617 -0.236961 0.253407
-0.174471 0.0769711 0.391733
-0.112437 0.533119 0.363614
-0.0730235 0.204913 -0.580109
-0.174471 -0.0429413 -0.760394
0.143967 -0.276385 -0.144416
-0.174471 0.323607 0.208435
-0.0730235 0.24793 0.704873
-0.174471 0.452288 -0.0907989
0.135618 -0.174938 -0.806643
-0.174471 0.433494 -0.466216
-0.0730235 0.231788 0.278029
-0.0730235 0.383713 0.793282
-0.0186332 -0.276385 0.469458
-0.00935902 -0.174938 0.351733
-0.174471 -0.270359 -0.460478
-0.159958 0.534396 0.378348
0.168838 -0.276385 0.563285
-0.0409257 -0.276385 -0.235909
-0.0730235 -0.113302 -0.564496
-0.174471 -0.0167252 -0.79829
-0.0730235 0.187238 -0.546744
-0.124206 0.534396 -0.415257
-0.0730235 -0.117349 -0.337946
-0.174471 -0.183858 0.12351
0.179041 -0.174938 0.5107
-0.153363 -0.276385 -0.288592
-0.174471 0.0472786 -0.193287
-0.174471 -0.191961 0.506605
-0.0450008 -0.276385 0.40118
-0.0730235 0.141674 0.648159
-0.0730235 0.0280508 0.971522
-0.174471 -0.148326 -0.374551
-0.0727486 -0.139112 -0.601984
-0.174471 -0.252312 0.210614
-0.0577016 -0.16614 -0.282307
0.0982695 -0.276385 -0.970912
0.349875 -0.174938 -0.511899
-0.0730235 0.319716 0.703295
-0.0730235 0.246614 -0.594656
-0.174471 0.507087 -0.182398
-0.174471 0.0336968 0.187323
0.422962 -0.195892 -0.700742
0.14411 -0.276385 0.976029
-0.174471 -0.00527792 -0.356757
0.338777 -0.174938 0.686063
-0.120946 0.534319 -0.0442931
-0.174471 0.16722 0.0127981
-0.0730235 0.382023 -0.585069
-0.0730235 0.438697 0.0109429
-0.174471 -0.242891 0.318339
-0.174471 -0.197997 -0.420302
-0.0730235 0.460411 -0.215321
0.43261 -0.224857 -0.972804
0.0681077 -0.276385 0.580163
-0.174471 -0.102755 0.377997
0.0715901 -0.174938 0.656225
-0.174471 -0.146395 0.829716
0.0538292 -0.276385 0.00351183
-0.174471 0.301371 -0.612458
0.115267 -0.276385 -0.89819
-0.0906854 0.522141 -0.0726374
-0.0730235 0.0249376 -0.921766
0.310307 -0.174938 -0.932502
-0.174471 0.354598 0.619316
-0.0240209 -0.276385 0.225645
-0.0730235 -0.0716324 -0.348332
-0.156174 0.534396 0.828208
-0.0496983 -0.276385 0.916933
0.0258559 -0.174938 0.823923
0.0901361 -0.174938 -0.00612851
-0.174471 0.197949 0.568675
0.224608 -0.174938 0.649155
-0.174471 0.114698 0.506391
0.271691 -0.276385 0.608765
0.0832883 -0.231098 1
-0.167635 -0.276385 0.737317
-0.0730235 0.232127 -0.35443
-0.174471 0.448629 -0.122351
0.243674 -0.174938 -0.324763
0.326652 -0.174938 0.871938
-0.174471 0.146948 0.254842
-0.174471 0.35923 0.754854
-0.0745159 0.495886 -0.0321998
-0.0711253 -0.146658 -0.306923
-0.0730235 -0.0215 -0.796271
-0.0730235 0.28503 0.902387
-0.174471 0.333046 0.276445
-0.174471 -0.227256 -0.598021
-0.0730235 0.407474 0.713021
0.248925 -0.174938 -0.84312
-0.0730235 -0.0564652 -0.392051
0.415091 -0.18731 -0.236272
-0.0730235 0.442964 -0.756208
-0.174471 0.222184 0.495761
-0.153289 0.534396 0.108213
0.167674 -0.276385 -0.223572
-0.0730235 0.0338219 -0.628879
-0.0730235 0.0242785 -0.0361701
-0.174471 -0.25919 0.527759
-0.174471 -0.122501 -0.682195
-0.174471 0.177774 0.523863
0.385569 -0.276385 -0.778443
-0.0741815 0.494449 0.119548
0.34496 -0.276385 0.495442
0.34662 -0.174938 -0.132696
-0.0715262 -0.145315 0.915344
-0.0730235 0.0699843 -0.0924792
-0.0730235 -0.0467901 0.280065
0.0463555 -0.276385 0.979238
-0.0730235 0.312481 -0.824216
-0.0730235 0.216221 -0.0639095
-0.174471 0.506025 0.909739
0.118619 -0.174938 -0.0352835
-0.174471 0.194427 0.878173
0.416681 -0.276385 0.888673
-0.0730235 0.274937 0.795226
0.321601 -0.276385 0.192005
-0.174471 0.369398 -0.215301
-0.0730235 0.471713 -0.425954
0.0252061 -0.276385 -0.477038
-0.174471 0.219758 0.166677
0.384671 -0.276385 -0.994964
0.313461 -0.276385 -0.429367
0.0965445 -0.255937 -0.996999
-0.174471 0.154731 -0.887407
-0.0730235 -0.000767647 -0.488913
-0.0730235 0.297438 0.81724
-0.0730235 0.242385 -0.131717
-0.174471 0.121074 0.719228
-0.174471 -0.24522 -0.0435743
0.429413 -0.207922 -0.37175
-0.0730235 0.00737273 -0.938994
-0.0730235 -0.116569 0.529273
0.357847 -0.276385 0.613443
-0.174471 0.0693263 -0.451463
-0.0730235 0.317123 -0.201226
-0.0953896 0.221281 -0.996999
0.355678 -0.174938 -0.6109
-0.174471 -0.265077 -0.870117
0.142617 -0.174938 0.0553704
-0.0730235 0.0454818 0.381792
0.329268 -0.274048 -0.996999
-0.174471 -0.231629 0.978074
-0.174471 0.492295 -0.14256
0.414314 -0.186651 -0.65786
-0.16138 0.390126 1
-0.0730235 -0.109442 0.81476
0.242089 -0.276385 -0.703251
-0.0730235 0.439246 0.244183
0.197493 -0.276385 0.316185
-0.174471 -0.209392 0.135829
-0.174471 -0.226957 -0.162687
0.0927282 -0.174938 -0.774583
-0.0526388 -0.276385 0.0676402
-0.174471 -0.0168327 -0.822117
-0.174471 0.143254 -0.564911
-0.174471 0.0225672 -0.877958
-0.0730235 0.416386 0.409052
-0.0730235 0.436482 0.522442
0.292485 -0.174938 0.513198
-0.152731 0.534396 -0.251296
0.190436 -0.174938 -0.0363229
-0.174471 -0.01231 0.781898
-0.174471 0.138475 0.629779
-0.174471 0.0811418 -0.146683
-0.000251055 -0.174938 0.214051
0.370261 -0.174938 -0.308212
-0.174471 0.0775704 0.183449
-0.0721076 -0.142967 0.186993
0.0123759 -0.276385 -0.927738
-0.174471 -0.259047 -0.492854
-0.174471 0.357012 -0.876143
-0.0730235 -0.0220492 0.372144
0.17014 -0.174938 -0.880051
-0.174471 -0.0186322 0.891715
-0.0730235 0.223078 0.709402
-0.0178052 -0.174938 0.244017
-0.0861731 -0.276385 0.766511
0.0713609 -0.276385 -0.625974
-0.174471 0.430202 0.0743793
-0.0730235 0.389609 0.446867
0.237801 -0.276385 0.935852
-0.0730235 -0.0630145 -0.563511
-0.0730235 -0.120929 0.0096201
-0.174471 0.0763392 -0.820644
-0.11293 0.244372 1
-0.167224 0.534396 0.305393
-0.115621 -0.276385 -0.0248597
-0.174471 0.0988993 0.0503775
0.222237 -0.174938 -0.709348
0.316363 -0.276385 0.747271
0.130879 -0.174938 -0.994357
0.0540452 -0.276385 -0.159246
-0.174471 0.374686 -0.288585
0.38612 -0.276385 0.991465
-0.103183 -0.276385 0.352251
-0.0730235 0.349277 -0.45409
-0.0730235 0.421962 0.59998
-0.174471 -0.113615 -0.756014
0.0343734 -0.174938 0.0351028
-0.0730235 0.316197 0.830682
-0.166166 0.534396 -0.292098
0.228669 -0.174938 0.509356
0.263289 -0.255969 1
-0.0730235 0.0710397 0.167564
-0.0730235 -0.0180664 -0.00299544
-0.0730235 -0.0552625 -0.135745
-0.0730235 0.216383 0.574498
-0.0730235 0.165815 -0.146222
0.251163 -0.174938 0.736888
-0.0679392 -0.154055 -0.538549
-0.0260033 -0.276385 0.105559
-0.174471 -0.0898166 -0.277503
-0.0730235 0.29832 0.0531426
0.396541 -0.276385 -0.449052
-0.174471 0.255269 0.315513
-0.0730235 0.0503803 -0.846173
-0.0730235 0.0663866 -0.446171
-0.0775858 0.504697 0.571694
0.392759 -0.176115 -0.730637
-0.0730235 0.221728 -0.20412
-0.0730235 0.000850395 0.940857
-0.174471 0.433722 0.535722
0.212989 -0.276385 -0.157047
-0.174471 -0.200828 0.209681
-0.174471 0.133263 0.765056
-0.0730235 -0.00217598 -0.558624
-0.174471 0.0839693 -0.977306
0.222232 -0.174938 0.355099
0.151676 -0.189685 -0.996999
0.00906745 -0.276385 0.487235
-0.0730235 0.458772 -0.90257
-0.0730235 0.269034 0.335928
0.410809 -0.276385 -0.909452
-0.0730235 0.304118 -0.442706
-0.0736946 0.415122 -0.996999
-0.0730235 0.159398 0.282454
0.315482 -0.174938 0.711023
-0.0730235 0.392626 -0.461029
0.0495079 -0.174938 -0.75583
0.0093141 -0.222213 1
0.328598 -0.276385 -0.800721
0.0205509 -0.276385 0.934431
0.381787 -0.276385 -0.185734
-0.174471 0.236046 0.0154147
-0.174471 -0.0604683 -0.980183
0.144463 -0.174938 -0.061177
0.0857909 -0.276385 0.0870144
-0.0730235 -0.0381519 -0.994747
-0.15691 -0.232186 1
-0.174471 -0.184576 -0.44588
0.116467 -0.174938 -0.452819
0.137025 -0.276385 0.020616
-0.0730235 -0.104901 0.494336
-0.174471 -0.0784206 0.604558
0.134708 -0.174938 0.497342
0.350479 -0.276385 -0.749596
-0.0730235 -0.0819957 0.432503
-0.174471 -0.15222 -0.838144
0.0775253 -0.174938 -0.54787
0.432617 -0.256918 0.904416
-0.174471 0.150697 0.945267
-0.148883 -0.276385 -0.6761
-0.0730235 0.0241928 0.921604
0.260622 -0.276385 -0.923306
-0.0730235 0.015097 -0.0759182
-0.174471 -0.0515041 0.184899
-0.174471 -0.211008 0.73619
-0.0730235 0.217704 0.122651
-0.174471 -0.0186395 0.290036
-0.174471 -0.0286526 0.966025
-0.0730235 -0.0761168 0.972934
0.156018 -0.174938 0.613158
-0.174471 0.466359 0.771101
0.387792 -0.276385 -0.648585
-0.174471 0.173529 0.883606
-0.0730235 0.464122 -0.352539
0.26803 -0.276385 0.364724
0.216006 -0.276385 0.910955
-0.174471 0.375345 -0.73478
-0.0730235 -0.0136338 0.214876
-0.174471 -0.0286661 -0.310208
0.0145315 -0.174938 0.684395
-0.0730235 0.0460008 -0.529103
-0.0730235 0.233842 -0.80148
0.407985 -0.276385 -0.242945
-0.174471 0.0944976 -0.412326
-0.116507 -0.276385 -0.268872
0.395793 -0.176879 0.772413
0.211535 -0.276385 0.292976
-0.174471 0.20619 -0.701851
-0.0730235 -0.00966675 0.836177
0.263186 -0.174938 0.756975
-0.174471 0.527459 0.0426742
-0.174471 -0.154245 0.583087
0.431854 -0.276385 -0.404085
-0.174471 0.391819 -0.39347
-0.174471 -0.230926 -0.349002
0.0854666 -0.174938 0.348552
0.359143 -0.174938 -0.646636
-0.0267571 -0.276385 -0.897743
-0.0730235 0.00868448 0.336313
0.201845 -0.174938 0.612672
0.133468 -0.276385 -0.164094
0.0561106 -0.276385 -0.508507
0.132725 -0.276385 0.637183
-0.0730235 -0.0737467 -0.0653729
-0.0730235 0.159783 0.689105
-0.0730235 -0.115717 -0.683153
-0.0730235 0.413326 0.656812
0.243243 -0.174938 -0.757297
-0.0730235 0.253539 -0.763864
0.197449 -0.174938 0.889364
0.43203 -0.21797 0.275962
-0.0730235 0.171773 0.810798
-0.174471 0.17925 -0.542863
-0.170148 -0.276385 -0.555022
-0.174471 -0.161681 -0.866223
0.270458 -0.174938 -0.943796
-0.0730235 0.312268 -0.975546
-0.0730235 0.140212 0.0670513
-0.0730235 0.335921 0.325513
0.0165888 -0.174938 -0.473452
0.0278339 -0.276385 -0.544119
-0.174471 0.406843 -0.773777
0.0842404 -0.174938 0.292837
0.352963 -0.174938 -0.978012
-0.157458 0.534396 -0.52288
-0.174471 0.21698 -0.150208
-0.174471 0.346924 -0.344867
0.412408 -0.185143 0.277088
-0.174471 0.256552 0.811095
0.00912216 -0.239371 -0.996999
-0.0730235 -0.0184627 0.459256
0.279424 -0.174938 -0.00553987
-0.174471 0.0515137 0.874943
-0.174471 0.346203 0.0602913
0.148684 -0.174938 -0.308144
-0.115576 0.533734 0.622774
-0.0545969 -0.168376 0.381391
-0.0730235 0.325784 -0.744344
-0.0122966 -0.276385 -0.654798
0.170898 -0.174938 0.832403
0.0336107 -0.276385 -0.726313
-0.0726808 -0.139659 0.688041
-0.174471 0.388594 0.762352
0.1696 -0.276385 -0.474256
-0.0730235 0.119498 0.976888
0.351488 -0.174938 0.395928
-0.174471 -0.0973842 -0.45945
-0.174471 -0.0284916 -0.143252
-0.0730235 0.0375331 0.632607
-0.0730235 0.401205 -0.197219
-0.113016 -0.276385 -0.397888
-0.0730235 0.1609 0.58279
-0.0928035 -0.237957 -0.996999
0.0696574 -0.174938 0.749062
-0.174471 0.218889 0.611471
-0.174471 0.443269 -0.942628
0.167438 -0.276385 -0.857538
-0.0730235 -0.04926 -0.176516
-0.0163549 -0.174938 0.158292
0.0308437 -0.174938 -0.13392
-0.174471 0.00779131 0.312153
-0.174471 -0.140815 -0.535128
0.290844 -0.276385 -0.709391
-0.134447 0.119454 1
-0.0730235 0.429888 -0.0260307
-0.174471 0.224734 0.134315
-0.174471 0.287839 -0.941513
0.0343617 -0.174938 -0.0934817
0.20661 -0.174938 -0.430003
0.381581 -0.276385 -0.483924
-0.174471 -0.157127 0.907316
-0.091803 0.523074 0.0966005
-0.170526 0.534396 -0.577041
-0.174471 -0.0504207 0.763578
0.17419 -0.276385 -0.183569
0.167079 -0.276385 -0.726799
-0.174471 0.0960955 0.617455
-0.0730235 0.144209 0.823375
-0.0730235 0.247102 -0.67195
-0.0994187 0.528181 0.0530419
-0.174471 -0.0847129 0.997531
-0.174471 0.187733 -0.767683
-0.174471 0.401287 -0.891341
-0.174471 0.0746844 0.954963
-0.0730235 0.018827 -0.686861
0.401091 -0.276385 -0.585695
-0.172232 -0.155421 1
-0.147316 -0.276385 -0.567091
-0.174471 0.123311 -0.276137
-0.174471 0.101514 0.188238
-0.0730235 0.189161 0.584123
0.0192577 -0.276385 -0.246916
-0.0730235 0.0966584 0.989076
0.350675 -0.276385 -0.405589
0.275639 -0.174938 0.885016
0.432617 -0.25873 -0.236342
-0.174471 0.366949 0.117307
-0.174471 0.464137 0.532586
-0.0341942 -0.174902 -0.643781
-0.0100472 -0.276385 0.0753106
0.290538 -0.276385 0.155774
-0.174471 -0.00641866 -0.0227181
-0.174471 0.000250934 -0.101154
-0.134468 0.350777 1
0.370512 -0.276385 0.229259
-0.0730235 0.0139488 0.0288901
-0.154182 -0.276385 -0.158011
0.159059 -0.174938 0.967339
-0.0730235 -0.075049 0.782202
0.432617 -0.247619 -0.956524
-0.174471 0.447784 -0.657852
-0.0347929 -0.276385 0.427557
-0.113154 -0.276385 0.120273
-0.174471 -0.23732 -0.398117
-0.0730235 -0.0103716 -0.307606
-0.0730235 0.32009 0.794278
-0.140751 -0.276385 -0.229802
0.264532 -0.276385 -0.472961
-0.174471 -0.157254 0.156071
-0.134671 -0.276385 0.900623
-0.0730235 0.00275865 0.0728287
0.108768 -0.174938 0.426713
-0.174471 -0.210292 0.347983
-0.174471 0.0845311 0.459521
-0.0979938 -0.276385 0.609386
0.227251 -0.276385 -0.894541
-0.0730235 -0.0236261 0.257192
0.145641 -0.174938 0.322616
0.126943 -0.276385 0.537573
0.321273 -0.174938 0.533993
-0.174471 0.440661 -0.200848
-0.0730235 -0.0644714 0.236274
0.324631 -0.276385 -0.199308
0.285017 -0.174938 0.84486
0.305973 -0.276385 -0.871095
-0.113292 0.533307 0.982302
-0.174471 -0.104001 -0.717955
-0.174471 0.408826 0.219799
0.168353 -0.276385 -0.652667
-0.174471 0.440063 -0.8841
-0.174471 0.0293343 -0.685929
-0.0730235 0.327624 0.742558
-0.0730235 0.18868 0.542856
-0.0778134 0.291189 1
-0.174471 0.00844993 0.850902
0.280511 -0.276385 0.490898
0.14169 -0.276385 0.878471
-0.0524898 -0.169658 0.784419
-0.0730235 0.36407 0.172508
-0.0730235 0.0557162 -0.0467772
-0.174471 0.361475 0.40335
-0.174471 -0.19487 0.592637
-0.0923693 -0.276385 0.889151
-0.170473 0.534396 0.415644
0.0254775 -0.276385 0.665237
-0.174471 0.455523 -0.0126155
-0.0730235 0.102932 0.813664
-0.129321 -0.0120971 -0.996999
0.0992906 -0.174938 0.185203
-0.0592782 -0.276385 -0.328101
0.375247 -0.276385 -0.712292
-0.174471 -0.00990751 0.181956
-0.0730235 0.325201 -0.386221
-0.157722 -0.276385 -0.978776
0.406894 -0.181527 0.346896
0.333373 -0.276385 -0.157666
0.362664 -0.174938 0.209613
0.318628 -0.174938 0.00329596
-0.0730235 0.159727 0.0510549
-0.0730235 0.438773 -0.466522
0.432617 -0.260458 0.294332
0.432521 -0.222555 -0.232142
0.151899 -0.174938 -0.514085
-0.0140286 -0.276385 -0.57042
-0.174471 -0.0718988 -0.373073
-0.0730235 0.315108 0.125057
0.0494608 -0.174938 0.921126
-0.0730235 -0.0539932 0.678378
-0.078837 0.507252 -0.431926
-0.101239 0.529129 0.777187
-0.174471 0.519357 -0.766104
-0.174471 0.0320009 0.997161
0.338087 -0.174938 0.109356
-0.163354 -0.276385 0.0227431
-0.174471 -0.246831 0.943709
-0.0730235 0.146304 0.484593
0.246377 -0.174938 -0.804845
-0.0730235 0.458902 0.196163
0.0701269 -0.276385 0.953759
0.0416095 -0.212335 -0.996999
0.276341 -0.174938 -0.465235
-0.0730235 -0.0737778 0.85941
-0.174471 0.402182 -0.669821
0.264393 -0.174938 0.290141
-0.174471 0.129161 0.553677
-0.106398 -0.276385 0.795171
-0.0854262 0.516905 0.90788
0.343479 -0.227099 1
0.328458 -0.174938 0.0262159
0.412984 -0.185583 0.0811678
-0.174471 0.218473 -0.0608209
-0.0553531 -0.276385 0.0256273
-0.174471 -0.126531 0.414957
0.367898 -0.276385 -0.602907
-0.0730235 0.144809 0.993409
-0.174471 0.228248 -0.49359
-0.035032 -0.174857 -0.414485
0.251419 -0.276385 0.645555
-0.0103928 -0.174938 0.788329
0.200839 -0.174938 -0.241423
0.208412 -0.276385 0.389017
-0.174471 0.133336 0.217594
-0.0730235 0.136039 -0.902724
0.103566 -0.276385 -0.690448
-0.174471 0.44867 0.221406
0.0401877 -0.174938 -0.541797
-0.0730235 0.0457895 0.42972
-0.174471 0.468104 -0.168693
0.432617 -0.257737 0.349717
-0.0730235 0.227251 -0.664374
-0.0730235 0.303429 -0.0512381
0.0823693 -0.174938 0.510224
0.43023 -0.210286 -0.766248
0.157736 -0.276385 0.678702
-0.174471 -0.128218 -0.642611
0.419476 -0.276385 0.19279
-0.0730235 0.328503 -0.517791
0.13097 -0.276385 -0.547594
-0.0730235 -0.117781 -0.603459
0.140247 -0.276385 0.127474
-0.0987243 -0.276385 -0.0919306
0.413273 -0.185809 0.943581
-0.140879 0.442211 1
0.308917 -0.174938 -0.532794
0.432617 -0.241169 0.37173
-0.174471 0.179171 0.0569965
-0.0250932 -0.174938 0.412008
-0.172257 0.349939 -0.996999
-0.0730235 0.328338 -0.0780512
0.432617 -0.265979 -0.586509
-0.174471 0.342106 -0.534585
0.380051 -0.276385 -0.421602
-0.174471 -0.00791224 0.000873048
-0.174471 0.0124265 0.24885
0.432617 -0.238744 -0.719525
-0.0730235 0.414094 0.815147
0.432617 -0.263553 0.272564
0.262603 -0.276385 0.901011
0.0957978 -0.174938 -0.694009
-0.174471 0.292747 0.997194
0.175551 -0.174938 0.809579
-0.146285 0.534396 -0.654374
-0.0730235 0.0847248 0.53659
-0.0730235 0.176885 -0.503945
0.0975255 -0.276385 0.647833
-0.0730235 0.187867 0.457648
-0.174471 -0.037588 0.506108
-0.0730235 0.0783326 0.229188
-0.0730235 0.248948 0.888034
-0.0941285 0.524851 0.516738
0.316888 -0.276385 0.786493
-0.174471 0.0351479 0.914927
-0.0730235 0.219349 0.740859
-0.0730235 0.390933 -0.372131
-0.174471 -0.168724 -0.718088
-0.174471 0.298179 -0.3081
-0.0354206 -0.174831 0.197356
0.310919 -0.174938 0.461387
-0.0730235 0.280539 0.371127
-0.0730235 0.453803 0.402736
-0.0730235 0.025001 0.738917
0.303764 -0.276385 -0.528852
0.156253 -0.174938 0.77446
-0.0554133 -0.16783 0.675331
-0.0730235 0.0807518 0.601611
-0.174471 0.0689548 -0.0337477
-0.174471 0.344814 -0.815217
0.383149 -0.276385 0.633144
0.0225305 -0.276385 0.169266
-0.0730235 0.115457 0.323129
-0.0730235 0.382005 0.160192
-0.174471 -0.235884 0.659586
0.227358 -0.269989 -0.996999
0.0547746 -0.276385 0.87369
-0.0768332 0.502959 0.297481
-0.174471 0.226749 0.199639
-0.0730235 0.419499 -0.0653258
0.0598644 -0.174938 0.198077
-0.0730235 0.204448 -0.381168
-0.0173751 -0.174938 -0.785172
0.43215 -0.2188 -0.659778
-0.0730235 0.224959 0.923339
-0.0730235 0.428162 0.210685
0.300635 -0.276385 -0.98061
-0.0730235 0.373914 -0.772586
-0.0730235 0.34352 0.631805
0.428973 -0.206783 0.457965
-0.174471 -0.264146 -0.138802
0.387887 -0.175293 -0.276059
-0.174199 -0.276385 0.509069
0.368495 -0.276385 -0.250688
0.137896 -0.174938 0.684048
-0.0730245 0.483985 0.508947
0.400151 -0.276385 -0.943324
-0.0731998 0.487898 0.165375
-0.0730235 0.181107 0.353208
0.0756343 -0.174938 0.228091
0.183932 -0.276385 0.581134
0.0554911 -0.276385 0.416834
0.231622 -0.276385 -0.0604281
0.264219 -0.276385 0.852755
-0.174471 -0.270292 -0.707151
0.12828 -0.174938 -0.376121
-0.174471 -0.168341 -0.582005
-0.0730235 -0.0517243 0.0479322
-0.0626946 -0.161431 0.867743
-0.0730235 -0.0120699 0.880276
-0.016524 -0.276385 0.990149
0.0463771 -0.276385 -0.81322
-0.12087 -0.276385 -0.359224
0.0212028 -0.174938 0.261401
0.0551472 -0.276385 0.814569
0.411311 -0.276385 0.408932
-0.174471 0.0125529 0.412166
0.411295 -0.184328 -0.423794
-0.112538 -0.276385 0.414736
-0.00584827 -0.276385 -0.895582
0.312104 -0.276385 0.222522
-0.127336 0.534396 -0.923134
-0.174471 0.495662 -0.0671497
-0.174471 0.0989259 -0.549234
-0.0730235 0.363472 0.222377
-0.0730235 0.389029 0.404174
0.0446353 -0.174938 0.275977
0.188411 -0.174938 0.848352
0.0571697 -0.276385 0.554361
0.418948 -0.191023 0.257335
-0.0730235 0.148472 0.753589
0.121918 -0.259309 -0.996999
0.432617 -0.265769 -0.792768
0.238058 -0.276385 0.426159
-0.0730235 0.137984 -0.336413
0.359474 -0.174938 0.981986
-0.0730235 0.0158192 -0.460392
-0.174471 -0.256331 0.137136
0.238885 -0.223693 -0.996999
0.0733819 -0.174938 -0.97514
0.311775 -0.174938 -0.181772
-0.174471 0.460876 0.154288
0.136432 -0.276385 -0.124836
-0.174471 -0.0748752 0.411599
0.31308 -0.174938 0.919026
-0.0730235 0.110371 -0.949238
-0.174471 0.159612 0.559953
0.366924 -0.276385 -0.804171
0.141065 -0.276385 -0.795872
-0.0730235 -0.104483 -0.0226005
-0.0489085 -0.276385 0.694294
0.274868 -0.174938 -0.144725
-0.0730235 0.378992 0.699641
0.357595 -0.174938 -0.534113
-0.174471 -0.0523553 -0.606868
-0.15302 -0.276385 -0.727983
-0.174471 0.205621 0.968588
0.118972 -0.276385 0.88639
0.286398 -0.276385 -0.370088
0.415275 -0.187471 -0.827326
0.293823 -0.276385 0.570288
0.0962078 -0.174938 0.908866
0.180588 -0.276385 0.491906
-0.174471 -0.0185252 0.660252
0.26141 -0.276385 0.0496882
0.263448 -0.276385 0.980941
-0.0730235 0.147411 -0.034916
-0.174471 -0.0360258 0.998945
-0.174471 -0.196236 0.393578
-0.0730235 0.0678824 0.395263
-0.0610023 -0.163211 0.438369
-0.174471 0.189423 0.267935
-0.174471 -0.106718 0.0973123
-0.0730235 0.171235 -0.74962
-0.174471 0.151761 0.158651
-0.0730235 0.265853 0.864505
-0.100809 -0.0450688 -0.996999
-0.174471 -0.0727503 -0.729562
0.240825 -0.174938 0.459534
0.037951 -0.276385 0.138588
-0.174471 -0.209746 0.0242726
-0.0730235 0.326812 0.612047
-0.174471 -0.14574 -0.450388
-0.0875724 0.519229 -0.121556
-0.174471 0.134981 -0.153744
-0.0730235 -0.0602615 -0.977746
-0.174471 -0.146548 -0.146424
-0.123691 0.534396 -0.289502
-0.174471 0.0653367 0.496888
-0.137235 -0.276385 0.590342
0.376889 -0.174938 -0.0660022
-0.0730235 0.463535 -0.103345
-0.0775361 0.504587 -0.0821256
-0.0730235 -0.131786 -0.80008
-0.0730235 0.128212 0.762429
-0.174471 -0.122146 -0.109759
0.0640503 -0.276385 -0.721736
0.0190988 -0.276385 -0.164747
0.199741 -0.174938 -0.266806
0.113425 -0.174938 0.625554
0.232644 -0.174938 -0.916608
-0.174471 0.0754647 0.68763
-0.0730235 0.271663 -0.427951
-0.174471 0.0938547 -0.661859
-0.093215 -0.276385 0.567153
-0.174471 0.110961 -0.895778
-0.174471 -0.000356703 -0.665311
-0.0730235 0.0270465 0.30223
-0.0279788 -0.174938 -0.0377834
0.0222621 -0.276385 0.565579
-0.174471 0.328749 0.740908
0.0937768 -0.174938 -0.414481
0.290468 -0.276385 -0.506444
-0.174471 0.050912 -0.615777
0.317971 -0.276385 -0.112094
0.432617 -0.258322 0.15172
0.355403 -0.174938 0.0236487
0.42885 -0.206481 0.0710141
-0.0473275 -0.172122 -0.779075
0.276037 -0.276385 -0.561023
-0.174471 0.107289 -0.341976
-0.174471 0.511814 0.335413
-0.0730235 0.395865 0.279331
-0.0176037 -0.174938 0.283456
0.33547 -0.276385 -0.323164
-0.0730173 -0.135107 -0.414027
-0.174471 -0.258145 -0.328444
-0.0730235 0.100202 -0.878866
-0.130389 -0.276385 0.492313
0.275627 -0.276385 0.0817387
-0.174471 0.0842135 0.421313
-0.117952 0.534064 0.910554
0.235621 -0.174938 0.988328
0.0578182 -0.276385 -0.385443
0.21007 -0.174938 -0.000452057
-0.0730235 0.0998706 -0.565752
-0.174471 -0.151789 -0.793266
-0.174471 0.517665 -0.803913
0.0047966 -0.174938 0.636652
0.187209 -0.174938 -0.144161
0.432617 -0.249763 -0.868537
-0.174471 -0.0562669 -0.80037
-0.174471 -0.136837 -0.257642
0.0644029 -0.174938 -0.405678
-0.174471 -0.226133 0.55969
-0.174471 0.0641713 -0.233639
-0.174471 0.264161 0.541251
-0.174471 0.184059 0.416775
0.111082 -0.174938 0.715049
0.304251 -0.276385 -0.644422
-0.153246 0.534396 0.95513
-0.174471 0.309295 0.613687
0.222866 -0.174938 0.77157
-0.00988888 -0.276385 -0.101237
-0.0730235 0.268557 -0.162002
0.432069 -0.218226 -0.260493
-0.0399282 -0.276385 -0.97652
-0.174471 -0.185666 0.660337
0.279975 -0.276385 0.430329
0.00581705 -0.174938 -0.565845
0.118479 -0.276385 -0.583364
-0.0730235 0.293767 -0.25594
0.13166 -0.174938 0.936163
-0.174471 -0.256356 0.0871162
0.00927124 -0.276385 -0.729355
-0.174471 0.0379433 -0.121754
-0.174471 0.345558 0.349718
-0.151905 -0.276385 -0.525187
0.432235 -0.219453 -0.169087
0.22357 -0.276385 0.161926
0.127282 -0.276385 -0.213784
-0.0730235 0.114391 -0.813526
-0.0277839 -0.174938 -0.574079
0.233688 -0.174938 -0.131221
-0.174471 -0.0424408 0.462794
0.30572 -0.276385 0.0467333
-0.0777813 -0.10081 1
-0.174471 0.350096 0.171318
-0.174471 -0.0736065 -0.637003
-0.0730235 0.14832 0.908336
-0.0730255 0.484123 -0.140374
0.209389 -0.276385 0.853878
-0.0790348 0.507624 0.0117613
0.350785 -0.276385 0.108777
0.183254 -0.174938 -0.80398
-0.174471 0.151448 -0.124695
-0.0730235 0.442111 -0.945233
0.0369766 -0.174938 0.650768
-0.174471 0.3403 0.964713
0.301018 -0.276385 -0.411385
-0.144997 -0.276385 -0.598881
0.352207 -0.276385 0.45757
-0.174471 0.420555 0.869478
0.309744 -0.174938 -0.780875
-0.0730235 -0.0167053 0.0595919
0.0106352 -0.174938 0.859266
-0.140872 0.534396 -0.949357
0.420783 -0.193097 -0.53489
-0.00961715 -0.174938 0.477074
0.292905 -0.276385 -0.897719
0.182778 -0.174938 -0.981394
-0.0730235 0.272549 -0.954801
0.0597444 -0.174938 0.0646392
-0.0730235 0.118953 -0.152523
-0.174471 0.0251945 -0.970739
-0.0730235 0.163305 0.331874
-0.174471 -0.276163 0.11056
0.220908 -0.174938 0.702203
0.293908 -0.226349 -0.996999
-0.174471 0.348291 0.78648
-0.12831 0.534396 -0.123158
-0.174471 0.418532 0.760951
-0.0766086 0.502403 0.254362
0.113111 -0.276385 0.912077
0.369712 -0.174938 -0.498719
0.398006 -0.177565 -0.033948
-0.0730235 0.192229 -0.711573
-0.174471 0.185013 -0.482986
-0.174471 0.262816 -0.286863
0.00687411 -0.174938 -0.815585
0.383562 -0.174965 0.204978
-0.174471 -0.10895 0.76066
-0.0730235 0.00281263 0.201051
-0.0730235 -0.0715313 -0.263964
0.0848356 -0.276385 0.620867
0.0937155 -0.276385 0.4219
-0.174471 0.195422 -0.808677
-0.0730235 0.324534 -0.891299
-0.0730235 0.198262 -0.632966
-0.0730235 0.128396 0.0262597
-0.174471 0.161953 -0.255841
0.124098 -0.174938 0.151656
0.000209401 -0.276385 -0.0501871
-0.174471 0.0830358 0.772334
0.432617 -0.265749 -0.888912
-0.174471 0.077665 -0.583867
0.175154 -0.174938 -0.912968
-0.0499386 -0.276385 -0.774506
0.188862 -0.276385 0.187717
-0.0730235 0.428431 0.164318
-0.0730235 0.227605 0.78525
0.0464368 -0.276385 0.111295
-0.174471 0.327949 -0.0152652
-0.0730235 0.169071 0.0965307
-0.174471 0.491392 0.0421206
-0.174471 0.255916 0.2228
0.0267503 -0.276385 0.844081
-0.174471 0.499556 -0.416514
0.175145 -0.276385 0.74523
-0.0730235 0.362972 -0.528264
0.432617 -0.237667 0.711607
0.415136 -0.276385 -0.312488
-0.174471 0.0798008 0.809254
-0.0730235 -0.0394874 0.768181
-0.0878141 -0.224847 1
-0.130634 0.534396 -0.341082
-0.145081 -0.276385 -0.927542
-0.174471 -0.0641201 0.839266
0.19961 -0.276385 0.0851024
-0.174471 -0.0205855 -0.501225
0.211781 -0.174938 0.815211
0.128612 -0.174938 -0.584653
0.376302 -0.248158 1
0.0521567 -0.276385 -0.550058
-0.0985979 -0.276385 -0.320267
-0.174471 0.384811 -0.515465
-0.0730235 0.356899 -0.376558
-0.174471 0.392666 0.793162
0.234872 -0.174938 -0.458171
0.210843 -0.276385 -0.0964579
-0.174471 0.144959 -0.0537016
-0.0730235 0.483008 -0.96433
-0.174471 -0.193261 -0.896964
-0.174471 -0.27438 -0.297562
0.00213493 -0.174938 -0.315157
-0.174471 0.377548 -0.807213
-0.147496 0.534396 0.768934
0.0816286 -0.276385 0.305549
-0.174471 -0.171977 0.799995
-0.174471 0.0132651 0.390589
-0.174471 0.0691891 -0.194316
-0.0730235 0.335479 -0.939002
-0.174471 0.172377 0.0953189
-0.0730235 -0.103818 0.301551
0.232957 -0.174938 0.240455
0.315087 -0.174938 -0.975665
0.234639 -0.276385 0.618885
-0.174471 -0.0924936 -0.662882
-0.0730235 0.0533412 0.995108
-0.00609879 -0.276385 -0.499325
-0.174471 0.264302 -0.185666
-0.0776415 0.504819 -0.469259
-0.0730235 0.193949 0.271151
0.414642 -0.276385 -0.12032
-0.0730235 0.191822 -0.786262
-0.174471 -0.0737392 0.730251
-0.174471 -0.244129 0.449742
0.386842 -0.17518 0.950681
-0.0730235 -0.0907217 0.0583549
-0.0721945 -0.142555 0.408859
-0.00992003 -0.174938 -0.937814
0.168955 -0.276385 0.343426
0.281979 -0.174938 0.748648
-0.174471 0.038132 0.761792
-0.118766 0.183849 -0.996999
-0.113558 -0.167911 1
0.236198 -0.276385 0.829954
0.185047 -0.276385 0.106645
-0.0730235 0.19672 0.819949
0.169176 -0.276385 0.709898
0.178713 -0.174938 0.755888
0.325645 -0.276385 -0.608398
-0.136995 0.534396 0.0561147
-0.174471 -0.0188522 -0.640948
-0.0730235 0.180185 0.703583
0.354424 -0.174938 -0.180861
-0.0730235 -0.00922793 0.479876
-0.155796 -0.276385 0.119508
-0.174471 -0.165407 0.479575
-0.174471 0.477933 -0.353711
-0.0738568 0.492829 0.410859
-0.0730235 0.326999 -0.294865
0.254664 -0.174938 0.0281894
-0.0730235 0.43629 0.570324
0.384467 -0.175003 -0.159116
0.368115 -0.174938 0.247648
-0.154275 -0.276385 0.552441
-0.174471 0.00139703 0.53011
-0.174471 0.228263 0.247823
-0.174471 -0.137699 -0.603715
-0.174471 0.472385 -0.91348
-0.174471 0.324884 0.374822
-0.0730235 0.2198 0.949676
-0.142055 0.534396 0.657733
-0.174471 -0.0571129 -0.0610951
0.0608737 -0.174938 0.478155
0.263578 -0.276385 -0.431264
-0.174471 0.456893 -0.357074
-0.174471 0.360131 0.910298
0.173646 -0.174938 0.362063
-0.0730235 -0.0419908 -0.00298602
-0.0562341 -0.276385 -0.796052
0.403647 -0.276385 0.562276
-0.0303472 -0.276385 -0.700687
0.229371 -0.276385 0.467612
-0.0730235 0.0966726 -0.073432
-0.174471 -0.0981353 -0.604466
-0.161864 -0.276385 0.865857
0.352298 -0.276385 -0.360698
-0.174471 0.275694 -0.364956
-0.174471 0.247131 -0.558595
-0.113798 0.0694035 -0.996999
-0.174471 0.415021 -0.431029
-0.174471 -0.17394 0.0808163
-0.174471 0.267309 0.263809
-0.0730235 0.27136 -0.0341581
-0.0701574 -0.149371 0.225945
-0.174471 0.400833 -0.194891
-0.0730235 0.0408652 -0.357742
-0.174471 -0.168542 0.931214
0.217077 -0.220161 -0.996999
-0.174471 -0.220849 -0.76109
-0.174471 -0.212556 0.783844
-0.0429427 -0.173565 -0.749801
0.381172 -0.174938 -0.180177
-0.174471 0.271575 -0.758909
-0.0730235 0.461939 0.999403
-0.0730235 0.0155067 0.356204
-0.0362009 -0.276385 -0.814498
-0.174471 -0.212282 0.0944077
-0.0730235 0.444177 0.493747
-0.174471 0.180316 0.179412
-0.168387 -0.276385 -0.606281
-0.174471 0.303303 0.0454624
-0.174471 -0.109142 -0.143978
-0.0784514 -0.276385 -0.703874
0.216517 -0.174938 0.28373
0.268856 -0.174938 -0.87237
-0.0730235 0.373443 0.302606
0.0701293 -0.174938 0.880623
0.0904617 -0.276385 -0.569334
0.254734 -0.276385 -0.0301211
-0.0345768 -0.276385 0.754713
-0.174471 -0.00713072 -0.22444
0.298343 -0.174938 -0.631518
-0.0779753 0.505532 -0.703761
0.290256 -0.174938 -0.432415
0.0339979 -0.174938 -0.170244
-0.110835 -0.247571 -0.996999
0.237939 -0.276385 -0.0167829
0.226235 -0.276385 0.0586798
-0.0858834 0.517425 0.43567
-0.0730235 -0.0398019 -0.0431153
-0.174471 -0.0816832 -0.86276
-0.0730235 0.262026 0.422077
-0.0730235 0.0772309 0.0797518
0.0015063 -0.276385 0.812137
-0.0730235 0.289769 0.682001
0.137902 -0.276385 0.151202
-0.174471 0.383389 0.958721
-0.174471 -0.162841 -0.543597
0.104223 -0.276385 -0.47118
-0.0730235 0.0426626 0.0626401
-0.0121039 -0.174938 -0.105263
0.386192 -0.17512 0.703766
-0.0668188 -0.155952 -0.853159
0.013118 -0.276385 -0.0719489
-0.0730235 0.461687 -0.532788
0.0518974 -0.276385 0.713342
-0.0730235 0.46846 0.151975
-0.122751 0.534387 0.79026
0.0669306 -0.174938 -0.232689
-0.0730235 0.142046 -0.980191
-0.0730235 -0.123371 0.839239
-0.067804 -0.154297 -0.423258
-0.0730235 0.0883217 -0.452276
0.00732641 -0.276385 -0.461195
0.396063 -0.276385 0.596921
-0.174471 0.277253 0.35384
-0.174471 -0.169085 0.242323
-0.114712 -0.255411 1
-0.0730235 0.0757485 0.825922
-0.174471 -0.168393 -0.0774227
-0.174471 0.449088 0.428867
0.299179 -0.174938 0.328223
-0.0730235 0.054245 0.567939
-0.071974 -0.143563 -0.0138786
-0.0730235 0.111133 0.224455
-0.129457 -0.276385 0.0465233
-0.174471 0.052174 0.270549
-0.174471 0.221933 -0.0265146
0.125364 -0.174938 -0.236671
0.421393 -0.19384 -0.400639
0.253531 -0.276385 0.0184294
0.158421 -0.276385 -0.968171
-0.0730235 -0.0395173 -0.283657
-0.0730235 0.263261 0.596664
-0.0730235 0.0866083 0.76218
0.184041 -0.174938 0.568491
-0.0956953 0.430886 1
0.104346 -0.174938 -0.656661
-0.174471 0.472223 -0.457469
-0.174471 0.215422 0.535907
-0.0730235 0.0124391 0.552648
-0.0107577 -0.174938 0.721367
-0.0730235 0.296517 0.305882
0.136036 -0.174938 -0.200235
-0.174471 0.0317624 0.426032
0.40871 -0.276385 0.210993
-0.0730235 0.296076 0.766645
-0.172476 -0.265208 1
0.351484 -0.276385 -0.955006
0.041278 -0.174938 -0.242534
-0.0730235 0.347024 -0.780191
-0.0730235 0.164597 -0.244028
-0.174471 -0.231084 0.284646
-0.174471 0.103627 0.539544
-0.174471 0.228428 0.848546
0.0696169 -0.194754 -0.996999
-0.0730235 0.217175 -0.482406
-0.174471 0.159891 0.382721
-0.173004 0.534396 0.500727
0.416493 -0.18857 -0.165444
-0.0730235 0.304073 0.891833
0.335477 -0.174938 -0.293602
0.010315 -0.174938 -0.693417
-0.0984284 0.509306 -0.996999
0.318689 -0.174938 0.362908
-0.0691189 -0.151758 -0.578504
-0.144826 -0.226001 -0.996999
0.219975 -0.174938 -0.667329
-0.174471 0.522369 0.951908
-0.0730235 0.282306 0.100735
0.0402121 -0.276385 0.730176
0.250578 -0.276385 -0.176566
0.340414 -0.276385 -0.0314628
-0.163034 0.534396 0.850368
-0.0688703 -0.152273 -0.344826
-0.174471 -0.0296456 -0.593783
-0.174471 0.489656 -0.726828
-0.174471 0.188533 0.621681
-0.0730235 0.15563 -0.290505
0.0888387 -0.276385 0.192635
0.200243 -0.174938 0.102753
-0.174471 -0.12821 -0.99306
0.20891 -0.174938 0.537754
-0.174471 -0.165594 -0.488384
-0.0479665 -0.276385 -0.460944
-0.0730235 0.228326 0.0476923
0.140031 -0.174938 -0.414423
0.431955 -0.217497 -0.785616
0.398977 -0.276385 0.72159
0.273797 -0.174938 0.410532
-0.174471 -0.182073 0.68321
0.371041 -0.276385 -0.224436
-0.0158065 -0.276385 0.547008
-0.0730235 0.158933 -0.339678
-0.00174026 -0.174938 -0.436046
-0.0730235 0.0759372 -0.147158
0.0882344 -0.174938 -0.717767
-0.0385597 -0.276385 0.640596
-0.0730235 0.0321354 -0.0869035
-0.0730235 0.263587 0.44558
0.158714 -0.174938 -0.145497
-0.0730235 0.252296 -0.386431
-0.0730235 0.478716 0.0149149
-0.125905 -0.100933 1
-0.0730235 0.385077 -0.803177
-0.0730235 -0.105178 0.140302
-0.174471 0.459204 -0.818492
-0.0730235 0.128316 0.597364
0.152537 -0.276385 -0.351804
-0.174471 0.267718 -0.0934069
0.118605 -0.174938 0.872436
-0.0730235 0.258775 0.173464
0.294469 -0.174938 -0.225688
-0.0730235 0.182616 -0.41912
0.373617 -0.174938 0.595246
0.301358 -0.276385 0.530062
0.3207 -0.174938 -0.71766
-0.0234226 -0.276385 0.14924
0.237044 -0.174938 0.319606
-0.174471 0.0113248 -0.164158
-0.174471 0.235774 -0.845974
0.0751275 -0.174938 -0.28468
0.168955 -0.174938 -0.556561
-0.174471 0.111429 -0.79813
-0.159008 0.456327 1
-0.156134 -0.276385 -0.0434242
-0.0730235 0.362056 -0.188934
-0.0730235 0.461297 -0.48843
-0.174471 -0.043666 0.203776
-0.0730235 0.299473 0.195216
0.41105 -0.276385 0.36478
-0.174471 0.531825 -0.336016
-0.0241323 -0.174938 -0.977123
0.0294958 -0.174938 -0.220688
-0.174471 0.524481 0.988512
-0.0730235 0.280772 -0.889517
-0.0351804 -0.174848 -0.522999
-0.174471 0.512237 -0.925379
-0.0730235 -0.076662 -0.994912
-0.0730235 0.450819 0.712897
0.104036 -0.174938 -0.209745
-0.0730235 -0.0114288 0.62495
0.151268 -0.174938 0.564878
0.12671 -0.276385 -0.662578
-0.174471 -0.186704 0.167533
0.0842399 -0.276385 0.472938
-0.174471 0.164225 0.846327
-0.174471 0.124116 -0.634827
0.420914 -0.276385 0.722197
-0.174471 0.2138 0.652814
-0.0730235 0.182162 -0.97437
-0.0730235 0.0614784 -0.710301
-0.0730235 0.146223 0.727637
-0.174471 0.511948 0.389794
0.357437 -0.174938 -0.365724
0.376536 -0.276385 0.556283
-0.10175 0.529378 -0.938363
-0.00289191 -0.276385 -0.760547
-0.0741995 0.494532 0.340897
0.209566 -0.174938 -0.732739
-0.0730235 0.178153 -0.0411818
-0.174471 0.186562 -0.175821
-0.174471 -0.0698252 0.625354
0.386529 -0.17515 -0.453928
0.021481 -0.276385 0.990548
-0.157986 0.534396 -0.692596
0.422873 -0.195769 -0.899345
0.268081 -0.276385 0.202927
-0.174471 0.185778 0.91947
-0.0484546 -0.171659 0.0655129
-0.174471 -0.121452 -0.401216
-0.0730235 0.0411385 0.225711
-0.0730235 0.298096 -0.186224
-0.074246 -0.276385 0.548585
-0.0730235 0.338932 -0.676395
-0.0730235 -0.0413513 0.103115
-0.0730235 0.377884 0.129657
-0.0730235 0.131904 -0.658966
0.0575306 -0.276385 0.850069
-0.0730235 0.135004 -0.940334
-0.0781369 -0.276385 0.453745
-0.0678499 -0.276385 -0.603699
0.301396 -0.276385 0.30505
-0.174471 0.274711 -0.225369
-0.0346758 -0.174878 -0.260644
-0.0730235 0.367453 -0.302597
-0.166481 0.534396 -0.485326
0.0998811 -0.276385 -0.121999
-0.0942984 -0.276385 0.720766
0.198955 -0.276385 -0.718538
0.421731 -0.194264 -0.457111
-0.174471 0.310257 -0.0550355
0.318323 -0.174938 0.66911
0.0535243 -0.276385 -0.256303
-0.174471 0.411927 -0.91721
0.0180343 -0.276385 -0.395678
-0.174471 0.473126 -0.593047
-0.174471 0.229553 -0.643338
0.316236 -0.174938 -0.7593
-0.0411552 -0.173999 0.538852
-0.0730235 0.129892 -0.747334
-0.0730235 -0.0365925 -0.944497
-0.0758989 0.500508 -0.973894
-0.129664 -0.276385 -0.828236
-0.115549 0.202187 1
-0.0730235 0.0412461 -0.163457
-0.174471 0.517705 0.106223
0.42474 -0.276385 0.641064
-0.174471 0.422999 0.94995
-0.174471 0.18367 0.820553
-0.174471 0.187993 -0.338411
0.0498911 -0.276385 -0.579232
0.386905 -0.276385 -0.900856
0.432617 -0.236448 -0.0581785
-0.142111 0.532437 -0.996999
0.296741 -0.276385 -0.228377
-0.0730235 0.0977634 0.38035
-0.0730235 -0.108381 -0.0453684
-0.0730235 0.441054 -0.865829
0.0500699 -0.276385 0.591241
-0.0730235 0.179409 0.999338
-0.0796425 -0.276385 -0.462799
-0.0730235 0.105419 -0.919289
-0.0730235 0.0736402 0.417688
-0.0730235 0.131933 0.445846
-0.174471 0.0484678 0.200972
0.34787 -0.276385 -0.137292
-0.174471 0.0543759 -0.899598
-0.174471 0.0986178 0.668107
-0.174471 0.406055 0.266132
0.402221 -0.179189 0.129863
-0.174471 0.330741 -0.136053
-0.174471 0.168936 -0.664263
-0.174471 0.375846 0.435811
-0.0730235 0.0916754 0.647298
0.246682 -0.276385 -0.0947857
-0.12232 0.534376 0.553918
-0.0730235 0.092411 0.716857
0.272893 -0.174938 0.939604
0.225205 -0.276385 -0.427983
-0.153014 0.534396 -0.147709
0.308838 -0.174938 0.634505
-0.0730235 -0.00536338 -0.344564
0.381945 -0.174938 0.91445
-0.174471 -0.218216 0.684185
0.413896 -0.186308 0.101219
-0.0951821 -0.024446 1
-0.174471 0.491786 0.414626
0.118335 -0.276385 0.216166
0.26485 -0.276385 0.248854
0.163428 -0.256818 1
0.432617 -0.267785 -0.0492263
0.199194 -0.276385 -0.398408
-0.122255 0.534374 0.946012
-0.0730235 -0.0666958 0.600079
0.377463 -0.276385 0.189537
0.374943 -0.256734 -0.996999
-0.0730235 0.283286 0.40583
-0.157108 -0.276385 0.637507
0.259298 -0.174938 -0.610172
-0.174471 0.450432 -0.838332
-0.16959 -0.129479 1
0.228798 -0.276385 0.723142
-0.174471 0.0130946 0.570583
0.338195 -0.276385 -0.549423
0.0765159 -0.174938 -0.58786
-0.124516 -0.276385 -0.972627
-0.0730235 0.241552 -0.917023
0.392322 -0.176021 -0.389848
0.289066 -0.276385 0.74625
-0.00608243 -0.174938 -0.081854
0.248745 -0.276385 -0.962463
0.0654379 -0.276385 -0.188422
0.0688147 -0.276385 -0.917778
-0.0730235 -0.0210869 0.30232
-0.174471 0.424727 0.476073
-0.015558 -0.174938 0.194627
-0.0730235 0.00467647 -0.539782
-0.0730235 -0.0392205 0.657728
-0.165684 0.534396 -0.644201
0.207852 -0.174938 -0.0263915
-0.0918274 0.474049 1
-0.0730235 0.450685 -0.981804
0.0634523 -0.174938 0.77555
0.0286984 -0.276385 -0.695481
0.225891 -0.174938 0.738101
0.298902 -0.174938 0.77802
0.191978 -0.276385 -0.0246894
-0.0730235 0.439686 -0.684735
-0.0681372 -0.153693 -0.219755
-0.0900348 -0.276385 -0.135835
0.135501 -0.174938 0.452862
-0.0730235 0.167952 -0.380401
-0.174471 -0.198318 0.0459561
-0.0730235 0.225163 -0.639643
-0.174471 -0.206697 0.820698
-0.0957925 0.525998 0.478987
-0.0730235 0.246773 -0.480222
-0.174471 0.117637 0.287116
0.214615 -0.174938 0.39637
-0.174471 0.0466736 0.482396
-0.0730235 -0.0690243 0.200552
-0.103138 0.530021 -0.0362244
-0.122215 0.534373 0.486756
-0.174471 -0.0914467 0.337509
-0.0549236 -0.276385 -0.728852
-0.174471 0.189777 -0.282676
-0.0730235 0.346159 -0.0605031
0.261813 -0.276385 -0.527318
0.303267 -0.276385 -0.8399
-0.174471 -0.0513752 0.348516
-0.174471 -0.189684 -0.855418
-0.0730235 -0.0275483 -0.471962
0.0165947 -0.276385 -0.430434
0.31826 -0.174938 -0.268333
0.373446 -0.174938 -0.566613
-0.121498 -0.276385 -0.772842
-0.0730235 -0.127089 0.603011
0.019294 -0.174938 -0.259605
-0.0986528 -0.276385 -0.199534
0.392922 -0.276385 -0.863662
0.343288 -0.276385 0.627781
-0.0387979 -0.174443 0.24727
-0.0730235 -0.114284 -0.285839
-0.06311 -0.185254 -0.996999
0.35142 -0.276385 0.988245
-0.174471 -0.0152746 0.329399
0.345372 -0.276385 0.0052558
0.432617 -0.242276 -0.355252
0.369836 -0.276385 0.125361
-0.0730235 0.0757155 0.913004
0.0816602 -0.276385 0.362354
0.290975 -0.174938 -0.541582
0.387866 -0.276385 0.31867
0.0902714 -0.276385 0.392198
-0.0730235 0.299574 0.365076
-0.0903536 -0.270077 1
-0.0294558 -0.276385 -0.0879814
-0.0730235 0.174272 -0.952417
-0.174471 -0.0868529 -0.227945
-0.0922707 -0.276385 -0.984203
-0.0730235 0.398105 -0.171405
-0.174471 -0.266172 -0.4129
-0.0841717 -0.165885 1
-0.174471 0.0757422 0.280279
-0.0730235 0.179541 0.88648
-0.129497 0.534396 -0.82637
-0.174471 -0.264731 0.694899
-0.0431624 -0.173506 -0.321302
-0.0730235 0.0101261 -0.188653
0.0775858 -0.276385 -0.882993
-0.174471 -0.127349 -0.38161
0.115416 -0.276385 0.124927
0.259543 -0.174938 -0.561758
-0.0730235 0.072664 0.724341
-0.174471 0.0104438 0.752788
-0.174471 0.235675 0.319237
-0.174471 -0.185712 -0.730033
-0.0730235 0.0915285 0.687119
-0.0730235 0.129053 0.710486
0.134347 -0.276385 0.92254
-0.0730235 0.0827894 -0.958062
-0.174471 0.0787001 -0.792561
-0.174471 0.347969 -0.0622233
-0.000312695 -0.276385 -0.309251
-0.174471 0.445382 -0.780442
0.19764 -0.174938 0.782625
-0.0672058 -0.276385 -0.0846428
0.315302 -0.276385 0.666695
-0.0730235 -0.108836 0.339104
-0.0762598 -0.276385 -0.00387049
-0.0730235 -0.0934616 0.265751
-0.0730235 0.451313 0.637901
-0.0340771 -0.276385 0.978008
-0.0730235 0.288494 0.534753
-0.174471 0.397035 0.722524
-0.174471 -0.196421 -0.0768285
-0.0730235 0.0990495 -0.165012
0.341206 -0.263971 1
-0.174471 -0.166378 0.830029
-0.174471 0.304535 -0.158751
0.347457 -0.276385 -0.980926
-0.174471 0.0031884 -0.853633
-0.15939 0.0498179 -0.996999
-0.0730235 0.356528 0.264631
0.371646 -0.276385 -0.522807
-0.174471 0.125216 -0.95394
-0.146876 0.534396 0.355665
-0.174471 0.241801 -0.531024
-0.174471 0.185911 -0.916426
-0.174471 0.50345 0.144158
-0.0730235 0.441047 0.674776
-0.0730235 0.328679 0.90318
0.383516 -0.174964 -0.103072
-0.174471 0.512975 -0.139952
0.355109 -0.276385 0.33802
0.0226193 -0.174938 -0.863222
0.410979 -0.276385 -0.222687
0.365874 -0.276385 0.659632
-0.0730235 0.471296 -0.190343
0.0661585 -0.276385 -0.228319
-0.131256 0.481199 1
-0.0730235 0.117385 -0.196124
-0.00486904 -0.276385 -0.205139
-0.174471 -0.156666 -0.415719
-0.174471 0.1715 0.65623
0.147085 -0.174938 0.369572
-0.117903 0.454441 1
-0.174471 0.271549 -0.136072
0.0673055 -0.174938 0.0101198
-0.174471 -0.0369327 0.821805
-0.0730235 0.358257 -0.551308
-0.00701979 -0.174938 -0.767653
-0.174471 -0.0641028 0.703458
-0.174471 0.501502 -0.454529
0.278543 -0.174938 -0.280276
-0.0467932 -0.172328 0.839785
0.0301952 -0.276385 0.214974
0.0755502 -0.276385 0.221644
-0.0830885 0.514 -0.266408
0.168884 -0.276385 0.808983
-0.123413 -0.276385 0.281249
0.179174 -0.276385 0.865644
-0.174471 0.436418 0.746006
0.062173 -0.174938 0.580614
-0.174471 0.496642 -0.347032
0.174786 -0.174938 0.952074
0.191807 -0.276385 0.475516
-0.174471 -0.0250944 -0.531807
0.432617 -0.257843 -0.126307
-0.0708877 -0.147383 0.0282995
-0.034989 -0.17486 -0.713598
-0.174471 -0.108823 0.150873
0.162532 -0.276385 0.0708518
-0.0730235 -0.110246 0.879637
-0.0730235 0.141846 0.551725
-0.147524 0.534396 -0.750684
0.0666931 -0.276385 0.679089
0.330471 -0.276385 0.727109
-0.174471 -0.0746826 0.507111
-0.174471 0.134231 -0.832009
-0.0730235 -0.0904945 0.620628
-0.174471 0.119661 0.393087
-0.174471 0.0429609 -0.0552104
0.387139 -0.276385 -0.739495
-0.154898 -0.276385 0.412182
-0.174471 0.323758 0.103114
-0.0730235 0.137003 -0.124859
-0.174471 -0.134115 0.0739928
-0.174471 -0.264812 -0.671185
-0.170712 0.534396 -0.357743
0.305815 -0.174938 0.131012
-0.0730235 0.248521 -0.0579408
-0.174471 -0.0163992 0.42403
-0.0730235 0.302297 -0.325051
0.257885 -0.276385 -0.812642
-0.174471 -0.276109 -0.479445
-0.174471 0.425428 0.911432
-0.0730235 -0.106881 -0.892413
0.111029 -0.276385 0.472767
0.0465814 -0.174938 -0.57807
-0.0730235 0.262721 0.217012
0.23709 -0.276385 -0.758819
-0.0891557 0.520771 -0.786058
-0.00460016 -0.276385 -0.23415
-0.075644 0.499765 -0.863424
0.373907 -0.276385 -0.0989593
-0.0197385 -0.276385 0.891925
-0.0730235 0.464797 -0.880688
-0.063019 -0.161064 0.101933
0.245888 -0.174938 -0.0915546
-0.0730235 0.117968 0.0546772
0.0332142 -0.174938 -0.795093
0.000528818 -0.276385 0.899987
0.32478 -0.174938 -0.896575
-0.174471 -0.0060284 0.69489
-0.0861726 -0.276385 -0.531007
0.0738101 -0.174938 -0.521758
-0.0730235 0.0357101 -0.241434
0.0769786 -0.276385 0.78025
-0.0502906 -0.276385 -0.633647
0.422398 -0.195129 0.154341
-0.0730235 0.138583 0.379814
-0.174471 -0.144912 0.643996
-0.0730235 0.114242 0.853205
-0.174471 -0.0847493 0.662211
-0.174471 0.181432 0.686166
-0.174471 -0.228822 0.38516
-0.0730235 0.269674 -0.826082
0.286859 -0.276385 -0.0210188
0.25629 -0.197796 1
-0.0730235 -0.0292232 0.23382
-0.174471 -0.159483 0.690134
-0.0730235 -0.101749 0.395468
-0.0276442 -0.276385 -0.0672871
-0.0730235 0.341448 0.757528
-0.0730235 -0.0407459 0.953359
-0.174471 0.187393 0.153608
-0.0730235 0.318528 -0.71351
-0.153919 -0.168062 1
0.0377775 -0.174938 0.29687
-0.157858 0.113088 -0.996999
-0.0730235 -0.0996855 -0.192041
0.404019 -0.180018 0.616172
0.149114 -0.276385 0.480359
-0.174471 -0.155728 -0.915993
-0.0796951 0.508818 0.137424
0.420378 -0.276385 0.598508
-0.0185641 -0.174938 -0.501962
-0.174471 0.516134 0.512935
-0.0730235 -0.0684398 -0.415936
-0.0730235 0.436982 -0.608534
0.224033 -0.276385 -0.194708
-0.0730235 -0.0626333 -0.911532
-0.0730235 0.4683 0.47456
-0.174471 0.519303 0.924359
-0.0730235 -0.013758 -0.613805
-0.0730235 0.305681 -0.949111
0.0692777 -0.276385 -0.792232
0.432604 -0.224519 -0.325965
-0.168723 -0.276385 -0.210626
0.298932 -0.174938 0.43262
-0.0730235 0.397354 0.63734
0.0994732 -0.276385 0.711877
0.144572 -0.276385 0.322662
