ply
format ascii 1.0
element vertex 8203
property float x
property float y
property float z
end_header
-0.0446377 0.102888 -0.504927
0.101237 -0.048112 1
-0.0490435 0.102311 0.262237
0.101919 -0.0474864 -0.998051
0.102808 -0.046979 -0.120504
-0.0456971 -0.048964 0.630177
-0.0351253 0.102838 -0.794333
0.102672 -0.0343158 0.419509
-0.0234685 0.0871787 0.834874
0.0893216 -0.0233889 0.115236
-0.0164401 -0.0233679 -0.315918
-0.0234685 0.0541392 0.142704
0.102484 -0.0404657 -0.998051
0.100653 -0.045917 1
-0.0490435 0.096241 -0.444204
-0.0490435 0.100811 0.595242
0.102808 -0.0475553 -0.166601
0.0992765 -0.048964 -0.682223
0.102808 -0.0480036 0.386772
-0.0488408 0.102888 -0.8374
-0.0476599 0.102888 0.852111
0.10111 -0.048964 0.723455
-0.0487966 0.102888 -0.0808212
0.102808 -0.0485401 -0.390304
-0.0490435 0.102442 0.354604
-0.0490435 0.076322 -0.641723
0.102808 -0.0472658 0.0301771
-0.0490435 0.0287773 -0.260493
-0.0479086 -0.048964 0.491339
0.102808 -0.0475188 0.210058
-0.00223042 -0.048964 -0.530443
0.033515 -0.048964 -0.84162
-0.0479461 0.044787 -0.998051
-0.0481671 -0.048964 0.923686
-0.0490435 -0.0477731 0.279851
0.102473 -0.0332651 0.558756
-0.0490435 -0.0481294 0.660226
-0.0490435 -0.0489246 -0.0232362
-0.0247227 0.0830197 1
-0.0485802 -0.048964 -0.389828
-0.0490435 -0.0481025 -0.719936
0.078414 -0.0233889 0.861534
-0.0234685 0.0686418 0.723484
-0.0347858 -0.048964 0.792051
-0.036379 -0.048964 -0.154552
-0.0234685 0.0793747 0.474345
0.0470869 -0.048964 -0.277454
-0.00123316 -0.048964 0.0862269
-0.0234685 0.0569694 0.0247397
-0.048009 -0.048964 -0.926339
-0.0234685 -0.00748828 0.385823
0.102766 -0.0351396 -0.570068
0.0511087 -0.0233889 -0.0693583
-0.0473512 0.102888 0.241924
-0.033982 0.102684 -0.336993
-0.0234685 0.0560579 -0.540337
-0.0234685 0.0573739 -0.744706
-0.0313982 0.101929 -0.185707
0.00708563 -0.0233889 -0.633933
0.0526235 -0.0233889 0.299011
-0.000511861 -0.048964 0.189147
0.0491498 -0.0233889 0.471592
-0.0234685 0.00379143 0.576143
0.0478071 -0.0233889 0.643611
-0.0490435 0.00265268 -0.825537
0.00573394 -0.0238069 1
0.101089 -0.0297715 -0.776651
0.0269136 -0.0233889 -0.44269
0.101851 -0.0313209 -0.904214
0.0916644 -0.023495 0.119714
-0.0234685 0.0443132 -0.90539
0.0097127 -0.0311739 -0.998051
-0.0234685 0.040695 0.916985
-0.0490435 0.0125604 -0.0879714
-0.0234685 0.0381236 0.297396
0.102808 -0.0481433 -0.480652
-0.0403274 -0.048964 -0.302011
-0.0490435 0.00206502 -0.477227
0.0144019 -0.0233889 0.723703
-0.0234685 0.0348896 -0.389182
-0.0490435 0.0162198 0.217284
-0.0234685 0.0360831 0.802823
0.0292284 -0.0233889 -0.356449
0.0313757 -0.0233889 -0.724587
-0.0490435 0.0366593 0.648771
0.0234285 -0.0233889 0.0108164
0.0306913 -0.0233889 -0.19818
0.0362553 -0.048964 0.927134
0.0532773 -0.048964 0.789249
-0.000644294 -0.0233889 0.859021
-0.0490435 0.0279826 -0.165522
0.0250817 -0.048964 0.543889
-0.0466011 0.102888 0.0855383
0.0253842 -0.0233889 -0.919287
-0.0490435 -0.00538712 -0.580572
-0.0490435 0.0116287 0.0819137
-0.041014 0.102888 -0.94971
-0.0323909 0.10229 -0.2607
-0.0490435 -0.0413819 -0.228394
-0.0490435 0.014183 -0.680913
-0.0157051 -0.048964 -0.7852
0.0331174 -0.048964 0.364992
-0.0490435 0.0152288 0.45075
-0.0490435 -0.0133007 0.149419
0.10195 -0.0315693 -0.320289
-0.0134759 -0.048964 -0.0861865
-0.0490435 0.00165787 0.742326
0.0966905 -0.0252661 -0.233338
-0.0490435 0.0567936 0.537863
-0.0490435 0.100896 0.780335
-0.0490435 0.017585 0.987082
-0.0234685 0.0596945 0.403293
-0.0319438 0.102139 0.663256
-0.0490435 0.1024 0.934912
0.0413036 -0.048964 -0.134973
0.102293 -0.0325829 0.932838
-0.0490435 0.0190216 -0.328006
-0.00739013 -0.048964 0.437132
0.00643124 -0.0233889 0.25051
-0.0234685 0.0540404 -0.0422245
-0.0490435 0.101913 -0.580434
-0.0301119 -0.048964 -0.862746
0.102265 -0.048964 -0.0358124
-0.00455488 -0.048964 0.611017
0.0393735 -0.048964 -0.581535
0.102808 -0.0487863 -0.101251
0.102808 -0.0442518 -0.840263
-0.0490435 -0.0472613 0.0420598
-0.0474739 0.102888 -0.705007
0.0288641 -0.0233889 0.137538
0.059564 -0.0233889 -0.523424
-0.0490435 0.0189291 0.859693
0.0555289 -0.0233889 0.0666301
0.102736 -0.048964 0.620765
0.102243 -0.048964 0.496319
-0.0490435 -0.0444776 -0.655898
-0.00827868 -0.0233889 0.323837
-0.0490435 0.000416081 -0.760759
-0.0234685 0.00258848 -0.953761
0.0729958 -0.0233889 -0.628031
-0.0476598 0.102888 -0.0111581
-0.0234685 0.0065736 0.507182
-0.0472518 0.102888 0.173452
-0.0490435 0.102757 -0.50816
-0.0490435 -0.0486145 0.555288
-0.0234685 0.060476 -0.119546
-0.0490435 -0.0484832 0.985865
-0.0490435 -0.0482385 -0.991426
0.102808 -0.0485278 0.273843
-0.0294686 -0.048964 -0.449354
-0.0490435 0.00483496 0.00573364
-0.0234685 0.0558619 -0.808484
0.0411827 -0.0233889 -0.784242
-0.0490435 0.102435 -0.77546
-0.0490435 0.0385125 0.353412
-0.026357 0.0981954 0.30008
-0.00356013 -0.0233889 -0.261251
0.0672643 -0.048964 -0.951398
-0.0234685 0.054654 -0.478611
-0.0234685 0.0430523 -0.601104
0.0566998 -0.0233889 0.412794
0.0498714 -0.0233889 0.205902
-0.0490435 -0.0433232 0.220212
-0.0234685 -0.00117824 0.68399
-0.0308237 0.101677 -0.892162
-0.0234685 0.0536947 -0.2158
-0.0388878 -0.048964 0.716497
0.100559 -0.0289337 0.32945
-0.0477676 -0.048964 0.355721
0.0515229 -0.0233889 0.586652
0.0435346 -0.048964 -0.674064
0.055743 -0.0233889 0.974201
-0.0489147 0.102888 0.428826
0.102808 -0.048964 0.817981
-0.0490435 -0.00303182 -0.888297
-0.0263188 0.0981486 -0.392099
-0.0234685 0.0647541 0.207384
0.0534347 -0.048964 0.693749
0.0823276 -0.0233889 -0.435531
-0.0490435 -0.0467608 0.845671
0.0120238 -0.048964 -0.0371719
-0.0170062 -0.048964 -0.590741
-0.0490435 -0.0473239 -0.501585
-0.0490435 -0.00252589 -0.420326
-0.0234685 0.0612581 -0.302523
0.102698 -0.0345006 0.439933
-0.0234685 0.00120461 -0.530145
-0.0234685 -0.0048574 -0.0423643
0.0495457 -0.048964 -0.400378
0.0992786 -0.0273552 0.670201
-0.0072721 -0.0233889 -0.686009
0.00597098 -0.048964 0.49136
-0.0490435 0.0522058 -0.858651
-0.0234685 0.000453415 -0.203891
0.00590233 -0.048964 0.665279
0.0743402 -0.048964 0.163414
0.0098154 -0.0233889 0.806789
-0.0234685 -0.00558917 0.943262
-0.0490435 -0.0103582 0.622898
-0.0490435 -0.0489223 0.110091
0.0852107 -0.0233889 -0.726369
0.0539861 -0.048964 0.252049
-0.0490435 0.0450313 0.596697
0.0104703 -0.048964 -0.31482
-0.0244382 0.0918043 -0.998051
0.0972768 -0.0256469 0.771774
-0.0234685 0.0589738 -0.687688
-0.0225876 -0.0193461 -0.355143
-0.0490435 0.102846 -0.135337
-0.0234685 0.0561619 0.0892177
-0.0316657 0.102036 0.520161
-0.0028854 -0.0233889 -0.48538
-0.0234685 -0.000848793 -0.130539
0.0564581 -0.048964 -0.887354
-0.00377543 -0.048964 -0.952248
-0.0490435 -0.0466659 0.406391
0.0407471 -0.048964 0.839485
0.0715915 -0.0233889 -0.00488329
0.0523371 -0.048964 -0.480104
-0.0490435 0.0466386 -0.434899
-0.0234685 0.0552026 -0.955233
0.067601 -0.0233889 0.522423
-0.0234685 0.062072 0.868293
-0.0490435 0.000746426 -0.632628
-0.0490435 0.0554195 0.257861
-0.0490435 0.00560388 0.269548
0.00102417 -0.048964 -0.389128
-0.0490435 -0.0054808 0.811567
-0.0490435 -0.0484938 -0.553091
-0.0490435 0.0492394 0.761015
-0.00494066 -0.048964 0.95733
0.0616725 -0.0233889 0.737415
0.101691 -0.048964 0.0792262
-0.0345011 0.102767 0.0374685
-0.0052705 -0.048964 0.899934
0.00787491 -0.048964 0.764277
-0.0490435 -0.00424217 0.902223
-0.0112484 -0.048964 -0.199367
-0.0490435 0.0599612 0.964109
0.0699987 -0.048964 -0.354012
0.0566076 -0.0233889 -0.991691
-0.0234685 0.0738215 0.625592
-0.0113012 -0.048964 0.142375
-0.0490435 0.0380783 0.696591
-0.0490435 0.001352 0.320611
0.00888429 -0.0233889 -0.873591
-0.00910266 -0.0233889 -0.825677
-0.0234685 -0.00683824 0.04421
-0.0234685 0.0147237 -0.721015
-0.0234685 0.0182201 0.174177
-0.0490435 0.0597097 -0.352375
0.0383314 -0.0233889 0.887257
-0.0411353 -0.00211755 -0.998051
0.0544732 -0.048964 -0.230005
0.0946809 -0.048964 -0.27412
-0.0234685 0.082619 0.817101
0.0541947 -0.048964 0.10683
0.0125701 -0.048964 0.290715
-0.0490435 0.0425701 0.488647
-0.0483415 -0.048964 -0.818334
0.0564688 -0.0233889 -0.315628
-0.026208 0.0980098 0.127748
-0.0490435 -0.0167654 -0.269889
-0.00239413 -0.048964 0.0393109
0.00905233 -0.0233889 -0.15756
-0.00895294 -0.0233889 -0.747546
-0.0234685 0.0104465 0.119882
-0.0490435 -0.0334438 -0.110348
0.0973144 -0.048964 -0.52653
0.0790907 -0.0233889 -0.135969
-0.0229301 -0.0186046 0.46744
-0.0234685 0.036935 -0.647818
0.102769 -0.048964 0.890045
-0.0119405 -0.0233889 0.539254
0.0675979 -0.0233889 -0.821477
-0.00616269 -0.048964 0.386838
0.0157572 -0.0233889 -0.108268
-0.0490435 0.0570011 -0.083187
0.0572306 -0.048964 -0.751435
-0.0484557 0.102888 0.710161
-0.0273421 0.099269 0.892177
0.0720266 -0.0233889 0.366577
-0.0234685 0.0834643 0.562173
-0.0490435 -0.0336879 -0.0647548
-0.0490435 0.0359765 -0.509398
0.0751486 -0.0233889 -0.190993
-0.0490435 0.0233633 0.404192
-0.0446608 -0.048964 0.176937
0.00779773 -0.0233889 -0.56531
-0.0234685 0.0130374 -0.292282
-0.0234685 0.0708011 0.338606
-0.0110159 -0.048964 -0.903065
-0.0485739 -0.048964 0.602782
0.0571384 -0.048964 0.027084
-0.0234685 0.0629901 -0.163614
-0.0234685 0.0153626 -0.858198
-0.0490435 0.0458322 -0.00823836
-0.0490435 0.0138644 0.542142
-0.0490435 0.0416482 -0.776842
0.00979207 -0.0233889 0.577031
0.0687254 -0.0233889 0.819921
-0.0490435 0.0899981 -0.223505
-0.0490435 0.0572193 0.437224
-0.0234685 -0.00853356 0.774784
-0.0179902 -0.0230886 -0.0015771
-0.0234685 0.0120148 -0.793052
0.0633952 -0.048964 0.33254
-0.0110293 -0.0233889 -0.421192
-0.0490435 0.0676032 0.0577146
0.039181 -0.048964 -0.624954
-0.0234685 0.0848381 -0.609502
-0.0280337 0.0998939 0.392268
-0.0490435 0.0380172 -0.56828
0.0538096 -0.048964 -0.0342596
-0.0234685 0.0617187 -0.257383
-0.0490435 0.0539076 0.833081
0.102808 -0.047719 -0.612171
-0.0267553 0.0986594 -0.669231
-0.0234685 0.061645 0.669938
-0.0490435 0.00246754 -0.378609
0.0877721 -0.0233889 0.240343
-0.0281803 0.100015 -0.543951
-0.0490435 -0.0134658 -0.171752
0.0364504 -0.048964 0.438234
0.0126899 -0.048964 -0.233073
-0.0234685 0.0163194 -0.448095
-0.0490435 0.0747027 -0.917519
-0.0490435 0.061375 0.175197
-0.0490435 0.0293345 0.0423741
-0.0246257 0.0954161 -0.0483153
-0.0234629 -0.0160877 0.203125
-0.0490435 -0.042645 -0.760653
-0.0490435 0.0929872 -0.297481
-0.0490435 -0.0400568 -0.614756
-0.0490435 0.026037 -0.932012
-0.046664 -0.048964 0.448427
0.030276 -0.0233889 -0.960457
-0.0234685 -0.00966768 0.427615
-0.0490435 -0.0224077 0.522253
0.063776 -0.048964 0.557431
0.0156985 -0.0233889 0.409673
-0.000893711 -0.048964 -0.716919
0.080222 -0.0233889 -0.866698
-0.0163514 -0.023374 0.643046
-0.0475658 -0.048964 -0.343334
-0.0234685 0.0213818 0.617153
-0.0490435 -0.0415348 0.755006
-0.0258474 0.0975287 -0.741365
0.0625113 -0.048964 -0.0998638
0.0912629 -0.0234494 -0.0683145
0.0312106 -0.0233889 0.33299
0.0371082 -0.048964 0.998926
0.0366592 -0.048964 0.614749
0.0184726 -0.048964 -0.763358
-0.0490435 0.0252778 0.944052
-0.0490435 0.0300152 -0.124364
-0.0490435 0.0642997 -0.399095
0.0347891 -0.048964 0.167375
-0.0490435 0.0446565 -0.715621
0.0293739 -0.0233889 0.510751
-0.0295299 0.100976 0.745715
-0.0490435 0.0702496 0.910251
-0.0234685 0.0289267 0.729106
0.0671864 -0.0233889 0.916883
-0.0225827 -0.0193552 0.287213
-0.0058171 -0.048964 -0.129116
0.100815 -0.02932 -0.95791
0.0693028 -0.0233889 -0.690389
-0.0234685 0.0283222 0.245328
-0.0234685 0.0428749 0.564266
0.0685649 -0.0233889 -0.587442
-0.0234685 0.00810066 0.349478
0.035598 -0.048964 -0.540837
0.0198831 -0.048964 0.224135
-0.0490435 -0.00171412 -0.233819
-0.0490435 0.100725 0.973955
-0.0234685 -0.012733 -0.917813
-0.0128439 -0.048964 0.8312
-0.0490435 0.0260204 -0.0512859
0.0269785 -0.0233889 0.0957561
-0.0478926 -0.048964 0.884524
0.0845488 -0.048964 0.963358
0.0641283 -0.0233889 -0.916346
-0.0238996 0.0933928 -0.473683
0.0201862 -0.048964 -0.805205
0.00667903 -0.0233889 0.926651
0.050013 -0.048964 -0.176367
0.0124465 -0.0233889 -0.0672584
-0.0333315 -0.01617 1
-0.0234685 0.0826382 -0.858242
-0.0490435 0.0658769 0.116533
-0.0490435 0.0248373 0.145029
-0.0234685 0.0723536 0.779283
-0.0232725 -0.0175101 -0.315738
-0.0234685 0.0737143 0.938544
0.0721023 -0.0233889 -0.382969
-0.0490435 -0.0426909 0.31798
-0.0490435 -0.0260209 0.0750578
-0.0490435 -0.0248788 -0.960556
-0.0490435 -0.0212298 -0.792189
0.0220094 -0.0233889 -0.515928
-0.0490435 0.0660943 0.300739
0.0722997 -0.048964 -0.792437
-0.0215806 -0.048964 0.252899
-0.0269744 0.0988965 -0.806574
0.0814438 -0.0233889 0.703431
0.0141935 -0.0233889 0.456961
-0.0490435 0.068784 0.376151
0.0357475 -0.0233889 -0.251967
-0.0490435 -0.02405 -0.687679
-0.00677057 -0.0233889 0.113426
-0.0234685 0.0454563 0.996568
0.0911847 -0.023442 0.593401
0.0760662 -0.048964 0.465
-0.0490435 0.0750878 -0.974972
0.0271617 -0.0233889 0.682874
-0.0234685 0.0605117 0.509581
0.0704908 -0.048964 -0.554852
0.0750304 -0.048964 0.647737
0.0549142 -0.048964 -0.438088
-0.0312549 0.101869 0.207363
-0.0234685 0.0021354 0.838043
-0.0234685 0.0729223 -0.425083
0.0995619 -0.048964 -0.204471
-0.00962216 -0.048964 -0.655479
-0.0234685 0.0740104 -0.573091
-0.0490435 -0.048842 -0.189653
-0.0234685 0.0815567 0.266828
-0.0490435 0.0273834 -0.209888
-0.0234685 -0.014375 -0.605965
-0.0490435 0.0687959 -0.193062
0.0317049 -0.048964 0.0544082
-0.0323382 -0.048964 -0.262504
-0.0234685 0.0747196 -0.01155
-0.0234685 0.0396759 0.461524
-0.0234685 0.0314943 -0.351535
0.0574846 -0.048964 0.49689
0.0960865 -0.0249191 0.180987
-0.0197903 -0.0223021 0.73743
-0.0234685 -0.013593 -0.0927916
-0.00106569 -0.048964 0.701402
0.0768032 -0.0233889 -0.490123
0.0204289 -0.0233889 -0.290406
0.0997002 -0.02782 -0.358433
-0.0490435 0.0168937 0.781719
-0.0182658 -0.048964 0.575279
0.00266157 -0.0233889 0.36208
0.00582532 -0.048964 -0.459116
0.0333334 -0.0233889 0.770036
0.00310359 -0.048964 -0.352663
-0.0490435 -0.0101322 0.659517
-0.0490435 0.0384421 0.891046
0.0360405 -0.048964 0.741192
-0.0490435 -0.0115641 0.708414
0.0552814 -0.048964 -0.71469
-0.0481348 0.102888 0.487032
-0.0234685 -0.0141381 -0.654842
0.102625 -0.0340213 -0.649304
-0.0234685 0.0746266 -0.776641
-0.0490435 -0.0107891 -0.724221
-0.0234685 0.0209065 -0.0142909
0.0637734 -0.048964 0.890327
-0.0243018 0.0946411 -0.106129
-0.0490435 -0.0153973 0.967493
0.0214801 -0.0233889 -0.404346
0.101626 -0.048964 -0.745868
0.0701532 -0.0233889 -0.266718
-0.0490435 -0.0176753 -0.85533
-0.0490435 -0.017451 0.867463
-0.0490435 0.0983461 0.630991
-0.0490435 0.020555 -0.971283
0.0198433 -0.0233889 0.960801
-0.0234685 0.0131168 0.883899
-0.0234685 0.0230545 -0.236262
-0.0234685 0.0779422 -0.509974
-0.0208465 -0.048964 0.514738
0.0083539 -0.0233889 0.0621604
0.0390021 -0.0233889 -0.649554
-0.0490435 0.0372108 -0.296565
-0.019798 -0.0222975 0.167273
-0.0490435 -0.000795583 0.483388
0.0449843 -0.0233889 -0.863383
0.081323 -0.048964 0.414878
-0.0234685 0.0127928 -0.564264
-0.0490435 -0.012613 0.111993
-0.0234685 -0.0069039 0.241553
-0.0234685 0.032991 -0.0745914
0.0227313 -0.0233889 -0.599233
0.0407145 -0.048964 -0.334033
0.0907407 -0.0234092 0.0530848
-0.0234685 0.0354554 0.377386
-0.0490435 -0.0125076 0.362071
0.102808 -0.048402 0.853083
-0.0234685 0.0327347 0.427119
-0.0490435 -0.0129418 -0.510731
0.0194915 -0.048964 0.871931
-0.0221835 -0.0200226 0.602474
0.0718936 -0.048964 0.7589
0.0762682 -0.048964 0.299211
0.0698004 -0.048964 0.604042
0.0800073 -0.0233889 0.488451
-0.0228779 -0.048964 -0.0476668
0.0684489 -0.048964 0.22041
-0.0114366 -0.0233889 -0.227383
0.0154525 -0.0233889 0.624975
0.0908519 -0.048964 0.529146
-0.0490435 -0.0204301 0.575596
-0.0490435 -0.0376392 -0.890957
-0.0490435 0.080174 0.0155087
0.101714 -0.048964 0.142088
0.0308017 -0.048964 -0.0858896
-0.0490435 0.0374716 -0.822842
-0.0186819 -0.0228514 -0.977042
-0.0490435 0.0398797 -0.624734
-0.0234685 0.0808999 -0.362315
0.0369939 -0.0233889 0.268233
-0.0490435 -0.0306349 0.0114346
-0.0234685 0.0184298 -0.494414
0.0301577 -0.0233889 -0.0230691
-0.0490435 -0.0207957 -0.451367
-0.0490435 0.0601293 0.79858
0.0746617 -0.0233889 0.272744
0.0375261 -0.048964 0.400447
-0.0234685 0.0272597 0.0653387
-0.0174343 -0.048964 0.999109
-0.0234685 0.0103527 0.64989
0.0359451 -0.048964 -0.982453
0.0155641 -0.048964 0.116753
0.0760547 -0.048964 -0.302654
-0.0234685 0.082986 0.439664
-0.0490435 -0.0269355 0.251834
-0.0234685 0.0343218 -0.187074
-0.0490435 -0.0382275 -0.422122
-0.023194 -0.0178193 -0.389912
-0.0490435 0.079347 0.683718
0.102047 -0.048964 -0.446224
-0.0490435 0.0674884 -0.595328
-0.0234685 0.0231274 0.0209321
0.0181669 -0.048964 -0.493941
-0.0490435 0.0754138 -0.0358924
-0.0490435 -0.0151031 -0.5474
0.00385719 -0.048964 -0.0014708
-0.0490435 0.0325314 0.110659
-0.0490435 0.051554 -0.666778
-0.0188743 -0.048964 0.304007
0.0286086 -0.0233889 -0.69092
0.0359731 -0.048964 -0.938722
-0.0143757 -0.048964 0.344974
-0.0490435 0.0773886 -0.727002
0.102792 -0.0355217 -0.00150445
0.0223271 -0.048964 -0.8908
0.0805154 -0.0233889 0.6266
-0.0490435 0.0325433 -0.885925
-0.0234685 0.0823445 0.161508
-0.0234685 0.0371994 0.330997
-0.00245258 -0.048964 -0.283002
-0.0234685 0.0261773 0.965796
0.00590928 -0.0233889 -0.786109
-0.0490435 -0.00179798 0.186892
-0.0490435 0.0500611 0.223256
-0.0140159 -0.048964 0.220301
0.0228577 -0.0233889 0.185333
-0.0207958 -0.0215792 0.888649
0.062267 -0.0233889 0.13647
0.0643074 -0.048964 -0.647703
-0.0234685 0.0880283 0.0665625
-0.0490435 0.065667 -0.14232
0.102221 -0.048964 -0.875896
-0.0490435 0.0338818 -0.467194
-0.0234685 0.0215535 -0.75741
0.0750801 -0.0233889 -0.0391564
-0.0478828 0.102888 0.550439
-0.0490435 0.0748087 -0.884203
-0.0490435 0.10272 -0.621462
-0.0234685 0.0354175 0.846245
0.102479 -0.048964 -0.806398
-0.0490435 0.0701003 0.648511
-0.0263986 -0.048964 -0.69508
-0.0490435 -0.0124349 0.406354
0.0578296 -0.0233889 -0.458999
-0.0490435 0.0753297 -0.551341
0.0439106 -0.0233889 -0.560964
-0.0490435 0.0539155 -0.237827
-0.0234685 0.0648119 0.58974
-0.0216417 -0.048964 0.864019
0.043266 -0.0233889 -0.156564
-0.0490435 0.0727175 -0.489733
0.0888079 -0.048964 0.353611
-0.0234685 0.0325009 0.527568
0.0386951 -0.048964 -0.00330992
-0.0234685 0.00593054 -0.16428
0.0715623 -0.0233889 0.444722
0.0407377 -0.048964 0.959919
-0.0490435 0.100988 -0.367266
-0.0234685 0.0289658 0.764922
0.00913761 -0.048964 -0.425614
0.0826044 -0.0233889 0.0870872
0.0696837 -0.048964 -0.848953
-0.0490435 0.0883765 0.324857
-0.0178833 -0.048964 -0.62356
0.0122884 -0.048964 0.324373
-0.0490435 -0.0469018 0.144476
-0.0490435 -0.0132207 -0.336713
-0.0234685 0.0777088 -0.0780589
0.0153974 -0.048964 -0.180309
0.0293147 -0.048964 0.582903
-0.0017559 -0.048964 -0.844651
0.097522 -0.048964 -0.931313
-0.0490435 0.10246 0.813156
0.0701415 -0.0233889 -0.766939
-0.0490435 -0.016442 -0.0216222
-0.0323567 -0.048964 0.630958
0.0395824 -0.048964 0.661879
-0.0253563 -0.048964 0.0642093
-0.0476546 0.102888 0.276032
-0.0234685 0.0156401 -0.619302
0.0699958 -0.048964 -0.0629933
-0.0216334 -0.0207459 -0.884143
-0.0234685 -0.00748556 0.0873691
-0.0490435 0.0676605 -0.276344
-0.0490435 0.0755105 -0.796477
0.073501 -0.048964 0.839114
-0.0490435 0.0799784 0.877979
0.0308839 -0.0233889 -0.821809
0.0558316 -0.0233889 0.170226
0.102808 -0.0463906 -0.134354
-0.0490435 0.0680849 -0.321223
-0.0490435 0.0270075 -0.407494
-0.0234685 0.00295661 -0.261378
-0.0490435 0.0186552 -0.538799
-0.0490435 0.0232117 0.573102
0.0807672 -0.048964 -0.413678
-0.0490435 0.0652014 0.570313
-0.0234685 0.0352959 -0.147394
-0.0169642 -0.048964 -0.996898
0.0672899 -0.048964 0.936257
-0.0188908 -0.0227647 -0.182236
-0.0234685 0.0474076 -0.839904
-0.0220945 -0.048964 -0.483963
0.0696015 -0.048964 0.991606
-0.0234685 0.0328058 0.207852
-0.0234685 0.0836216 0.233197
0.0512352 -0.0233889 -0.419417
0.0453321 -0.0233889 0.552954
0.0712727 -0.048964 0.0556229
0.0276422 -0.0233889 -0.476349
0.0864303 -0.0233889 0.982622
0.00413951 -0.0233889 -0.333788
-0.0176842 -0.048964 -0.55836
-0.0288526 -0.048964 0.686027
0.0722803 -0.048964 -0.153485
-0.0242913 0.0946133 -0.155664
-0.0490435 -0.0184261 -0.140424
0.0895831 -0.0233889 -0.543785
0.0470764 -0.0233889 0.94233
0.0306585 -0.048964 0.469777
0.0466249 -0.0233889 -0.115081
0.0677925 -0.0233889 0.674923
0.0315213 -0.0233889 0.855581
-0.0490435 0.088903 0.457233
0.0758269 -0.048964 -0.981791
-0.0122251 -0.0233889 0.496756
0.0841797 -0.0233889 -0.103455
-0.0424878 -0.048964 0.954996
-0.0490435 -0.0179486 -0.205085
-0.0203745 -0.048964 -0.326378
-0.0247851 -0.048964 -0.369229
-0.0490435 0.0193635 -0.600898
0.0962069 -0.0249848 0.295771
0.0451905 -0.0233889 0.382802
0.0682159 -0.048964 -0.605545
-0.0234685 0.0317757 0.67938
0.0215602 -0.048964 0.793079
-0.0490435 -0.00558404 -0.302587
-0.0234685 0.0831611 -0.708734
-0.0234685 0.0342219 -0.318304
-0.0490435 0.0508732 0.726506
0.0462762 -0.048964 -0.511255
0.066498 -0.0233889 0.776656
-0.0210088 -0.048964 0.474523
-0.0490435 0.0782704 0.507199
-0.0234685 0.0269732 -0.988003
0.0403439 -0.048964 -0.370468
-0.0490435 0.0645787 -0.521823
-0.0490435 0.0222546 -0.737301
0.0407422 -0.0233889 0.802889
-0.0490435 0.0932551 -0.413178
-0.0490435 -0.046208 -0.584218
-0.0490435 0.0745125 -0.758012
-0.0490435 0.075338 0.411659
0.0831777 -0.0233889 0.209578
-0.0490435 0.0427343 0.0763948
-0.0234685 -0.0142243 -0.775986
-0.0234685 0.0260552 -0.104867
-0.00317059 -0.048964 0.732371
-0.0254989 0.0970145 -0.923477
-0.0234685 0.0856007 0.0990475
-0.0192866 -0.0225798 0.972555
-0.0234685 0.0159088 -0.892983
-0.0490435 0.0659122 -0.459495
-0.0490435 -0.0173422 0.443348
-0.0490435 0.081188 -0.681818
0.0858262 -0.048964 0.792062
-0.0231086 -0.0181061 -0.566327
-0.0490435 0.0746273 -0.109315
-0.0234685 0.0692691 -0.657643
-0.0490435 0.0628335 0.996771
0.0647273 -0.048964 0.385777
-0.0234685 0.0825955 0.969124
-0.0187207 -0.0228358 0.706564
0.0443468 -0.0233889 0.236279
-0.0252984 -0.048964 -0.741975
-0.0234685 0.0626641 -0.987943
-0.0490435 0.0791015 0.144378
0.0674391 -0.048964 0.721207
0.0109614 -0.048964 -0.688484
-0.0208849 -0.0215022 0.805309
0.0860871 -0.0233889 0.394661
-0.0234685 0.0283328 -0.693407
0.0937031 -0.0239306 0.739748
0.039976 -0.048964 0.310988
0.085864 -0.0233889 0.892104
-0.0234685 0.0548979 -0.876551
-0.0490435 0.0315878 -0.368552
-0.0490435 -0.00502701 -0.937142
-0.0490435 0.026743 0.81879
-0.0234685 0.0100168 0.916323
0.0814115 -0.048964 -0.245442
-0.0490435 0.034366 0.313928
0.00392202 -0.0233889 0.214877
-0.0234685 0.0850571 0.365743
-0.0102515 -0.0233889 -0.454021
-0.0245914 0.0953403 -0.638347
0.0443624 -0.0233889 0.0380368
-0.0490435 0.0774488 0.744315
0.0105091 -0.048964 -0.612175
-0.016893 -0.048964 0.928224
-0.0237203 -0.048964 0.0136785
-0.0236432 0.092207 0.695843
0.0479908 -0.0233889 0.709552
0.0761235 -0.0233889 0.0262766
0.0494804 -0.048964 -0.813773
-0.0307787 -0.048964 -0.966883
-0.0217282 -0.0206334 -0.714856
-0.0234685 0.00902256 -0.40838
-0.0234685 0.0374353 -0.421074
0.0501268 -0.048964 0.526514
0.056562 -0.048964 0.190753
-0.0490435 -0.0246697 0.780533
-0.0234685 0.0048851 -0.336486
0.0943751 -0.0241531 -0.29177
0.0769795 -0.0233889 -0.338699
-0.0490435 0.102777 -0.867807
0.0932907 -0.0238141 -0.464601
0.0949604 -0.048964 -0.713199
-0.0490435 0.0142995 0.677713
-0.0490435 0.0327779 0.191515
-0.0490435 -0.0205312 0.934149
-0.0490435 0.0357617 0.281323
0.0947476 -0.0242946 0.835401
0.068155 -0.0233889 -0.221272
0.101963 -0.048964 0.691224
-0.00362107 -0.0233889 -0.02901
0.0166289 -0.0233889 0.306357
-0.0490435 0.0738856 -0.828795
0.0226773 -0.048964 -0.650285
-0.00058518 -0.0233889 -0.936452
0.0883833 -0.0233889 0.15182
0.0237665 -0.048964 0.259108
0.0448661 -0.048964 0.138304
-0.0490435 -0.00377276 -0.0608286
-0.0231554 -0.048964 -0.407133
-0.00285229 -0.0233889 0.680363
-0.0234685 0.0184276 -0.823493
0.074966 -0.0233889 -0.660836
0.00173092 -0.0233889 -0.372396
0.0373289 -0.0233889 -0.754033
0.0768358 -0.048964 -0.462554
-0.0186479 -0.0228648 -0.510846
-0.00640953 -0.048964 -0.15943
-0.0490435 0.0245879 0.514159
0.0787943 -0.0233889 0.94893
-0.0232495 -0.0176066 -0.285816
-0.0234685 0.0856884 0.848446
0.0412577 -0.0233889 -0.893031
-0.0234685 0.0458452 0.636422
-0.0490435 0.0801657 0.217532
0.0862399 -0.048964 0.578772
-0.0490435 0.00721786 0.598811
-0.0234685 0.030525 -0.524798
-0.0196889 -0.022362 -0.85415
-0.0490435 -0.0137505 0.223439
-0.0234685 0.0850554 -0.208786
0.101498 -0.0305377 0.469324
-0.0255343 0.0970692 0.00924681
-0.0490435 -0.0473671 -0.47152
0.0770213 -0.048964 -0.908841
-0.0234685 0.0386396 -0.277412
-0.0234685 0.0605118 -0.333993
-0.0234685 0.00726036 0.300066
0.0120295 -0.0233889 -0.663085
-0.0234685 0.0473123 0.182135
-0.0234685 0.0588146 -0.626011
0.0167732 -0.048964 0.977229
-0.0490435 0.0562346 -0.940454
0.0525324 -0.048964 0.281436
0.0752591 -0.0233889 0.566343
-0.00695261 -0.048964 0.80155
0.10203 -0.048964 0.243051
0.0937643 -0.0239492 -0.403632
-0.0206082 -0.0217337 -0.151014
0.0875595 -0.048964 0.104992
0.0692191 -0.048964 -0.204592
-0.0490435 0.0856229 -0.1688
0.0724871 -0.0233889 -0.964859
-0.0168596 -0.0233249 -0.0658418
0.0152687 -0.0233889 0.654291
-0.0234685 0.0815139 -0.279555
-0.0234685 0.011076 0.475601
-0.0490435 0.102515 -0.985119
-0.0490435 0.0746454 0.608301
0.0083691 -0.0233889 0.889765
-0.0490435 0.013414 0.375596
0.0750712 -0.048964 -0.506222
0.0259631 -0.048964 0.0257474
0.0115738 -0.048964 -0.922337
0.0353868 -0.048964 0.0833791
-0.0234685 0.0211678 0.273621
-0.0234685 0.0852535 -0.965321
0.0788622 -0.048964 -0.0167179
0.0942788 -0.0241187 0.805477
-0.0234685 0.0892944 -0.310791
-0.0234685 0.026372 0.0943721
0.0956996 -0.024719 0.512857
-0.0207137 -0.048964 0.759338
0.0840616 -0.048964 0.912599
-0.0490435 0.0526665 0.93455
-0.0234685 0.0563438 -0.448849
0.0335212 -0.048964 -0.0570452
-0.0234685 0.00539588 0.712173
0.0258653 -0.048964 0.714146
-0.0234685 0.054048 0.698558
-0.0490435 0.0184318 0.717734
-0.0234685 0.0748194 -0.899748
-0.0490435 0.049918 0.86166
-0.0490435 -0.0048737 -0.114299
-0.0234685 -0.0155526 0.135579
0.0747724 -0.048964 0.131836
-0.0234685 0.0755585 0.534166
-0.0490435 -0.0337012 0.817425
-0.0490435 0.0714288 0.0862625
0.0225325 -0.048964 -0.262398
0.0870725 -0.0233889 -0.1648
-0.0234685 -0.00090214 -0.693757
-0.0188601 -0.048964 -0.0191222
-0.0490435 -0.0240707 -0.3654
0.047793 -0.0233889 -0.614208
0.0163159 -0.048964 0.638032
-0.0490435 0.0238231 -0.848229
-0.0234685 0.00766599 0.798722
-0.0490435 -0.0180123 0.0372113
-0.0234685 0.0587832 0.752216
-0.020406 -0.048964 0.11156
-0.0234685 0.0510212 0.270044
-0.0184005 -0.048964 -0.816806
-0.0234685 0.0161263 -0.667522
0.0424022 -0.0233889 -0.38483
-0.0490435 -0.0221267 0.298129
0.0230543 -0.048964 -0.734209
-0.00963342 -0.0233889 -0.540784
0.0749143 -0.0233889 0.31818
-0.0234685 0.0073211 -0.366692
-0.0234685 0.0167729 -0.921493
-0.0234685 0.00445322 -0.0707307
0.0946904 -0.024272 -0.512566
-0.00157514 -0.0233889 0.0268534
-0.0234685 0.0018865 0.545658
-0.0032654 -0.048964 0.54818
-0.0234685 0.0630307 0.899409
0.0321359 -0.048964 0.899028
0.0322462 -0.048964 -0.21038
-0.0366483 -0.048964 -0.527059
0.0234196 -0.0233889 -0.226408
-0.0234685 0.084234 -0.240199
-0.0235359 0.091412 0.603437
-0.0234685 0.0563264 0.05338
0.0184502 -0.048964 0.822083
-0.0490435 -0.0135027 0.839467
0.00253096 -0.0233889 -0.200691
-0.0490435 0.0113582 -0.0265675
-0.0234685 0.0644691 -0.387141
0.0013675 -0.0233889 -0.900799
0.00440736 -0.0233889 0.280007
0.0505391 -0.0233889 0.615535
-0.0234685 0.0344078 0.591168
0.00692219 -0.048964 0.519588
0.0276274 -0.048964 0.196181
-0.0490435 0.0141738 -0.709188
0.00512017 -0.0233889 0.775724
-0.0234685 0.0174526 0.999368
-0.0490435 0.0215629 0.915234
-0.0234685 0.0459719 0.115844
-0.0490435 0.00412241 0.0548746
-0.0234685 0.0549717 0.236594
-0.0153542 -0.048964 -0.240243
-0.0234685 0.0463395 0.946377
0.0114621 -0.048964 -0.583344
0.0819913 -0.048964 -0.765778
0.0304103 -0.0233889 0.986863
-0.0234685 0.0718907 0.310433
-0.0487945 -0.048964 -0.788783
-0.0252468 0.0966056 0.921525
0.0916084 -0.0234879 -0.803025
-0.0490435 0.0270495 -0.653443
-0.0490435 0.0820619 -0.251169
-0.0490435 0.0566149 0.33222
-0.0234685 0.0848253 -0.830451
0.102461 -0.048964 0.652594
-0.0201274 -0.048964 -0.929697
-0.0490435 -0.0317285 0.382209
0.0458185 -0.048964 -0.305251
0.0987724 -0.048964 0.751753
0.0155384 -0.0233889 0.486139
0.0518331 -0.048964 0.86523
-0.0490435 0.00730875 -0.190672
0.0456737 -0.0233889 -0.497483
-0.00447921 -0.048964 -0.873457
-0.0490435 0.0689387 0.477134
0.102134 -0.048964 -0.0677277
0.0286214 -0.0233889 -0.320748
-0.0223658 -0.0197369 0.91627
0.0174068 -0.0233889 -0.846032
-0.0125204 -0.0233889 0.405712
0.0782332 -0.048964 -0.820589
0.0482464 -0.0233889 -0.287998
-0.0234685 0.0554898 -0.717097
-0.0490435 0.0312891 0.620727
-0.0435268 -0.048964 -0.0871266
-0.0210058 -0.048964 0.658958
0.0150582 -0.0233889 0.546962
0.0827847 -0.0233889 -0.93784
-0.0490435 0.102074 -0.651698
-0.0490435 -0.0272107 0.469873
0.00766144 -0.0233889 -0.710462
-0.0490435 -0.00555823 -0.66068
0.0769657 -0.048964 -0.12501
-0.0234685 0.0553061 0.822625
0.0778859 -0.048964 0.677299
-0.0234685 -0.00398789 -0.468529
0.0134539 -0.0233889 0.834141
-0.0490435 -0.0279036 0.195758
-0.0490435 0.0533173 -0.0550934
-0.0129887 -0.0233889 -0.11631
-0.0234685 -0.00764625 0.864654
0.0118541 -0.048964 -0.554727
-0.0234685 0.0134565 0.406188
0.0549246 -0.0233889 -0.942242
0.00202679 -0.0233889 0.150611
-0.0490435 -0.0277496 0.730651
-0.0490435 -0.0234688 -0.914454
0.101741 -0.048964 0.310762
-0.0490435 0.0182309 0.244624
0.0821392 -0.048964 -0.58167
0.059824 -0.0233889 -0.736661
-0.0490435 0.0760155 0.715433
0.0721999 -0.048964 -0.678133
-0.0234685 0.0538077 -0.0924136
-0.0234685 0.0361541 0.497089
0.0796059 -0.048964 0.0114616
0.0203787 -0.048964 -0.116813
-0.0490435 0.0168406 -0.801441
0.0635869 -0.0233889 0.109013
-0.0268231 0.098734 0.339152
0.0966093 -0.0252169 -0.597982
-0.0226795 -0.0191665 0.349199
-0.0490435 0.101703 0.112682
0.0415121 -0.048964 -0.910184
-0.0234685 0.0397506 -0.786122
0.0593264 -0.0233889 0.342446
0.017051 -0.048964 0.146685
-0.0490435 0.048444 -0.750161
0.0315624 -0.0233889 0.913621
0.0428813 -0.0233889 0.830478
-0.0262663 0.0980832 0.794844
-0.0490435 0.0477988 -0.913777
0.000998983 -0.0233889 0.433254
-0.0490435 0.0482888 0.0221692
0.0421174 -0.0233889 0.445283
-0.0234685 0.0466451 -0.570914
-0.0160089 -0.0233878 0.566056
0.055204 -0.048964 0.816257
-0.0490435 -0.0263994 0.681113
-0.0234685 0.0497363 -0.505193
0.102406 -0.048964 -0.341809
0.0454463 -0.048964 -0.776666
0.0321456 -0.048964 -0.45306
-0.0490435 0.00787088 -0.44637
-0.0490435 0.0102658 -0.145166
0.0664637 -0.048964 0.0828201
0.0650122 -0.0237614 1
-0.0490435 0.0109246 0.639412
-0.0490435 0.0545892 -0.169714
0.00771813 -0.048964 0.412139
-0.0490435 0.0424168 0.381999
0.00456206 -0.0233889 0.748798
-0.0465545 -0.048964 0.525466
0.0630956 -0.048964 0.434801
-0.0490435 0.00894298 -0.280003
-0.0490435 -0.0230406 0.336279
-0.0335745 -0.048964 -0.125856
-0.0234685 0.0047513 0.751468
-0.0490435 0.0544297 0.673765
-0.0234685 0.0887937 -0.447125
-0.0490435 -0.0186775 -0.396913
0.0972897 -0.0256558 -0.700198
0.0046469 -0.048964 -0.0658352
-0.0234685 0.065484 -0.924837
0.0556669 -0.0233889 -0.360598
-0.0490435 -0.0166559 -0.0855887
0.0376969 -0.048964 -0.868307
-0.0234685 0.0552879 0.971564
-0.0234685 0.00952112 0.146584
-0.0490435 0.0942702 0.0593412
0.0995443 -0.0276428 0.365606
-0.0490435 0.0947029 0.99997
-0.0490435 0.0809821 0.829015
-0.0490435 -0.042114 -0.844624
-0.0230821 -0.0181875 -0.803609
-0.0490435 0.0451439 -0.541529
-0.0234685 0.0265279 -0.0440014
-0.0490435 0.101583 -0.470852
0.0499847 -0.0233889 0.0119371
0.0797057 -0.048964 0.258679
0.0313477 -0.048964 0.503902
-0.0490435 0.0464563 -0.965481
-0.0266197 -0.048964 0.196401
0.00883521 -0.048964 -0.978398
0.0806694 -0.048964 0.868159
-0.0160544 -0.0233868 0.83737
0.0108077 -0.048964 0.934539
-0.0234685 0.0287092 -0.949529
0.0228297 -0.0233889 -0.134969
0.00353014 -0.048964 0.464668
-0.0234685 0.0608378 -0.189967
-0.0033468 -0.0233889 -0.589279
-0.0234685 0.047244 -0.00175572
-0.0195365 -0.048964 0.409624
0.0801981 -0.048964 -0.180197
-0.0234685 0.0125314 0.444081
-0.0234685 -0.00369212 0.627127
-0.0490435 0.0758474 -0.374946
0.0290897 -0.0233889 0.60037
0.0680059 -0.0233889 -0.889951
-0.0204215 -0.0218779 0.0655126
-0.0490435 -0.0206904 0.549344
0.036149 -0.048964 0.33892
0.0777982 -0.048964 -0.381663
0.0649806 -0.0233889 -0.795239
-0.0178399 -0.048964 0.167729
0.0311609 -0.0233889 0.74392
0.0948532 -0.0243372 -0.751481
-0.0490435 -0.00803392 -0.607998
0.0208809 -0.048964 -0.1513
-0.0490435 0.0842572 0.191694
-0.0490435 0.0723706 0.77397
-0.00909971 -0.048964 0.276141
-0.0490435 -0.0302956 0.905464
0.0229139 -0.0233889 -0.542013
0.0851022 -0.048964 -0.631937
0.0871799 -0.0233889 -0.83872
-0.0490435 -0.0234246 -0.826302
0.0292769 -0.0233889 0.361658
-0.0490435 0.0569678 -0.692658
-0.0234685 0.0104738 0.222154
0.0968546 -0.0253681 -0.263347
0.0855717 -0.0233889 0.420682
0.00792683 -0.048964 0.358493
-0.0490435 0.0444103 0.461596
-0.0490435 0.0105675 0.345474
0.102665 -0.048964 0.173682
-0.0490435 0.049488 0.406986
-0.0490435 0.0788913 -0.855806
-0.0234685 0.0815857 0.187455
-0.0490435 0.100805 -0.0412742
-0.0234685 -0.00136861 -0.74531
-0.0490435 -0.0264796 -0.636835
-0.0490435 0.0294746 0.744258
0.031591 -0.048964 -0.704218
-0.0234685 -0.00246581 0.325144
0.0817227 -0.0233889 -0.997966
-0.0490435 0.00874918 0.425729
-0.0490435 0.078373 -0.0686729
-0.0490435 -0.0254869 -0.487812
-0.0490435 0.0101411 -0.911691
0.0731758 -0.048964 -0.328409
-0.0490435 0.0999342 -0.912159
-0.0234685 0.0870794 0.50081
0.0250411 -0.048964 0.685364
0.0230919 -0.048964 -0.288541
-0.0302812 0.101406 0.952873
0.0355002 -0.0233889 -0.0488491
-0.0490435 0.0367817 -0.0991675
-0.0490435 0.101555 -0.107875
-0.0234685 0.0866108 -0.130577
0.00691386 -0.048964 0.849468
-0.0234685 0.0387404 0.881407
-0.0490435 0.0773769 0.272995
-0.0490435 0.0772386 0.942111
-0.0490435 0.0773309 0.244419
-0.0234685 0.0559494 0.359584
-0.0234685 -0.00589295 0.0167236
0.0479913 -0.0233889 -0.673627
-0.0234685 0.0590093 0.428978
-0.0490435 0.0975741 0.909692
-0.00308749 -0.0233889 0.0875722
-0.0483015 -0.048964 -0.681516
-0.0490435 0.0539689 0.149594
-0.0490435 0.0132592 0.294043
-0.029706 -0.048964 0.376627
0.0240042 -0.048964 -0.40285
-0.0234685 0.0791269 0.0376404
-0.0490435 -0.0287987 -0.315219
0.0530862 -0.0233889 0.501055
0.0524734 -0.0233889 -0.710091
0.03081 -0.0233889 -0.0862884
0.005474 -0.0233889 0.519829
-0.00316342 -0.0233889 -0.300514
-0.0490435 0.0443645 -0.331244
0.0375307 -0.048964 0.769138
-0.0490435 0.05613 0.626652
0.0768744 -0.048964 -0.735138
-0.0169316 -0.0233152 0.260723
0.100562 -0.028937 0.960949
-0.0490435 -0.031242 0.638322
-0.0234685 -0.00461332 -0.432974
-0.0234685 0.00831392 -0.589264
-0.0490435 0.0120377 -0.500961
-0.0234685 0.0556005 -0.360322
0.0546685 -0.048964 0.582003
-0.0352385 -0.048964 0.0875486
0.102808 -0.0369818 -0.42393
-0.0490435 0.0843401 0.531761
-0.0490435 0.0714054 -0.00822223
-0.00377834 -0.0233889 0.951762
0.00473177 -0.0233889 -0.961161
0.0208584 -0.048964 -0.520171
-0.0139943 -0.048964 -0.507898
-0.0260153 -0.048964 -0.177576
-0.0239559 -0.048964 0.974728
-0.0234685 0.00178505 -0.979545
-0.0490435 0.01035 0.1244
-0.0371657 -0.0270067 -0.998051
0.0948365 -0.0243304 -0.206782
0.0918148 -0.0235154 0.537682
0.0487477 -0.048964 0.636803
-0.0234685 0.0708388 0.119596
-0.0234685 0.083438 0.41452
0.101179 -0.048964 -0.301599
-0.0490435 0.0268779 -0.235024
0.053748 -0.0233889 0.8674
0.0830827 -0.048964 0.19455
0.0954676 -0.024607 -0.024525
-0.0234685 -0.00288594 -0.235505
-0.0490435 0.00747109 0.163562
-0.0490435 0.0108996 -0.354355
-0.0234685 0.0493903 0.611294
-0.0234685 0.030924 -0.470462
-0.0490435 0.0496392 0.513013
-0.0490435 0.0133966 0.884152
-0.0490435 0.101638 -0.749905
0.0166962 -0.0233889 0.384638
-0.0490435 0.0836722 -0.343232
0.0439444 -0.048964 0.215176
-0.0490435 0.0734033 0.852978
-0.0234685 -0.0041252 -0.0169625
-0.0248875 0.095955 0.637184
-0.00424814 -0.0233889 0.188908
-0.0490435 -0.000992946 0.509368
0.0575271 -0.048964 0.359746
0.097401 -0.0257336 0.644992
-0.0490435 -0.0219195 -0.746769
0.0573866 -0.048964 -0.254745
-0.000864368 -0.0233889 -0.0891821
-0.0490435 0.0733318 -0.434533
-0.0490435 0.0957066 0.379654
0.0687499 -0.0233889 -0.561157
0.00207724 -0.048964 0.241442
0.00231755 -0.0233889 0.603933
0.0561211 -0.048964 -0.996822
-0.0322334 0.102239 0.832249
-0.0322175 -0.048964 0.904777
0.0970978 -0.0255258 -0.622941
0.0774514 -0.048964 -0.874316
-0.0434018 0.102888 0.147893
-0.0490435 -0.0248838 0.496592
-0.00612614 -0.048964 -0.761474
-0.0490435 0.0748942 0.352268
-0.0490435 0.088318 -0.528467
0.00495444 -0.048964 0.586628
-0.0490435 -0.0392983 -0.279809
0.102808 -0.0378542 0.410424
-0.0308135 0.101672 0.578768
-0.0490435 0.00112899 0.949298
0.0546155 -0.0233889 -0.0250747
-0.0263413 0.0981762 -0.424643
0.102808 -0.0486501 -0.228777
-0.0490435 -0.00443787 0.766078
0.0109128 -0.0233889 -0.761891
-0.0490435 0.0644619 -0.619638
-0.0234685 -0.00165708 -0.837493
0.102273 -0.0325168 0.871676
0.0520104 -0.0233889 -0.183062
-0.0490435 0.0328548 0.429808
-0.0490435 0.0785536 -0.950789
-0.0490435 0.043103 -0.0325005
-0.0234685 0.023806 0.937003
-0.0254525 0.0969418 -0.584178
-0.0234685 0.0347644 -0.734908
0.0433778 -0.0233889 -0.586261
-0.0234685 0.047236 0.781141
-0.0257629 0.0974089 -0.765739
0.0596355 -0.0233889 -0.244096
-0.0234685 -0.00918626 -0.630989
0.100638 -0.048964 -0.97227
0.0593001 -0.048964 -0.531781
-0.0234685 -0.0156408 0.517033
-0.0244495 0.0950123 0.770605
-0.0490435 0.0129592 -0.870024
-0.0490435 0.037519 0.552629
-0.0484911 0.102888 -0.202947
-0.0490435 -0.0216533 0.601417
-0.0268288 0.0987403 -0.497168
-0.0266798 0.0985748 0.719947
0.0501903 -0.0233889 -0.838373
-0.0234685 0.0401588 -0.672229
0.102808 -0.0468134 0.0550992
-0.0287181 -0.048964 -0.21758
-0.0490435 0.049578 -0.801871
-0.0262287 0.0980359 0.458419
0.00861148 -0.0484001 1
-0.0490435 0.040912 0.979017
-0.0440069 -0.048964 0.24324
0.00833668 -0.048964 0.0640281
0.0577941 -0.048964 -0.928045
-0.0490435 -0.0262413 -0.247231
-0.0234685 0.0235921 -0.210867
-0.0490435 0.0346941 0.167425
-0.0234685 0.0310808 0.134871
-0.0490435 0.0429482 -0.595657
-0.0490435 -0.0476704 -0.951151
0.0073455 -0.0233889 -0.00715977
-0.0210423 -0.0213602 -0.952461
-0.0490435 0.0512588 -0.213193
0.102627 -0.048964 0.596439
0.0335344 -0.0233889 0.161156
0.0310049 -0.0233889 0.0703046
-0.0234685 0.00886048 0.196348
-0.0490435 0.0104317 -0.561394
0.0527067 -0.048964 0.459315
-0.0234685 0.0219725 0.824462
-0.0490435 0.0207932 -0.99532
-0.0490435 -0.0242073 0.172026
-0.0263912 -0.048964 0.541765
-0.0449394 0.102888 0.685847
0.0332612 -0.026601 -0.998051
-0.00884234 -0.048964 0.6357
-0.0490435 0.0928569 -0.814116
0.055907 -0.048964 0.913423
0.0822626 -0.048964 -0.0835531
-0.0234685 0.0553942 0.482842
-0.0490435 0.021819 0.475575
0.0195907 -0.0233889 0.038004
-0.0490435 0.0362311 0.795787
-0.0490435 0.0398882 -0.188568
-0.0234685 0.00482495 0.979106
0.0280124 -0.0233889 0.215443
-0.0436118 0.0727354 -0.998051
0.0801856 -0.048964 0.700988
-0.0234685 -0.0109791 0.662305
-0.0234685 0.0857904 0.872953
0.0239525 -0.048964 -0.959254
-0.0490435 0.089472 0.296341
-0.0345523 -0.048964 -0.906272
0.0988892 -0.0269639 0.264685
0.0792574 -0.048964 0.506367
0.0174801 -0.048964 0.384769
-0.0490435 -0.0197933 0.274524
-0.0490435 -0.00678864 -0.975898
-0.0490435 0.0480987 -0.48902
0.100322 -0.048964 -0.550969
0.0620268 -0.0233889 0.893748
0.0703945 -0.0233889 0.650731
0.100782 -0.0292688 -0.183179
-0.0234685 0.0037096 0.599802
0.0653703 -0.0233889 -0.0891421
0.00419874 -0.048964 -0.635586
-0.0490435 -0.0281162 -0.569049
-0.0234685 -0.00203325 0.268551
-0.0490435 0.0616498 -0.570565
-0.0234685 -0.00965407 -0.491914
0.0617559 -0.0233889 0.252116
-0.0152382 -0.048964 -0.430616
0.0449664 -0.0233889 -0.216995
-0.0490435 0.0983184 -0.557202
-0.0234685 0.0364296 0.158152
-0.0444046 0.102888 0.875573
-0.0490435 -0.0310602 0.423951
-0.0234685 0.0413585 -0.929752
0.0858837 -0.0233889 0.346997
0.0768261 -0.048964 -0.0405484
0.0980176 -0.0261979 -0.676705
-0.0449763 -0.048964 0.579604
-0.0490435 0.0121313 0.837137
0.0158858 -0.0233889 -0.179986
-0.025568 -0.048964 0.598285
0.0668181 -0.0233889 0.226344
-0.0488633 0.102888 0.405401
-0.0490435 0.0237793 0.0194832
0.101513 -0.0305682 0.909533
-0.0234685 0.0296808 0.702676
0.0470188 -0.0233889 -0.337006
-0.0490435 0.0607994 0.202515
0.0813312 -0.0233889 -0.31302
-0.0234685 0.0732674 0.648926
-0.0170064 -0.048964 -0.302356
-0.0234685 0.0655042 -0.59481
-0.0490435 0.0412071 -0.144811
-0.0461717 -0.048964 -0.0468687
0.0171064 -0.048964 -0.372005
-0.0234685 0.011033 -0.644809
-0.0234685 0.0567006 -0.0653465
0.0716791 -0.048964 -0.277625
0.0349225 -0.0233889 0.423159
-0.0180691 -0.0230653 0.224633
-0.0234685 0.0774575 0.388301
-0.0490435 0.0422867 -0.389992
-0.0490435 0.0884273 0.569798
-0.0394901 -0.048964 -0.633965
0.102011 -0.0317317 0.0992152
-0.0331744 -0.048964 0.73976
-0.0490435 0.0937052 -0.321793
0.0781084 -0.048964 -0.437849
0.0410496 -0.048964 0.561987
0.0350601 -0.048964 -0.242629
-0.0234685 0.0539296 0.543924
0.0624313 -0.0233889 0.844797
0.101567 -0.0306803 -0.116872
-0.0234685 0.0336002 -0.547722
0.101633 -0.0308218 -0.859053
0.0583822 -0.048964 0.411986
0.0695858 -0.0233889 0.60162
0.102808 -0.0455328 -0.504353
0.0975597 -0.048964 -0.367457
0.00596549 -0.0233889 0.7017
0.00491128 -0.048964 -0.822503
-0.0483401 -0.048964 0.068583
0.0799263 -0.048964 0.815208
-0.0250984 0.0963476 -0.0192429
-0.0247983 -0.048964 -0.718972
0.00858741 -0.048964 -0.0926395
-0.0286188 0.100357 -0.520027
-0.0488263 0.102888 0.0189776
-0.0349591 -0.048964 0.42687
-0.0490435 0.0831153 0.039286
0.0119375 -0.048964 0.169166
0.0715197 -0.0233889 -0.290228
0.00916242 -0.0233889 -0.811834
-0.0234685 0.0221325 -0.127445
0.0360914 -0.048964 -0.422305
0.0977427 -0.0259836 0.0186922
0.0185094 -0.0233889 0.117031
0.0127701 -0.0233889 -0.73907
-0.0265178 0.0983881 0.25161
-0.0490435 0.100694 -0.391174
0.00909334 -0.0233889 0.338861
0.101209 -0.0299837 -0.0487704
0.096759 -0.0253083 -0.88231
-0.0234685 0.064496 0.288872
0.0115966 -0.0233889 -0.425812
-0.0234685 0.0456986 -0.241173
-0.0490435 -0.0287037 0.128117
-0.0490435 0.0188742 -0.776383
-0.0302415 0.101385 0.986789
-0.0490435 0.0810739 0.435862
-0.0234685 0.030634 0.355145
-0.0234685 0.0788367 -0.550853
-0.0234685 0.0651855 0.45384
0.0878669 -0.048964 0.330879
-0.0234685 0.0828847 -0.175139
-0.0234685 0.0588058 0.845781
-0.0490435 0.0901546 -0.272418
-0.0325677 0.102344 -0.284948
-0.0490435 0.0997743 0.757281
-0.0247754 -0.048964 -0.885018
-0.00767009 -0.0233889 0.38231
0.0413711 -0.048964 -0.108068
0.0991352 -0.0272072 -0.489493
-0.0234685 0.0250059 0.550344
0.102808 -0.0483481 0.977597
-0.0234685 0.0346662 0.0403922
0.00305115 -0.0233889 0.97754
-0.0234685 0.0630283 0.799886
-0.0234685 0.0416424 0.659037
-0.0490435 0.0523993 -0.121187
0.00704062 -0.048964 -0.786819
-0.0490435 0.0823553 0.802839
0.0865819 -0.048964 0.555358
-0.0490435 0.00187094 -0.257116
0.101042 -0.0296917 -0.087683
-0.0172482 -0.048964 -0.108446
0.033007 -0.0233889 0.573741
-0.0490435 0.0791281 0.980505
-0.0490435 -0.0303222 -0.529781
-0.00169015 -0.0233889 -0.137742
0.102808 -0.0483351 -0.252459
0.0732475 -0.0233889 -0.414643
0.0318533 -0.048964 -0.603656
-0.0369419 0.102888 -0.237455
-0.0234685 0.0367744 0.404966
-0.0269438 0.0988642 -0.691746
-0.0234685 0.0780359 -0.0338096
0.000658508 -0.048964 -0.257114
-0.0234685 0.0117137 0.374125
-0.0490435 0.0527283 -0.644326
0.0112153 -0.0233889 -0.460645
0.0567252 -0.0233889 -0.138026
0.0409746 -0.0233889 0.11332
-0.0490435 -0.0244037 -0.0426139
-0.034818 -0.048964 0.335714
0.00799055 -0.048964 -0.210906
-0.0490435 0.0228379 -0.429518
-0.0269047 0.0988224 0.541827
-0.0234685 0.0388076 -0.86059
0.101331 -0.0302094 -0.822759
0.097305 -0.048964 0.456155
0.0991522 -0.0272245 -0.146345
-0.0490435 -0.00545266 0.245533
0.0952326 -0.0244992 -0.381342
-0.0490435 -0.0092339 0.089897
0.0618827 -0.048964 -0.00213421
-0.0490435 0.0602744 0.699016
0.089477 -0.048964 0.941595
0.048124 -0.048964 -0.96286
0.0803471 -0.0233889 0.465227
-0.00204905 -0.048964 0.877706
-0.0272309 -0.048964 0.0377727
-0.0490435 0.069704 -0.298989
-0.0490435 0.0015203 0.56803
0.0476707 -0.048964 -0.559556
-0.0490435 0.00115398 0.927034
0.0176757 -0.0233889 -0.267881
-0.0233272 -0.048964 -0.839229
-0.0490435 -0.0263642 -0.595425
-0.00856263 -0.048964 0.779221
-0.0436431 -0.048964 0.000104514
-0.0297905 -0.048964 -0.669238
-0.0223074 -0.0198316 -0.249897
-0.0490435 -0.0338429 0.703818
0.0465342 -0.0233889 0.529384
0.0992101 -0.0272839 0.718527
-0.0186168 -0.0228769 0.44611
-0.0234685 0.0786597 -0.754122
-0.0234685 0.0542667 -0.76786
0.0783028 -0.0233889 0.75789
0.000317719 -0.0233889 -0.397741
-0.0490435 0.0327704 -0.696916
-0.0234685 0.0836811 0.672189
-0.0490435 0.102097 -0.674564
-0.0441545 0.0358587 1
-0.0490435 -0.0223653 -0.769503
-0.011903 -0.0264524 -0.998051
-0.0292064 0.100769 -0.0707719
0.00194014 -0.048964 -0.740774
-0.0485685 -0.048964 -0.365414
0.0690964 -0.0233889 0.048611
-0.0234685 0.0168558 0.858224
0.0430117 -0.0233889 0.667486
-0.0490435 0.0459512 0.913505
-0.0490435 -0.0258782 0.987907
-0.0490435 -0.0368621 -0.868899
0.0658771 -0.0233889 -0.158107
-0.0234685 -0.00380447 -0.870122
0.102808 -0.0477733 -0.590116
-0.0304938 -0.048964 -0.0683553
0.0807318 -0.048964 -0.223407
-0.0234685 0.0747282 0.0116845
-0.0040288 -0.0233889 -0.611302
0.0774278 -0.048964 0.625837
-0.0490435 0.0178998 0.965054
-0.0337703 -0.048964 0.821789
0.0941206 -0.024064 -0.978227
-0.0234685 0.0767821 -0.80159
-0.0490435 0.0961493 0.731119
0.016716 -0.048964 -0.861672
-0.0234685 0.079649 0.742533
0.0626663 -0.048964 0.958389
0.0999016 -0.0280592 0.614617
-0.0175694 -0.0231977 0.759263
0.0151105 -0.048964 0.44601
0.0684829 -0.0233889 0.545468
0.0314828 -0.0233889 0.290211
0.0121472 -0.0233889 -0.245229
-0.0212837 -0.0211258 -0.207183
0.027726 -0.0233889 -0.62307
-0.0234685 0.0407236 -0.024802
0.0510111 -0.048964 0.0672719
0.0354878 -0.048964 0.239522
-0.0490435 -0.00362709 0.789399
-0.0490435 0.0878683 0.661331
-0.0234685 0.0327298 -0.80687
0.0779294 -0.0233889 -0.361856
0.0535161 -0.0233889 0.757731
-0.0490435 0.031391 -0.0768372
-0.0234685 0.0741846 -0.72865
-0.0490435 -0.00649746 0.385334
-0.0234685 0.0868662 -0.942699
-0.03913 0.102888 -0.600119
-0.00949541 -0.048964 -0.680879
0.046986 -0.0233889 0.087052
-0.0490435 0.0920405 -0.932495
-0.0407269 0.102888 -0.726347
0.0203094 -0.0233889 -0.979854
-0.0490435 0.0788783 -0.7035
-0.0234685 0.00357588 0.0633663
0.081864 -0.048964 0.73799
-0.0490435 0.0142007 -0.950432
0.102808 -0.0450671 0.120679
-0.0490435 0.0595778 0.885618
-0.0490435 0.00580398 -0.212713
0.0215646 -0.048964 -0.0167319
0.030699 -0.048964 -0.476165
-0.0490435 -0.00532833 -0.699586
0.0836261 -0.048964 0.374683
-0.0490435 0.00461929 0.0332138
-0.0234685 0.00440355 -0.105432
-0.0490435 -0.0474591 0.775826
0.0896047 -0.048964 -0.951447
-0.00417186 -0.0233889 0.300423
0.0510353 -0.048964 0.97893
0.0705577 -0.0233889 0.192027
0.102808 -0.0457382 0.7775
-0.0234685 0.0428349 -0.972883
-0.0490435 0.0509356 0.0435568
0.102627 -0.0340294 0.226855
0.0266744 -0.0233889 0.934647
0.0106355 -0.048964 0.564625
-0.0490435 -0.00336369 0.992734
0.0827347 -0.048964 -0.658831
-0.0490435 0.0333789 0.840517
-0.0234685 0.0064883 -0.312737
0.0793505 -0.048964 -0.483882
-0.0234685 0.0254084 -0.260497
-0.0490398 -0.048964 -0.249022
0.100352 -0.0286408 0.0724608
-0.0490435 0.0572071 0.280496
0.0734928 -0.048964 -0.699542
0.0626013 -0.048964 -0.626329
-0.0490435 -0.0388416 -0.170693
-0.0234685 0.0238156 0.314253
-0.0249473 -0.048964 0.453457
-0.0490435 -0.0292712 -0.708464
-0.0490435 0.00535185 -0.521875
-0.0234685 -0.0105622 0.109589
-0.0490435 0.0469713 0.126546
0.0820601 -0.048964 0.0350842
-0.0490435 -0.0193901 0.750334
-0.0490435 0.00738166 0.697945
-0.0490435 0.0464149 -0.273971
0.049469 -0.0233889 0.321873
-0.0490435 -0.000447371 -0.787188
0.0648515 -0.0233889 0.392307
-0.0490435 0.0167785 -0.30279
-0.0234685 0.073007 -0.101772
-0.029788 0.101131 -0.846886
-0.00372107 -0.0233889 0.476926
-0.0268418 -0.048964 -0.766599
0.0973309 -0.048964 -0.785188
-0.0490435 -0.00514839 0.462511
-0.0490435 0.0554541 -0.893142
0.0712165 -0.0233889 -0.0610657
-0.0234685 0.0598182 -0.279786
-0.0305245 -0.048964 0.130297
-0.0234685 0.0838943 -0.331389
-0.0490435 0.0850216 -0.607401
-0.0234685 0.0758428 0.916406
-0.0235245 -0.048964 0.885213
-0.010347 -0.048964 0.323498
-0.0234685 -0.00263854 0.178335
0.073986 -0.0233889 0.293988
0.0863606 -0.048964 0.435524
0.0118543 -0.048964 0.912517
0.0145056 -0.0233889 -0.0400992
-0.0281081 0.0999559 0.479491
0.023386 -0.0233889 0.790447
0.0937668 -0.048964 -0.895599
-0.0234685 0.0477069 0.719216
-0.0490435 -0.0406822 -0.444029
0.0857052 -0.0233889 -0.575057
-0.0234685 0.0744353 -0.462612
0.0681497 -0.0233889 0.798814
0.0612506 -0.048964 -0.584735
-0.0234685 -0.00484353 0.489419
0.0579483 -0.0233889 -0.480075
0.0761896 -0.0233889 -0.607203
0.0189835 -0.048964 -0.334092
-0.0490435 0.0831082 -0.0891999
-0.0234685 0.0759518 -0.0562819
0.0550058 -0.048964 -0.459211
-0.0257509 -0.048964 -0.2832
-0.0490435 -0.0334233 0.0958443
-0.00832865 -0.048964 0.680792
0.00163182 -0.0233889 -0.521191
-0.0490435 0.0800174 0.165443
-0.0357401 -0.0386382 1
-0.0457488 -0.048964 0.470418
0.0443987 -0.0233889 -0.805017
-0.0268639 -0.048964 -0.346971
-0.0490435 0.0203761 -0.579875
-0.0234685 0.0820456 -0.87922
0.0541022 -0.048964 0.157146
0.0489918 -0.048964 -0.0712202
0.0466921 -0.048964 0.718112
0.00685345 -0.0233889 0.171113
-0.0234685 -0.0047258 0.817628
0.0337149 -0.048964 0.290688
0.0683976 -0.0233889 -0.849383
-0.0234685 0.035798 -0.625069
-0.0234685 0.0604126 -0.14281
0.0788485 -0.0233889 0.724201
0.067275 -0.0233889 -0.118693
-0.0234685 0.0126803 0.778407
-0.0234685 0.0803048 0.138544
-0.0490435 0.0738613 0.549933
0.0412388 -0.048964 -0.157395
-0.00121912 -0.048964 -0.483165
0.016916 -0.048964 0.956348
0.0366613 -0.048964 0.11815
-0.014889 -0.0233889 0.993418
0.0198433 -0.0233889 -0.940719
-0.0490435 0.00747761 -0.40014
0.0849712 -0.0233889 -0.916597
0.0689443 -0.048964 0.537238
-0.0490435 0.0152599 -0.108907
-0.0490435 0.00170919 -0.847671
-0.0234685 0.0795769 -0.676922
0.048743 -0.0233889 -0.440252
-0.00718884 -0.0233889 0.624337
-0.0490435 -0.03925 -0.139984
0.0805416 -0.0233889 -0.248674
-0.0490435 0.0546334 0.0990105
-0.0344063 -0.048964 -0.602931
0.00800245 -0.048964 -0.666555
-0.0234685 0.0732485 -0.487964
-0.0234685 -0.000959883 -0.815925
0.0818606 -0.048964 0.237927
0.0998503 -0.0279971 0.492672
0.0330314 -0.048964 -0.035131
-0.0234685 0.0558079 0.382867
0.0432436 -0.048964 -0.647389
-0.0134716 -0.0233889 0.785302
-0.0282475 -0.048964 0.285481
-0.0430212 -0.048964 -0.323085
0.0500982 -0.048964 -0.693748
-0.0287224 0.100433 -0.979677
-0.0490435 0.0394491 0.244634
-0.0490435 0.025593 0.0627687
-0.023482 0.0906892 0.319189
-0.046658 -0.048964 -0.740504
0.0239562 -0.0233889 -0.796282
-0.0490435 0.0542621 -0.83543
-0.0490435 0.0231448 -0.00391158
-0.0234685 -0.00378854 0.898872
0.060257 -0.048964 0.662719
-0.0490435 0.0996527 0.509186
-0.0172069 -0.0232714 -0.335558
-0.0490435 0.102243 0.217904
0.0223259 -0.0233889 -0.379884
0.0238625 -0.0233889 0.239424
0.0151275 -0.048964 0.617282
0.0428837 -0.0233889 -0.536751
0.00458729 -0.048964 0.209132
0.091623 -0.048964 0.47864
0.0835365 -0.0341063 1
-0.0234685 0.0785096 -0.402227
0.084438 -0.0233889 0.928225
-0.0234685 0.0341284 -0.880655
-0.0120806 -0.048964 -0.976888
0.0353416 -0.0233889 0.400883
-0.0234685 0.0599489 0.162453
-0.0386115 0.102888 0.613869
-0.0490435 0.0188535 -0.622899
-0.00871934 -0.0233889 0.586596
-0.0429972 0.102888 -0.157661
-0.0234685 0.0110675 0.527272
-0.0114166 -0.0233889 0.0459569
-0.0319198 0.10213 -0.786801
-0.0234685 0.0402321 -0.298672
-0.0490435 -0.019008 0.887968
-0.0490435 0.0435982 0.576238
0.0307691 -0.048964 -0.35195
-0.0263625 0.0982022 0.278422
-0.0469425 -0.048964 0.198984
0.0994434 -0.0275315 0.690676
-0.0490435 0.00860842 0.104002
-0.0234685 0.0360067 -0.4425
-0.0234685 0.0137699 -0.386116
0.0280163 -0.048964 0.419588
-0.00537805 -0.0233889 -0.652331
0.0822974 -0.048964 -0.105063
0.0344564 -0.048964 0.809376
-0.0234685 0.0636193 0.567024
-0.0234685 0.0302036 -0.583038
0.0595624 -0.048964 0.740042
0.0535989 -0.048964 -0.833763
0.0337108 -0.048964 -0.189298
-0.0490435 0.0815896 -0.578852
-0.0346072 -0.048964 -0.569714
-0.0264894 0.0983547 0.173745
-0.0490435 0.0140183 0.801888
-0.0490435 0.0652132 -0.776123
-0.0234685 -0.00712229 -0.674373
0.0579908 -0.0233889 -0.642226
0.026121 -0.0233889 0.704531
-0.0234685 0.060094 -0.856882
-0.0166149 -0.0233529 0.935994
-0.00390352 -0.048964 0.978089
-0.0490435 -0.0277786 -0.667696
-0.0234685 -0.0126038 0.30635
-0.0234685 0.0189752 -0.968726
-0.0490435 -0.0342607 0.617342
0.0290516 -0.0233889 -0.8768
-0.0234685 0.0659629 0.989061
-0.0490435 0.0265423 -0.486117
0.0494273 -0.0233889 -0.967171
-0.0234685 0.00973015 -0.184214
-0.0490435 0.00958876 0.619171
-0.0234685 0.0505561 0.313408
-0.0234685 0.0832904 -0.529655
-0.0490435 0.0600297 -0.419275
-0.0284358 0.100218 -0.358899
-0.0490435 -0.00404798 0.530755
-0.0490435 0.0832277 -0.127623
0.019705 -0.0233889 -0.494944
-0.0490435 0.0328661 -0.347871
0.0760077 -0.0233889 0.16907
-0.0234685 0.0685641 0.0732816
0.0804622 -0.048964 0.279469
-0.000707676 -0.0233889 0.90779
-0.0490435 -0.0246676 -0.293709
0.076817 -0.0233889 0.0677573
-0.0490435 0.0523807 -0.37117
-0.0490435 0.0858345 -0.148631
0.0819 -0.0233889 -0.784269
0.0560602 -0.0233889 -0.399845
-0.0490435 0.0190401 0.761474
-0.0490435 0.0674725 0.454545
0.0494636 -0.0233889 0.689489
0.0578534 -0.048964 -0.867286
-0.0490435 -0.0249902 -0.939539
-0.0490435 -0.0152182 -0.00146795
-0.0462629 -0.048964 0.0222285
-0.0234685 0.0648204 -0.828602
-0.0490435 0.0928929 0.955457
0.0430079 -0.048964 -0.736525
-0.0490435 -0.0474862 0.680299
0.0161467 -0.048964 0.745981
0.101982 -0.031653 -0.734206
-0.0490435 0.084288 0.10272
-0.0234685 0.0698791 0.250519
-0.0490435 0.0332316 0.671105
-0.0124667 -0.048964 0.366388
-0.0234685 0.0129884 0.0412855
-0.0234685 0.0028882 -0.510178
-0.0234685 0.0548934 -0.411242
-0.0287232 0.100434 0.431342
-0.0469263 0.102888 0.311056
0.0485127 -0.048964 0.47899
-0.00675354 -0.0233889 0.660735
0.0275543 -0.0233889 -0.574027
-0.0234685 0.0462129 0.0717039
-0.0234685 0.0137822 0.670664
-0.0131058 -0.048964 -0.465537
-0.0415698 -0.048964 0.865398
0.100725 -0.0291806 -0.443812
-0.0490435 0.0331383 -0.865894
-0.0490435 0.0150373 0.496623
-0.0203873 -0.048964 0.70638
-0.0490435 0.0327106 -0.673521
-0.0490435 -0.0274078 0.0547981
-0.0234685 0.0305033 -0.167507
-0.0234685 -0.00137888 -0.54991
0.0186073 -0.048964 -0.99689
-0.0490435 0.00816456 -0.167507
0.0913388 -0.048964 -0.318901
-0.0490435 0.038236 0.529326
-0.0234685 0.0257592 0.637292
0.0846974 -0.048964 0.394963
-0.0490435 -0.00779607 -0.806866
0.10142 -0.0303818 -0.925366
0.0519635 -0.0233889 0.364096
0.0205181 -0.0233889 -0.895414
0.0571961 -0.048964 -0.381039
-0.037125 -0.048964 -0.106285
-0.0490435 0.000212927 -0.740871
-0.0490435 0.0283279 0.262881
-0.0305215 0.10153 -0.56367
0.0474666 -0.0233889 -0.268141
-0.0206533 -0.048964 -0.142333
0.0371397 -0.048964 -0.794708
-0.0490435 0.0818836 -0.509678
-0.0490435 0.0274615 0.335046
-0.0168085 -0.0233314 -0.0452229
0.0932773 -0.048964 0.835382
0.0552435 -0.0233889 0.276806
-0.0490435 0.057604 -0.732576
-0.0234685 0.0729034 0.691329
-0.0305357 -0.048964 -0.798353
-0.0291934 0.100761 0.861304
0.00230782 -0.0233889 -0.281495
-0.0490435 0.0464368 0.812867
0.0210427 -0.048964 0.0977495
0.0924637 -0.048964 -0.856441
-0.0293706 0.100876 -0.867477
-0.0490435 -0.0421651 -0.208251
-0.0234685 0.00403793 -0.768462
-0.0490435 -0.0216575 -0.227502
-0.0490435 0.101344 -0.0610019
0.0806571 -0.048964 -0.5371
0.0264351 -0.0233889 0.819286
-0.0237586 0.00859621 -0.998051
-0.0234685 0.00702628 0.958411
-0.0490435 -0.00522078 0.680463
0.102808 -0.0459556 -0.765545
-0.0227328 -0.0190567 -0.586842
-0.0490435 0.0799433 0.392387
-0.0490435 -0.0321627 -0.978856
0.0168404 -0.0233889 0.868711
-0.0234685 0.0418065 -0.128276
-0.0490435 0.0301039 -0.447809
0.0442643 -0.0233889 -0.91373
0.0551602 -0.0233889 -0.0495988
-0.0311863 -0.048964 -0.198068
-0.0234685 -0.00413006 0.729378
-0.0490435 0.0430414 0.95248
-0.0308165 0.101673 -0.218813
-0.0490435 0.0707125 -0.219763
-0.0234685 0.0233929 0.574924
0.102808 -0.0364778 0.347847
-0.0234685 0.0180822 -0.425788
-0.0490435 -0.0234006 0.8001
-0.00333961 -0.0233889 -0.353464
-0.0490435 0.0218486 -0.385557
-0.0490435 0.02983 -0.905327
-0.0490435 0.0805952 -0.662238
0.0599143 -0.0233889 -0.203294
-0.0490435 0.0708406 0.589061
-0.0490435 -0.0293885 0.951597
0.0462958 -0.0233889 -0.00736855
0.0431378 -0.0233889 0.185093
0.0339356 -0.0233889 0.724233
-0.0234685 0.0754621 -0.639123
-0.0490435 0.0259697 0.592457
0.0774203 -0.0233889 -0.708149
-0.0421851 -0.048964 0.299157
-0.0234685 0.012003 0.0811514
-0.0234685 0.0142632 -0.145314
-0.000611622 -0.048964 -0.333499
0.0265369 -0.0233889 0.531174
0.100596 -0.0289878 0.202789
0.029413 -0.0233889 0.472433
-0.0490435 0.0985555 -0.795424
-0.0234685 -0.00101287 0.459041
0.000444294 -0.0233889 -0.855635
-0.0490435 -0.0294134 -0.188221
-0.0490435 0.0305448 -0.757841
0.0616413 -0.048964 -0.417337
-0.0490435 0.0921081 -0.487974
-0.0490435 -0.0299164 -0.729019
0.102808 -0.0480344 0.918027
0.0392949 -0.0233889 0.961439
0.0568655 -0.048964 0.619129
0.102244 -0.0324194 0.162044
-0.0490435 0.0914739 0.257765
-0.0300799 0.101298 0.228537
-0.0234685 0.0839055 0.585509
0.100767 -0.0292457 0.135889
0.102808 -0.0464985 0.544259
0.0596082 -0.048964 0.313492
-0.0490435 0.0776441 0.630617
0.0826689 -0.048964 0.0721269
-0.0234685 0.0368092 -0.710872
0.0989774 -0.0270496 -0.339059
0.102808 -0.0366419 0.577856
-0.0490435 0.000411794 0.852962
-0.0276735 -0.048964 0.843673
0.0151921 -0.048964 -0.941986
-0.0234685 0.0177426 0.332687
-0.00313378 -0.048964 0.0165845
-0.0072393 -0.0233889 -0.770771
-0.0289264 0.100579 -0.619335
-0.0234685 -0.00517351 -0.936042
-0.0234685 -0.00530027 0.363417
-0.0490435 0.0579231 -0.983911
-0.0234685 0.0114887 -0.0311721
0.0394461 -0.048964 0.881135
-0.0490435 0.0931683 -0.968162
-0.0490435 0.0344037 0.210762
-0.0387309 -0.048964 0.261819
-0.00483286 -0.0233889 -0.725185
-0.00169967 -0.048964 0.125395
-0.0490435 -0.0105822 0.0173293
-0.0206788 -0.048964 -0.53787
-0.0234685 0.00604239 0.0015929
-0.0490435 0.0861261 0.126444
-0.0490435 -0.0352249 0.97107
-0.0234685 0.0303652 0.89873
0.07216 -0.048964 0.484449
-0.0490435 0.00500602 0.143524
0.0740409 -0.0233889 -0.510764
0.0490036 -0.0233889 0.923144
0.0481816 -0.048964 0.0440999
0.055307 -0.048964 -0.121795
-0.0222108 -0.0199816 0.680175
0.00519485 -0.0233889 0.130899
-0.0490435 -0.00520547 0.288701
-0.0234685 0.0845034 0.213998
-0.0211305 -0.0212769 0.0279925
-0.00973488 -0.048964 -0.220498
-0.0490435 0.000227253 0.205981
-0.0234685 0.0107395 0.254226
-0.0490435 -0.00518442 -0.0416892
0.0705553 -0.0233889 -0.539149
-0.0321317 -0.048964 0.153247
0.0515058 -0.048964 -0.197305
-0.0195497 -0.048964 -0.388327
-0.0305492 0.101544 0.107743
-0.034773 0.102802 0.369073
-0.0234685 -0.00980274 -0.411742
-0.0229568 -0.048964 -0.948606
-0.0252524 0.096615 0.148912
-0.00561036 -0.0233889 0.720465
-0.0350494 -0.048964 -0.429488
-0.0276391 0.0469893 -0.998051
-0.0234685 0.0394755 -0.370574
0.0339289 -0.0233889 -0.173708
0.0889602 -0.0233889 -0.64123
-0.00616884 -0.048964 -0.80214
-0.0353183 0.102853 -0.82329
0.102808 -0.0470203 -0.0167489
0.000369127 -0.048964 0.307697
0.0530708 -0.048964 0.231944
0.0365073 -0.0233889 0.491593
0.0633621 -0.048964 -0.769887
-0.0234685 0.0676062 0.956616
-0.0490435 0.0550024 0.362959
-0.0363003 0.102888 -0.456753
-0.0490435 0.0663456 0.0302586
-0.0490435 -0.0173397 -0.875738
-0.0490435 0.0379798 -0.94845
-0.0490435 0.0584494 0.00608643
-0.03047 -0.048964 0.560346
-0.023636 -0.048964 0.952494
0.100111 -0.0283211 0.853265
0.0500088 -0.048964 -0.354103
-0.0234685 0.0294667 0.984642
-0.0490435 0.0536079 0.780734
-0.0234685 0.061186 -0.790069
0.0490411 -0.0233889 0.785813
0.0265237 -0.048964 -0.8231
0.0109495 -0.0233889 -0.313827
-0.0490435 0.0974914 -0.888907
-0.0234685 0.03667 -0.488536
-0.0222022 -0.0199946 -0.02727
0.0113737 -0.0233889 -0.682547
0.0844056 -0.048964 0.77315
0.0226968 -0.0233889 -0.77729
-0.0234685 0.0653391 -0.230761
-0.0481256 -0.048964 0.806237
-0.0234685 0.0405019 0.747262
0.102808 -0.0448738 0.51506
-0.0234685 -0.00748737 0.408824
-0.0490435 0.0349529 0.776098
0.102808 -0.048527 0.426037
0.102808 -0.047033 0.95487
-0.0490435 0.0838381 -0.779395
0.0300252 -0.0233889 -0.421613
0.0125635 -0.048964 0.889682
-0.0490435 0.0847281 -0.461173
-0.0279797 0.0998484 0.0863584
-0.0490435 0.0136819 -0.0691398
-0.0200927 -0.0221103 -0.477759
0.100264 -0.048964 -0.408985
-0.0320575 0.102179 0.0573206
-0.023401 -0.0168066 -0.733226
-0.0477369 0.102888 0.194079
-0.00725165 -0.048964 -0.179084
0.0954839 -0.048964 0.670652
-0.0234685 -0.0027114 -0.890313
-0.0490435 -0.0475249 -0.700255
-0.0490435 0.101232 -0.179275
-0.0234685 0.0554345 -0.644512
0.101776 -0.048964 -0.912593
0.0288619 -0.048964 0.525522
-0.0490435 0.0478042 -0.453999
-0.0234685 0.0210403 -0.776361
0.0226394 -0.0233889 0.437308
0.0181783 -0.0233889 0.265098
0.0682302 -0.048964 -0.399085
0.0765216 -0.048964 -0.927923
-0.0490435 0.0449607 0.298486
-0.0490435 -0.00816679 0.130183
-0.0490435 0.101973 -0.252161
0.0737426 -0.0233889 -0.470034
-0.0490435 0.064964 0.817984
-0.0490435 0.0593958 -0.255716
0.0309199 -0.0233889 0.635586
-0.0490435 0.0600842 -0.0246795
0.0601337 -0.0233889 0.955709
-0.0308677 0.101697 -0.122146
-0.0490435 0.0501266 -0.313466
-0.0490435 0.0279157 0.0925501
-0.0490435 -0.00512995 -0.957287
-0.0234685 0.0148754 -0.0862307
-0.0490435 0.0285689 -0.280014
0.001895 -0.048964 -0.112119
-0.0234685 -0.0118133 -0.998034
-0.0234685 0.0316273 0.478991
-0.00740559 -0.048964 -0.606728
-0.0234685 0.0238443 -0.841337
0.0467064 -0.0233889 0.996526
-0.035324 -0.048964 0.937799
-0.00154296 -0.048964 -0.570012
-0.0315583 0.101994 0.559576
-0.0490435 -0.0319993 -0.0095381
0.00173793 -0.0233889 -0.981071
-0.0234685 0.0334636 0.226445
-0.0490435 -0.0200724 0.316608
0.102808 -0.0433508 -0.631177
-0.0490435 -0.000598785 0.723424
-0.0490435 -0.0282862 -0.468364
-0.0490435 0.0654443 -0.812074
0.0522594 -0.048964 -0.0527575
-0.0490435 0.084309 0.896028
0.0293603 -0.048964 0.854121
-0.0234685 -0.0102616 -0.450634
0.102808 -0.0418494 0.291828
0.00432298 -0.048964 0.263363
0.101877 -0.048964 -0.186084
-0.0121944 -0.0233889 -0.634811
-0.0114932 -0.048964 0.497548
-0.0311287 -0.048964 -0.650497
-0.0490435 0.0592784 -0.504075
0.0885325 -0.048964 0.608456
0.100992 -0.0296081 0.0365617
-0.0234685 0.0717902 0.60689
0.102808 -0.0485617 0.0116337
0.024688 -0.0351011 1
0.0943906 -0.0241588 0.453199
0.0848052 -0.0459349 -0.998051
-0.0490435 -0.0297253 0.662092
0.0477114 -0.0233889 0.147877
-0.0234685 0.0484771 0.445266
-0.0234685 0.0805295 -0.258307
-0.0234685 0.0546997 0.929035
-0.0490435 0.0118641 0.659401
-0.0490435 0.0315397 -0.314143
-0.00951144 -0.0233889 0.8201
-0.040983 0.102888 0.445499
0.048118 -0.048964 0.942995
-0.0345657 -0.048964 0.39517
0.100952 -0.048964 0.368314
-0.0490435 -0.0334613 -0.808349
-0.0490435 -0.0284454 0.850286
0.0212158 -0.048964 0.599868
-0.0490435 0.0628788 -0.712807
0.0177179 -0.048964 0.34199
-0.0234685 0.0807181 0.894228
0.0280967 -0.0233889 -0.672108
0.102762 -0.0350878 -0.538412
-0.0234685 0.0395879 -0.753668
-0.0490435 -0.0291233 -0.346002
0.0389412 -0.0233889 -0.303891
0.102808 -0.0387267 0.798206
0.0347526 -0.0233889 -0.459335
-0.0317605 -0.048964 0.317371
-0.0144169 -0.0233889 0.87149
0.0914793 -0.048964 -0.0516587
-0.00667108 -0.048964 -0.0390153
-0.0313898 -0.048964 0.499702
0.0251217 -0.048964 -0.676795
0.0535432 -0.048964 0.758358
-0.0144368 -0.0233889 -0.668293
0.0561224 -0.0233889 0.433422
0.0851489 -0.048964 -0.837583
0.036841 -0.0233889 0.308353
-0.00854692 -0.0233889 -0.917846
-0.0234685 0.0586059 -0.0207882
0.0742932 -0.0233889 -0.747904
0.0918282 -0.048964 -0.152004
-0.0230404 -0.0183097 -0.528025
-0.0490435 0.00208002 -0.321076
-0.033109 -0.048964 0.228535
0.0635584 -0.0233889 0.633489
0.0866202 -0.048964 -0.603751
0.0257471 -0.048964 -0.566612
-0.0490435 0.0589198 0.239926
-0.0244644 0.0950481 -0.722576
0.0476897 -0.048964 0.600189
-0.0297057 0.101083 0.413114
-0.0234685 -0.0128532 -0.167603
-0.00702511 -0.0233889 -0.166201
-0.00340291 -0.048964 -0.369711
-0.0234685 0.0771064 -0.150585
-0.0236269 0.0921071 -0.905927
0.013557 -0.0233889 0.0801051
-0.0285153 -0.048964 0.357714
-0.0490435 0.00924463 -0.649487
-0.0234685 -0.014294 -0.267258
-0.0490435 -0.00667283 0.0695526
-0.0355672 0.102869 -0.309744
-0.0403665 0.102888 0.646344
-0.0234685 0.0446932 0.861915
-0.0490435 -0.0306109 0.360113
-0.0321952 -0.048964 -0.508384
-0.0490435 0.0366142 0.715184
-0.0234685 0.0835673 0.28886
0.0465458 -0.048964 0.384632
0.00698401 -0.0233889 -0.218579
0.102808 -0.0392388 -0.462921
-0.0490435 -0.00728068 -0.354828
-0.0234685 0.026829 0.190192
-0.0149152 -0.048964 -0.267687
-0.0490435 0.0831264 0.923078
-0.0490435 -0.011632 -0.528846
-0.0234685 0.0481827 -0.175339
-0.012565 -0.0233889 0.243095
0.0600932 -0.048964 -0.293992
0.00592604 -0.048964 -0.50984
-0.0234685 0.0495005 0.217929
-0.0490435 0.0314716 0.874283
-0.0132146 -0.0233889 -0.78791
-0.0490435 0.0582926 0.391123
0.0745253 -0.0233889 0.968936
0.0832501 -0.0233889 0.783594
-0.0234685 0.00910631 0.0999019
0.022094 -0.048964 0.00396511
-0.0452142 0.102888 0.469149
-0.0234685 0.0510315 0.526038
0.032132 -0.048964 -0.751454
0.100464 -0.0287971 0.994094
-0.0234685 0.0871196 -0.654596
-0.0490435 -0.0423519 0.508795
0.0340075 -0.048964 -0.387429
-0.0234685 0.0621993 -0.518912
-0.0352418 0.102848 -0.0928201
0.0542901 -0.0433664 1
0.000454404 -0.048964 0.10425
-0.0234685 0.0218167 -0.601314
-0.0490435 -0.0170423 -0.431124
-0.0490435 0.10244 -0.346997
0.102808 -0.0430299 -0.665512
-0.0490435 -0.0370421 0.538821
0.00265468 -0.048964 -0.407125
0.0399651 -0.0233889 -0.517948
-0.0234685 0.0211122 0.389827
-0.00386067 -0.0233889 0.457527
0.038681 -0.0233889 -0.93435
-0.0490435 0.00140805 0.974095
0.0555041 -0.048964 -0.146121
-0.00085177 -0.0233889 0.555487
-0.0490435 0.0870013 -0.0196127
-0.0490435 -0.0050162 -0.155182
0.0866363 -0.048964 0.985569
-0.0234685 0.0296454 0.785113
-0.0490435 -0.00555982 0.585792
0.102808 -0.048057 0.191685
-0.0489927 0.102888 -0.539073
-0.0490435 -0.0359561 -0.402287
-0.0327913 0.00183895 1
-0.000411097 -0.048964 -0.0189676
-0.0490435 -0.00771196 -0.678559
-0.0490435 0.0680127 0.523783
-0.0345434 0.102773 -0.408364
-0.0234685 -0.012912 -0.372596
-0.0490435 -0.0320197 -0.381548
-0.0234685 0.0417561 -0.334646
0.0897628 -0.0233889 0.00111413
-0.0490435 -0.0340671 0.874362
-0.0490435 0.0341407 -0.527294
0.10115 -0.0298789 0.387298
0.0804336 -0.0233889 0.1357
-0.0490435 -0.0203204 -0.89576
-0.0490435 -0.00476227 -0.459487
0.0916261 -0.048964 0.636855
-0.0234685 0.0105243 -0.223195
0.024426 -0.048964 -0.780303
-0.0490435 0.0860176 -0.051458
0.0665785 -0.048964 0.519078
0.0732994 -0.0233889 0.505104
-0.0234685 0.015198 -0.543033
-0.00672208 -0.0233889 -0.319421
-0.0490435 0.0876753 0.700667
-0.0490435 0.0837662 0.49012
0.00649962 -0.0233889 -0.443007
0.0471961 -0.0233889 -0.093578
0.00164727 -0.0233889 -0.503258
-0.0490435 -0.0256231 -0.156834
0.0583657 -0.048964 -0.977772
0.0675137 -0.048964 0.855994
-0.0004654 -0.0233889 0.00894458
-0.0490435 -0.0312785 -0.511908
-0.00815989 -0.048964 0.530964
-0.0192442 -0.0226009 -0.903493
0.0481617 -0.048964 0.545567
-0.0340183 -0.048964 -0.23467
-0.0309264 -0.048964 -0.985709
0.0828562 -0.0233889 -0.0853716
0.0653201 -0.0233889 0.154727
-0.0479586 -0.048964 0.377564
0.0886974 -0.048964 -0.565033
-0.0234685 0.0131748 -0.939349
-0.0490435 0.0862565 -0.189203
-0.0490435 0.083273 -0.899952
0.0536875 -0.0233889 0.568913
-0.0234685 0.0162927 -0.738809
-0.00945102 -0.048964 -0.448053
0.0590452 -0.0233889 -0.874392
-0.0490435 -0.00845392 -0.493133
-0.0490435 -0.0295424 0.231745
-0.0234685 0.0133131 -0.473295
-0.0234685 0.0226722 -0.335275
-0.0234685 0.0778521 0.760269
-0.00200352 -0.048964 -0.933889
0.0640931 -0.048964 0.267869
-0.0490435 0.0332102 0.44773
0.0548889 -0.048964 -0.796277
0.00720603 -0.0233889 0.23238
0.0773423 -0.048964 -0.717353
-0.0490435 0.00591294 0.398077
0.00192319 -0.0233889 -0.0529244
-0.0234685 0.0144836 0.693445
-0.0234685 0.038589 -0.823647
-0.0234685 0.00438652 -0.906599
0.0862077 -0.048964 0.220572
0.050556 -0.048964 -0.0168031
-0.0280268 0.0998881 0.680446
-0.0195014 -0.0224674 -0.932119
-0.0490435 -0.0136727 0.640839
0.10182 -0.0312464 0.890286
-0.0339552 0.102679 0.50036
0.0105276 -0.048964 -0.904632
-0.0490323 -0.048964 0.637709
0.0379932 -0.0233889 -0.981146
-0.0230665 -0.048964 0.725201
-0.0234685 0.0679995 -0.942974
-0.0490435 -0.0164623 0.916538
-0.0146672 -0.0233889 0.36571
0.0840143 -0.0233889 -0.898921
0.0407313 -0.048964 -0.260738
-0.0490435 -0.00093942 -0.0130858
0.0589316 -0.048964 -0.907101
-0.0234685 0.039715 -0.0582298
0.0905069 -0.048964 -0.00341457
-0.00442746 -0.048964 0.750004
-0.0234685 0.0296614 0.00106226
-0.0490435 -0.0344863 0.588888
0.0189188 -0.048964 -0.716524
-0.0234685 0.0283336 0.116782
-0.0490435 0.0394556 -0.733292
-0.0234685 -0.0146519 0.582351
-0.00951369 -0.048964 0.0554617
-0.0477196 -0.048964 -0.973613
-0.0234685 -0.00296571 0.159049
0.00641047 -0.0233889 0.502214
0.0149805 -0.048964 -0.442257
0.0129272 -0.0233889 0.671772
0.0654815 -0.0233889 0.711809
-0.0234685 0.0220454 0.461101
-0.0218074 -0.020536 -0.759273
-0.0490435 0.0173286 0.183019
0.0734167 -0.0233889 0.879619
0.0411896 -0.048964 0.267951
0.0330754 -0.0233889 0.617858
-0.0234685 0.021513 0.746062
-0.0389879 0.102888 0.327124
-0.0490435 0.0801235 0.0700866
0.0935094 -0.048964 -0.119003
0.0142289 -0.0233889 -0.828724
-0.0490435 -0.00651096 -0.91915
0.0155441 -0.048964 -0.841454
-0.0490435 -0.0458504 0.73052
-0.0234685 0.0429935 -0.260357
-0.0490435 -0.00769421 0.344856
-0.0234685 -0.00832152 0.559968
0.0935249 -0.0238784 0.314162
0.0759408 -0.0233889 0.5839
0.0134773 -0.048964 0.726599
-0.0442542 0.102888 0.12954
-0.0490435 0.102613 0.532919
0.0526136 -0.0233889 -0.767948
-0.0234685 0.0634096 0.189139
0.048308 -0.048964 -0.60996
0.0542311 -0.048964 -0.322834
0.0482954 -0.048964 -0.0895783
-0.0453321 0.102888 0.893095
-0.0184882 -0.0229254 0.0959643
0.0155273 -0.048964 0.0398492
-0.0490435 0.0170909 -0.462126
-0.0490435 0.0693047 0.317981
-0.0490435 0.0817386 -0.39724
-0.0234685 0.0516465 -0.43135
0.0847605 -0.0233889 0.679329
-0.0234685 0.0857391 0.518284
-0.0234685 0.0150146 -0.274604
-0.0490435 0.0932725 0.00341499
-0.0490435 0.0386787 -0.98117
0.0374798 -0.048964 0.700952
0.0240811 -0.048964 0.653746
0.101962 -0.0316024 0.756006
-0.0234685 0.0685591 -0.97054
0.0709738 -0.048964 0.111758
-0.0234685 0.0415513 -0.203216
0.0424998 -0.048964 0.0175203
-0.0234685 -9.90038e-05 -0.711221
0.023481 -0.0233889 -0.641514
-0.0226564 -0.0192127 0.184225
-0.0490435 0.00692687 -0.128023
-0.0205626 -0.0217698 -0.697223
-0.0234685 0.0741268 -0.346223
-0.00852928 -0.0233889 -0.870599
-0.020736 -0.048964 0.617527
-0.0234685 0.0445663 0.253842
0.0832357 -0.0233889 0.257182
-0.0234685 0.00768712 0.422633
0.00102656 -0.0233889 0.644115
-0.0490435 -0.00173372 0.875545
-0.0490435 0.0562446 -0.104211
0.0856731 -0.0233889 0.910049
-0.0420375 -0.048964 0.698853
-0.0279563 -0.048964 0.77514
-0.0234685 0.0424209 0.0152278
0.0652846 -0.048964 0.774975
-0.0490435 0.0897162 0.342766
-0.0490435 0.0499449 0.188813
0.0829069 -0.0233889 -0.526932
0.0206483 -0.048964 -0.629999
0.0672812 -0.0233889 0.934255
0.0603158 -0.048964 -0.497053
0.0677818 -0.048964 0.798809
0.0476699 -0.048964 0.677366
-0.0234685 0.0705148 -0.319813
-0.0490435 0.083696 -0.207341
0.077004 -0.0233889 0.835167
0.0953902 -0.048964 -0.823152
0.047238 -0.048964 -0.853568
-0.0330711 -0.048964 -0.0336404
-0.0317365 0.102063 0.810808
0.0732545 -0.048964 -0.891654
-0.0490435 0.0533125 0.653584
-0.0490435 -0.0396621 -0.908243
0.0922064 -0.0235771 -0.421089
0.0605161 -0.0233889 0.458054
0.0385936 -0.0233889 -0.401717
0.0786594 -0.0233889 -0.453437
-0.0490435 0.0593414 0.492909
0.0650353 -0.0233889 0.0810879
-0.0208658 -0.0215189 -0.435583
-0.0490435 0.0141314 -0.890397
0.0644848 -0.0233889 -0.430521
-0.0490435 0.027943 -0.021696
0.0135812 -0.0233889 0.200544
-0.0234685 -0.0118297 0.95938
-0.0234685 -0.00334942 -0.297774
0.0722489 -0.048964 0.348664
0.00897393 -0.048964 -0.138054
0.0331328 -0.0233889 0.0531628
-0.0490435 -0.0359158 0.566994
0.0859165 -0.048964 0.886293
-0.0490435 0.0929412 -0.63705
0.0318576 -0.0233889 -0.065716
-0.0424324 -0.048964 -0.879741
-0.0234685 0.0502845 0.343287
-0.0234685 0.0696195 0.83225
-0.0234685 0.0797296 -0.985457
0.0361811 -0.048964 -0.497289
-0.0234685 0.0128549 -0.875247
0.0504485 -0.048964 0.174566
-0.0234685 -0.00382763 -0.147508
-0.0239401 0.0935411 0.938428
-0.0490435 0.0544596 -0.289205
-0.0490435 -0.0210307 -0.123396
0.0156298 -0.0233889 0.762081
0.0804381 -0.0233889 0.105474
0.102808 -0.0446166 -0.698503
-0.0184994 -0.048964 0.0835448
-0.0490435 0.0325673 -0.794449
0.0857809 -0.0233889 0.377457
-0.0490435 -0.00143085 0.550022
-0.00840301 -0.0233889 -0.557943
0.0564736 -0.0233889 -0.549109
0.0264946 -0.0233889 -0.152764
0.0848777 -0.048964 -0.804163
-0.00669526 -0.0233889 -0.803837
-0.0201191 -0.0220926 -0.131901
-0.0490435 0.0618698 -0.872871
-0.0490435 0.0168881 0.313259
0.0806503 -0.048964 -0.262966
0.034391 -0.0233889 -0.848649
-0.0490435 -0.00663911 -0.563351
-0.039612 -0.048964 -0.485793
0.102808 -0.0383092 0.737413
-0.0388482 0.102888 -0.0271943
-0.0490435 -0.0157873 -0.991313
0.0364737 -0.0233889 0.0227886
0.0398485 -0.0233889 -0.132739
-0.0490435 0.0193537 -0.82949
-0.0224508 -0.0195935 -0.835771
-0.0490435 0.0989274 0.833161
0.0335161 -0.0233889 -0.278129
-0.0234685 0.0611328 -0.561725
-0.000139048 -0.048964 0.155392
0.0286898 -0.048964 0.48681
0.102808 -0.0363473 -0.216849
0.078556 -0.0233889 -0.022096
0.0911216 -0.0234364 0.572789
-0.0234685 0.0382336 -0.225764
0.0978506 -0.048964 0.87341
-0.0490435 0.0549111 0.744865
0.101737 -0.0310533 0.246599
-0.0234685 0.0780774 0.707642
0.0998539 -0.048964 0.566159
-0.0490435 0.0625478 -0.959668
0.102808 -0.0414122 0.706551
0.0943785 -0.048964 0.158722
0.0064176 -0.0233889 -0.122686
-0.027622 0.0995329 0.969995
-0.0234685 0.0750356 -0.693692
-0.0234685 0.0260852 -0.407346
0.00771966 -0.0233889 0.100812
-0.0419204 -0.048964 -0.410769
-0.0123175 -0.048964 -0.0678492
0.0332736 -0.048964 -0.316846
0.0670045 -0.0233889 0.477372
-0.0234685 0.0120265 -0.0530306
0.102808 -0.0374761 -0.943039
-0.0490435 0.070364 -0.158731
-0.0234685 0.0815476 0.798024
-0.0426086 0.093424 -0.998051
0.0806754 -0.0233889 -0.676915
0.101233 -0.0300272 0.820704
-0.0490435 0.0407389 -0.845817
-0.0234685 -0.00720302 0.700683
-0.0490435 -0.0182346 -0.621655
-0.0490435 0.102639 -0.427405
-0.0181744 -0.0230327 0.149935
0.0122946 -0.0233889 -0.582547
0.102795 -0.0355988 -0.280859
-0.0234685 -0.010094 -0.114544
0.0938033 -0.0239612 -0.659823
-0.0490435 -0.032109 -0.547832
-0.0490435 0.0437121 -0.410709
-0.0490435 -0.0368308 0.160629
0.018897 -0.048964 0.0773547
0.0255056 -0.0233889 -0.00605473
-0.0234685 -0.00675101 0.645863
0.00216311 -0.048964 -0.889079
-0.0490435 -0.00729043 -0.284961
-0.0490435 0.033562 0.929239
-0.000441972 -0.048964 -0.993025
-0.0490435 0.0883554 0.364362
-0.0234685 -0.0109192 0.792302
0.0658136 -0.0233889 0.694018
0.0657009 -0.0233889 -0.720752
-0.0490435 0.00958567 -0.726027
0.0220136 -0.048964 0.838661
-0.00768661 -0.0233889 0.341283
0.0239325 -0.0233889 -0.340346
-0.0490435 0.085013 -0.742141
-0.0342132 0.102724 -0.375281
-0.0490435 0.0363959 0.00665014
-0.0321422 0.102208 -0.653562
-0.0234685 0.0563763 0.650257
0.0187066 -0.048964 -0.197164
0.0443435 -0.0233889 -0.236807
-0.0490435 -0.0326056 0.452127
-0.0490435 0.0166845 -0.248632
0.0387038 -0.0429684 -0.998051
-0.0314878 0.101966 -0.142211
0.0473076 -0.048964 0.424792
-0.0490435 -0.00153811 -0.0776101
0.017151 -0.0233889 0.904227
-0.0235092 0.0911205 -0.0894955
0.029586 -0.048964 0.942682
-0.0236548 0.0922754 0.62072
-0.0234685 -0.00759618 -0.188155
-0.0234685 0.0698422 0.550083
0.0702684 -0.0358219 -0.998051
0.0212088 -0.048964 -0.0692212
-0.0490435 0.0220305 -0.182366
0.0848406 -0.0233889 -0.277838
-0.0234685 0.0590347 -0.893721
-0.0234685 0.0723825 0.489715
0.0454666 -0.0233889 -0.691526
0.0210428 -0.048964 0.309955
-0.0234685 0.0270325 0.511613
-0.0234685 0.0721592 -0.845028
0.00830973 -0.0233889 -0.918291
-0.0234685 0.0226265 0.290751
0.0843431 -0.0233889 -0.81824
-0.0234685 0.0477787 0.580914
0.00554244 -0.048964 -0.297832
-0.0490435 -0.000246984 0.439967
0.0268346 -0.048964 -0.167958
-0.00475402 -0.0369725 1
-0.0234685 0.0804035 -0.379139
-0.0234685 -0.00194712 -0.27965
-0.0490435 0.0463977 0.0599707
-0.0490435 -0.033423 -0.0935208
0.0195758 -0.0233889 0.151785
-0.0490435 -0.0272926 0.398419
0.0667863 -0.0233889 0.0117194
-0.0490435 -0.0143017 -0.379541
-0.0490435 -0.0274099 0.21367
-0.0490435 0.0847696 -0.359984
0.0864942 -0.048964 -0.350899
0.0424017 -0.0233889 -0.631189
0.102446 -0.0331523 0.630824
0.0335172 -0.048964 0.978142
-0.0234685 -0.00402676 0.925481
0.0241124 -0.0233889 -0.70707
-0.0234685 -0.00804837 -0.218335
0.00161272 -0.0233889 0.396703
-0.0234685 0.0622139 0.104839
0.102808 -0.0460332 -0.0844899
-0.0234685 0.0114826 0.560209
-0.0234685 0.0779127 -0.191122
0.102323 -0.0326873 -0.717506
-0.0234685 0.0330116 -0.505422
-0.0490435 0.0819563 -0.623831
-0.0490435 0.0526196 0.313329
-0.0490435 0.0721402 0.666949
-0.0490435 0.00749704 -0.984521
-0.00631588 -0.048964 -0.697257
-0.0490435 0.068298 0.730223
-0.0234685 0.0386259 0.822418
-0.0490435 0.0608843 0.0729816
-0.0490435 0.0733365 -0.236231
-0.0234685 0.0566931 -0.670086
0.0141656 -0.048964 -0.474018
-0.0234685 0.0727903 0.0560002
-0.013242 -0.0233889 0.424588
0.0384822 -0.048964 0.101298
-0.0403017 0.076638 1
-0.0234685 0.0686241 0.37037
-0.00124406 -0.0233889 -0.184493
-0.033414 -0.048964 0.670035
0.0281617 -0.048964 -0.923491
0.08628 -0.0233889 -0.120981
-0.0234685 -0.000826135 0.285129
-0.0490435 0.0780005 0.963926
-0.0490435 0.0281407 0.367923
0.0864017 -0.0233889 0.553379
-0.0490435 0.0647098 0.136097
-0.0490435 0.0906435 -0.717015
0.0485915 -0.048964 -0.214487
-0.0490435 0.00146654 -0.546484
0.0923838 -0.048964 -0.42874
0.0528453 -0.048964 0.29834
0.0205481 -0.0233889 0.562615
-0.0490435 0.0501786 -0.61121
-0.0304437 0.101491 0.190804
-0.0235903 0.0918611 0.0270197
-0.0234685 0.00405774 -0.605289
-0.0234685 -0.00321539 -0.351414
-0.0490435 0.0668659 -0.67348
-0.0490435 -0.0368217 -0.263427
0.0852777 -0.0233889 -0.221476
0.0552183 -0.048964 -0.662322
-0.0231093 -0.0181039 0.618974
-0.048776 -0.048964 0.904824
-0.0490435 0.065584 0.758376
-0.0490435 0.0424959 -0.930264
0.0827985 -0.048964 0.177641
-0.0234685 0.0196531 0.49582
0.069569 -0.0233889 -0.981145
0.0432789 -0.0233889 -0.736631
0.096177 -0.048964 -0.646329
-0.0310189 0.101766 -0.708952
0.0126548 -0.048964 0.427927
-0.0490435 -0.0325337 0.921986
-0.0490435 0.0106071 0.523087
-0.0490435 -0.00753375 0.170518
-0.0133064 -0.048964 -0.856488
-0.0153307 -0.0233889 -0.403347
0.0645037 -0.048964 -0.18709
0.010502 -0.0233889 0.942731
-0.0490435 0.0887228 0.616953
0.0840621 -0.048964 0.851819
-0.0472862 -0.048964 0.128179
-0.0115217 -0.048964 -0.729558
0.0100015 -0.048964 0.780651
-0.0490435 0.031354 -0.550607
-0.0490435 0.102501 -0.283922
-0.0490435 0.0572337 -0.55466
-0.0234685 0.0192342 0.840737
-0.0278778 -0.048964 -0.00475435
-0.0234685 -0.0119362 0.536414
0.060037 -0.0233889 0.0329117
-0.0490435 -0.0192429 -0.101965
0.0723074 -0.0233889 0.407014
-0.0376122 -0.048964 0.615098
0.0851878 -0.0233889 0.820774
-0.0234685 0.069647 0.224456
0.102808 -0.0480213 0.0956439
-0.0234685 -0.0136618 0.84931
-0.0206716 -0.048964 0.811797
0.0517685 -0.048964 -0.945835
0.0405879 -0.0233889 -0.368365
0.0861725 -0.048964 -0.289668
0.0440289 -0.0233889 0.12949
-0.0490435 -0.0239511 -0.413542
-0.0234685 0.0771419 -0.298232
0.0403717 -0.048964 -0.890799
0.0348852 -0.0233889 0.251919
0.0256507 -0.048964 0.132664
0.0828835 -0.0233889 0.66143
0.0570823 -0.048964 -0.339266
0.0658424 -0.0233889 0.209755
-0.0234685 0.0225216 -0.305697
0.0572464 -0.0233889 -0.572883
-0.0490435 0.0867489 -0.840402
-0.0369991 0.0325605 -0.998051
0.0876009 -0.048964 -0.396459
-0.0234685 0.056939 0.735909
-0.0234685 0.0179993 0.590954
-0.0234685 0.0472586 0.198543
0.00557718 -0.048964 0.832252
-0.0232325 -0.0176744 -0.547939
0.0874317 -0.0233889 -0.768842
-0.0234685 -0.0045805 0.215693
0.0578426 -0.0233889 -0.660539
0.0123973 -0.0233889 0.322181
0.0624146 -0.048964 -0.0812764
-0.0490435 0.0597335 0.98048
0.0513047 -0.048964 0.0889944
-0.0490435 0.0750129 0.335574
-0.0279828 0.099851 -0.959464
0.0807203 -0.048964 0.314945
-0.0490435 0.0190904 0.200457
0.0685163 -0.0233889 -0.17424
0.0591659 -0.048964 -0.734082
-0.0490435 0.0197163 0.27777
0.0833618 -0.048964 0.717009
-0.0368948 0.102888 -0.933699
0.088044 -0.048964 0.0886716
-0.0490435 0.0883647 0.768953
0.0774512 -0.0233889 0.741562
-0.0234685 0.0460735 0.764868
-0.0490435 -0.00424809 0.305294
-0.0234685 -0.00281801 0.880468
-0.0490435 -0.0375125 0.344197
-0.0490435 -0.0346341 -0.780227
0.0841853 -0.048964 0.145137
-0.0490435 0.0206706 -0.514987
0.0212458 -0.048964 0.401111
-0.0490435 0.0331051 0.229629
0.00631897 -0.0233889 -0.537508
0.096938 -0.048964 0.258519
-0.0490435 0.0523303 -0.4733
-0.0120825 -0.048964 0.00178619
-0.00454078 -0.048964 0.478948
-0.0234685 0.0849563 0.347115
-0.0234685 -0.00490602 -0.794232
0.0927783 -0.048964 -0.731775
-0.0234685 0.069185 -0.205278
-0.0490435 0.0057274 0.229695
-0.00400591 -0.0233889 -0.243452
-0.00536836 -0.048964 0.916775
-0.0234685 0.0233746 -0.372727
-0.0490435 0.0996551 0.797158
-0.0234685 -0.0065776 -0.853615
0.0303924 -0.048964 0.62973
0.00911981 -0.048964 -0.27155
-0.0236427 0.092204 0.0472642
0.0888281 -0.0233889 0.280676
-0.0234685 0.0499343 -0.39526
-0.0234685 0.0275564 -0.909372
-0.0189726 -0.0227287 -0.619122
-0.0113963 -0.048964 0.204308
0.0242176 -0.048964 -0.100696
0.0537409 -0.0233889 0.813756
-0.0234685 0.0471296 -0.524858
0.0514541 -0.0233889 -0.820194
0.000270634 -0.0233889 0.415638
-0.0490435 0.0524371 0.558915
0.102808 -0.0366539 0.531409
-0.0485019 0.102888 0.577037
-0.0490435 -0.00249298 0.827465
-0.0490435 0.0915499 -0.763494
-0.00424768 -0.048964 0.940452
0.10124 -0.0300411 -0.248496
0.102503 -0.0333983 -0.792347
0.00299724 -0.048964 0.647204
0.0284763 -0.0233889 -0.118254
-0.0490435 -0.00212253 -0.863378
-0.0234685 -0.000500097 -0.39532
-0.0490435 -0.0148181 0.427386
0.00448553 -0.048964 0.813966
0.0619128 -0.0233889 -0.344518
-0.0490435 -0.0314598 -0.0275661
-0.0307268 0.101631 -0.439798
0.0372808 -0.048964 0.787024
0.0563477 -0.0233889 -0.598002
0.0693502 -0.048964 0.450315
-0.0077748 -0.048964 0.42068
-0.0298583 0.101172 -0.202709
-0.0490435 0.0645316 -0.848245
-0.0349001 0.102816 0.700418
-0.0357007 0.102876 -0.479821
-0.0234685 0.0517246 -0.586428
0.0751579 -0.0233889 0.334956
-0.0490435 0.0433811 -0.25003
-0.0234685 0.0253015 0.872511
-0.0234685 0.017038 -0.704895
0.0413918 -0.0233889 0.351044
0.0572427 -0.048964 0.127999
-0.0490435 -0.0295952 0.112037
0.0126221 -0.048964 -0.536665
-0.0490435 0.0893445 0.42012
-0.0490435 0.0563777 0.610563
0.0237152 -0.048964 0.760889
-0.014575 -0.048964 -0.639307
-0.0234685 0.0889115 -0.790364
0.071661 -0.048964 0.585568
0.10146 -0.0304604 -0.166104
-0.0490435 0.00501571 -0.593631
-0.0490435 -0.0450468 0.828822
-0.0490435 -0.0287616 0.834208
-0.0236212 0.0920709 0.906065
0.0132133 -0.0233889 -0.357802
0.0667902 -0.048964 -0.809308
0.05531 -0.048964 0.832704
0.0712084 -0.048964 0.975626
-0.0490435 -0.0449785 -0.536448
0.0844003 -0.048964 -0.199206
-0.0490435 0.0874985 0.585815
-0.0234685 0.0127514 0.726427
-0.0234685 0.046997 0.418356
0.0514774 -0.048964 0.3449
-0.0490435 0.0150445 0.733508
0.0916186 -0.0234892 0.436341
-0.0490435 0.0466597 -0.877926
0.026827 -0.0233889 -0.557554
-0.0340777 -0.048964 -0.780888
0.0765346 -0.0233889 -0.398968
-0.0490435 0.0642957 0.870316
-0.0490435 0.0707996 -0.933807
-0.0234685 0.0124224 -0.248467
-0.0234685 0.0800686 -0.588203
-0.0348683 0.0561336 1
0.0341296 -0.0233889 0.87183
0.102808 -0.0478824 0.336454
-0.0234685 -0.0111069 0.749474
0.0311577 -0.0233889 0.655996
0.0978358 -0.0260549 0.789836
-0.0234685 0.0763017 -0.623003
-0.0490435 0.0371615 -0.640746
-0.0490435 0.0858346 0.645491
-0.0234685 0.0464657 -0.4649
-0.0490435 -0.0309775 0.145628
-0.0234685 0.0464195 -0.158847
-0.00893565 -0.048964 0.847568
-0.0234685 0.0736846 -0.441975
0.00458629 -0.0233889 0.0434369
-0.0490435 0.00662981 0.361153
-0.0490435 0.0107084 0.818503
-0.0288924 -0.048964 0.180611
-0.0234685 0.0472044 0.897529
0.0187139 -0.048964 0.240029
0.00224142 -0.0233889 -0.839801
0.0180899 -0.048964 0.700237
0.0615952 -0.0233889 -0.497005
-0.0234685 -0.00274199 -0.570485
0.0469216 -0.0233889 0.848372
0.0489006 -0.048964 0.510649
-0.0234685 0.0374276 -0.0898717
-0.0234685 0.081097 -0.224192
0.102808 -0.0381357 -0.378239
-0.0490435 -0.0477773 -0.122356
0.0767522 -0.048964 -0.964159
-0.0234685 0.0869183 0.83241
0.0338711 -0.0233889 0.198011
-0.0490435 -0.0117616 0.0520262
-0.000357885 -0.0233889 0.841996
0.0876332 -0.048964 -0.335052
-0.0490435 0.0703209 -0.0538966
-0.0490435 -0.0401255 0.789916
-0.0224689 -0.0195618 0.721648
-0.00727285 -0.0233889 -0.0135518
0.0436949 -0.0233889 -0.47246
-0.0490435 0.0618469 0.420035
0.0651593 -0.048964 0.144475
-0.00257404 -0.0233889 -0.0727749
0.0700568 -0.048964 0.905115
-0.0341399 0.102712 0.264846
-0.0234685 0.0634834 0.32452
-0.0490435 0.0863046 0.863433
0.0847627 -0.0233889 -0.0517184
-0.0234685 0.0257835 0.658817
-0.0490435 0.0208956 0.556351
-0.0490435 0.0958464 -0.690895
0.0308579 -0.048964 -0.437257
-0.0234685 0.031611 -0.565926
-0.04073 0.102888 0.29503
-0.0116628 -0.0233889 0.276477
-0.0490435 0.0668643 0.927537
-0.00950497 -0.0233889 0.204586
-0.0229797 -0.0184765 0.32698
-0.0412705 -0.048964 0.972036
0.000958355 -0.048964 0.225371
0.0613626 -0.048964 -0.165363
-0.0234685 0.0319748 0.447719
-0.0234685 0.0475269 -0.106917
-0.0234685 -0.012173 0.983689
0.0356216 -0.048964 0.151598
0.0574702 -0.0233889 -0.752278
0.000771557 -0.0233889 0.792104
-0.00795149 -0.0233889 -0.706573
-0.0490435 0.0145535 0.899891
0.0574238 -0.0233889 0.661058
0.0911926 -0.0234427 0.224372
-0.0234685 0.00250392 -0.658075
-0.0234685 0.0438731 0.0990983
-0.0472469 0.102888 0.670249
0.0533522 -0.0233889 0.0509884
0.0664115 -0.048964 0.039834
-0.00317735 -0.048964 0.291456
-0.0490435 0.0957722 -0.853687
-0.0490435 -0.0102335 -0.191344
-0.0490435 -0.0173111 -0.64965
-0.0490435 -0.0350429 0.0290634
0.0230386 -0.048964 0.991683
0.0670275 -0.0233889 -0.932162
-0.0346075 -0.048964 0.482908
-0.0100379 -0.0233889 0.523623
-0.0234685 0.0125961 -0.350208
-0.0490435 0.0640131 -0.655296
-0.0234685 0.0360988 0.624069
-0.0234685 0.0652672 -0.610542
0.0296245 -0.048964 -0.225887
-0.0234685 0.0182193 -0.513653
0.0523484 -0.0233889 0.907788
-0.0234685 0.0792377 -0.914938
-0.00648896 -0.0233889 -0.573888
0.102383 -0.0329048 0.599031
-0.020482 -0.0218321 0.482613
-0.0490435 0.0143864 -0.66521
-0.0490435 0.0816296 -0.286638
0.0894675 -0.048964 -0.496821
0.0363127 -0.048964 0.455132
-0.0490435 0.0226505 0.691006
-0.0234685 0.0505067 -0.700903
0.0590809 -0.0233889 -0.299792
-0.0234685 0.0471146 0.676082
-0.0234685 0.0774965 -0.117807
-0.0237975 0.0929826 -0.345775
-0.0490435 0.0656449 -0.336717
0.0384872 -0.048964 0.184709
0.102315 -0.0326604 -0.392925
0.00703121 -0.048964 0.683913
-0.0490435 0.0106592 -0.935022
0.067942 -0.0233889 0.984019
0.0940297 -0.0240336 0.945397
0.0857725 -0.048964 -0.0662286
-0.0490435 0.026181 -0.140446
-0.0360084 -0.048964 -0.830063
0.0813952 -0.048964 -0.365691
-0.00499192 -0.048964 0.563906
-0.019827 -0.0222798 -0.301246
-0.0490435 0.00445734 -0.340107
-0.0234685 0.0589447 0.008615
0.074133 -0.0233889 0.120545
0.0877075 -0.0233889 -0.55956
-0.0264449 0.0983017 0.356655
-0.0490435 0.090047 -0.591975
-0.0216987 -0.048964 -0.16258
-0.0302748 -0.048964 -0.313946
0.100353 -0.0286425 0.976543
-0.0120669 -0.048964 -0.356289
-0.0490435 0.0512481 0.475614
0.00117193 -0.048964 0.343758
-0.00386884 -0.048964 -0.918407
-0.0459321 -0.048964 -0.0648443
0.0189309 -0.0233889 -0.208565
0.0736043 -0.048964 0.569531
0.0690481 -0.048964 0.247305
-0.0490435 -0.0394533 0.936003
0.0421158 -0.0233889 -0.034362
-0.0234685 0.0136352 -0.688183
-0.0234685 -0.0123338 -0.966615
-0.0234685 0.0617684 -0.90904
-0.0234685 0.0875304 0.984759
-0.0490435 0.0533778 -0.764912
-0.0110737 -0.0233889 0.128367
0.00917847 -0.048964 0.538862
-0.0234685 0.00180619 0.0304862
0.0876992 -0.048964 -0.136952
0.0114616 -0.0233889 -0.0248576
0.0306647 -0.0233889 0.377273
0.0641743 -0.048964 0.634978
-0.032193 -0.048964 -0.472148
-0.0490435 -0.0358319 0.264563
-0.0490435 0.0992436 0.0446308
-0.0490435 0.060748 -0.790995
-0.0490435 0.0868803 0.0848693
0.0162028 -0.0233889 -0.0915145
-0.0141036 -0.048964 0.235812
-0.0490435 -0.0106365 -0.246505
0.084308 -0.0233889 -0.953274
-0.0490435 0.0290236 0.125765
0.0837458 -0.048964 -0.74904
-0.0342557 0.10273 -0.00336781
-0.0234685 0.0853465 0.727365
-0.0234685 0.00819385 0.238133
0.0661107 -0.048964 0.873414
-0.0490435 0.0500165 -0.516585
-0.0490435 0.0101805 0.581445
-0.0337131 0.102632 0.59421
-0.00123905 -0.048964 -0.59254
-0.0234685 0.0569071 0.913612
0.075477 -0.0233889 -0.206454
0.0833202 -0.048964 -0.519301
-0.0490435 -0.0175533 0.821227
-0.0490435 -0.0136718 -0.318409
-0.0490435 0.0633836 -0.90699
0.101631 -0.0308171 -0.304856
0.0382815 -0.048964 -0.291378
-0.0490435 -0.0191955 -0.0594038
-0.0234685 0.0377218 0.277901
0.0376517 -0.048964 -0.722037
0.101276 -0.0301076 0.425194
-0.0490435 0.0670843 0.22574
-0.0490435 0.0711078 -0.177793
0.0555073 -0.0233889 -0.903144
-0.0234685 0.0661317 -0.371791
0.0909056 -0.048964 0.129696
0.0578727 -0.048964 0.206128
-0.0490435 -0.0126957 0.734035
-0.0435376 0.102888 -0.52464
0.0163738 -0.048964 -0.387594
-0.0490435 0.0782464 -0.475171
-0.0317798 0.102079 -0.170288
0.0351034 -0.048964 0.82514
-0.0490435 0.0412506 -0.22904
-0.034029 -0.048964 -0.383044
-0.0234685 0.056623 0.885329
-0.0490435 0.0520758 0.89908
-0.0490435 0.0750306 0.789144
-0.0234685 0.0810623 0.454948
-0.0352009 -0.048964 0.103333
-0.00691293 -0.048964 0.717435
-0.0143325 -0.0233889 -0.496075
-0.0344295 -0.048964 -0.938351
-0.0234685 0.0484497 -0.312443
-0.0451968 -0.048964 -0.45641
-0.0490435 0.0295852 0.299306
0.0693988 -0.048964 -0.833176
0.0887958 -0.048964 -0.693898
-0.0234685 0.07752 0.0859668
0.0145416 -0.048964 -0.249264
-0.0234685 0.0637923 0.038736
-0.0490435 -0.0450779 -0.518683
-0.0234685 0.0735481 0.857876
-0.0490435 0.02404 0.386701
0.0294996 -0.0233889 0.454059
-0.0346404 0.102785 0.9061
0.0359409 -0.048964 -0.687767
-0.0225587 -0.0194001 -0.818918
0.0528673 -0.0233889 0.72412
0.0874912 -0.0233889 0.194842
-0.0234685 0.0708297 -0.868053
-0.0234685 0.0884564 0.651145
0.0639879 -0.048964 0.0133489
-0.0311407 -0.048964 0.646258
-0.0341482 -0.048964 -0.586664
0.0674635 -0.048964 0.177352
0.102347 -0.0327741 0.27845
0.0222142 -0.048964 0.274362
0.0161568 -0.0233889 0.853395
0.102462 -0.0332222 -0.807763
-0.0359234 -0.048964 0.213467
0.0700803 -0.0233889 0.427091
0.0643228 -0.048964 -0.517304
-0.0248896 0.0959591 -0.297068
-0.0131269 -0.0233889 -0.368351
-0.0490435 0.0340431 0.96488
-0.0490435 0.0614649 -0.384039
-0.0234685 -0.00934366 -0.0773899
-0.0234685 -0.00446416 0.125012
0.0870831 -0.048964 0.0574628
-0.0490435 0.0905321 -0.379285
0.102662 -0.0342491 -0.523123
-0.0490435 -0.000850476 -0.0953546
-0.0234685 0.0255353 0.913256
-0.0490435 0.0604778 0.714588
-0.0234685 0.0142673 -0.80819
-0.0490435 -0.00795108 -0.219415
0.000974167 -0.0233889 0.87637
0.0226317 -0.0233889 -0.860412
0.0987021 -0.0267873 -0.582379
-0.0490435 0.0424701 0.338049
0.0268103 -0.048964 0.567564
-0.0234685 0.0225551 -0.632939
-0.0490435 0.0520841 -0.197789
-0.0348356 0.102809 0.0723423
-0.0332972 -0.048964 0.920131
-0.0490435 0.0590403 0.948848
0.0156597 -0.0233889 0.593078
-0.0490435 -0.0072637 0.260707
-0.0198094 -0.048964 -0.573521
0.0143336 -0.048964 0.184255
-0.0490435 0.0583823 -0.0398618
0.0313902 -0.0233889 0.546718
0.102808 -0.0393664 -0.265458
-0.023335 -0.048964 0.436767
-0.0490435 0.0605787 0.346965
-0.0490435 0.0139996 -0.0418855
-0.0490435 -0.0453424 -0.599453
-0.0490435 -0.0269534 0.763585
-0.0234685 0.0316178 0.0800498
0.00906186 -0.048964 -0.704887
-0.0234685 0.0644497 -0.50042
0.0300404 -0.0233889 0.840408
-0.0234685 0.0587207 0.623502
0.0451509 -0.048964 -0.761429
-0.0234685 0.0754502 -0.817684
0.0887588 -0.048964 -0.028759
0.101693 -0.0309524 -0.553036
-0.0234685 0.0716623 0.354547
0.00419045 -0.048964 -0.190614
-0.0100592 -0.048964 0.589052
-0.0490435 0.0246363 -0.814498
0.102808 -0.0373851 -0.889287
-0.0490435 0.0752092 -0.418544
-0.0236216 0.0920734 0.379221
0.0452029 -0.0233889 0.514251
0.0309807 -0.0233889 -0.103273
-0.0490435 -0.0383005 -0.33262
-0.0039768 -0.048964 0.861923
-0.0490435 0.0307637 -0.612593
0.0837514 -0.0233889 0.607077
0.0973429 -0.0256928 -0.99297
-0.0362894 -0.048964 -0.728884
-0.0234685 0.0894981 -0.571104
0.0715451 -0.048964 0.402531
-0.0329769 -0.048964 0.98923
-0.00360942 -0.048964 0.174296
0.0398595 -0.048964 -0.525001
0.0657689 -0.048964 0.70613
-0.0332103 -0.048964 -0.546415
-0.00724881 -0.048964 -0.547355
0.0928444 -0.048964 -0.985553
-0.0234685 -0.0140955 0.501949
-0.0234685 0.0103892 0.632732
-0.0490435 0.0337881 0.85671
-0.0380328 -0.048964 0.762278
-0.0490435 0.0261626 -0.722673
0.015521 -0.048964 -0.747458
0.0764631 -0.048964 -0.618234
-0.0386142 0.058452 -0.998051
-0.0378818 0.102888 -0.639386
0.0628594 -0.0233889 -0.780202
-0.0234685 -0.00358334 0.441467
-0.0449325 -0.048964 -0.859713
-0.0490435 0.029009 0.635676
-0.0234685 0.0651643 0.468952
-0.037601 -0.048964 -0.710019
-0.0234685 0.0288454 0.260429
-0.0286184 -0.048964 -0.0895627
-0.0490435 0.095781 0.159967
-0.0234685 0.0448896 0.51224
0.0223277 -0.0233889 0.884005
-0.0234685 0.0439563 0.961589
0.0497046 -0.048964 -0.59493
-0.0490435 -0.0247066 0.71587
0.0625778 -0.048964 0.681746
0.0324593 -0.0233889 -0.504764
-0.0385053 0.0184845 1
0.100883 -0.048964 0.225688
-0.0490435 0.0815967 -0.87064
-0.0234685 0.0392731 -0.769431
0.0766256 -0.0233889 -0.233815
-0.00781593 -0.0233889 0.695609
-0.0490435 -0.013393 0.693102
0.102609 -0.0339294 -0.0672773
-0.00119335 -0.0233889 -0.106966
0.0544312 -0.048964 0.928398
0.061609 -0.0233889 0.377433
0.0503783 -0.048964 0.443914
-0.0490435 -0.0435504 0.391679
0.00500681 -0.048964 0.376372
0.089649 -0.048964 0.926557
0.0146658 -0.0233889 -0.723764
-0.0490435 0.0891658 0.229572
-0.0160623 -0.048964 0.740091
-0.0490435 0.0294182 0.462614
0.0458304 -0.0233889 0.600554
-0.0490435 0.021858 -0.639349
0.0824516 -0.0233889 0.52018
0.00907953 -0.048964 -0.16058
0.0658422 -0.048964 0.288411
-0.0490435 0.0567076 -0.584885
-0.0490435 -0.0125297 0.198074
-0.0490435 -0.0233316 -0.841428
0.0850924 -0.048964 0.492153
-0.0490435 -0.0335287 0.284575
0.00113647 -0.0233889 0.733863
0.073158 -0.048964 -0.569658
-0.0490435 0.0140718 -0.41735
0.0717409 -0.048964 0.364528
-0.0234685 0.000859748 -0.730481
0.101038 -0.0296845 -0.843311
-0.0490435 0.0492447 0.163844
-0.0490435 0.0357923 0.504225
0.00688622 -0.048964 -0.650316
0.0521186 -0.048964 0.85026
-0.0490435 -0.0489375 0.421803
0.0252817 -0.048964 -0.907146
0.0115676 -0.048964 0.0193845
-0.0490435 0.0583926 -0.924347
0.0135259 -0.048964 -0.0537889
-0.0490435 -0.00571337 0.608674
0.01511 -0.0233889 0.290456
-0.0490435 0.0933022 -0.23998
-0.0103628 -0.048964 0.456747
0.0434088 -0.048964 0.325858
-0.0490435 0.0437758 -0.685644
-0.0234685 0.0585415 0.128081
-0.0363902 0.102888 0.764586
-0.0490435 -0.0423729 0.0838836
0.0107076 -0.0233889 -0.608091
0.0757915 -0.048964 0.951263
-0.0199427 -0.048964 0.793672
-0.0490435 0.0765433 0.288877
0.101612 -0.0307762 -0.13206
0.0180983 -0.0233889 0.35076
-0.035473 0.102864 0.731212
0.0474181 -0.0233889 0.741823
-0.0234685 0.0491352 -0.730897
0.0435744 -0.0233889 -0.953448
-0.0234685 0.00374997 -0.484739
-0.0234685 0.0890129 -0.0636103
-0.0268892 -0.0378935 -0.998051
0.0928871 -0.048964 0.805192
0.0574876 -0.048964 -0.680528
-0.0404064 0.102888 0.922776
-0.0490435 -0.0383169 0.436967
-0.0490435 0.0287705 -0.0365744
-0.0490435 0.071369 0.258068
-0.0234685 -0.00932866 -3.6684e-05
-0.0490435 0.0844732 -0.98653
-0.027799 0.0730739 -0.998051
0.0540228 -0.0233889 -0.167112
0.0821883 -0.048964 -0.164595
-0.0234685 0.0396633 0.0571085
0.102803 -0.0358138 -0.196392
0.0579858 -0.0233889 -0.378265
-0.00539808 -0.0233889 0.805801
-0.0490435 0.00958527 0.46458
-0.0234685 0.0218184 0.155349
0.0789926 -0.0233889 -0.151085
-0.0490435 -0.045524 -0.568687
0.0155355 -0.0233889 0.986918
0.015358 -0.0233889 0.738547
-0.0234685 0.047489 -0.658274
-0.00520832 -0.0233889 -0.885079
0.0518349 -0.0233889 0.223449
0.102808 -0.0455633 -0.957344
0.0132762 -0.0233889 0.0245652
-0.0234685 0.087149 -0.00343357
0.0682591 -0.048964 0.825226
0.0874396 -0.0233889 0.874765
-0.0490435 -0.0404451 -0.154771
0.0405676 -0.0233889 -0.601254
-0.0490435 0.0545356 -0.154882
-0.0490435 -0.0127203 -0.478403
-0.0490378 -0.0162917 1
0.0875668 -0.048964 0.593542
-0.0490435 0.0233969 0.608173
0.0031115 -0.0233889 -0.413651
-0.0234685 0.087772 0.784562
-0.0234685 0.0173041 0.208536
-0.0236034 0.0919534 -0.411467
0.0536977 -0.048964 0.397919
-0.0158386 -0.0233889 -0.0846896
-0.0490435 0.0887559 0.177553
-0.0234685 -0.00467158 -0.325158
-0.0490435 -0.0356528 0.890936
0.0898926 -0.048964 0.293271
-0.0234685 0.0220695 -0.0645805
-0.0234685 0.05154 -0.345778
-0.0316979 -0.048964 -0.61822
0.0958435 -0.0247915 0.405713
-0.036189 -0.048964 -0.847283
-0.0228595 -0.048964 0.270688
0.0235492 -0.048964 -0.8748
-0.0234685 0.0855606 0.950881
0.0919162 -0.048964 -0.465312
-0.0490435 0.0163322 0.932268
-0.0490435 0.0510839 -0.817059
0.00614415 -0.048964 -0.963217
-0.0490435 0.0649321 0.159514
-0.0490435 0.0321469 0.904913
-0.0234685 -0.00353213 -0.058291
-0.0490435 0.0182239 -0.223051
-0.0303898 -0.048964 0.583702
-0.0346197 0.102783 -0.906385
-0.0335674 -0.048964 -0.923283
-0.00581437 -0.0233889 0.0669951
-0.0490435 0.0451754 -0.35829
-0.0234685 0.0750045 0.427253
0.102105 -0.0319953 0.0569365
-0.0290984 0.100697 -0.322826
0.0757022 -0.0233889 -0.806281
-0.0201101 -0.0220986 0.390137
-0.0490435 0.040543 -0.0652673
-0.0234685 0.0714456 0.171696
0.0171692 -0.048964 0.508981
-0.0490435 0.0431213 0.266
-0.0234685 0.0316058 0.949517
-0.0224749 -0.048964 -0.519954
-0.000355654 -0.0233889 -0.673
-0.0490435 -0.0141711 0.477224
0.0312209 -0.048964 -0.274286
-0.0234685 -0.00880625 0.338768
-0.0490435 0.0423149 -0.655316
0.0665496 -0.048964 -0.238424
0.0516237 -0.048964 0.898635
0.0262832 -0.048964 0.915412
-0.0234685 0.0520576 -0.379243
0.0243972 -0.048964 -0.30512
-0.0441425 -0.048964 -0.803928
0.0551571 -0.048964 -0.546902
-0.0490435 0.0444978 0.635643
-0.0364953 -0.048964 -0.755515
-0.0234685 0.0491881 0.287724
0.0215338 -0.048964 -0.417728
0.00975235 -0.0233889 0.470965
0.0977749 -0.048964 0.904259
-0.0159785 -0.0233882 0.0805315
-0.0234685 0.00965285 0.940924
-0.0234685 0.0264744 -0.0283539
0.0714605 -0.048964 0.0970813
-0.0225298 -0.0194532 -0.868574
0.0342455 -0.048964 0.7262
-0.02102 -0.0213807 -0.681257
0.102466 -0.0332362 -0.609822
0.0611641 -0.0233889 -0.279832
-0.0234685 0.0348548 0.609319
-0.0490435 -0.0359205 0.303116
-0.0490435 0.0672826 -0.0936445
0.0268268 -0.048964 0.211221
-0.0490435 0.0910922 0.477422
-0.0490435 0.0401853 0.144627
-0.0383954 -0.048964 -0.169743
-0.0410899 0.102888 -0.493881
0.0657161 -0.0233889 -0.326977
0.0325858 -0.0233889 -0.904825
-0.00630283 -0.0233889 -0.212363
0.0631933 -0.048964 -0.218249
0.00425634 -0.0233889 0.537085
-0.0490435 -0.0339086 -0.924712
-0.0234685 0.0199233 0.806717
0.0649847 -0.0233889 0.306837
0.00447036 -0.048964 0.627305
-0.0490435 -0.037164 -0.301311
0.0348659 -0.048964 0.0380471
-0.0344018 0.0939857 1
0.0156347 -0.0233889 0.424469
0.0499402 -0.0233889 0.101375
0.0658424 -0.048964 -0.474495
-0.0301774 0.101351 0.846726
0.100003 -0.0281838 -0.102549
-0.0490435 -0.00726606 -0.902342
0.0075784 -0.048964 0.713191
-0.0345746 0.102777 0.781226
0.0629378 -0.0233889 -0.67723
-0.0490435 0.0885136 0.548053
0.0243076 -0.0233889 -0.306784
-0.0234685 0.0471962 0.39472
-0.0200482 -0.0221398 0.552067
-0.0490435 0.0822391 -0.564217
0.0125091 -0.048964 0.478292
-0.0234685 0.00396433 -0.455895
0.10276 -0.0350686 0.315887
0.102342 -0.048964 0.934673
0.0676671 -0.0233889 -0.949383
0.102429 -0.0330857 -0.476536
0.0861138 -0.048964 0.659452
0.0513624 -0.0233889 -0.927112
0.00825276 -0.048964 0.799088
-0.0490435 0.00161458 0.41299
-0.0234685 0.0457376 -0.943677
0.0646404 -0.0233889 0.491773
-0.000846478 -0.0233889 0.762407
0.0881196 -0.0233889 -0.478235
-0.0490435 0.00832168 -0.694444
0.0434315 -0.048964 0.19843
-0.0490435 0.0806422 -0.447153
-0.0166191 -0.048964 -0.96303
0.0259825 -0.0233889 -0.656102
0.0582394 -0.0233889 -0.627657
0.000720741 -0.0233889 0.265912
-0.00991733 -0.048964 -0.832584
0.0505555 -0.0233889 0.399587
-0.0100358 -0.048964 -0.41427
-0.0490435 0.0460008 0.421122
0.063596 -0.048964 -0.0232684
-0.0234685 0.0198546 -0.320592
0.045292 -0.0233889 0.6291
-0.00598351 -0.0233889 -0.151638
-0.0234685 0.0709951 0.152417
-0.0339982 0.102687 -0.752242
0.0372137 -0.048964 0.866354
-0.0183156 -0.048964 0.909013
-0.0490435 0.0323104 -0.96183
-0.0490435 0.0407989 0.826259
0.0774364 -0.048964 0.208991
-0.0234685 0.059294 0.772925
-0.0490435 -0.0376942 -0.0796418
-0.0234685 0.0252437 0.414681
-0.0490435 0.0873463 -0.542948
-0.0234685 0.0670992 0.268066
-0.0327266 0.102391 0.313995
-0.0154808 -0.048964 0.0292639
-0.0259244 0.0976356 -0.603032
0.0264862 -0.048964 -0.552121
-0.0490435 0.0145127 0.0438177
-0.0176305 -0.0231834 0.903004
0.068057 -0.048964 -0.136452
0.040652 -0.0233889 0.975875
0.0844012 -0.0233889 -0.17905
0.0988659 -0.048964 0.400689
-0.0353378 -0.048964 0.515004
-0.00824983 -0.0233889 -0.382904
-0.0340974 -0.048964 -0.815702
0.0871987 -0.0233889 0.961565
-0.0234685 0.0833097 -0.740076
0.0432718 -0.0233889 -0.321563
-0.00897402 -0.0233889 -0.9658
-0.0234685 3.92867e-05 -0.619188
-0.0349612 0.102822 0.627868
0.0586207 -0.0233889 0.830842
0.022961 -0.048964 -0.134366
0.0609654 -0.048964 -0.367075
0.0452593 -0.0233889 0.336426
-0.0490435 0.0701231 0.838566
-0.00652743 -0.048964 0.403308
-0.0234685 0.00376409 0.767024
0.0198751 -0.048964 -0.595557
0.0706776 -0.0233889 -0.0756984
-0.0490435 0.0134404 -0.754493
-0.0490435 0.0639466 -0.0679224
-0.0234685 0.0414183 -0.687293
-0.0234685 0.0466991 0.837228
-0.0490435 0.0393938 0.396118
0.102713 -0.0346213 -0.68745
-0.0490435 0.0634823 -0.445086
0.0430423 -0.048964 -0.924537
0.0319049 -0.048964 0.384251
0.0133968 -0.0233889 -0.478667
0.0479812 -0.0233889 0.771421
-0.0490435 0.0665371 0.189274
-0.0133259 -0.0233889 -0.272016
-0.0138217 -0.048964 0.097195
0.0372041 -0.048964 0.253854
0.0578225 -0.0233889 0.122746
0.102808 -0.0367906 -0.753509
-0.0210945 -0.0213111 0.0123913
-0.0490435 0.0356551 -0.583222
-0.0490435 0.0487033 0.112143
-0.0490435 0.0884091 -0.429668
0.10274 -0.0348596 -0.98232
0.0721962 -0.0233889 -0.835131
-0.0490435 0.00802379 -0.964177
-0.0490435 0.0506496 0.847275
-0.0234685 0.0378655 0.540935
-0.0490435 0.0803333 -0.313649
-0.0490435 0.064041 -0.536211
0.0914308 -0.0234669 0.476799
-0.0490435 0.0860273 0.842492
-0.0234685 0.0144012 0.902617
-0.0354803 0.102864 -0.0541218
-0.0234685 0.0238477 -0.65379
-0.0113237 -0.0233889 -0.196821
-0.0451354 0.102888 -0.218205
0.0687469 -0.048964 -0.112825
-0.0234685 0.0652153 0.523674
-0.0490435 0.0420091 0.611092
-0.0245514 0.0952505 -0.249374
-0.0334806 -0.048964 0.0523517
-0.0234685 0.0451448 0.982199
-0.0234685 0.0073128 0.614259
-0.0490435 0.0333683 0.76048
-0.0490435 0.0652248 -0.74475
0.0648036 -0.0233889 0.617208
-0.0490435 0.0282668 0.489726
-0.0234685 0.0513795 0.594798
-0.0234685 0.0733409 -0.956273
-0.0234685 -0.00321723 0.474553
-0.0490435 -0.0109803 0.561023
0.102808 -0.0395713 -0.154701
-0.0402545 0.102888 0.341926
-0.0151346 -0.0233889 0.855725
0.0297616 -0.048964 -0.855757
-0.0234685 0.000597735 -0.0908476
0.0817766 -0.048964 -0.7817
0.0418155 -0.048964 0.90958
-0.0234685 0.00683432 0.390905
-0.0234685 0.0333067 -0.896233
0.0100188 -0.048964 -0.727739
0.0668903 -0.048964 -0.446726
-0.0105191 -0.048964 0.0697305
0.0012621 -0.048964 -0.438212
-0.0475919 -0.0468653 1
0.102808 -0.0411956 0.483004
-0.0235301 0.0913542 -0.267651
-0.0406187 -0.048964 0.540331
-0.00714773 -0.0233889 0.892504
0.0817618 -0.0233889 0.640842
-0.0248185 0.0958191 -0.0340261
-0.00623872 -0.048964 -0.0532982
-0.0234685 0.0644701 -0.705982
-0.0490435 0.0942956 0.39399
-0.0490435 0.0567614 0.58667
0.102688 -0.0344294 -0.0319594
0.0111277 -0.0233889 0.688389
-0.0332327 0.102525 0.161874
0.0177359 -0.048964 0.463302
-0.00587922 -0.048964 0.513284
0.0619814 -0.0233889 -0.612691
0.0845125 -0.048964 0.752112
0.0969787 -0.0254476 -0.938069
0.00744931 -0.048964 -0.772404
0.0835034 -0.0233889 -0.69167
0.0867768 -0.0233889 0.849988
0.0191479 -0.048964 0.367835
-0.0229005 -0.0186776 -0.464211
-0.0234685 0.0624494 -0.0783897
-0.0490435 0.0254892 0.0785092
-0.0234685 0.00986831 -0.120191
-0.0234685 -0.00632479 0.192098
-0.0234685 -0.0141659 0.829441
-0.0490435 -0.0333777 -0.993484
0.0866809 -0.048964 0.999798
0.0853792 -0.0233889 -0.852828
-0.015561 -0.048964 0.18554
-0.016499 -0.048964 0.128009
0.0401893 -0.048964 -0.829059
-0.0234685 0.0492101 0.0366448
0.0632266 -0.0233889 -0.444675
-0.0234685 0.0167111 0.132636
-0.0234685 0.0853207 0.305347
-0.0234685 0.0873998 -0.844857
-0.0234685 0.00889886 0.0155089
0.0913038 -0.0234535 -0.71289
0.0884272 -0.0233889 -0.347833
-0.0490435 0.000224164 -0.434403
-0.0490435 0.0693385 -0.124675
-0.00979824 -0.048964 0.261942
-0.0330612 0.102482 0.0199884
-0.0490435 0.0304931 0.730107
-0.0234685 0.0860704 0.399574
0.00575618 -0.048964 0.39453
-0.0490435 -0.0169513 0.184211
0.0872909 -0.048964 -0.674644
0.0632902 -0.0233889 -0.103168
-0.0234685 0.0271171 -0.290619
0.000491251 -0.048964 -0.859735
-0.0465943 0.102888 -0.266089
0.0222613 -0.0233889 -0.0538938
-0.0234685 0.0691048 -0.17842
-0.0234685 0.0671509 0.814858
0.0598326 -0.048964 -0.309827
0.0876295 -0.0233889 -0.329365
-0.00216086 -0.0233889 -0.471239
0.0498199 -0.048964 -0.634292
-0.0234685 0.0886153 -0.486999
-0.0490435 -0.0087191 -0.838105
0.0237196 -0.048964 0.671277
-0.0215572 -0.048964 -0.915621
-0.02304 -0.018311 0.121712
-0.0490435 0.0243746 0.35324
0.0727761 -0.048964 0.921113
-0.0234685 0.0846583 0.250199
-0.0490435 0.00601128 0.253801
-0.0474412 0.102888 0.743438
-0.0490435 0.0802355 0.309033
0.102608 -0.048964 -0.287547
0.0707664 -0.048964 -0.755464
0.0468726 -0.0233889 -0.19789
-0.0490435 0.0543653 -0.183829
0.0375044 -0.0233889 0.00534795
0.102808 -0.0362966 0.0858855
-0.0168064 -0.048964 0.556188
0.0180059 -0.0233889 0.37015
0.102762 -0.0350912 -0.87338
0.0332992 -0.048964 -0.122478
-0.0490435 0.0247626 -0.563466
-0.0490435 0.000298065 -0.715428
-0.00126928 -0.048964 -0.239948
-0.0490435 -0.0109654 0.498744
0.0267984 -0.0233889 -0.740273
0.101942 -0.048964 0.442866
0.0103561 -0.0233889 -0.696582
0.0287068 -0.048964 0.321752
-0.0234747 0.0904988 0.116174
-0.0490435 -0.0483334 0.330864
-0.0238976 0.0933851 0.756645
-0.0490435 -0.0129002 0.948379
-0.0234685 0.0508483 0.49937
-0.0234685 0.0198987 -0.158192
-0.0234685 0.000465168 -0.923171
0.0418859 -0.048964 0.491631
0.0274955 -0.0233889 0.948672
-0.0356362 -0.048964 -0.359939
-0.0349405 0.10282 0.939704
-0.0146746 -0.0233889 -0.597573
0.0501555 -0.048964 0.775273
-0.0490435 -0.0383261 0.186358
0.0522642 -0.0233889 0.883668
-0.0234685 0.0628699 0.709464
-0.0234685 0.0776506 0.200911
0.0966798 -0.048964 -0.576557
-0.0490435 0.0158387 -0.267798
-0.0234685 -0.010668 -0.51579
-0.0234685 -0.00690076 -0.593777
-0.0490435 -0.00850584 -0.771568
-0.0490435 0.0361925 0.474877
0.0323599 -0.048964 -0.6648
0.00296897 -0.048964 0.1386
0.0596258 -0.048964 0.648223
0.0260037 -0.0233889 -0.76227
-0.0490435 0.089033 0.817125
-0.0490435 0.0239438 -0.196316
0.0504552 -0.0342391 -0.998051
0.0720549 -0.0233889 0.242632
0.0628342 -0.0233889 0.0949121
-0.0234685 0.0156324 0.0562541
-0.0234685 0.0489774 0.795022
-0.0490435 0.0825237 0.727957
-0.00331734 -0.048964 -0.308656
-0.0234685 0.042615 0.689321
0.0262431 -0.0233889 -0.240099
-0.0234685 0.0772722 -0.932349
-0.0490435 0.0393951 -0.047227
-0.0234685 0.0741392 0.506478
-0.0490435 0.0886772 0.602977
0.102808 -0.0387508 0.835764
-0.0234685 0.0774368 0.323622
-0.0490435 0.0874978 -0.103875
0.0354215 -0.048964 -0.0185127
-0.0490435 -0.0027303 -0.138118
0.0368667 -0.048964 0.069488
0.0906919 -0.0234066 0.168201
0.0701269 -0.0233889 0.351287
0.0971429 -0.0255559 0.704835
-0.01426 -0.048964 -0.340985
-0.0490435 0.0177204 -0.367019
0.102808 -0.0436756 -0.32717
-0.0235343 0.0913967 -0.557103
0.0853332 -0.0233889 -0.588999
-0.0490435 -0.00852658 0.330934
-0.0490435 0.029026 0.539799
-0.0490435 0.0414761 0.682353
-0.0234685 0.016706 0.36045
-0.0490435 -0.0319685 0.484582
-0.0439141 0.102888 0.0992208
-0.0490435 0.0633191 0.51032
-0.0490435 0.00542217 -0.811873
0.090186 -0.048964 0.02054
-0.0490435 0.0769587 -0.264137
-0.0234685 0.00920494 0.817994
-0.0107876 -0.048964 -0.746439
-0.0368413 0.102888 -0.682806
0.102808 -0.0367293 0.679881
-0.0234685 0.0861395 0.548503
-0.0490435 0.00842964 -0.61366
0.00681385 -0.048964 0.600423
-0.00513025 -0.048964 0.992601
-0.00709063 -0.0233889 -0.43622
0.0538824 -0.0233889 -0.510725
-0.0234685 0.0310309 -0.247777
-0.0385843 -0.048964 -0.0136268
-0.0490435 0.0691898 -0.362544
0.0478416 -0.048964 0.804465
0.00581209 -0.048964 0.278567
0.0343191 -0.0233889 -0.489469
0.0826763 -0.048964 0.540383
0.0887887 -0.048964 0.686804
-0.0490435 -0.00134797 0.647249
0.0231792 -0.0233889 0.498318
0.0104987 -0.0233889 -0.55075
0.0315368 -0.048964 -0.511301
-0.0234685 0.0707203 -0.539592
-0.0234685 0.0511248 -0.91795
-0.0370331 -0.048964 -0.140687
-0.0490435 0.0739639 0.696728
-0.0234685 0.0623998 0.637755
-0.0414965 -0.048964 -0.272929
0.0331745 -0.048964 -0.810087
0.0606706 -0.048964 -0.783665
0.0536989 -0.048964 0.879612
-0.0388725 -0.048964 -0.287678
-0.037669 0.0133524 -0.998051
0.0797482 -0.0233889 -0.880552
0.027318 -0.0233889 0.318426
-0.0490435 -0.0489306 0.623848
-0.0404721 0.102888 -0.809878
0.0735198 -0.048964 0.0239119
-0.0234685 0.0883008 0.487007
0.10277 -0.0351936 0.659321
-0.0490435 -0.0324898 -0.582194
-0.00906507 -0.048964 0.666959
-0.0248209 0.0958239 -0.879645
-0.0196914 -0.0223606 0.951219
-0.00282207 -0.048964 -0.146056
0.0348945 -0.0233889 0.587453
-0.00337431 -0.048964 -0.496834
0.0813295 -0.0233889 0.0390972
-0.0234685 0.00950309 0.870543
-0.0234685 -0.00759162 0.609986
0.0403467 -0.048964 -0.466255
-0.00520757 -0.0233889 0.164345
0.0345625 -0.048964 0.644725
0.0921611 -0.048964 -0.380185
-0.0490435 0.0364416 -0.422468
0.0169823 -0.0233889 0.607044
-0.0234685 0.0638855 -0.7569
0.0169685 -0.048964 -0.352732
0.0450758 -0.0233889 -0.351717
-0.0490435 0.00954859 0.999688
-0.00246544 -0.0233889 0.937953
-0.0234685 0.00437531 0.852303
0.0234374 -0.048964 0.158932
-0.0234685 0.0458244 -0.798526
-0.0234685 -0.00934901 0.0585057
-0.0390602 0.102888 -0.877339
-0.0253241 0.0322156 1
0.0710317 -0.0233889 -0.647608
-0.0182323 -0.048964 -0.872345
-0.0234685 0.0623063 -0.00476125
-0.0392629 0.102888 -0.96845
0.0258228 -0.048964 -0.616058
0.0525049 -0.0233889 -0.724744
-0.00344255 -0.0233889 -0.949939
-0.0234685 0.0256848 -0.794832
-0.0490435 0.0894553 0.0256979
-0.0234685 0.0851586 -0.43142
-0.0490435 0.0210145 0.161042
0.0232163 -0.0233889 0.170281
-0.0490435 0.0540747 0.450634
0.0687858 -0.048964 -0.664676
-0.0234685 0.0883931 -0.776347
-0.0490435 -0.016639 0.237507
-0.0490435 0.048929 0.707104
0.0353483 -0.0233889 -0.834826
0.0697561 -0.0233889 -0.9036
0.0301511 -0.0233889 0.899716
-0.0263939 -0.048964 0.528005
-0.0490435 0.0607244 -0.632876
-0.0490435 -0.0403104 -0.830989
-0.0490435 -0.0390786 -0.937457
-0.0234685 -0.0106624 -0.337532
0.0162464 -0.0233889 0.6387
-0.0259866 -0.048964 -0.24895
-0.0490435 -0.0316491 -0.217095
-0.0234685 0.0884297 -0.891386
-0.0490435 0.0704407 -0.0802734
0.0738651 -0.0233889 -0.734106
-0.0234685 0.0191055 0.712824
-0.0234685 0.015906 -0.199498
0.019687 -0.0233889 0.777232
-0.0490435 -0.0417468 0.0546255
-0.0490435 0.0981113 0.0725112
-0.0234685 0.0711174 -0.244209
-0.0345503 0.102774 -0.507758
0.10144 -0.0304211 -0.635513
-0.0234685 0.0270124 -0.867566
-0.0490435 0.00491972 -0.77458
-0.0490435 -0.0401652 0.649076
-0.0347948 -0.048964 0.8773
-0.0234685 0.0891165 0.532233
-0.0490435 0.0446878 0.87886
-0.0490435 -0.0205988 0.374233
-0.0490435 0.0404711 -0.174888
-0.0332268 -0.048964 0.16689
-0.0234685 -0.00962227 -0.902123
-0.0234685 0.0505399 -0.552858
-0.0234938 0.0909053 -0.817121
-0.0490435 0.0430699 -0.087017
-0.0221573 -0.0200615 -0.235202
-0.0234685 -0.00533718 0.255142
-0.0490435 0.0410139 0.0964936
0.0239885 -0.048964 -0.97581
0.0893966 -0.0233889 -0.610749
-0.0233759 -0.0169781 0.273529
-0.0234685 -0.00510674 -0.64404
-0.0490435 0.0949673 0.20633
0.0369684 -0.0233889 0.695035
-0.0234685 0.0473905 -0.614066
-0.0234685 0.0715498 -0.130114
-0.0163171 -0.0233761 -0.0991113
-0.0234685 0.038105 -0.959454
0.0610433 -0.048964 -0.267912
-0.0490435 0.0501699 0.991638
-0.0235327 0.0913802 0.5735
-0.0234685 0.0203 0.432779
0.0900949 -0.0233892 -0.498998
0.000878557 -0.048964 -0.622339
0.0786407 -0.0233889 0.807554
-0.0247338 0.0956465 0.44506
-0.0349647 0.102822 -0.0404808
-0.0234685 0.043615 0.732961
-0.0234685 0.0106555 0.317859
-0.0490435 0.0706564 0.103321
0.0393728 -0.0233889 -0.706278
-0.00784528 -0.0233889 0.925415
-0.0490435 -0.0384027 -0.481804
-0.0490435 -0.036271 -0.359296
0.0954807 -0.0246131 0.920311
0.08532 -0.0233889 0.363519
-0.0355284 0.102867 -0.109165
-0.0490435 -0.0351201 0.553302
-0.0490435 0.0213829 0.437183
-0.0490435 0.0640326 0.683443
0.0250547 -0.048964 -0.582301
-0.0234685 0.0493849 0.810348
0.08337 -0.0233889 -0.263274
-0.0490435 -0.0346091 0.329078
0.0442735 -0.0233889 0.285513
-0.0490435 -0.0155928 -0.711471
0.0578754 -0.0233889 -0.858977
-0.0356532 -0.048964 0.891416
0.0142967 -0.0233889 -0.392771
-0.0233915 -0.0168748 -0.0555436
-0.0114113 -0.0233889 -0.289674
-0.0432565 0.102888 0.990508
0.0077213 -0.048964 -0.124493
-0.0490435 0.0792785 0.466867
0.0475826 -0.048964 0.7317
-0.0490435 0.0966425 -0.123217
-0.0234685 0.0393587 -0.404324
-0.0234071 -0.0167597 0.633471
-0.0490435 -0.0260277 -0.60903
-0.0248042 0.0957903 -0.22951
0.0062635 -0.0233889 0.961673
-0.0490435 0.00796377 0.0679282
-0.0234685 0.0842384 0.927112
-0.0490435 0.0530365 -0.137264
-0.0490435 0.0742226 0.204725
-0.0308586 0.101693 0.875733
-0.0490435 0.0222206 -0.917935
-0.0395981 0.102888 -0.296571
-0.0370133 -0.048964 0.412284
-0.0490435 0.0363233 0.410352
-0.0234685 0.00267175 -0.782953
-0.0234685 0.0325601 0.715954
-0.0179726 -0.048964 -0.705738
-0.00569074 -0.048964 0.763586
-0.0420195 -0.048964 -0.893569
-0.0235993 0.0919249 0.202182
-0.0234685 0.0601624 -0.461877
-0.0490435 0.0903849 -0.0749946
-0.0490435 0.0899332 0.71417
-0.0490435 -0.0347978 -0.679393
0.0243715 -0.0233889 0.97471
-0.0217836 -0.048964 0.33194
-0.0234685 0.0334728 0.17139
0.0863048 -0.0233889 0.327242
-0.0490435 0.0260372 -0.0909144
-0.0490435 0.00766708 -0.575187
0.0513482 -0.0233889 -0.793195
-0.0490435 0.0147261 0.330444
0.0898438 -0.0233889 0.500541
0.101946 -0.0315591 -0.411558
-0.0490435 0.0450848 0.201445
0.064244 -0.0233889 0.326501
-0.0336717 -0.048964 -0.398624
0.0605124 -0.048964 0.470363
0.102066 -0.0318835 0.117663
-0.0490435 -0.00914705 -0.751206
0.0253113 -0.0233889 0.276578
-0.0318808 -0.048964 -0.682728
0.0753909 -0.048964 -0.00177243
0.017205 -0.048964 0.0532526
0.0266067 -0.048964 0.885309
-0.0234685 0.0284856 -0.933811
0.0661602 -0.048964 -0.430055
0.01575 -0.0233889 -0.326441
-0.0123931 -0.048964 0.693662
0.0590356 -0.048964 0.373157
-0.0490435 -0.0485326 -0.0999707
0.0598815 -0.048964 -0.567245
0.0857144 -0.0233889 -0.740718
-0.0490435 0.037788 0.030641
-0.0490435 0.0118709 -0.856545
0.0939401 -0.048964 0.0451662
-0.0490435 0.0683892 0.895825
0.0566036 -0.0233889 0.539097
0.0873165 -0.048964 -0.917542
-0.0490435 -0.00794388 -0.446389
0.0452532 -0.0233889 -0.876857
0.102808 -0.0411761 -0.23999
0.0533518 -0.0233889 0.484414
-0.0490435 -0.010998 -0.409828
-0.0490435 0.0914348 -0.954738
-0.0234685 0.0212025 0.536149
-0.0490435 -0.0132592 0.980795
-0.0490435 0.0924465 0.883082
0.0735043 -0.0233889 0.900802
-0.0490435 0.000975312 -0.509134
-0.0390474 0.102888 0.9637
0.0956318 -0.0246857 -0.531821
0.00980834 -0.0233889 -0.647123
-0.0234685 0.0814788 0.638254
0.0684689 -0.048964 0.197038
-0.0117848 -0.048964 -0.888545
-0.0234685 0.0360089 -0.0108075
-0.0490435 0.066185 -0.207087
-0.0490435 0.0814762 0.0551592
-0.0490435 0.020776 0.704335
0.0163027 -0.048964 0.579394
-0.0234685 0.0486048 0.370861
0.004524 -0.0233889 0.824074
0.086164 -0.048964 -0.551818
-0.0490435 0.0905051 0.675197
-0.0490435 -0.0352925 -0.745302
-0.0490435 0.092331 0.141754
-0.0490435 0.0316922 -0.835862
-0.0234685 0.0311221 0.858992
-0.0490435 -0.0304457 -0.652536
-0.0490435 0.0899 0.2829
-0.0234685 0.0736966 0.575927
-0.0490435 0.0106917 0.870405
-0.0490435 -0.0234598 0.650058
-0.0490435 -0.0402365 0.71768
0.102551 -0.0336223 -0.0156917
-0.0235328 0.0913819 -0.509733
0.0384987 -0.0233889 -0.187239
-0.023615 0.092031 -0.190409
0.0413902 -0.048964 0.35378
-0.0490435 0.0397139 -0.158973
0.0101254 -0.048964 -0.0781021
-0.0392827 0.102888 -0.766242
-0.0490435 -0.0108188 -0.821664
0.0839063 -0.0233889 -0.373884
-0.0234685 0.00928621 -0.845279
-0.0234685 -0.00779825 0.996386
0.102808 -0.0432257 -0.356509
0.0173006 -0.0233889 -0.193339
-0.0490435 0.0187498 -0.341431
-0.0234685 0.0360863 -0.116129
0.100881 -0.0294254 0.545627
-0.0490435 -0.0160029 -0.929424
-0.00999373 -0.048964 0.650547
-0.0340646 -0.048964 0.116696
-0.0490435 0.0237537 0.65241
-0.0234685 0.0686926 0.97189
0.0995633 -0.048964 0.790182
0.0557108 -0.0233889 -0.257574
0.00879888 -0.0233889 0.444694
0.0889815 -0.048964 -0.233966
0.0947102 -0.048964 0.415318
-0.0234685 0.0469131 -0.887305
0.0245025 -0.048964 0.774259
0.0665891 -0.048964 0.0681696
-0.0234685 0.0664318 0.44051
0.0300428 -0.0233889 -0.587451
-0.0490435 0.0876237 0.784607
-0.0221703 -0.048964 0.387687
0.0729648 -0.048964 -0.593033
0.0805727 -0.048964 0.520582
-0.0490435 -0.019799 0.100711
-0.0345708 0.102776 -0.992876
-0.0119401 -0.0233889 0.510386
-0.0196887 -0.0223622 0.772438
0.102808 -0.0391904 0.643479
0.0229147 -0.0233889 0.804124
-0.0147029 -0.048964 -0.668569
-0.0234685 0.00238352 0.662176
0.0145632 -0.048964 0.200252
-0.0234685 0.00091408 -0.420821
-0.0234685 -0.0155401 0.371981
-0.0234685 0.0671045 -0.881954
0.0345108 -0.048964 -0.0703564
0.0500522 -0.0233889 0.258527
-0.0234685 0.0695226 -0.268202
-0.0398327 0.102888 0.386099
-0.0490435 -0.002499 -0.179344
0.070794 -0.048964 -0.995835
-0.0234685 0.0410328 -0.0392995
0.0317868 -0.0233889 -0.212072
0.056847 -0.048964 0.0542226
-0.0213009 -0.0211083 0.693606
0.0331467 -0.048964 0.225357
-0.0490435 0.0847985 0.755422
0.0923615 -0.048964 -0.216918
-0.0490435 0.0253127 -0.499904
-0.0234685 0.0462172 -0.0761377
-0.0292635 -0.048964 -0.495398
-0.0234685 0.0233285 -0.178713
-0.0490435 -0.0100641 -0.593027
-0.0198102 -0.048964 -0.0347072
-0.0234685 0.0354817 0.646367
0.0127113 -0.0233889 -0.621886
0.0746729 -0.048964 0.428272
-0.0490435 -0.0474709 0.0968799
0.0479936 -0.048964 -0.877113
-0.0490435 0.0407268 -0.114844
-0.0490435 -0.0345286 -0.0512139
0.0274123 -0.0233889 -0.0360623
0.0674176 -0.048964 0.233649
-0.0490435 0.0418921 0.736913
-0.0234685 0.0595473 0.301191
-0.0234685 0.0595494 0.686476
0.027242 -0.0233889 0.66868
-0.0234685 -0.0111948 0.228992
-0.0490435 0.0187702 0.11414
-0.0490435 -0.0195408 0.509296
0.0829566 -0.048964 -0.939962
-0.0234685 0.0494124 -0.984408
-0.0490435 -0.0218394 0.0243525
0.072524 -0.048964 -0.636152
0.102808 -0.0431011 0.608331
0.0825798 -0.0233889 0.0146966
0.0437701 -0.048964 -0.446687
0.0664925 -0.0381902 1
0.0170813 -0.0233889 -0.52823
0.00987227 -0.0233889 -0.887522
0.0810583 -0.0233889 -0.299774
0.073861 -0.048964 0.786381
0.0583565 -0.0233889 -0.00189605
-0.0490435 0.0887831 -0.919303
-0.0234685 -0.00427356 0.145871
-0.0490435 -0.0324137 -0.853639
-0.0490435 -0.0385868 0.861916
-0.0490435 0.0208244 -0.154383
-0.0181187 -0.0357714 1
-0.0234685 0.0514587 -0.826756
0.0371898 -0.048964 -0.405126
-0.0390639 0.102888 -0.920642
0.0378579 -0.0233889 -0.432723
-0.0234685 0.0281818 -0.453963
-0.0490435 -0.00542053 -0.367983
0.0962602 -0.048964 0.0669971
0.0152141 -0.0233889 -0.145851
-0.0490435 -0.0132622 -0.636375
-0.0341629 0.102715 0.24107
0.101526 -0.048964 0.582459
-0.0490435 0.0981977 -0.608375
0.0117891 -0.048964 0.25128
-0.0234685 0.00881281 -0.630608
-0.0487577 -0.0337104 1
-0.0490435 -0.018393 0.536339
-0.0490435 0.0157432 0.746695
-0.0490435 -0.00109436 -0.271424
-0.0234685 -0.00725162 0.715964
-0.0234685 -0.0011687 -0.382136
0.0936642 -0.023919 -0.0397994
-0.0490435 0.0443574 0.440163
-0.0416791 -0.048964 -0.220026
0.0813627 -0.0233889 -0.974956
0.0025314 -0.048964 0.449965
-0.0234685 0.0600772 0.945791
-0.0355042 -0.048964 -0.0561602
-0.0234685 0.0189051 0.604107
-0.0234685 -0.0155568 0.877078
-0.0490435 -0.0148659 -0.948402
-0.031671 -0.048964 -0.333165
-0.0234685 0.0475522 0.472253
-0.0490435 0.100732 0.657376
0.0178935 -0.0233889 -0.964957
-0.0348352 -0.048964 0.463045
-0.0490435 0.0799034 -0.811748
-0.0490435 0.0680487 0.619697
0.00562882 -0.0233889 -0.171731
-0.0234685 0.043747 0.131286
-0.0490435 -0.0350935 0.525758
-0.0234685 0.0465935 -0.14065
-0.0234685 0.0217356 0.345455
0.0333342 -0.048964 -0.146879
-0.0490435 0.0711448 -0.60831
-0.0234685 -0.000554008 0.518234
-0.0490435 0.0421215 0.324542
-0.0453531 -0.048964 0.157174
-0.00190884 -0.0233889 -0.624272
0.0193343 -0.048964 -0.455982
-0.00955521 -0.0233889 -0.845852
0.0875128 -0.048964 -0.972773
0.075716 -0.048964 -0.860619
-0.0490435 0.0948171 -0.662644
-0.0164211 -0.048964 0.985897
-0.0109078 -0.0233889 0.608294
-0.0234685 0.0613677 0.786864
-0.0490435 -0.0237659 0.412981
-0.0490435 0.0424653 -0.89503
-0.0490435 -0.0192826 0.459416
-0.0490435 0.0468043 -0.344133
-0.00509044 -0.0376599 -0.998051
-0.0490435 -0.0306376 0.0414166
-0.0490435 -0.0472144 -0.643072
0.0684148 -0.048964 -0.541802
-0.0196622 -0.0223775 0.657059
-0.0234685 0.0350515 0.930263
0.102808 -0.0436969 0.763059
-0.0234685 0.0389293 0.0279961
-0.0373709 -0.048964 0.0116151
0.0258185 -0.048964 0.177939
-0.0243726 0.0948231 -0.379573
-0.0490435 -0.0192457 0.670133
-0.0490435 0.0451787 0.176301
0.0890291 -0.048964 -0.447718
-0.0490435 0.0700671 -0.692466
0.0931345 -0.0237738 -0.0116611
-0.0490435 0.025929 -0.0645057
0.101538 -0.0306196 0.149093
0.00645616 -0.048964 -0.805608
0.0899988 -0.048964 -0.619795
-0.0234685 0.0654535 -0.401274
-0.0234685 0.0157898 0.761858
0.0583877 -0.0233889 0.239469
0.0130754 -0.048964 -0.570356
0.0932914 -0.0238143 -0.867186
-0.0490435 0.0633859 -0.480562
-0.00384745 -0.048964 0.576952
0.0219974 -0.0233889 -0.809316
-0.0234685 0.0179744 -0.528473
-0.0490435 -0.0369935 -0.692505
0.00191416 -0.0233889 -0.230628
-0.0420443 -0.048964 0.566865
-0.0234685 0.0683701 0.413071
-0.0490435 0.0902442 -0.0322726
-0.00563763 -0.0233889 0.229966
-0.0234685 0.0642834 -0.050398
0.0296281 -0.0233889 0.757505
0.0506462 -0.048964 -0.424398
-0.0385946 0.102888 -0.856992
-0.0237478 -0.048964 -0.420186
-0.0490435 0.013927 -0.788475
-0.0250123 0.0961913 -0.46097
-0.00375642 -0.0233889 0.574511
-0.0483378 0.102888 0.456295
-0.0490435 0.0974592 -0.0954289
-0.0490435 0.0245702 0.527218
-0.0490435 0.00277745 0.66878
0.0436624 -0.0233889 0.0608861
-0.0234685 0.0887802 0.427962
-0.0234685 0.0855284 0.33407
0.056599 -0.0233889 -0.978634
-0.0234685 0.0239782 -0.677954
-0.0490435 -0.0374251 0.205294
0.102808 -0.0375076 0.453171
0.0167951 -0.0233889 0.223521
0.09459 -0.0242331 -0.787215
-0.0490435 0.100106 -0.457209
-0.0490435 0.00422671 0.01877
0.0288477 -0.0233889 -0.391186
-0.0490435 0.0863587 0.517433
-0.0234685 -0.00228427 0.911985
0.0146446 -0.048964 0.551712
-0.0490435 -0.0353001 -0.793253
-0.0490435 0.0818101 0.37673
-0.0490435 0.0775303 0.562639
-0.0234685 0.0295035 -0.721671
0.0374233 -0.048964 0.535355
-0.00365881 -0.048964 -0.779225
-0.0234685 0.0108272 0.16235
-0.0490435 -0.00144002 -0.0290222
-0.0490435 0.0488752 -0.703292
0.0533182 -0.048964 0.566376
0.0935625 -0.0238892 0.628579
-0.0234685 -0.0141915 -0.748015
0.0411212 -0.0233889 0.461331
-0.0234685 0.0634863 -0.580771
-0.0490435 -0.00485179 -0.395932
-0.0490435 -0.0464605 -0.432209
0.066442 -0.048964 -0.937776
-0.00719495 -0.0233889 0.140793
-0.00534151 -0.048964 0.355027
-0.0490435 -0.0369706 0.242431
-0.0234685 0.0802431 -0.476997
0.0936621 -0.048964 -0.175738
0.0111969 -0.0356056 1
0.0886022 -0.0233889 -0.195415
-0.0175946 -0.048964 -0.123616
-0.0234685 0.0187803 -0.576837
-0.0490435 -0.00410605 -0.204304
-0.0490435 -0.0346184 -0.951955
0.0655395 -0.048964 -0.0469846
0.0839923 -0.0233889 0.770623
0.0619809 -0.0233889 0.265106
-0.0490435 0.0584386 0.0864191
-0.0321378 -0.048964 0.855872
-0.0129209 -0.0233889 0.310021
-0.0234685 -0.00790669 0.804933
-0.0484136 0.102888 -0.231245
0.038952 -0.0233889 -0.664307
-0.0234685 -0.00691812 -0.249225
-0.0114776 -0.0233889 0.177178
-0.0234685 -0.0136196 0.0759352
-0.0490435 -0.0355817 0.804559
0.0608216 -0.048964 0.594681
0.026741 -0.048964 0.109399
-0.0234685 0.0528909 0.457957
0.0534396 -0.0233889 0.193439
0.0165391 -0.048964 0.809209
0.0191846 -0.0233889 0.917447
-0.0490435 -0.0159862 -0.0726517
0.0278305 -0.048964 -0.364739
-0.0490435 0.0722332 0.536363
-0.0451668 -0.048964 -0.66741
0.102561 -0.0336741 0.946782
-0.0490435 0.101536 -0.823724
-0.0234685 0.0284311 0.562829
-0.0234685 0.00465791 0.335954
0.0741457 -0.0233889 0.383295
0.0292807 -0.0233889 0.124199
-0.0391322 -0.048964 0.365349
-0.0490435 0.0616976 0.598777
-0.0216603 -0.0207144 -0.643195
-0.0234685 0.0608927 -0.106273
0.102808 -0.0433904 0.469349
-0.0234685 0.0286915 -0.612252
-0.017199 -0.048964 0.154832
-0.0490435 0.100904 0.563145
0.0183379 -0.0233889 0.0508499
-0.0234685 0.0560107 -0.933601
-0.0234685 0.0695105 0.885863
0.0279858 -0.0233889 0.0828433
0.0621783 -0.048964 -0.822497
-0.0490435 0.0450841 -0.789264
-0.0490435 -0.0369258 0.688544
-0.0380417 -0.0472144 -0.998051
0.0312854 -0.0233889 -0.531145
0.0600955 -0.048964 -0.701862
-0.00441177 -0.048964 -0.0953278
0.0280816 -0.048964 0.353146
0.102798 -0.035654 0.0113661
0.0723296 -0.0233889 -0.57352
-0.0234685 0.0347329 0.390234
-0.0234685 -0.00929986 -0.538176
0.0353534 -0.048964 0.596549
0.0956948 -0.048964 0.738521
-0.0490435 0.0925894 0.441579
-0.0490435 0.0140348 -0.236054
0.0452829 -0.0233889 -0.0578214
-0.0490435 -0.0278813 -0.440645
0.0377866 -0.0233889 -0.549667
0.00955718 -0.0233889 -0.79843
0.102374 -0.0328718 0.505502
0.0362665 -0.0233889 0.787198
-0.0490435 0.0436862 0.663636
-0.0234685 -0.00861786 -0.720839
-0.0234685 0.0317249 0.833939
0.0350907 -0.048964 -0.637133
-0.0234685 0.0577699 0.259114
-0.00827275 -0.048964 0.815453
-0.0490435 -0.0315929 -0.200957
-0.0238167 0.0930641 -0.680725
-0.0271421 0.0990702 -0.946678
-0.0112201 -0.048964 -0.398092
0.0193543 -0.048964 -0.216858
-0.0234685 0.059223 0.17558
0.0664497 -0.0233889 0.283032
0.0398373 -0.0233889 0.679906
-0.0234685 0.0144516 -0.981514
-0.0234685 0.00800394 -0.435225
-0.00821499 -0.0233889 0.747809
0.0661153 -0.048964 -0.917713
0.0820846 -0.048964 0.451748
0.102808 -0.0396246 0.377077
0.0233536 -0.048964 0.734763
0.1028 -0.0357109 0.182603
-0.0490435 0.0138994 -0.488184
-0.0439974 0.102888 -0.568054
-0.0234685 -0.00789778 0.594382
-0.0490435 -0.0344162 0.602511
-0.0234685 0.0141169 0.970111
-0.0490435 -0.0354363 -0.495875
0.102808 -0.0408575 0.966086
-0.0490435 0.0618148 0.403432
-0.0490435 0.000698507 0.115989
0.0392538 -0.0233889 0.815603
0.0232483 -0.0233889 0.395631
-0.0490435 0.039401 -0.809629
0.102808 -0.0405239 0.987716
-0.0446931 -0.048964 0.745312
-0.0234685 0.0074618 -0.754557
0.0813749 -0.048964 0.120887
0.0433678 -0.048964 0.576023
-0.0490435 0.057028 0.46366
-0.0234685 -0.00125061 0.312228
-0.0490435 0.0861005 0.40476
-0.0288491 -0.048964 -0.296385
0.0606144 -0.0233889 0.555541
-0.0490435 0.0390806 -0.201323
-0.0490435 -0.03567 0.0658663
0.065815 -0.0233889 0.749503
-0.0490435 0.0942683 -0.730797
-0.0255369 -0.048964 0.142311
0.0416021 -0.048964 -0.045728
-0.0490435 -0.0205264 0.138298
-0.0234685 0.00400954 0.13507
0.0329352 -0.0233889 -0.265381
-0.0490435 0.0397243 -0.479392
0.0306841 -0.0233889 -0.947449
0.01004 -0.0233889 -0.3011
0.0911037 -0.0234349 -0.964072
-0.0490435 -0.0389165 -0.627458
-0.0490435 -0.022736 0.62596
-0.0490435 -0.0200752 -0.8103
0.0867731 -0.048964 -0.88494
-0.0490435 0.0283774 -0.708883
0.0232801 -0.048964 0.434969
0.0063249 -0.048964 0.949256
0.0436847 -0.048964 0.411606
0.0379825 -0.0233889 -0.771906
0.091748 -0.0235061 0.862772
-0.0234685 -0.0124402 0.453402
0.102808 -0.0422056 -0.312277
-0.0490435 -0.0459066 0.254992
0.101726 -0.031028 -0.501365
-0.0413784 -0.048964 -0.768624
0.0874868 -0.048964 0.268761
-0.0490435 -0.00361268 0.914941
0.0128893 -0.0233889 -0.90622
0.0872045 -0.0233889 0.0751178
-0.0234685 0.0816351 -0.497644
0.0207368 -0.0243448 -0.998051
-0.0234685 0.0229518 -0.5566
0.0329675 -0.0233889 -0.292576
-0.0362439 -0.048964 0.439526
-0.0228681 -0.0187554 -0.420817
-0.0490435 -0.0123562 0.777353
-0.0490435 -0.0193924 -0.977595
-0.0234685 0.0675899 0.138709
0.0491024 -0.048964 -0.245098
0.0440526 -0.0233889 0.41148
-0.0490435 -0.0168683 0.161622
-0.0430942 0.102888 0.255826
-0.0234685 0.0178465 0.791111
-0.0234685 0.0431782 -0.636746
0.0921395 -0.0235657 0.755306
-0.0298987 0.0678315 1
0.0676732 -0.0233889 -0.145307
0.00766025 -0.048964 -0.877215
-0.0234685 0.00836342 0.489987
-0.0234685 0.00643768 0.99171
-0.0234685 0.044054 -0.452425
-0.0490435 0.0515049 -0.53053
0.101203 -0.048964 0.349541
0.081052 -0.0233889 0.183893
-0.0490435 -0.0462279 -0.31083
0.0709754 -0.048964 -0.341352
0.0424798 -0.0233889 -0.0200114
-0.00250968 -0.048964 -0.0768829
0.0888099 -0.048964 0.465584
-0.0490435 0.0486953 0.793078
-0.0240331 0.0938582 0.736764
0.00100181 -0.0233889 0.315185
-0.0490435 0.0599162 0.215267
-0.035017 0.102828 0.119547
-0.0234685 0.0364623 0.313279
0.0553245 -0.0233889 -0.889688
0.0417605 -0.037213 1
0.045732 -0.0233889 -0.452984
-0.0234685 0.0541693 0.558498
-0.0490435 0.0252632 0.41673
-0.0234685 0.0064973 -0.966488
-0.0277957 -0.048964 0.240042
0.0738749 -0.0233889 0.533435
0.0402394 -0.048964 0.68763
-0.0234685 0.0558661 -0.967886
-0.0217029 -0.0206639 0.817985
0.0410383 -0.0233889 0.216821
-0.0234685 0.0385966 -0.536082
-0.0490435 0.0247312 0.889796
-0.0312191 -0.048964 0.962633
-0.0234685 0.0723016 0.677734
0.0244392 -0.048964 0.0647679
0.0929959 -0.048964 -0.5399
0.0534739 -0.0233889 -0.0825931
-0.0490435 0.00492494 0.175953
-0.0490435 0.0022507 0.891367
-0.0490435 0.0061163 0.773049
0.0051878 -0.048964 -0.172846
0.0210091 -0.048964 -0.696163
-0.0490435 -0.0190591 -0.699312
0.0215473 -0.048964 0.927133
-0.0234685 0.0599175 -0.841711
0.0740743 -0.048964 -0.315135
-0.0490435 0.0301633 -0.395258
0.102808 -0.0423818 -0.492118
0.0688823 -0.0233889 -0.994676
-0.0490435 0.0897748 0.935195
-0.0490435 -0.0267301 -0.884601
0.102808 -0.0378125 0.259256
-0.0234685 0.0772621 0.661321
0.0662814 -0.0233889 0.575213
0.102808 -0.0423511 -0.853519
-0.0490435 0.0156698 -0.315361
-0.0366989 -0.048964 0.65777
0.0911051 -0.048964 0.510688
-0.0234685 0.0386297 0.237948
-0.0490435 -0.0330697 -0.454255
-0.0490435 0.0784743 0.116051
-0.0490435 0.0687637 0.363282
-0.0490435 -0.0163877 0.854906
-0.0234685 0.00747288 0.739164
-0.0234685 0.0503735 -0.270571
-0.0490435 0.0206764 -0.691969
-0.042538 0.102888 0.229553
-0.0490435 0.00699116 0.712455
-0.0490435 0.0844343 0.992671
0.035654 -0.0233889 0.52248
-0.0178778 -0.0231203 0.298276
-0.0234685 0.0450939 0.430809
-0.0490435 0.0700855 0.0453647
-0.0490435 0.0794812 0.448357
-0.0220697 -0.0201878 -0.221375
-0.0380861 0.102888 -0.664635
-0.0234685 0.06687 -0.29021
-0.0490435 -0.00276271 0.370035
0.0589688 -0.0233889 0.513265
-0.0490435 0.0504874 0.526449
-0.0490435 -0.0163592 -0.574414
0.067227 -0.0233889 0.867283
-0.0490435 0.00257075 0.452225
0.0916578 -0.0234942 0.0307594
-0.0234685 0.0698643 -0.0885478
0.0558165 -0.0233889 -0.223705
-0.0490435 0.0315393 -0.326826
-0.0234685 0.0656885 -0.0311731
0.0927239 -0.0236779 0.0965902
-0.0234685 0.0246254 -0.481339
-0.0381645 -0.048964 0.833747
0.00858803 -0.048964 0.862106
-0.0490435 -0.0198376 -0.559037
-0.0489721 0.102888 0.369349
0.0108257 -0.0233889 -0.595237
0.0918159 -0.0235156 -0.45061
-0.0368013 -0.048964 -0.95362
0.00353739 -0.0233889 0.589313
0.00457203 -0.0233889 0.379532
-0.0113879 -0.0233889 0.961741
-0.0490435 0.0970648 -0.309705
0.102808 -0.0366261 0.397939
0.00284596 -0.0233889 0.61681
-0.0490435 -0.0184236 0.389222
-0.0490435 -0.0378406 0.173145
-0.0234685 0.0241321 0.0334327
-0.0234685 0.0533822 -0.290549
-0.0371097 0.102888 0.283026
-0.0107353 -0.0233889 -0.523249
0.102808 -0.0443881 0.324273
0.0535607 -0.0233889 0.797506
-0.0281587 0.0999975 0.649772
0.0118082 -0.0233889 0.00612625
0.0199455 -0.048964 -0.792005
-0.0234692 0.0902386 0.710656
0.0562247 -0.0233889 -0.124597
-0.0143053 -0.048964 0.965652
0.102797 -0.048964 -0.000887697
-0.0490435 0.0898187 0.243418
-0.0236129 0.092017 -0.752391
0.0967654 -0.0253123 0.353615
-0.0316118 -0.048964 0.0755597
0.0354706 -0.0233889 -0.332156
-0.0222678 -0.019894 0.0511422
-0.0490435 0.0749417 -0.0229908
-0.0490435 0.0218206 -0.291329
-0.0234685 0.0665044 0.924867
-0.0490435 0.0527014 0.689049
-0.0405539 0.102888 -0.357276
0.0355993 -0.048964 0.756774
-0.0490435 0.00722358 0.195606
-0.0234685 -0.00897322 0.971562
-0.0490435 0.055249 -0.324879
-0.0234685 0.0824497 -0.161896
0.0635121 -0.0233889 -0.704206
-0.0234685 0.00753288 -0.677264
-0.0490435 0.00783181 -0.294051
0.0296998 -0.0233889 0.34609
0.0347071 -0.0233889 0.561351
-0.0234685 0.0623534 -0.732702
0.0937957 -0.0239588 -0.313846
-0.0234685 0.0431071 0.35427
0.0957251 -0.0247317 0.899673
-0.0256101 0.0971845 0.217487
-0.0490435 0.0909098 0.27044
-0.0357127 0.102876 -0.534395
-0.0234685 -0.0134301 -0.983713
-0.0360892 0.102887 0.712944
0.0134478 -0.048964 0.13001
0.0728507 -0.048964 0.660033
0.0943891 -0.048964 0.701258
-0.0235061 0.0910811 0.468424
-0.0234685 0.0375314 0.972293
0.035772 -0.048964 0.550335
0.0436616 -0.0233889 0.432725
0.0658329 -0.0233889 0.724282
-0.0234685 -0.000833713 -0.0292183
-0.0490435 0.0184351 -0.551268
-0.0490435 0.0896599 0.50111
-0.0490435 0.00964824 -0.838055
-0.0234685 -0.00885859 -0.948823
-0.0490435 0.0923603 -0.572421
0.0790942 -0.0233889 0.690429
-0.0490435 -0.043906 -0.37781
-0.0490435 0.0806029 -0.326106
-0.0371068 0.102888 0.401278
-0.0234685 0.0746009 0.106107
0.0767842 -0.0233889 0.995966
-0.0422066 0.102888 -0.19181
-0.0490435 -0.00738009 0.275447
-0.002022 -0.0233889 0.489629
-0.0234685 0.0177916 0.108816
0.102808 -0.0422645 -0.112498
-0.0224636 -0.0195712 -0.0126433
0.0633753 -0.0233889 -0.807975
-0.0490435 0.0216638 -0.879888
-0.0234685 0.0826224 0.126321
0.082687 -0.048964 0.898307
-0.0490435 0.0976452 0.333155
-0.0229062 -0.048964 0.490604
0.00969378 -0.0233889 -0.947911
-0.0144303 -0.048964 -0.770735
0.0479064 -0.0233889 0.896172
-0.0234685 0.00868966 -0.0166087
0.0202221 -0.0233889 -0.254683
-0.0234685 0.0258121 0.887161
-0.0490435 -0.022372 0.350803
-0.0128703 -0.048964 -0.252424
0.0388867 -0.0233889 0.930368
0.0413341 -0.0233889 -0.0770387
0.102808 -0.0386553 -0.29449
0.000179813 -0.048964 -0.470814
-0.0206214 -0.048964 0.671536
0.0920366 -0.048964 -0.773091
-0.0251377 0.0964173 0.508834
-0.0490435 0.0608234 0.855708
0.0413955 -0.048964 -0.485985
-0.0463676 -0.048964 0.23095
-0.0234685 0.0701159 -0.0672436
-0.0448639 0.102888 -0.899281
0.102808 -0.0450458 -0.725591
-0.0328754 0.102433 -0.575876
0.0529034 -0.0233889 0.677562
0.0886193 -0.048964 -0.0943806
0.0420855 -0.0233889 0.17015
-0.0490435 -0.0205241 -0.282012
-0.0490435 0.0541339 0.377918
-0.0231961 -0.0178117 0.401949
-0.0490435 0.00034563 0.218386
0.0214123 -0.0233889 -0.0781929
0.034825 -0.0241299 1
0.00710552 -0.048964 0.900816
-0.0490435 0.0305526 -0.595464
-0.0490435 0.0349925 0.567317
-0.0196886 -0.0223622 0.109862
0.065076 -0.0233889 0.178479
-0.0234685 0.0387517 -0.917264
-0.0149267 -0.048964 -0.28923
-0.0490435 0.00234635 0.630473
-0.0490435 0.0178924 -0.121836
0.011396 -0.048964 -0.0237991
0.0344724 -0.0233889 0.228807
0.00870779 -0.0233889 -0.345293
-0.0490435 0.0850752 0.910855
-0.0215906 -0.048964 -0.190251
-0.022369 -0.048964 0.210033
0.102808 -0.0398784 -0.0560307
0.00915043 -0.048964 -0.524786
0.102808 -0.0395885 -0.43745
-0.0379115 -0.048964 0.596506
-0.0234685 0.012123 0.284214
-0.0490435 -0.0165509 -0.735623
-0.0234685 0.0669015 -0.476887
0.0307513 -0.048964 -0.76484
-0.0234685 0.00972295 0.183163
-0.0490435 -0.00932193 -0.127654
0.098962 -0.0270345 0.215447
-0.0234685 0.0792167 0.0252747
-0.0248435 0.0958688 0.58832
0.0204663 -0.048964 0.9031
-0.0234685 0.0349028 -0.84685
-0.0490435 0.0180557 0.230502
-0.0490435 0.00853183 -0.998009
-0.035907 -0.048964 0.804414
0.0697391 -0.048964 -0.254823
-0.0490435 0.023335 -0.474189
-0.0183252 -0.048964 -0.804455
-0.0490435 0.0703731 0.806882
-0.0234685 0.0192847 0.950352
-0.0490435 -0.0260187 -0.169176
0.0516649 -0.048964 0.00479868
-0.0371741 0.102888 -0.553357
0.0938474 -0.048964 -0.757603
0.091358 -0.0234591 -0.927168
0.060269 -0.0233889 -0.961269
-0.0096087 -0.048964 0.62287
-0.02487 0.095921 -0.532787
-0.0490435 0.0937915 0.984499
-0.0234685 0.03566 0.578578
0.0847141 -0.0233889 -0.624158
-0.0234685 0.0193229 0.00780044
-0.0234685 0.0544617 -0.323218
-0.0490435 0.0667543 -0.947184
0.0024417 -0.048964 -0.222481
0.00257741 -0.048964 -0.67836
0.100069 -0.048964 0.109304
0.0297277 -0.0233889 -0.610902
0.0893778 -0.048964 0.622795
-0.00498205 -0.0233889 -0.0417325
0.0456148 -0.048964 0.624176
-0.0234685 -0.00108466 0.203638
-0.0296198 -0.048964 0.0256755
-0.0460752 0.102888 -0.402938
-0.0234685 0.0515765 0.32772
-0.0490435 0.0754954 0.176913
0.000790285 -0.048964 0.328814
-0.0490435 -0.0136743 0.721748
-0.0490435 0.0468456 -0.0205193
-0.0211498 -0.0212583 0.528505
-0.0490435 -0.0357278 -0.124934
-0.0490435 0.0484514 0.50075
-0.0490435 -0.00709815 0.751152
0.0468203 -0.048964 0.371561
-0.0234685 0.0720578 -0.716521
0.069552 -0.0233889 -0.254227
-0.0490435 0.0681045 0.0179385
0.0685591 -0.0233889 -0.307647
-0.0350096 -0.048964 -0.186371
-0.0234685 0.0484024 0.169726
0.0775794 -0.048964 -0.647663
-0.0234685 0.0573012 -0.20212
0.00666623 -0.0233889 0.113727
-0.0244305 -0.048964 -0.460762
0.102791 -0.0355201 0.920921
0.0361891 -0.048964 -0.958182
0.0539588 -0.0233889 -0.150521
-0.0234685 0.000559427 -0.175324
-0.0177667 -0.048964 -0.757562
0.0656269 -0.048964 0.506836
0.0638372 -0.0233889 -0.0144038
-0.0490435 -0.000710737 0.0802862
-0.0490435 0.0624751 -0.229026
-0.0490435 0.0874166 -0.800584
-0.0490435 0.0264415 -0.982143
0.0195385 -0.048964 0.494991
0.0323706 -0.0233889 0.0354221
-0.0490435 0.0924671 -0.877711
-0.0234685 0.026303 -0.434897
-0.0490435 0.0574395 -0.0122122
-0.0234685 0.035475 -0.99733
-0.0234685 0.0827781 -0.0207994
0.0888354 -0.048964 0.248017
0.0200368 -0.048964 -0.664184
-0.0490435 0.0137402 -0.203361
0.0718474 -0.048964 -0.0900299
0.00246536 -0.0233889 -0.753009
-0.0201023 -0.048964 0.630687
-0.0255032 0.0970212 0.823433
-0.00334529 -0.0233889 0.989299
-0.0490435 0.0736547 -0.38803
-0.0490435 0.0747206 0.425385
-0.0490435 0.0225321 0.830295
-0.0490435 0.0191999 0.134155
-0.00553266 -0.048964 -0.81437
0.0836557 -0.0233889 0.301499
0.0145335 -0.0233889 -0.369973
0.0683477 -0.0233889 -0.0288532
0.0887467 -0.0233889 0.713506
-0.0234685 0.0226472 0.23217
0.0966199 -0.0252233 0.340426
0.0156905 -0.048964 0.528124
-0.00855689 -0.0233889 0.288999
-0.0490435 0.0289989 0.981807
-0.0490435 0.0627502 -0.972669
-0.0148771 -0.048964 0.287881
-0.0490435 0.00298398 -0.66964
-0.0490435 0.102803 -0.33477
0.0436248 -0.0233889 -0.574033
0.0462253 -0.048964 -0.387927
-0.0278913 0.0997726 -0.832502
0.0443881 -0.0233889 -0.992122
-0.0490435 0.0979243 -0.14682
0.0703538 -0.048964 0.321424
-0.0490435 0.0133304 0.509399
-0.0490435 0.0341959 0.809103
0.0378344 -0.048964 -0.177391
0.0447009 -0.0233889 0.0730603
-0.0111053 -0.048964 -0.942039
0.102808 -0.0407614 0.0433549
-0.0235826 0.0918048 0.0782905
0.0630809 -0.0233889 -0.189141
-0.0119071 -0.0233889 -0.735702
0.00276978 -0.048964 0.966793
0.102808 -0.0407083 0.132077
-0.0234685 0.0489663 -0.192772
-0.0234685 0.0888241 -0.144963
0.0259626 -0.048964 -0.0450664
-0.0490435 0.0424277 -0.55571
-0.0490435 0.0154575 0.262371
-0.0234685 0.0843562 -0.391532
-0.0403719 0.102888 0.0071714
-0.0490435 0.0115419 0.482123
-0.00677059 -0.048964 0.114315
-0.0490435 0.00938325 0.914882
-0.0490435 0.0339342 0.155264
0.102808 -0.041027 -0.600262
-0.0490435 -0.0399882 0.120131
0.0557258 -0.0233889 0.445598
-0.0490435 0.00539281 -0.89888
0.00428983 -0.048964 0.503422
0.0832997 -0.0233889 0.447966
-0.0234685 0.048288 -0.492182
0.0975617 -0.025849 0.527204
0.0467748 -0.048964 0.746938
-0.0234685 0.0171709 0.926174
-0.0490435 0.041266 0.36988
-0.0234685 0.0295109 -0.74684
0.0783608 -0.0233889 -0.548496
0.0909072 -0.048964 -0.47824
-0.0174418 -0.048964 -0.211079
-0.0490435 0.0156389 0.951482
-0.0322153 0.102233 0.140662
-0.0490435 -0.0380661 -0.968214
0.0619232 -0.0233889 -0.0394938
0.102808 -0.0397697 -0.17594
-0.023818 0.0930696 0.664472
0.102808 -0.0375077 0.811251
0.0748792 -0.048964 0.336529
-0.00143296 -0.048964 -0.320664
-0.0234685 0.0428267 0.0869892
0.00931935 -0.048964 -0.28628
0.065843 -0.0233889 0.76452
0.00626643 -0.048964 0.0479573
-0.0454244 0.102888 0.949567
0.0800123 -0.048964 0.0471849
-0.0234685 0.0497331 0.154025
0.00884169 -0.0233889 -0.259544
-0.0234685 0.0297712 -0.200259
0.0169047 -0.0233889 -0.927981
-0.048524 -0.048964 0.94446
-0.0234685 0.0342016 -0.660129
-0.0223742 -0.048964 -0.604544
-0.0490435 -0.00794541 0.935068
0.0379213 -0.048964 0.515816
0.00922893 -0.048964 0.0949853
0.0619596 -0.048964 0.16639
-0.0490435 9.63863e-05 -0.876576
0.0781342 -0.0233889 0.220611
0.0571818 -0.048964 -0.845348
0.053037 -0.048964 0.965758
0.0417109 -0.0233889 0.754974
-0.0234685 0.0281732 0.0532531
-0.0490435 0.0564064 -0.679602
0.00565324 -0.0233889 0.661659
-0.0451351 0.102888 -0.738508
-0.0234685 0.0819128 -0.766113
-0.0490435 0.0522852 -0.62419
0.0887034 -0.048964 -0.307083
0.0905696 -0.048964 -0.8684
-0.0234685 0.0157874 -0.398051
0.102808 -0.0397134 0.861509
0.070448 -0.048964 0.693801
-0.0490144 0.102888 -0.940629
-0.0490435 0.0060117 0.284159
-0.0490435 0.0111017 -0.0142869
-0.0234685 0.0716975 -0.412227
-0.0490435 -0.0163145 0.901432
-0.040721 -0.048964 -0.440625
-0.00362482 -0.048964 -0.517265
-0.0490435 0.03327 -0.435643
-0.0234685 0.0367821 0.14554
-0.0490435 -0.00434073 0.0413395
-0.0369496 0.102888 0.217985
0.0689982 -0.048964 -0.175631
-0.0234685 0.0717882 0.238576
0.0928482 -0.048964 0.201679
-0.0490435 -0.0423352 0.36734
-0.0490435 0.0523182 -0.0712091
-0.0490435 0.0367502 -0.21752
0.00583826 -0.0233889 0.715181
0.0657897 -0.048964 -0.87747
-0.0490435 0.0165857 0.0315735
-0.0234685 0.0155346 -0.957149
-0.0490435 -0.000451686 -0.533413
-0.0234685 0.0736709 -0.789924
0.0747041 -0.0233889 0.849879
0.000670793 -0.0233889 -0.996209
-0.0490435 0.0757045 -0.526509
0.0480849 -0.0233889 0.0260908
-0.0234883 0.0908118 -0.627212
0.0907842 -0.0234117 0.726252
0.0476177 -0.048964 0.649422
-0.0490435 -0.0027674 -0.648364
-0.0224154 -0.0196541 0.4177
-0.0234685 0.0486847 0.87458
-0.0490435 0.0361729 -0.494663
-0.0234685 0.0873181 -0.691603
0.0541594 -0.048964 -0.134139
0.0643443 -0.048964 0.301959
-0.0234685 0.066874 -0.676537
-0.0490435 0.0438693 0.749695
0.0652204 -0.0233889 -0.368626
-0.0490435 0.00296905 0.0933518
0.0342909 -0.048964 0.677151
-0.0236271 0.0921084 -0.119856
0.0116193 -0.0233889 0.78686
-0.00585603 -0.0233889 0.353191
-0.0490435 -0.027666 -0.758685
-0.0490435 0.0397434 -0.131468
-0.0234685 0.0837168 -0.0456976
0.0417126 -0.048964 0.987797
-0.0144997 -0.048964 0.603028
-0.0490435 0.0020795 0.336633
0.0706259 -0.048964 -0.527699
-0.0490435 -0.0189574 -0.499015
-0.0191954 -0.048964 -0.227937
-0.0490435 0.0314264 -0.246166
-0.0234685 0.0549829 -0.602656
0.0458332 -0.0233889 0.655479
0.0978013 -0.0260283 -0.914751
-0.0490435 0.0827221 -0.00236092
-0.0490435 0.0598221 -0.492049
-0.0490435 0.0702279 -0.582792
-0.0396183 0.102888 -0.587833
-0.0490435 -0.0390238 0.67176
-0.0490435 0.0460623 0.964749
0.102808 -0.0371188 0.724587
-0.0220025 -0.020281 0.433063
0.0204888 -0.0233889 0.25096
-0.0490435 0.000942551 0.961315
-0.0234685 0.050632 -0.864292
-0.0234685 0.0706946 -0.21818
-0.0109138 -0.048964 -0.379088
-0.0234685 0.00872012 -0.831444
-0.0490435 0.0212706 0.667932
0.0818403 -0.0233889 -0.757243
-0.0292255 -0.048964 0.698255
-0.0234685 0.0770794 0.595383
-0.0490435 0.0580219 -0.301747
0.00848588 -0.0233889 -0.490681
0.102807 -0.0359756 0.785264
-0.0359929 -0.048964 0.276319
0.00078065 -0.0233889 -0.738641
-0.0234685 0.0675955 0.744076
0.00875286 -0.0233889 -0.77369
0.0914675 -0.023471 0.999974
0.0235807 -0.048964 -0.239155
0.0178001 -0.0233889 -0.450621
-0.0234685 0.0712429 -0.740751
-0.0490435 -0.0137337 -0.966124
-0.0490435 -0.00778217 0.0289873
-0.0368209 0.0826161 -0.998051
-0.0240699 0.0939758 0.26744
-0.0234685 0.0705229 -0.527539
-0.0440455 -0.048964 -0.259918
0.0670342 -0.0233889 -0.355354
-0.0234685 0.0262412 0.691132
0.0994315 -0.0275186 0.585726
-0.0234685 0.00118889 -0.497008
-0.0239097 0.0934304 0.240059
-0.0234685 0.0446494 -0.812688
-0.0378764 0.102888 -0.387449
-0.0234685 0.0444998 -0.355836
0.0851886 -0.0233889 -0.387763
-0.0490435 0.0925768 -0.517278
-0.0234685 0.0337982 0.343599
-0.0490435 0.0870489 -0.498824
-0.0145947 -0.048964 -0.314081
-0.0374079 -0.048964 -0.558077
0.0567574 -0.048964 0.536477
-0.0372579 -0.048964 0.728512
-0.0234685 0.0870364 -0.666561
-0.0490435 0.102202 -0.959946
-0.0100966 -0.0233889 0.437718
-0.0490435 0.00618904 0.385126
0.0726896 -0.048964 0.548591
-0.0155107 -0.048964 0.876343
-0.0234685 0.0632758 0.497951
-0.0490435 -0.0129616 -0.783556
-0.0234685 0.0116523 -0.133188
-0.0234685 0.0011687 0.112352
-0.0490435 -0.0174534 -0.256318
-0.0490435 -0.038732 -0.0400294
-0.0239398 0.0935402 0.805643
-0.0490435 0.0757818 -0.770559
-0.0490435 0.089746 -0.673487
-0.0234685 0.0453513 0.70751
-0.0414197 0.102888 -0.0700598
0.0095486 -0.0233889 -0.381819
0.00293757 -0.0233889 -0.822014
-0.0239258 0.0934897 0.960393
-0.0234685 0.0822421 0.61264
-0.0490435 0.00461134 -0.923461
0.0709171 -0.048964 0.732617
-0.0194922 -0.048964 0.422883
-0.0490435 0.0616917 0.640059
-0.0490435 0.0619565 0.549309
0.07235 -0.048964 0.496367
0.0466564 -0.048964 -0.5721
-0.0444324 -0.048964 -0.623006
-0.0490435 -0.0210861 -0.327738
-0.0234685 -0.0138343 0.933893
0.102808 -0.0373123 -0.97066
-0.0234685 0.0179201 0.981705
-0.0490435 0.0709886 -0.986158
0.0616245 -0.0233889 -0.410377
-0.0490435 0.0247599 -0.943854
-0.0490435 0.0202999 0.62532
-0.0234685 0.0158709 -0.461666
-0.0372726 0.102888 -0.424885
-0.0234685 0.0503204 -0.780647
-0.0448342 -0.048964 0.342146
0.082537 -0.048964 -0.849195
0.0527351 -0.048964 -0.521249
0.102808 -0.0387197 0.899493
0.0140336 -0.0233889 0.528093
0.0599547 -0.048964 0.485255
-0.0490435 -0.021319 -0.305122
0.0441223 -0.048964 0.0552772
-0.0234685 0.0159061 0.515807
-0.0234685 -0.00785685 -0.30881
-0.0234685 0.0756886 0.297756
-0.0367615 0.102888 -0.273845
-0.0102892 -0.0233889 -0.986689
0.0965741 -0.0251958 -0.277517
0.0704258 -0.048964 0.747116
0.00923507 -0.048964 -0.326862
-0.0234685 -0.00849818 -0.504116
0.0437121 -0.048964 -0.748831
0.0909397 -0.048964 0.862208
0.077186 -0.048964 -0.424994
0.0894341 -0.0329376 -0.998051
-0.0401096 0.102888 -0.326673
0.0639174 -0.048964 -0.690503
-0.0234685 0.0401078 -0.589608
-0.0234685 0.0638039 0.537342
-0.0490435 0.0770795 0.232132
0.0818568 -0.0233889 0.795376
-0.0490435 -0.00115845 -0.620638
-0.0490435 -0.0349259 0.408058
-0.0490435 0.00573175 -0.224593
0.0560116 -0.0316374 1
0.0667338 -0.0233889 -0.131676
0.102808 -0.0488561 -0.423104
-0.0365495 0.102888 -0.249619
-0.0308378 -0.048964 -0.874837
-0.0276446 -0.048964 -0.630277
-0.00157407 -0.0233889 -0.696588
0.100077 -0.0282774 -0.371215
0.0993064 -0.0273845 -0.429919
-0.0234685 -0.00852625 0.294126
-0.0490435 0.0359725 0.0543549
0.0549062 -0.0233889 -0.537373
0.0273869 -0.048964 -0.532307
-0.0234685 0.0393023 0.55298
0.0916273 -0.048964 0.973763
-0.0490435 0.0983618 0.865674
-0.0234685 0.0230966 -0.35986
0.0209038 -0.048964 -0.320368
-0.0490435 0.0386158 0.517269
-0.0236431 -0.048964 -0.0779793
-0.0101833 -0.0233889 0.0164129
-0.0234685 -0.0106515 -0.199864
0.102808 -0.0398846 -0.124171
0.0931241 -0.048964 -0.262412
0.0572277 -0.0233889 0.702204
-0.0490435 0.092945 -0.260223
-0.0490435 0.00537675 0.753526
-0.0234685 0.0255174 0.400774
0.102808 -0.0391521 0.0671669
-0.0490435 0.0710317 -0.503061
-0.0490435 -0.0337826 0.746115
-0.0490435 0.0416144 0.938669
-0.0234685 0.008897 -0.235979
-0.0234685 0.0673493 0.092938
-0.0379901 -0.048964 0.139419
0.0898773 -0.048964 0.727028
-0.0234685 0.0855552 0.172848
0.0912294 -0.048964 0.383688
-0.0490435 0.084703 -0.824118
0.0382434 -0.0233889 0.0999436
-0.0490435 -0.025695 0.560375
-0.0490435 0.0689722 0.438038
0.102807 -0.0359654 -0.621277
-0.0490435 0.00163029 -0.245339
0.0823217 -0.048964 0.826741
-0.0490435 -0.0366616 0.77112
-0.0490435 -0.0175484 0.122687
-0.0490435 0.0920424 0.687899
-0.0490435 0.00612748 -0.30846
0.0964236 -0.0251073 0.109064
-0.0234685 0.0269904 0.302914
0.0525101 -0.0233889 0.158934
0.065993 -0.0233889 0.061246
-0.0305531 -0.048964 0.752884
-0.0234685 0.0712654 0.401159
-0.0268217 0.0987325 0.327388
-0.0371099 0.102888 0.792713
0.0334067 -0.048964 -0.591673
0.0609166 -0.0233889 -0.831158
0.102808 -0.0383644 -0.0958129
0.0575838 -0.0233889 0.600739
-0.0485307 -0.048964 -0.17791
-0.0490435 0.00824943 0.789683
-0.0490435 -0.00869599 0.51996
0.102808 -0.0421216 -0.922092
-0.0234685 0.0825069 0.771059
-0.0162567 -0.048964 -0.496371
-0.0234685 0.0251446 -0.138799
0.0569974 -0.048964 0.990034
0.00639339 -0.0233889 0.564732
-0.0234685 0.0373637 0.774778
-0.0490435 0.0489388 -0.262501
-0.036301 -0.0152952 -0.998051
-0.0490435 0.0984634 -0.0234046
0.00535428 -0.0233889 0.63096
0.102808 -0.0443219 -0.901472
0.0890435 -0.0233889 0.617554
-0.0490435 0.0905866 -0.704275
-0.0490435 0.0104183 -0.179022
0.0574482 -0.048964 0.6067
-0.0129269 -0.0233889 -0.141112
0.0474444 -0.0233889 -0.24812
0.00667064 -0.048964 0.988446
0.00978103 -0.0233889 0.141694
-0.0419961 0.102888 -0.436812
-0.0142426 -0.048964 0.544058
0.00825736 -0.048964 -0.757603
0.0171168 -0.0233889 -0.436249
-0.0234685 -0.0109169 -0.136546
0.00727171 -0.048964 -0.364866
-0.0490435 0.0499402 -0.570017
-0.0067345 -0.0233889 -0.342244
-0.0471973 -0.048964 0.81793
-0.0490435 0.0234799 -0.356811
-0.0490435 0.00738422 -0.0572388
0.0330683 -0.0233889 -0.142298
0.0185365 -0.0233889 -0.749267
-0.0246271 0.0954192 -0.278582
-0.0490435 0.0378178 0.586424
-0.00965977 -0.048964 -0.0117864
0.0229997 -0.048964 0.298413
-0.0234685 -0.0131532 -0.704592
0.0200911 -0.0233889 -0.953281
0.0423217 -0.0233889 -0.717602
-0.0490435 0.0710411 -0.86559
-0.0490435 0.0163436 0.094275
0.0175397 -0.048964 0.944107
0.0954615 -0.0246041 -0.0574214
-0.013066 -0.0233889 -0.943293
0.0291988 -0.0233889 -0.972102
-0.0205515 -0.0217785 -0.448723
0.102808 -0.0481734 -0.0477881
0.0210716 -0.048964 -0.430861
0.00456609 -0.048964 0.924654
0.00208007 -0.0233889 0.202638
0.0485595 -0.048964 0.120174
0.102808 -0.0407301 0.360229
-0.0377514 0.102888 0.543375
-0.0226936 -0.0191379 0.214646
0.0412281 -0.048964 -0.224513
-0.0490435 0.061456 0.769307
0.0214475 -0.0233889 0.576223
-0.0218857 -0.048964 0.0509505
-0.0490435 0.0140174 0.565902
0.043732 -0.048964 -0.0283606
-0.0490435 0.0304439 -0.780131
-0.0490435 0.0507857 -0.954637
-0.0490435 0.0879573 -0.647606
0.0641037 -0.048964 -0.72233
0.102802 -0.035764 -0.589846
0.0596599 -0.048964 -0.615037
0.0166317 -0.0233889 0.750146
-0.0234685 -0.014306 0.569985
-0.0234685 0.00419166 -0.802307
-0.037011 0.102888 0.976054
-0.0234685 0.016042 -0.907032
-0.0234685 -0.0100531 0.548434
-0.00740181 -0.0233889 0.217666
-0.0234685 0.00480208 0.0495902
-0.0490435 0.00242652 0.800624
-0.0234555 -0.0162401 -0.666416
-0.0234574 -0.0162054 0.248581
-0.0382962 0.102888 -0.694372
0.0360753 -0.0233889 0.147179
0.0848227 -0.048964 -0.707445
0.0724208 -0.0233889 0.144166
-0.0490435 -0.0369328 -0.2426
-0.0172169 -0.0232696 0.668414
-0.0490435 -0.0445782 -0.0109793
0.0583635 -0.0233889 0.855709
-0.0234685 0.0143353 0.545552
-0.00484155 -0.048964 -0.967071
-0.0236994 0.0925193 -0.0768637
-0.00966046 -0.0233889 -0.896938
-0.0490435 0.0534565 -0.394874
-0.0490435 -0.0250091 0.693768
-0.0490435 0.0560439 0.292071
-0.0490435 -0.0248302 0.976322
0.0334515 -0.0233889 -0.864896
-0.0234685 0.0108849 0.829503
0.102808 -0.037671 -0.346291
-0.00684375 -0.0233889 0.0985785
0.0175066 -0.048964 -0.508775
0.0756619 -0.048964 0.880817
-0.0490435 0.0382262 -0.3791
-0.013632 -0.048964 0.0422819
0.0225846 -0.0233889 -0.46306
-0.0234685 0.0395001 -0.515065
-0.0237655 -0.048964 -0.439228
0.0931784 -0.0237849 0.464826
-0.0490435 0.0741754 -0.841761
0.0408958 -0.0233889 0.503458
-0.0234685 0.0555198 0.95648
-0.0234685 0.0139871 -0.0978151
-0.0234685 0.000714277 0.229245
0.0982047 -0.0263507 0.234365
0.0145646 -0.0233889 0.510485
-0.0490435 0.0786965 -0.962402
-0.0490435 0.0767159 -0.138742
0.0332982 -0.048964 0.0104418
-0.0380793 0.102888 0.420947
0.0840556 -0.0233889 -0.986598
-0.00372532 -0.048964 -0.558409
0.0755637 -0.048964 -0.0731705
0.0114711 -0.0233889 0.160472
-0.0490435 -0.018554 0.614692
-0.0234685 0.0436505 -0.720237
0.0588614 -0.0233889 0.649534
-0.0408571 -0.00718553 1
0.0764088 -0.0233889 -0.92535
-0.00671357 -0.048964 0.888431
-0.0490435 0.0174062 -0.901518
-0.0234685 0.023085 0.371869
-0.0234685 0.0124867 0.265938
0.0508626 -0.048964 -0.412808
-0.0259695 0.097697 0.493602
0.0345753 -0.0233889 -0.344926
-0.0234685 0.0713309 0.279518
0.0222104 -0.0233889 0.693626
-0.0234685 0.0253547 -0.224908
-0.0490435 0.0104452 -0.387589
-0.0234685 0.0627616 0.347137
0.093242 -0.048964 0.318629
-0.0490435 0.0354779 -0.270169
0.0116519 -0.048964 0.303186
-0.0490435 0.0697144 -0.250474
0.101774 -0.0311377 -0.763555
-0.0490435 -0.00394889 0.10432
0.0718091 -0.048964 -0.29189
-0.0490435 0.0713209 0.952054
-0.00126634 -0.0233889 0.0557324
-0.0234685 0.0874733 0.0163148
-0.0202736 -0.048964 0.939288
0.0942961 -0.048964 -0.658578
0.047508 -0.048964 -0.982569
-0.0234685 0.00839587 -0.324142
0.00197851 -0.048964 -0.833708
0.00950767 -0.048964 0.877975
0.0910965 -0.0234343 -0.131488
-0.0234685 0.0892283 -0.870165
-0.0234685 0.0100884 0.455839
0.0380639 -0.048964 -0.0949405
-0.0234494 -0.0163338 -0.0388701
-0.0490435 -0.0486813 -0.0759641
-0.0490435 0.0503742 0.352374
-0.0285009 0.02431 -0.998051
-0.0490435 -0.0177413 -0.0331807
0.0138974 -0.048964 -0.105877
0.0793617 -0.048964 0.80163
-0.0234685 -0.00855666 -0.48042
0.0254713 -0.048964 0.969647
0.092572 -0.048964 0.341668
0.0258649 -0.0233889 0.733671
-0.0490435 0.0758067 0.132947
-0.0490435 0.0873204 -0.116425
0.100677 -0.0291075 -0.455426
-0.0450302 0.102888 0.519501
-0.0490435 -0.0382694 -0.559724
0.0194814 -0.048964 -0.088071
0.102808 -0.0373659 -0.14226
-0.0490435 0.0727658 0.00345035
-0.0234685 0.0556961 0.0651511
0.0659211 -0.048964 -0.743421
-0.0234685 0.034543 -0.214448
-0.0234685 0.0716059 -0.308344
-0.0375747 0.102888 -0.798728
0.0686204 -0.048964 0.618413
0.0968287 -0.0253518 0.658618
0.00711284 -0.048964 0.0319848
-0.0490435 0.0366369 0.0660829
0.0553349 -0.0233889 0.985707
-0.0235725 0.0917283 -0.985177
-0.023575 0.0917474 0.137283
0.0562926 -0.0233889 -0.687613
0.0422767 -0.048964 -0.345437
-0.0234685 0.0641941 -0.432585
0.000532212 -0.048964 -0.202142
-0.0460337 -0.048964 0.433478
0.0504355 -0.048964 -0.622562
0.0146196 -0.048964 -0.00755953
-0.00230339 -0.048964 0.253214
-0.0234685 0.0324797 0.106051
-0.0490435 0.0889472 0.743953
0.102808 -0.0448371 0.631503
0.0283879 -0.048964 0.955491
0.0527866 -0.048964 -0.106654
0.102808 -0.0423922 -0.817314
-0.0234685 -0.0121504 -0.691358
-0.0374642 -0.0272675 1
-0.0116084 -0.0233889 0.914518
-0.0490435 -0.00234014 0.157577
0.102808 -0.0427571 0.153989
-0.00584816 -0.0233889 -0.512472
-0.0490435 0.0913901 -0.136184
-0.0234685 0.0166954 0.681773
0.0976569 -0.0259192 -0.564708
-0.0180196 -0.02308 0.195822
0.0932096 -0.048964 -0.962804
0.0587375 -0.0233889 0.941921
-0.0490435 0.0996537 0.0331599
-0.0479898 0.102888 -0.378534
0.0282279 -0.048964 -0.487365
-0.0490435 0.0683803 0.972945
-0.0413452 -0.048964 0.311074
0.0661424 -0.048964 0.812821
-0.0234685 0.00668371 -0.577012
-0.0234685 -0.00648874 -0.763921
-0.0490435 -0.00205173 0.840003
0.0715911 -0.048964 -0.37163
-0.0490435 -0.0454742 0.459081
-0.0490435 0.0774429 -0.714868
-0.0490435 -0.0313841 0.314782
-0.0234685 -0.0121989 -0.400539
0.026864 -0.048964 0.445848
-0.0471902 -0.048964 -0.914915
-0.0490435 -0.0306442 -0.900716
-0.0234685 0.0236376 0.775053
-0.0490435 0.00651931 -0.116584
0.0271694 -0.048964 -0.465277
0.0909795 -0.048964 -0.510797
0.0975573 -0.0258459 -0.725395
-0.00226938 -0.048964 -0.424726
-0.0490435 0.0559098 -0.408601
-0.0490435 0.0709283 0.498425
0.0370995 -0.048964 0.129904
0.0466061 -0.0233889 -0.483523
-0.0234685 0.0881878 -0.802446
-0.0194083 -0.0225172 -0.576209
-0.0490435 0.0683957 -0.89671
-0.0490435 0.0814492 -0.408962
0.0207543 -0.0233889 -0.016455
0.0892136 -0.048964 0.304685
0.0178503 -0.0233889 -0.122549
-0.0490435 0.00408011 -0.797686
-0.0490435 -0.0427711 0.962022
0.0940362 -0.0240357 0.884142
0.0450277 -0.048964 0.467777
-0.0234685 0.0861149 -0.291159
0.0305191 -0.048964 -0.339189
-0.00202069 -0.048964 -0.269023
-0.0234873 -0.048964 0.82676
0.0676412 -0.0233889 -0.864898
0.101509 -0.0305607 -0.666745
-0.0490435 -0.0166772 0.0640449
0.0914684 -0.048964 0.816643
-0.0234685 0.0411564 -0.559361
0.0271581 -0.048964 0.749088
0.0505275 -0.0233889 0.964046
-0.0490435 0.00816219 0.304254
-0.00919817 -0.048964 -0.0278864
-0.0234685 0.0671789 0.381937
-0.0234685 -0.00655923 0.673932
0.0714059 -0.048964 -0.494384
-0.0490435 -0.0206955 -0.584964
-0.0490435 0.0532397 0.138211
0.0606462 -0.0233889 0.021331
0.0873401 -0.0233889 0.26937
-0.0286554 0.100384 0.60826
0.049752 -0.048964 -0.727336
-0.0234685 0.0582773 0.997478
-0.0490435 0.00293977 -0.492851
0.0194888 -0.0233889 0.0645851
-0.0234685 0.00108543 0.378236
-0.0234685 0.0544326 -0.248621
-0.0490435 -0.015024 0.252364
-0.0234685 0.0438977 -0.873581
-0.0234685 0.0336526 -0.833915
-0.0490435 -0.0306709 0.511727
-0.0234685 0.0701977 0.845879
-0.0490435 0.0629701 0.660191
-0.0234685 0.025039 -0.0913687
-0.00677365 -0.0233889 0.635822
-0.0490435 -0.0148962 0.0800212
0.0197034 -0.0366269 -0.998051
-0.0490435 0.0331334 -0.923114
0.0300143 -0.048964 -0.948417
0.102808 -0.0375075 0.620254
-0.0490435 0.0868187 0.972119
-0.0061161 -0.0233889 0.256817
0.0924984 -0.048964 0.765154
0.0732101 -0.048964 -0.0293499
-0.0245804 0.0953158 0.160269
0.0231794 -0.048964 -0.933886
-0.00814599 -0.048964 -0.579275
0.0415534 -0.048964 0.299713
-0.0234685 0.0238237 0.14363
0.043995 -0.0233889 0.576678
-0.0260796 0.0978438 0.0973912
-0.0234685 -0.0114873 0.317667
0.0545682 -0.048964 0.70809
0.0264912 -0.048964 -0.250147
-0.0490435 0.00607374 0.68556
0.0783804 -0.048964 -0.0518097
0.0913428 -0.0234575 -0.24514
-0.0234685 -0.0121718 -0.620024
-0.0490435 0.00291113 -0.949135
-0.0389386 -0.048964 -0.695261
-0.0234685 0.0462801 -0.742252
-0.029323 0.100845 -0.0821682
-0.0490435 0.089881 -0.0636457
0.0127391 -0.0233889 -0.509365
-0.0367138 -0.048964 0.0642464
-0.0302243 -0.048964 0.304375
0.0633671 -0.048964 0.423457
-0.0490435 0.023653 0.103063
-0.0490435 -0.0332313 -0.8206
0.0591706 -0.048964 -0.966457
0.00682232 -0.0233889 0.186453
-0.0490435 0.00590288 -0.36739
-0.014941 -0.048964 0.445588
0.00700526 -0.048964 -0.377149
-0.0490435 -0.0228595 -0.539134
-0.0490435 -0.0355874 -0.717876
0.0188836 -0.048964 0.849797
-0.0234685 0.0201273 -0.0761872
-0.00427723 -0.048964 -0.645485
0.0798863 -0.048964 0.935557
-0.0490435 0.0631719 -0.884129
-0.0234685 0.0685353 0.021502
-0.0302398 0.101384 -0.731661
0.0918015 -0.048964 0.953024
-0.0490435 0.022697 -0.859872
-0.0234685 0.0614768 0.602211
0.102808 -0.0444738 -0.517703
-0.0490435 0.0126301 0.153431
-0.0437653 -0.048964 -0.962547
0.0793561 -0.048964 -0.144647
0.0902514 -0.048964 -0.589567
-0.0490435 0.0818457 -0.937416
0.0622972 -0.0233889 0.787165
-0.0490435 0.0560254 0.269241
-0.0233637 -0.0170531 0.0393425
0.0953804 -0.0245663 0.560195
-0.0490435 0.00361085 -0.410819
0.0949276 -0.0243678 -0.814367
-0.0490435 -0.0238876 -0.520471
-0.0490435 -0.00575407 0.397228
-0.0490435 0.102527 -0.482122
0.00785094 -0.048964 0.736409
0.0435403 -0.048964 0.816112
0.0954879 -0.0246166 -0.0787387
0.0262559 -0.0233889 0.300426
0.0932192 -0.0237954 -0.827319
-0.0234685 0.015734 -0.109471
0.102808 -0.0442205 -0.864659
-0.0490435 0.0292334 -0.684265
-0.036273 -0.048964 -0.0784759
-0.0234685 0.000646084 0.400997
0.0268721 -0.0233889 -0.182575
-0.0490435 0.0267871 0.956235
0.00765663 -0.048964 -0.341178
-0.0108107 -0.048964 -0.477222
-0.0165822 -0.023356 -0.725437
-0.0234685 0.0780863 -0.600467
-0.0490435 -0.0372174 0.98532
-0.0197193 -0.048964 -0.0974416
-0.0353295 0.102854 0.487655
-0.0234685 -0.00457005 0.0982629
0.0462408 -0.0233889 -0.142177
-0.0490435 0.0636418 -0.37236
-0.0234165 -0.016683 0.360172
-0.0490435 -0.0400339 0.913568
-0.0234685 -0.0105468 -0.578621
0.0890198 -0.0233889 -0.35983
0.0117213 -0.048964 -0.397863
-0.0490435 0.0628032 0.787255
-0.0490435 -0.0279102 -0.42813
-0.0234685 0.0391645 -0.699849
0.0771406 -0.0233889 -0.350363
0.0377712 -0.048964 -0.551897
-0.0489445 0.102746 -0.998051
-0.0490435 0.00316254 -0.683276
-0.00407239 -0.048964 0.0281659
0.0332656 -0.0233889 -0.809106
-0.0247328 0.0956443 -0.334864
-0.0490435 0.0228218 0.0518467
0.0322042 -0.0233889 0.179043
-0.0490435 -0.0418029 0.00692034
-0.0490435 0.0144196 -0.819242
-0.0490435 -0.0379483 0.13678
0.0282675 -0.048964 -0.990693
-0.0490435 0.0563345 -0.596872
-0.0234685 0.0717288 -0.334966
-0.0382092 -0.048964 -0.245948
-0.0204388 -0.0218649 -0.992324
-0.0490435 -0.0135363 -0.049676
-0.0490435 -0.0148474 0.78853
-0.0490435 0.0598013 -0.824175
0.00439723 -0.048964 -0.602728
-0.0234685 0.0646703 -0.352319
-0.0234685 0.0410247 0.264521
-0.0417833 0.102888 0.840789
-0.0490435 0.0945778 0.0936344
-0.0234685 0.0877157 0.885419
-0.0490435 0.0241585 0.846962
0.102517 -0.048964 -0.148498
-0.0234685 0.0150888 -0.170811
-0.0490435 0.00672714 -0.156351
-0.0234685 0.0718605 0.874863
-0.0490435 -0.0474801 -0.402193
-0.0234685 -0.00402154 0.352244
0.0076767 -0.0233889 -0.0774416
-0.0234685 0.00300391 0.784132
-0.0355666 0.102869 0.462393
0.000380289 -0.0233889 -0.425085
0.0535317 -0.0233889 -0.388582
0.0761561 -0.043922 1
0.0367127 -0.0233889 -0.679317
0.102808 -0.0367126 -0.831936
0.0454512 -0.048964 0.589182
0.00143137 -0.048964 0.428346
0.0502278 -0.0233889 -0.650341
0.0137807 -0.0233889 -0.281356
-0.0490435 0.0454674 0.212684
-0.0490435 0.0372074 0.256007
-0.0366927 0.102888 0.356462
-0.0490435 -0.0469085 0.266406
0.0199846 -0.048964 -0.27438
-0.0490435 0.0778998 0.815678
-0.0234685 0.02499 0.670016
-0.0234685 0.044137 0.0468119
0.03456 -0.0233889 -0.227793
0.0965738 -0.0251956 -0.15708
0.0190665 -0.0233889 0.713493
-0.0234685 -0.0153116 -0.846276
-0.031298 -0.048964 0.572515
-0.0258196 -0.048964 -0.896192
-0.0100635 -0.048964 0.469179
-0.0490435 0.0125755 0.84835
-0.0284429 -0.048964 -0.115877
0.099015 -0.0270866 -0.221924
0.00473869 -0.0233889 -0.270542
-0.0273501 0.0992767 -0.450234
-0.0234685 0.0602671 0.857222
-0.0234685 0.0599186 -0.42127
-0.0234685 0.0214089 0.648
-0.0444534 0.102888 -0.785684
-0.0490435 0.102536 0.696279
-0.0287333 -0.0014559 -0.998051
-0.0490435 0.0769417 0.763423
-0.0490435 -0.0298793 -0.392555
-0.0412345 0.102888 -0.846094
0.100423 -0.028739 0.569461
0.0954679 -0.0246071 -0.689185
-0.0234685 0.00585608 0.587163
-0.0490435 0.0786979 -0.59524
-0.0490435 0.0590954 0.909148
-0.0490435 0.0661567 -0.288357
0.0935712 -0.048964 0.234182
0.0900942 -0.048964 -0.186359
-0.0234685 0.0581718 0.247331
0.102808 -0.0419024 -0.775989
0.0661838 -0.048964 -0.458477
-0.0376004 -0.048964 0.0335422
0.0342233 -0.048964 -0.969207
0.00979234 -0.048964 -0.485202
-0.0490435 0.00145159 0.472275
0.0953306 -0.0245435 -0.949397
0.0700285 -0.0233889 -0.0491486
-0.0236481 0.0922362 -0.70166
-0.0490435 0.0346809 -0.0072367
-0.0255605 -0.048964 0.0931747
-0.0234685 0.0569866 -0.154166
-0.0234685 -0.0137225 -0.066284
0.0803249 -0.048964 -0.685832
-0.0216027 -0.0207814 0.237028
-0.0490435 0.0163497 -0.765301
-0.0490435 -0.020619 0.586787
0.0373302 -0.048964 0.479437
0.0981454 -0.0263017 0.191897
-0.0122143 -0.0233889 -0.466332
0.0573058 -0.048964 0.219439
0.026466 -0.048964 0.24809
-0.0490435 0.0734141 -0.571085
-0.0490435 0.0807838 -0.300494
-0.0490435 0.0936388 -0.159361
-0.0490435 0.0259724 0.998169
-0.0490435 -0.0106105 0.212711
-0.0234685 0.0492126 -0.0127578
0.0343704 -0.0233889 0.713066
-0.0234685 0.0573548 0.0781063
0.0417112 -0.048964 0.892078
-0.0234685 0.0887301 0.859198
-0.0234685 0.0641239 -0.800965
-0.0490435 0.0255903 0.799184
-0.0490435 -0.018534 -0.661427
-0.0234685 -0.011625 0.688117
0.0636712 -0.048964 0.844417
-0.0490435 0.0472085 0.234052
0.0224495 -0.0233889 0.106583
-0.0235379 0.0914314 -0.368971
0.0604805 -0.048964 0.945101
0.0624456 -0.0233889 -0.232684
0.102808 -0.0401521 0.236246
0.0956672 -0.048964 0.713713
-0.0490435 0.085041 -0.754314
-0.020607 -0.048964 -0.681881
-0.0234685 -0.0148197 0.763674
-0.0359945 -0.048964 0.251002
-0.0234685 -0.0151753 0.155824
0.0342682 -0.048964 -0.881462
-0.0234685 0.0436854 -0.476584
-0.0234685 0.0723497 0.905813
-0.0234685 0.00726639 0.894044
-0.0234685 0.0329756 0.366049
0.101607 -0.0307662 0.305665
-0.0243402 0.0947408 -0.85422
0.0781851 -0.048964 0.0823318
0.0947629 -0.048964 -0.0773548
-0.0165496 -0.048964 -0.152696
0.0801923 -0.0233889 -0.0695718
-0.0234685 0.00437696 0.0898146
-0.0234685 0.0143791 -0.0419304
-0.0490435 0.047557 0.00375291
-0.0181632 -0.048964 0.894977
-0.0236674 0.0923469 0.190319
0.0528352 -0.048964 -0.158199
-0.04574 0.102888 -0.716007
0.0468104 -0.048964 -0.787715
0.102808 -0.0415409 0.880063
0.102017 -0.048964 -0.941496
-0.0490435 0.0228007 0.172028
-0.0448973 0.102888 0.498338
-0.0490435 -0.00219153 0.423696
-0.0490435 0.0191142 -0.526005
0.102808 -0.0401974 -0.559124
-0.0234685 0.0841929 0.683301
-0.0234685 -0.00835222 0.168791
-0.0490435 -0.0209979 0.285582
-0.0234685 0.0857124 0.150205
-0.0254965 -0.048964 0.344816
0.0237427 -0.048964 -0.83394
0.101945 -0.048964 0.528382
0.0673465 -0.048964 -0.710291
-0.0490435 -0.0158705 -0.11267
-0.0234685 0.0317828 -0.968598
0.0200767 -0.0233889 -0.415373
-0.0490435 -0.0192822 -0.238361
-0.0490435 0.0399626 -0.606362
-0.0490435 0.00111127 0.494329
0.00789933 -0.0233889 -0.971804
0.0349613 -0.0233889 -0.794804
-0.0490435 0.0922531 -0.00828684
-0.0490435 0.0614227 -0.995673
0.0871898 -0.048964 -0.793305
0.0464277 -0.048964 0.241406
-0.0490435 0.0332912 0.603148
-0.0231557 -0.0179531 -0.786431
-0.0490435 0.0864518 -0.887809
0.0583647 -0.048964 -0.206879
0.0126135 -0.0233889 0.971918
0.0336539 -0.0233889 -0.162622
-0.0490435 -0.0132993 -0.29428
-0.0165958 -0.0233547 -0.776721
-0.0490435 0.0120209 -0.741568
-0.0490435 0.0243059 0.324417
-0.0412236 -0.048964 0.187478
-0.0490435 -0.039794 0.631266
-0.0490435 0.0456895 -0.500351
-0.0490435 0.0744209 0.865804
-0.0234685 -0.0139069 0.262879
-0.0490435 0.0188129 -0.171759
-0.0234685 0.0449108 0.935327
-0.0335631 0.0424285 1
0.0301324 -0.0233889 -0.88783
-0.0234685 0.0290322 0.81303
0.0113481 -0.0233889 -0.132611
-0.0234685 0.0668831 0.761838
-0.0490435 0.070059 0.387379
-0.0241529 0.0942278 0.84075
0.0241289 -0.0233889 0.831038
0.040794 -0.0233889 0.372634
0.0777834 -0.0233889 0.283582
-0.0234685 0.0606644 0.217678
-0.0490435 0.101519 -0.925249
0.0454668 -0.0233889 -0.84858
0.051851 -0.048964 0.954748
-0.0490435 0.0165434 -0.133512
-0.0234685 -0.00392199 -0.362463
-0.0490435 0.0829293 -0.693197
-0.0234697 0.0902748 -0.95323
-0.0407838 -0.048964 -0.205411
-0.0490435 -0.0306123 -0.146902
-0.0234685 0.0538196 -0.0546652
-0.0490435 -0.00946215 0.798798
-0.0234685 0.0470949 0.625275
-0.0490435 -0.0428667 0.290505
-0.0490435 0.00672508 -0.467196
-0.0490435 0.00690991 0.533511
-0.000792226 -0.0233889 -0.642268
-0.0234685 0.0850957 -0.540564
0.0781731 -0.0233889 0.918172
-0.0490435 0.0292093 -0.627627
-0.0490435 -0.0251127 -0.863509
-0.0466956 -0.048964 -0.354521
0.0978264 -0.0260476 -0.895376
-0.0490435 -0.0138469 -0.420505
-0.0131089 -0.0233889 -0.814808
0.0943388 -0.02414 0.603968
-0.0490435 -0.0397049 -0.319748
-0.0234685 0.000848511 0.534658
-0.0490435 -0.0234598 0.877856
0.013625 -0.048964 0.657313
0.00708193 -0.0233889 0.34993
-0.0234685 0.0276818 -0.537776
-0.0234685 0.0481168 0.302636
0.102808 -0.0374924 0.214687
-0.0490435 0.071474 -0.630361
-0.00486822 -0.0233889 -0.0616278
-0.0234685 -0.00478765 0.507885
-0.0490435 -0.0275802 0.862746
-0.0490435 -0.00818715 0.449513
-0.0234685 0.0848719 -0.101064
-0.0490435 0.0461465 0.540765
-0.0490435 0.0623149 -0.433907
-0.0475763 -0.048964 0.590328
-0.0196564 -0.048964 0.317574
-0.0490435 -0.0183304 -0.348295
-0.0490435 -0.0279185 -0.273824
0.0529979 -0.048964 0.263035
-0.0490435 -0.0298248 0.0854095
-0.0195484 -0.0224417 0.457672
-0.0490435 -0.0339414 -0.370694
-0.0202107 -0.0220299 0.338846
0.0266114 -0.0233889 0.40813
-0.0490435 0.0369452 0.134093
-0.0490435 0.0993383 0.613792
-0.0490435 -0.0314963 0.578282
-0.0119015 -0.048964 -0.525162
-0.0234685 0.0620144 -0.817947
0.074882 -0.048964 0.381501
-0.0490435 0.0489369 -0.725773
-0.0225242 -0.048964 -0.850454
0.0154689 -0.048964 -0.815161
-0.0234685 0.0848431 -0.466219
0.071895 -0.0233889 -0.526984
0.0444793 -0.048964 -0.186998
-0.0490435 -0.0275586 -0.0840469
-0.0234685 0.0323305 0.739884
-0.0490435 0.0425712 -0.762809
-0.0490435 0.0497167 -0.381849
-0.0358394 -0.048964 0.550739
0.0603691 -0.048964 0.546967
-0.0234685 0.0810707 0.375999
0.00889471 -0.0233889 0.913161
-0.0490435 -0.045971 0.872897
0.0599951 -0.048964 -0.40646
0.0240045 -0.0233889 0.646497
-0.0234685 0.0573198 0.834372
-0.0490435 -0.0197103 0.957379
-0.0234685 -0.0126527 0.905377
0.0766731 -0.048964 0.227707
0.089725 -0.048964 0.649069
-0.0483742 -0.048964 -0.419858
-0.0397653 0.102888 -0.128489
0.0582837 -0.048964 0.727288
0.088273 -0.048964 0.424701
-0.000435391 -0.048964 0.0741013
0.0428146 -0.048964 -0.804119
-0.0118511 -0.0233889 0.796908
-0.0417349 -0.048964 -0.611117
-0.00413785 -0.0233889 -0.781663
-0.0247519 0.0956838 0.368219
0.0917781 -0.0235103 -0.0917816
-0.0385583 0.102888 0.751673
-0.0486526 -0.048964 -0.870048
-0.0234685 0.00165401 0.565112
-0.0490435 0.0111936 -0.43495
0.0472789 -0.048964 -0.533099
-0.0205169 -0.048964 -0.656864
-0.0490435 0.0744331 -0.349165
-0.0234685 0.00515418 0.701196
0.0686936 -0.048964 0.670193
-0.0490435 0.0652072 -0.265027
0.0118025 -0.0233889 -0.858628
-0.0234685 0.0466797 0.229404
-0.0490435 -0.0104469 -0.689878
0.00426407 -0.048964 0.114542
-0.0343588 0.102746 -0.467553
0.00751266 -0.048964 -0.498213
-0.0234685 0.0193326 0.735208
-0.0234685 0.0573945 0.114696
-0.0234685 0.0837971 -0.72336
-0.0130547 -0.0233889 0.728523
0.0161606 -0.0233889 0.131207
0.000110885 -0.048964 0.366556
0.102808 -0.0382157 0.693239
0.0888256 -0.048964 -0.906679
-0.0490435 0.0894979 -0.477322
0.0030176 -0.0233889 0.327864
0.0481693 -0.0233889 -0.527143
-0.0271654 -0.048964 0.715
-0.0490435 -0.00273 -0.166261
-0.0490435 0.0647446 -0.724255
-0.0234685 0.00684816 -0.884943
0.102808 -0.0429559 -0.736354
-0.0490435 0.0556259 0.0325576
-0.0490435 0.100671 -0.595997
0.0493494 -0.0233889 0.247588
-0.0234685 0.0764733 0.808025
0.0729392 -0.048964 0.962211
0.0368945 -0.048964 0.713199
0.0945763 -0.0242279 0.0633188
-0.0238821 0.0933264 -0.972721
-0.028354 -0.0489517 1
-0.0490435 -0.0335805 -0.767905
0.0593351 -0.048964 -0.0655024
-0.00236585 -0.048964 0.78825
0.101246 -0.048964 0.555297
0.102798 -0.0356666 -0.0786759
0.0172657 -0.0233889 -0.786796
0.0738962 -0.0233889 -0.277799
0.102808 -0.0396461 0.669318
-0.0490435 0.0648583 -0.801149
-0.0234685 0.00563503 0.435584
-0.0490435 0.0268456 0.219864
-0.0222478 -0.0199251 -0.629342
-0.0490435 0.0901459 0.313648
-0.0490435 -0.00349877 0.699006
0.0920663 -0.048964 -0.250529
-0.0128665 -0.048964 -0.169706
0.102808 -0.0402667 -0.676625
0.0365462 -0.048964 0.277845
0.0495434 -0.0233889 0.95301
0.0155405 -0.0233889 0.820147
0.0196148 -0.0233889 -0.161252
0.0241944 -0.0233889 -0.837474
-0.00950903 -0.0233889 -0.129655
-0.0234685 0.0519893 0.664836
0.0761946 -0.0233889 0.155731
-0.0490435 0.0388366 -0.744969
0.0632339 -0.0233889 0.295897
0.0692172 -0.048964 -0.97206
-0.0490435 -0.0365496 -0.290374
-0.0490435 -0.0127615 -0.865821
-0.0490435 0.0332513 0.65914
0.0118833 -0.048964 -0.260016
-0.0487822 0.102888 0.721068
-0.0234685 0.0767077 0.986145
-0.0490435 0.056816 -0.277546
0.000116524 -0.0233889 0.240672
-0.0490435 -0.0488023 -0.901914
-0.0490435 0.0542833 0.920544
0.0128581 -0.0233889 0.398948
0.0796506 -0.0233889 0.594155
-0.0490435 -0.0275628 0.43428
-0.0217591 -0.048964 0.228049
-0.0490435 0.0521307 -0.0930809
-0.0490435 -0.00551958 0.862109
-0.0234685 0.0811282 -0.417906
0.0195168 -0.048964 0.86068
0.0929333 -0.023725 -0.302567
-0.0490435 0.0903592 0.85332
-0.0490435 -0.00409072 -0.00265642
-0.0490435 -0.0266518 0.155627
0.0846499 -0.0233889 -0.665825
0.000515786 -0.0233889 0.0758604
-0.0234685 0.0355674 0.196696
-0.0234685 0.0241018 -0.190843
0.0365812 -0.0233889 -0.921451
-0.0183323 -0.048964 0.853076
0.0331493 -0.0233889 -0.378667
-0.0268347 0.0987467 -0.934192
0.0925115 -0.048964 0.182566
-0.0385718 -0.048964 -0.370425
-0.00479618 -0.048964 -0.790054
0.0424151 -0.048964 -0.079895
-0.0490435 0.0935091 0.525641
-0.0471642 0.102888 -0.168682
0.0951528 -0.024464 0.934086
-0.0234685 0.0145523 -0.261262
0.0494189 -0.0233889 0.420947
-0.0490435 -0.0127731 0.594326
-0.0234685 0.0159674 0.30672
0.0388473 -0.048964 0.948682
-0.0234685 0.0526374 -0.12925
-0.0232067 -0.0201372 1
-0.0234685 0.0045462 -0.863157
0.0601979 -0.0233889 0.925214
0.0430095 -0.048964 -0.66261
0.102808 -0.039969 -0.709447
-0.0234685 0.016828 0.071409
-0.0490435 -0.0357074 0.495582
-0.0490435 0.0436296 -0.674776
-0.0490435 -0.0212297 0.48624
-0.0490435 -0.00689084 0.575008
0.0883351 -0.0233889 0.650503
-0.0490435 0.0609478 -0.312535
-0.0490435 -0.00326077 -0.332384
-0.035292 -0.048964 -0.0442693
-0.0490435 0.0692153 0.706968
0.102808 -0.0402301 0.825008
-0.0271778 0.0991062 -0.0600223
-0.0234685 0.0322366 -0.778287
-0.0234685 0.024872 -0.279149
0.0699932 -0.048964 -0.22813
-0.0490435 0.0115255 -0.00344058
-0.0234685 0.0520823 -0.226534
0.0483878 -0.048964 -0.898116
0.0470628 -0.048964 -0.500432
-0.0490435 0.0124664 0.608709
-0.0490435 -0.0236533 0.812255
0.101998 -0.048964 0.841834
0.102808 -0.0434817 -0.3999
-0.0490435 -0.0219048 -0.721706
-0.0490435 0.0911734 0.115285
-0.0490435 -0.0391502 -0.183444
-0.0261413 0.0979243 -0.795769
-0.0324801 0.102318 -0.774667
-0.0358074 0.10288 0.673513
0.0440838 -0.0233889 -0.828145
-0.0490435 -0.040963 -0.728092
-0.0490435 0.0257107 0.788024
0.102808 -0.0459928 -0.536384
-0.0234685 0.0175048 0.244656
-0.0157751 -0.048964 0.376708
-0.0490435 0.0690532 0.148434
0.0595011 -0.0233889 -0.0595261
-0.0416929 -0.048964 0.504364
-0.0234685 -0.0111571 0.889915
0.0732987 -0.0233889 0.261495
-0.0490435 0.0196003 -0.612095
0.0366626 -0.048964 0.426772
-0.0490435 -0.0122744 0.879489
-0.0195329 -0.0224502 -0.161763
0.0482314 -0.0233889 0.308906
0.0368112 -0.048964 -0.78357
-0.0227217 -0.048964 -0.358182
-0.0234685 0.0453606 0.486896
0.0729418 -0.048964 0.439288
-0.0399987 0.102888 0.0493176
0.0627495 -0.0233889 0.904543
-0.0234685 -0.0050208 -0.158261
0.0763682 -0.0233889 0.201153
0.0505371 -0.048964 -0.583231
0.0609722 -0.048964 0.0944313
-0.0154563 -0.048964 -0.691472
-0.0490435 0.0895417 -0.178881
0.0306405 -0.048964 0.799256
0.102808 -0.040344 -0.580052
-0.0490435 0.026487 0.679553
0.0654332 -0.048964 -0.125577
-0.0234685 0.0428276 0.601409
-0.043951 -0.048964 -0.0362907
0.0774786 -0.048964 -0.448896
0.0381808 -0.048964 -0.614192
-0.0234685 -0.00777143 -0.880176
0.0613343 -0.0233889 0.35757
0.0160786 -0.048964 0.212342
0.0351945 -0.048964 -0.303287
-0.0381433 -0.048964 0.680513
-0.0490435 0.00982743 -0.638479
0.0262997 -0.048964 0.619735
-0.0264215 0.0982737 -0.483175
-0.0234685 0.0283745 -0.920254
-0.0411886 0.102888 0.586421
0.0103356 -0.048964 -0.953266
-0.0490435 -0.0319932 0.371415
-0.0353976 -0.048964 0.450748
-0.0234685 0.0680533 -0.551361
-0.0343468 0.102745 -0.0173835
-0.0307144 -0.048964 -0.273438
-0.0490435 0.0354599 -0.992731
-0.0234685 0.0234866 -0.878855
-0.0490435 -0.0155218 -0.152727
-0.0490435 -0.00920685 0.541994
-0.0243373 0.0947335 0.996192
-0.0373206 0.102888 -0.61297
-0.0228435 -0.048964 -0.977568
-0.0490435 -0.021275 -0.179189
-0.0490435 0.0284656 -0.302873
-0.00886428 -0.048964 -0.617411
0.0184234 -0.0233889 0.33346
-0.0234685 0.0646811 0.659595
-0.0139767 -0.048964 0.484154
-0.0490435 0.0666298 0.740869
-0.0261462 0.0979306 0.402693
-0.0415263 -0.048964 0.913176
-0.0242037 0.0590105 -0.998051
0.0649129 -0.048964 0.15603
-0.0234685 0.0532043 -0.755501
-0.0490435 0.0940399 -0.196828
0.037468 -0.0233889 0.480864
-0.0490435 0.0771652 -0.53943
-0.0490435 -0.0479483 0.480623
0.0525134 -0.0233889 -0.327095
0.099156 -0.0272284 0.0475538
0.03767 -0.0233889 -0.445843
-0.0490435 -0.0461614 -0.295231
-0.0490435 0.102577 -0.632242
0.000515283 -0.0233889 -0.311164
-0.0490435 0.0251928 0.502324
0.0126763 -0.0233889 0.0908376
0.0388674 -0.048964 -0.198749
-0.0234685 -0.00155879 0.0783813
0.0434437 -0.0233889 0.864282
-0.0234685 0.00322255 -0.192789
-0.000413594 -0.0233889 -0.661882
-0.0490435 0.0169453 0.976338
0.0487562 -0.0233889 -0.408944
0.0223362 -0.048964 -0.0339453
0.102808 -0.0371225 0.336327
0.0856117 -0.0233889 -0.0302197
0.0643854 -0.048964 0.577384
-0.0490435 0.0904552 -0.943866
0.0870842 -0.048964 0.167774
-0.020061 -0.0221313 -0.325249
-0.0234685 -0.0154973 0.490905
0.0521227 -0.0233889 -0.780853
-0.0234685 0.0363672 0.669653
0.102808 -0.0385632 0.109231
-0.0239279 0.0934971 -0.173478
-0.0490435 0.0438857 -0.832621
0.0910088 -0.048964 -0.813336
0.0391868 -0.0233889 0.325006
-0.0490435 -0.023227 -0.780217
0.0397738 -0.0233889 0.539992
0.044681 -0.048964 -0.84313
0.0530449 -0.0233889 -0.106412
0.0413659 -0.048964 -0.948532
-0.000279255 -0.048964 -0.903457
-0.0490435 0.0761229 0.888369
-0.0234685 0.0326635 0.754842
-0.0490435 0.0530321 -0.782046
-0.0234774 0.0905782 -0.400281
-0.0253952 -0.048964 -0.641421
0.0993577 -0.0274391 0.00537223
-0.0490435 0.101756 0.769636
0.0176774 -0.048964 0.416706
-0.0222482 -0.048964 -0.72984
-0.0293767 -0.048964 -0.0212506
-0.0490435 0.0688583 -0.734655
-0.0456017 -0.048964 -0.149072
0.0746695 -0.0233889 -0.913604
-0.039751 0.102888 0.434843
-0.0490435 0.0326884 0.918548
-0.0490435 0.0418676 -0.306228
0.0836819 -0.048964 0.565859
-0.0234685 0.0721105 -0.856193
-0.0490435 0.0997542 0.417539
0.028842 -0.048964 -0.375416
0.0623933 -0.0233889 0.1996
-0.0234685 0.036224 0.43726
0.0490367 -0.048964 -0.705972
-0.0490435 0.076399 0.0265306
-0.0444594 -0.048964 -0.237236
-0.0234685 0.0309761 -0.26966
-0.0447277 -0.048964 -0.941332
-0.0152198 -0.0233889 -0.657605
-0.0345409 0.102772 0.821798
0.0101528 -0.0233889 -0.405575
-0.0490435 0.0702601 -0.786065
0.0572649 -0.048964 -0.604084
0.00577577 -0.048964 -0.045873
-0.0234685 0.0782148 0.838649
0.0746003 -0.0233889 0.45499
-0.0363074 0.102888 0.529772
-0.0490435 -0.0383117 0.10537
0.0752621 -0.0233889 -0.16326
0.0920678 -0.048964 -0.0140065
0.0819234 -0.0233889 -0.408371
0.0651949 -0.048964 -0.485665
-0.0490435 0.0190554 -0.451603
0.102808 -0.0362468 -0.335145
0.102808 -0.0452231 -0.986699
-0.0234685 0.0889204 -0.597324
0.0660406 -0.0233889 -0.602539
-0.0234685 0.00655309 -0.701435
-0.0234685 0.0313572 -0.595768
-0.0490435 0.0852709 0.15612
0.102808 -0.0396405 -0.367578
-0.00182074 -0.0233889 -0.793507
-0.0490435 0.0573724 0.123025
0.0306495 -0.048964 -0.327218
0.00606569 -0.0421206 -0.998051
-0.0234685 0.057817 -0.655487
0.0621629 -0.048964 0.344403
-0.0490435 0.0255376 -0.105943
-0.0234685 -0.00605432 -0.55953
0.074374 -0.048964 0.769303
-0.0490435 0.052989 0.871902
-0.0234685 0.0511745 -0.680374
-0.0234685 0.0898725 0.088805
0.0970103 -0.048964 0.285296
-0.0452676 -0.048964 0.795938
0.0511492 -0.048964 -0.469179
-0.0234685 0.0128825 -0.0067792
0.0230623 -0.0233889 0.994622
-0.0234685 0.0735938 0.213387
0.10161 -0.030772 0.480985
0.0124837 -0.0233889 -0.23218
-0.0490435 0.0262407 -0.748065
-0.0490435 -0.0384456 -0.880306
-0.0202298 -0.0220165 -0.963089
-0.0234685 0.0228089 0.471752
0.0221441 -0.048964 0.332273
0.0203804 -0.0233889 -0.81989
-0.0169135 -0.048964 0.772569
-0.0490435 0.0967288 0.18465
-0.0490435 0.0925535 0.805983
-0.0490435 -0.00265793 0.355901
0.00199149 -0.0233889 -0.601937
-0.000851076 -0.0233889 -0.925788
0.0812127 -0.0233889 -0.00948835
-0.0231462 -0.0179849 0.860233
-0.021357 -0.048964 0.463496
-0.0198303 -0.0222778 -0.55708
0.0758634 -0.0233889 -0.596548
0.0037023 -0.0233889 -0.321648
-0.0234685 0.0640858 0.614292
0.0449097 -0.048964 0.0785921
-0.0370338 0.102888 0.5702
0.0922579 -0.048964 0.0100863
-0.0490435 0.00808382 0.241369
-0.0490435 0.0923867 -0.785753
-0.0127407 -0.0233889 0.686162
-0.0490435 0.0967509 0.645609
0.0762381 -0.0233889 -0.124537
-0.0490435 0.0817359 0.263275
0.0167729 -0.0233889 0.930055
-0.0490435 0.0527282 -0.904334
-0.0234685 -0.00838564 0.840057
0.0982539 -0.048964 0.68124
0.0777141 -0.048964 -0.392311
0.00319146 -0.048964 -0.541609
0.0768125 -0.048964 0.636467
0.0298714 -0.0233889 -0.785453
-0.0490435 0.0861872 -0.554331
0.0810596 -0.048964 0.477324
0.0753184 -0.0233889 0.890314
-0.0490435 0.0656911 0.274071
0.0964104 -0.0250998 0.253629
-0.0094718 -0.048964 0.334103
-0.0235234 0.0912842 -0.522252
-0.0490435 -0.0262114 -0.262629
-0.0234685 0.0364563 0.871016
0.0695568 -0.0233889 -0.460255
0.0822133 -0.048964 -0.27616
-0.0223201 -0.0198112 -0.488979
0.0742847 -0.0233889 0.55438
0.0723498 -0.0233889 -0.439208
-0.0234685 0.0589846 0.576593
-0.00120688 -0.0233889 -0.547267
0.0299423 -0.0233889 0.92453
-0.0234685 0.00257747 0.808055
0.102808 -0.0489445 0.299743
0.102808 -0.0487331 -0.377427
-0.0234685 0.0635253 0.935521
0.0428305 -0.048964 -0.431599
0.0944243 -0.0241711 -0.175608
-0.0490435 0.0755097 -0.652318
-0.0234685 0.0574439 0.725295
-0.0394623 -0.048964 0.780166
-0.0234685 0.0381022 -0.431678
-0.0097913 -0.0233889 -0.252647
0.0787808 -0.0233889 -0.501259
0.00904356 -0.0233889 -0.989674
-0.00699143 -0.0233889 0.831832
0.102808 -0.0386401 0.196597
0.0691954 -0.048964 -0.0123192
0.0171244 -0.048964 -0.985037
-0.0201375 -0.0220801 -0.376794
-0.0234685 -0.00581711 -0.806485
0.0759935 -0.0233889 0.713289
-0.0490435 0.00852617 -0.625356
0.102808 -0.0385502 0.849133
0.0852254 -0.0233889 -0.653599
0.0911681 -0.048964 -0.415789
0.0898128 -0.0233889 0.692323
-0.00251876 -0.0233889 0.445144
0.0827814 -0.0233889 0.543239
-0.0490435 -0.00534749 0.234927
-0.0234685 0.0711203 -0.0418479
-0.0368868 -0.048964 0.384429
0.0425644 -0.048964 0.160166
-0.0146831 -0.048964 0.395192
0.0354389 -0.0233889 0.646298
-0.0490435 -0.035368 -0.64261
-0.0490435 0.0222755 -0.95842
-0.0490435 0.0307131 0.378468
0.0215095 -0.0233889 0.520582
-0.0490435 0.0281364 -0.45829
-0.0490435 0.0532412 0.56948
-0.0490435 0.0274893 0.238613
-0.0490435 0.0617694 -0.754762
0.0952888 -0.0245245 0.416624
-0.0234685 0.0241397 -0.115913
-0.0234685 0.0810544 -0.320843
-0.0490435 0.00829627 -0.329649
-0.0234685 0.000114252 -0.225134
-0.0317797 0.102079 -0.155117
0.0767184 -0.0233889 -0.0939983
-0.0234685 0.0845091 -0.924117
0.061251 -0.0233889 0.878076
-0.0234685 0.00920078 -0.929146
-0.00908793 -0.048964 0.161779
-0.00579913 -0.0233889 0.705997
0.029429 -0.048964 -0.715303
-0.0234685 0.0468154 -0.850466
0.0490352 -0.048964 -0.287851
-0.0425434 -0.048964 -0.334025
-0.0490435 -0.0395925 -0.349256
-0.0234685 0.0784826 -0.451399
0.0333008 -0.0233889 0.434842
-0.0490435 0.00884103 0.552522
-0.0234685 -0.00949869 -0.830403
-0.0490435 0.0768585 0.597964
-0.0376713 -0.048964 -0.347052
0.0871225 -0.048964 -0.929427
-0.0490435 0.0681346 -0.561929
0.0509118 -0.048964 -0.370487
-0.0490435 -0.0178737 -0.602309
-0.0490435 0.068789 0.488077
-0.0445826 -0.048964 -0.836236
-0.0234685 0.0335605 -0.237372
-0.0490435 0.0495547 -0.739418
-0.0490435 0.0875604 0.63507
-0.0490435 0.0202295 0.00624104
-0.0490435 0.102401 -0.973293
0.0258136 -0.048964 -0.00706238
-0.00649807 -0.048964 -0.189617
-0.0234685 0.0229337 0.221614
-0.0490435 -0.00543513 0.14195
-0.0234685 0.0065701 -0.301393
-0.0234685 0.032762 0.287791
0.0783802 -0.048964 0.611356
-0.0234685 0.0452705 0.382208
0.0746182 -0.048964 0.268699
-0.0397764 -0.048964 -0.496365
-0.0234685 0.0648218 -0.767949
-0.0234685 0.00660984 0.363528
0.0321611 -0.0233889 -0.410079
-0.0234685 -0.00494516 0.74092
-0.0234685 0.00158785 -0.00810333
-0.0234685 0.0837434 -0.350839
-0.0490435 0.0850512 -0.232813
-0.0234685 0.0355227 -0.136857
-0.0234685 0.067272 -0.454097
-0.0490435 -0.0386488 0.0182783
0.102808 -0.048899 -0.795866
-0.0234685 0.0747248 -0.140161
-0.0198974 -0.0222365 -0.914993
-0.00832053 -0.0233889 -0.329835
0.0398133 -0.0233889 0.609759
0.102808 -0.038401 0.0244854
0.0935624 -0.048964 -0.106296
-0.00151314 -0.048964 0.690074
-0.0234685 0.00979095 -0.521841
-0.0234685 0.0477072 -0.624594
0.042751 -0.048964 0.22968
0.0698226 -0.0233889 0.465586
0.0127245 -0.0233889 0.241347
-0.0490435 -0.0429051 -0.982349
-0.00662654 -0.048964 -0.295703
0.0127034 -0.048964 0.104921
0.00316474 -0.048964 0.438727
-0.0109248 -0.048964 0.948587
0.000300405 -0.048964 -0.658982
-0.0180854 -0.0230603 0.579029
-0.0234685 0.0740614 0.733618
-0.0490435 0.0201287 0.81061
-0.0490435 -0.0182055 -0.217071
-0.0234685 0.0579337 -0.23823
-0.0490435 0.015258 0.392489
0.0873429 -0.048964 -0.0406594
0.00389708 -0.0233889 -0.575528
0.0938618 -0.048964 0.539315
0.0818233 -0.0233889 -0.422735
0.0730048 -0.0233889 0.665028
-0.0234685 0.0155217 0.0915739
-0.0114499 -0.048964 -0.987948
-0.0234685 0.0579634 -0.978186
0.038264 -0.0233889 -0.122082
0.022867 -0.0233889 0.205466
-0.0490435 0.08945 -0.862081
0.0845796 -0.0233889 0.938731
-0.0490435 0.0846667 0.203582
-0.0121828 -0.048964 0.726523
-0.0490435 0.059761 -0.128991
0.00359151 -0.0233889 -0.147317
0.0444727 -0.048964 0.857463
-0.0490435 0.0362511 -0.337929
0.0966276 -0.048964 -0.996107
-0.012406 -0.0233889 0.882601
0.0342292 -0.0233889 -0.640202
-0.00882506 -0.0233889 0.972203
-0.0234685 0.00333008 0.411144
-0.0490435 0.0387512 0.989288
-0.0490435 -0.0155372 0.682828
-0.0234685 0.0593991 0.334717
-0.0490435 -0.0369237 0.842014
-0.0490435 0.00212873 0.132216
-0.0490435 0.0467694 -0.424315
-0.0101907 -0.048964 -0.537277
0.0361644 -0.048964 -0.565374
0.0596136 -0.048964 -0.391245
-0.0367268 -0.048964 0.201355
0.0549642 -0.0233889 0.181254
0.0559568 -0.0233889 0.524784
0.0269729 -0.048964 0.143295
0.013302 -0.048964 0.268776
-0.023469 0.0902168 -0.219021
-0.0234685 0.0231153 0.0439911
-0.0356143 0.102872 0.176232
-0.0234685 0.0142477 -0.766095
0.0762952 -0.0233889 -0.328241
-0.0490435 -0.00759981 -0.263208
-0.0234685 0.0491379 0.852426
-0.00834952 -0.0233889 0.153559
0.0913279 -0.0234559 0.488607
0.0421308 -0.048964 0.502655
-0.0205912 -0.0217472 -0.109294
-0.0490435 -0.00723284 -0.853122
-0.0490435 -0.0367196 0.736051
-0.0234685 0.030478 0.322329
0.0789694 -0.048964 -0.47342
-0.0490435 0.0559801 0.0557563
-0.0212754 -0.0211342 -0.0760328
-0.018613 -0.048964 0.683854
-0.0396218 0.102888 0.866233
-0.0490435 0.0956448 -0.210481
-0.0490435 0.0280414 -0.803885
-0.0234685 0.0262581 -0.766758
0.0554493 -0.0233889 0.288903
-0.00067757 -0.048964 -0.688305
-0.00240695 -0.0233889 -0.00336719
-0.0490435 0.0554112 -0.543544
0.0951528 -0.048964 -0.834518
0.0778647 -0.0233889 -0.639686
0.0986256 -0.0267171 0.0863172
0.100838 -0.0293574 0.745139
0.0271449 -0.0233889 0.486928
-0.0490435 -0.0484212 0.762879
0.043363 -0.048964 0.286652
-0.00781963 -0.0233889 0.597015
0.0558201 -0.048964 -0.448785
-0.0234685 0.000657433 0.827321
-0.0297333 0.101099 0.290219
0.00101632 -0.0233889 -0.458345
-0.0490435 0.0307264 -0.66323
0.0601459 -0.048964 0.11542
-0.0234685 -0.0109821 -0.228898
0.0124366 -0.0233889 0.434898
0.016369 -0.048964 -0.298432
-0.0234225 -0.0166303 0.781388
-0.0234685 0.0718103 0.789717
-0.0490435 -0.0435276 0.61169
-0.0490435 -0.0436095 -0.774883
0.0303705 -0.048964 0.874245
-0.0131816 -0.048964 0.0137345
0.0718352 -0.0233889 -0.318516
0.0949851 -0.048964 0.963876
0.0578138 -0.048964 0.0769738
-0.035994 -0.048964 -0.73932
0.00270218 -0.048964 -0.0324704
-0.0490435 0.0408507 -0.858858
-0.0490435 -0.0212632 -0.195186
-0.024753 -0.048964 -0.132735
-0.0490435 0.0142014 -0.588677
0.0164255 -0.048964 -0.169925
0.0776364 -0.048964 -0.950258
0.0200484 -0.0233889 0.843414
-0.0234685 0.0638374 0.393719
-0.0490435 -0.0282037 0.183839
-0.0234685 -0.0156059 -0.940868
0.0525056 -0.048964 0.330959
0.0780997 -0.0233889 -0.774557
0.0826638 -0.0233889 0.404512
0.00401086 -0.0233889 -0.0175608
-0.0380977 0.102888 0.476771
0.0775994 -0.048964 0.530575
0.0491951 -0.0233889 -0.30816
-0.011664 -0.0233889 0.0318125
-0.0234685 0.00834933 -0.282972
-0.0327322 0.102393 -0.719211
0.0687027 -0.048964 0.41451
0.0210541 -0.048964 0.589248
0.0927948 -0.0236934 0.38665
0.102808 -0.0489124 -0.459067
-0.0426821 -0.048964 0.853612
-0.0234685 0.0506625 0.408469
-0.0490435 0.050219 0.974293
-0.0490435 0.0277168 0.182375
0.0277738 -0.048964 -0.180055
-0.0234685 0.064739 0.697779
-0.0242542 -0.048964 -0.777459
-0.0234685 0.0600636 -0.314451
0.0628513 -0.048964 -0.32969
0.102808 -0.0387581 0.171673
0.0744108 -0.048964 0.392531
-0.0213551 -0.048964 0.504348
-0.0490435 0.0341487 0.0186806
0.0159205 -0.048964 -0.966765
-0.0234685 0.0128802 -0.657372
0.0681055 -0.048964 -0.902202
-0.0490435 0.0923462 -0.623394
-0.0236254 0.0920975 -0.732512
0.0229706 -0.048964 0.0875319
0.042767 -0.048964 -0.234796
0.0449784 -0.0233889 -0.0445746
0.0896821 -0.0233889 0.669695
-0.0490435 -0.0187377 -0.672828
-0.0190076 -0.022713 -0.744072
0.0741111 -0.048964 0.891403
-0.0234685 -0.0124802 -0.928651
-0.0377189 0.102888 -0.833769
0.0948442 -0.0243335 0.968532
0.102419 -0.033044 -0.206395
-0.00113692 -0.048964 0.822998
-0.0490435 0.0374156 -0.913641
0.102808 -0.0382991 -0.227048
-0.000687667 -0.0233889 0.178251
0.0129304 -0.048964 -0.408563
0.102808 -0.0424611 -0.641703
0.0237131 -0.0233889 -0.171894
-0.0490435 -0.00777894 0.00734069
-0.0490435 -0.0391329 0.470065
0.0997672 -0.0278983 0.728867
-0.0425887 0.102888 0.0593611
0.0257783 -0.048964 0.557244
-0.0139889 -0.048964 -0.715311
0.074121 -0.0233889 -0.105969
-0.0490435 -0.0481781 0.167574
0.0681816 -0.0233889 -0.481738
0.0541927 -0.0233889 -0.559642
-0.0245773 -0.048964 0.121513
0.0544636 -0.0233889 -0.212844
-0.0490435 -0.0247924 0.261974
0.0619206 -0.048964 -0.281113
-0.0234685 0.00413436 -0.215039
0.00182195 -0.0233889 0.291973
0.0613713 -0.048964 -0.855131
0.054809 -0.048964 0.144211
-0.0490435 0.00956105 -0.100264
-0.0120196 -0.048964 -0.846005
-0.0234685 0.0391384 0.217791
-0.0490435 -0.0154388 -0.460219
-0.00278528 -0.0233889 -0.530547
-0.0490435 0.0414081 0.768013
0.0831639 -0.048964 -0.726926
-0.0490435 0.096493 0.541252
0.0496622 -0.048964 0.664167
-0.0490435 0.039316 -0.400057
0.101037 -0.048964 -0.567186
-0.0373463 0.102888 0.883687
-0.0490435 -0.0285548 -0.621128
-0.0490435 0.0376046 0.120008
-0.0490435 0.0815554 0.954227
-0.0234685 0.0749578 0.446615
-0.0234685 0.0430281 -0.323703
-0.0234685 0.0370941 0.41529
0.0747948 -0.0233889 0.0938466
0.043809 -0.048964 -0.16811
-0.0490435 0.0248326 0.28674
-0.0262275 0.0980345 0.0647684
0.0301983 -0.048964 -0.898066
-0.0490435 0.0407576 0.869313
-0.0234685 0.0735825 -0.391991
0.0715193 -0.048964 -0.780545
-0.0234685 0.057318 0.418498
0.00814709 -0.048964 0.233094
0.0399825 -0.0233889 0.296066
-0.0234685 0.0326852 -0.339566
-0.0234685 0.0357162 0.181462
0.0365252 -0.0233889 0.0886344
-0.0193631 -0.048964 -0.827078
-0.0464749 -0.048964 0.709509
0.0956408 -0.0246901 0.374685
0.0447222 -0.048964 -0.144704
-0.0386277 -0.048964 -0.790516
0.0151817 -0.0233889 0.79669
0.102808 -0.036127 -0.913284
-0.0490435 0.0911036 0.55803
-0.0490435 0.0474299 -0.988149
-0.0490435 0.0507354 0.803499
0.0897703 -0.0233889 0.131334
-0.0103091 -0.0233889 0.00528831
-0.0490435 0.0113011 0.941261
-0.0490435 0.0864664 0.352544
-0.0490435 0.0693611 0.984151
-0.0490435 -0.0230152 0.740691
-0.0234685 0.0114471 0.0268621
-0.0490435 0.0459347 -0.583829
-0.0490435 0.0515466 -0.845363
-0.0490435 0.0795993 0.579209
0.0840157 -0.048964 -0.210887
-0.0490435 -0.0481317 -0.134776
0.0965754 -0.0251965 0.679898
0.0625369 -0.048964 -0.987183
-0.0490435 0.050522 -0.224568
0.0590599 -0.0233889 0.14625
0.0234742 -0.0233889 -0.682001
-0.0234685 -0.0145055 0.442608
0.0233093 -0.048964 -0.0583097
-0.0490435 0.0621608 -0.701541
-0.0490435 0.0704071 -0.513331
0.0387785 -0.048964 0.027111
-0.0490435 0.00518553 0.987013
-0.0234685 0.00548908 0.929388
-0.0490435 0.0642475 0.248725
-0.0234685 0.0563021 -0.529513
-0.0490435 0.0390283 -0.707013
-0.0490435 -0.00390817 -0.98577
-0.0234685 0.0321401 -0.378104
0.00523533 -0.048964 -0.447696
-0.0234685 0.0788981 0.717891
-0.0234685 0.00110163 0.637142
-0.0490435 -0.0445239 -0.750545
-0.0490435 -0.0206848 0.0140182
-0.0234685 -0.0129147 0.477964
0.0165965 -0.048964 -0.913368
0.0833246 -0.0233889 0.230987
-0.0217311 -0.02063 -0.344982
-0.0252746 0.0966525 -0.131813
-0.0490435 0.0181473 0.599338
-0.0234685 0.0470028 -0.119412
-0.000731549 -0.048964 0.656778
-0.0490435 0.0562295 -0.462931
0.0396303 -0.0233889 0.907261
-0.0221144 -0.048964 0.783631
-0.0234685 0.0321481 0.0151832
-0.0172889 -0.0232563 0.983431
-0.0490435 -0.0175534 -0.905652
-0.0259724 0.097701 0.552102
-0.00378112 -0.0233889 0.780848
-0.0490435 0.0412583 -0.446085
-0.0234685 -0.00663023 -0.662768
-0.0490435 0.0941141 0.9445
-0.0234685 0.0670486 -0.633243
0.0372384 -0.048964 -0.360634
0.0254671 -0.0233889 0.427415
0.0393821 -0.0233889 -0.970819
-0.00988238 -0.048964 -0.116845
-0.0490435 0.0322925 -0.181668
0.100911 -0.0294737 0.841764
0.0556206 -0.0233889 -0.469017
-0.0228734 -0.048964 0.919889
-0.0490435 0.0470154 -0.635807
0.0609965 -0.0233889 0.401811
-0.0234685 0.0811032 0.697843
-0.0234685 0.0735091 0.559712
-0.0490435 -0.0262148 -0.0733742
-0.0229595 -0.0185293 -0.190641
0.0858551 -0.0233889 0.510318
-0.0390596 0.102888 -0.982817
0.0644196 -0.0233889 0.808364
-0.0444126 0.102888 0.266306
0.0376213 -0.0233889 -0.620392
-0.0234685 0.0681987 0.00378202
0.00733377 -0.048964 -0.150479
-0.0414381 -0.048964 0.644593
-0.0490435 0.0673893 0.284267
-0.0490435 -0.0131061 -0.885072
-0.0490435 0.0980964 0.9255
-0.0490435 0.0809152 -0.1597
-0.0234685 0.075428 -0.834533
-0.0324084 0.102295 0.929792
-0.0234685 0.0631618 -0.489731
0.0616387 -0.0233889 0.316515
-0.0490435 0.0480207 -0.9756
0.0350968 -0.0233889 -0.0129176
-0.0490435 0.000501086 -0.105503
-0.0490435 0.0685134 0.466906
-0.0234685 0.000824586 0.498712
-0.0490435 0.0973986 0.82304
0.0356572 -0.0233889 0.386526
-0.0490435 0.0224851 -0.673091
-0.0234685 0.0294195 -0.327341
-0.0490435 -0.00663351 -0.344615
-0.0405693 -0.048964 0.289053
0.0197933 -0.048964 -0.605787
-0.0234685 0.0119855 -0.554068
-0.0234685 -0.00090897 -0.583864
-0.0234685 -0.00624729 -0.0999076
-0.0490435 0.0370963 -0.722508
0.0037703 -0.048964 0.72268
-0.0234685 0.0594491 0.275832
-0.0234685 0.0722714 0.0452236
-0.0490435 0.00453752 -0.70394
-0.0490435 -0.0355283 -0.605264
-0.0490435 0.0459657 0.28076
-0.0177147 -0.048964 -0.0591731
0.102808 -0.0399697 0.749069
-0.0490435 -0.0359695 -0.661589
0.0628036 -0.048964 0.257735
-0.0490435 0.00384704 -0.750986
-0.0444168 -0.048964 -0.161493
-0.0490435 -0.0481058 -0.28498
-0.0490435 0.0188702 0.427083
-0.0490435 0.0241351 -0.788225
-0.0289347 0.100585 0.377331
0.0754851 -0.0233889 0.61307
-0.0490435 0.00654752 -0.425007
-0.026892 -0.048964 0.609383
-0.0234685 0.0249626 -0.815651
-0.00449613 -0.048964 -0.345849
-0.0234685 0.0502262 0.744162
-0.0234685 0.0359296 0.123598
-0.0490435 0.0695061 0.827122
0.097121 -0.048964 0.986971
0.0609993 -0.048964 0.976736
0.075183 -0.0233889 -0.79528
-0.0234685 0.0025379 -0.245396
0.0202881 -0.048964 0.519017
-0.0295959 0.101017 -0.348204
-0.0234685 0.0844459 0.0538855
-0.0234685 0.0730151 0.181927
-0.0204872 -0.048964 0.586133
0.00897047 -0.048964 0.753224
-0.0209083 -0.048964 -0.548061
0.0140388 -0.0233889 0.276669
-0.0490435 -0.0115646 -0.0944196
-0.00444751 -0.0233889 0.503475
0.000137797 -0.048964 0.673685
0.0758683 -0.0233889 -0.856489
-0.0490435 -0.0103097 0.313685
-0.0490435 -0.0201893 -0.0121467
-0.0101682 -0.0233889 0.465529
0.102459 -0.0332083 0.767326
0.0859711 -0.0233889 0.58211
-0.0390205 0.102888 -0.226354
-0.0490435 0.0303849 -0.150864
0.0866773 -0.0233889 -0.794111
0.0771812 -0.0233889 0.476934
0.00776925 -0.0233889 0.0331341
-0.0490435 0.0433655 -0.239846
-0.0248843 -0.048964 0.367228
-0.0490435 -0.0336294 -0.838674
-0.0490435 0.0713915 0.397915
-0.0490435 0.0661401 -0.64161
-0.0490435 0.0792224 0.320279
0.1021 -0.0319783 0.516014
-0.0115766 -0.0233889 0.395577
0.102808 -0.038249 0.269884
0.0482937 -0.048964 0.613647
0.060245 -0.048964 0.750702
-0.021975 -0.048964 0.640688
-0.0153821 -0.0233889 0.630398
0.0213752 -0.0233889 -0.631019
-0.0234685 0.00090035 -0.442509
-0.0412789 -0.048964 -0.649806
0.0434939 -0.048964 -0.0626609
-0.0124149 -0.0233889 -0.237727
-0.0490435 -0.00947186 0.416592
-0.0490435 0.0926741 -0.333862
-0.0490435 0.0623712 -0.858801
-0.0220327 -0.048964 -0.471888
0.0768029 -0.0233889 0.979042
0.00730878 -0.0233889 -0.0964259
-0.0490435 0.0674908 0.630268
-0.0490435 -0.0035436 0.598568
-0.0234685 0.0610427 0.150386
-0.0234685 0.0726812 -0.168913
-0.0259421 -0.048964 -0.564415
0.0695244 -0.0233889 -0.241784
0.0218274 -0.048964 -0.207009
0.0971446 -0.025557 -0.646835
-0.0490435 0.0651197 -0.469617
0.00147558 -0.0233889 -0.865735
-0.0235236 0.091287 -0.200532
0.028286 -0.0233889 0.259629
-0.0490435 0.0260025 -0.76843
0.0127771 -0.048964 0.675551
-0.0490435 0.0919102 -0.831259
0.0226516 -0.048964 0.478525
0.0845983 -0.0233889 -0.289172
-0.0490435 0.015974 0.0593315
0.0365443 -0.048964 0.37523
-0.0487566 0.0853561 -0.998051
-0.0490435 0.0921213 0.217251
0.0434473 -0.0233889 -0.17721
0.0957947 -0.048964 -0.635885
-0.0490435 0.029153 -0.573206
-0.0234685 7.43991e-05 0.965794
-0.0234685 0.0720125 -0.0213213
0.000513344 -0.0233889 0.670399
0.096649 -0.0252408 0.985347
0.0402389 -0.048964 0.970044
-0.0490435 0.0217033 0.871577
-0.0211683 -0.048964 0.749062
0.075973 -0.048964 0.288621
-0.0490435 -0.0330266 0.001588
-0.0234685 0.0352055 -0.982096
-0.0490435 0.0704634 0.214134
-0.045481 0.102888 0.622665
-0.0234685 -0.00819111 0.0321087
0.0568908 -0.0233889 0.214484
-0.00190914 -0.0233889 -0.762136
-0.0393115 0.102888 -0.629368
0.0418311 -0.0233889 -0.814805
-0.0490435 0.0991414 0.290645
0.0335992 -0.048964 -0.740243
-0.0458022 0.102888 -0.41305
0.0413198 -0.048964 0.0915889
-0.0132714 -0.0233889 -0.0320404
-0.0234685 0.0429773 0.906716
-0.0234685 0.0773315 0.523902
0.0924856 -0.048964 0.212647
0.0582499 -0.048964 -0.956389
-0.0124547 -0.0233889 -0.357836
-0.00210328 -0.048964 0.838825
0.102808 -0.0483024 0.663719
0.0919602 -0.0235369 -0.63158
-0.0234685 0.058264 -0.176039
0.0682533 -0.0233889 0.949693
0.0310735 -0.048964 0.843137
-0.0490435 0.0112759 -0.511037
-0.0229434 -0.0185709 -0.122861
0.0850843 -0.0233889 -0.209578
-0.0490435 0.0900124 -0.452563
0.0151311 -0.048964 -0.678284
-0.0234685 0.0469804 0.646551
-0.0234685 -0.00915101 -0.178099
-0.0489683 0.102888 0.300871
0.0928064 -0.023696 -0.186238
0.0541989 -0.0233889 -0.582511
0.102808 -0.046164 -0.214482
0.0299476 -0.0233889 -0.929064
0.0405758 -0.048964 -0.69961
-0.0490435 -0.0166989 -0.441359
-0.0490435 0.00182551 0.656833
0.0957961 -0.048964 -0.84579
-0.0473774 0.102888 -0.051166
0.0404868 -0.0233889 -0.206952
-0.0234685 -0.00382299 0.582769
-0.0234685 0.0521547 0.208191
-0.0234685 -0.00576974 0.759206
0.013694 -0.048964 -0.639003
-0.0234685 0.0841226 0.00679651
0.0635058 -0.0233889 -0.390097
0.0868824 -0.0233889 -0.889249
0.102808 -0.0375258 -0.932951
-0.0490435 0.0430365 0.925777
-0.0320743 -0.048964 -0.414495
0.0832543 -0.0233889 -0.516853
-0.0234685 0.00547508 -0.539281
0.0700938 -0.048964 0.122904
-0.0490435 -0.0386592 -0.252534
0.0218359 -0.048964 -0.84933
0.0188652 -0.0233889 0.893472
-0.0246508 0.0954707 -0.434205
0.00885194 -0.0233889 -0.187206
-0.0490435 0.00972421 0.438498
-0.0402014 0.102888 -0.209419
-0.0490435 0.0819477 0.669483
-0.0490226 -0.048964 0.211864
-0.0490435 0.0782397 0.617713
0.070763 -0.0233889 -0.875996
-0.0490435 0.0179441 -0.0583644
-0.0490435 0.100726 0.320664
-0.00473633 -0.048964 -0.670027
-0.0234685 0.0549817 0.984358
-0.00620993 -0.0233889 0.371174
0.0540609 -0.0233889 -0.91618
-0.0187723 -0.0228148 -0.608809
0.0735067 -0.0233889 0.95892
0.00458599 -0.048964 0.316837
0.0669411 -0.048964 0.460751
-0.0490435 0.00244282 -0.0482563
-0.0234685 0.021069 0.198445
-0.0490435 -0.0140786 -0.362852
-0.0144298 -0.0233889 -0.567507
-0.0234685 0.0282594 -0.514332
-0.0490435 0.0908885 0.873141
-0.0490435 0.0598954 -0.608596
-0.0490435 -0.00570818 -0.385907
-0.0234685 0.0131462 0.57244
0.0522663 -0.048964 0.556372
-0.0490435 0.0823133 -0.484371
-0.0361601 -0.048964 -0.0962173
-0.0400629 -0.048964 -0.538598
-0.0159675 -0.0233884 0.355383
-0.0490435 0.0253 0.773281
-0.0234685 0.0393583 -0.101054
0.0462654 -0.0233889 0.272281
-0.0105949 -0.048964 0.309706
0.100838 -0.048964 0.640875
-0.0234685 0.00120039 -0.114955
-0.0490435 0.0793209 -0.196472
-0.0490435 0.100108 -0.805435
0.0700514 -0.0233889 -0.670136
-0.0490435 0.0386113 0.220027
-0.0490435 0.0927586 -0.353893
0.0743036 -0.048964 -0.213455
-0.0488562 -0.048964 -0.112383
0.0181822 -0.048964 0.354844
-0.0490435 -0.0244087 0.325667
0.0757077 -0.0233889 -0.719896
-0.0490435 0.0301607 -0.225099
0.016747 -0.0233889 -0.573546
0.102684 -0.0343984 -0.510775
0.0650708 -0.0233889 0.564539
-0.0490435 -0.0392372 -0.0205965
-0.0419439 0.102888 0.806069
-0.035437 0.102862 -0.741103
-0.00305059 -0.048964 0.215646
-0.0490435 0.0812415 -0.0791345
-0.0490435 -0.0378718 0.946233
0.0104021 -0.0233889 -0.290829
0.0412768 -0.0233889 0.988086
0.0721842 -0.048964 -0.408308
-0.0246429 0.0954536 0.420561
0.0036117 -0.048964 -0.101353
0.00557493 -0.048964 0.573289
0.101113 -0.0298131 -0.744031
0.0195739 -0.0233889 0.468914
-0.0490435 0.032714 0.705942
-0.0490435 0.0762354 0.657793
-0.0234685 0.0363732 0.940693
-0.0490435 -0.0272056 -0.800243
-0.0234685 0.0640058 -0.961605
0.018877 -0.0233889 -0.872751
0.0413916 -0.048964 -0.600567
0.0629625 -0.0233889 0.502776
0.000503102 -0.048964 0.19912
0.0545239 -0.048964 0.0166534
-0.0490435 0.0987923 0.963561
-0.0256245 -0.048964 0.3997
-0.0234685 0.0443451 -0.385644
0.00160396 -0.0233889 -0.556887
0.0103042 -0.048964 -0.625745
0.0483648 -0.048964 -0.005944
-0.0459108 0.102888 -0.317236
-0.0234685 0.0823776 -0.564052
-0.0234685 0.088178 0.275587
-0.0234685 0.0769802 -0.651251
0.0411286 -0.0233889 -0.106709
-0.0490435 0.0963932 -0.547374
-0.0490435 0.0791414 0.09413
0.0958197 -0.0247794 0.158379
-0.00964468 -0.0233889 -0.930638
-0.0382937 -0.048964 -0.516319
-0.0195372 -0.0224478 0.380152
-0.0156912 -0.048964 0.524374
-0.0490435 0.0513406 0.643773
0.0737094 -0.048964 0.558636
-0.044895 -0.048964 0.93488
-0.0234685 0.0135803 -0.60836
-0.00957099 -0.048964 -0.629129
0.0249918 -0.0233889 -0.330273
-0.0155451 -0.0233889 -0.53228
-0.0490435 0.0626796 0.939532
-0.00570506 -0.0233889 -0.0980398
-0.0490435 0.0444692 -0.289578
-0.0202015 -0.0220362 -0.261845
-0.0234685 0.0360685 -0.159204
-0.011192 -0.048964 -0.278154
-0.0234685 -0.00837874 -0.526998
-0.0234685 0.00601561 0.210669
0.0762222 -0.0233889 0.435884
-0.0234685 0.0299182 -0.639691
-0.0282069 -0.048964 -0.99793
-0.0490435 0.101832 -0.764396
-0.0490435 -0.0412581 -0.198303
-0.0490435 -0.0442667 -0.489889
-0.021418 -0.020986 0.314687
0.051518 -0.0233889 0.136097
0.0108677 -0.048964 0.334723
0.0571821 -0.048964 0.241043
0.0429495 -0.048964 -0.125125
0.0922926 -0.0235924 0.0412797
-0.0176786 -0.048964 0.354396
-0.000142128 -0.048964 0.773858
0.0454075 -0.0233889 -0.90211
0.0122784 -0.048964 0.840868
-0.0406838 0.102888 0.201141
-0.0490435 0.0926325 -0.0862182
-0.0490435 0.0266892 0.972098
-0.0234685 0.0373905 0.891642
0.0591592 -0.048964 -0.508767
0.04917 -0.048964 -0.824713
-0.0196292 -0.048964 -0.451005
0.0954005 -0.048964 -0.488802
-0.0490435 0.0811071 -0.909872
0.0960862 -0.0249189 -0.393788
0.0923553 -0.048964 0.893909
0.0940996 -0.048964 -0.196128
0.0280379 -0.048964 -0.109907
-0.0214119 -0.0209925 0.541247
0.0301998 -0.0233889 0.112856
-0.0490435 -0.0362197 -0.59392
0.102808 -0.039611 0.421578
0.0147787 -0.048964 0.771902
-0.0289982 0.100629 0.0288991
-0.0211196 -0.0212873 0.927347
0.0895052 -0.048964 0.40411
0.102808 -0.0385476 -0.254338
-0.0301816 0.101353 0.619248
0.0834651 -0.048964 0.83925
0.0126097 -0.048964 0.00701682
0.00950309 -0.048964 0.159505
-0.0490435 0.00585608 -0.457271
0.0688765 -0.0233889 -0.198944
-0.0234685 0.0474427 0.243117
0.0276938 -0.0233889 0.0448177
0.0271742 -0.0233889 -0.431157
-0.0490435 0.0139675 0.649665
-0.0234685 0.0584209 0.372548
-0.0234685 0.0569635 -0.943515
-0.0490435 0.0909769 -0.36777
-0.0234685 0.075271 0.259106
-0.0234685 0.0656488 0.0637611
-0.0378721 -0.048964 -0.978575
0.0320344 -0.0233889 0.798061
-0.0490435 0.0478256 -0.0412648
-0.0234685 0.0399428 -0.579655
-0.0490435 0.0436911 0.781594
0.0596915 -0.0379479 -0.998051
-0.0234685 0.0330169 -0.363001
0.019241 -0.0233889 -0.589675
0.0565883 -0.0233889 0.332878
-0.0490435 0.0762725 -0.0458069
-0.0490435 0.0453983 -0.941817
0.0664086 -0.0233889 -0.636919
-0.0234685 0.0229756 0.849954
-0.0250376 0.0962377 -0.782694
0.0390904 -0.048964 -0.710753
0.0109358 -0.048964 -0.932996
0.0123719 -0.0233889 0.358892
0.0765543 -0.0233889 0.41649
-0.0234685 0.00474007 -0.142453
0.0120922 -0.048964 -0.888584
0.087368 -0.048964 -0.641724
-0.0234685 -0.00292415 0.987329
-0.0136594 -0.0233889 -0.0211676
0.0901698 -0.0233898 -0.908126
0.0321594 -0.0233889 0.968536
-0.0490435 0.0854244 -0.420189
0.029223 -0.048964 0.409724
0.0480032 -0.048964 -0.683487
-0.0344618 -0.048964 0.706697
-0.0246327 0.0954314 -0.00936226
-0.0234685 0.0742799 -0.889829
-0.0353021 0.102852 0.510198
-0.0234685 0.0246511 -0.393572
0.0444714 -0.048964 -0.320997
0.0742407 -0.048964 -0.196025
-0.0241439 0.0942014 0.867722
-0.0234685 -0.00337876 -0.988022
-0.0234685 0.0322963 0.468835
0.0647914 -0.048964 -0.0370885
-0.0234685 0.0448882 -0.412564
-0.00966812 -0.0233889 0.77286
-0.00286477 -0.048964 0.598236
-0.0490435 0.0642912 0.560433
-0.0490435 -0.0360499 -0.433802
-0.0490435 0.021024 0.342594
-0.0490435 -0.0239578 0.704622
-0.0234685 0.0898655 -0.915586
-0.0490435 0.0549571 0.301928
-0.0490435 -0.0119782 -0.229659
-0.0234685 -0.0139949 0.0951785
-0.0234685 0.021771 -0.730544
-0.0234685 0.0141609 -0.483173
0.0614313 -0.0233889 0.586987
0.0716952 -0.048964 0.310844
-0.0490435 0.0932602 0.431181
-0.0260952 0.0978643 0.0393465
0.0922205 -0.048964 0.499035
-0.0234685 0.0826754 -0.578645
0.0988659 -0.0269414 -0.969132
0.0193363 -0.0233889 0.448495
-0.0235919 0.0918731 0.746861
-0.0234685 0.0288668 0.79604
-0.00171913 -0.0233889 0.513023
0.0834444 -0.0233889 -0.46556
0.0913575 -0.048964 -0.359521
-0.0390843 0.102888 -0.866878
0.017722 -0.0233889 -0.561435
0.0367374 -0.0233889 -0.0952224
-0.0103551 -0.0233889 0.84546
0.095429 -0.0245889 -0.736457
-0.0490435 -0.0247563 0.896021
-0.0408224 0.102888 -0.88782
0.0933943 -0.0332623 1
0.102808 -0.043597 -0.651786
-0.0413907 0.102888 -0.117135
-0.0234685 -0.00305625 0.954807
-0.0256264 0.0972089 -0.239266
-0.0490435 -0.0353798 0.780929
0.00049199 -0.0233889 -0.387533
0.0808365 -0.048964 0.973364
-0.0391772 0.102888 -0.346497
-0.0490435 -0.038371 -0.704594
-0.0469016 0.102888 0.604815
0.0648749 -0.0233889 0.164605
0.0448097 -0.048964 0.827019
-0.00100792 -0.048964 -0.97749
-0.0234685 0.0165929 -0.416016
-0.0490435 0.023992 -0.374873
0.0319352 -0.0233889 -0.713107
0.024958 -0.048964 -0.640671
-0.0490435 -0.00934864 0.923395
0.0457584 -0.048964 -0.543856
-0.0372805 0.102888 0.856044
0.0329036 -0.0233889 -0.565722
-0.0490435 0.078753 0.481608
0.0579567 -0.0233889 0.770469
0.0266994 -0.048964 0.0436032
0.060393 -0.048964 0.765474
-0.00440206 -0.048964 -0.707686
-0.0234685 0.007739 -0.15457
0.100366 -0.048964 0.94435
-0.0490435 -0.00208955 -0.731267
0.017295 -0.048964 0.626917
0.0476958 -0.0233889 0.699623
-0.0490435 0.0675631 0.879813
0.0668355 -0.048964 0.187203
0.069303 -0.048964 -0.387145
0.0416025 -0.0233889 -0.42157
-0.0234685 0.00712785 -0.376789
-0.0490435 0.0447418 -0.104999
0.0248593 -0.048964 0.39132
0.093013 -0.048964 -0.165892
-0.0218551 -0.048964 -0.61453
-0.0234685 0.0241639 -0.978547
-0.0490435 0.0918681 -0.904792
0.0580102 -0.048964 -0.639789
-0.027091 -0.048964 -0.787851
-0.0490435 -0.0389684 0.85206
0.0204617 -0.044012 1
-0.0135882 -0.048964 -0.953235
0.0674378 -0.0233889 -0.548505
0.0622905 -0.048964 0.998626
0.0653458 -0.0233889 0.417532
-0.0234685 0.0467234 0.887192
-0.00378632 -0.0233889 -0.9092
-0.0234685 0.00396812 0.671903
-0.0356993 -0.048964 -0.45904
0.0216569 -0.0233889 -0.363163
-0.0490435 0.0411333 0.849828
-0.0490435 0.0536357 -0.444749
-0.0490435 0.0794007 0.932198
-0.0419583 0.102888 0.0271292
0.0800439 -0.048964 0.726457
-0.0423852 -0.048964 -0.592065
0.043672 -0.0233889 -0.279275
-0.0490435 0.0972011 -0.500027
0.0450823 -0.0233889 -0.941866
-0.0255125 0.0970357 -0.210519
-0.00893547 -0.048964 -0.232777
-0.0234685 -0.0136512 -0.29821
-0.0490435 -0.0074837 0.892827
0.0567644 -0.048964 0.0369195
0.102445 -0.048964 -0.621927
-0.0436339 0.102888 -0.449042
-0.0490435 -0.0460699 0.895422
0.053571 -0.0233889 -0.428976
-0.0490435 0.0500662 0.888135
-0.0234685 0.0268152 0.163824
0.0588826 -0.048964 0.323468
-0.0471207 -0.048964 0.689832
-0.0280185 0.0998812 -0.593687
-0.0106856 -0.048964 0.707995
0.068881 -0.0233889 -0.757186
-0.0234685 -0.0125233 -0.889656
-0.0490435 -0.017605 0.760534
-0.0213187 -0.02109 0.508532
-0.0490435 0.0246559 -0.419855
0.045745 -0.0233889 -0.394969
-0.0190339 -0.048964 0.838981
-0.0490435 0.0345548 0.0852991
-0.0234685 0.0254368 -0.055344
-0.0251311 0.0964056 0.524875
-0.0234685 0.0766004 -0.00190232
0.0784037 -0.048964 0.153086
0.0334213 -0.0233889 0.8262
-0.0490435 0.0367713 -0.971528
-0.00951278 -0.0233889 -0.411268
-0.0490435 -0.0430716 -0.0560705
0.0425322 -0.0233889 0.393542
-0.0234685 0.077833 0.0644298
-0.0490435 0.027727 0.25308
-0.0477388 0.102888 -0.241662
-0.00122005 -0.0233889 0.814687
-0.0125532 -0.048964 -0.136783
-0.0490435 0.0645613 0.0956227
0.00251084 -0.0233889 -0.252039
-0.0282981 0.10011 -0.816998
-0.0490435 0.0935226 -0.981178
-0.0490435 0.0889497 0.0487927
-0.0264585 0.098318 -0.313675
-0.0490435 0.0513658 -0.868431
0.00454646 -0.0233889 -0.362408
0.0898492 -0.048964 -0.741142
0.0125983 -0.0233889 -0.0556087
-0.0490435 -0.00275412 -0.599626
-0.0234685 0.0543734 -0.902357
-0.0490435 -0.0183656 -0.469584
0.0944307 -0.048964 0.117379
-0.0234685 0.0209542 -0.503893
-0.0490435 0.065327 -0.112432
0.0587242 -0.0233889 0.68626
0.102808 -0.0454138 0.805378
0.0523039 -0.048964 -0.741086
0.0220082 -0.048964 -0.344056
-0.0330916 0.10249 0.91626
-0.034913 -0.048964 0.979619
-0.0490435 -0.0280074 -0.336262
-0.0490435 0.070811 0.0670296
0.0271491 -0.048964 -0.725304
-0.0490435 0.009579 0.208906
-0.0490435 -0.0189965 0.0890717
-0.0263683 -0.048964 0.218976
-0.0230619 -0.0182476 0.648012
-0.0234685 -0.00164864 0.795466
0.0125926 -0.0233889 0.5569
-0.00027161 -0.048964 0.0587068
-0.0490435 0.0827372 0.253336
0.0783489 -0.048964 0.327083
-0.0490435 0.0614326 -0.0496106
-0.0234685 0.0396629 0.699538
-0.0490435 0.0965835 0.123448
-0.0490435 0.0192655 0.459672
0.020403 -0.048964 0.783356
-0.0490435 -0.00945565 0.670032
-0.0234685 0.0269641 -0.712216
-0.0234685 -0.00532294 -0.959784
-0.0249412 -0.048964 -0.583341
0.0437354 -0.048964 0.934244
0.0452802 -0.048964 -0.935699
-0.0490435 -0.0305078 -0.135589
-0.0490435 0.042907 -0.368725
-0.0234685 0.0872953 0.91782
-0.0234685 0.0535587 -0.166195
0.0515391 -0.0233889 -0.63488
0.0601508 -0.0233889 -0.0730763
0.0255381 -0.0233889 0.627425
-0.0490435 0.0445376 0.999628
0.0573646 -0.0233889 -0.095394
0.101085 -0.0297651 0.28878
0.0990999 -0.0271714 0.126485
-0.0100979 -0.0233889 0.944056
-0.0081001 -0.0277908 1
-0.0490435 -0.0129743 -0.762879
0.0392776 -0.048964 0.849143
-0.0411971 0.102888 0.557675
-0.0234685 0.0250359 -0.621974
-0.037615 0.0282118 1
0.102808 -0.0399753 0.911822
-0.0490435 0.0188539 -0.0334105
0.00763319 -0.048964 -0.853073
0.0419773 -0.0233889 0.139398
0.0906957 -0.0234068 -0.149386
-0.0248643 -0.048964 0.873543
-0.0490435 0.0408485 -0.519942
-0.0234685 0.0893425 0.222894
0.00489113 -0.0233889 0.0195404
0.0601516 -0.0233889 -0.761747
-0.0234685 0.00724465 -0.988389
-0.0490435 0.0831311 -0.789129
0.0655397 -0.0233889 -0.211871
0.0777972 -0.048964 -0.668419
-0.0341366 0.102711 -0.396459
0.00705298 -0.0233889 0.849894
-0.0234685 0.0584658 -0.572409
0.00475731 -0.0233889 -0.0404069
0.0710503 -0.0233889 0.129798
-0.0380172 -0.048964 0.492045
-0.0234685 0.0204203 0.122481
-0.0490435 0.0552425 0.81875
-0.0490435 0.060101 0.3212
-0.0234685 0.0713014 -0.158517
0.0498555 -0.048964 -0.973016
-0.0244871 -0.048964 -0.236718
0.0425063 -0.0233889 -0.258992
0.0941652 -0.048964 -0.702034
-0.0490435 0.0740891 0.516003
-0.0490435 0.0899152 0.015191
0.0743379 -0.0233889 0.787539
0.0842072 -0.0233889 0.0614033
-0.0234685 -0.00745489 0.068066
-0.0490435 0.0255536 0.308179
0.0551841 -0.0233889 -0.849323
-0.0376162 -0.048964 -0.661252
-0.0234685 0.0550952 -0.0298761
-0.0234685 0.0278436 -0.422774
0.0863605 -0.0233889 -0.23416
-0.0490435 0.0133077 -0.478461
-0.0234685 0.0467316 -0.0649862
-0.00920461 -0.0233889 0.738119
-0.0424817 0.102888 0.636575
0.0214154 -0.0233889 -0.100341
-0.0490435 0.0565239 -0.34013
-0.0490435 -0.0360353 0.0764912
-0.0234685 0.0851608 0.627361
-0.0234685 0.0251533 -0.663716
0.0654756 -0.0233889 0.974282
0.000905158 -0.048964 -0.0866644
-0.0176098 -0.0231883 -0.172598
0.0792548 -0.048964 0.667664
-0.0225807 -0.019359 -0.141785
0.101016 -0.0296481 -0.465595
-0.0489327 -0.048964 0.0324791
0.00938217 -0.048964 0.0753137
-0.0490435 0.0149566 0.0144198
0.0348069 -0.0233889 0.238531
-0.0234685 0.00426798 0.862342
-0.0482775 0.102888 0.138398
-0.0490435 0.0435905 0.904067
0.0271094 -0.0233889 0.0201532
0.0122247 -0.048964 -0.738307
0.0812694 -0.048964 0.36258
0.0700449 -0.048964 -0.580582
-0.0420403 0.102888 -0.10126
-0.0234685 0.0749731 -0.232087
0.0997808 -0.048964 -0.435049
0.0597065 -0.048964 0.449083
-0.0236377 0.092174 -0.356295
-0.0490435 0.051587 0.0701416
0.00921382 -0.0233889 -0.208277
-0.0322816 0.102255 0.637534
-0.0234685 0.0177546 -0.748463
-0.0490435 0.00541434 -0.975027
-0.0490435 0.0900894 -0.0426324
0.014143 -0.0233889 0.952932
-0.0234685 -0.00860046 0.46511
-0.0234685 0.0476117 -0.961457
-0.0234685 0.0244444 -0.854747
-0.0234685 -0.0034 -0.971332
0.0942 -0.0240911 -0.437496
0.0231128 -0.0233889 0.552388
0.0993499 -0.0274306 0.169978
0.0329837 -0.0233889 -0.540706
0.0506039 -0.048964 0.317126
0.0464645 -0.048964 -0.995806
-0.0234685 -0.00870984 -0.42208
-0.0407013 -0.048964 0.321141
0.0259781 -0.0233889 0.610676
0.0782153 -0.0233889 -0.563281
0.102372 -0.048964 -0.266792
-0.0111797 -0.0233889 -0.305975
-0.0340684 0.102699 0.304394
-0.0490435 0.0334591 -0.852226
-0.0215442 -0.0208478 -0.276496
-0.000536233 -0.0233889 -0.811833
-0.0490435 -0.0280988 0.789605
0.0838527 -0.048964 -0.114635
-0.0490435 -0.0207947 -0.386743
-0.0267826 -0.048964 -0.809195
-0.0234685 0.00321743 -0.562762
-0.0490435 0.043133 -0.470084
0.0778782 -0.048964 0.593003
-0.0469695 0.102888 -0.00149144
-0.0490435 0.0305507 -0.895663
-0.00698967 -0.048964 0.133699
-0.0490435 0.0317277 0.343744
-0.0073659 -0.0233889 -0.280874
-0.0234685 -0.00421859 -0.610489
0.0621049 -0.0233889 -0.421133
-0.0490435 -0.0277274 0.541471
0.0111659 -0.0233889 -0.672866
-0.0490435 -0.022484 0.943633
0.0738903 -0.048964 -0.100259
0.0151429 -0.048964 0.6076
0.0985395 -0.0266396 0.44376
0.0564658 -0.0233889 -0.951797
-0.00490217 -0.048964 0.926653
-0.0234685 0.0188748 0.628082
0.0309082 -0.048964 -0.156245
0.0789971 -0.0233889 0.00134225
0.0616352 -0.048964 -0.197774
-0.0490435 0.0959366 0.898707
0.0169091 -0.048964 0.690638
0.0647233 -0.0233889 -0.744999
-0.0303672 0.101451 -0.101054
-0.0360457 -0.048964 0.528573
-0.0139738 -0.0233889 -0.390696
-0.0234685 0.0781598 -0.975917
-0.0234685 0.0172174 0.486104
-0.0234685 0.0330724 -0.308705
-0.0490435 0.044131 0.0127929
0.0971078 -0.048964 -0.333135
-0.0490435 0.0132336 -0.378334
-0.0234685 0.0518127 0.567946
-0.0234685 0.020636 -0.643713
-0.0234685 0.084245 0.108807
-0.033885 -0.048964 0.349612
-0.0490435 0.0977184 0.24991
-0.0490435 -0.0293329 0.272993
0.102047 -0.048964 -0.890621
0.0252436 -0.0233889 0.587039
0.0619043 -0.048964 -0.0559338
-0.0490435 0.102425 -0.294611
-0.0490435 0.0159281 0.410354
-0.0047102 -0.0233889 0.868564
-0.0490435 0.0064793 0.502595
-0.0234685 0.0433202 -0.048679
-0.0234685 0.0610755 -0.22202
-0.0490435 0.00103196 -0.9085
-0.0268651 -0.048964 -0.528549
-0.0234685 0.0727147 0.162128
-0.0490435 -0.0389173 0.22946
-0.0234685 -0.00697651 -0.783077
-0.0234685 0.0515208 -0.369065
0.0477853 -0.0233889 0.82217
-0.0234685 0.0387603 -0.173275
0.102808 -0.0420159 0.716278
-0.0490435 0.010545 -0.0785406
-0.0234685 -0.0104842 -0.026296
-0.0234685 0.0037728 -0.0480505
0.0963926 -0.0250895 -0.850398
-0.0490435 -0.0281815 -0.738501
-0.0232305 -0.0176824 0.943572
-0.0234685 0.0319931 0.269538
-0.0234685 0.0712888 0.0307538
0.0990344 -0.0271059 0.396281
-0.0490435 0.0618122 -0.244962
0.0590578 -0.0233889 -0.176493
0.0596575 -0.048964 -0.594753
-0.0490435 0.0209948 -0.839021
-0.0490435 0.0429439 -0.695238
-0.0490435 -0.0467262 -0.709851
0.102808 -0.041553 0.928544
0.0286979 -0.048964 0.704899
-0.0490435 0.0197047 0.361659
-0.0234685 -0.0105735 -0.258379
-0.0486458 0.102888 -0.878212
-0.00194828 -0.048964 -0.728568
0.0471271 -0.048964 -0.866383
-0.0490435 0.0152295 -0.926552
0.0622975 -0.048964 -0.348242
-0.00163662 -0.0233889 -0.713834
-0.0415469 0.102888 -0.143391
0.00523697 -0.048964 -0.416818
0.0034256 -0.048964 -0.056291
0.102808 -0.0374578 0.955818
-0.0340005 0.102687 0.0948659
-0.0490435 0.0578503 0.0156884
-0.0234685 0.0095453 -0.819798
0.102808 -0.0425824 -0.471941
0.0359513 -0.0233889 -0.744513
-0.0234685 0.0506786 0.107456
0.0563096 -0.0233889 0.748034
-0.0490435 0.0387745 0.725217
-0.0490435 -0.00385656 0.637819
-0.0490435 0.0912359 -0.398736
-0.0081704 -0.0233889 0.648095
0.0925367 -0.0236389 0.207397
0.0391696 -0.0233889 0.951827
-0.023839 0.0931563 0.288298
-0.0377705 0.102888 0.0817409
-0.0245054 0.0951445 -0.647957
-0.0234685 0.086782 -0.301513
-0.00357021 -0.048964 -0.461964
-0.0234685 -0.0136235 0.735567
-0.0234685 0.0373521 0.0679885
0.0074097 -0.0233889 0.491462
0.0908798 -0.048964 0.780249
0.0491925 -0.0233889 -0.701061
0.0237687 -0.048964 0.534372
-0.0490435 0.0438625 0.563238
-0.0234685 0.00405316 0.246794
-0.0234685 0.0557998 0.226408
-0.0191159 -0.0226629 0.749804
0.0527104 -0.048964 -0.653057
0.0231496 -0.048964 -0.543123
-0.0172311 -0.023267 0.594923
-0.0490435 -0.00740406 -0.996799
0.040901 -0.0233889 0.730831
-0.0147575 -0.0233889 0.330913
-0.0234685 -0.0062909 0.277146
0.0894809 -0.0233889 -0.778393
-0.0490435 0.0218662 -0.0757081
-0.0381454 0.102888 0.998624
-0.0490435 0.0823976 -0.634302
-0.0234685 0.0671354 0.478338
-0.0283373 0.100141 0.693205
-0.0443724 -0.048964 0.119044
0.0725692 -0.0233889 0.0351818
0.0269027 -0.0233889 -0.453631
0.0910762 -0.048964 0.362926
0.0279108 -0.048964 0.073703
-0.00443353 -0.0233889 0.531399
-0.0234685 0.0669969 0.0827375
0.0368776 -0.048964 -0.654554
0.020835 -0.0233889 -0.885508
-0.0234739 0.0904732 -0.257611
-0.0134654 -0.0233889 -0.878812
-0.0111976 -0.0233889 0.484396
0.0850689 -0.0233889 0.973138
-0.0192012 -0.022622 0.827024
-0.0234685 0.0858358 -0.638778
0.0205559 -0.0233889 -0.698175
-0.0234685 0.0826709 0.904225
0.0743821 -0.0233889 -0.37142
-0.0490435 0.0754612 0.996268
-0.0441101 0.102888 -0.0891731
-0.0490435 0.00658884 -0.65965
0.027353 -0.048964 -0.798074
-0.0490435 0.058559 -0.361879
0.00840131 -0.0233889 0.259878
-0.0490435 0.0456783 0.718261
0.063316 -0.048964 -0.319819
-0.0490435 0.0573896 0.519818
-0.0151533 -0.0233889 0.618368
0.045096 -0.048964 -0.456164
0.0193181 -0.0233889 0.537453
-0.00239506 -0.0233889 0.0363848
-0.0234685 0.00612168 0.465414
0.0426556 -0.048964 -0.476505
0.102808 -0.041258 -0.451836
0.0586343 -0.0233889 -0.114171
-0.0234685 0.0347983 -0.460865
-0.0490435 0.00481217 -0.19994
-0.0206953 -0.0216633 0.963075
0.0739475 -0.0233889 0.0768752
0.0469645 -0.048964 0.702298
-0.0234685 0.0446927 0.534246
0.0355699 -0.048964 -0.774094
0.0443522 -0.048964 0.0348735
0.00667266 -0.048964 0.636603
0.100819 -0.0293273 0.86274
-0.0490435 0.00740795 -0.882726
-0.0490435 0.0374231 -0.0189418
-0.0234685 -0.00205494 0.302179
-0.0234685 0.0831607 0.751414
0.0775457 -0.0233889 -0.583472
0.01641 -0.048964 0.647581
0.102808 -0.0388302 0.431423
-0.0490435 -0.0408945 0.576519
-0.0490435 0.0356728 -0.359226
0.069074 -0.0233889 0.857915
0.0910819 -0.048964 0.845006
0.0601759 -0.0233889 -0.290308
-0.0490435 0.0344366 -0.939585
-0.0490435 -0.0441676 -0.269522
-0.0490435 -0.0425501 0.699788
0.0960058 -0.048964 -0.670753
0.0299389 -0.0391916 -0.998051
-0.0490435 -0.0404371 0.151497
-0.0234685 -0.0106086 -0.00952115
-0.0293313 0.100851 0.470069
-0.0234685 0.0664221 0.914328
0.0395051 -0.048964 -0.817223
0.0640309 -0.0233889 0.0709503
-0.0015686 -0.0233889 -0.117477
-0.0417906 0.102888 0.185252
-0.0490435 -0.0327403 0.960522
-0.0490435 0.0240365 -0.869311
0.0171125 -0.048964 0.710368
-0.0234685 0.0245955 -0.149896
0.00087435 -0.0233889 -0.291143
0.0542872 -0.0233889 0.624299
-0.0128457 -0.0233889 -0.645645
-0.0234685 0.0881002 0.259087
-0.017206 -0.0395077 -0.998051
-0.0234685 0.0795139 -0.0656709
-0.0490435 0.00952343 0.725742
-0.0490435 -0.00279047 0.712129
-0.0214366 -0.048964 0.00443013
-0.0490435 -0.0162692 -0.800321
0.0279744 -0.048964 0.233355
0.00678379 -0.048964 -0.914106
0.0496568 -0.0233889 -0.131492
-0.0490435 0.0279418 -0.536693
-0.0490435 0.0643883 -0.001355
0.0788713 -0.048964 -0.559368
-0.0234685 -0.00683697 -0.754058
0.00804466 -0.048964 0.218
-0.0490435 0.0434332 0.15586
0.0480921 -0.0233889 0.454852
0.101235 -0.048964 0.863091
0.00559011 -0.048964 0.977445
-0.0234685 0.0742423 0.466102
0.0596172 -0.048964 0.527193
-0.0462684 0.102888 -0.684089
0.0877424 -0.048964 0.708449
-0.0490435 0.00177233 0.51847
0.0430864 -0.0233889 -0.727084
0.0633384 -0.048964 0.922302
-0.0490435 -0.0304816 -0.326256
-0.0490435 0.0599968 0.109057
-0.0121512 -0.048964 -0.365979
-0.0490435 0.00931757 -0.537006
-0.0234685 0.0324221 -0.126752
0.0596909 -0.048964 -0.0125034
-0.015369 -0.0233889 -0.862555
0.0833194 -0.0233889 0.732589
-0.0490435 0.0595499 0.843941
-0.0490435 -0.0134676 0.294211
0.0876192 -0.0233889 -0.600463
-0.0490435 0.0639117 0.671704
-0.0490435 -0.0394855 -0.103013
-0.0490435 0.0948703 -0.741785
-0.0275774 -0.0244201 -0.998051
-0.0234685 0.0685688 -0.686732
-0.0234685 0.0231831 -0.590926
-0.0490435 0.0409363 0.10623
-0.0234685 0.0514681 -0.562729
0.090993 -0.023426 0.637713
-0.0469796 -0.048964 0.786596
0.0496511 -0.0233889 -0.746887
-0.0490435 0.000272429 0.621009
0.071908 -0.0233889 0.733852
-0.0490435 0.0887314 0.467767
0.0250357 -0.048964 0.168476
0.020342 -0.0233889 -0.715784
0.0993772 -0.0274599 -0.328452
-0.0490435 -0.012863 0.829995
0.0262079 -0.048964 0.607943
0.0488441 -0.048964 0.185226
-0.0234685 0.0225954 0.522541
0.0183256 -0.0233889 -0.613753
0.102808 -0.0399473 0.566389
-0.0490435 0.0604115 -0.215702
0.0770642 -0.0233889 -0.845522
0.0740396 -0.031525 1
-0.0490435 -0.015464 0.807466
-0.0234685 -0.00461671 -0.270547
-0.0490435 -0.0431885 -0.218492
0.102749 -0.048964 0.410288
-0.0490435 0.0603716 0.0473528
0.0113286 -0.0233889 -0.936549
-0.00807704 -0.0233889 -0.975238
0.00267105 -0.048964 0.885928
0.0301509 -0.048964 0.662837
-0.0223584 -0.0197492 -0.364611
-0.0490435 -0.0474643 -0.631554
0.0203578 -0.0233889 -0.0281267
-0.0111353 -0.048964 -0.324269
-0.0234685 0.023318 0.451575
-0.036496 -0.048964 0.472463
-0.0490435 -0.0126927 0.991074
-0.0234685 0.0754631 -0.370146
0.0822996 -0.0233889 0.883325
0.102808 -0.0452518 -0.19556
-0.0234685 0.0738499 0.821558
0.0970614 -0.0255017 -0.474687
0.0941278 -0.0240664 -0.552627
-0.0490435 0.0102947 -0.603637
-0.0234685 0.0230327 0.441849
0.0735174 -0.0233889 0.632984
-0.0490435 0.0389704 -0.457418
0.0255668 -0.048964 0.0162834
-0.0490435 -0.00790076 -0.553552
-0.0205522 -0.048964 -0.939159
0.0794085 -0.0233889 -0.61611
-0.0234685 0.0214703 0.0813692
-0.0234685 -0.000303731 -0.406738
-0.00446297 -0.0233889 -0.496024
-0.0490435 -0.00650294 0.432862
0.0143088 -0.0233889 0.180659
0.076664 -0.048964 0.184851
-0.0429184 -0.048964 0.0545594
-0.0234685 0.0543102 0.192228
-0.0389374 -0.048964 -0.674536
0.0707534 -0.0233889 0.685945
-0.0271466 -0.048964 0.294881
0.000946496 -0.048964 0.534194
-0.0275811 0.0994953 0.705414
-0.0234685 0.0058891 -0.738497
-0.0379429 0.102888 0.273509
-0.0490435 0.0782194 0.29819
0.025622 -0.0233889 0.41754
-0.0490435 0.00728358 0.859466
-0.00631828 -0.048964 0.377006
0.0244058 -0.048964 0.283566
-0.0234685 0.00117618 0.65219
-0.029155 0.100735 -0.415868
-0.0490435 0.0395202 -0.261614
-0.0490435 -0.0111607 0.551565
-0.0490435 0.0530703 0.427407
-0.0490435 0.0196054 0.582232
0.0531577 -0.048964 -0.489526
-0.019957 -0.048964 -0.906146
-0.0234685 0.069479 -0.112794
-0.0490435 -0.0231365 0.222293
-0.0213909 -0.0210148 -0.4102
0.0838901 -0.0233889 0.529521
0.0819601 -0.0233889 0.114801
-0.0490435 0.0752381 -0.457969
-0.0285506 0.100306 0.0487486
0.0933624 -0.048964 0.0964793
0.0838746 -0.0233889 -0.828643
-0.0113087 -0.0233889 0.557863
-0.0490435 0.0864322 0.384967
-0.0490435 0.0484707 0.393507
-0.011425 -0.048964 0.298201
-0.0490435 0.0423839 -0.318873
-0.0234685 0.0269791 0.501778
-0.0490435 0.0183249 -0.278936
0.0465217 -0.048964 0.998201
0.0522954 -0.0233889 0.078668
-0.00324906 -0.048964 -0.507625
-0.0490435 0.0688584 -0.664255
0.0243769 -0.048964 0.123313
-0.0490435 -0.0132632 0.650615
-0.0283206 -0.048964 -0.824111
0.0926885 -0.048964 -0.296492
-0.0234685 0.0863059 -0.11047
-0.0490435 0.0740959 0.157272
-0.0490435 -0.00824515 0.179922
-0.0490435 -0.0249797 -0.375274
-0.0408437 -0.048964 -0.467147
-0.0490435 0.054594 -0.655702
-0.0490435 0.0169405 -0.212229
0.0393681 -0.048964 0.632612
0.0980761 -0.026245 -0.198139
0.0131996 -0.048964 -0.657316
-0.0234685 0.0339785 -0.0499387
0.00123822 -0.048964 -0.580163
0.00226589 -0.048964 0.617523
0.050482 -0.0233889 0.116836
-0.00635024 -0.048964 -0.107556
0.026656 -0.048964 -0.0255703
-0.0234685 0.0435724 -0.285441
-0.0234685 0.0737529 0.947967
-0.0490435 0.0314221 -0.876569
-0.0490435 0.00760721 0.809605
-0.0490435 -0.0053098 0.0602288
0.0262633 -0.048964 -0.688341
-0.0490435 0.021473 -0.0148471
-0.0490435 -0.0102695 -0.014396
-0.0303182 -0.048964 0.326681
-0.0490435 -0.0320459 0.755659
-0.0244176 0.0949348 0.947733
-0.0490435 0.0764264 0.457474
-0.0490435 -0.0339437 -0.413733
-0.0234685 0.00700444 -0.896054
-0.0234685 0.0130333 -0.208468
-0.0490435 -0.00933888 0.960282
0.0413743 -0.0233889 -0.0676209
0.0097926 -0.0233889 0.12268
0.0249252 -0.0233889 -0.485366
0.0743916 -0.0233889 0.307277
-0.0235072 0.0910943 0.180463
-0.0178774 -0.0231204 -0.797506
-0.0260318 0.0977806 0.627979
0.00950258 -0.048964 -0.199282
-0.0490435 0.00182312 -0.357228
0.017326 -0.0233889 0.213077
-0.00843511 -0.048964 -0.437123
-0.0234685 0.016068 -0.784354
-0.00396152 -0.0233889 0.564371
0.0964743 -0.048964 -0.059635
-0.0234685 0.0747804 0.963882
0.0725901 -0.048964 -0.76619
0.011985 -0.048964 0.968698
-0.0271009 -0.048964 -0.149187
0.0614235 -0.0233889 -0.270228
0.0464676 -0.0233889 -0.37571
0.0966745 -0.048964 0.433158
-0.0234685 0.00369368 -0.0819632
-0.0490435 0.0777542 -0.927473
0.0754723 -0.048964 -0.804303
-0.0234685 0.00973608 -0.50373
-0.0490435 0.0642481 0.429905
-0.0490435 -0.0318279 0.722013
0.0566673 -0.0233889 -0.335532
0.0274584 -0.048964 -0.866247
-0.0234685 -0.00428829 0.848567
-0.0242552 0.0945164 -0.660918
-0.0234685 0.0233529 0.756272
-0.0234685 0.0765823 -0.28756
-0.0234685 -0.0132961 0.176964
-0.0234685 0.0212209 0.423178
-0.0234685 0.0762966 -0.52012
0.024541 -0.0233889 0.723889
0.0310786 -0.048964 -0.258482
0.0972146 -0.048964 0.613157
0.102808 -0.045376 -0.828288
0.0897913 -0.0233889 0.142526
0.102808 -0.0447742 -0.2763
0.102777 -0.035276 -0.48567
-0.0490435 0.0953166 0.493604
-0.0234685 0.0283904 0.975305
-0.0234685 0.0844983 -0.900412
-0.0139634 -0.0233889 -0.4866
-0.0234685 0.0128931 -0.597468
-0.0234685 0.00388882 -0.940778
0.0596503 -0.0233889 0.0440169
-0.0490435 -0.00425025 -0.51694
0.0685029 -0.048964 -0.730877
-0.0490435 0.0956965 0.845591
-0.0490435 0.0496042 0.0896074
-0.0234685 0.0901022 -0.4208
-0.0234685 0.00604116 -0.666774
-0.0320095 0.102162 -0.490124
-0.0234685 -0.00936077 0.527385
0.0847221 -0.0233889 0.747501
-0.0234685 0.0386044 0.520435
-0.0234685 -0.0143126 -0.156934
-0.0234685 0.0163202 0.190349
0.0572524 -0.048964 0.514931
-0.0490435 0.0741893 -0.747529
-0.0140343 -0.0233889 0.81188
-0.0316771 0.0111536 1
-0.0490435 -0.0284214 -0.477744
-0.000168655 -0.048964 -0.613017
0.102808 -0.0480228 0.830228
0.0636358 -0.048964 -0.673445
-0.0234685 0.0624562 -0.13241
-0.0490435 -0.0400766 -0.801701
-0.0490435 -0.0251015 -0.051966
-0.0234685 0.0601089 0.550978
0.0888616 -0.0233889 -0.487583
-0.0490435 0.0673336 0.235787
-0.0234685 0.0511096 -0.335299
0.0857261 -0.0233889 0.991971
0.101891 -0.0314195 -0.239246
-0.0234685 0.073291 0.751522
-0.0234685 0.0268051 -0.702653
0.0527358 -0.0233889 0.73349
-0.00419701 -0.048964 -0.824702
-0.0490435 0.0369707 0.180905
0.0382606 -0.0233889 0.920173
-0.0116928 -0.048964 -0.568842
0.06849 -0.0233889 -0.619818
-0.0157369 -0.0233889 -0.21526
0.0856507 -0.0233889 0.337633
-0.0234685 0.0213755 0.253182
-0.0234685 -0.00985816 -0.86298
0.0426901 -0.0233889 -0.506357
-0.0230245 -0.048964 -0.510362
-0.0234685 0.0774824 -0.6678
-0.0234685 0.00194752 0.482981
0.0647141 -0.048964 0.396136
0.0604009 -0.0233889 0.368155
-0.0318622 0.102109 0.443565
-0.0234685 0.0429019 -0.546716
-0.00382459 -0.0233889 0.122306
-0.0490435 0.00147738 0.295248
-0.0490435 0.0654742 0.335223
0.0156614 -0.048964 0.666443
-0.0229037 -0.01867 0.0846865
-0.0106238 -0.0233889 0.67516
-0.0234685 0.0126386 0.847367
0.102808 -0.0403769 -0.548226
-0.0490435 0.0563726 0.230929
0.0170645 -0.0233889 -0.915011
-0.0490435 0.0966925 -0.434867
-0.0490435 0.0354394 0.201472
0.0409526 -0.0233889 0.0480436
0.0525843 -0.0233889 -0.0391401
-0.0234685 0.0532188 0.516478
0.0911843 -0.023442 0.795936
-0.0453757 -0.0225445 -0.998051
-0.0234685 0.0137435 -0.0688223
-0.0490435 0.06111 0.482753
0.0994278 -0.0275145 -0.542751
-0.0234685 0.0675527 -0.782745
-0.0490435 0.0777184 0.640863
0.0521256 -0.0233889 0.931949
0.068641 -0.0233889 0.641324
0.0444473 -0.048964 0.393732
0.00476657 -0.048964 -0.0107647
-0.0234685 0.000961801 -0.720498
-0.0490435 0.0338452 -0.0587625
-0.0490435 0.0931609 0.105625
-0.0221432 -0.048964 -0.98913
0.0100088 -0.048964 0.455555
0.102808 -0.0366176 0.494689
-0.0247107 -0.048964 0.735825
-0.0490435 -0.00903328 -0.469696
0.0983802 -0.048964 0.485673
0.0523364 -0.0233889 0.376387
-0.0234685 0.034722 0.253185
-0.0234685 0.0723158 0.191905
0.0946532 -0.0242575 -0.760804
-0.0490435 -0.0283984 -0.236397
0.0193676 -0.048964 -0.226564
-0.0234685 0.0197856 -0.946826
0.0898414 -0.048964 -0.684633
0.0597548 -0.048964 -0.76129
-0.0234685 0.0625138 -0.0957481
-0.0310344 0.101773 0.346894
-0.0490435 0.0977519 0.233817
-0.0490435 0.0947466 0.305542
0.0748005 -0.0233889 0.928748
0.015053 -0.0233889 0.0149012
-0.0234685 0.0873806 -0.932982
-0.0234685 0.0305034 0.488241
-0.0234685 0.0640599 -0.343021
-0.0490435 -0.0033789 -0.966439
-0.0490435 -0.0301843 0.936951
0.00646273 -0.0233889 -0.433587
0.0719116 -0.048964 -0.626679
-0.0490435 0.0900356 -0.282621
-0.00996142 -0.0233889 -0.179662
0.0311273 -0.048964 -0.574214
-0.0490435 0.0287913 0.549383
-0.0490435 0.0190469 -0.394437
0.00310368 -0.048964 0.29833
0.048791 -0.048964 0.919428
-0.0234685 0.0374093 0.989501
0.0760776 -0.0233889 -0.94539
0.0706063 -0.048964 -0.655546
0.0112371 -0.048964 -0.115052
-0.0236702 0.0923627 -0.546738
0.0447526 -0.0233889 -0.165754
0.0634897 -0.048964 -0.799838
-0.0490435 0.0500161 0.617358
0.0928623 -0.048964 0.13921
-0.022743 -0.048964 -0.335796
0.0540555 -0.048964 -0.769772
0.0425028 -0.0233889 0.158668
0.00915682 -0.048964 0.822548
-0.0159088 -0.0233889 0.136317
0.00946902 -0.0233889 -0.469784
-0.0490435 0.0397506 -0.665495
0.0470729 -0.0233889 -0.226881
0.0170375 -0.048964 -0.774651
0.00618724 -0.048964 -0.86803
-0.0490435 0.0665286 -0.169696
-0.0490435 -0.0322612 -0.226568
-0.0229819 -0.0184706 0.560095
-0.0234685 0.0473996 0.0230845
0.00407247 -0.0233889 0.304729
-0.0490435 0.0792739 -0.0995303
-0.0234685 -0.0142951 0.706699
-0.00304695 -0.048964 0.493633
0.0145344 -0.0233889 -0.338045
0.0546003 -0.0233889 -0.804896
-0.0490435 -0.0294336 -0.0184904
-0.0234685 0.0428601 0.207913
-0.0490435 0.0157578 0.143022
-0.0490435 0.00343096 0.588162
0.00843886 -0.0233889 0.388911
-0.0121975 -0.0233889 -0.836938
0.028836 -0.048964 -0.625595
-0.0124068 -0.048964 -0.487909
-0.037953 0.102888 -0.0793798
0.102808 -0.0363151 0.999032
-0.0490435 -0.0142861 -0.846677
-0.0490435 -0.0266354 0.914805
-0.0234685 0.0383263 -0.497799
0.0359543 -0.0233889 -0.579278
-0.0234685 0.0227085 -0.383578
0.0205333 -0.0233889 0.661946
-0.028445 -0.048964 -0.750879
0.0152842 -0.048964 0.281809
-0.0234685 0.0628028 0.312356
0.0735392 -0.048964 0.848925
-0.0242864 0.0946003 0.673789
-0.0234685 -0.0138859 0.146626
-0.0490435 -0.00520722 -0.797583
0.064862 -0.048964 -0.302019
0.102808 -0.0400711 0.0767934
-0.0490435 -0.00625123 -0.0868051
-0.0234685 0.0123263 0.341211
0.0747087 -0.048964 -0.746924
0.0797023 -0.048964 -0.234022
-0.0200863 -0.048964 -0.863253
0.0166456 -0.0233889 0.68093
0.0794753 -0.0233889 -0.535552
-0.0418259 0.102888 0.411447
-0.0234513 -0.048964 0.80226
0.00167051 -0.0233889 0.693478
0.102808 -0.0386981 -0.799954
-0.0234685 -0.00883963 0.399613
-0.0234685 0.0606405 0.199071
-0.0490435 0.0570764 -0.145962
-0.0234685 0.0178995 -0.0230647
0.0106114 -0.0233889 -0.518392
-0.0490435 0.00992849 0.969793
0.0296674 -0.0233889 -0.521158
-0.0234685 0.035141 0.507114
0.0797163 -0.048964 0.0927492
-0.0490435 0.100286 0.00948014
0.0723658 -0.0233889 0.397738
0.0255388 -0.048964 0.811907
-0.0252459 0.096604 0.782379
-0.0234685 0.0678206 -0.511542
-0.0490435 -0.0407407 0.273813
-0.0234685 0.0128931 0.383892
0.0781026 -0.0233889 -0.172253
-0.0481114 -0.048964 -0.850794
-0.0490435 0.0209897 -0.701229
-0.0490435 -0.0229094 -0.507395
0.0250385 -0.0233889 -0.281867
0.00291556 -0.048964 0.869431
-0.0455763 -0.048964 0.516254
-0.00807119 -0.048964 -0.926889
-0.0490435 0.0285687 0.0274111
0.00818526 -0.048964 -0.715086
-0.0490435 0.0769143 -0.276732
-0.0211776 -0.048964 -0.27451
-0.0490435 -0.0471455 0.546144
0.0309949 -0.0233889 0.957331
-0.0490435 -0.0397159 -0.389932
0.0804258 -0.048964 -0.90023
-0.0490435 0.080405 0.543383
0.0361927 -0.0233889 -0.69623
-0.00721303 -0.0233889 -0.0807865
-0.0490435 0.0347838 0.948296
-0.0234685 0.00536314 0.904617
-0.0234685 0.0650514 -0.666108
0.0895638 -0.0233889 -0.338417
-0.0368788 0.102888 -0.95799
-0.0234685 -0.0117065 0.00952311
0.00641922 -0.048964 0.147187
0.0318377 -0.048964 -0.131755
-0.0234685 0.0531232 -0.0822924
-0.0234685 -0.014762 0.0193494
-0.0490435 -0.0153011 0.304371
-0.0490435 0.0175733 0.53367
-0.0447489 0.00120365 1
-0.0234685 0.0890829 0.59445
-0.0234685 0.0244218 0.584301
0.046155 -0.0233889 0.00208076
0.0459801 -0.048964 0.795409
-0.0490435 -0.0415095 0.596582
0.0157568 -0.0233889 0.700245
-0.0317561 -0.048964 0.948076
-0.0234685 0.0527102 -0.513944
-0.0234685 0.0683673 -0.98067
0.077156 -0.048964 -0.603201
0.0952985 -0.0245289 -0.122646
-0.0234685 0.0397059 0.00358888
-0.0234685 0.0707398 -0.277362
-0.0490435 0.0333413 -0.559631
0.0556606 -0.048964 0.383115
-0.0490435 0.0778735 0.905031
-0.044676 -0.048964 0.0791036
0.100814 -0.0293191 -0.709036
0.0760618 -0.048964 0.8595
0.00434896 -0.0233889 -0.688548
-0.0490435 0.0765312 0.18663
-0.0234685 0.027626 -0.495273
0.0475706 -0.048964 0.099654
-0.0234685 0.0799946 -0.86919
-0.0329006 -0.048964 0.00353513
-0.0490435 0.0674708 -0.0414853
-0.0490435 -0.0469429 -0.887931
-0.0490435 -0.0341785 0.221539
-0.00566204 -0.0233889 0.54602
-0.0170786 -0.048964 -0.737486
-0.0385704 0.0857512 1
-0.0125638 -0.048964 -0.913548
0.0913784 -0.048964 0.571106
-0.0414976 -0.048964 0.629687
-0.0490435 0.0566074 0.735795
0.0798467 -0.048964 0.0631866
0.0252275 -0.0233889 0.864869
0.0233768 -0.0233889 -0.904288
0.0507605 -0.0233889 0.83567
-0.0234685 0.0566669 -0.635371
0.0977453 -0.048964 0.0879917
-0.0490435 0.0552887 -0.718046
-0.0490435 -0.0410721 -0.0702799
0.0948222 -0.048964 0.0344652
-0.0490435 0.00363177 0.935916
-0.0490435 0.0235939 0.446134
-0.0234685 0.047886 0.75308
-0.0490435 0.0418938 0.626799
-0.0234685 0.0464172 0.924211
0.0255922 -0.048964 -0.444822
0.0928737 -0.048964 0.915301
0.101811 -0.0312265 0.650936
0.0647172 -0.048964 -0.146354
0.00880622 -0.0233889 0.370692
0.076451 -0.0233889 0.358493
-0.047795 0.102888 0.91727
0.0711717 -0.0233889 0.624074
0.0978477 -0.026064 -0.613774
0.00629573 -0.048964 -0.796396
-0.0490435 0.10288 0.386182
0.0381367 -0.0233889 0.8448
-0.0490435 0.0135911 0.171894
-0.0243891 -0.048964 -0.378431
0.0155917 -0.048964 0.832061
0.0741296 -0.0233889 0.514275
-0.0490435 0.0656245 -0.832861
-0.0411586 0.04941 1
0.0563829 -0.048964 -0.239462
-0.0141229 -0.048964 0.430852
0.0313875 -0.0233889 -0.368709
-0.0234685 0.0892838 0.459159
0.0933709 -0.0238356 0.824969
0.0996159 -0.0277234 -0.832649
-0.0234685 0.0540152 0.903723
0.00419901 -0.0233889 -0.47905
-0.0228745 -0.0187402 0.990907
-0.0234685 0.0239172 -0.344396
0.0527279 -0.0233889 -0.276148
-0.0490435 0.0515735 0.955936
-0.0234685 0.010518 -0.948162
-0.0450688 -0.048964 0.67213
-0.0234685 0.0835881 0.959871
0.0943125 -0.048964 -0.0865474
0.0613308 -0.048964 0.784794
-0.0234685 0.0376319 -0.610068
0.081475 -0.048964 0.760799
0.0837652 -0.048964 -0.987054
0.0904942 -0.0233977 -0.681203
-0.0085627 -0.0233889 0.757392
0.0298969 -0.048964 -0.295166
0.066583 -0.048964 0.0299547
-0.0490435 0.0759293 -0.670166
0.0575671 -0.048964 -0.897516
-0.0234685 0.0816679 -0.199519
-0.0255912 0.0971561 0.0193563
-0.0234685 -0.00819574 -0.736452
-0.0490435 -0.041437 0.812457
-0.0251313 0.0964061 0.880605
0.0443222 -0.048964 0.433489
0.102156 -0.048964 -0.122118
-0.0234685 0.0252214 -0.829682
-0.0234685 0.0488831 -0.789724
-0.0234685 0.074803 0.928815
-0.0378792 -0.048964 0.236389
0.0888005 -0.0233889 -0.140385
0.0860374 -0.0233889 -0.70496
-0.0234685 0.00185089 0.166873
-0.0234685 0.00531336 -0.853563
-0.0149283 -0.0233889 0.212191
0.0488443 -0.0233889 -0.664481
0.0677244 -0.048964 0.206193
-0.0221425 -0.048964 -0.398007
-0.0277347 0.0996349 -0.113027
-0.0490435 0.0577456 0.183975
0.0991868 -0.048964 -0.158286
-0.0234685 0.080892 -0.951056
-0.0234685 0.0247013 0.993742
-0.0490435 0.071996 -0.309817
-0.0234685 0.0312071 -0.0654086
0.055847 -0.048964 0.429177
-0.0120603 -0.048964 -0.598468
-0.0234685 0.0502254 -0.420024
-0.0234685 -0.0107975 -0.384017
0.0016814 -0.0233889 0.406575
0.0287107 -0.0233889 0.44418
-0.0490435 -0.00916163 -0.669112
0.0628093 -0.048964 0.103688
-0.00216971 -0.048964 -0.769745
-0.0490435 0.0185716 -0.649952
0.0940257 -0.048964 0.549649
-0.0234685 0.0826631 0.539957
0.0070082 -0.0233889 0.757684
-0.0274017 -0.048964 0.895405
0.0227784 -0.0233889 -0.0669679
-0.0490435 0.0533539 0.415295
0.0544046 -0.0233889 0.633908
0.0608536 -0.048964 0.2776
0.0756838 -0.0233889 -0.21605
-0.040821 -0.048964 -0.987249
0.0395045 -0.048964 0.524839
0.0649683 -0.048964 0.354223
-0.0490435 0.0599221 0.47267
0.0287426 -0.048964 0.933562
-0.0234685 0.0650743 -0.445097
-0.0124906 -0.0233889 -0.549485
-0.024807 0.0957962 0.0560029
-0.0490435 0.0245628 -0.320074
0.0987594 -0.048964 -0.604053
0.0552721 -0.0233889 -0.44921
-0.0234685 0.0814795 -0.086398
-0.0234685 0.00387778 0.0404174
0.0769239 -0.048964 -0.548345
0.0994632 -0.0275531 -0.798696
0.0476884 -0.0233889 0.4916
-0.0200697 -0.048964 0.261975
0.0137999 -0.0233889 0.615621
-0.0490435 -0.0066057 -0.311678
-0.0234685 0.0617597 0.963651
-0.0234685 0.0825537 0.936195
0.0382347 -0.0233889 -0.359527
-0.0234685 0.022098 0.723023
0.102808 -0.043986 0.250683
-0.0490435 -0.0262959 0.0323376
-0.0490435 -0.012811 0.743178
-0.0234685 0.0382762 0.813281
-0.0234685 0.0466388 -0.761864
0.0506966 -0.0233889 0.345465
0.0119527 -0.0233889 0.876437
-0.0234685 0.0737002 0.997216
0.091285 -0.048964 0.449282
0.0279383 -0.0233889 0.463061
-0.0234685 -0.000548132 0.426589
0.0605292 -0.0233889 0.425294
-0.040511 -0.048964 0.402105
0.00665039 -0.048964 -0.562234
-0.0490435 0.0418783 0.431225
-0.0490435 -0.0419091 -0.0889226
-0.0490435 -0.0218448 0.00495818
0.0508851 -0.048964 -0.919858
-0.00178847 -0.0233889 -0.831145
-0.0420178 0.102888 -0.257921
-0.0490435 -0.0427243 0.415112
-0.0234685 -0.0100344 -0.816938
-0.0490435 -0.0377997 0.195473
-0.0234685 0.00645773 -0.915491
-0.0490435 -0.0163818 -0.488479
-0.0268974 -0.048964 0.417544
-0.0188092 -0.0227994 -0.767882
0.0254113 -0.0233889 0.229917
0.0665589 -0.048964 -0.0716731
-0.0234685 -0.00498028 0.417598
0.0339606 -0.048964 0.205531
0.0860071 -0.048964 -0.528021
-0.0490435 0.0864032 0.334266
-0.0234685 0.0504323 0.123902
-0.0119191 -0.048964 -0.0771977
-0.0234685 -0.0140796 0.811923
-0.0490435 0.0855135 -0.973123
0.0629576 -0.0233889 -0.531891
-0.0490435 0.0456505 0.0352646
0.0419013 -0.048964 -0.379455
-0.0490435 0.0494714 0.772274
0.00916035 -0.048964 0.367686
-0.0234685 0.0895534 0.975019
0.0187366 -0.048964 -0.704994
-0.0490435 -0.0265321 0.532231
0.0587365 -0.048964 0.807504
-0.0490435 0.00719277 0.826914
-0.034339 -0.048964 -0.888659
-0.0490435 -0.0337622 0.293687
-0.0350802 -0.048964 -0.719851
0.0810952 -0.048964 -0.829421
0.078302 -0.0233889 0.575098
0.00588678 -0.048964 0.175978
-0.0234685 0.06678 -0.933945
0.0724262 -0.0233889 -0.680781
0.0119603 -0.048964 0.592451
-0.0490435 0.0691364 -0.820402
-0.0490435 0.0339805 0.419375
0.0731899 -0.0233889 0.494917
0.0278072 -0.048964 -0.0772876
-0.0490435 0.0511053 0.323042
-0.0405807 -0.048964 0.0449608
-0.0373799 -0.0475947 1
0.0265404 -0.048964 0.830761
0.052795 -0.0233889 0.390762
-0.0490435 0.0154079 -0.404612
0.0756326 -0.048964 0.68612
0.0986763 -0.048964 -0.350112
0.0954269 -0.0245879 -0.253195
-0.027958 0.0998299 0.567649
-0.0490435 0.00994215 0.761667
-0.0490435 0.0756899 -0.16715
-0.0490435 0.0682384 -0.0168369
-0.0246315 0.0954288 -0.713486
-0.0214898 -0.048964 0.693459
-0.0490435 0.0805409 -0.180212
0.0012196 -0.048964 0.418507
0.0391325 -0.048964 0.175634
0.00870064 -0.0233889 0.858841
0.102808 -0.03769 0.143511
-0.0251086 0.0963659 0.814211
-0.0234685 0.0679847 -0.619319
-0.0234685 -0.000991468 0.694038
0.0706272 -0.0233889 -0.784934
-0.0490435 0.0331268 0.576219
-0.0490435 -0.0476851 0.306406
0.0856234 -0.048964 0.875784
-0.0234685 0.0339907 -0.678907
0.00685647 -0.0233889 -0.111189
-0.0234685 0.0800711 0.314397
0.0541592 -0.048964 0.655978
0.0499345 -0.0233889 -0.759263
0.0482402 -0.048964 -0.0987849
-0.0234685 0.0322729 0.600607
0.0516722 -0.048964 -0.331967
-0.0234685 0.0681491 -0.648627
0.0505306 -0.048964 0.841315
-0.0234685 0.049267 -0.710481
-0.0234685 -0.00731111 0.783784
0.0203023 -0.048964 -0.949493
-0.0490435 0.00969021 0.113994
0.0993958 -0.048964 0.506984
0.00534305 -0.0233889 0.454933
-0.0226818 -0.0191618 -0.537057
-0.0234685 0.0898483 0.297478
-0.0119261 -0.0233889 -0.624807
-0.0488785 0.102888 0.344759
-0.0490435 -0.0454044 0.975084
-0.00340507 -0.048964 0.0487489
-0.0172562 -0.048964 -0.00567067
0.0972751 -0.0256458 0.875818
-0.0234685 0.0214503 -0.247537
0.0521369 -0.048964 0.272066
-0.0490435 0.0696341 0.344877
-0.0234685 0.0553112 0.534161
-0.0490435 0.072164 -0.682708
-0.0490435 -0.0253064 0.30662
-0.0234685 0.0709466 0.63419
0.0846208 -0.0233889 -0.0394717
0.0878789 -0.048964 0.677785
-0.0490435 -0.0437604 0.532737
-0.0490435 0.0181759 0.793061
-0.0234685 -0.00753207 -0.68356
-0.00924683 -0.048964 0.0819953
0.0413099 -0.048964 0.670775
-0.0234566 -0.0162215 -0.595418
-0.0490435 0.043864 0.360724
0.0412953 -0.0233889 0.718948
0.082836 -0.048964 -0.00823609
-0.0490435 -0.032682 -0.914018
0.0529937 -0.048964 -0.0432817
-0.0490435 -0.028888 -0.559425
-0.0490435 0.0374903 0.305426
-0.0234685 -0.00849426 -0.125682
-0.0490435 -0.0077416 -0.542123
0.0926224 -0.0236564 -0.216183
-0.0415371 -0.048964 -0.575542
-0.0490435 0.0887928 0.167673
-0.0157575 -0.0233889 0.0563745
-0.0490435 -0.0147888 -0.831387
-0.0234685 0.0401107 0.854108
-0.0490435 0.0723572 -0.149902
-0.0234685 0.0895122 0.896367
-0.0490435 0.04071 0.290497
-0.0490435 0.0331711 0.883691
0.00366091 -0.048964 0.00835538
-0.0234685 0.0168368 0.892147
0.0932642 -0.048964 0.192641
-0.0234685 0.0474159 -0.444026
0.0392382 -0.048964 0.652827
-0.0234685 0.0808795 -0.996592
0.0669303 -0.0233889 -0.516354
0.0550394 -0.0233889 -0.19328
-0.0490435 0.0554367 -0.00263418
-0.0393762 -0.048964 0.374388
-0.0490435 -0.0393692 0.517329
-0.0234685 0.035412 0.0943451
0.094693 -0.048964 0.374836
-0.0490435 0.0203658 0.123169
-0.0243616 0.0947956 0.108272
-0.0411204 0.102888 0.663604
0.0240741 -0.048964 -0.188301
0.0204017 -0.0233889 0.941152
-0.0490435 0.0938326 -0.772237
-0.0234685 -0.0121568 -0.278613
-0.0490435 -0.0386806 0.399289
0.0213931 -0.0233889 0.479258
0.0207696 -0.048964 0.454792
-0.0118042 -0.0233889 -0.695711
-0.0490435 -0.0427772 -0.463739
0.0614268 -0.0233889 -0.925074
-0.0490435 -0.0402108 -0.116332
0.0544878 -0.048964 -0.937223
0.0147505 -0.0273039 1
-0.0490435 -0.0166507 -0.920417
0.0238279 -0.048964 -0.755001
0.01494 -0.0233889 -0.638385
-0.015812 -0.048964 0.566591
-0.0234685 -0.0144411 -0.473574
-0.0234685 -0.00647568 0.372366
0.0836955 -0.0233889 0.12395
0.0628244 -0.0233889 0.53064
0.0807408 -0.0353625 -0.998051
-0.0490435 0.0224392 0.904276
0.0286691 -0.048964 0.515675
0.0332558 -0.0233889 0.0133077
-0.0283364 -0.048964 -0.596258
-0.0118511 -0.0233889 0.453066
0.0217083 -0.0233889 0.160549
0.102808 -0.0403827 -0.413212
-0.0234685 -0.0143837 -0.43072
0.00514588 -0.0233889 0.950466
-0.0234685 0.0495753 0.00973887
-0.0153143 -0.0233889 0.159526
0.0924397 -0.048964 -0.282854
-0.0490435 0.087783 -0.438661
0.0803772 -0.048964 -0.404548
-0.0234685 0.0606851 0.8772
0.0348908 -0.0233889 0.411695
-0.0234685 0.0137884 0.703785
-0.0490435 0.0209942 -0.715288
0.102808 -0.0459432 0.16242
-0.0234685 0.0723384 -0.357052
-0.0490435 0.0031621 -0.0872867
0.0969006 -0.048964 0.604152
-0.0234685 0.0743229 -0.558651
0.0412097 -0.0233889 0.779665
-0.0234685 -0.0048482 -0.774322
0.0159114 -0.0233889 -0.219795
-0.0234685 0.0102488 0.622777
-0.0490435 0.03039 0.396421
-0.00872032 -0.0233889 0.415081
0.0345161 -0.0233889 -0.46834
-0.0234685 0.087383 -0.0547509
0.0937752 -0.048964 0.853601
0.0697614 -0.0233889 0.102457
-0.0234685 0.0646981 -0.014156
-0.0234685 0.0237322 -0.887856
-0.0234685 0.0614662 -0.69634
-0.0490435 0.0189142 -0.259337
-0.0234685 -0.00671237 -0.458907
-0.0145687 -0.0233889 -0.754747
-0.0313591 -0.048964 -0.702591
-0.0490435 -0.0375649 0.25161
-0.0490435 0.0198149 0.48663
-0.0234685 0.0113131 0.274862
-0.0234685 0.040863 0.787497
-0.0490435 0.0283167 0.71867
-0.0234685 0.0575274 0.439203
-0.0234685 0.0706955 -0.380643
0.102808 -0.0372982 -0.104749
-0.041028 0.0653381 1
-0.0234685 0.0556279 -0.439881
0.0353062 -0.048964 -0.929129
-0.0490435 -0.0204121 0.0458816
0.0247323 -0.0233889 0.0571779
0.0953749 -0.048964 -0.558481
0.00096515 -0.048964 0.557167
-0.0490435 -0.0284889 0.460124
-0.0449441 0.102888 -0.303803
0.102808 -0.0385234 0.55147
-0.0490435 0.0552048 0.664807
-0.0320035 0.10216 0.800439
-0.0490435 -0.022722 0.922991
0.0769938 -0.048964 0.577856
-0.0234685 0.0523222 -0.301552
0.102808 -0.0417216 0.305547
-0.0490435 0.0485998 -0.403166
0.0631574 -0.0233889 -0.97249
-0.0353034 0.102852 0.130337
0.0312312 -0.0233889 -0.130192
-0.0234685 0.00214501 -0.59651
-0.0490435 0.0458427 -0.165543
0.0842262 -0.048964 0.641964
-0.0490435 -0.0427661 -0.509327
0.0322425 -0.048964 0.987034
0.0843909 -0.0233889 0.566841
-0.0234685 -0.00539626 0.571124
0.018495 -0.0233889 -0.98865
-0.0234685 0.086272 0.386579
0.0176255 -0.048964 0.570264
-0.0234685 0.0468069 -0.649319
-0.0234685 0.0339434 -0.412801
0.0169404 -0.048964 -0.828078
0.0438272 -0.0233889 -0.296359
-0.0309143 -0.048964 0.266727
0.0431576 -0.0233889 -0.641118
0.0171978 -0.048964 0.0276768
0.102808 -0.0448602 0.731254
0.102808 -0.0482962 0.18263
-0.0234685 0.0331842 -0.0349487
-0.0490435 -0.0367222 -0.539964
-0.0490435 0.0903426 0.797286
0.0131579 -0.048964 0.404998
-0.0234685 0.054784 0.713355
0.0818747 -0.048964 -0.326214
-0.0234685 0.0823448 -0.811944
-0.0490435 -0.0287298 0.67245
-0.0490435 0.0542075 -0.883795
0.00787612 -0.0233889 0.481475
-0.0490435 0.0846362 -0.216314
-0.0234685 0.0140379 -0.332854
-0.0268495 0.0987628 0.000539842
-0.0234685 -0.00490774 -0.0695973
-0.000441844 -0.0233889 -0.874494
0.0602825 -0.048964 0.900959
-0.00431582 -0.0233889 0.42542
-0.0490435 0.00150358 -0.607969
-0.0490435 -0.0233204 -0.404581
-0.0295142 0.100966 -0.643336
-0.0408289 -0.048964 -0.686464
-0.0234752 0.0905164 0.409025
-0.0317294 -0.048964 -0.322788
0.0397695 -0.0233889 -0.0864258
0.0759102 -0.048964 -0.917732
0.0811896 -0.048964 -0.189102
0.03224 -0.048964 0.26752
-0.0234685 0.0705327 -0.258991
0.00696282 -0.0233889 0.650932
-0.0490435 -0.0123933 0.487718
-0.0490435 -0.0244807 -0.926527
-0.0490435 0.0141286 0.591331
-0.0490435 0.0687311 -0.102485
0.0673729 -0.048964 0.652721
-0.0307741 -0.048964 -0.914772
-0.0490435 0.0351943 0.78689
-0.0234685 0.024652 0.380688
