ply
format ascii 1.0
element vertex 8206
property float x
property float y
property float z
end_header
0.0422766 0.116408 0.35474
-0.070221 -0.151712 -1
0.121325 0.151986 -0.367127
-0.0710492 -0.149638 0.998782
-0.0718626 -0.150742 -0.0374095
0.124018 0.149688 0.772011
-0.0614352 -0.151829 -0.584914
0.123636 0.130531 -0.796371
0.124018 -0.149828 0.581944
0.124012 -0.133596 0.198449
0.0269168 -0.11625 -0.308038
-0.028594 0.115998 0.0681493
-0.0402819 0.0515658 0.592327
-0.0290751 -0.115719 0.391481
0.049888 -0.11625 0.62853
-0.0697095 0.150279 -1
0.121768 -0.151829 -0.224423
-0.0654517 0.151986 0.177074
-0.0669352 0.15182 0.998782
-0.0700358 0.151986 -0.5273
0.124018 -0.151644 -0.760981
0.120572 -0.151829 0.266413
0.123866 -0.151829 0.979528
-0.0495292 0.151986 -0.174766
0.121939 0.151986 0.451892
-0.0718626 -0.12239 0.021451
-0.0622674 -0.151829 -0.472716
0.124018 0.150206 0.760248
0.119556 0.151986 -0.763414
-0.0636195 -0.151829 -0.999263
-0.0718626 -0.0267805 0.406995
0.124018 0.14173 -0.361141
-0.0718626 -0.0548557 0.850488
0.124018 0.142068 0.00855088
-0.0718626 0.123859 0.607286
-0.0718626 -0.00246867 -0.728892
-0.0718626 -0.0525111 -0.275099
0.123175 -0.128629 -0.555493
0.124018 0.139758 0.249041
0.124018 -0.151176 -0.01882
-0.0718626 -0.110436 0.22339
0.122992 0.128242 -0.566687
0.122367 0.126712 -0.960528
0.123579 0.13027 0.95648
-0.069887 0.151986 0.802747
0.124018 -0.134647 -0.953465
-0.0718626 0.0695504 0.00190977
0.124018 -0.141329 0.455738
-0.044544 0.151986 0.363871
0.124018 -0.150457 0.794084
-0.0718626 0.112777 -0.350677
-0.0678885 0.151986 -0.82043
-0.0475015 -0.151829 -0.822232
-0.0594418 -0.151829 0.998274
-0.0280746 -0.151829 -0.645044
-0.0402819 -0.000549183 -0.909764
0.123678 0.130735 -0.183676
-0.0280024 -0.151829 -0.143231
0.0952396 -0.11625 -0.389264
-0.0402819 -0.0088141 -0.559458
-0.0718626 -0.150183 0.520107
-0.0718626 -0.0234104 0.687897
0.0573297 -0.11625 0.123067
0.0917377 0.116408 0.604985
-0.00520467 0.151986 -0.670167
-0.0402819 0.00307184 -0.133984
-0.0445211 -0.000139937 0.998782
-0.0402819 0.0335669 0.267605
-0.00430838 -0.151829 0.35749
-0.0308906 -0.151829 0.74831
-0.0402819 -0.00635265 0.125269
-0.0402819 -0.0205445 -0.414911
-0.0402819 -0.0122882 0.547601
0.021863 -0.151829 0.886872
0.0598249 0.116408 0.127411
-0.00208752 0.116408 0.492612
0.0329278 0.116408 -0.452283
0.0111288 0.151986 -0.0568525
-0.021631 -0.151829 -0.346089
0.0410658 0.116408 0.857584
0.0117624 0.116408 0.707351
0.0323794 0.116408 -0.271276
0.0449838 0.116408 -0.859813
-0.0718626 0.0724386 0.901973
0.0678302 0.116408 0.351301
-0.0718626 -0.144071 0.637676
-0.0718626 0.0610865 -0.244306
-0.0402819 0.0408177 0.785189
0.0150041 -0.11625 -0.918118
0.0826655 -0.11625 -0.120173
-0.0313968 0.151986 0.068208
0.0822106 -0.11625 -0.662145
-0.0718626 0.0653474 -0.637691
0.0168008 -0.11625 -0.241613
0.00907999 0.151986 0.263437
0.0126585 -0.11625 -0.546946
0.0156309 -0.151829 -0.0386798
0.0329345 -0.11625 0.518794
-0.0402819 -0.0313993 -0.0297304
-0.0454408 -0.151829 0.122959
0.0237597 -0.11625 -0.751494
-0.0402819 0.0497351 -0.815525
-0.0718626 0.0705096 -0.458362
0.0253977 -0.151829 0.221078
-0.0402819 -0.0617615 0.312837
-0.0718626 0.0435289 -0.999416
0.019133 0.116408 -0.572978
0.0974943 0.116408 -0.667877
0.124018 -0.150238 0.563803
-0.0718626 -0.0481059 -0.822307
0.0199072 0.116408 -0.960688
0.0985605 -0.11625 -0.854263
-0.0718626 0.0760392 0.429622
0.0953585 -0.11625 0.361337
0.0216639 0.116408 0.957489
0.124018 -0.145338 0.691844
-0.0718626 -0.0602133 -0.643159
-0.0718626 0.095513 -0.904883
-0.0402819 -0.0525555 -0.997107
0.0253634 0.116408 -0.761142
-0.0718626 0.103805 -0.730506
0.105201 0.116408 -0.0861697
0.032906 -0.11625 0.996952
-0.0718626 0.105059 -0.0904512
0.12371 0.151986 -0.469083
-0.0718626 -0.123027 -0.728341
-0.0718081 -0.151829 0.837825
0.0187974 0.151986 -0.361332
-0.0718626 -0.125923 0.4256
0.0346178 -0.151829 -0.459714
-0.0718626 -0.148316 -0.263856
-0.0402819 -0.0778267 0.939781
0.110783 -0.116843 0.883516
-0.0718626 -0.0746329 -0.179753
-0.0718626 0.0720352 0.695785
-0.0402819 0.0221163 -0.329702
0.0362449 0.116408 -0.152115
-0.0718626 0.0813872 0.114961
0.0428058 -0.151625 -1
-0.0686662 0.151986 -0.266207
0.0379104 -0.11625 0.799983
0.0748064 -0.151829 -0.306965
-0.0718626 -0.0864992 -0.913178
0.123384 -0.151829 0.175368
-0.0718626 -0.0925558 -0.0897719
-0.0402819 -0.0601983 0.764666
-0.0718626 -0.150692 -0.562582
-0.0718626 0.116304 0.285431
-0.0718626 -0.060393 -0.49252
-0.047852 0.151986 -0.427966
0.123096 -0.151829 0.0710589
0.0396354 0.116408 0.0253063
0.123043 0.151986 0.865508
-0.0718626 0.0685688 0.52162
0.0120698 0.151986 0.624134
0.124018 0.144188 -0.271949
0.0171161 -0.151829 0.0518675
0.0375728 -0.151829 0.436732
-0.0312805 0.151986 0.895893
0.0718266 0.151986 0.526462
-0.0402819 0.0420617 0.619014
0.124018 -0.143656 -0.468704
0.123266 0.151986 -0.873869
-0.0718626 0.0389323 0.348621
-0.0718626 -0.099915 -0.397884
-0.0718626 0.149654 -0.614224
-0.0718626 -0.143334 0.303549
-0.0402819 -0.066094 0.615196
-0.0718626 -0.0413954 0.0529526
-0.0402819 -0.0716466 0.484812
0.0291421 0.151986 0.419707
-0.0718626 -0.0222571 0.209953
0.0416679 -0.11625 0.71445
-0.0666309 0.151986 -0.0186425
-0.0718626 0.0698361 -0.552795
0.087343 0.151986 0.681514
0.0261604 0.151986 0.782785
-0.0714631 0.151986 0.524449
-0.0402819 0.0700151 0.191287
0.0409515 -0.11625 0.294828
-0.00945053 -0.151829 0.582728
-0.0654261 0.151986 0.720106
0.124018 0.151925 0.164412
-0.0402819 0.0138534 0.470765
-0.0718626 -0.00637591 0.920277
0.0582174 0.116408 0.209111
-0.0402819 -0.00909663 -0.213266
-0.0694267 -0.151829 0.917811
-0.0718626 0.0728704 0.981887
-0.0540659 0.151986 0.444057
-0.0718626 -0.0790111 0.139293
-0.0402819 -0.09577 0.69172
-0.0402819 0.0736935 -0.170235
0.0216547 -0.11625 -0.835398
-0.0176463 0.151986 -0.895295
0.0612187 0.151986 -0.51653
0.124018 0.14109 0.0863295
-0.0718626 0.0307804 -0.0677186
0.0546699 -0.151829 -0.182926
-0.0402819 -0.0526316 -0.345275
0.0587655 -0.151829 -0.596223
-0.0402819 0.0295367 0.0587496
-0.0402819 0.0211491 0.858001
-0.0718626 -0.075327 -0.568967
-0.0598344 -0.151829 -0.0473824
-0.0718626 -0.0828805 0.550407
0.00717586 0.151986 0.164453
-0.0402819 0.00365313 -0.66211
0.065672 -0.11625 0.00882277
-0.0402819 0.0611592 -0.392844
0.0598911 0.151986 -0.212735
0.0210199 -0.11625 -0.397245
-0.0402819 0.0969989 0.840745
-0.0126856 0.116408 0.565396
-0.0402819 0.00581609 -0.48806
-0.0442141 -0.151829 -0.897964
-0.0402819 -0.066135 -0.75848
0.123882 0.151986 0.324551
0.070057 0.151663 0.998782
0.0685601 0.151986 -0.610403
-0.00256492 -0.151829 0.660705
0.00217741 0.116408 0.324423
0.0690849 0.151986 -0.918735
-0.00230777 -0.11625 0.167156
0.0725014 -0.11625 -0.508462
-0.0108368 0.116408 -0.507203
0.0155878 -0.11625 -0.0995848
0.0021368 0.151986 -0.816589
0.0248752 -0.151829 -0.690544
-0.0402819 -0.084292 0.380056
-0.0056241 -0.151829 0.950298
0.067447 0.151986 -0.995686
-0.0218403 0.116408 -0.226758
0.0666409 0.151986 0.919521
-0.0135655 -0.151829 0.48275
0.100355 0.116408 -0.819022
0.0717238 0.151986 -0.315891
0.0714765 0.151986 -0.405326
0.0621106 -0.11625 0.934849
0.0666343 0.151986 -0.719429
0.0647388 0.116408 0.281685
0.087143 0.116408 0.807003
0.0837374 -0.11625 0.221393
0.11975 -0.122479 0.62817
-0.0716266 -0.0663848 0.998782
-0.0402819 -0.0957381 0.081738
-0.0718626 -0.109946 -0.327918
-0.0718626 -0.149608 -0.194749
0.0660782 0.116408 0.46563
0.123477 0.129843 0.387899
-0.0311139 0.151986 -0.752978
0.0708102 -0.151829 -0.908136
0.0683523 0.116408 0.742802
0.0724653 -0.151829 -0.803293
-0.0402819 0.0906964 -0.294909
-0.0157299 -0.11625 0.840548
-0.0718626 0.0953057 0.758032
-0.0121001 0.151986 -0.119112
-0.0718626 0.150502 -0.683349
0.124018 -0.147057 -0.621051
-0.0204593 -0.11625 0.270859
-0.0121136 -0.11625 -0.978787
0.0725827 0.151986 -0.0332804
0.0185257 -0.11625 -0.308291
0.0588784 -0.151829 0.570251
0.0717173 -0.151829 0.844653
-0.0402819 0.091586 -0.965046
0.101547 -0.11625 0.511611
-0.031531 -0.151829 -0.412272
-0.0159048 0.151986 -0.304282
-0.0402819 0.0521201 -0.705519
0.0790184 -0.151829 -0.0661751
-0.0435345 0.151986 0.659445
0.124018 -0.151073 -0.155211
-0.0402819 -0.0941998 -0.854208
0.0326689 0.151986 0.0813284
-0.0697323 0.151986 -0.935913
-0.0718626 -0.000472812 0.747778
-0.0718626 -0.110755 0.788773
0.101538 -0.11625 0.745296
-0.0227456 0.116408 0.0105024
-0.0718626 0.0414842 -0.869931
0.0866942 0.151986 -0.13673
-0.00945213 0.151986 0.835252
0.124018 -0.151759 -0.697828
-0.0402819 0.0896049 0.371318
-0.0718626 -0.0286844 -0.0897781
-0.0718626 -0.010013 0.603207
-0.0402819 -0.0490092 -0.696536
-0.026899 -0.151829 -0.762302
-0.0718626 -0.148115 0.366865
-0.0718626 -0.0100752 -0.963177
-0.0110021 -0.11625 0.00562833
0.124018 0.147978 0.561457
-0.0718626 0.124537 0.936558
-0.0397484 0.105207 -0.852261
0.124018 -0.150632 -0.345897
-0.0718626 0.145992 0.115292
0.0774849 -0.11625 -0.25582
-0.0402819 -0.0936735 -0.231371
-0.0402819 -0.00780055 -0.787066
-0.0718626 -0.0179148 0.282145
-0.0517061 0.151986 0.237641
-0.00549629 0.116408 0.214691
-0.0402819 -0.0140319 0.355224
-0.019484 0.116408 -0.62144
-0.00825561 -0.11625 -0.486383
-0.0718626 0.0974142 -0.791831
0.0214105 -0.11625 -0.636048
-0.0402819 0.0310805 0.40081
-0.0402819 -0.0590304 0.247784
-0.0718626 -0.00652184 0.808679
-0.0718626 -0.117214 -0.620073
-0.013979 0.116408 0.114789
-0.069216 -0.151829 0.700681
-0.0718626 0.105345 0.0587929
0.0389304 -0.11625 0.384424
0.0802017 -0.11625 -0.728706
-0.0120914 -0.11625 0.431597
-0.0718626 0.00831989 -0.275189
-0.0718626 0.00195766 0.00954501
-0.0718626 -0.00195111 -0.610502
-0.00561186 0.116408 -0.403485
-0.0477133 -0.151829 0.184655
0.0631373 -0.151829 0.173386
-0.0224965 0.116408 0.785234
-0.0402819 -0.0767129 -0.443963
0.117639 0.120549 0.503625
0.00640654 -0.11625 -0.181357
-0.0718626 0.0278469 0.162966
-0.0718626 -0.0818803 -0.0250392
0.116934 -0.119832 0.122661
0.044495 0.116408 -0.0912118
0.0675524 -0.151829 0.674082
-0.0718626 0.0458537 -0.937444
0.091791 -0.116699 -1
0.03541 0.116408 -0.644355
0.0626264 0.151986 -0.790333
-0.0402819 -0.0694605 0.189501
-0.0718626 0.0767753 0.241444
-0.0718626 0.0550403 -0.123957
-0.0107565 0.151986 -0.999379
-0.00800075 0.151391 0.998782
-0.0718626 -0.0978779 -0.976569
-0.0241603 -0.11625 0.53337
0.045197 0.116408 0.657391
-0.0718626 -0.142375 0.578804
-0.0402819 -0.00742481 -0.850834
-0.0402819 0.039691 0.945005
-0.0718626 -0.105886 -0.788151
-0.0718626 -0.104632 0.882948
-0.0718626 0.049196 -0.758402
-0.0402819 0.0265891 0.675591
-0.0402819 0.0911964 -0.0421924
-0.0105425 -0.151829 -0.586938
-0.0402819 -0.0656533 -0.130692
0.0120003 -0.151829 0.113323
-0.0143928 -0.151829 -0.276229
-0.0718626 0.0120985 -0.378689
0.081914 -0.11625 0.424602
0.120281 0.123288 -0.418746
0.0851503 -0.151829 0.316643
-0.0718626 0.070627 0.579638
0.0420783 -0.151829 -0.354825
-0.0402819 0.0953297 0.647667
-0.0196541 -0.11625 -0.700981
-0.0471485 -0.151829 0.0647244
-0.0402819 0.0715659 0.311082
0.071646 -0.11625 0.0672181
-0.0402819 0.0445017 -0.59425
-0.0718606 -0.151829 -0.103671
-0.0718626 0.108456 0.480337
0.124018 -0.151646 0.399278
0.0770172 -0.11625 -0.444958
0.0689697 0.116408 -0.360615
0.0318126 0.151986 0.569846
-0.0718626 0.145446 -0.877128
0.123776 0.151986 -0.631774
0.123681 0.151986 0.63748
0.124018 -0.135529 -0.283118
-0.0402819 0.100184 -0.674786
0.0253504 -0.151829 0.757412
0.108677 0.116577 -0.512907
-0.0290846 0.151986 -0.576973
0.0797996 0.151986 0.0438294
-0.0180649 0.116408 0.418662
0.0263359 0.116408 -0.700914
-0.0402819 0.0644077 -0.506225
-0.0718626 0.030005 -0.187817
-0.0283254 -0.151829 -0.525129
0.0591974 -0.11625 -0.952985
0.0672981 -0.151829 0.484611
0.00562286 0.151986 -0.185622
0.0711751 0.116408 0.407403
-0.0718626 -0.112838 -0.521075
-0.0178443 -0.11625 0.905573
-0.0718626 -0.0241226 0.497376
-0.0361089 0.151986 -0.372338
-0.0718626 0.140886 0.857486
0.0266571 0.151986 0.363874
0.124018 0.149724 -0.70782
-0.018708 -0.151829 -0.215874
-0.0402819 -0.0504378 -0.941584
-0.0129551 0.151986 0.742082
-0.0718626 0.103242 -0.413569
-0.0718626 0.10649 -0.201853
-0.0718626 0.124823 -0.479082
-0.0718626 0.150415 -0.122156
-0.0718626 -0.131137 -0.673522
0.105672 0.116408 0.903754
0.124018 -0.14364 -0.89674
-0.0718626 -0.095441 0.276301
-0.0332745 0.151986 0.301551
-0.0718626 -0.0421591 -0.879019
-0.0402819 0.0291564 -0.437888
0.111291 -0.151829 0.926304
0.0844142 0.116408 -0.246475
-0.0402819 -0.0467344 0.894923
-0.0402819 0.0436238 0.730032
-0.0718626 -0.119187 -0.148279
-0.0419143 0.151986 -0.0694178
-0.0333006 -0.113841 0.328297
0.0682184 -0.151829 0.975689
-0.0711565 -0.151829 -0.945479
0.123714 -0.151829 -0.096973
-0.0718626 -0.106523 0.734678
-0.0718626 -0.150792 -0.366547
-0.0118111 -0.151829 0.79991
-0.02201 -0.11625 0.624245
0.0995816 -0.11625 -0.190178
-0.0402819 -0.0746223 0.0241858
-0.0718626 -0.0695032 0.440921
0.016781 -0.151829 -0.794929
0.124018 -0.151812 -0.822502
0.07131 0.116408 -0.556795
0.11964 0.122509 0.714183
0.00938943 0.116408 0.905057
0.0674413 0.151986 0.167014
0.026452 -0.151829 -0.875386
-0.00477296 0.151986 -0.466343
0.0665954 -0.151829 0.257724
-0.0718626 -0.0686822 0.658174
-0.0201476 -0.11625 0.991391
-0.0718626 0.124003 0.40231
0.0588755 -0.151829 -0.409025
0.0250673 -0.151829 -0.138679
0.119407 -0.12209 0.0255237
-0.0402819 0.0331221 -0.024966
-0.0217514 -0.11625 -0.0573988
-0.0718626 -0.112326 0.965098
-0.0568045 -0.151829 0.252791
-0.0402819 -0.0170787 0.645673
-0.0718626 -0.116146 0.479604
0.00274828 -0.151829 0.303083
0.0513148 -0.151829 -0.542803
0.0224741 0.116408 -0.907445
-0.0718626 0.100124 -0.596395
0.040355 0.151986 0.313082
-0.0718626 0.0291752 0.100687
0.111036 0.11707 -0.316695
-0.0402819 0.0199509 0.206945
-0.0718626 0.0561902 0.824129
0.0714902 0.151986 -0.464429
-0.0402819 -0.042377 -0.599536
-0.0359011 0.11189 0.978999
0.0272383 0.116408 -0.323256
-0.0718626 0.0606329 -0.347908
0.0725257 0.151986 0.244382
0.0749063 -0.151829 0.776933
0.106377 0.116408 -0.90778
-0.0402819 -0.0924918 -0.284993
-0.0718626 0.0248701 -0.524332
-0.0204763 0.151986 0.948599
-0.0718626 0.114046 0.337057
0.0326811 0.116408 0.532401
0.124018 -0.149069 -0.416671
-0.0156127 0.151986 0.528269
-0.0718626 -0.0312968 0.15864
-0.0402819 0.0652681 0.472898
0.0721301 0.116408 -0.956432
0.0296042 0.151986 0.472527
-0.0718626 -0.0210482 -0.457666
-0.0385495 0.108262 0.717689
0.112734 0.11764 0.200954
0.011266 0.151986 -0.0041336
0.0729919 0.116408 0.95709
0.124018 0.138035 -0.0425455
-0.0327954 0.114309 0.165306
-0.0402819 -0.0782621 0.812518
-0.0718626 -0.020433 -0.321166
0.106736 -0.116258 0.832573
-0.0339911 -0.151829 0.872333
0.123466 0.151986 0.81187
-0.0194808 -0.11625 0.219879
-0.0701546 0.151986 0.0322151
-0.0718626 -0.0499238 -0.385012
0.0820963 0.116408 -0.759696
0.00939276 0.151986 -0.537291
0.0355448 -0.11625 0.850711
-0.0231785 0.116408 -0.788291
-0.0402819 -0.0529654 -0.534432
0.092069 -0.11625 0.584178
-0.0662098 0.151986 -0.316725
-0.0718626 -0.0540319 0.351579
0.0740952 0.151986 0.843414
-0.0718626 0.108085 -0.150826
-0.0152615 0.116408 -0.154814
-0.0376679 0.109737 -0.549462
-0.0480518 0.151986 0.570796
-0.0718626 -0.0206241 -0.175657
-0.0402819 -0.047225 0.095914
-0.0402819 -0.027881 0.952993
0.0124012 0.151986 -0.236154
-0.0718626 0.109705 0.203458
-0.0130359 0.151986 -0.947639
-0.0402819 0.03818 0.546003
-0.0227481 0.116408 -0.339627
-0.0367136 -0.110841 -0.573039
-0.0306831 -0.151829 0.401636
0.0376276 0.116408 -0.0287864
-0.0210687 0.116408 -0.718036
0.0508946 -0.151829 -0.232895
0.0140508 -0.151829 -0.955381
0.0230089 -0.11625 0.569528
0.0621523 0.151986 -0.666895
-0.0402819 -0.0504431 0.715319
-0.0411663 0.00331257 -1
0.0188709 0.151986 -0.611333
0.0637029 0.151986 0.625297
-0.0392539 0.10671 0.52404
-0.0234024 -0.151829 -0.0931302
0.0786275 0.151986 -0.852155
0.00163101 0.116408 0.0570994
0.0704252 0.116408 0.0769873
0.0473686 0.151986 0.715505
0.114343 -0.118209 -0.0576692
0.0451545 -0.151829 0.350611
-0.00934887 0.116408 -0.084934
0.00633831 -0.151829 0.711807
-0.0234368 -0.11625 -0.798033
0.0483375 -0.11625 -0.0514046
-0.0718626 -0.0494123 -0.222005
0.102872 -0.11625 -0.788102
0.0231897 -0.11625 0.470587
-0.0402819 -0.0952747 -0.656908
0.0063876 0.151986 0.672938
-0.0402819 -0.0319779 0.453142
0.0939263 -0.117073 0.998782
0.112464 0.117536 0.13154
-0.0283303 -0.115901 -0.379201
0.105469 -0.151829 -0.514244
0.080942 0.116408 -0.000902826
-0.0718626 -0.102955 0.609995
-0.0402819 -0.0101659 0.245252
-0.0402819 0.0177827 0.313704
-0.0251502 0.116408 0.269293
0.0873545 -0.11625 -0.341233
0.0842397 -0.151829 0.103717
-0.0402819 0.0640767 -0.0837949
-0.0344723 -0.113008 -0.935743
-0.0402819 -0.0690847 -0.0604223
0.0725636 -0.151829 0.897228
0.0767267 -0.151829 0.388331
0.0735528 -0.151829 0.722103
0.0970817 -0.11625 -0.595255
0.113027 0.117758 0.290687
0.0775259 0.116408 -0.18235
0.0830865 -0.151829 0.0365668
-0.0718626 -0.131132 -0.858338
-0.0718626 0.0521909 -0.300487
0.0799354 -0.151829 0.616309
0.0364914 0.116408 0.601932
0.107828 0.151986 -0.22418
0.0756298 -0.151829 -0.693796
-0.039589 0.105752 -0.449007
-0.0315761 0.114954 -0.923489
-0.0402819 0.0559517 -0.902882
0.0354813 -0.151829 -0.279665
0.0520366 -0.151829 -0.645381
-0.0402819 0.0741529 0.076634
-0.0718626 0.117584 0.681215
-0.0718626 0.0114754 -0.817337
-0.0718626 0.028045 0.436532
-0.0718626 0.0216893 0.512523
-0.0698586 0.151986 -0.218494
0.0265789 0.151986 0.212437
-0.0710128 0.102073 -1
-0.0718626 -0.0757442 -0.722138
0.0249785 0.151986 -0.41578
0.00272727 -0.11625 0.0810961
0.0713103 0.116408 0.560269
0.0597723 -0.151829 -0.75283
-0.0718626 -0.112223 -0.446276
0.0335274 0.116408 -0.813118
-0.0397536 0.105188 0.889552
-0.0718626 -0.111797 0.175903
0.0873635 -0.11625 0.285108
0.0733796 0.151986 0.778568
-0.0402819 0.0488227 0.134511
-0.0510274 -0.151829 -0.309002
-0.00951243 -0.11625 -0.439107
0.1012 0.116408 -0.610317
0.118012 0.151986 0.998014
0.0156865 -0.151829 -0.508126
0.0153952 0.116408 0.816759
0.00641078 -0.151829 0.538322
-0.0368111 -0.110724 -0.117481
-0.0718626 -0.0115622 0.869949
-0.0718626 0.104993 0.806976
0.123967 -0.150849 -1
0.0145254 0.151986 -0.732641
-0.0718626 0.0526945 0.651928
0.0158853 0.116408 0.754267
0.0266216 -0.11625 0.669019
0.122368 -0.151829 0.347752
-0.0157634 0.116408 0.612377
-0.0708639 -0.151829 -0.780262
-0.0013995 -0.11625 0.740931
-0.038998 -0.107172 -0.186658
0.0833273 0.151986 0.379555
0.0563839 -0.11625 -0.881762
0.0777619 0.151986 0.436695
-0.0385429 -0.108117 0.576876
0.0939519 -0.11625 0.169965
0.0655365 -0.151829 -0.0210964
-0.0402819 -0.0545281 0.528201
-0.0718626 0.103459 -0.263323
0.0742331 0.151986 -0.0890067
0.0431947 -0.11625 0.195496
-0.0718626 0.11458 0.556034
-0.00190687 0.116408 0.372026
-0.0718626 0.151824 -0.730945
-0.0351952 0.151986 0.486348
-0.0718626 -0.0458223 0.00653504
0.02325 -0.11625 0.250481
-0.0718626 0.0349702 -0.674479
0.0883251 -0.11625 0.695014
0.113659 -0.151829 0.220477
-0.0377732 -0.151829 -0.00646906
-0.0402819 0.0843935 0.933629
-0.0718626 -0.115641 0.108826
-0.0402819 0.0275344 -0.245684
0.119224 0.150313 -1
0.0670021 -0.151829 -0.853482
0.0405812 0.151986 -0.123188
0.0776905 0.116408 -0.434866
-0.0402819 -0.0233791 -0.258743
0.0316899 0.151986 0.885121
-0.0718626 -0.020501 -0.5172
0.079033 -0.151829 -0.473929
-0.00466413 -0.11625 -0.876645
0.0349381 0.116408 -0.504053
0.0303729 -0.11625 -0.589169
-0.0718626 -0.102792 0.352591
0.0980562 0.116408 0.650408
-0.0402819 0.0838685 -0.761138
0.0243153 -0.151829 0.615749
-0.0402819 -0.00303962 -0.0691716
-0.0718626 -0.051474 0.584235
-0.0718626 0.111592 -0.640509
0.0451977 -0.11625 -0.794582
0.114726 0.118569 0.0464249
-0.0718626 -0.0332049 -0.762471
0.0343903 0.116408 0.247808
0.0523999 -0.11625 -0.15477
-0.0718626 0.0985215 -0.517596
0.0800402 -0.151829 -0.973744
-0.0718626 -0.0998617 0.836907
-0.0341106 0.151986 -0.852841
-0.0718626 0.0129612 0.963558
0.0150294 -0.11625 0.332021
-0.0055859 -0.151829 -0.841924
-0.0718626 0.0772471 -0.832672
-0.0718626 0.0606758 0.0471828
-0.0402819 -0.0237996 0.840043
0.0349871 0.116408 0.165402
0.0425355 -0.151829 -0.0927726
-0.0718626 0.139552 -0.775633
0.0244176 0.116408 -0.206085
0.0635907 0.151986 -0.264547
0.0246134 0.151986 -0.878354
-0.0718626 0.0836736 0.162304
-0.0402819 0.0903154 -0.12033
0.120894 0.124127 -0.127597
-0.0402819 0.0347246 -0.967843
0.103495 -0.11625 0.95486
-0.0402819 -0.074397 -0.802668
0.082703 0.151986 0.101561
-0.0381991 -0.108737 0.138489
0.0172955 0.116408 0.448056
0.0112532 -0.11625 -0.352549
0.0949183 0.116408 -0.714917
-0.0402819 -0.0127347 0.0394231
0.0853868 0.151986 0.299272
0.07624 -0.151829 0.529032
-0.0695374 -0.151829 0.771268
0.0155274 -0.151829 0.397922
0.0998042 0.116408 0.851486
-0.0718626 -0.0489712 0.794981
0.0449006 0.151986 -0.564276
-0.00955463 0.151986 0.448079
-0.0718626 0.138397 -0.569709
0.0409239 0.117973 0.998782
-0.0335927 0.151986 0.137252
0.0283113 -0.151829 0.824938
-0.0275268 -0.116054 -0.616407
0.124018 -0.151762 0.853064
-0.0292882 -0.115659 0.777009
-0.0718626 -0.0165932 -0.685882
0.0940401 -0.11625 -0.921053
0.0289353 -0.151829 0.00906926
-0.0718626 0.0289658 0.888215
-0.0718626 0.0223208 0.238047
-0.0483381 -0.151829 0.452897
0.0744205 -0.11625 -0.555781
0.0443188 0.116408 -0.397766
-0.0402819 0.0560693 -0.210894
-0.0718626 0.0223637 0.707479
-0.00561012 -0.151829 -0.723209
0.120396 -0.123281 0.314049
-0.0126751 -0.151829 0.245938
-0.0402819 -0.0166346 0.774023
0.0660587 0.116408 0.69661
-0.0718626 0.0194015 -0.571953
0.0434279 -0.11625 -0.206316
0.0216339 -0.151829 0.157406
0.0195635 0.151986 0.928782
0.020133 -0.11625 0.951206
0.0456802 0.151986 -0.955895
-0.0718626 0.120847 -0.0493358
0.124018 -0.151799 0.499141
0.0342623 0.151986 0.129584
-0.0718626 -0.0497952 0.926449
0.0359476 -0.151829 0.928389
-0.0527743 0.151986 0.762398
0.042058 0.116525 -1
0.100317 0.151986 -0.53723
-0.00659618 0.116408 0.863474
-0.0718626 0.0185993 0.568889
-0.0718626 0.0597685 0.282372
0.0503744 -0.11625 -0.691917
-0.0718626 0.00753912 0.380136
-0.0402819 -0.0110526 -0.359669
-0.0402819 0.0201498 -0.748541
-0.0402819 -0.00210179 0.168592
-0.0238282 -0.11625 -0.318318
-0.0446439 -0.151829 -0.702589
-0.0402819 0.0431308 0.998033
0.0323506 0.151986 -0.296244
0.001462 0.116408 -0.844199
-0.0402819 -0.0874106 -0.505171
0.0456297 -0.11625 0.894657
-0.0238965 0.151986 -0.259995
0.0845149 -0.151829 -0.366803
0.0911832 -0.11625 0.469076
-0.0718626 -0.00297787 -0.0386195
-0.0718626 -0.0890802 0.050179
-0.0718626 0.112778 0.00505498
-0.0424802 0.151986 -0.648062
0.108061 0.116502 0.430139
0.00825739 -0.151829 0.995307
-0.00563103 -0.11625 0.382134
0.0757086 0.116408 -0.291583
-0.0718626 -0.0114163 0.0857604
-0.0718626 -0.0158151 0.325737
0.121612 0.151986 -0.806771
0.0366765 -0.11625 -0.484155
0.0824678 0.151986 0.582523
0.091625 0.151986 0.488222
0.000711383 -0.151829 -0.382859
-0.0268775 0.151986 0.700222
0.0542661 0.116408 0.8988
-0.0718626 -0.0263781 -0.923294
-0.0718626 -0.0347319 -0.132331
0.0975903 -0.11625 0.788032
0.0912532 0.116408 -0.998675
-0.00510396 0.116408 -0.0317205
0.12396 -0.151829 0.737222
-0.0718626 0.0299997 -0.472175
-0.0402819 -0.0803512 0.86738
-0.0173663 -0.151829 -0.464489
-0.0404994 0.151986 0.614595
-0.0338935 0.113598 0.45827
-0.0402819 -0.00781981 0.712722
0.0537903 -0.11625 0.755341
-0.0547574 -0.151829 -0.601628
0.0582651 0.151986 0.00688462
-0.0402819 -0.0701734 -0.889407
0.0439338 -0.151829 0.0851522
-0.0378656 0.151986 -0.49309
0.0265478 -0.11625 -0.014347
-0.0718626 0.0641966 0.384005
-0.0313505 -0.114901 0.0427867
-0.0117567 0.151986 0.39651
0.121965 0.151986 -0.924702
-0.0282585 -0.151829 -0.95728
0.102038 0.116408 -0.861339
0.0510041 0.151986 -0.169681
-0.0402819 -0.0386465 -0.299659
0.105915 -0.151829 -0.659581
0.0430491 0.151986 0.965543
0.0979312 0.116408 -0.472026
-0.0718626 -0.103845 -0.259295
0.0683572 -0.151829 -0.13853
-0.0207481 0.151986 0.19781
-0.0473806 -0.151829 0.956482
0.0486637 0.116408 0.785381
-0.00124215 -0.151042 -1
-0.0718626 -0.0272698 0.98166
-0.00420272 0.151986 0.0350358
-0.0718626 -0.0684619 0.217339
-0.0718626 0.0779371 -0.695066
-0.0169493 0.116408 0.675659
-0.0718626 0.0107749 0.649931
-0.00979102 0.116408 -0.277202
-0.0718626 -0.148848 -0.42582
-0.0385831 -0.10804 -0.758903
0.0597813 -0.11625 -0.619131
-0.0402819 -0.0482862 -0.171656
-0.0718626 -0.0666055 -0.321519
0.100938 -0.11625 -0.0173719
-0.00454836 -0.151829 0.190094
-0.0402819 -0.0541389 0.409181
-0.0402819 0.0613795 0.869479
0.00855505 -0.151829 -0.424195
-0.0387497 0.107866 -0.379475
0.0327142 -0.11625 -0.437376
-0.0297304 -0.115525 0.469798
-0.0402819 0.0866976 0.0367897
-0.0402819 0.0379174 -0.548273
0.0894928 0.151986 0.205131
-0.0718626 -0.0858427 0.508166
-0.0718626 -0.0324327 -0.572801
0.109259 0.116668 0.347327
0.118151 0.151986 0.92137
-0.0402819 0.0832046 0.607213
-0.0718626 -0.120903 0.673003
-0.0718626 -0.0422471 0.741083
0.0617933 -0.11625 0.54902
-0.0718626 -0.0547457 -0.968214
-0.0718626 0.149666 -0.393317
0.0267846 -0.151829 0.493592
0.0264091 -0.11625 0.0326654
-0.0402819 -0.0315866 -0.735547
0.00180215 -0.11625 -0.140152
-0.0718626 0.00787261 -0.41993
0.042092 0.151986 -0.832526
-0.0718626 -0.000144246 -0.882976
-0.0402819 0.0406816 0.0188716
-0.0264937 -0.116186 0.947448
0.0745386 0.116408 -0.0543382
0.0888266 0.151986 0.722858
-0.0718626 0.151451 0.903571
-0.0718626 -0.0850341 -0.681915
-0.0718626 -0.055049 -0.428613
0.0153643 0.116408 0.284407
-0.0402819 -0.0493584 -0.848776
0.0588504 -0.11625 -0.293671
0.0688326 0.116408 -0.126208
0.0787858 -0.151829 0.44508
-0.0024356 -0.151829 -0.907032
-0.0402819 0.0809889 -0.614414
-0.0402819 -0.0015837 0.894491
-0.0402819 0.0110784 -0.706414
-0.0718626 0.0525362 -0.417603
-0.0718626 0.117556 -0.961476
-0.0402819 -0.0340882 -0.641139
-0.0412122 -0.151829 0.553251
0.0871165 -0.11625 0.652139
-0.0718626 0.0124783 -0.109657
0.0310925 0.151986 0.82944
-0.0402819 -0.0768612 -0.381505
-0.0106397 0.151986 0.339913
0.0619497 -0.11625 0.32987
0.0906766 0.116408 0.998151
0.0739682 -0.11625 0.864527
-0.0718626 -0.0749241 0.0986872
-0.0718626 0.151375 0.0734285
-0.0713548 0.151986 0.322064
-0.0402819 -0.0368076 -0.482168
0.0941119 -0.151829 -0.57561
-0.0293791 0.11579 -0.999859
-0.0402819 0.0695725 -0.99928
-0.0402819 0.0869981 0.559872
-0.0718626 -0.110771 0.924446
-0.0718626 -0.1102 -0.2104
0.0277912 0.151986 0.513123
-0.0402819 -0.0549466 0.14893
0.0622133 0.116408 -0.899049
-0.0399447 0.1044 0.232517
-0.0718626 -0.0910416 0.40461
-0.0718626 0.0420337 0.755441
-0.0046366 -0.11625 0.694821
-0.0422648 -0.151829 0.668838
-0.0427138 -0.151829 0.338772
0.0864884 0.116408 0.163519
0.00456892 0.151986 -0.772128
-0.0402819 0.0291045 -0.289701
0.124018 0.135495 0.676109
0.0326381 0.151986 -0.481686
0.065954 0.116408 0.508167
-0.0402819 0.0333524 -0.160761
-0.0718626 0.0696729 -0.0568916
0.0395851 0.116408 0.38009
-0.0402819 0.000199204 0.426729
-0.0250286 0.151986 -0.0216681
-0.0431349 -0.151829 0.610491
0.100834 -0.151829 0.141979
0.0894891 0.116408 0.236084
0.0517067 0.116408 -0.601913
0.0902165 0.151986 -0.96165
0.0517983 -0.11625 -0.370928
-0.0718626 -0.00730124 0.456452
0.0131195 -0.151829 -0.619373
0.124018 0.151365 -0.0921324
0.0664009 -0.151829 0.214873
-0.0402819 0.0343762 -0.636327
-0.0402819 0.0782419 0.799526
-0.0718626 0.0442441 0.202844
0.0877279 0.151986 0.88548
-0.0718626 -0.073184 0.701312
-0.0402819 0.0551593 0.22987
-0.0718626 0.0127138 -0.224464
0.0245049 -0.11625 -0.996808
0.11959 -0.122295 -0.731537
0.0888341 0.151986 -0.576011
-0.03542 0.151986 -0.699515
-0.0272923 0.151986 -0.209572
0.0755852 -0.11625 -0.821024
0.102788 0.116408 -0.383611
0.052056 0.116408 -0.731567
-0.0402819 -0.0914441 0.649752
0.0899077 -0.151829 -0.268704
-0.0718626 -0.047151 -0.0501591
0.0224021 0.116408 0.0958342
-0.0718626 0.0113164 -0.772289
-0.0330956 -0.151829 0.284705
-0.0718626 -0.123267 -0.897872
-0.0669924 -0.151829 -0.51521
-0.0718626 0.122631 0.151086
-0.0402819 -0.0775882 -0.617827
-0.0041484 0.151986 0.0970437
-0.00774955 0.151986 0.582241
-0.0718626 0.037623 0.475005
-0.0402819 0.0651333 -0.864314
0.0831118 0.151986 0.339945
-0.0402819 -0.0501624 0.673284
-0.0711753 -0.151829 -0.639761
0.10994 -0.116642 0.0838121
-0.0402819 0.0519034 0.435289
0.111854 -0.117163 0.249257
0.103683 0.116408 0.763176
-0.0718626 -0.0260215 -0.999333
0.104733 -0.11625 -0.694586
-0.0402819 0.0783814 0.265077
0.0899878 0.151986 0.955579
0.104132 -0.151829 0.651274
0.00960913 -0.11625 -0.67455
-0.020773 -0.151829 0.0339588
-0.0718626 -0.148536 0.1537
0.0277406 -0.11625 0.422196
-0.0402819 0.0168687 0.816466
0.030663 -0.151829 0.275288
-0.0718626 -0.0452039 0.625966
0.0869982 -0.151829 -0.205386
-0.0189216 -0.11625 -0.258077
-0.0718626 0.0883585 0.862524
-0.0311586 0.151986 -0.533197
-0.0718626 0.108222 -0.310455
-0.0718626 -0.121107 -0.0228271
-0.0402819 0.0840792 -0.250296
0.107722 0.116471 0.544614
-0.0718626 -0.0401498 0.120438
-0.0402819 0.0474919 0.906579
-0.0449741 -0.114511 -1
0.0220631 0.151986 -0.92467
-0.0718626 -0.100414 -0.831953
0.0155713 -0.151829 -0.194804
-0.0402819 0.0123425 0.591078
0.121053 -0.124206 -0.126963
0.0105495 -0.151829 -0.323943
-0.0402819 -0.0824375 0.978572
-0.0354886 0.112292 -0.188852
-0.0718626 0.0820052 -0.380868
-0.0402819 -0.0286393 0.583555
-0.0718626 0.00939807 0.047993
-0.0328318 -0.11413 -0.534432
-0.0402819 -0.00396089 0.509563
-0.0718626 -0.0322818 0.536693
-0.00163067 -0.11625 0.121346
-0.0305123 -0.151829 0.917829
0.0841316 0.151986 -0.356312
-0.0402819 -0.0433759 0.998667
-0.0718626 0.109524 0.994741
0.109432 -0.116541 -0.492372
0.0965738 -0.11625 -0.302789
0.0749271 -0.11625 -0.0811224
0.00993654 0.116408 -0.118606
-0.0718626 0.114356 0.441985
-0.0402819 -0.0698064 0.57097
-0.0402819 0.0918447 -0.815517
0.120926 -0.151829 0.602399
-0.0718626 -0.0982695 -0.484544
-0.0718626 -0.083443 -0.356368
0.124018 0.137369 0.600956
0.113686 -0.117889 -0.242254
0.0629843 0.116408 -0.688564
-0.0445715 0.151986 -0.970667
-0.0375264 0.151986 -0.793024
-0.0718626 -0.055895 0.289209
-0.0718626 -0.0367823 0.247761
-0.0326878 0.114372 0.340925
-0.0328489 0.114278 0.0763467
-0.0402819 0.0718376 -0.328583
-0.0718626 0.0623617 0.939212
0.0946014 -0.151829 -0.732197
-0.0138161 0.116408 -0.879563
0.045444 0.151986 -0.755573
-0.0402819 0.0672359 0.674318
-0.0402819 -0.0902765 0.42828
-0.0402819 0.0870155 0.13913
-0.0402819 0.0367476 -0.11193
-0.0402819 0.0415561 0.503407
0.0502708 0.151986 0.67149
-0.00062618 -0.151829 0.850123
-0.0402819 0.0720382 -0.429626
-0.0402819 -0.0613044 -0.253497
0.0904992 0.151986 -0.189749
0.00532719 0.116408 -0.366832
-0.0193111 -0.151829 0.0913964
-0.0684749 0.151986 0.272202
-0.0402819 0.0866982 0.409626
0.012316 -0.11625 0.607524
0.111758 0.151986 0.52553
-0.0030296 -0.151829 0.441981
0.0855715 -0.151829 -0.627201
-0.0402819 0.0996693 -0.489662
-0.0571542 0.151986 0.959042
-0.0402819 0.0699761 0.760621
-0.0718626 0.0692777 -0.971326
0.00502081 -0.11625 0.875091
-0.0162474 -0.151829 0.153294
-0.0703838 0.151986 -0.354584
-0.0402819 -0.0835463 -0.960889
-0.0402819 0.0774669 -0.575235
-0.0718626 -0.0900967 0.316722
0.00926732 0.116408 0.644899
0.123965 0.151986 -0.324453
-0.019698 0.116408 0.92953
-0.0324308 0.151986 0.79629
0.0357628 0.151986 0.0380947
-0.0402819 -0.0855127 0.729905
-0.0718626 -0.0645357 -0.783885
-0.0402819 0.0313308 -0.369428
-0.0718626 0.012086 -0.152939
0.0488717 0.151986 0.276136
0.0522597 -0.151829 -0.941891
-0.0508124 -0.151829 0.806266
-0.0402819 -0.0959923 -0.0073746
-0.0718626 -0.150574 0.875682
0.109289 -0.151829 -0.861357
-0.0718626 0.0677765 -0.193678
-0.0718626 0.115728 -0.830431
0.0296238 0.151986 -0.99574
-0.0718626 -0.0830936 -0.873176
-0.0399459 -0.104237 -0.418085
-0.0718626 -0.0821492 0.764111
0.0290078 0.151986 -0.6861
-0.0718626 0.0894897 0.626886
-0.0718626 0.0766423 0.347379
0.0179848 -0.151829 -0.560473
-0.0718626 0.0552634 -0.795648
-0.00928871 0.116408 -0.65833
0.0745459 -0.151829 0.936183
0.0161331 -0.11625 -0.712848
-0.0718626 -0.12358 0.0678743
-0.0402819 -0.0325213 -0.112008
-0.0718626 -0.119909 0.543833
0.0674041 -0.11625 0.82328
-0.0718626 0.034138 -0.720389
-0.0402819 -0.0677057 -0.20421
0.0728364 0.116408 -0.634959
-0.0402819 0.0508227 -0.468581
0.11026 0.151986 0.415157
-0.0352324 0.112527 -0.587623
-0.0718626 0.0204783 0.837798
-0.0718626 -0.112111 -0.941891
-0.0402819 0.022616 -0.877034
-0.0402819 -0.060458 0.0593993
0.096802 0.151986 -0.682206
0.0871407 -0.151829 -0.433575
0.102579 0.116408 -0.211038
-0.0718626 -0.111442 -0.559241
-0.0366204 -0.110951 -0.895676
0.112897 -0.117547 -0.434585
-0.0402819 -0.0249724 0.30638
0.0138664 -0.151829 -0.757706
-0.0718626 -0.126252 -0.0717721
0.0325224 -0.11625 0.150928
-0.0394888 -0.151829 -0.858663
0.0374846 -0.151829 0.652032
0.104034 0.151986 -0.436117
0.112342 0.117491 -0.781447
0.0480464 -0.151829 0.129068
-0.0346475 -0.112868 0.185316
-0.0718626 0.145605 0.487474
-0.0718626 0.116133 0.248209
0.0725196 0.116408 -0.504102
-0.0402819 -0.000967435 -0.176587
0.0668869 -0.11625 0.498084
-0.0120618 -0.151829 -0.67862
0.000874397 -0.11625 0.803384
-0.0718626 0.0374562 -0.613101
-0.0392393 -0.10659 -0.466071
0.100652 0.151986 -0.498251
-0.0147889 0.151986 -0.409159
0.024098 0.151986 0.745016
0.109607 -0.116574 -0.637082
-0.0369552 0.151986 0.01563
0.0483285 -0.11625 -0.330387
0.105928 -0.11625 0.549766
-0.00115095 -0.11625 0.504174
-0.0402819 0.0416262 -0.779335
0.011114 0.151986 -0.148949
-0.0718626 0.126655 0.644258
0.098683 0.151986 0.137349
-0.0402819 -0.0978517 0.245512
-0.0718626 -0.0607086 -0.605889
0.102509 -0.151829 -0.927291
-0.0718626 -0.147227 0.219231
-0.0402819 0.0463094 0.366479
0.0553435 -0.11625 0.588812
0.0417252 -0.151829 -0.826453
-0.0718626 -0.0677884 0.95878
-0.0718626 -0.0680577 0.888511
0.0485336 -0.151829 0.311601
-0.0718626 0.021582 0.282597
0.123607 0.151986 -0.151714
-0.0718626 -0.0765906 -0.528221
0.017891 0.116408 0.410278
0.06976 0.116408 -0.79709
-0.0138668 0.151986 0.234546
0.104056 0.116408 0.469576
-0.0216497 -0.151829 -0.0476557
-0.0181081 -0.11625 -0.834491
0.0410328 0.116408 0.322596
0.124018 -0.137591 -0.380742
-0.000571786 0.116408 0.990075
-0.0402819 0.0519817 0.582494
0.057745 -0.151829 -0.503917
0.0964577 -0.11625 0.918783
-0.0573103 -0.111052 0.998782
-0.0402819 0.00620173 -0.525688
-0.0718626 -0.084234 -0.132637
-0.0481542 0.151986 0.403397
-0.00466808 0.116408 -0.445703
0.119451 -0.122138 0.1965
-0.0402819 0.00785045 -0.594595
0.107225 -0.116278 0.398109
0.083754 0.116408 0.318324
-0.0718626 0.0639119 0.787829
-0.0718626 -0.00720229 -0.646719
-0.00226074 0.116408 -0.543157
-0.0718626 0.112614 0.095915
0.0762571 0.116408 0.0361326
-0.0242997 0.151986 -0.614569
0.0202547 0.151986 -0.092814
-0.05693 -0.151829 -0.230685
-0.0718626 0.114456 -0.694096
-0.0402819 -0.0458039 0.373616
0.0571408 -0.11625 0.451433
0.095005 -0.151829 0.816204
0.00572549 -0.151829 -0.242987
-0.0718626 0.108301 -0.870706
-0.0402819 -0.0375983 -0.905734
-0.0358927 -0.151829 -0.178804
-0.0402819 -0.0760647 0.118131
-0.0402819 -0.081581 0.343631
-0.0402819 0.0577919 -0.66958
0.021659 -0.11625 -0.955387
-0.011417 0.151986 -0.341094
0.116742 0.151986 -0.396704
0.0598671 -0.11625 0.260934
-0.0402819 0.0290874 -0.930933
-0.0402819 -0.0395085 0.215004
-0.0718626 0.0280349 0.607793
0.0290199 0.151986 -0.647877
0.0326902 0.116408 0.48095
-0.0115499 -0.11625 -0.217251
-0.0402819 -0.00574049 -0.448353
0.0100289 0.151986 -0.574385
-0.0278565 -0.151829 0.516106
0.0721607 -0.11625 -0.768801
0.117493 0.120428 -0.74568
0.0594529 0.116408 -0.22019
-0.0108988 -0.11625 -0.736997
-0.0402819 -0.002352 -0.00809595
-0.0367622 0.11094 0.305104
0.00387157 0.116408 0.146916
-0.0402819 -0.0110799 -0.945553
-0.00324035 0.151986 0.870892
0.065165 -0.11625 -0.410459
-0.0402819 -0.0869537 0.904801
0.0830995 0.151986 -0.753441
-0.0402819 -0.098591 -0.347505
-0.0718626 0.0143198 -0.919009
0.0947627 -0.11625 -0.963928
-0.0402819 0.0850053 -0.720394
0.090312 0.151986 -0.889562
-0.0402819 0.0142284 -0.403685
-0.0402819 -0.0867359 -0.708633
-0.0333205 -0.151829 0.704033
-0.0718626 0.0221771 0.785515
0.0369252 -0.11625 -0.520311
-0.0718626 0.00959874 -0.341706
-0.0718626 -0.149864 0.0925037
0.0399339 -0.11625 0.0889996
-0.0402819 -0.0767711 0.279098
-0.0718626 -0.0853637 0.0107397
-0.0402819 0.0135307 0.093636
0.0144305 0.116408 -0.000256853
-0.010103 0.116408 -0.752204
-0.0402819 -0.0563816 -0.410971
-0.0402819 -0.0984549 -0.151015
-0.0402819 0.0145052 0.755817
-0.0451121 0.151986 0.831832
0.0890726 -0.151829 -0.167746
0.0599787 -0.11625 0.973519
0.0418178 -0.151829 0.791783
0.0379287 -0.151829 0.694114
0.0062854 0.117969 -1
-0.0718626 -0.117148 -0.292427
-0.0188868 -0.151829 -0.797089
0.110645 -0.151829 0.890563
-0.0402819 0.0849202 -0.00422608
-0.0718626 0.0334972 -0.00846543
0.00766193 0.151986 0.708965
-0.0718626 -0.0902607 -0.754646
0.050509 0.116408 0.82257
-0.0718626 0.0891942 -0.939905
-0.0718626 -0.0558881 0.473755
-0.0263401 -0.151829 0.985113
-0.0402819 -0.0390258 -0.805445
-0.0718626 0.0299169 0.924863
0.0341027 -0.151829 0.965977
0.0843552 -0.151829 0.352097
-0.0317289 -0.114723 0.872139
-0.0718626 0.143863 -0.0873232
0.117883 0.151986 -0.596279
-0.0402819 0.0921551 -0.88721
0.0149596 -0.11625 -0.0632415
-0.0718626 0.0602799 -0.159091
-0.0181381 -0.11625 0.661825
-0.0718626 0.0222371 0.998332
-0.0718626 -0.0204433 -0.796583
0.039589 0.116408 -0.541329
0.0510305 -0.11625 -0.916619
-0.0402819 0.0804597 0.995561
-0.0718626 -0.0378722 -0.351901
0.00184938 0.151986 0.297916
-0.0718626 0.130043 -0.441451
-0.0718626 -0.0162896 -0.24489
0.0661717 0.116408 -0.32547
-0.0627507 -0.151829 0.485006
-0.0718626 0.00692998 0.133294
-0.0362286 0.111547 0.752623
0.0251681 0.116408 -0.0618411
0.0341967 -0.151829 -0.724443
0.0157481 -0.11625 0.915935
-0.0718626 0.126479 0.777239
0.0892917 0.151986 -0.638755
0.124018 0.136088 -0.842294
0.0276183 0.15046 0.998782
-0.0718626 0.0957532 0.72166
0.0926926 -0.151829 0.581611
0.0271417 0.116408 0.568144
0.109616 -0.151829 -0.311064
-0.0402819 -0.0145168 0.394918
-0.0402819 -0.0601641 -0.568966
0.037641 0.151986 -0.0309748
-0.0402819 -0.00128881 0.28059
0.0498053 -0.11625 -0.108112
0.119835 0.151986 0.3593
0.0644648 0.116408 0.626849
-0.0718626 0.0471042 -0.382778
0.0155305 -0.11625 0.771652
-0.0718626 -0.0207867 -0.844172
-0.0402819 0.0763368 0.506611
-0.0718626 -0.0664693 0.174916
0.0937459 0.151986 -0.287468
0.112058 0.11739 -0.016656
0.0070982 -0.151829 -0.07619
-0.0345182 -0.151829 -0.559463
-0.0718626 -0.059153 0.38606
0.122692 -0.151829 -0.0538361
-0.037365 -0.151829 0.221061
-0.0672507 -0.151829 -0.159504
-0.0402819 0.100432 -0.0765321
0.119185 0.151986 0.289168
-0.0158988 0.116408 -0.964294
-0.0402819 -0.0378094 0.808193
0.124018 0.149911 0.208672
-0.0402819 0.00158473 0.932421
-0.0397075 0.151986 -0.141424
-0.0402819 0.0410869 0.172021
-0.0402819 -0.00392355 -0.300988
0.118615 -0.121271 0.665888
0.110861 -0.116864 -0.0921988
0.0154304 0.116408 -0.240968
-0.0340605 -0.11332 0.403061
-0.0718626 0.120877 0.887117
0.124018 -0.150396 0.105735
0.0513684 0.151986 -0.0628572
0.106618 -0.151829 -0.790998
-0.0653192 -0.151829 0.735156
-0.0718626 -0.0741049 -0.459656
-0.0402819 0.0604774 -0.138167
0.00144601 0.151986 -0.851263
-0.00541514 0.151986 -0.505946
0.00936387 -0.11625 -0.78685
-0.0402819 -0.0373633 0.492183
-0.0718626 0.0701508 0.486861
-0.0402819 0.0723821 0.710756
0.102706 0.116408 -0.158591
0.121759 0.125521 -0.241576
0.0586364 -0.11625 -0.990181
-0.0402819 -0.0409439 -0.447858
-0.0402819 -0.0586453 -0.00643234
-0.0388519 -0.151829 -0.376636
-0.0402819 -0.0808231 -0.317932
0.00404515 0.116408 0.18141
-0.0718626 0.106644 -0.552769
-0.0402819 -0.0393779 -0.0782034
0.0422905 0.151986 -0.333859
0.0475773 0.116408 0.933802
0.124018 -0.150062 -0.190081
-0.0384853 -0.108226 0.502289
-0.0718626 -0.0689718 -0.999567
0.115361 0.151986 0.054624
-0.0268763 0.151986 0.266401
-0.0718626 0.103916 0.374375
-0.0718626 0.0626006 0.0839086
0.081656 -0.151829 -0.106801
0.097052 -0.151829 0.00514291
0.0185752 -0.151829 -0.65676
-0.0341038 -0.113288 0.362649
-0.00341966 -0.151829 -0.00666781
-0.0650349 -0.151829 0.401972
-0.071376 -0.151829 0.000636424
0.0248243 -0.151829 0.574646
-0.00216188 -0.11625 0.299914
-0.0718626 0.0538839 0.858364
0.042024 -0.151829 0.526545
0.11183 -0.117155 -0.821203
0.0616067 0.151986 0.810785
0.0445935 0.151986 -0.384023
0.100036 0.116408 0.0995976
-0.0525345 0.151986 -0.461936
0.124018 0.140692 -0.664151
0.0730191 0.116408 -0.839685
0.104051 0.151986 -0.0174548
-0.0718626 0.0611155 -0.519039
-0.0718626 -0.0207233 0.569182
-0.0571016 -0.151829 0.0319706
-0.0394404 0.151986 0.101435
-0.0718626 -0.0268689 0.372328
-0.0718626 0.018878 -0.30813
-0.0126824 -0.11625 -0.648649
-0.0718626 0.0988609 0.959103
-0.0718626 0.151718 0.678537
0.111534 -0.151829 0.530931
-0.0718626 0.0492658 0.552694
-0.0718626 -0.129506 -0.812776
-0.0718626 -0.0370738 -0.723856
-0.0718626 0.00400729 0.187371
0.124018 -0.13997 -0.587639
0.0916743 -0.11625 -0.15305
-0.0718626 0.130922 -0.909209
-0.0428225 0.151986 -0.104386
-0.028286 -0.115911 0.71933
-0.0402819 0.0930213 0.105613
0.047705 0.116408 -0.932724
-0.0402819 0.0785821 -0.933024
0.116027 -0.119192 0.431206
-0.0718626 0.126705 0.743245
0.107412 -0.11629 -0.528038
-0.0718626 0.0849836 0.314441
0.0926294 0.116408 0.381062
-0.0718626 0.114669 0.518919
-0.0718626 -0.120051 0.385959
-0.0718626 0.144939 0.211259
0.0519361 0.151986 0.392447
0.0537798 -0.11625 -0.847954
0.0908552 0.151986 0.64596
-0.00349395 -0.11625 -0.587702
-0.0402819 -0.00110844 -0.627277
-0.0402819 -0.0412767 0.276678
0.0271673 -0.11625 -0.273864
-0.0651976 -0.151829 -0.744844
0.103836 -0.11625 -0.887678
-0.0718626 0.09164 -0.0301226
-0.0402819 -0.0619109 -0.662391
-0.0402819 -0.0819434 -0.0954988
0.0838334 -0.11625 0.61852
-0.0718626 -0.00462705 -0.547015
0.0479038 0.116408 0.433821
-0.0718626 0.0411475 0.310525
0.0358642 0.116408 0.0648835
-0.0028786 0.116408 0.526351
-0.0402819 0.0541746 0.835843
-0.0718626 0.0412484 -0.833216
-0.0718626 -0.117971 -0.114584
0.0514595 0.151986 -0.436643
-0.0718626 0.0221163 -0.973067
-0.0402819 0.0893627 -0.215956
0.119258 -0.121928 0.717263
-0.0402819 -0.019934 0.0762874
0.117157 0.12016 0.821663
-0.0402819 0.077639 -0.539854
-0.0402819 0.0242133 -0.200195
0.0464376 -0.151829 -0.0580461
-0.0718626 -0.104237 0.643538
-0.0718626 0.0555273 0.143682
-0.0718626 -0.0163692 -0.396424
-0.0718626 0.0513858 -0.581959
-0.0402819 -0.0369566 0.177202
-0.0361473 -0.111477 0.811159
-0.0402819 -0.0805236 -0.922589
-0.0718626 0.0752597 -0.87595
0.0419575 -0.151829 0.99848
-0.0718626 -0.105584 0.576044
0.08521 0.151986 -0.814973
-0.0718626 -0.0575791 -0.106535
0.0863776 -0.151829 0.0704124
0.0585091 -0.11625 0.680026
-0.0718626 -0.102094 0.448916
0.000241045 -0.151829 -0.16089
-0.0402819 -0.0322902 0.7446
0.119638 -0.12235 -0.326019
-0.0718626 0.0518941 0.723487
0.0074316 -0.11625 0.640445
-0.00514395 -0.11625 -0.0285621
-0.0718626 -0.0248076 0.652624
-0.0402819 -0.0577442 0.840557
-0.0718626 -0.115316 -0.365768
-0.0718626 -0.132867 -0.972739
0.00916867 -0.11625 0.203109
0.0584866 0.151986 -0.878535
0.0502465 -0.151829 0.04116
-0.0402819 0.0606285 -0.279459
-0.0402819 -0.0389011 -0.382824
0.0599358 0.151986 0.748309
0.0930599 -0.151829 0.749249
0.00917805 0.116408 -0.604549
-0.0718626 0.0663952 -0.727804
0.106049 0.116408 -0.27278
-0.00140589 -0.151829 -0.118818
-0.0718626 -0.0990355 -0.647754
0.0385546 0.116408 0.728404
0.093842 0.151986 -0.0586399
-0.0718626 -0.0838302 -0.230691
-0.0718626 -0.0809431 -0.0588038
0.0760415 -0.11625 -0.213406
-0.0402819 0.0448202 0.33274
0.071582 0.116408 0.870633
-0.0402819 -0.0889272 0.542671
0.0923477 -0.151829 0.194391
-0.0402819 0.0212415 -0.834398
0.081053 -0.11625 -0.0468883
0.00650853 0.151986 -0.275715
0.123933 -0.132302 0.76655
-0.0402819 -0.0647475 0.449149
-0.0718626 -0.0926491 -0.597726
-0.0127894 0.151986 -0.0848465
-0.0109389 -0.151829 -0.875195
-0.0718626 0.0466006 -0.903611
-0.0440877 0.151986 -0.915253
-0.0718626 0.120195 -0.23497
-0.0250979 0.116408 0.818956
-0.0368839 0.110792 -0.416663
0.0389603 -0.151829 0.727521
-0.0402819 0.00354637 0.965205
0.0706108 -0.11625 0.39302
-0.0402819 0.100989 -0.641972
0.100149 0.116408 -0.350364
-0.0402819 0.0754178 -0.363294
-0.0402819 -0.0312269 -0.972192
-0.0402819 0.00913238 0.625993
0.0983619 -0.151829 0.474189
0.0779401 0.116408 0.921416
0.0908141 -0.151829 -0.398919
-0.0718626 -0.0501659 -0.68807
0.0851157 -0.151829 -0.539846
-0.0718626 -0.00261332 -0.489128
-0.0718626 -0.0599641 -0.932277
-0.0402819 0.0571904 -0.742241
0.0454272 -0.11625 -0.658221
-0.0402819 -0.0390117 0.0199992
0.0345516 -0.151829 -0.387218
-0.0718626 0.0397068 0.405622
-0.0402819 -0.0418037 -0.225377
-0.00324528 0.116408 -0.185914
-0.0718626 0.0905797 0.662888
-0.0718626 -0.032316 -0.625888
-0.0398806 0.104686 0.48908
-0.0350734 0.151986 0.862871
-0.0718626 -0.024634 0.772489
0.0924438 -0.151829 -0.830601
-0.0718626 -0.071453 0.82098
0.124018 0.148735 0.488364
-0.0718626 0.0762824 0.197087
-0.0441347 0.151986 -0.2876
-0.036281 0.111491 0.587263
-0.0402819 0.0312664 -0.0798517
-0.0385774 -0.108051 0.296617
-0.0718626 0.0729603 -0.274661
0.0417538 -0.151829 -0.314726
0.028564 0.151986 -0.797652
0.0400318 0.151986 0.603012
-0.0718626 0.0353674 0.0267881
-0.0718626 -0.0168779 0.719713
-0.0718626 -0.0842836 0.245812
-0.0336481 0.113768 0.197746
-0.0718626 -0.042765 -0.542054
0.0646704 -0.11625 0.155239
-0.0718626 -0.114569 0.143606
-0.0150788 0.151986 0.641832
0.0638574 0.151986 0.0726158
0.04913 -0.151829 0.869405
0.0978973 -0.14997 0.998782
-0.0718626 0.0786859 -0.489671
0.00208526 0.116408 0.249542
0.122147 -0.151829 0.298935
-0.0402819 0.0690639 0.965299
-0.00278234 -0.11625 -0.518535
-0.0718626 -0.128587 -0.58707
0.122053 -0.151829 0.0387594
-0.0718626 -0.0238599 0.947445
0.0660237 0.116408 -0.466987
0.0339414 -0.151829 -0.906806
0.100502 -0.151829 0.95723
-0.0402819 0.00566055 -0.101795
0.0877658 -0.11625 0.107285
-0.0718626 -0.147827 -0.334414
-0.00359898 0.151986 0.498325
-0.0718626 -0.0443777 0.0883072
-0.071452 0.151986 0.623692
0.116075 0.119381 -0.638784
-0.0402819 -0.0181172 0.682154
-0.0208731 -0.151829 0.634149
0.121011 -0.124142 -0.666343
-0.0402819 -0.0866459 0.16221
0.0939119 -0.151829 0.416605
0.0127779 0.116408 -0.480635
-0.0718626 -0.0172277 -0.212548
0.0472901 -0.11625 -0.723982
0.0971693 0.116408 0.68826
-0.0718626 0.0139146 -0.850233
-0.0718626 -0.000203651 0.539354
0.0639533 0.151986 0.471782
-0.0718626 -0.137435 0.33519
0.0383345 0.151986 0.180741
0.0367362 0.116408 -0.359833
-0.0402819 0.0527258 -0.0536849
-0.0718626 -0.105376 0.701185
-0.0718626 -0.11868 0.511684
0.00709769 -0.11625 0.540817
0.124018 0.151275 0.116802
-0.0718626 0.0894097 -0.759423
-0.0718626 0.0922185 0.92741
-0.00851771 -0.11625 -0.290119
-0.0402819 0.0528891 0.100664
-0.0402819 0.0829264 0.446125
-0.0718626 -0.0254526 0.834548
-0.0402819 -0.0939997 -0.0402562
-0.0191655 -0.11625 -0.0893372
-0.0402819 -0.0404172 0.337065
0.121913 0.125804 -0.450723
-0.0718626 -0.0539606 0.51113
-0.0718626 0.0647672 -0.089028
0.0264227 0.116408 0.205543
-0.0402819 -0.0112461 0.199247
-0.00284858 0.151986 -0.705782
-0.0718626 0.0905902 0.0280913
-0.0402819 -0.0720458 -0.475594
-0.0718626 -0.0824337 -0.29377
-0.0718626 0.0882612 -0.124665
-0.0718626 0.139896 -0.153698
-0.0718626 -0.129141 0.815358
0.121905 -0.12563 0.153627
0.0983617 -0.11625 0.0487343
-0.0718626 0.119401 -0.383361
-0.0718626 -0.0011525 -0.0729349
-0.0347138 -0.151829 0.840488
-0.0718626 -0.131445 -0.393456
0.0846419 -0.151829 0.283951
0.0358965 0.151986 0.246283
-0.0718626 0.0906516 -0.665893
0.0816546 -0.11625 -0.476859
-0.0718626 0.151623 0.382185
0.0684597 -0.11625 -0.18251
-0.0104546 0.116408 0.734621
-0.0718626 0.0302395 0.676387
-0.0402819 -0.0933204 0.2105
-0.0402819 -0.0169968 -0.689349
-0.0712697 0.151986 -0.0555868
0.0841675 -0.151829 -0.237023
0.122569 0.127165 0.79118
0.00321375 0.151986 0.0658855
0.00256463 0.151986 0.130374
-0.0199291 0.116408 -0.308064
-0.0402819 -0.0100325 -0.818675
-0.0229559 0.116408 -0.115538
0.100248 0.116408 -0.938867
0.00410548 0.151986 0.968564
0.0513339 -0.151829 0.407252
-0.0718626 -0.0379834 0.443901
-0.0402819 -0.0960889 0.838682
0.0513571 -0.11625 0.230455
-0.0344003 0.113221 0.391512
-0.0718626 0.0584756 0.62073
-0.029531 0.115745 0.0431346
-0.0402819 -0.0453335 0.926644
-0.047598 0.151986 0.923813
-0.0367783 0.151986 0.985745
-0.00901323 0.151986 0.775107
-0.0084968 -0.11625 0.571668
0.0905105 0.151986 0.0141907
-0.0718626 -0.0371251 0.894535
0.060638 -0.11625 -0.0222371
0.119005 -0.121661 0.482694
0.00795218 0.116408 -0.79271
0.0953353 -0.151829 -0.031637
0.122829 -0.127646 0.37148
-0.0402819 -0.0484794 0.641217
-0.0402819 0.0780293 0.341832
-0.0718626 -0.11049 -0.178462
-0.0718626 -0.00572053 0.252407
-0.01096 -0.11625 -0.407762
0.0355304 -0.151829 0.188246
0.092243 0.151986 0.804143
0.0614904 -0.151829 0.011901
-0.0322462 -0.146502 -1
0.0143418 0.151986 -0.968387
0.0930209 0.151986 0.612
0.0655655 0.151986 0.130191
0.0187043 -0.151829 0.329998
-0.0402819 -0.0159434 -0.882532
-0.0402819 -0.0262302 -0.511596
-0.0718626 -0.0236108 -0.290076
-0.0718626 -0.13324 0.272817
-0.0402819 0.0202818 0.238467
-0.0170455 -0.151829 -0.495678
0.12375 0.151986 0.723466
-0.048886 -0.151829 -0.669569
-0.0718626 0.118171 0.836138
-0.00421986 0.116408 -0.689075
-0.0473204 -0.151829 -0.445394
-0.0402819 -0.0840766 -0.537695
-0.0229828 0.116408 -0.823657
-0.0101631 0.116408 0.959155
0.113995 0.118192 0.575034
-0.0402819 0.0362154 -0.998903
-0.0718626 -0.125738 0.856998
-0.0718626 -0.149764 -0.914511
-0.0718626 0.0375555 -0.264759
0.0964461 -0.151829 0.246906
-0.0718626 -0.0296563 -0.0199406
0.0241223 -0.11625 -0.888168
0.0427599 -0.11625 -0.554362
-0.0718626 0.131637 -0.289368
0.0751771 -0.11625 0.729038
-0.0351712 -0.112424 0.107262
0.107241 -0.151829 -0.124157
0.0938884 0.151986 0.753561
-0.0402819 0.0438219 0.649928
-0.0718626 0.0118295 -0.698002
0.0909555 -0.11625 0.138998
0.0194269 0.116408 0.674425
0.0927806 -0.151829 0.691908
0.0926429 -0.151829 -0.337004
0.0496194 0.151986 0.342537
-0.0718626 0.14174 0.351187
0.0262946 -0.151829 -0.591475
-0.0718626 0.0768316 -0.319041
-0.0409004 -0.151829 -0.260461
-0.0718626 0.134028 -0.18797
-0.0718626 -0.0552888 -0.155735
-0.0718626 -0.0671896 -0.846513
0.0596512 0.151986 0.870638
-0.0718626 -0.0492385 0.321147
-0.0718626 0.0900733 -0.228513
-0.0718626 -0.124974 -0.763977
-0.0402819 -0.0840909 -0.998932
-0.0718626 0.045354 -0.0380436
-0.024149 0.151986 0.167237
0.0929968 0.116408 -0.578606
0.0999542 0.151986 -0.726828
-0.0718626 0.143236 -0.645698
-0.000706486 0.151986 0.805776
0.0570349 0.151986 0.216519
-0.0402819 0.0943797 0.689305
0.124018 0.139713 0.893821
0.12246 -0.126759 0.584706
0.0761919 0.116408 -0.398962
0.120815 -0.123856 -0.211799
-0.0492485 0.151986 -0.24244
-0.0718626 0.0702125 -0.607399
0.0646212 -0.11625 0.784895
0.0135331 -0.11625 -0.464025
-0.0718626 -0.110555 -0.698923
-0.0718626 0.00835967 0.346542
0.0837163 -0.151829 -0.88035
0.0519079 -0.11625 -0.238963
-0.0718626 0.0322883 0.0683295
-0.0718626 -0.134767 0.944267
0.0971536 0.151986 -0.252845
-0.0402819 0.0186072 0.353551
-0.0402819 0.0198239 0.144182
-0.0718626 0.00535835 -0.998623
0.120201 0.123186 -0.693161
0.124018 -0.139953 0.824045
0.0484957 -0.151829 -0.781212
0.00825175 0.116408 -0.726579
0.000542853 -0.151829 -0.535072
-0.0104443 -0.151829 0.891765
0.029319 0.116408 0.127207
-0.0158444 0.151986 -0.163216
0.111196 -0.116958 -0.362307
-0.0402819 0.0777921 0.902929
0.0180567 0.116408 -0.425374
0.0746333 0.116408 -0.0866334
-0.0402819 0.0344496 -0.511847
-0.0718626 -0.0227643 0.028837
-0.0402819 0.0278622 -0.680618
0.00904985 0.116408 0.783943
0.041519 0.151986 0.540994
-0.0402819 -0.0270604 -0.14193
-0.00357848 0.151986 0.908445
-0.0718626 0.0334251 -0.44125
-0.0351763 -0.151829 -0.926988
-0.000812683 -0.11625 0.0461851
0.120765 0.123943 0.986032
-0.0718626 0.100728 -0.455554
0.117011 -0.11989 0.279039
-0.0718626 -0.0807225 0.920234
0.0281186 0.151986 0.650757
-0.0718626 -0.0712942 0.607198
0.120956 -0.124062 -0.168662
-0.0402819 0.0248165 0.705866
0.102032 0.116408 -0.548243
-0.00207258 0.151986 -0.635196
-0.0718626 -0.0852888 -0.430775
0.0256191 0.151986 -0.208406
0.0959575 -0.11625 0.331037
0.000436599 0.151986 -0.436491
0.10778 0.116476 0.260883
0.0954247 0.151986 0.264181
-0.0718626 0.0876938 0.45831
-0.036238 -0.151829 0.778072
0.11979 0.122684 0.170836
0.0340375 0.151986 -0.25818
-0.0402819 -0.0355157 -0.775023
0.0097096 -0.151829 -0.478508
-0.0311131 0.151986 -0.822521
-0.0718626 -0.0860507 0.477376
0.0464612 0.116408 -0.299003
0.00898654 -0.151829 0.0809438
-0.0718626 0.100136 0.588655
-0.0402819 0.0194549 -0.804306
0.116264 0.119508 0.623954
-0.0689878 0.151986 0.593667
-0.0718626 -0.127605 -0.491394
-0.0718626 -0.0726414 0.735535
-0.0718626 0.0426789 0.976219
-0.0402819 0.100123 -0.15105
-0.00363432 -0.151829 0.765439
0.0148481 0.151986 -0.320676
-0.0402819 -0.0215729 0.872086
0.0509887 -0.151829 0.60197
-0.0358875 0.111903 -0.26306
-0.0718626 0.0308731 -0.644739
0.00400835 -0.151829 0.921898
0.0967224 0.151986 -0.787296
0.0787875 -0.11625 0.894571
0.063793 0.116408 0.589568
0.119388 0.122227 0.319673
-0.0718626 0.0111659 0.312719
-0.0402819 0.058899 0.0479423
0.0188375 0.151986 0.334661
-0.0718626 -0.000518598 0.421373
0.123078 -0.128333 0.912006
0.050607 -0.151829 -0.675272
-0.0676739 0.151986 -0.495405
0.106965 0.151986 0.836787
-0.0402819 0.0692044 -0.641876
0.0685368 -0.132831 0.998782
0.0614035 -0.151829 0.814347
-0.0402819 -0.0341659 0.612897
0.0847006 -0.151829 -0.77073
-0.0162994 0.116408 -0.473898
0.01913 0.116408 -0.874679
0.104519 0.116408 0.0173507
0.119329 0.122162 -0.990186
0.054004 -0.11625 0.358584
-0.025323 -0.151829 0.314613
0.0424954 -0.151829 0.468166
-0.0718626 0.0943057 0.403704
-0.0402819 -0.0600605 -0.724131
0.0880358 0.151986 0.55137
-0.0718626 -0.0825859 0.861155
-0.0718626 -0.150272 0.667001
-0.0718626 -0.0609236 -0.74787
0.0489838 0.151986 0.446143
0.104345 0.116408 -0.0476488
-0.0382958 -0.108569 0.748462
-0.0402819 -0.0878666 0.77532
-0.00152328 0.116408 -0.938366
-0.0718626 0.0866655 0.26991
0.058059 -0.151829 -0.439292
-0.0501965 -0.151829 -0.0805184
-0.0404633 0.145705 -1
-0.0718626 -0.0889719 0.196004
-0.00313841 -0.151829 0.274098
-0.0379856 -0.151829 -0.733314
-0.0402819 -0.0407348 0.555599
0.00594189 -0.11625 0.977542
-0.00624616 -0.11625 0.352616
-0.0718626 0.12763 0.966845
-0.0718626 -0.077044 -0.813953
0.0112736 -0.151829 -0.35343
0.0278218 -0.11625 0.119749
0.124018 0.14516 -0.514902
0.0950294 -0.151829 0.506311
0.0665245 -0.151829 -0.723203
-0.0718626 0.0864037 0.547443
0.0951981 -0.151829 0.865484
0.056182 -0.11625 0.042154
-0.0718626 0.139698 -0.848246
-0.0402819 0.0596946 0.393887
0.10205 -0.11625 -0.754395
0.0391123 0.116408 -0.122435
-0.0402819 -0.0964846 -0.822105
-0.0402819 -0.0228699 -0.324474
-0.0402819 0.0718662 -0.787961
0.00604847 0.151986 -0.387808
0.056554 0.151986 0.50137
0.02188 -0.11625 0.824711
0.109209 0.116659 0.932898
0.115067 0.151986 -0.120405
-0.0400555 0.10383 -0.518712
-0.0402819 -0.085397 -0.587217
-0.0718626 0.151366 0.420739
-0.0402819 0.0452276 0.298194
0.0953539 0.116408 0.729429
-0.0402819 -0.0946841 0.602868
-0.0718626 -0.144361 0.972815
0.0621301 0.116408 0.180082
-0.0657169 -0.151829 -0.878087
0.0123256 0.151986 0.539064
0.0321063 -0.11625 -0.131393
0.00154065 0.116408 0.0267747
-0.0718626 -0.134823 0.607019
-0.0438047 0.151986 -0.882304
-0.0718626 -0.124187 0.762131
-0.0378139 0.109517 -0.746073
0.0189487 0.151986 0.392348
-0.0153951 -0.151829 -0.310562
0.0655536 -0.151829 0.64402
-0.0374939 -0.109831 -0.726241
-0.0434785 0.151986 0.330646
0.120606 -0.130191 0.998782
-0.0275739 -0.151829 -0.615902
0.105128 -0.151829 0.377106
-0.0402819 -0.00891082 0.80291
-0.0397902 0.151986 -0.334552
-0.0430146 0.151986 0.518274
0.122662 0.127386 -0.48979
-0.0402819 0.0568517 -0.239975
-0.0718626 -0.133855 0.456546
-0.062143 0.151986 0.148195
0.0720147 -0.142289 -1
0.0354546 0.116408 0.351121
-0.0284052 0.116042 -0.0514611
-0.0701632 -0.151829 0.550983
0.0533855 0.116408 -0.768759
-0.057498 -0.151829 -0.128898
0.0235391 -0.151829 0.370028
-0.0219306 -0.11625 -0.165051
0.124018 -0.147201 -0.252954
-0.0186368 0.151986 -0.0521386
0.0443698 -0.151829 -0.969784
0.10871 -0.116424 -0.463402
0.123262 -0.151829 0.428744
-0.0402762 -0.101475 -0.0740637
0.0612821 -0.151829 0.748326
0.0568506 0.151986 -0.638449
-0.0402819 0.0040913 -0.267832
-0.0126595 -0.151829 0.0617538
0.0936893 0.151986 0.0748067
-0.0402819 -0.0547606 -0.504843
0.0962868 0.151986 0.172604
-0.0402819 0.0117827 0.0197052
0.0771885 -0.151829 -0.663942
0.00856397 0.116408 -0.299512
-0.0718626 -0.0807146 -0.95333
0.0135147 -0.151829 0.467937
-0.0718626 -0.137685 0.191751
0.117191 -0.120029 -0.981708
-0.0718626 -0.140489 0.125538
-0.021486 0.116408 0.641751
-0.0718626 -0.148002 -0.713899
-0.0718626 -0.0316349 -0.490228
-0.0718626 -0.124165 -0.235635
-0.0714119 0.151986 0.553907
-0.0402819 -0.0243638 0.150287
-0.0441942 -0.151829 0.374021
-0.0718626 0.0543022 0.451513
0.10295 0.151986 0.233665
0.0238918 0.151986 0.857322
-0.0689226 0.072465 -1
-0.0402819 0.06405 -0.0240637
0.123765 -0.131048 -0.843385
0.122053 -0.125912 -0.919278
-0.0718626 -0.129846 0.896731
0.0776021 0.116408 0.439318
0.0628516 0.116408 0.251689
-0.00741899 -0.11625 -0.944752
-0.0278163 0.151986 0.425958
0.0379721 0.151986 -0.534914
0.0440476 0.151986 -0.904759
0.0344235 0.116408 -0.673011
0.0296519 0.116408 0.884109
0.059203 0.116408 -0.261201
0.111693 -0.151829 -0.972779
0.124018 -0.138076 0.948425
-0.0718626 0.123444 -0.112572
-0.0402819 0.024007 -0.0520958
0.122907 0.128009 0.742067
-0.0402819 0.0506318 -0.348314
0.0449226 0.116408 -0.179372
-0.0402819 -0.00477565 -0.0401275
-0.0402819 -0.0557477 0.968351
-0.0718626 -0.0958103 0.0779189
0.0927768 0.116408 0.5203
-0.0402819 0.0795642 -0.469418
0.113119 0.151986 0.697002
-0.0718626 0.0403447 -0.214378
-0.0180299 -0.11625 -0.349767
-0.0718626 0.129675 -0.802356
-0.0718626 -0.0816261 0.792596
0.114681 -0.151829 -0.541329
-0.0718626 -0.0905704 0.676364
-0.0402819 0.0635441 0.533097
-0.0718626 0.12003 0.0325666
-0.0718626 0.123122 -0.752407
0.0480779 0.116408 -0.428205
0.0362493 0.151986 -0.713608
-0.0718626 -0.022898 -0.424096
-0.0402819 -0.0912807 0.459359
-0.0402819 0.0637449 -0.959309
-0.0261617 0.151986 -0.446508
-0.0108504 0.116408 -0.573559
-0.0392566 0.151986 0.731332
0.03626 -0.11625 -0.178824
0.0477871 0.116408 -0.972191
0.0938014 -0.11625 0.0126485
0.0278283 -0.11625 0.0633418
-0.0718626 0.0211713 -0.745687
-0.0718626 -0.0602354 -0.900872
0.0725338 -0.151829 0.143775
0.00423067 0.116408 0.588151
-0.0545099 0.151986 -0.551905
-0.0402819 -0.0760895 -0.177077
0.117008 0.120045 0.873694
0.122917 -0.151829 -0.732339
0.0631964 -0.151829 -0.259338
-0.0718626 -0.123261 -0.999566
-0.0718626 0.146733 -0.965439
-0.0402819 0.0673901 0.16166
0.0968626 0.116408 -0.970119
-0.0484402 0.12771 0.998782
0.120456 -0.12336 0.856234
0.0905542 0.151986 -0.384481
-0.0718626 0.0433085 0.256958
-0.00934823 0.116408 0.298645
0.0527186 0.116408 -0.000217022
-0.0341561 0.113407 -0.0151424
-0.0362916 -0.111322 -0.963941
0.0753062 0.116408 -0.8704
0.0979551 0.116408 0.0707849
-0.0226191 0.151986 -0.72607
0.0585662 -0.11625 -0.590261
0.124018 0.136392 -0.898541
-0.0296628 -0.151829 0.429824
-0.0718626 0.12513 0.708382
0.124018 -0.145032 0.00977341
0.0614783 0.151986 0.560903
-0.00451083 -0.11625 0.245678
0.0703355 0.151986 -0.55223
-0.0402819 0.0258916 0.888404
-0.0718626 0.127169 -0.507953
0.0674891 0.116408 -0.156083
0.0742466 0.116408 0.773714
-0.0718626 0.0105108 0.482446
-0.00963639 -0.11625 -0.904586
-0.0283364 -0.1159 -0.50603
-0.0718626 -0.12969 0.243845
-0.0402819 0.0526769 -0.308041
0.0468653 -0.11625 -0.0801011
-0.0718626 0.0858267 -0.172172
0.0770412 0.116408 0.83505
0.0467294 0.116408 0.971367
-0.0718626 -0.0715291 -0.405903
-0.0561623 0.151986 -0.591126
-0.0718626 -0.0481286 -0.188854
-0.0402197 0.10259 -0.321579
-0.0402819 0.0113028 0.563076
-0.00603579 -0.151829 0.218719
-0.0718626 0.0340503 -0.358003
-0.0147046 0.151986 0.368663
-0.0718626 -0.00320307 0.159398
-0.012974 -0.11625 -0.559237
-0.0718626 -0.0469829 0.71113
-0.0402819 -0.0648059 -0.288916
-0.0718626 -0.113762 0.297418
-0.0458184 -0.151829 0.58253
-0.0402819 0.0737458 -0.837718
-0.0504002 -0.151829 0.897332
0.0998705 0.116408 0.96476
0.0264333 -0.11625 0.738559
-0.0402819 -0.0959906 -0.784955
-0.0718626 -0.0872819 0.978763
-0.0718626 0.0865917 0.834664
0.11335 -0.151829 -0.443138
-0.0402819 -0.0132959 0.476975
-0.0718626 -0.053561 0.414578
0.097175 0.151986 -0.162484
0.0475117 -0.151829 -0.57034
0.123682 -0.130596 -0.872204
-0.0718626 0.105768 0.128279
-0.0402819 -0.00130063 -0.239916
-0.0402819 0.00926278 0.380589
-0.0718626 0.0714619 0.743819
-0.0718626 -0.0349937 -0.65475
-0.0718626 -0.0549639 0.552682
-0.0718626 0.0442163 -0.497032
-0.0402819 -0.100315 -0.684182
0.101105 -0.151829 -0.604227
-0.0718626 0.0313491 0.811819
-0.0505143 -0.151829 -0.974838
-0.0718626 0.136065 0.459217
-0.0718626 0.00815099 -0.452566
0.0788916 -0.11625 0.194138
0.080631 0.116408 -0.530703
0.0702632 0.116408 -0.0264249
-0.0718626 0.060996 -0.665124
0.00931907 -0.11625 0.274762
-0.0397009 -0.105221 0.92554
-0.0402819 -0.0321849 -0.198066
-0.0402819 -0.079399 0.511341
0.0402751 0.151986 -0.591519
-0.0718626 -0.106403 -0.0480795
-0.0718626 -0.0501332 0.68095
-0.001144 -0.151829 0.509141
-0.0445349 0.151986 0.0439326
-0.0718626 0.120803 -0.666511
0.0570686 -0.151829 0.284183
-0.0402819 -0.000271348 -0.972675
-0.0718626 -0.0480177 0.198845
-0.0718626 0.0784449 -0.431961
-0.0444433 0.151986 -0.400622
-0.0402819 -0.021562 0.979809
0.000103796 0.151986 0.421375
-0.0402819 -0.00200978 -0.730627
-0.0718626 -0.147042 -0.291343
0.117124 0.120135 0.231036
-0.0718626 0.109052 0.17499
0.0175808 -0.151829 0.247429
-0.0402819 0.0884865 -0.400989
-0.00779143 0.116408 0.0880265
0.0496121 0.116408 0.0995648
-0.0718626 0.0503107 -0.698212
-0.0718626 0.00376264 0.684031
-0.000966578 -0.11625 -0.377126
0.0523091 0.151986 0.100492
0.0255493 -0.151829 -0.222391
-0.0402819 0.0125183 0.531498
-0.0718626 -0.0663 0.0304628
-0.0718626 -0.0151656 -0.36729
-0.0718626 0.0409659 -0.54654
-0.010551 -0.151829 0.688742
-0.0718626 0.0690556 -0.919355
-0.0402819 -0.0378598 0.121677
0.0550108 -0.151829 -0.878124
-0.0307747 0.115304 0.137999
-0.0159579 -0.151829 -0.436423
-0.0718626 0.141046 0.00591488
0.123716 0.130934 -0.0689951
0.0432064 0.116408 0.755966
-0.0718626 0.0480901 0.503458
0.122817 -0.127614 -0.0326808
0.00239824 -0.11625 0.408285
0.0490876 -0.151829 0.379806
-0.0402819 -0.0178747 -0.585321
0.0852941 0.116408 0.205299
0.101747 -0.11625 -0.567111
0.103414 -0.151829 -0.486296
0.12112 -0.124308 0.223699
0.0019299 -0.11625 -0.616885
-0.0718626 -0.0815264 0.370383
-0.0718626 -0.064036 -0.250339
0.0555165 0.151986 -0.358992
0.124018 0.136264 -0.298082
0.11976 -0.122491 0.344842
0.0554728 -0.11625 0.41574
-0.0166404 0.151986 0.556443
0.108566 -0.151829 0.71416
-0.0402819 -0.00642034 -0.759824
-0.0150839 0.116408 0.893027
-0.0718626 0.0439507 0.585259
-0.021836 -0.11625 0.0692828
-0.00924491 0.116408 -0.907936
-0.0402819 0.0756526 -0.691811
0.0772995 -0.11625 -0.899576
0.0655235 -0.151829 -0.339422
-0.0718626 0.124399 0.311878
0.0791385 -0.151829 -0.946214
0.119155 -0.121818 -0.610177
0.0736474 0.116408 -0.923746
-0.0694894 -0.151829 0.433588
0.0663563 0.116408 -0.661388
0.0466854 -0.151829 0.238009
-0.0718626 0.0366821 -0.0942574
-0.0718626 -0.132197 -0.541682
-0.0718626 0.0496306 0.230538
-0.00118692 -0.11625 0.456473
-0.0402819 -0.0215645 0.913502
-0.0402819 -0.0434965 -0.879222
0.104289 -0.11625 -0.276751
0.122145 0.151986 -0.970428
-0.0402819 0.093403 0.774327
-0.0402819 0.0668901 0.635635
-0.035924 -0.111709 0.015351
-0.0142758 -0.11625 -0.772496
0.0073938 -0.151829 -0.295844
-0.0402819 0.0421829 -0.414093
0.121585 0.125217 -0.593941
0.0974836 0.116408 -0.116313
-0.0718626 0.00315413 -0.191465
-0.0718626 0.0180429 0.210542
-0.00595887 0.116408 0.461953
0.124018 -0.134158 -0.8019
0.0148734 -0.151829 0.794491
0.0305478 0.151986 0.694283
0.0327271 -0.151829 -0.167065
-0.0718626 0.0795697 -0.578054
0.123998 0.133351 -0.539255
-0.0402819 0.0210531 -0.56944
0.0933838 0.151986 0.982414
-0.0442899 -0.151829 -0.787802
0.0709478 0.116408 0.665648
7.30454e-05 -0.151829 0.738112
0.122009 -0.125827 0.061449
-0.0718626 -0.0850401 -0.623649
0.0962781 0.151986 -0.916334
0.0936251 0.151986 0.461282
-0.0718626 -0.0536865 0.768398
-0.00648409 -0.151829 -0.937857
0.0109004 0.116408 0.616576
-0.0665619 -0.151829 -0.841847
-0.0142615 0.151986 -0.554231
0.0722858 0.151986 0.410279
0.00277206 -0.11625 -0.816183
0.0218845 -0.151829 -0.844657
0.0166182 0.116408 -0.0920231
-0.0718626 -0.0521481 -0.0766023
-0.0718626 -0.0473747 -0.463204
0.052423 -0.11625 -0.455858
0.0911201 -0.151829 0.554758
-0.0388293 0.107699 0.946958
0.010784 0.116408 -0.633567
0.123932 0.132448 0.844596
-0.0402819 -0.0982239 -0.257866
-0.0402819 -0.0602807 -0.0350232
-0.0718626 0.0366223 0.375391
-0.0402819 0.0422373 0.756864
-0.0718626 -0.0773643 0.577054
-0.0402819 0.0399368 -0.855
-0.0402819 0.0413594 0.460654
0.0283099 0.151986 -0.455178
0.0449786 0.151986 0.937429
-0.0718626 -0.0150633 0.0591841
-0.0175381 0.116408 0.70314
-0.0402819 0.0468578 -0.183931
0.0869296 0.116408 0.12342
-0.0402819 0.025154 0.437189
-0.0718626 0.15105 0.830223
-0.034237 0.113346 0.861118
-0.0718626 0.0546172 0.114
0.0596915 0.151986 -0.488472
-0.0402819 -0.0736901 -0.836991
0.0392871 0.116408 0.696708
-0.0402819 0.0829968 0.214694
-0.0718626 0.132354 -0.414813
0.123105 -0.151829 0.629045
0.0601888 -0.151829 -0.377881
0.0210592 -0.11625 0.358053
0.101646 -0.151829 0.77955
-0.0718626 0.126504 -0.988055
-0.0718626 0.127175 -0.593915
0.0362887 -0.151829 -0.016573
-0.0091432 -0.151829 0.385901
-0.0718626 0.0437719 -0.325795
0.0973385 -0.151829 -0.999429
0.0936034 0.151986 -0.990589
0.114358 0.151986 0.785018
0.00683158 0.116408 0.931946
-0.0397657 0.105143 0.429225
-0.0402819 0.0898135 0.289289
0.00717156 -0.151829 0.0271757
-0.0454014 -0.023273 -1
0.0382337 0.116408 0.631057
0.0241758 -0.11625 0.176144
0.0841562 -0.11625 0.250189
0.0349156 -0.151829 -0.421026
0.00822076 0.151986 -0.901273
-0.0546148 -0.151829 -0.39916
-0.0718626 0.0900566 0.506031
0.124018 0.143468 -0.734089
0.0897741 -0.151829 0.166102
-0.0523562 -0.151829 -0.537333
-0.0182356 0.151986 -0.973802
-0.0718626 0.0890562 0.0822177
-0.0441683 -0.151829 -0.501739
0.076093 0.151986 -0.236761
0.0464726 -0.151829 -0.123074
0.031004 -0.151829 -0.2509
-0.0057232 -0.151829 -0.973003
0.0017975 0.151986 0.472007
-0.0718626 0.0896429 -0.625373
0.00571115 -0.151829 0.634566
-0.0402819 0.00819488 0.656571
0.000227539 0.151986 -0.0295561
-0.0718626 0.0515199 0.177411
-0.0718626 -0.064195 0.0663548
-0.00202813 -0.11625 0.936799
0.0501039 -0.11625 -0.753597
-0.0402819 -0.0294703 0.517404
0.0615483 0.151986 -0.290895
0.0805165 -0.11625 0.763784
-0.0718626 0.0294837 -0.404685
0.0928384 0.151986 0.928877
-0.0402819 0.00896934 0.781632
0.0924797 -0.11625 -0.417899
0.0976051 0.151986 -0.325624
-0.0718626 -0.121141 -0.421445
-0.0718626 -0.130162 0.715501
0.116285 -0.119365 0.808191
0.123542 -0.12995 0.516493
-0.0402819 0.0874613 0.740891
-0.0193102 -0.151829 0.119524
0.10805 -0.151829 -0.0757809
-0.0402819 -0.0047391 -0.385394
-0.0718626 0.0863985 -0.353355
-0.0718626 -0.0728712 -0.206025
0.0752002 -0.11625 -0.700691
0.0274081 0.151986 -0.507487
0.0189224 -0.151829 -0.928425
-0.0718626 -0.0266419 -0.600185
-0.0402819 -0.00832568 0.32676
-0.0402819 -0.0701586 0.697758
0.0267894 -0.151829 0.855507
-0.0402819 0.0226195 -0.46337
0.0611563 0.151986 -0.693703
-0.012145 0.151986 0.613884
0.00203877 -0.151829 0.823912
0.0113351 -0.11625 0.717038
0.0464973 0.151986 -0.0914065
0.0801308 -0.11625 -0.63595
-0.0402819 0.0470735 0.204097
-0.0718626 -0.00425972 0.994325
-0.0402819 -0.0275126 -0.541032
0.11933 0.151986 0.971804
-0.00591068 -0.151829 0.4159
0.014795 -0.151829 0.680364
-0.0480376 -0.151829 -0.352076
0.080784 0.116408 0.895186
0.0635785 0.116408 0.535217
-0.0718626 0.126526 -0.0220738
0.0819091 -0.11625 0.528971
0.0312602 -0.11625 -0.861356
-0.0402819 0.0298922 0.969305
-0.0718626 -0.0901814 -0.15868
-0.0718626 0.00327755 0.895946
-0.0402819 -0.08629 0.055237
-0.0718626 -0.151149 0.0535634
0.124018 0.136458 -0.210727
0.115857 0.151986 -0.558241
0.0976087 0.151986 -0.467863
0.0497894 -0.11625 0.65465
-0.0712223 0.151986 0.937037
-0.00283838 0.116408 -0.0596473
-0.0461638 -0.151829 0.0966598
-0.0459714 -0.151829 0.153465
0.124018 -0.143801 0.133085
0.0337831 -0.11625 0.544874
-0.0718626 -0.0487663 -0.516661
-0.0718626 -0.00376674 -0.58393
0.0217332 0.151986 0.444713
-0.0718626 -0.0219175 -0.056736
-0.0718626 0.0991612 0.902276
-0.0353189 0.112449 0.549167
0.123977 -0.13283 -0.51657
-0.0679678 0.151986 0.650376
0.0880929 0.116408 0.494422
0.123365 0.151986 -0.2451
-0.044308 0.151986 0.208941
0.0100054 0.116408 -0.161144
0.0267728 0.151986 0.290348
0.0148969 -0.11625 0.00930374
-0.0315437 -0.114812 -0.87043
0.0434323 -0.11625 -0.821142
-0.0718626 -0.00870874 -0.132141
-0.0718626 -0.00511574 0.628759
-0.0138752 0.151986 0.00253676
0.035712 -0.151829 -0.490109
-0.0402819 0.0231208 0.91563
-0.0402819 0.0666727 0.0193646
0.106746 0.151986 -0.831144
0.0424217 0.116408 -0.477855
-0.0718626 -0.0501887 -0.300961
-0.0402819 0.00553405 0.068932
-0.0718626 0.135246 -0.710965
0.0772929 0.151986 -0.43409
0.122035 0.126036 0.449811
-0.0375417 0.151986 -0.673531
0.0731375 -0.11625 -0.794724
0.123376 -0.129302 -0.774142
-0.00314443 0.116408 0.834887
-0.0402819 0.0626663 -0.112304
0.0174817 0.116408 -0.526411
0.0665294 0.124958 -1
0.041122 0.151986 0.91184
-0.0718626 -0.0231394 0.183192
0.0204971 0.151986 0.104906
-0.0718626 0.0280765 0.537855
-0.0402819 -0.0913129 0.317681
-0.0534777 0.151986 0.882646
-0.0402819 -0.0292415 -0.0039835
0.00549258 0.151986 0.197512
-0.0402819 0.0151106 -0.774092
-0.0154018 -0.151829 0.552283
0.0147073 0.151986 0.597973
0.038316 0.116408 0.507209
-0.0301816 -0.115372 -0.022349
0.107813 0.116479 0.403465
-0.0718626 0.131356 -0.544886
-0.00278065 -0.151829 -0.639689
0.00140932 -0.151829 -0.81564
-0.0718626 0.0348647 -0.140013
-0.0171005 0.151986 -0.921071
0.119631 0.122499 -0.719774
0.0597252 -0.11625 -0.532305
-0.0402819 -0.0465642 0.863766
0.0969252 0.151986 -0.611258
-0.0483728 -0.151829 -0.205084
-0.0718626 0.0279095 -0.797515
-0.0718626 -0.131855 -0.313557
0.0782905 -0.11625 0.30999
0.00988872 -0.11625 0.848819
-0.0402819 -0.0575262 -0.97187
0.0118243 0.151986 0.234929
0.0143785 0.151986 -0.123465
-0.00121491 0.151986 -0.214375
0.0134581 -0.11625 -0.211445
-0.0378991 0.151986 -0.941253
0.106928 0.151986 0.38965
-0.00629084 0.151986 -0.596278
0.0875635 0.151986 -0.110939
0.066205 0.151986 0.698086
-0.0402819 -0.0846014 -0.74067
-0.0718626 0.0392565 0.950342
-0.0402819 -0.0371927 -0.673549
-0.0427255 -0.132132 0.998782
0.0296128 -0.151829 0.549209
-0.0718626 -0.062294 0.258972
-0.0718626 0.00309333 0.107964
0.121991 0.12595 0.109299
0.0025049 -0.11625 -0.328279
-0.0718626 -0.128917 -0.465812
0.122609 -0.127101 0.972974
0.0274267 -0.11625 0.221354
-0.0402819 -0.0355031 0.0536851
-0.0402819 0.0943862 -0.990484
0.0604908 -0.151829 0.0646106
-0.0718626 -0.108505 -0.000178896
-0.0718626 -0.0914476 0.94904
-0.0718626 -0.00740533 -0.754873
0.0465149 0.116408 -0.565935
0.0607096 -0.151829 -0.207763
-0.0718626 0.00822658 -0.945336
-0.0214918 -0.151829 -0.243851
-0.0199286 -0.11625 0.594513
-0.0402819 0.0971932 -0.349956
0.0802161 -0.11625 -0.365742
-0.0402819 -0.0685019 0.216462
0.0186534 -0.11625 -0.502503
-0.0402819 -0.0663673 0.789951
-0.0718626 0.0978517 0.227073
-0.0323904 0.114539 -0.897391
-0.0459775 -0.151829 0.638609
0.0333901 0.151986 0.0124734
-0.0402819 -0.100037 -0.631872
-0.0718626 0.0089913 -0.672679
-0.0718626 0.13045 -0.329094
0.0462118 0.151986 0.152965
-0.0718626 -0.0341113 -0.953312
-0.0718626 0.0235825 -0.892181
0.123052 0.128414 0.527197
-0.001924 -0.151829 0.607013
0.122905 0.128002 -0.817335
0.0406987 0.116408 0.289918
-0.0718626 -0.0785378 0.33935
-0.0718626 -0.0725292 0.632577
0.124018 -0.138408 -0.645535
-0.0402819 0.0169665 0.730027
-0.0262417 -0.116207 -0.670129
0.114336 -0.118205 0.690733
-0.0718626 -0.0769602 -0.380911
0.0103969 -0.11625 -0.421479
-0.0402819 0.0955959 0.0608608
0.01916 0.116408 -0.394471
0.121714 0.125442 0.651935
0.107354 0.151986 0.66523
0.089062 0.116408 0.579356
-0.0718626 -0.0182206 0.136522
0.0615219 0.151986 -0.139702
-0.0718626 -0.0898765 0.16318
0.124018 0.138789 0.139085
0.00772604 0.116408 -0.33939
0.0782035 -0.11625 0.955787
-0.0718626 0.027611 0.734648
-0.0718626 -0.0273817 0.471845
-0.0292981 0.115814 -0.692372
-0.0718626 0.135966 0.0522146
-0.0718626 0.123867 0.57989
0.0474255 -0.151829 -0.702884
0.0656092 0.116408 0.382739
-0.00107931 -0.125759 -1
-0.0718626 -0.105856 -0.858155
-0.0396797 -0.105294 0.966056
0.109674 -0.116587 -0.94314
-0.0718626 -0.0551301 0.150262
-0.067942 0.0545027 0.998782
0.106805 -0.11626 0.604695
0.0247594 -0.11625 -0.155558
0.0397092 -0.11625 0.48969
-0.0232207 0.128893 0.998782
-0.0718626 -0.00349601 0.51428
0.0974315 0.151986 0.860164
0.0514238 0.116408 -0.064462
0.12216 0.126282 -0.931273
0.0439006 -0.151829 -0.616575
0.0165797 0.116408 0.851637
0.0776755 0.116408 -0.601289
-0.0402819 -0.0751069 0.669775
0.0229389 -0.11625 -0.0392763
0.052007 -0.151829 0.947794
0.0481775 -0.151829 0.903522
-0.0718626 0.0956825 -0.0549726
-0.0402632 0.101971 0.914516
-0.0402819 -0.0167931 -0.0902547
0.123991 -0.133062 0.542129
-0.0718626 0.0131655 0.865334
-0.0718626 0.0124677 -0.249602
-0.0643348 0.151986 0.297928
-0.0402819 0.031239 0.116555
-0.0402819 0.0789755 0.239496
-0.0316128 -0.151829 -0.116871
-0.0718626 0.0536788 0.883714
0.0829366 -0.151829 -0.503153
0.0565524 0.116408 0.152541
-0.0386084 -0.151829 0.491892
0.0438108 0.116408 0.404827
0.0595083 -0.151829 -0.28708
-0.0718626 -0.0979871 0.530379
-0.0394295 0.106234 0.800693
-0.0112087 0.151986 -0.369322
-0.0718626 0.129242 0.813367
-0.0402819 -0.0352931 0.239715
0.120887 -0.12396 -0.00343568
-0.0718626 0.11342 0.862536
-0.0718626 0.0329551 0.132814
-0.0402819 -0.0353547 -0.565488
0.064688 -0.11625 0.0927725
-0.0718626 0.0450802 0.696975
-0.0718626 -0.11394 0.326582
0.0906918 -0.11625 0.813372
-0.0718626 0.0209005 -0.0311487
0.0179647 -0.151829 -0.981056
-0.0613229 0.151986 -0.756654
0.0285322 -0.151829 -0.529584
0.0244579 -0.151829 -0.111209
0.00768492 0.116408 -0.817717
-0.0718626 0.111106 -0.924435
-0.0718626 0.0967518 -0.975599
-0.0126611 0.151986 -0.237675
0.124018 0.138113 0.0339355
-0.0402819 0.00229556 0.841609
0.0550702 -0.11625 -0.268976
-0.0275553 0.116207 0.367675
0.103323 0.116408 -0.18607
-0.0718626 0.141438 0.247946
0.0996527 0.151986 -0.865761
0.049483 0.151986 0.847432
-0.0718626 0.0884873 0.783705
0.0413497 -0.11625 0.921084
-0.0718626 -0.00142823 0.227877
-0.0392179 0.151986 0.545959
-0.00947714 0.151986 -0.794577
0.107047 0.151986 0.590111
0.0651544 0.123643 0.998782
0.0776486 0.151986 -0.00872051
-0.0402819 0.0715803 0.118207
-0.0382486 0.108809 -0.946637
-0.00903824 0.116408 0.75944
0.0625577 0.151986 -0.111598
-0.0633458 0.151986 -0.795562
-0.0718626 0.0748399 -0.780381
0.0609837 0.151986 0.190985
-0.0402819 -0.0547376 -0.320553
0.120491 -0.151829 -0.566137
0.0338668 0.116408 0.912911
-0.0402819 0.0556194 0.255223
-0.0402819 0.0554365 0.809275
0.108373 -0.151829 0.325341
-0.0718626 -0.0466751 0.820014
0.0260669 -0.11625 0.693806
-0.0402819 -0.024609 -0.618234
0.116215 0.151986 0.947074
-0.0335753 0.151986 0.458
0.100523 -0.151829 0.841284
0.0569915 0.116408 0.0519451
-0.0718626 -0.0544029 -0.0189087
0.0758994 -0.11625 -0.319278
-0.0471173 0.151986 -0.730033
-0.0603915 -0.151829 -0.0226266
0.0688253 0.151986 0.319734
-0.0402819 -0.05574 -0.103438
-0.0718626 0.0886044 -0.293838
-0.0718626 0.0584195 -0.851889
-0.0402819 -0.0160195 0.102495
0.0410266 0.151986 -0.859864
0.1009 0.151986 -0.0833913
0.0677767 0.151986 0.360339
0.0963634 0.151986 -0.410696
0.039717 0.116408 -0.245572
-0.00592472 -0.151829 0.332072
0.083057 -0.11625 -0.87351
-0.0718626 0.0891657 -0.854313
-0.0718626 -0.0248358 -0.898641
-0.0274282 -0.11607 0.685304
-0.0533932 0.151986 0.698537
0.119615 0.122481 -0.877585
-0.0402819 -0.0236396 -0.166817
0.123832 0.131631 -0.33842
-0.0718626 0.112743 -0.175067
-0.0402819 0.0906904 0.868812
-0.040274 -0.10155 0.271285
0.123233 0.128971 -0.390622
-0.0718626 0.030595 0.635245
-0.00110005 0.151986 -0.877
-0.0402819 0.0263349 -0.901419
0.0650986 0.151986 -0.971103
-0.0341007 -0.11329 0.442241
0.0477245 0.151986 0.769689
-0.0402819 0.000793588 0.222401
-0.0718626 0.0979386 0.696042
-0.0507461 -0.151829 0.315507
-0.0389057 0.107535 0.626339
0.124018 -0.141078 0.244545
-0.00534677 -0.11625 -0.116607
-0.0402819 -0.0397076 0.429794
-0.0718626 0.0671645 -0.219574
-0.0718626 0.151047 0.778205
-0.0266722 -0.116168 0.15888
-0.0358653 -0.151829 -0.585913
-0.0402819 0.0150822 -0.951119
-0.042303 -0.151829 -0.284984
-0.0402819 -0.0797085 -0.419052
-0.0402819 0.0988394 -0.789486
0.0713195 0.151986 0.971679
-0.0718626 0.0610551 0.324861
-0.0141996 0.116408 -0.250063
0.105429 -0.151829 0.0898036
-0.0354152 -0.112203 -0.213325
0.0858407 0.151986 -0.704136
-0.0402819 -0.0780656 0.403839
-0.0718626 -0.150633 -0.688384
-0.0656938 -0.0941511 -1
0.122222 0.126407 -0.100691
-0.0248403 0.151986 0.675251
-0.0406986 -0.0686637 0.998782
-0.0402819 0.0909479 0.178634
-0.0402819 -0.0542488 -0.625122
0.00152939 -0.127521 0.998782
0.0999412 0.151986 0.319704
0.120634 -0.123602 -0.412224
-0.0402819 -0.0289152 -0.056134
-0.0475368 0.151986 -0.62418
0.0959245 -0.11625 0.444729
-0.0402819 0.0327742 -0.485561
-0.0335003 -0.113711 -0.442807
0.103147 -0.151829 0.446492
0.0393156 -0.11625 0.00644464
0.123124 -0.12847 -0.7082
0.0269367 -0.11625 -0.373576
-0.0205374 0.116408 -0.363915
0.0887139 0.116408 -0.890768
-0.0332023 0.114061 -0.287199
-0.0402819 -0.00487642 0.741027
0.123469 0.129812 0.416732
-0.0492362 -0.151829 -0.627084
-0.00760892 -0.11625 0.480009
0.031488 0.151986 -0.184271
-0.0718626 0.0464283 -0.962863
-0.0520241 0.151986 -0.201892
0.00168849 -0.151829 0.136817
0.124018 -0.151772 0.668356
-0.0718626 -0.15048 -0.0693365
-0.0718626 -0.0452836 0.224764
-0.0718626 -0.137803 0.792617
0.101199 0.116408 -0.441145
0.0512499 -0.151829 0.502883
0.061214 -0.151829 0.701147
-0.0558175 0.151986 0.468291
0.0380775 -0.11625 0.339692
-0.0402819 0.00560366 -0.426383
-0.0718626 -0.0347783 0.604074
0.124018 -0.137 0.6482
0.0996168 -0.151829 -0.708492
0.124018 0.149935 -0.419712
0.12362 0.130456 0.272722
0.0437864 0.151986 -0.61806
-0.0718626 -0.0807787 -0.267829
0.0451962 -0.11625 -0.396036
-0.00923255 -0.11625 0.327399
-0.0402819 0.017956 0.49804
0.0638529 0.151986 0.895482
-0.0718626 -0.107146 0.253728
-0.00889807 -0.11625 0.763931
-0.0718626 0.128694 -0.260518
-0.0402819 -0.0676531 -0.230165
-0.0718626 0.095414 -0.81672
-0.0402819 0.0277436 -0.137257
-0.0718626 0.15086 0.743689
0.0822733 -0.11625 0.562103
-0.0402819 -0.0762423 -0.686112
0.0463914 0.151986 -0.232757
-0.0718626 -0.0205018 -0.868354
-0.0718626 -0.0914869 0.118627
0.0352508 0.151986 -0.148575
-0.000587922 -0.151829 -0.777038
0.0922798 -0.11625 -0.231266
-0.0402819 0.0497935 -0.00461777
-0.0393377 0.106489 -0.612021
-0.0402819 0.0502342 0.691408
-0.0718626 0.0509994 0.426919
-0.0402819 -0.0410119 0.784311
-0.0422822 0.151986 0.184931
0.0331659 -0.11625 -0.615023
0.00961886 -0.11625 0.143484
0.0644481 0.151986 -0.586683
-0.0402819 -0.0716596 -0.865381
0.0399365 0.116408 -0.889929
-0.0402819 0.0843989 -0.0966556
-0.0402819 -0.100828 0.626809
-0.0718626 0.118164 -0.616209
-0.00571081 0.116408 0.347138
0.0669017 -0.151829 -0.0450967
-0.0718626 -0.13032 0.992313
-0.0718626 0.0176739 -0.595912
-0.0402819 -0.0290302 -0.929597
-0.0718626 0.0506401 0.912034
-0.0718626 -0.00319461 -0.0146203
-0.0105308 -0.151829 -0.55877
-0.0718626 -0.138426 -0.215972
-0.0402819 -0.0886474 -0.561234
0.123953 -0.132525 -0.0743177
0.0718202 0.151986 -0.946295
-0.0718626 -0.00178143 0.785178
-0.0718626 0.132132 0.539735
0.0376457 -0.11625 -0.936467
0.0567078 0.116408 -0.822163
0.0878734 -0.151829 0.915619
-0.0204677 -0.151829 -0.701019
-0.0310372 -0.115038 -0.282146
0.0719732 0.151986 0.661432
0.115458 0.151986 -0.190937
-0.0195244 0.151986 0.115358
-0.0402819 -0.000612318 -0.337129
-0.0683195 -0.151829 -0.804987
0.0457263 -0.151829 0.157006
0.123583 0.130287 -0.617212
0.0674571 0.151986 0.947612
0.0125044 -0.151829 -0.44776
-0.0718626 -0.0311441 0.305552
-0.0718626 -0.0303746 0.348438
0.0253054 0.116408 -0.843915
-0.0718626 0.0688604 -0.0230748
-0.0393448 0.10647 0.668774
-0.049111 0.102371 0.998782
-0.0402819 0.0369146 0.0814011
-0.0402819 -0.0382892 0.694824
0.107981 0.151986 -0.945796
-0.0597991 -0.151829 0.281519
0.0484246 -0.11625 0.870731
-0.0402819 0.0551683 -0.926674
0.0385684 0.116408 -0.789854
-0.0590087 -0.086684 0.998782
-0.0402819 -0.00507902 0.454645
-0.0718626 0.080464 0.602039
-0.0212053 0.116408 0.240923
0.124018 0.134874 0.343257
-0.0402819 -0.0200545 -0.283511
0.124018 -0.141645 -0.4924
-0.0718626 -0.0994917 -0.72319
0.059356 -0.11625 -0.129877
0.0866992 0.116408 -0.692622
-0.0470733 0.151986 -0.0321331
0.0663357 0.116408 -0.580024
-0.00226061 0.116408 -0.209648
-0.00733054 0.116408 0.397476
0.0138938 0.116408 0.228939
0.063459 -0.11625 0.705015
0.106699 0.151986 0.100574
0.101661 -0.151829 -0.68293
-0.0402819 0.0970156 0.323982
0.0461157 0.151986 -0.932189
-0.0718626 -0.100582 -0.890976
-0.0402819 0.0587415 0.930891
0.0835977 0.151986 -0.21292
-0.0300275 0.151986 0.590335
0.10516 -0.151829 -0.378915
-0.0402819 -0.0602617 0.354837
0.00762162 0.116408 0.553191
-0.0402819 -0.0507648 0.592025
0.0605735 -0.151829 0.331998
0.0864735 0.116408 0.291088
-0.0402819 -0.0635266 0.741225
-0.0402819 0.0933964 -0.914557
0.0756409 0.116408 -0.729561
-0.0718626 -0.144921 -0.617136
-0.0718626 -0.0687938 0.531404
0.00748875 0.151986 0.564153
-0.0718626 0.0623969 0.674193
0.0361706 -0.11625 0.973537
-0.0425385 -0.151829 0.727742
-0.0399213 0.104507 -0.236253
-0.0402819 -0.0623811 -0.781813
-0.0718626 -0.0164071 -0.820949
-0.0402819 0.0568149 -0.528604
0.0959822 -0.151829 -0.291768
-0.0718626 -0.0449754 0.964925
0.0660207 0.151986 0.599473
0.0389613 -0.11625 0.605824
-0.0402819 -0.0189157 -0.714139
-0.00565921 0.116408 0.802409
-0.0718626 -0.12362 -0.642793
0.0323671 0.116408 -0.620947
-0.0718626 0.0805409 -0.404427
-0.0718626 -0.125071 0.361756
-0.0402752 -0.101511 -0.393595
0.0544819 -0.151829 0.546575
-0.0298677 -0.11548 -0.237204
-0.0160962 -0.151829 -0.192441
-0.0402819 0.0757725 0.826385
-0.0718626 0.129593 0.91241
-0.0127025 -0.11625 0.100532
0.0278903 -0.11625 0.445769
0.124018 0.139877 0.187353
0.0563213 -0.11625 0.526109
0.104402 -0.151829 0.118693
-0.0385701 0.151986 -0.311041
-0.0718626 0.0209068 -0.501132
0.0673243 -0.151829 -0.0881341
0.0969787 -0.11625 0.853989
-0.0402819 0.0885956 0.583333
0.0242078 0.116408 -0.931957
0.122573 0.127173 -0.152145
-0.0718626 0.0652799 0.408259
-0.0402819 0.0575943 -0.616572
-0.0632852 0.151986 -0.90171
0.040468 0.116408 0.456104
-0.0718626 -0.0795448 0.295739
0.0389701 -0.11625 -0.977351
0.0867058 0.116408 -0.312325
-0.0402819 0.0751971 -0.193654
-0.0231115 0.151986 0.921445
-0.0291818 -0.151829 -0.0700864
0.123316 0.12925 0.918763
0.0215403 0.116408 -0.18157
0.0677178 0.151986 -0.379023
-0.0402819 0.0319965 -0.728309
0.1025 -0.151829 -0.901144
-0.0196738 0.151986 -0.773434
-0.0374313 -0.109918 0.552663
-0.056109 -0.0210055 0.998782
-0.0269159 0.151986 -0.186156
0.0467715 -0.11625 0.567019
-0.0511286 -0.151829 -0.763563
0.013166 0.116408 0.730725
-0.0402819 0.0375987 -0.267883
0.0714307 -0.151829 -0.56983
0.0608847 0.151986 0.297722
-0.0260635 -0.116219 -0.137525
-0.0718626 0.0146188 -0.627017
0.0599895 0.151986 0.0302101
0.0127773 -0.11625 -0.570334
0.00829343 -0.11625 -0.854592
-0.0718626 0.0819834 0.0578812
-0.0277618 -0.151829 0.199746
-0.0465704 0.151986 -0.0066493
0.0641376 0.116408 0.305623
-0.0718626 -0.0627632 -0.344558
-0.0718626 -0.129431 0.739221
-0.0402819 -0.0732035 0.0878207
-0.0402819 -0.0751754 -0.152684
-0.0382471 -0.108654 0.896458
-0.0264735 -0.151829 0.175007
-0.00968636 -0.151829 -0.746561
0.0946917 0.116408 -0.41876
0.0973018 -0.151829 -0.145226
0.088992 -0.151829 0.220549
-0.0718626 0.127189 0.375083
0.00339143 -0.151829 0.97176
-0.0402819 -0.0565272 -0.821271
-0.0718626 -0.0956471 -0.542151
-0.0718626 -0.0410669 0.869233
-0.0402819 -0.0772637 -0.641094
0.0171393 0.128735 0.998782
-0.0718626 -0.122022 0.62645
0.0476948 -0.151829 0.845306
0.0107945 0.116408 -0.67006
-0.0718626 -0.0386789 -0.40537
-0.0718626 -0.128403 -0.923698
0.038473 -0.11625 0.270021
-0.0191537 -0.151829 0.0104391
-0.0188433 -0.151829 0.724617
0.0583087 -0.11625 0.475773
-0.0718626 -0.0104655 -0.106094
-0.032808 0.114302 -0.0935811
-0.0178834 -0.11625 -0.189917
0.0515318 0.116408 0.231339
-0.0316893 -0.151829 0.259236
-0.025787 -0.151829 -0.830377
-0.0718626 0.103113 -0.487235
-0.0718626 -0.0809266 -0.505449
-0.0718626 -0.132247 -0.0443572
0.0505365 0.151986 0.644878
-0.0402819 0.0526814 -0.566135
-0.0718626 -0.127399 -0.345995
-0.0718626 -0.0748816 -0.661102
-0.0402819 0.0790516 -0.061908
0.124018 0.1372 -0.0171708
-0.0402819 0.0223811 0.291023
-0.0718626 0.0815714 0.138099
0.0841533 0.151986 -0.51959
-0.0718626 -0.106048 0.813923
-0.0718626 -0.0415239 -0.787058
0.0418732 -0.151829 -0.858149
-0.0718626 -0.0227674 0.00470898
0.0496327 0.151986 -0.412916
-0.0718626 -0.0024869 0.831883
-0.0402819 -0.010267 0.597589
0.0176927 -0.11625 0.0987146
-0.0402819 0.0212312 -0.617323
-0.0718626 0.127966 0.0786501
-0.0402819 -0.0309451 -0.82846
-0.0229354 0.116408 -0.532884
-0.0718626 -0.0200597 0.10907
0.0173911 -0.151829 0.948586
0.0373843 -0.151829 -0.760986
-0.0398626 -0.104604 -0.600619
-0.0186351 0.151986 -0.651259
0.124018 -0.149399 -0.935272
-0.0472369 0.151986 0.28121
0.0291837 -0.11625 -0.775045
0.056706 -0.151829 -0.480555
-0.0718626 -0.13353 -0.177387
0.0592624 -0.151829 0.42889
-0.0718626 -0.111953 0.0473812
-0.0402819 -0.0596392 -0.91245
0.0474695 -0.151829 -0.14823
-0.0402819 0.0198869 -0.00185116
-0.0250369 -0.151829 0.819604
-0.0718626 -0.0426576 -0.85133
0.0405369 0.151986 0.801534
0.105641 -0.151829 -0.950081
-0.0718626 0.126795 -0.212655
0.0795839 -0.11625 -0.580344
0.0195806 -0.11625 0.307348
0.0842906 0.116408 0.259956
-0.0718626 0.0916267 -0.00444866
0.0444991 -0.11625 0.828732
-0.0402819 0.048218 -0.881256
0.0481284 -0.11625 0.173073
-0.0718626 0.0110929 0.077134
0.124018 -0.141078 0.873376
0.123846 -0.131571 0.413533
-0.0518765 0.151986 -0.513283
0.122856 -0.127715 0.0991909
-0.0357147 0.112075 -0.97498
-0.0718626 0.00837146 0.937829
0.00320264 -0.151829 -0.698007
0.0525914 -0.151829 0.624833
0.0870332 -0.11625 0.0842584
-0.0186223 -0.11625 -0.463517
0.0683323 -0.151829 -0.830612
-0.0402819 -0.0769969 -0.355151
0.0973698 -0.11625 -0.0729189
0.0230847 0.116408 0.305962
-0.0201498 -0.151829 0.460825
0.0804145 0.116408 -0.205312
-0.0349053 0.151986 0.38463
-0.0511242 -0.151829 0.856437
-0.0718626 -0.0312176 -0.97705
0.0491113 0.116408 0.554746
-0.0718626 0.0822016 0.808882
0.0610268 -0.151829 0.110238
0.0941194 0.116408 0.785031
-0.068875 -0.0436818 0.998782
-0.0718626 -0.147057 -0.451888
0.124018 -0.145928 -0.672565
0.0648159 0.116408 0.802134
-0.0718626 0.0166899 0.763333
0.0512804 0.116408 -0.70873
0.0550164 -0.11625 -0.432403
-0.0718626 0.0283919 0.186391
-0.0718626 0.0847434 -0.100876
-0.0375412 0.151986 0.637414
0.0883397 0.116408 -0.140852
0.0268786 -0.151829 0.297796
0.0357545 -0.11625 -0.349427
-0.0718626 0.0182821 -0.549001
0.109206 0.151986 -0.347142
0.0776323 -0.11625 -0.939545
-0.0402819 -0.0130181 0.0120694
0.11622 0.151986 -0.064451
0.0812206 -0.11625 0.0336947
-0.0718626 0.0809048 -0.532063
-0.0219304 -0.11655 -1
-0.0718626 0.0680561 0.0246632
-0.0515376 -0.151829 0.530223
-0.0718626 -0.130031 -0.835603
0.0122112 -0.151829 -0.273602
0.123502 -0.129785 0.742857
0.03013 0.116408 0.799416
-0.0402819 -0.0485466 -0.273004
0.0644354 0.116408 0.720393
-0.0718626 0.011151 0.592554
-0.0510304 -0.151829 0.420309
0.0938543 0.116408 0.628062
0.121907 -0.125633 -0.303644
0.0921544 0.151986 0.510938
0.0718489 -0.151829 0.869023
0.106631 0.151986 0.901778
-0.0718626 0.127866 0.22876
-0.0718626 -0.0454126 -0.329682
-0.00671679 -0.151829 -0.0291295
-0.0718626 0.0765972 -0.803409
-0.0718626 0.108849 -0.771148
0.018748 0.151986 0.904372
-0.0718626 -0.0418024 -0.254886
-0.0202285 0.116408 0.320861
-0.0718626 -0.0955374 0.426845
0.111675 0.117262 0.670558
0.0121089 0.151986 0.76498
0.0654718 0.151986 -0.767706
0.0297001 -0.151829 -0.0740792
-0.0718626 0.0153458 0.455304
0.110089 -0.13137 -1
0.106115 0.151986 0.0336344
0.118576 -0.151829 0.198368
-0.0402819 0.00449943 0.683303
-0.0402819 0.0180981 0.178827
0.0116035 0.116408 -0.504211
-0.0718626 -0.0107604 0.96617
0.101583 0.151986 0.440093
0.100147 -0.151829 -0.461519
-0.0402819 0.0204493 -0.224204
0.0744291 0.116408 -0.98061
0.118745 -0.121399 0.9341
0.124018 0.150855 -0.684343
-0.0718626 -0.112657 0.200902
0.00696065 0.116408 0.123951
-0.0718626 0.134228 0.506994
-0.0402819 0.00206359 0.870084
0.0753729 0.151986 0.274581
-0.0402819 0.0890726 -0.272384
-0.0402819 0.0296579 0.576225
-0.0703627 0.151986 -0.426219
-0.0321167 0.114686 0.101454
0.0633015 -0.11625 -0.350787
0.00386534 -0.151829 -0.215835
-0.0070623 0.116408 -0.133445
0.103093 0.151986 -0.66055
-0.0402819 0.0722922 0.849748
0.00230009 -0.11625 -0.265693
0.0138726 0.151986 -0.945847
0.0488896 0.116408 -0.340845
-0.0106705 -0.151829 -0.403731
-0.0718626 0.15145 -0.450352
0.0938022 0.116408 -0.49598
0.0747153 0.151986 -0.16067
-0.0402819 -0.0863546 0.752848
-0.0402819 -0.0884367 -0.130848
0.0188532 0.116408 0.0426011
-0.0718626 -0.126557 -0.258088
-0.0402819 0.0511221 -0.442793
-0.0171233 0.151986 0.317212
-0.0263149 -0.151829 0.94147
-0.0402819 0.0995947 0.0128175
0.0527352 0.116408 -0.517789
-0.0718626 0.128921 0.185506
0.0415149 0.151986 -0.779279
0.123469 -0.129652 -0.451148
-0.0402819 -0.0543722 0.0377769
0.0419792 -0.11625 0.94479
0.0950486 0.116408 0.8766
0.0714587 -0.151829 0.588887
-0.0718626 -0.0621758 -0.128504
-0.0511212 -0.151829 0.758019
-0.0402819 0.0169631 -0.35154
0.0172073 -0.11625 0.39002
0.102152 -0.151829 -0.755986
0.123303 0.129203 0.0673221
0.0697868 -0.11625 -0.388514
0.0845144 0.116408 0.709338
-0.0402819 -0.100801 -0.30777
0.0237461 0.116408 0.97979
0.0588463 0.116408 -0.197803
0.0168233 0.151986 -0.833492
-0.0495085 0.151986 0.121509
-0.0718626 -0.0570679 -0.583818
-0.0402819 -0.073066 0.593757
-0.0435974 -0.151829 -0.330097
0.0785764 -0.11625 -0.283134
0.123077 -0.151829 0.476797
0.0743467 -0.11625 0.3493
-0.0542029 -0.151829 0.206052
0.00603826 0.151986 -0.300037
-0.0718626 0.151935 -0.173964
0.0279594 -0.151829 0.416482
-0.0718626 0.0320893 -0.238937
0.00351816 -0.11625 0.224715
-0.0718626 0.0796569 0.29253
-0.0402819 0.0677244 -0.596448
0.0608887 -0.11625 0.209121
0.0828531 -0.11625 0.977623
-0.0385081 -0.151829 -0.471659
0.0535329 0.151986 -0.0149291
0.0690898 0.151986 -0.182763
-0.0134646 -0.11625 0.191476
0.0174609 -0.138177 -1
0.0246501 -0.151829 0.909011
-0.0402819 0.0546202 -0.37151
0.0770512 0.116408 0.980482
0.00134953 0.116408 -0.771351
-0.0402819 -0.0278484 0.722736
0.062442 -0.11625 0.845027
0.0393721 -0.151829 -0.80155
0.0529239 0.151986 0.42132
0.118236 0.121072 -0.367174
0.0101393 -0.11625 -0.977642
-0.0718626 0.129993 0.267852
-0.0402819 -0.100491 0.523098
-0.0402819 -0.00916374 0.571851
-0.0718626 -0.137634 0.49954
-0.0173458 -0.151829 -0.369846
-0.000546107 0.116408 0.432382
-0.0402819 0.0556262 0.278534
-0.0718626 0.0665956 0.76551
-0.0105946 0.151986 -0.141618
-0.0718626 0.0356975 -0.162223
0.0548111 0.151986 0.0523171
0.102504 -0.11625 -0.716695
0.105904 0.116408 -0.294995
0.109166 0.116652 -0.840309
0.00367194 -0.11625 0.897302
0.0498727 0.151986 -0.311994
0.0491722 0.151986 -0.462755
0.111645 -0.151829 -0.273156
0.0106364 0.116408 -0.266865
0.00353221 -0.11625 0.666549
-0.0718626 0.0876844 0.998605
0.0153223 0.151986 0.046682
-0.0718626 0.0976549 -0.334258
-0.0718626 0.0845383 -0.0787108
-0.0402819 0.0626666 -0.767604
0.0183075 0.151986 -0.754478
-0.00866407 0.116408 -0.00984622
-0.0718626 0.0535034 -0.47257
0.00596028 0.151986 0.650586
-0.0402819 0.0903439 0.971467
-0.0718626 0.131956 -0.363929
0.0301848 0.151986 -0.0693309
-0.0718626 0.0768911 0.2193
0.0529012 0.116408 0.678805
-0.0598623 0.151986 0.0928902
-0.0505001 0.151986 -0.837964
0.0315032 -0.11625 -0.677749
-0.0233332 -0.151829 0.600626
-0.0718626 -0.0126434 0.389268
0.037504 -0.11625 0.774158
-0.0402819 -0.0954594 -0.876612
-0.0212865 0.116408 0.514095
0.0250173 -0.137627 0.998782
-0.0718626 -0.0165299 -0.153933
-0.0402819 0.0905219 -0.593069
0.122551 0.127123 0.767357
0.0885083 -0.11625 -0.0988624
-0.0288793 0.151986 0.757392
-0.0718626 0.0849463 -0.251274
-0.0581842 0.151986 -0.373054
-0.0718626 -0.0265285 0.794493
-0.0402819 -0.0126357 0.622276
0.0337794 0.151986 0.629412
-0.0402819 -0.0189673 -0.469159
-0.0138044 -0.11625 0.139766
0.051803 -0.151829 -0.919785
0.123771 -0.131085 -0.752145
-0.0718626 0.0123402 -0.0554713
0.0171531 0.116408 -0.0370133
-0.0402819 -0.0971722 0.0331562
-0.0278837 0.151986 0.818048
0.0242968 0.151986 0.953927
-0.0718626 -0.0621998 0.120102
-0.0402819 0.0574661 -0.980445
-0.0718626 -0.079305 -0.110294
0.0442585 -0.151829 0.208487
0.0359061 -0.151829 0.0646243
-0.0718626 -0.0177875 -0.266878
0.0218236 -0.151829 0.51506
-0.0402819 0.0300773 -0.658699
-0.0718626 -0.0468237 0.6534
-0.0718626 0.149757 0.97528
0.0854319 -0.11625 -0.526696
0.100872 -0.11625 -0.133049
-0.0402819 -0.0267128 0.260172
0.0125078 -0.151829 -0.73574
0.0689343 -0.151829 -0.52286
-0.0402819 -0.0766752 0.140116
0.0793174 -0.11625 -0.608219
-0.0402819 0.0599309 0.606204
0.124018 0.149555 -0.490931
-0.039309 -0.106409 0.669534
0.0438049 -0.129161 -1
-0.0718626 0.0741938 -0.141551
-0.0718626 -0.013142 -0.709686
-0.0402819 0.0652386 0.556839
0.11851 0.121327 0.691969
0.0764444 -0.151829 -0.185814
0.0121163 -0.151829 -0.401631
0.103629 -0.151829 0.618897
0.0263888 -0.11625 0.884071
0.0263061 0.151986 0.72172
-0.0718626 0.108899 -0.28459
-0.0402819 -0.0476139 -0.149615
0.0959557 0.116408 -0.737853
0.063876 0.151986 -0.820081
-0.0402819 -0.0791127 -0.0237735
0.0915829 0.116408 -0.79493
-0.0718626 -0.105457 -0.673969
0.113993 0.118192 0.597499
0.0767915 0.116408 0.0979529
-0.0718626 0.108842 0.420095
0.0301548 -0.151829 0.0324324
0.0615248 -0.11625 0.282773
0.0807806 -0.11625 0.673097
0.000529456 -0.151829 0.167362
-0.0242175 0.116408 0.841895
-0.0718626 0.00143417 -0.797352
0.0408915 -0.11625 -0.306185
-0.0718626 -0.136041 -0.133735
-0.0718626 0.00458422 -0.516135
-0.0718626 -0.0898004 -0.319391
-0.0402819 -0.0181876 -0.65616
-0.0718626 -0.0696065 -0.698093
0.00621518 -0.11625 -0.764849
-0.0402819 0.08503 0.537146
0.122062 -0.125929 0.562704
-0.0402819 -0.0641678 -0.597857
0.101595 -0.11625 0.301694
0.0893422 -0.151829 0.667364
-0.0374037 -0.151829 -0.0325109
0.0916413 0.116408 -0.646834
0.0292974 0.116408 0.775281
0.0302639 0.116408 0.83462
0.0260479 -0.11625 -0.805071
-0.00473103 -0.11625 -0.0726693
0.0639283 0.151986 -0.743007
-0.0718626 -0.103279 -0.810328
-0.0718626 0.0636905 0.960982
0.0605459 -0.11625 0.910732
-0.0402819 -0.0321271 0.40778
0.118108 0.151986 0.266097
-0.0718626 0.0981917 0.35334
-0.00982028 -0.11625 0.961485
-0.0718626 -0.121762 -0.0930983
0.10437 -0.151829 0.051494
-0.0704415 -0.151829 -0.666383
-0.0402819 -0.0959661 0.796434
-0.0249622 0.116408 -0.643067
-0.0402819 -0.0958446 0.484485
0.0849531 -0.151829 0.796914
-0.0718626 -0.0369113 0.271558
-0.0718626 0.0647924 0.260328
-0.0402819 0.0341045 0.523836
-0.0324058 0.114531 -0.136796
0.106881 0.151986 0.340304
0.0323367 0.151986 -0.00942398
-0.0718626 -0.00403268 -0.904899
-0.0718626 -0.108124 -0.915219
0.0777267 -0.11625 -0.979829
-0.0718626 0.125608 -0.137347
-0.0402819 0.0137217 -0.549004
0.0219548 0.116408 0.333369
-0.038597 0.10817 0.25385
-0.0718626 0.1345 0.664495
-0.0402819 0.01991 0.991638
-0.0718626 0.117231 -0.574631
-0.0718626 -0.124614 0.565628
0.0092278 0.151986 -0.489946
-0.0718626 0.130269 0.130228
-0.0402819 0.0794745 -0.668362
0.0283418 0.116408 -0.734725
-0.0284401 0.116034 -0.396707
0.0166115 -0.11625 0.491748
0.0315108 -0.151829 0.103881
-0.0402819 0.070685 0.42447
-0.0718626 -0.106309 -0.580906
-0.0402819 -0.0688284 0.425203
-0.0386278 -0.107953 0.226391
-0.0718626 -0.0634781 -0.548392
-0.0214696 0.116408 0.440756
0.000611416 -0.151829 0.873149
-0.00842139 0.151986 -0.742414
-0.0718626 0.118801 -0.889638
-0.00355687 0.116408 0.270828
-0.0132186 0.151986 -0.834701
0.0305423 -0.151829 -0.638725
-0.0402819 -0.0446934 0.0744184
-0.0660011 -0.0468459 -1
-0.0718626 0.060125 0.362748
-0.0718626 -0.0355088 -0.110316
0.104587 -0.11625 0.211084
-0.0605542 0.151986 -0.703208
-0.0718626 0.126469 -0.730735
0.11423 0.151986 0.616236
-0.0718626 0.0435801 0.780455
-0.0491605 -0.151829 -0.951733
-0.0174017 0.151986 0.976144
0.0417409 0.116408 0.187284
-0.0402819 0.0143997 0.0433104
-0.0718626 0.150922 -0.471966
-0.0718626 0.142939 -0.244256
-0.0196016 -0.11625 0.796325
-0.0609353 0.151986 -0.664763
-0.0562719 -0.151829 -0.578802
0.0956042 -0.11625 -0.546393
0.00659318 0.151986 0.517374
-0.0718626 0.111646 0.625096
0.120933 -0.124028 0.786266
0.104438 -0.11625 0.977335
0.122155 -0.126114 0.175457
-0.0402819 0.0952187 -0.700924
-0.0402819 -0.0288668 -0.855551
-0.0718626 -0.061886 -0.869187
0.00556267 0.151986 0.354166
-0.0718626 0.130157 0.427292
0.067368 0.151986 0.725107
0.105251 -0.151829 -0.356468
0.0676975 -0.151829 0.368742
-0.0718626 0.0490477 0.53113
-0.00401694 0.151986 0.934674
-0.032657 0.11439 -0.766431
-0.047053 0.151986 -0.266244
-0.0360174 0.11177 -0.210392
-0.0718626 -0.127702 -0.7913
-0.0402819 0.067139 0.733741
-0.0539919 0.127912 -1
-0.0402819 -0.0671181 0.921092
-0.0194613 -0.136675 0.998782
-0.0402819 0.0831616 -0.448061
0.0917852 0.116408 0.184779
-0.0718626 -0.0155281 -0.7748
0.107676 0.151986 -0.0414472
0.120744 0.123913 0.480889
0.124018 -0.148784 0.154089
0.102361 0.116408 -0.232542
0.0877604 0.116408 0.941466
-0.0151479 0.116408 -0.857848
-0.0454445 0.151986 0.163667
-0.0402819 -0.0786877 0.235772
0.123842 0.131701 0.366489
-0.0718626 -0.128354 0.161087
-0.0718626 0.13414 -0.0681738
0.104251 -0.151829 -0.812342
-0.0718626 0.0361433 -0.286218
0.0728374 0.151986 -0.0633148
-0.0718626 0.0865222 0.883918
0.0906457 0.116408 0.416456
-0.0718626 -0.0063532 0.663595
-0.038034 -0.109012 -0.488161
0.0424941 0.116408 0.268528
0.059526 -0.151829 0.455109
-0.0718626 0.0909428 0.569267
0.124018 0.146642 -0.446068
0.120192 -0.151829 0.758493
-0.0402819 -0.00366706 0.301908
0.0173341 0.116408 0.511642
0.0657918 -0.151829 -0.618922
0.123791 -0.131208 -0.147186
0.0553751 0.116408 -0.0434055
0.0977612 0.116408 0.448917
-0.0402819 0.063334 0.78098
0.0393347 -0.151829 -0.197864
-0.0603115 -0.151829 0.937179
0.0226205 -0.11625 -0.657419
-0.0402819 -0.0966172 0.995828
-0.0718626 0.0936231 0.527295
-0.0402819 0.00486111 -0.888984
-0.0718626 -0.137158 0.0373703
0.124018 0.138607 -0.790244
0.0493841 0.151986 0.98598
0.107076 -0.116271 0.768861
-0.0718626 -0.0187829 0.432504
0.0181781 -0.151829 0.594973
-0.0402819 -0.057257 0.817057
-0.0718626 -0.0847365 -0.776913
0.104094 0.151986 0.568032
-0.01836 0.116408 0.183067
0.0553958 -0.11625 -0.494435
0.120382 -0.123262 -0.189995
-0.0558816 0.0194549 -1
-0.0402819 -0.0687011 0.648078
0.111476 -0.117042 0.459341
-0.0718626 -0.12993 0.69415
-0.0402819 0.031872 -0.390772
0.00273138 0.116408 -0.974718
0.040591 0.151986 -0.734788
0.108646 0.151986 -0.373158
-0.0718626 0.0587 -0.816711
-0.0718626 0.073858 0.649201
-0.0402819 -0.0710432 -0.518835
-0.0489894 0.151986 0.809721
-0.0402819 0.0169258 0.94722
0.000552669 -0.11625 -0.694198
0.123758 0.131167 -0.765176
0.0825812 0.151986 0.152015
0.0754448 -0.11625 -0.842335
-0.0718626 -0.0919619 0.902128
-0.0364154 0.111342 -0.806303
0.0822461 -0.151829 -0.594309
-0.0175407 0.151986 -0.280329
-0.0718626 0.0887788 -0.713395
-0.0402819 -0.0471142 0.473254
0.0189149 0.116408 0.364528
-0.0286306 -0.151829 0.35473
-0.0718626 -0.0929531 -0.190542
-0.0402819 0.0605644 0.984785
-0.0402819 -0.0576875 0.947181
0.0162673 0.151986 0.0254446
-0.0276184 -0.151829 0.571546
0.047668 0.141599 -1
0.0101355 -0.151829 0.559291
-0.0487986 -0.151829 0.979887
0.123105 -0.128413 -0.10624
-0.0396126 0.105676 -0.725261
0.0630505 0.116408 -0.382279
-0.0402819 0.0972241 0.350916
-0.0402819 0.0554118 -0.159443
0.0513348 0.116408 0.877776
0.114967 0.118702 0.0837786
0.0683384 -0.11625 0.642251
-0.0402819 -0.0901808 0.102219
0.074535 -0.151829 -0.452652
0.0237333 0.151986 0.976604
-0.0402819 0.0855682 -0.507677
0.0696596 -0.151829 0.302161
-0.0402819 -0.0633423 0.385529
-0.0303291 -0.115319 0.643724
0.0177015 0.151986 0.146052
-0.0173283 0.151986 -0.688473
-0.0402819 -0.0484784 0.194989
-0.0234979 -0.151829 -0.893498
0.0754245 0.151986 -0.336755
-0.0402819 -0.0643522 0.883156
-0.0402819 0.0133745 -0.854853
0.119563 -0.122264 -0.576852
-0.0402819 0.0695493 0.364522
-0.0718626 0.0339414 -0.115255
0.0322763 0.151986 0.0593622
-0.0402819 -0.0298528 0.662555
-0.0718626 0.0139021 0.0270227
0.00794391 -0.11625 0.584991
0.0968073 0.116408 0.826088
0.0442653 0.116408 0.581422
-0.0402819 -0.0608048 0.548404
0.10321 0.116408 -0.761003
0.0660821 -0.11625 -0.675827
-0.0494627 -0.151829 0.0111546
-0.0540862 0.151986 0.850975
0.0533153 -0.151829 0.767906
0.00953645 0.138855 -1
-0.0402819 -0.00540717 -0.505971
-0.00104886 -0.151829 -0.052383
-0.0402819 -0.0914803 -0.940663
-0.0718626 -0.0699476 -0.00371897
0.106732 -0.151829 -0.24171
-0.0402819 -0.0568638 0.290947
0.000748903 -0.11625 0.824901
-0.0718626 -0.151828 0.816697
0.0196864 0.151986 -0.666829
-0.0150324 0.116408 0.544411
0.110606 0.151986 -0.302416
-0.0261206 -0.151829 -0.980512
0.0805476 0.151986 -0.491692
-0.0467992 0.151986 0.258165
-0.0402819 -0.0887491 -0.205694
0.0853374 0.116408 -0.268782
0.0927663 0.116408 -0.0251153
0.032323 -0.151829 -0.336135
-0.0402819 -0.0234497 -0.237661
-0.0102482 -0.11625 0.0266947
0.0959636 0.116408 -0.0672242
0.0767398 -0.11625 0.372854
-0.0718626 -0.00230548 0.296307
-0.00654583 0.151986 0.6934
-0.0402819 -0.0958639 -0.372396
-0.0402819 0.0130829 0.262663
-0.0618877 -0.151829 0.599597
0.06693 0.116408 0.0172438
-0.0402819 0.0128206 -0.152655
-0.0718626 -0.076984 -0.979178
0.0284397 0.116408 -0.596047
0.0961959 -0.11625 -0.620804
-0.0718626 0.0220994 0.259092
0.00156808 0.116408 0.685647
-0.0402819 0.0348798 0.221769
-0.0173601 0.151986 -0.488455
0.107876 -0.151829 -0.207768
-0.0227322 0.116408 -0.434968
-0.0609626 -0.151829 0.349187
0.077774 -0.151829 0.956984
-0.0718626 0.0515868 -0.0705944
0.0124257 -0.151829 -0.891015
-0.0262754 0.116362 -0.0725049
-0.0718626 -0.00787515 -0.439001
-0.0112504 0.116408 -0.5997
0.122804 0.127738 0.556021
0.0631442 0.116408 0.326591
-0.0718626 -0.125652 0.647723
-0.0402819 -0.0581425 -0.459873
0.0688341 -0.151829 0.23571
0.0577907 0.151986 -0.847257
0.000120108 -0.151829 -0.139917
0.0351422 -0.11625 -0.225582
-0.0402819 -0.0566984 -0.365848
-0.0718626 -0.012236 -0.340461
-0.0718626 -0.0390678 -0.443957
0.0271078 -0.11625 0.647674
0.124018 0.139465 0.305265
-0.0395712 -0.105652 0.384355
0.0858511 -0.151829 0.638817
0.124018 0.143156 0.432876
-0.0718626 -0.0347339 -0.703037
0.124018 0.140354 0.228105
-0.0560808 0.151986 -0.951797
-0.0718626 0.132106 0.993719
0.0781199 -0.151829 -0.00380857
-0.0402819 0.0311152 0.601164
0.0275771 -0.11625 -0.32765
-0.0402819 0.0420401 0.859286
0.0846208 -0.151829 0.125492
0.0412427 0.151986 -0.667442
0.0201227 0.151986 -0.556067
-0.0718626 0.0675995 -0.898493
0.11789 0.120763 -0.66942
-0.0718626 -0.088952 -0.934109
-0.0123554 0.151986 0.149971
-0.0718626 -0.11982 0.592455
-0.0718626 0.000300947 -0.318473
-0.0402819 0.0100202 0.401482
-0.065794 -0.151829 0.173424
-0.0718626 0.0407542 -0.780609
-0.0402819 -0.0609275 0.170429
-0.0718626 -0.151209 0.897084
0.0108644 -0.151829 0.204178
0.0719391 -0.151829 0.410619
-0.0237242 0.151986 0.0456075
0.0843277 0.136432 0.998782
0.112512 0.151986 0.742928
-0.0718626 -0.061678 0.238113
-0.0402203 -0.102426 0.344491
-0.0718626 -0.0958437 -0.459196
-0.0718626 -0.0101414 0.359863
0.0928588 0.151986 0.701944
-0.0202695 -0.151829 0.965142
-0.0271237 -0.116114 -0.915944
-0.0402819 0.028172 0.833968
-0.0416142 0.151986 0.94517
0.0554168 0.151986 0.580829
0.0853364 0.151986 0.825881
0.0888951 -0.151829 0.978115
-0.0718626 0.0196364 0.400097
0.0757086 0.116408 0.144431
-0.0321369 0.151986 -0.230373
-0.0575714 0.151986 0.503426
-0.0231323 0.151986 0.505453
0.115373 -0.11878 -0.384732
-0.0718626 -0.0717905 -0.0887538
0.0898596 -0.11625 0.489824
-0.0339758 -0.113381 -0.648873
-0.0402819 -0.0409962 -0.754084
0.0939278 0.116408 0.0503931
0.114015 -0.151829 -0.398665
0.124004 -0.133324 -0.357389
-0.0718626 -0.0648691 -0.039311
-0.0402819 -0.0445733 -0.129065
-0.0424724 -0.151829 -0.159102
-0.0718626 -0.105297 -0.132837
0.109582 -0.151829 -0.171
0.00858977 -0.11625 0.433289
-0.0402819 0.0911466 -0.55829
-0.0402819 -0.0782589 0.00338691
-0.0144966 0.151986 0.716859
-0.0718626 -0.148262 -0.493034
-0.0402819 -0.0874077 0.297199
-0.0718626 0.101509 -0.368066
0.07965 0.116408 -0.818369
0.0211899 0.116408 -0.985699
-0.0718626 -0.117111 0.406854
0.0645037 0.116408 -0.748122
-0.0402819 -0.0899926 0.186776
-0.0718626 0.00152 0.704609
0.0190834 0.151986 0.811832
-0.0718626 -0.0697408 0.490114
-0.0402819 -0.0317201 -0.360658
0.104988 0.116408 0.154255
-0.0718626 -0.0121178 -0.94159
-0.0402819 -0.0977516 0.945331
0.0578544 -0.11625 0.306809
-0.00501616 -0.151829 -0.512496
0.0953472 -0.151829 -0.0534916
-0.0718626 -0.131167 -0.697323
-0.0718626 0.0175943 -0.0836378
0.0210838 0.116408 -0.138066
-0.0718626 -0.120158 0.0886563
0.0707132 -0.151829 0.0838839
-0.0718626 -0.0457415 0.0284204
0.0546212 0.116408 -0.625221
-0.00374551 0.151986 0.215985
-0.00168998 -0.11625 -0.160505
0.011202 -0.11625 -0.442112
0.103104 -0.11625 -0.0404683
-0.0718626 -0.0184534 0.903332
0.0274878 -0.11625 0.622981
-0.013746 -0.151829 0.531158
0.0271275 0.116408 0.936527
0.0793902 -0.151829 0.465699
-0.0402819 0.0613986 0.890102
-0.0718626 -0.120652 0.837012
-0.0402819 -0.078864 -0.264971
0.100674 -0.11625 -0.671327
-0.0718626 -0.0336178 0.515675
0.108813 0.151986 0.880423
0.0475885 0.151986 -0.982196
0.0831868 0.116408 -0.45558
0.123522 -0.129869 0.609306
0.0483114 -0.11625 0.0655878
0.0619789 -0.11625 -0.64595
-0.0402819 0.0454332 -0.949875
0.0518571 0.116408 0.488496
0.0423303 -0.151829 0.25814
0.123437 -0.129528 -0.686074
0.00966294 -0.11625 -0.735807
-0.0400456 -0.103728 -0.0983862
-0.0459225 0.151986 -0.354209
-0.0718626 -0.0683822 0.195795
0.0213885 -0.151829 -0.820609
-0.0718626 0.0737188 0.723356
-0.0302378 0.115509 -0.662942
-0.0402819 -0.0230995 -0.435332
-0.0303681 -0.115304 -0.817989
-0.068863 0.151986 -0.289093
-0.0247536 -0.11625 0.249277
0.00429486 0.151986 0.377929
-0.0561287 0.151986 -0.865627
0.123724 -0.130817 0.891247
-0.00922786 0.116408 -0.806037
-0.0718626 -0.0521374 -0.666079
-0.0134791 0.116408 0.15862
-0.0325905 0.114428 -0.168626
0.0468902 -0.11625 0.735994
-0.0402819 0.0951372 0.819539
-0.0402819 0.0323689 0.479653
0.0157603 -0.151829 -0.016089
0.00776859 0.151986 0.73257
-0.0402819 0.0250656 0.638936
0.08929 -0.151829 0.885334
-0.0718626 0.07942 0.369726
-0.0402819 0.0706909 -0.817431
-0.0402819 0.040705 -0.75445
0.0752305 -0.11625 0.595895
-0.0718626 -0.124761 -0.195956
0.103571 0.151986 -0.747014
0.0710689 0.151986 -0.896651
-0.0389515 -0.151829 0.0434487
-0.0718626 0.111814 0.658407
-0.0718626 -0.0223137 0.745884
-0.0402819 -0.0844041 -0.767774
-0.0220488 -0.11625 0.305542
-0.0718626 -0.0627692 0.910357
-0.040241 0.102331 -0.46935
-0.0718626 0.000174396 -0.169603
0.0985403 -0.11625 -0.211764
0.0148584 -0.151829 0.183577
-0.0402819 0.0932183 0.0840783
0.0483296 0.151986 -0.804977
0.0496428 -0.11625 -0.774528
0.108857 -0.151829 0.283372
0.0170746 -0.151829 -0.713046
0.00800807 -0.151829 -0.578322
0.113994 -0.151829 0.581549
0.00112854 -0.11625 -0.0481882
-0.0718626 -0.101307 0.377811
0.0864273 0.116408 0.338583
-0.0718626 0.141797 -0.0378879
-0.0515684 -0.151829 -0.101297
0.0301091 0.151986 0.268061
-0.0718626 0.0707161 -0.94861
-0.0402819 0.00495717 -0.93291
0.0855706 0.116408 0.539406
0.0443406 0.116408 -0.909867
0.10191 -0.151829 0.0286822
-0.0718626 -0.0285754 -0.194684
-0.0718626 -0.115808 -0.877407
0.124018 -0.148398 0.908508
-0.0718626 0.00401065 0.272262
-0.0402819 0.0194134 -0.176997
-0.0718626 -0.0889693 -0.705731
-0.0718626 -0.0467617 0.492062
-0.0718626 -0.0214009 -0.740063
0.105017 -0.151829 -0.423483
0.0195067 0.116408 0.261709
-0.0402819 0.0157909 -0.31035
-0.0340487 0.151986 -0.473094
0.124018 0.145558 -0.577965
-0.0557694 0.151986 -0.7765
-0.0327993 0.114307 -0.502843
-0.0284008 -0.151829 0.653057
-0.0402819 -0.0982445 0.711919
-0.0718626 -0.0294573 0.92593
-0.0402819 -0.0550527 -0.431271
0.0936873 -0.11625 0.720603
-0.0718626 0.0500107 0.0126725
0.0621069 -0.151829 -0.98333
0.07371 -0.11625 -0.748529
-0.0718626 0.134906 0.0977598
0.0108785 0.151986 0.835263
0.0186327 0.151986 0.489637
-0.0718626 -0.0742647 0.841109
-0.0718626 -0.104452 0.769452
-0.0402819 0.0492647 -0.835842
-0.0718626 -0.0998078 0.492332
0.00766668 -0.151829 -0.85917
-0.0154165 0.151986 0.287223
0.117562 0.151986 -0.853154
-0.0339671 0.113545 0.687034
-0.0718626 -0.131744 0.919522
-0.0718626 -0.02997 -0.381178
0.0127325 0.116408 0.469857
-0.0402819 -0.0233982 0.376675
0.0327587 -0.151829 -0.947533
0.0422664 0.116408 -0.952266
-0.0718626 0.113118 -0.53168
0.0603077 0.116408 0.846509
-0.0718626 0.142611 0.877693
-0.0402819 0.0119114 -0.642826
-0.038846 0.107664 -0.874229
-0.0718626 -0.108889 -0.742859
0.0461625 0.151986 0.369367
-0.00340145 -0.11625 -0.240051
0.111779 -0.117139 0.529076
-0.0141703 -0.11625 -0.858758
-0.0718626 0.0345629 -0.9199
-0.00961213 0.116408 -0.383631
0.0737185 -0.11625 0.174557
-0.0402819 -0.0141816 -0.120584
-0.0718626 -0.140287 0.385574
-0.0161086 0.116408 -0.984529
0.0272124 0.116408 -0.291662
-0.0402819 -0.0516168 -0.191613
-0.0341091 -0.113284 -0.846505
-0.0402819 0.0888134 0.465473
0.00943748 0.116408 0.8836
-0.0226643 -0.11625 -0.594119
0.0705138 -0.151829 -0.159731
-0.0718626 0.114266 -0.0724547
0.0832496 0.116408 -0.336285
-0.0718626 0.0721851 -0.747171
-0.0718626 -0.0968793 0.0991483
-0.0402819 0.0445096 0.415904
-0.0718626 0.0994197 0.296708
-0.0402819 -0.0572265 0.498956
0.0987297 -0.11625 0.18959
-0.0402819 -0.0884045 -0.898094
-0.00397102 0.116408 -0.425522
-0.0402819 0.0407479 -0.227795
-0.0718626 -0.0979062 -0.375992
0.0911831 -0.11625 0.875056
-0.0202538 -0.11625 0.497694
0.0413731 -0.11625 -0.89862
-0.0718626 -0.0906022 0.219749
0.124018 -0.13572 -0.236378
-0.0402819 0.0113225 -0.0229142
-0.0402819 0.0702777 -0.298207
-0.0402819 0.0914876 -0.421384
0.00611456 -0.11625 -0.0118381
-0.0718626 0.0399945 0.842854
-0.0718626 0.0331523 0.0481897
0.0279013 -0.151829 0.129724
0.0463674 -0.11625 -0.574221
-0.0718626 -0.0423231 0.177032
-0.0718626 -0.132094 -0.515161
-0.0402819 0.0320004 -0.704582
0.0467218 -0.151829 0.676002
0.0113871 -0.151829 -0.675562
-0.00391407 -0.151829 -0.659782
-0.0706376 -0.151829 -0.966112
0.107144 -0.116274 -0.113928
-0.0556781 -0.151829 0.785858
-0.0718626 -0.059006 -0.364326
-0.0402819 -0.00353798 0.822352
-0.0238603 0.151986 -0.513985
-0.0718626 -0.0736682 0.415279
-0.0402819 0.0581609 0.492051
-0.0402819 -0.0600382 0.267934
0.0141178 0.116408 -0.459367
0.0530008 0.116408 -0.495237
0.0477522 -0.151829 -0.0330721
-0.0402819 -0.02073 0.436388
-0.0576417 -0.151829 0.504436
-0.0718626 -0.0108804 -0.666627
0.0369623 -0.11625 -0.414349
-0.0718626 0.142357 0.572064
-0.0718626 0.143048 0.696646
-0.0718626 -0.149298 -0.591426
-0.0718626 -0.0254569 -0.552227
-0.0402819 0.0778277 -0.148264
-0.0190725 0.116408 0.477152
0.0605012 -0.151829 0.921842
-0.0718626 0.0493117 -0.176972
-0.0718626 -0.148867 -0.243793
-0.0402819 0.0857059 -0.868204
-0.0161138 -0.151829 0.296225
0.0504375 0.116408 0.078782
0.018996 -0.151829 0.729514
0.0154232 0.151986 -0.470548
-0.0137968 0.151986 0.0778185
-0.0718626 0.0217638 0.361926
-0.0579239 0.151986 0.0153001
-0.0718626 0.138936 0.162754
0.124018 -0.151823 -0.781037
-0.036482 -0.151829 -0.225136
-0.0111521 0.151986 -0.534393
-0.0386683 0.10803 0.121077
-0.0718626 -0.0417323 -0.909399
-0.0718626 0.0499921 -0.452854
-0.0608732 0.151986 -0.142118
-0.0402819 0.0536997 -0.488398
-0.0397049 -0.105207 -0.802722
-0.0605598 0.151986 0.0562672
0.107542 0.116456 -0.403408
0.11867 -0.121324 -0.261335
-2.05186e-05 0.151986 -0.253196
0.0937323 -0.11625 -0.812595
0.0138895 -0.151829 0.4313
-0.0268314 0.151986 0.352751
-0.030934 -0.151829 0.892719
-0.0402819 0.0622783 -0.722894
0.016057 -0.151829 0.651686
0.0919635 0.116408 0.361072
-0.00582801 -0.11625 -0.924815
-0.0718626 0.0883529 -0.193427
0.0802795 0.116408 -0.105814
0.0200731 0.116408 -0.546236
0.0266246 -0.151829 -0.301656
0.124018 0.141714 0.512303
-0.0597435 0.151986 -0.335784
-0.0327414 -0.151829 0.138397
0.099372 -0.151829 -0.189681
0.124018 0.147654 0.37885
-0.0451896 0.151986 0.780888
0.0606436 0.116408 -0.44774
0.0387907 -0.151829 0.331674
-0.0399896 0.104183 0.274697
0.0933094 0.151986 -0.555928
-0.0179554 0.116408 0.0632262
-0.0402819 -0.0779627 0.847022
-0.0402819 -0.100264 -0.919695
0.0296044 0.151986 0.670651
-0.0337587 0.151986 0.225871
-0.050444 -0.13369 -1
-0.0718626 -0.0249018 0.63126
-0.0267301 0.116319 0.221764
-0.0718626 0.10876 0.786378
0.0821048 -0.151829 -0.926499
0.104429 -0.151829 -0.881302
-0.0718626 -0.131924 -0.945998
-0.00807646 -0.151829 -0.331012
-0.0402819 0.00294228 -0.466468
-0.0718626 -0.00167513 0.207772
0.0711092 0.116408 -0.707033
-0.00393854 -0.151829 -0.0972677
-0.0718626 -0.067201 0.936088
0.0564363 0.151986 0.257734
0.080209 -0.11625 -0.0258005
0.124018 -0.150938 -0.295697
-0.0334694 -0.113731 0.205152
0.0131142 -0.11625 0.520427
-0.0586855 -0.151829 -0.177449
-0.0401054 0.103526 -0.831606
0.11985 0.122755 0.000831179
0.0727006 -0.11625 -0.236528
0.022829 -0.11625 -0.193475
-0.0402819 0.041858 -0.327452
-0.0542328 0.0554506 -1
-0.0712336 -0.151829 -0.386372
-0.0402819 0.0630378 -0.259744
-0.0504765 0.151986 -0.124736
-0.0521897 -0.151829 0.68604
0.0472978 0.116408 -0.319295
-0.0718626 0.0151705 -0.129329
-0.0402819 -0.00854885 -0.150083
-0.0165974 0.151986 0.853776
0.0682357 -0.151829 -0.783329
0.00261557 -0.151829 -0.602529
-0.0402819 -0.0394898 -0.713951
0.0436883 0.151986 -0.199919
0.0898687 0.116408 0.748942
-0.0597887 -0.151829 0.621259
-0.0718626 0.0659318 0.541956
0.066055 0.116408 -0.238884
-0.0402819 0.0486311 0.0648919
0.124018 -0.150371 -0.87453
-0.0718626 -0.0567402 -0.716536
0.0187144 -0.151829 -0.0922491
0.09657 -0.11625 -0.3237
0.0923901 0.151986 0.784114
0.0839127 0.151986 -0.26757
-0.0402819 0.079698 0.388463
-0.0478481 0.151986 -0.809921
-0.0718626 0.0373041 0.869186
-0.0718626 -0.130783 0.876244
0.0991199 -0.11625 0.264388
-0.0590757 -0.151829 -0.929483
-0.015166 0.116408 0.592112
0.0033182 0.116408 -0.89264
0.124018 -0.146967 -0.135215
0.0553873 0.116408 -0.876648
-0.0402819 -0.0581034 0.126439
0.124018 -0.144609 -0.327053
-0.0402819 0.0850465 -0.381509
-0.0402819 0.0473108 0.671844
0.0616202 -0.151829 0.193108
0.100193 -0.151829 -0.556798
-0.0718626 -0.0975382 0.0323137
0.0155868 0.116408 0.390651
0.00815107 0.151986 -0.077195
-0.0402819 0.0491918 -0.651792
-0.0718626 -0.132404 0.00419485
-0.0718626 -0.0171166 0.549559
0.084071 0.151986 0.227856
0.0726465 0.116408 0.225776
-0.0333274 0.151986 -0.596251
0.0288671 -0.11625 -0.731054
0.0988115 -0.151829 0.302403
-0.0187498 -0.11625 0.55264
0.0757652 -0.151829 -0.74129
0.10942 -0.151829 -0.633415
0.093636 -0.11625 0.383014
0.121552 0.12516 -0.281243
0.0594927 -0.151829 -0.108277
-0.0155082 0.151986 -0.863551
-0.0718626 0.0296755 -0.948697
-0.0399973 -0.103986 -0.981851
0.0176137 -0.11625 -0.524222
0.105893 0.151986 0.194211
0.124018 0.138452 0.466057
-0.0718626 0.00680098 -0.397663
-0.0402819 -0.0484445 -0.0587069
-0.0718626 -0.00114485 0.57132
0.0828937 0.138401 -1
0.0965171 -0.151829 -0.0917428
-0.0402819 0.0173126 -0.981539
-0.0402819 0.0731885 -0.89338
0.0422364 -0.11625 -0.632489
-0.0222887 -0.11625 -0.424146
-0.0398822 -0.104521 0.0626198
0.0616823 -0.151829 -0.960441
0.00535957 0.151986 -0.41718
-0.0402819 0.0799656 -0.741862
-0.0407346 -0.151829 -0.87861
-0.0718626 0.0292808 0.656575
-0.0718626 0.0487623 0.800359
-0.0718626 -0.102955 0.553781
-0.0402819 0.0247461 -0.5322
-0.0715507 -0.151829 0.954017
-0.0718626 -0.0713383 0.680411
0.0259503 -0.151829 0.710655
-0.0229272 -0.151829 -0.164048
0.0192584 -0.11625 0.793826
-0.0402819 0.0118294 0.113592
-0.0718626 -0.145805 0.856508
-0.0718626 0.0922755 0.185178
0.119721 -0.151829 -0.914047
0.0474049 0.136493 0.998782
-0.0558949 0.151986 0.346183
0.124018 -0.14987 0.367205
-0.0718626 -0.0283823 -0.229441
-0.0718626 0.0107987 0.724538
0.0743665 0.116408 0.646332
0.0716898 -0.11625 -0.163172
-0.0308378 -0.151829 -0.684237
-0.0718626 0.116666 0.498301
0.0460157 0.151986 -0.273688
-0.0402819 0.0904164 0.159047
-0.0540058 -0.151829 -0.649198
-0.0402819 -0.0964526 -0.436484
0.052384 0.151986 0.524096
0.0852564 -0.151829 0.263671
0.107214 0.151986 -0.102154
-0.0164653 -0.151829 -0.920676
0.0447818 -0.11625 0.0259304
-0.0718626 0.135105 0.290848
-0.0718626 0.0931393 -0.885463
-0.0718626 -0.0396265 0.387253
-0.0718626 -0.0114175 0.850393
0.0762697 0.116408 -0.778649
-0.014581 -0.151829 0.836128
0.109378 0.133436 0.998782
0.0375984 0.116408 -0.379407
-0.0718626 -0.105359 -0.346921
0.0348654 -0.11625 0.319535
-0.0718626 -0.13565 0.478294
-0.0718626 -0.112761 0.943891
0.109304 -0.151829 -0.841819
-0.0320265 0.114732 0.568472
0.0317698 -0.151829 -0.440386
-0.0402819 -0.0202625 0.227238
-0.0718626 -0.106312 -0.30868
-0.0668294 -0.151829 0.465904
-0.0718626 0.132572 -0.935768
-0.0461549 -0.151829 -0.425899
0.0344504 0.116408 -0.00711228
-0.0402819 -0.0267923 0.89469
0.0439395 0.151986 0.202037
-0.0718626 0.0967197 0.250291
-0.0402819 -0.0912641 -0.480344
-0.034862 -0.112691 -0.334025
0.0601112 -0.11625 0.608236
0.121868 0.125719 -0.26109
0.016556 0.151986 -0.703721
-0.0402819 0.0113726 0.335429
0.0547919 0.151986 -0.0412856
-0.0524011 -0.151829 0.710567
-0.0402819 -0.0895407 0.583323
-0.0718626 0.0997374 0.15125
-0.0718626 0.00729943 -0.47234
0.0351959 0.151986 -0.0503131
-0.0402819 -0.098366 -0.524438
0.093964 0.151986 0.363223
-0.0208754 -0.11625 0.741649
-0.0718626 -0.0602699 -0.8029
-0.0718626 0.0177961 0.908945
-0.0718626 0.0595948 0.596871
0.0344886 -0.11625 -0.249768
0.0249849 -0.151829 0.451591
0.0332823 -0.11625 0.586068
-0.0402819 -0.0766685 -0.114241
0.0759611 -0.11625 -0.140042
0.0797604 0.116408 -0.480779
-0.0718626 0.028615 0.494333
0.121404 -0.124758 -0.479417
0.0587091 0.116408 -0.410862
0.0924264 0.151986 0.402613
-0.0402819 0.0109339 -0.0826974
0.0420438 -0.151829 0.583684
-0.0381542 -0.108813 -0.552365
0.124018 0.139843 0.581667
-0.0295482 0.115739 -0.568269
0.104722 -0.151829 0.396898
0.118625 0.121438 -0.471731
-0.0718626 0.0975958 -0.684429
-0.0402819 -0.0201428 0.287555
0.124018 0.150764 0.401485
-0.0229236 0.151986 -0.10142
-0.0718626 -0.00446137 -0.857399
0.0773955 0.151986 -0.654856
0.0262333 -0.151829 -0.77689
-0.0653321 0.151986 -0.103712
-0.0718626 0.113446 -0.713492
0.124018 0.145126 -0.170638
-0.0718626 -0.039325 -0.170415
-0.017081 -0.11625 0.884797
-0.0247763 -0.151829 -0.293339
-0.0718626 0.0439929 -0.739696
-0.0718626 -0.0975166 -0.0710017
0.0940037 -0.11625 -0.504151
-0.0718626 -0.033238 -0.675895
-0.0718626 -0.145396 0.0721016
0.0626083 -0.151313 0.998782
0.0764915 -0.11625 0.449924
0.0844011 0.151986 0.904601
-0.0402819 -0.0570201 -0.389778
-0.00548256 -0.11625 -0.309286
-0.0137346 0.127878 -1
0.0821573 0.151986 0.187168
0.0276261 0.116408 -0.225877
-0.0402819 -0.070716 -0.552686
0.0568791 -0.117325 0.998782
-0.00935145 0.151986 -0.575237
-0.0402819 0.0694276 -0.410405
-0.0402819 0.0481442 0.962759
-0.00852361 0.116408 0.913684
-0.0718626 -0.0543011 -0.624187
-0.0402819 -0.0616154 0.3355
-0.0402819 -0.0720972 -0.940735
-0.0402819 0.00501683 -0.197525
0.0629229 -0.11625 0.804201
-0.0402819 -0.0704652 -0.0798832
0.124018 -0.135509 -0.536631
0.0270661 0.128806 -1
-0.0473814 -0.151829 0.473204
0.0978243 -0.11625 0.898188
0.0210908 0.151986 0.315147
-0.0361236 0.111659 0.411347
-0.00392224 -0.11625 0.784615
-0.0718626 -0.0459973 0.94558
0.00993507 0.151986 -0.34411
-0.00297312 -0.11625 0.620678
0.0253697 0.116408 0.655992
-0.0574274 0.151986 -0.57105
-0.0718626 -0.101106 -0.0227376
-0.0716287 -0.151829 -0.535474
-0.0335756 0.151986 0.965504
0.0424517 0.116408 -0.752043
0.0453368 0.151986 0.735599
-0.00581251 0.116408 0.628972
-0.0402819 -0.0252168 0.933828
0.114039 -0.118057 0.647382
-0.0718626 0.0588926 -0.398095
-0.051534 0.151986 0.313077
-0.0402819 -0.0375986 0.763182
0.0516329 0.151986 0.827336
-0.0718626 0.117267 -0.426879
0.0399262 -0.11625 0.460942
0.0227479 -0.11625 -0.0816448
0.00173917 0.116408 0.662686
-0.0314872 -0.151829 0.8014
-0.0718626 0.0309976 -0.700348
-0.0718626 0.110041 0.918225
-0.0718626 0.0635163 0.161258
-0.0402819 -0.00923708 0.664867
-0.0402819 -0.00800633 0.949175
0.0553869 0.116408 0.609812
-0.0718626 -0.133475 -0.746649
-0.0343326 -0.113116 0.609725
0.102882 -0.11625 0.232194
0.124018 -0.134381 0.329414
-0.0718626 0.127618 0.478085
0.0718753 0.151986 0.489373
-0.0402819 0.0037405 0.91303
0.1085 -0.116396 0.572564
0.124017 0.133978 0.937449
0.0887196 0.151986 -0.934077
-0.0402819 0.0188205 -0.119036
-0.0164492 0.151986 0.478225
-0.0402819 0.00166335 -0.576343
0.0337023 0.116408 0.14597
-0.0718626 0.10801 -0.0167455
0.124018 -0.139331 0.280666
0.0857594 0.151986 -0.451397
-0.0338481 -0.151829 0.0786629
0.0847595 0.116408 0.475448
-0.0718626 0.127469 -0.309662
0.0372419 -0.151829 -0.512409
-0.0564841 0.151986 0.537435
-0.0718626 -0.0797154 -0.479416
-0.0718626 -0.151654 0.320905
0.0748328 -0.11625 -0.919844
-0.0402819 0.0460977 -0.0951128
-0.0164062 -0.11625 0.412357
0.0455058 -0.11625 0.436111
-0.0718626 0.0944018 0.440281
0.00199555 -0.11625 -0.836417
-0.0105267 0.151986 -0.197545
0.0543853 -0.151829 -0.89813
-0.022903 0.151986 -0.391722
-0.0402819 -0.0884541 -0.459779
-0.0718626 -0.103049 -0.230444
-0.0256498 0.151986 -0.35401
-0.0710926 0.151986 0.229122
0.0919104 -0.151829 0.727778
-0.0718626 -0.000994072 -0.980107
0.107681 0.116467 -0.251004
0.0413199 0.151986 0.227564
-0.0718626 0.0268284 0.333707
-0.0563538 -0.151829 -0.727706
0.00397151 0.116408 -0.586067
0.0962078 -0.11625 -0.251573
-0.0718626 0.0686513 -0.367077
-0.0718626 0.0944435 0.980642
-0.0402819 0.0468595 -0.687068
-0.047513 0.109395 -1
-0.0387819 -0.107642 -0.0554213
0.0422515 -0.11625 0.247844
0.123005 -0.128122 0.394684
0.0113209 0.151986 0.886692
-0.0517273 0.151986 0.676783
-0.0718626 -0.0911339 -0.212435
-0.00935717 -0.11625 -0.717885
-0.0402819 -0.0393875 0.828879
0.108249 0.151986 -0.140239
0.00337542 0.151986 0.323331
0.05547 -0.11625 -0.475267
0.0158229 -0.11625 -0.28931
0.124018 0.147406 0.656947
0.0768805 -0.11625 0.920752
0.0365769 -0.151829 0.39432
-0.0718626 -0.0250307 0.813627
0.124018 0.141767 -0.943505
0.0760912 -0.11625 0.126917
0.0521142 0.116408 -0.280704
-0.0718626 0.117103 -0.853697
-0.0718626 0.134405 0.333496
0.0294343 -0.11625 -0.699071
0.00796988 0.116408 -0.745876
0.0692421 -0.151829 0.511208
-0.0221421 0.151986 -0.426837
-0.0270332 0.151986 -0.633519
0.00764908 0.116408 0.0767059
-0.000258834 0.151986 -0.932931
0.085635 -0.151829 -0.125527
0.0127691 -0.11625 -0.483151
-0.0206634 -0.11625 0.119312
-0.00711929 -0.11625 0.722102
-0.0487677 0.151986 0.422523
0.106372 0.151986 0.476028
0.026935 0.151986 -0.817253
-0.0108633 -0.11625 -0.540225
-0.00349616 0.116408 -0.23217
0.0358275 0.151986 -0.352628
0.0695754 -0.151829 -0.637755
0.0175061 -0.11625 -0.119044
0.0777471 0.151986 0.741354
-0.0242034 0.116408 -0.0325978
-0.0718626 -0.0851186 0.457711
-0.0402819 0.0641988 0.655445
-0.0718626 0.0408132 0.284822
0.101981 -0.151829 0.598314
0.103785 0.116408 0.310298
-0.0718626 -0.0644675 0.867229
-0.031175 -0.114979 0.088757
-0.0718626 -0.142509 -0.893582
-0.00601862 0.151986 -0.322777
-0.0484771 0.151986 0.595257
-0.0718626 -0.0671688 0.979706
0.114401 0.151986 0.544438
-0.0718626 -0.106688 0.855802
-0.0718626 -0.0111642 -0.628052
0.124018 0.136973 0.62279
-0.0718626 -0.034212 0.669227
-0.0718626 0.0437274 0.0867168
0.0154157 -0.151829 0.352763
0.121649 -0.125169 -0.892589
-0.0381685 0.108946 0.607327
0.0260687 -0.151829 0.635448
0.0231955 0.151986 -0.851472
-0.0402819 0.0875203 0.666796
0.120424 0.123476 -0.85614
-0.0718626 -0.00849048 0.48404
0.0257252 0.151986 -0.38673
-0.0316617 -0.114756 0.829391
0.0874278 -0.11625 -0.175497
-0.00177288 0.116408 -0.10357
0.0192396 0.151986 0.179205
0.0914121 0.116408 -0.62778
-0.0402819 -0.100733 0.862443
0.0600561 0.116408 -0.102197
0.0583313 -0.11625 0.377746
-0.0402819 0.0588005 0.514042
-0.0718626 -0.150404 0.264361
0.109699 -0.151829 0.549878
0.0420915 -0.151829 0.811806
0.0944448 0.116408 0.561098
0.0182602 0.151986 -0.0234636
0.0853089 0.116408 -0.376081
-0.000974897 -0.151829 0.0459607
-0.0718626 0.00207601 -0.359234
-0.00752918 0.151986 0.183638
-0.00959084 0.151986 0.8904
-0.0718626 0.134516 0.795094
-0.0104267 0.116408 0.0423929
-0.0718626 0.0530434 -0.0125224
-0.0718626 0.0593106 0.301378
-0.0572768 -0.00843402 -1
-0.0224399 0.116408 -0.737283
-0.0402819 0.0941664 -0.192548
-0.0402819 -0.0584284 0.0142492
0.114757 0.151986 -0.904189
0.0926344 0.116408 0.669814
-0.0718626 0.104837 0.741602
0.00920968 0.151986 -0.797981
-0.0402819 0.0136328 -0.380573
-0.0304899 0.115416 0.90533
0.0963981 0.151986 0.0535954
-0.0402819 0.0929368 -0.0214402
0.098598 -0.11625 0.630458
0.0552794 0.116408 -0.644196
-0.0718626 -0.115033 -0.96623
-0.0280765 0.151986 0.247462
-0.0402819 -0.0812076 -0.97972
0.110825 -0.116855 -0.869781
-0.0490578 0.151986 0.0751413
-0.037608 -0.151829 -0.805558
0.109199 -0.1165 -0.343447
0.00177381 -0.151829 -0.179798
-0.0402819 -0.0112612 0.52866
0.104515 0.151986 -0.51682
-0.0260895 -0.151829 -0.663903
-0.0718626 0.103706 0.317448
0.0230096 -0.151829 -0.0563373
-0.0718626 -0.085391 0.721501
-0.0402819 0.0155359 -0.509188
0.0642159 -0.151829 0.792587
-0.0718626 0.0117129 0.982566
-0.0395474 -0.105726 0.168071
-0.0402819 -0.000100896 -0.868316
-0.0563897 0.151986 0.635196
-0.0402819 -0.0419451 -0.244325
-0.0718626 0.0831929 -0.644052
-0.06305 -0.151829 0.113187
0.0977133 0.151986 0.282984
-0.053027 0.151986 0.905495
-0.0718626 -0.108216 -0.500662
0.00363151 0.151986 -0.101885
0.108871 0.151986 0.00300273
-7.61624e-05 -0.151829 0.0975698
0.0130594 -0.151829 0.283902
0.124018 -0.141688 0.718239
0.0475861 0.116408 -0.838747
0.0181408 -0.11625 -0.93679
-0.0718626 -0.115981 -0.601191
0.0876995 -0.151829 -0.648208
0.0205533 0.116408 0.42942
-0.0718626 -0.00595246 -0.296858
-0.0616825 0.151986 -0.0718896
-0.0718626 0.00085639 -0.836561
-0.0402819 -0.0123339 -0.529401
-0.0402819 -0.00753411 -0.605579
0.0479651 -0.11625 0.106647
-0.0718626 0.0892445 -0.560149
-0.0718626 0.0876937 0.479832
-0.0402819 -0.0759776 0.256145
-0.0255165 0.116402 0.288864
-0.0402819 0.0343418 0.381097
0.0289041 0.151986 -0.575
-0.0100014 0.151986 0.257924
-0.0711016 0.151986 0.401047
-0.0718626 0.0826659 0.943694
0.0906298 0.151986 -0.308087
-0.0208692 0.116408 -0.200054
0.0194176 0.151986 -0.169766
-0.0718626 -0.0855552 -0.850847
-0.0718626 0.0154322 -0.716524
0.121555 0.151986 -0.537581
0.124018 -0.137773 -0.9864
0.0835509 0.151986 -0.773089
-0.0718626 0.071741 0.846294
-0.0718626 0.00206423 0.440079
0.104729 0.138246 -1
0.00961213 0.151986 -0.518433
-0.0718626 0.12302 -0.784713
-0.0718626 -0.150272 0.241556
-0.0490623 -0.151829 0.922055
0.0095936 0.151986 -0.682746
-0.0349619 -0.151829 0.240676
-0.0718626 -0.0915476 0.746119
-0.0210145 -0.11625 -0.886538
0.0795652 0.151986 0.866142
-0.0718626 0.0743597 0.92142
0.070559 -0.151829 -0.394257
-0.0342162 -0.113204 -0.780319
-0.0718626 0.134347 -0.629111
0.014169 0.116408 0.165548
0.0516571 -0.151829 -0.734721
0.0258085 -0.11625 0.931817
0.0782464 0.151986 -0.679188
-0.0718626 -0.00989002 -0.566156
0.0705764 -0.11625 -0.0624975
0.109584 -0.11657 0.141489
0.124018 -0.145757 -0.116457
0.092041 -0.151829 0.334646
-0.0284126 -0.151829 0.682898
-0.0131261 -0.11625 -0.628475
-0.0718626 0.0108179 0.801451
0.0440357 -0.11625 -0.0310189
0.00799445 -0.11625 0.0627736
-0.0718626 0.0533279 0.0675814
0.0825065 -0.11625 -0.00235083
0.109485 -0.151829 -0.586844
0.111384 -0.117014 -0.154132
-0.0718626 0.0110739 0.619257
-0.0718626 -0.151447 -0.406556
0.124018 -0.135322 0.437641
-0.0546798 0.0677813 0.998782
0.0998353 -0.11625 0.415359
-0.0718626 -0.0770113 -0.892467
-0.0718626 0.0566039 -0.985959
0.11943 0.122272 -0.0334658
-0.0569316 -0.151829 0.653834
-0.0718626 0.135964 0.761064
-0.0718626 -0.139605 -0.0873359
-0.0718626 0.0185866 0.118521
0.124018 0.147469 -0.82542
0.113011 -0.151829 0.810992
-0.0718626 0.0665683 -0.10918
0.0731185 0.151986 0.455437
-0.0402819 0.065704 0.4535
0.124018 0.134084 -0.318956
-0.0718626 0.131906 -0.685527
-0.0718626 0.123729 -0.0890623
-0.0402819 0.098997 0.507016
0.0647564 0.116408 -0.306762
-0.0718626 -0.0968521 -0.277419
-0.0718626 -0.0350616 0.851506
-0.0718626 -0.111194 0.987016
-0.0718626 0.148776 -0.200167
-0.0402819 0.0197798 0.417447
0.082337 -0.11625 0.834548
0.00783203 0.116408 -0.919087
-0.0402819 -0.0750659 0.958277
0.116526 -0.119534 0.0447189
-0.0402819 0.00955591 -0.684388
-0.056494 -0.151829 0.0809076
-0.0534406 -0.0658657 -1
-0.0718626 -0.0794651 0.389943
0.100265 0.116408 -0.00219748
-0.0234381 -0.11625 0.923399
-0.0718626 -0.102944 -0.768363
0.0818188 0.151986 0.12098
-0.0718297 -0.151829 -0.823334
-0.0402819 -0.0229917 0.81993
0.124018 -0.134732 0.0785201
-0.028859 -0.115776 -0.742098
-0.0402819 -0.0729262 0.465936
-0.0718626 0.0252074 -0.331457
-0.0718626 0.0982367 -0.956241
-0.0718626 -0.130089 -0.560234
0.118351 0.151986 -0.649798
0.0462798 -0.151829 0.0229239
-0.0718626 0.106215 0.460602
-0.0361698 0.151986 -0.161739
-0.0264301 0.116349 0.494661
0.0944498 -0.151829 0.934316
-0.0360735 -0.111555 -0.362803
0.0806096 0.151986 -0.87364
0.0255376 0.116408 -0.344897
0.0967994 0.151986 -0.846911
-0.0402819 -0.0294072 0.63092
0.0137861 -0.11625 -0.602501
0.0507374 0.116408 -0.803971
0.123929 -0.132257 -0.431551
-0.0718626 -0.0365194 0.559298
-0.0235923 -0.11625 0.387073
-0.0718626 -0.025573 -0.0384722
-0.0718626 -0.129814 0.526615
0.108111 -0.11635 0.106632
-0.024535 0.151986 0.878227
-0.00283373 -0.11625 0.917163
0.0468308 0.151986 0.485491
0.0867038 0.116408 -0.910486
0.0195752 -0.151829 -0.370084
0.00599972 -0.151829 0.491961
-0.0401732 0.103031 0.211464
-0.0402819 -0.0819636 -0.245824
0.100714 -0.11625 0.66644
-0.0402819 0.0966265 -0.169316
0.0322707 0.151986 -0.432883
-0.0399055 0.104578 0.0317207
-0.0718626 -0.0334734 -0.810845
0.053775 0.116408 -0.137104
0.0930776 -0.151829 -0.850882
-0.0718626 0.0700216 -0.293607
-0.0182228 -0.11625 0.814857
0.0849887 0.116408 -0.223322
0.124018 -0.151425 -0.602267
0.124018 0.141594 -0.133101
0.106955 0.151986 0.499709
-0.0402819 0.00149175 0.488208
-0.0402819 -0.0163855 0.495763
-0.0402819 0.00629856 0.193164
-0.0718626 0.0443574 -0.528292
-0.0402819 0.0686646 0.29275
-0.0718626 -0.127332 0.212265
-0.0718626 0.111698 0.537239
-0.0718626 -0.0653969 0.312023
0.0914083 -0.151829 -0.315238
0.124018 0.143221 0.828207
0.00719817 -0.11625 0.183612
-0.0289517 0.115909 0.735858
-0.0363693 0.111394 0.771167
0.103437 0.151986 -0.810453
-0.0718626 0.111369 -0.805296
-0.0402819 -0.0677427 -0.707264
-0.0271338 -0.116112 -0.00348699
-0.0718626 0.0338382 0.454138
-0.0718626 0.0512513 -0.885676
0.122268 0.126502 -0.520657
-0.0402819 -0.0833767 -0.336933
-0.0718626 0.105071 -0.114922
-0.0718626 -0.0214223 0.237416
0.121658 0.125343 0.152607
-0.0519387 0.151986 -0.533569
-0.0402819 0.0604142 0.347515
-0.0264295 0.116349 -0.84184
-0.0513212 0.151986 -0.224051
0.0213483 0.151986 -0.592997
0.00561832 -0.11625 -0.645683
-0.00633224 0.116408 -0.351411
-0.0402819 -0.0522053 0.228449
-0.0402819 -0.0284985 -0.951761
0.104594 0.116408 0.800269
0.124018 -0.141255 -0.206421
-0.0718626 0.0125267 -0.647034
-0.0718626 -0.0721187 -0.7634
0.124018 0.144079 -0.22832
-0.0402819 0.0686654 0.141363
-0.0718626 -0.0482648 0.370912
-0.0402819 0.0895704 0.197066
-0.0540116 -0.151829 -0.557955
-0.0402819 -0.0683489 0.90266
0.0798219 -0.11625 0.79674
-0.0718626 -0.087419 0.592549
-0.0718626 0.0491481 -0.647424
-0.0402819 0.0411072 -0.914698
0.0757458 0.116408 0.0593038
0.0626655 0.116408 -0.54048
-0.011164 0.151986 0.662847
-0.0459129 -0.151829 0.82581
0.114642 -0.118365 -0.960829
-0.00607307 -0.11625 0.527889
-0.0718626 -0.0797027 -0.832948
-0.0402819 -0.0387713 -0.401275
-0.0718626 0.081862 -0.509668
0.123011 -0.128139 -0.630241
0.032793 -0.151829 -0.670473
0.0450758 -0.151829 0.000141527
0.0940085 -0.11625 -0.770993
0.0690869 0.151986 0.643216
-0.0718626 0.0267854 -0.990905
-0.0607978 -0.151829 0.13497
0.104631 -0.151829 0.67767
0.0878949 0.151986 0.421292
-0.0718626 -0.137176 0.410837
-0.0718626 -0.00572656 0.0358779
-0.0402819 0.0866307 0.631415
-0.0402819 0.0267391 -0.589322
-0.0718626 -0.147287 0.0184939
-0.0718626 -0.0467576 -0.561216
-0.021509 -0.151829 -0.854654
-0.0718626 0.0979745 -0.395918
0.0585179 0.151986 0.789446
-0.0718626 0.104564 0.941596
-0.0718626 0.14365 0.442443
-0.0718626 -0.113509 0.272778
-0.0718626 -0.0503981 0.532057
-0.0402819 -0.0123328 -0.191378
-0.0558904 -0.151829 0.564357
-0.0718626 -0.0551465 0.727953
-0.0633119 0.151986 0.365891
-0.0718626 0.0156305 -0.00404778
-0.0718626 0.0291336 -0.0479409
-0.0402819 -0.0491103 -0.553262
0.0151401 -0.151829 0.772723
-0.0402819 0.0326898 0.19263
0.122992 0.128242 0.211938
0.121894 -0.151829 0.997814
-0.0718626 0.102143 0.606932
-0.0718626 -0.00540758 -0.227553
-0.0718626 -0.077486 0.272361
-0.0718626 -0.100401 -0.109187
0.0681565 0.151986 0.679815
0.102707 -0.151829 0.351393
0.0484282 0.116408 0.952146
-0.0263603 0.151986 0.572016
0.00748898 0.151986 0.988953
-0.0240921 -0.151829 0.334682
-0.0402819 0.0905619 0.72221
-0.0718626 0.0521054 -0.624151
-0.0401977 0.102814 -0.106899
0.112395 0.117511 0.368515
0.0545456 0.151986 -0.542894
-0.0521468 0.0841323 -1
-0.0402819 -0.0438928 0.316976
-0.0402819 -0.0055714 0.150589
-0.0718626 0.14978 -0.917761
-0.0718626 0.0177731 0.420166
0.11314 -0.151829 -0.0359974
0.0552282 -0.151829 0.719073
-0.0304069 0.151986 -0.118247
-0.0289749 0.115903 0.87932
-0.0209666 -0.151829 0.859448
0.116508 0.119678 -0.170955
0.0753748 -0.151829 -0.416973
-0.0718626 0.0595074 0.212962
0.00481515 0.116408 -0.863263
0.107593 0.151986 -0.274102
-0.0718626 0.0461115 -0.19651
-0.0718626 -0.129433 0.316844
-0.0402819 -0.0187188 -0.342296
0.0343192 -0.151829 -0.549585
-0.0718626 0.125288 -0.460792
0.10672 0.151986 0.153785
-0.0718626 -0.0840046 0.879548
0.0143848 0.116408 -0.018931
-0.0718626 0.0713912 0.559409
-0.0361104 -0.111516 0.848275
-0.0104031 0.116408 0.135488
0.0486967 0.151986 0.692062
0.0510649 0.116408 0.341605
0.120698 0.151986 -0.028618
-0.0488317 0.147641 0.998782
0.0603999 0.116408 0.916281
0.0705178 -0.11625 0.238031
-0.0402819 -0.0874084 -0.0572937
-0.033314 -0.151829 -0.314116
-0.0718626 -0.0344233 0.0729897
0.0112409 -0.11625 0.683143
-0.0194771 0.116408 -0.946387
-0.00357477 0.151986 -0.614335
-0.0718626 0.0297266 -0.817907
-0.0718626 -0.0500081 -0.769608
0.0510483 -0.151829 0.981888
-0.00574717 0.116408 -0.525239
0.0867128 -0.134508 0.998782
0.116193 0.11946 -0.199272
0.0653879 -0.11625 0.432338
-0.0718626 0.117724 0.760917
0.0674793 -0.151829 -0.360284
-0.0718626 -0.0914796 0.630502
-0.0718626 -0.104979 0.664111
0.0198508 0.116408 0.0171544
-0.0536352 0.151986 0.382338
-0.0402819 -0.00336808 0.759413
0.121376 -0.151829 -0.369668
0.0535614 -0.151829 -0.4626
-0.0395449 -0.105734 -0.701568
0.103701 0.151986 -0.700562
-0.0718626 0.0642593 0.466755
-0.0402819 0.0417231 0.821247
-0.0402819 0.079027 -0.980713
0.0287884 0.151986 -0.228121
-0.0402819 0.0254353 0.773878
-0.0547363 -0.151829 0.22649
-0.0402819 -0.0565365 -0.485115
0.108764 0.116589 -0.531338
-0.0718626 -0.143754 0.750444
0.0318072 -0.151829 -0.743668
0.0519272 0.151986 -0.250086
-0.0718626 -0.0292539 0.70638
0.087059 -0.151829 -0.521379
-0.00106106 0.151986 -0.983997
0.124014 0.133838 -0.433076
0.0395752 -0.151829 0.745691
0.113471 -0.117791 -0.803109
-0.0154581 0.151986 0.0206396
0.0793149 0.151986 -0.797524
-0.0402819 -0.0976679 0.409878
-0.0718626 0.0630231 -0.500969
-0.0402819 -0.0540738 -0.643291
0.119791 0.122685 0.0253207
0.0852854 -0.11625 0.404492
-0.0718626 -0.0834151 -0.336388
-0.0718626 -0.102997 -0.420841
0.096018 0.116408 0.919761
0.077164 -0.151829 -0.282872
-0.0402819 -0.0483225 0.574043
0.104246 0.151986 0.633718
0.058233 -0.11625 -0.709511
-0.0718626 0.0204832 -0.172102
-0.0304174 -0.151829 -0.392693
-0.0402819 -0.00553713 0.262787
-0.0402819 -0.0209342 -0.375234
0.0407787 -0.11625 0.405117
0.0105659 0.116408 -0.651696
-0.0547752 0.0282753 0.998782
-0.0288694 -0.115773 -0.040736
0.0794008 -0.151829 0.569289
-0.0402819 -0.0932791 0.123799
-0.0718626 0.0126292 0.821464
0.105284 0.151986 0.76765
-0.0376305 0.151986 -0.771025
0.103736 0.116408 -0.68646
-0.0402819 0.0671699 -0.0427544
-0.0718626 -0.072033 -0.148826
0.100234 0.151986 -0.76481
0.0787995 -0.151829 0.018976
0.124018 -0.13676 -0.399471
-0.0402819 0.0416206 0.877385
-0.0402819 -0.0123354 -0.0236805
-0.0718626 -0.0897383 -0.2478
0.0320091 0.151986 -0.972318
-0.0145431 0.151986 0.793574
0.0945876 -0.11625 0.0664283
-0.0718626 -0.0372933 0.425823
-0.00526419 0.151986 -0.065059
0.111695 0.151986 0.0765442
0.0351943 0.116408 -0.522202
-0.0718626 -0.0781105 -0.640552
-0.0718626 -0.0634882 0.784195
0.106412 -0.151829 0.18303
0.124018 -0.139202 0.928639
-0.0718626 -0.0389314 -0.744482
0.0737088 0.151986 -0.627732
0.0040673 0.116408 -0.562996
0.0730512 0.116408 0.605993
0.104557 -0.151829 0.908684
-0.0718626 0.139302 -0.744367
-0.0402819 0.0716602 -0.486444
-0.0402819 -0.0825279 -0.398659
-0.0718626 -0.0627728 0.048348
0.123844 -0.151829 -0.959033
-0.0718626 0.092523 0.209815
-0.0402819 -0.026127 -0.790449
0.108247 0.151986 0.303537
0.0803128 -0.151829 0.995121
0.0868669 0.116408 -0.851272
-0.0402819 0.0721504 0.094576
0.0418665 0.151986 0.863793
0.0198745 0.151986 -0.632321
-0.0718626 -0.0345357 -0.152784
-0.0402819 -0.0865124 0.564156
-0.0718626 -0.0171854 -0.475287
-0.0402819 0.0989633 -0.576856
-0.0718626 0.00341976 0.329007
0.00803826 0.116408 0.970932
0.0576204 -0.11625 -0.970948
0.124018 0.150422 -0.613157
0.043985 0.116408 -0.692246
-0.0402819 -0.0904163 0.887115
-0.0402819 0.0283698 0.744305
0.124018 0.1407 0.709423
-0.0101514 -0.151829 -0.623249
0.030954 0.116408 0.223162
-0.0234085 0.151986 0.0932302
0.112748 0.117646 0.838938
-0.00839835 -0.151829 -0.259252
-0.0718626 0.0449514 -0.564095
0.00851221 -0.151829 0.00922425
-0.0402819 0.0360181 0.348442
-0.0213196 -0.151829 0.372646
-0.0718626 0.0136821 -0.868229
0.0159074 0.116408 0.492873
0.0447771 0.151986 -0.502784
-0.0279463 -0.11598 0.974535
0.0710274 -0.11625 -0.860131
-0.0718626 -0.0683211 -0.442629
0.124018 -0.150692 -0.518626
-0.0718626 -0.00248083 -0.925413
-0.0402819 0.0430027 0.0395493
0.00511479 0.116408 -0.317153
-0.0402819 -0.0261947 0.324814
-0.03025 -0.115348 -0.407811
-0.00156937 0.116408 -0.618953
-0.0402819 -0.0207178 -0.0724063
-0.0718626 0.0559509 -0.282427
-0.0402819 0.0102917 -0.819763
0.0905483 0.151986 -0.0330995
-0.0718626 -0.0533366 0.607739
-0.0189374 -0.151829 -0.0157172
0.00603694 0.116408 0.106012
-0.0613998 -0.151829 -0.859049
-0.0402819 0.0813014 -0.232002
0.105822 -0.11625 0.706792
0.115202 0.151986 -0.782149
-0.0402819 -0.0194486 -0.494796
-0.0402819 0.0583235 0.177135
0.00785014 -0.11625 -0.900602
-0.0402819 0.0821493 0.884582
-0.0276312 -0.151829 -0.78022
-0.0718626 -0.0959501 0.335069
-0.0259532 0.116383 -0.458788
0.10524 0.116408 0.329023
-0.0402819 0.0865641 0.953943
-0.0402819 0.0477266 -0.0353607
0.0798502 -0.151829 0.825772
-0.0363427 0.151986 -0.0493703
-0.0718626 0.0896864 -0.469669
-0.0718626 -0.0985296 -0.955263
0.0770336 -0.11625 -0.300983
0.0736134 -0.116735 -1
-0.0718626 -0.0637535 0.753585
-0.0718626 0.106634 -0.221695
-0.0718626 -0.0907638 -0.00633386
-0.0212978 0.116408 -0.552323
-0.0718626 -0.075975 -0.591196
0.107389 0.151986 0.21498
0.001506 -0.11625 -0.960275
-0.0132637 -0.151829 0.706436
0.0616186 -0.11625 -0.0930903
0.0575643 -0.11625 0.955789
-0.0718626 0.149949 -0.556044
0.124018 -0.147723 0.317497
-0.0718626 -0.0194496 0.263868
0.0507975 -0.135102 0.998782
-0.0718626 -0.0924141 -0.563692
0.0945775 -0.151829 0.524186
0.124018 -0.133927 0.498606
0.099341 -0.11625 0.0296482
-0.0402819 0.0129448 0.450249
0.124018 -0.135298 0.803562
-0.0402819 0.0149899 0.798463
-0.0718626 -0.0328714 -0.0708594
-0.0718626 0.0869746 -0.154336
-0.0718626 -0.0905092 -0.797259
0.0877092 -0.11625 0.940655
-0.0718626 -0.0224659 0.88432
0.0220617 0.116408 0.585273
0.0899323 -0.151829 0.709542
0.000137767 -0.11625 -0.089852
0.1066 0.151986 -0.574245
-0.0700198 -0.151829 -0.762033
-0.00131277 0.151986 -0.723568
0.0936324 0.116408 0.032035
-0.0402819 -0.090785 0.363431
-0.0718626 -0.134599 -0.157274
-0.0718626 -0.138799 -0.989569
-0.0718626 0.13297 -0.527115
-0.0402819 0.0632541 0.948153
-0.0718626 0.0985432 0.106882
-0.0282537 0.151986 0.775291
0.0736853 -0.151829 0.550998
-0.0718626 0.038433 0.566859
-0.0718626 -0.0358242 0.139348
0.0893855 -0.11625 -0.685514
-0.0402819 -0.0206264 -0.911187
0.11432 0.118354 -0.805048
0.00438913 0.116408 0.199863
-0.0718626 0.137253 -0.830595
-0.0402819 0.0702919 0.573926
0.0464554 -0.151829 -0.265435
-0.024615 -0.11625 -0.950224
0.0273433 0.151986 0.551784
-0.0718626 0.026245 -0.422202
-0.059451 0.151986 0.199559
-0.0718626 0.103949 -0.242275
0.0807438 0.116408 -0.675835
0.00695651 -0.11625 0.369542
-0.0718626 0.100509 -0.437751
0.110313 0.116883 -0.139948
0.0319827 0.151986 -0.315842
0.106611 0.151986 0.718651
-0.053589 0.151986 -0.681226
0.0280516 -0.11625 0.903077
-0.0131914 -0.151829 0.750159
0.0408526 0.116408 -0.5833
0.0492386 -0.11625 0.144836
-0.0718626 -0.0660705 -0.229642
0.106835 -0.151829 -0.106371
0.121539 -0.124981 0.837159
0.0339423 -0.11625 -0.466583
-0.0098021 -0.11625 0.865271
-0.0718626 0.135513 -0.346136
-0.0718626 0.115751 0.113408
0.00706811 0.151986 0.949585
0.0521413 0.116408 -0.0179744
0.066874 -0.151829 -0.241957
0.10853 0.116557 -0.954583
0.0357821 -0.151829 0.775076
0.0621069 0.151986 0.541326
-0.0546777 -0.151829 -0.272246
-0.0402819 0.087726 -0.849196
0.0742071 0.151986 -0.534298
-0.0402819 0.100606 0.447732
-0.0316297 -0.151829 -0.453695
-0.0402819 -0.00398273 0.0840746
-0.0282939 0.116066 0.658733
0.0428099 0.151986 -0.886857
0.0821346 -0.151829 -0.711531
-0.0402819 0.0235237 -0.421062
0.123099 0.151986 0.844171
-0.0111526 -0.11625 -0.755033
0.0662398 0.151986 0.111475
0.0583043 -0.151829 -0.0712312
0.124018 -0.147877 0.775356
-0.0172176 -0.137084 -1
-0.0257333 0.146449 0.998782
0.0943374 -0.11625 -0.448766
0.10072 0.116408 -0.332641
0.113008 0.11775 0.778991
-0.0402819 -0.0139003 -0.984009
-0.0718626 0.0311909 -0.8555
0.0813368 -0.11625 0.745657
-0.0402819 0.0504865 0.31595
0.0232614 0.116408 0.188108
-0.0718626 -0.134324 -0.107768
-0.0402819 0.0494572 0.152216
-0.0718626 0.0579977 -0.53962
0.110811 0.117008 0.521386
-0.0718626 0.135535 0.95044
-0.0402819 -0.0565482 -0.680517
0.123971 -0.132742 0.297098
-0.0718626 0.0337587 0.222696
-0.0718626 0.00215344 -0.0922965
-0.0718626 -0.0634984 -0.0618087
-0.0402819 -0.0679731 0.724093
-0.0178209 -0.151829 0.77602
-0.0718626 -0.0675692 -0.677218
-0.0718626 0.0584649 -0.773476
0.0628228 0.116408 0.423003
-0.0607669 0.151986 -0.984827
0.0823514 -0.151829 0.493895
-0.0718626 -0.0250469 0.586331
-0.0224252 -0.11625 0.515244
0.0437392 -0.151829 -0.216724
0.0554832 0.116408 0.363956
-0.0142412 -0.151829 0.910912
-0.0558127 0.151986 -0.482294
0.00668369 -0.151829 0.896137
-0.0718626 0.088033 -0.73934
0.124018 0.15144 -0.289043
0.108043 -0.151829 -0.772638
0.0268291 -0.11625 0.2034
-0.0402819 -0.0402504 -0.418873
0.114184 -0.118128 -0.544504
-0.0718626 -0.0627664 -0.47446
-0.0402819 0.00671531 -0.285288
-0.00930386 -0.11625 -0.675094
0.108487 -0.151829 -0.00830206
0.0769835 0.116408 0.85383
0.0752443 -0.116507 0.998782
-0.0696054 -0.151829 -0.142021
-0.0402819 -0.0836743 -0.30027
0.035833 0.116408 -0.717245
0.091003 0.151986 -0.593513
-0.0402819 0.0579795 -0.549316
0.0565687 -0.151829 -0.810916
-0.0402819 -0.0362259 0.354189
-0.0718626 -0.122463 0.125079
0.123843 -0.131553 -0.825766
-0.0718626 0.101343 0.825017
-0.0286451 -0.151829 0.540654
-0.0718626 -0.141074 -0.730754
0.0781149 -0.11625 -0.958165
-0.0718626 0.0526796 0.484142
-0.0402819 -0.0116202 0.852763
0.0131282 0.116408 0.53369
-0.0718626 0.108538 -0.941854
0.0618175 0.116408 -0.854654
-0.0718626 0.145797 0.920568
-0.0402819 0.00277529 -0.836485
-0.0718626 0.0721065 0.0987265
0.074872 0.151986 0.50672
-0.0718626 0.132059 -0.395594
-0.0402819 -0.019641 0.174051
0.0196604 -0.11625 0.289002
-0.0402819 0.0640828 0.913964
-0.0402819 -0.0101515 -0.673023
-0.0718626 -0.0900314 -0.041631
0.0459675 0.151986 0.466064
-0.0371078 0.151986 -0.899105
0.0668973 -0.11625 -0.112269
-0.0718626 0.0281316 -0.385924
-0.0323199 -0.151829 -0.360046
0.0443786 -0.151829 -0.296028
0.0577959 0.151986 0.234791
-0.0718626 0.11038 0.268884
-0.0718626 -0.0175245 -0.535078
0.0351051 -0.11625 -0.0984836
0.0637789 -0.151829 0.0299528
0.122221 0.126406 -0.912885
0.124018 -0.134678 0.20982
-0.0107631 -0.151829 -0.955736
-0.0190494 0.116408 0.976983
0.0418256 -0.151829 0.885376
-0.0042706 -0.11625 -0.797914
0.0631911 0.151986 0.378972
-0.0718626 -0.151315 0.718872
-0.0718626 0.0814147 0.38743
-0.0718626 -0.0614605 0.335281
-0.0402819 -0.029347 0.534958
0.062593 -0.11625 -0.202124
-0.0327109 0.114359 -0.483743
-0.0402819 0.0255265 -0.098433
-0.0718626 0.133454 -0.170429
-0.0718626 -0.0424708 -0.205887
-0.0402819 0.0496145 0.564827
0.000797542 -0.151829 0.782829
0.124018 0.147926 -0.381264
-0.0718626 -0.00962844 0.762744
0.112838 0.117681 0.730091
0.00861834 0.151986 0.782635
0.047388 0.116408 0.713253
0.0649278 0.116408 0.936358
-0.0402819 0.0365977 0.927744
-0.0718626 0.0556018 -0.142196
0.0702265 0.116408 0.196341
0.102947 0.151986 -0.207347
-0.0718626 -0.0576387 -0.173101
-0.0117771 -0.151829 0.929505
0.0670332 -0.151829 0.349475
-0.0402819 0.0961 -0.932814
0.0463362 0.151986 0.0698038
0.0710766 0.116408 0.490292
0.0187887 0.151986 -0.0409658
-0.0402819 0.0853307 -0.311576
0.076421 -0.11625 0.266632
0.0632446 -0.11625 -0.733059
0.0800976 0.116408 -0.940847
-0.0319391 0.151986 -0.559704
0.124016 -0.133769 0.264072
-0.0438473 -0.151829 0.299423
-0.0416471 -0.151829 -0.241854
-0.0296518 -0.151829 0.475511
-0.0173562 0.116408 0.381871
-0.0402819 -0.0150446 -0.637826
0.105882 0.116408 0.216986
-0.0718626 -0.0549111 0.104217
-0.0402819 0.0380725 -0.796446
-0.0718626 0.0729457 -0.67787
0.0757657 -0.151829 0.0561297
0.0597797 0.116408 0.983102
-0.0621462 0.151986 -0.634117
-0.0718626 0.0197487 0.145155
-0.0718626 -0.0823006 0.647051
-0.0402819 -0.101044 -0.0240913
-0.0718626 0.029008 -0.76769
-0.0100755 -0.151829 -0.0673285
0.0110222 -0.151829 0.231248
-0.0718626 0.00287468 -0.208919
-0.0402819 -0.0392302 0.159425
-0.0718626 0.108964 0.391074
-0.0718626 -0.0589458 -0.531546
0.0637364 -0.11625 0.571081
-0.0129424 -0.11625 0.642658
-0.0718626 -0.0829194 -0.738037
0.105138 -0.11625 -0.173648
-0.0402819 -0.0458769 -0.582453
-0.04239 0.151986 0.714183
-0.0402819 -0.0236424 -0.757133
-0.0402819 -0.0181675 -0.397643
0.0163853 0.151986 0.580625
0.0149312 0.116408 -0.686986
-0.0402819 -0.0837357 -0.670383
-0.0090817 0.116408 -0.635902
0.103375 0.151986 -0.628501
0.119348 -0.151829 0.836282
-0.0402819 -0.0509671 0.623834
-0.0718626 -0.113816 0.903547
-0.0718626 0.100535 -0.84112
-0.0718626 0.0873967 -0.922589
0.000343953 -0.11625 -0.197675
-0.0470563 -0.151829 0.39573
0.0631928 0.116408 0.760271
0.018939 -0.151829 -0.156446
-0.0358224 -0.114668 0.998782
-0.0718626 0.138422 0.730379
-0.0402819 0.0097451 0.608611
0.104138 -0.151829 0.0688828
0.0249697 0.116408 0.550892
-0.0718626 0.049225 -0.600301
-0.0402819 -0.0435432 -0.657124
-0.0718626 -0.0351125 0.331275
-0.0369882 0.151986 0.440825
-0.0718626 -0.0421803 -0.930531
0.0341904 0.151986 0.400701
0.078423 -0.151829 0.758621
-0.0402819 0.0829356 -0.079338
0.0704116 0.116408 0.818985
0.124018 -0.143938 -0.716068
-0.0392051 -0.151829 0.996794
-0.00464421 0.116408 -0.712365
-0.0402819 -0.0233972 0.790026
-0.0402819 0.0326131 -0.821267
0.0488344 0.116408 0.521032
0.025771 -0.151829 0.0854121
0.124018 -0.141545 0.0526112
-0.0402819 0.0693391 -0.916641
-0.0402819 -0.0917881 -0.169671
-0.0718626 -0.0887266 0.81503
0.107418 0.116448 -0.589078
-0.0718626 -0.121003 -0.274531
0.0333252 -0.11625 0.757314
0.0411452 0.116408 -0.210688
-0.0402819 -0.0844891 0.63264
-0.0506095 0.151986 0.975281
-0.0718626 -0.106267 0.0640834
-0.0402819 -0.0234211 0.705153
-0.0210798 0.151986 -0.807461
0.124018 -0.136976 0.117147
0.00379811 0.151986 0.112452
0.0156965 0.151986 -0.261016
0.0441485 -0.151829 0.561113
-0.0366313 0.111095 -0.360283
0.11139 -0.117016 0.164373
-0.0529385 -0.151829 0.873666
0.119279 0.151986 0.678496
-0.0245775 -0.11625 0.287684
0.0566708 -0.151829 0.660605
0.124018 0.134727 0.864407
0.00526399 -0.11625 0.317095
-0.0402819 -0.00534461 0.409609
-0.0402819 0.0417984 -0.201083
0.0312163 0.116408 -0.102322
-0.0402819 -0.0500049 -0.208851
-0.0378688 -0.151829 -0.0537119
0.100393 -0.11625 -0.837054
-0.0499681 0.151986 -0.0886257
-0.0402819 0.0636999 -0.454676
-0.0718626 0.0803953 -0.335973
0.0982753 0.116408 0.982608
0.114617 -0.151829 0.943277
0.0653091 -0.151829 -0.321419
-0.0534986 0.151986 -0.302309
0.0741469 0.151986 0.0197823
0.0320602 0.151986 -0.942262
0.0247253 -0.11625 0.0807754
-0.0718626 0.091217 -0.210476
-0.0718626 -0.0616255 -0.952355
-0.0718626 -0.113292 -0.542055
-0.0718626 -0.0455824 -0.596732
-0.0718626 0.131088 0.627555
-0.0718626 0.0220772 0.948486
-0.0718626 0.0793016 0.677771
-0.0718626 -0.0358303 -0.313328
0.0781476 -0.151829 0.181941
0.0367885 0.116408 -0.413315
-0.0402819 -0.09506 -0.615329
0.0938068 -0.151829 -0.222688
-0.0282522 -0.151829 -0.542403
-0.0402819 -0.0223071 0.133137
-0.0402819 -0.0341711 -0.0946726
-0.0402819 0.0976393 0.396089
-0.0718626 -0.0212279 -0.120024
-0.0402819 0.0879273 0.427989
0.110985 0.117055 -0.572194
0.040998 -0.11625 0.685133
-0.0434265 0.151986 -0.446254
0.0142999 -0.151829 0.811747
0.0888687 -0.151829 -0.797907
0.0652435 -0.151829 0.127539
0.0104654 0.151986 0.690487
0.124018 -0.151298 -0.852378
0.072515 -0.151829 -0.551638
0.0339414 0.116408 0.817747
0.0996471 -0.11625 -0.654108
-0.00884971 -0.151829 -0.480503
-0.0718626 0.048894 0.635069
-0.0402819 -0.064156 -0.740882
-0.0718626 -0.134423 -0.410452
0.0568658 0.116408 0.450781
0.0290801 -0.11625 -0.541697
0.0198796 0.116408 0.869883
-0.0718626 0.0807117 0.963704
-0.0718626 0.0983614 0.678267
0.10358 -0.151829 0.491348
-0.0691104 0.151986 0.132433
-0.0402819 -0.0461514 0.390845
-0.0718626 -0.00543396 0.94814
-0.0402819 0.0384503 -0.617786
0.104912 0.116408 -0.884187
0.0729168 -0.151829 -0.219913
-0.0402819 -0.0239658 0.563053
-0.0402819 0.0148618 -0.726612
0.0950585 0.116408 -0.776168
-0.0718626 0.144965 -0.590347
-0.0385472 -0.108109 0.730742
-0.0402819 0.0436632 0.979637
0.078534 -0.151829 0.427866
0.123592 -0.151829 -0.656306
-0.0185053 0.116408 -0.675506
-0.0718626 -0.0312455 -0.8305
-0.0402819 0.0446728 0.712854
-0.0392823 0.106636 0.150192
-0.0402819 0.0337148 -0.345163
-0.0402819 0.0793315 0.0552425
-0.0318448 -0.114667 -0.302063
-0.00149064 0.151986 -0.652611
-0.0402819 -0.0440895 -0.0181244
0.0548377 -0.11625 -0.936089
-0.0402819 0.012926 -0.44917
0.0801218 0.151986 -0.736508
-0.0718626 -0.0333047 0.724773
0.0407366 -0.11625 0.049691
-0.0718626 -0.121543 0.344936
-0.0177984 -0.11625 0.367199
-0.0261694 -0.116212 0.343752
-0.0402819 0.00747688 0.704891
0.0588422 -0.11625 -0.805029
-0.0280544 0.151986 -0.989911
-0.0718626 0.0240112 -0.209063
-0.0402819 -0.0747917 0.532914
0.0401944 0.116408 0.0482657
0.0848124 -0.11625 0.506238
-0.0402819 -0.0481789 0.733522
0.0871778 0.116408 0.016123
-0.0718626 0.0460879 0.933734
-0.0402819 0.084401 -0.799692
-0.0718626 -0.0677647 -0.304392
0.0275085 0.116408 0.715267
-0.0718626 -0.139831 -0.654196
-0.0402819 -0.0937673 -0.112787
-0.049588 -0.151829 -0.839337
0.104997 0.151986 -0.971009
0.0223742 0.151986 -0.282243
-0.0313203 -0.151829 -0.203202
-0.056068 0.151986 0.734737
-0.0402819 -0.0607075 0.106517
0.0827758 0.116408 0.45726
-0.0718626 -0.0559911 -0.985319
-0.0402819 -0.0766473 -0.0407444
0.0526022 -0.11625 -0.171917
0.0387548 -0.11625 -0.289173
0.0418044 -0.151829 0.485297
-0.0402819 0.0947312 -0.538536
0.107322 0.151986 -0.453741
-0.0402819 0.0650281 0.21586
0.0562284 -0.11625 -0.515531
0.0335394 0.151986 0.380952
0.122219 -0.126243 -0.936588
-0.0718626 0.107816 0.573342
0.08503 0.116408 -0.0403975
0.0334305 0.151986 -0.103753
0.111979 -0.151829 0.513813
-0.0402819 0.0874242 0.519657
0.0574297 0.116408 0.64384
-0.0402819 0.073322 0.690318
0.115938 0.119291 0.856426
0.0114379 -0.11625 0.755031
0.0118447 0.151986 0.408921
-0.0718626 0.103387 -0.134368
-0.0402819 0.0406052 0.238873
-0.0321324 0.151986 -0.412944
-0.000328669 -0.151829 -0.795069
0.0757961 0.116408 0.682053
0.0025856 0.151986 -0.557192
0.0599947 0.151986 -0.329379
0.000377203 0.151986 0.851698
0.0522241 -0.11625 0.506885
-0.0402819 0.0895631 -0.33466
-0.0402819 0.0325427 -0.306961
-0.0462774 -0.151829 -0.521361
-0.0402819 -0.0393304 0.910323
-0.0718626 0.0354152 0.904278
-0.0402819 0.0988599 -0.0574599
0.0323556 -0.11625 -0.913129
-0.0718626 0.0309306 -0.585142
0.0857882 0.151986 -0.0754366
-0.0718626 -0.101683 -0.627477
0.00426632 -0.11625 -0.393944
-0.0228833 -0.151829 0.498546
-0.0402819 0.0678682 -0.00338528
-0.0718626 0.134977 0.839123
-0.000836573 0.116408 -0.955421
0.0907738 0.151986 0.52795
0.0240457 -0.151829 0.988825
-0.00257188 0.151986 -0.966115
0.052314 -0.151829 0.964856
-0.0477959 -0.151829 0.26939
-0.0271825 0.151986 0.3357
-0.0262837 -0.116204 0.702318
-0.0718626 0.101649 0.842655
0.0796132 0.151986 -0.98085
-0.0718626 -0.0376329 0.289791
0.0607414 -0.11625 -0.310609
-0.0718626 0.0683072 0.180351
0.0115666 0.151986 0.0807399
-0.019578 -0.151829 -0.814507
-0.0562947 -0.0551756 0.998782
-0.0225249 -0.151829 -0.571568
-0.0718626 0.00319989 0.497836
-0.0718626 0.0777368 0.0413823
-0.0402819 -0.00206772 -0.411172
-0.0718626 0.136574 0.022351
0.0414997 -0.151829 -0.599152
0.124018 0.138421 -0.980557
-0.0718626 -0.0791129 0.0812665
0.015933 -0.11625 0.998293
-0.0718626 -0.0553494 -0.411196
-0.0270105 0.116286 0.956722
-0.0718626 -0.128841 0.28952
-0.0402819 -0.0434909 -0.0424221
0.0585727 -0.11625 -0.561991
-0.0718626 0.0808397 -0.0432779
0.0570263 0.116408 0.57016
-0.0558426 -0.151829 -0.377626
-0.0718626 0.0650813 0.504327
-0.0718626 -0.0989967 0.237271
0.0317335 -0.11625 -0.0660774
0.0894921 0.116408 -0.832243
0.0115173 0.116408 0.349216
-0.0164837 0.116408 -0.771264
0.075296 -0.11625 0.476402
0.0340257 0.116408 0.419055
0.0252049 0.151986 -0.334142
0.0674916 0.116408 -0.342615
0.123969 0.132877 0.0507627
-0.0402819 0.00163936 -0.320305
-0.0718626 -0.135762 -0.436629
-0.032331 -0.151829 0.106492
0.124018 0.140402 0.983484
0.109463 -0.116547 -0.401576
0.115877 0.119252 0.970475
0.111536 -0.117061 -0.773536
-0.0402819 -0.0998352 0.763137
0.0173861 -0.151829 0.841398
0.00110378 0.134241 0.998782
-0.0718626 0.0902934 0.64504
0.0105042 0.116408 0.572404
0.0544224 0.116408 -0.988406
-0.0718626 0.0935173 -0.277476
0.063391 -0.11625 0.878675
-0.0718626 -0.096125 0.299224
0.124018 0.136464 -0.408773
-0.0402819 0.00253159 -0.803513
0.123719 -0.130794 -0.969958
0.088784 0.151986 0.663489
-0.0718626 0.0262501 0.854581
0.0529521 -0.151829 0.829021
-0.0402819 0.0947166 -0.36761
-0.012596 -0.151829 0.995634
-0.0507294 -0.151829 -0.686396
0.0129011 0.151986 -0.44817
-0.058723 0.0115775 0.998782
0.0170685 -0.151829 -0.908117
0.124018 -0.135456 -0.0476286
0.0392612 -0.151829 -0.404671
-0.0402819 -0.0408073 0.296291
-0.0718626 -0.0806904 -0.551489
-0.0402819 -0.0754412 0.07105
0.0576012 0.116408 -0.0805143
-0.0402819 0.0829779 0.481352
0.0791787 -0.11625 0.0504881
0.092484 0.116408 -0.284115
-0.0718626 0.0484942 -0.229202
-0.0402819 0.00412686 0.982111
0.0646195 0.151986 -0.422898
-0.0278889 0.116148 -0.602669
0.0526788 0.151986 -0.709636
0.0018301 0.151986 -0.169153
-0.0718626 -0.0414168 -0.0325972
0.10379 -0.151829 0.762793
-0.0402819 0.0542877 -0.633946
0.123426 -0.151829 0.0879437
-0.0157585 -0.11625 -0.274664
-0.0718626 -0.0644986 -0.510537
0.110771 -0.151829 0.415737
0.05244 0.116408 -0.366027
-0.0718626 0.0874332 -0.991652
-0.0251266 -0.151829 -0.598925
-0.0718626 -0.11283 -0.986308
0.110274 -0.151829 0.237244
0.0384647 -0.11625 -0.953947
0.0324236 0.151986 0.762592
-0.0718626 0.0404465 0.619213
0.0805063 -0.11625 0.709956
-0.0402819 0.00614252 -0.0550266
-0.0541039 0.151986 -0.0474615
-0.0718626 0.088483 0.737493
-0.0718626 -0.117302 -0.824412
0.0238661 -0.151829 0.531798
0.0858866 0.116408 -0.159765
-0.0718626 0.028575 0.0113567
-0.0579338 0.151986 0.613619
-0.0718626 0.027844 0.590219
-0.0567201 0.151986 -0.159526
-0.0718626 -0.00506867 -0.0565001
0.0690315 0.151986 0.0917172
0.0714495 -0.11625 -0.4287
-0.0718626 0.132694 -0.863565
-0.0718626 -0.1084 0.753078
-0.0718626 -0.127963 0.77895
-0.0402819 -0.0454306 0.259566
0.035367 0.116408 -0.0454648
0.0719019 -0.151829 -0.490445
-0.00365185 0.116408 -0.484999
0.00958414 -0.11625 0.032881
0.0479943 0.116408 0.802392
-0.0402819 0.0051995 0.363713
0.000852428 0.151986 0.0165199
-0.0718626 0.108525 -0.504071
0.00458766 0.151986 0.279646
0.0345241 0.151986 0.497713
-0.0402819 0.0541626 0.744437
0.072098 0.116408 0.114099
0.0795176 0.151986 0.0606408
-0.0150764 0.116408 -0.926374
-0.0718626 0.0605845 -0.325835
-0.0718626 0.0816661 0.0135658
-0.0402819 -0.028047 0.85634
0.0193157 0.116408 0.0619242
-0.020845 -0.11625 -0.574249
-0.0206333 0.116408 -0.182153
-0.0718626 -0.0251503 0.454747
0.00645251 -0.151829 0.577309
0.0922577 0.151986 -0.230491
-0.000999008 0.151986 0.549656
-0.0402819 -0.017227 -0.773164
-0.0718626 -0.0358428 0.756609
0.06708 -0.151829 -0.678537
0.121341 0.124812 -0.224806
-0.0402819 -0.0718424 0.368793
0.0745005 0.116408 -0.416559
0.123535 0.130081 0.809717
-0.00540036 -0.151829 -0.355349
-0.0402819 0.0906939 0.253672
0.12401 0.133654 -0.680608
0.0149359 0.151986 0.429227
-0.0718626 -0.134463 0.0991674
-0.0402819 -0.0412365 0.139254
-0.0172419 -0.11625 -0.392203
-0.0127046 -0.11625 -0.0135828
-0.0718626 0.0530954 -0.717574
0.0493991 -0.11625 -0.00978519
0.124018 -0.150893 -0.802982
0.0430974 0.151986 0.294177
0.101977 -0.151829 0.264924
-0.0160897 0.151986 0.413978
-0.0718626 -0.0488804 -0.238756
-0.024501 0.151986 0.626889
-0.0718626 0.0524629 0.0307934
0.113254 -0.117696 -0.508644
0.113456 -0.117785 0.381254
-0.0718626 -0.0664819 0.363017
0.0630296 -0.11625 0.0268668
0.0991455 0.116408 0.280136
-0.003172 -0.11625 -0.454609
0.0576017 -0.11625 -0.831649
-0.0402819 -0.0884904 0.925868
0.0849757 -0.151829 0.598765
0.106704 -0.116257 -0.910107
-0.0718626 0.106254 0.877663
-0.0718626 0.0962796 -0.577087
0.0371367 -0.11625 -0.50358
0.0161301 0.151986 0.462609
-0.0402819 -0.0975286 0.819415
-0.0170225 0.116408 0.202582
-0.0718626 0.0352302 -0.304654
0.0686204 0.151986 0.826043
0.108488 0.116552 0.184129
0.123798 0.131407 0.290623
-0.0577006 -0.151829 -0.255704
0.117595 0.120513 0.890391
0.0296727 -0.151829 0.672749
-0.0106265 0.116408 -0.294181
0.039282 -0.11625 0.36649
-0.0718626 0.0488896 0.390706
-0.0402819 0.087292 -0.651542
-0.0100355 0.151986 -0.759785
-0.0321236 -0.151829 -0.713652
0.0255831 0.151986 -0.774247
-0.0718626 0.133445 -0.609462
-0.0718626 0.13587 0.89448
0.0414542 -0.11625 0.212286
-0.0402819 -0.0451565 0.510502
0.0317536 0.116408 -0.435623
-0.0402819 -0.0784312 -0.491032
0.0187423 -0.151829 -0.178408
-0.0402819 0.0361914 0.100428
0.10837 0.116537 0.114068
-0.0718626 -0.142812 -0.0134057
-0.00758681 -0.151829 -0.450959
-0.0119782 -0.11625 -0.502726
-0.0402819 -0.0900579 -0.189054
-0.0402819 -0.0108049 -0.924672
0.1096 0.11673 -0.707002
-0.0718626 -0.05214 0.435082
0.0762625 0.151986 0.933447
0.0294317 0.151986 0.15789
0.0785891 -0.11625 0.545295
0.0973847 -0.11625 -0.732543
-0.0718626 -0.0136723 0.34225
0.0754144 0.151986 -0.832086
0.0121008 0.116408 -0.21807
-0.0718626 0.105639 0.0209717
-0.0319897 0.151986 0.846513
0.117932 0.1208 0.247648
0.0287882 0.151986 -0.898111
-0.017567 -0.11625 0.175347
0.0938247 0.116408 0.141915
0.0185451 -0.151829 -0.464015
-0.0275917 0.116201 -0.323712
-0.0247121 0.116408 0.0270216
-0.0718626 0.091593 -0.31089
-0.0718626 -0.0394903 0.912662
0.124018 0.140755 0.777455
0.0901968 0.151986 0.248398
-0.0718626 -0.0354593 -0.506408
-0.00417196 -0.11625 0.265051
0.0578605 0.151986 -0.395796
-0.00550488 0.151986 0.758865
0.0712629 -0.11625 0.109196
0.0726229 0.151986 0.798221
0.0662984 -0.11625 0.625765
-0.0718626 0.0605832 -0.835419
-0.0402819 -0.0704576 0.0419241
-0.0402819 -0.039192 0.969689
-0.034475 -0.113005 -0.253001
-0.0718626 0.134521 0.681104
-0.0402819 0.0653821 0.326496
0.109411 -0.116537 0.00599407
-0.0402819 0.0475693 -0.289714
-0.0718626 0.0529837 0.740055
0.112515 0.117556 -0.0678546
-0.0718626 -0.00873273 0.121206
0.0611711 -0.151829 -0.659586
0.0879892 -0.151829 -0.910978
0.0488239 0.116408 -0.664757
-0.0718626 -0.135351 0.549949
-0.0718626 0.0108795 -0.534147
0.0662126 0.151986 0.34222
-0.0402819 0.0249331 0.620917
-0.0389202 -0.107346 0.313622
-0.0515059 0.151986 -0.930097
-0.00111704 0.116408 0.412862
0.0614063 -0.12953 -1
-0.0382162 0.108865 -0.306351
-0.0718626 -0.118678 0.44906
-0.0291122 0.151986 -0.0819188
0.0802315 0.151986 0.474911
0.0507383 0.116408 -0.160156
-0.0202642 0.151986 -0.709664
0.0734262 0.151986 0.761994
-0.0718626 0.112046 -0.906005
0.0844691 0.151986 -0.174064
-0.0517498 0.151986 0.485694
0.110822 -0.116854 -0.225969
-0.0718626 -0.0700233 -0.2828
-0.0718626 0.13918 0.144215
-0.0718626 0.0297247 0.965902
-0.0402819 0.0208923 0.075126
0.0741894 -0.151829 0.65815
0.124018 -0.151016 -0.0714689
-0.0718626 -0.0914871 -0.521017
-0.0400037 -0.103953 -0.5052
-0.0718626 -0.0319358 -0.275448
-0.0718626 -0.00167726 -0.262011
-0.0382504 0.108806 0.179919
0.0924385 -0.151829 -0.962801
-0.0402819 -0.0926129 0.0115983
-0.0385189 0.10832 -0.0308804
0.00706724 0.116408 0.301874
-0.0452819 -0.151829 -0.991342
0.042485 -0.151829 0.292347
-0.0718626 0.102137 0.0399193
-0.0402819 0.0534406 0.0812209
0.0101173 0.116408 -0.704935
0.0733072 0.151986 -0.570354
-0.0402819 0.0172282 0.515661
-0.0718626 -0.131828 -0.366277
0.0701684 0.116408 -0.618659
0.0910491 0.151986 0.998763
0.0591512 0.116408 -0.946221
0.066922 -0.151829 -0.934295
-0.0718626 -0.106583 0.160239
-0.0718626 0.11513 0.977626
-0.0277409 -0.116018 -0.98456
-0.0402819 -0.0239118 0.0272822
-0.0402819 0.0200152 -0.917149
0.0998039 -0.151829 -0.532326
0.0872117 -0.13586 -1
0.0751443 0.151986 -0.198749
-0.0718626 -0.0496894 -0.139292
-0.00206655 -0.11625 0.554531
0.0789827 -0.11625 0.333472
0.113156 0.151986 0.246934
-0.0402819 -0.0625083 0.859556
-0.0718626 -0.0859706 -0.413863
0.0346484 0.116408 -0.0753334
0.0351924 -0.11625 0.134656
0.0981916 0.151986 0.119024
-0.0718626 -0.0905773 0.778361
-0.012109 -0.11625 -0.608243
-0.0718626 0.130909 0.558285
-0.0718626 -0.108446 0.684993
-0.0402819 -0.0253209 -0.221288
-0.0718626 0.110797 0.0743431
0.041223 -0.151829 -0.887146
-0.0156241 0.151986 -0.0351973
0.102666 0.116408 0.948484
-0.0718626 -0.0870844 0.692471
0.0715157 -0.11625 0.690647
-0.0718626 0.0428176 0.329747
-0.0718626 0.0254131 -0.837745
0.124018 0.139195 0.692158
0.0261773 -0.11625 -0.560763
-0.0718626 0.0200325 0.689307
-0.0718626 -0.111196 -0.474346
0.0322173 0.116408 -0.307562
-0.0402819 0.0885403 -0.629042
0.0603166 -0.11625 0.721956
0.112985 0.117741 -0.622699
-0.00395575 0.151986 0.629698
-0.0718626 0.0668035 0.130837
-0.0718626 -0.108364 -0.083376
0.124018 0.139053 0.541127
0.111352 -0.117004 0.909813
0.119468 0.122315 -0.0502982
-0.0244529 -0.151829 -0.329478
-0.0400635 0.103784 0.735987
-0.0718626 -0.0296357 -0.334796
0.0218877 0.116408 0.629261
0.115496 -0.118855 0.753589
0.0294627 -0.151829 0.317563
-0.0402819 0.0607125 -0.943155
-0.00690284 0.116408 -0.82703
-0.0718626 -0.0515888 0.457899
-0.0402819 -0.048321 0.449399
-0.0718626 -0.00857143 -0.505907
-0.0718626 0.0528742 -0.436687
0.0685662 -0.11625 -0.459038
0.0293943 0.116408 -0.487844
-0.0718626 -0.139185 -0.478617
0.0377854 -0.11625 -0.879074
-0.00406987 0.151986 0.599601
-0.0135729 -0.11625 -0.81477
-0.0231317 -0.11625 0.454799
-0.0718626 -0.143562 -0.351825
0.124018 0.13734 -0.866526
-0.0718626 -0.118863 -0.38294
-0.0402819 -0.0543936 -0.86697
-0.00662414 0.116408 0.0075099
-0.0215028 0.116408 -0.415846
-0.0400368 0.103935 -0.00298768
-0.0718626 0.138086 -0.0102077
-0.0718626 -0.0658264 0.805584
0.0284696 -0.151829 0.20409
0.0321016 -0.11625 0.868711
-0.0347122 -0.112815 0.425872
0.0357974 0.116408 0.673714
-0.0402819 0.0436791 -0.141071
0.0348425 0.116408 0.106659
-0.0718626 0.0901605 0.419556
0.0680633 -0.151829 -0.888028
0.0815493 -0.151829 -0.9907
-0.0398409 0.104851 0.472698
-0.0333506 -0.151829 -0.436844
-0.0402554 -0.151829 -0.130783
0.11182 -0.117152 0.731048
-0.0718626 0.0245661 0.298696
0.109859 -0.116625 0.995045
-0.0402819 0.0475596 0.117828
-0.0718626 -0.127754 0.0516529
-0.0257312 0.151986 -0.959253
-0.0718626 0.125329 0.358823
0.0957981 -0.11625 -0.370742
-0.0718626 -0.0919775 0.932685
-0.0718626 -0.115253 -0.403585
-0.0718626 0.0449575 -0.0556349
-0.0402819 0.0271753 0.559102
-0.0322191 -0.129271 -1
0.110043 -0.151829 -0.33154
0.000204002 0.151986 -0.35761
0.0820305 -0.151829 -0.862937
-0.0112193 0.151986 -0.179003
-0.0718626 -0.112922 0.715688
0.109017 0.151986 -0.175912
0.124004 -0.133332 -0.0906794
0.0344858 0.151986 -0.402486
0.0580033 -0.151829 0.529974
-0.0718626 -0.0351231 -0.474262
-0.0718626 -0.081599 -0.0756823
0.058395 -0.11625 -0.897979
-0.0402819 0.0204124 -0.26864
0.0795587 0.151986 0.62136
-0.0402819 -0.0406613 0.942296
-0.0718626 -0.0680244 0.462823
-0.00576495 -0.151829 0.622943
-0.0348381 -0.151829 0.0256579
0.113627 -0.117862 0.500739
-0.0402819 -0.0284412 0.191138
0.110282 -0.151829 0.697827
-0.0718626 -0.102511 0.513948
0.0417398 -0.151829 0.173147
-0.0718626 0.140235 0.307918
-0.0402819 -0.031507 0.0877971
-0.0402819 0.073191 -0.559485
0.0253582 -0.11625 0.374996
-0.0718626 -0.131117 -0.608438
0.107284 0.116439 -0.92407
-0.0402819 -0.0772215 -0.573098
0.0130894 0.116408 -0.282993
-0.0402819 0.0755865 -0.523673
0.0753316 0.151986 -0.12174
-0.0718626 0.125949 0.204913
-0.0402819 -0.0287179 0.471672
-0.0718626 -0.149859 -0.0340489
-0.0718626 0.00847167 0.553161
-0.0402819 -0.0199126 -0.304173
0.108985 0.151986 0.81935
0.0460667 0.116408 -0.229485
-0.0402819 0.0702452 -0.218933
0.0136185 0.116408 -0.944391
0.0118479 -0.151829 -0.1283
-0.0402819 0.0360249 -0.575873
0.105582 0.116408 0.708644
-0.0718626 0.00996465 -0.293397
0.123999 -0.133225 0.680954
-0.0402819 -0.053641 -0.795557
0.0485647 -0.11625 -0.603115
-0.0718626 -0.0512587 -0.73384
-0.0718626 0.111864 0.719299
0.00192985 0.116408 -0.252289
0.104232 0.116408 -0.988169
-0.0402819 -0.0489136 -0.924699
0.122165 0.151986 -0.206198
-0.0402819 -0.0125494 -0.0544292
-0.0718626 -0.135745 0.83092
-0.0718626 -0.150799 0.987761
-0.0718626 -0.013484 -0.0839759
-0.0718626 -0.0561387 0.696068
-0.059473 0.151986 -0.719437
0.0112078 -0.151829 0.382242
-0.0718626 0.10497 -0.0394409
-0.0402819 -0.0365269 -0.499007
-0.0402819 0.0862068 0.759602
0.0262752 -0.151829 -0.999364
-0.0530415 0.151986 0.555319
0.0165083 0.116408 0.601313
0.0536994 -0.11625 0.771601
-0.0402819 -0.0983179 0.443632
-0.00516038 -0.151829 0.564909
0.0131261 -0.151829 -0.636335
0.0245321 -0.11625 0.405667
-0.0402819 0.0579803 -0.796413
-0.0718626 -0.000400765 -0.687274
0.0315066 -0.151829 -0.032626
-0.0718626 0.0215684 -0.684994
-0.006384 0.116408 0.230916
-0.0402819 0.0316425 0.155333
0.0572393 -0.11625 0.187325
-0.0718626 0.0748908 0.823392
-0.0331682 0.151986 -0.246654
-0.0718626 -0.0675296 0.564123
-0.0718626 0.0845562 0.709893
-0.0718626 -0.0145144 0.526212
0.104205 0.151986 0.96589
-0.0402819 0.0590785 0.376931
-0.0402819 -0.0213194 0.758479
-0.0601667 -0.151829 -0.903445
-0.0718626 -0.133747 -0.874356
-0.0278803 -0.115992 -0.686994
-0.0718626 -0.0983396 0.996922
-0.0467621 -0.151829 0.35704
0.0937603 -0.151829 -0.252941
-0.0221782 0.151986 -0.879714
-0.0402819 -0.0418035 0.847737
-0.0655003 -0.151829 -0.982295
-0.0718626 -0.0617762 -0.831039
0.0442601 -0.151829 -0.374226
-0.0718626 0.0952359 -0.539651
0.0189839 0.116408 -0.375573
0.0930979 -0.11625 -0.944396
0.124018 -0.135779 0.0328742
-0.0386151 -0.107978 0.984289
-0.0641584 -0.151829 0.448891
0.0448195 -0.151829 -0.526733
0.0921285 0.116408 -0.512098
0.02724 -0.151829 -0.964795
0.123385 -0.129336 0.469112
-0.0718626 0.0387008 0.711868
-0.0696089 0.151986 0.761897
0.014107 -0.11625 -0.869713
-0.0246451 0.116408 0.72025
-0.0718626 -0.0472226 0.98326
0.0589507 -0.151829 0.888449
-0.0718626 0.0439546 -0.345186
0.0263092 0.116408 -0.470029
0.124018 -0.138908 -0.266864
0.10415 -0.11625 0.479203
-0.0397921 0.105043 0.376172
0.0139646 0.151986 -0.864773
-0.0718626 -0.0442153 -0.640674
-0.0402819 -0.00586235 -0.704563
-0.0364403 0.111314 0.927168
-0.0126911 0.116408 0.256147
-0.0402819 -0.030357 -0.891259
0.111951 -0.151829 0.872511
-0.0718626 -0.100801 0.131863
-0.0718626 -0.115974 -0.843621
-0.0402819 -0.0120686 -0.74466
0.0357494 0.116408 0.0855691
0.0400533 0.151986 -0.51887
-0.0718626 0.0503825 -0.360424
0.0870226 -0.11625 -0.200375
-0.0718626 0.0828287 -0.961168
-0.0402819 0.060937 -0.580042
-0.0402819 -0.0382186 -0.989632
0.110964 -0.151829 0.165016
-0.0718626 -0.00418267 0.587199
-0.03986 0.104772 0.70168
-0.0402819 0.0171097 -0.0677585
-0.0632396 -0.151829 -0.319593
0.116267 -0.119353 -0.651546
0.0541046 0.151986 -0.599887
-0.0718626 0.0982746 0.33267
-0.0475662 0.151986 -0.604811
0.0264352 -0.11625 -0.452272
-0.0701887 0.151986 0.338645
-0.00599949 0.116408 0.941768
-0.0382033 0.108887 -0.432654
-0.0609866 -0.151829 0.382483
0.109837 0.151986 0.372432
-0.0402819 -0.0257093 -0.453221
0.0838056 -0.151829 -0.35067
0.124018 -0.134857 0.357081
-0.0718626 0.061811 -0.260437
-0.0718626 -0.00845776 0.644556
-0.0402819 0.0632334 0.410147
-0.0402819 -0.0945124 0.145837
-0.0402819 0.0130656 -0.252846
0.110505 0.116929 0.746048
0.0649789 -0.11625 0.138626
-0.0402819 -0.0165806 -0.866018
0.0020507 -0.151829 -0.492715
0.0830095 0.151986 -0.475734
0.0160377 -0.11625 0.554254
-0.0188539 -0.151829 0.228521
0.0173587 -0.11625 -0.257738
-0.0718626 -0.0777472 0.230533
-0.0402819 -0.0818883 0.828238
0.0138409 -0.11625 0.159052
-0.0716987 0.151986 -0.837156
0.049429 0.151986 -0.652767
0.00843544 -0.11625 0.477849
0.0165439 -0.151829 0.870667
-0.0718626 -0.0817316 0.180115
0.00196044 0.116408 0.744907
-0.0402819 0.0889727 -0.136618
-0.0718626 0.0697796 0.444475
-0.0592514 0.151986 -0.406987
-0.0385044 -0.10819 0.59426
0.105516 -0.11625 0.317322
0.0845385 -0.11625 0.153777
0.0831267 -0.151829 -0.384182
-0.00159079 -0.151829 0.400383
-0.0275968 0.151986 0.399409
-0.0718626 0.0646635 -0.571967
0.053606 -0.11625 -0.188713
0.112625 -0.11744 -0.59126
-0.0718626 0.0752971 0.87192
-0.0362867 -0.111327 0.48627
-0.0119015 -0.151829 0.647604
0.0486576 0.116408 0.115831
0.0867036 -0.151829 -0.0174135
-0.0402248 0.102533 -0.657983
-0.0243487 -0.11625 -0.108944
0.070377 -0.151829 0.273356
-0.0718626 -0.0855214 0.439504
-0.0402819 -0.00309486 0.0553636
-0.00197268 -0.151829 0.463616
-0.0718626 0.0727942 0.0714763
-0.0718626 0.136775 0.388344
-0.0402819 -0.0384087 -0.320359
-0.0626633 -0.151829 -0.438658
-0.0718626 -0.142895 -0.576636
-0.0402819 -0.04556 0.657896
-0.0718626 0.0535049 -0.67933
-0.0352471 -0.112356 0.791551
-0.00869621 0.151986 0.0512663
0.0505587 -0.11625 -0.863682
0.0755422 0.151986 0.213072
0.0262393 -0.151829 -0.320562
-0.0402819 -0.0818943 -0.723935
-0.034715 -0.151829 -0.488772
0.0501325 0.116408 0.739515
0.0978616 -0.11625 0.119757
0.0407849 -0.151829 -0.68796
0.0836916 0.116408 -0.546591
-0.0697022 0.151986 0.846093
-0.0310039 0.151986 0.0305255
-0.0718626 -0.130998 -0.628274
0.0104387 -0.151829 0.750351
0.0708208 -0.11625 0.517386
0.0206202 -0.11625 0.967232
-0.0718626 -0.106214 -0.158757
-0.0718626 0.124427 -0.560305
0.124018 0.135647 -0.463201
-0.0718626 0.0681425 -0.173061
0.118288 -0.120961 -0.288743
0.102296 -0.11625 -0.986261
0.0492117 -0.11625 0.8125
-0.0718626 0.0744954 0.620292
0.0784292 0.116408 0.392355
0.124013 -0.133609 0.702764
0.019466 -0.151829 -0.542796
0.105106 -0.151829 0.738685
0.110307 -0.151829 0.0145055
0.0867508 -0.151829 0.0864252
-0.0402819 -0.0373869 -0.340365
-0.0718626 0.110619 -0.986041
0.0799077 0.116408 0.275356
-0.0402819 0.0345639 0.317609
-0.0302654 0.151986 -0.297208
0.0517776 0.151986 0.170318
0.00377884 -0.11625 0.95304
-0.0718626 0.140373 -0.484
0.0361345 0.151986 0.328516
-0.0718626 0.0604454 0.340847
-0.0370478 0.110587 -0.335437
-0.0718626 -0.140448 0.351934
-0.0442823 0.151986 -0.71429
0.124018 -0.14219 0.528272
0.10426 -0.151829 0.973675
-0.0365783 0.111157 0.642404
0.0772843 0.116408 0.79212
-0.0186462 -0.151829 0.876814
0.067102 -0.151829 0.604267
0.0141204 0.151986 -0.219506
-0.0359446 -0.151829 0.968248
-0.0301609 -0.115379 -0.632153
0.0870024 0.116408 -0.359446
0.0663841 0.151986 -0.445763
-0.0718626 0.0365923 -0.511072
-0.0718626 0.123035 0.167267
0.107181 -0.151829 0.63447
-0.0718626 -0.0101812 -0.993173
-0.047312 0.151986 0.0277882
-0.0402819 -0.0542807 0.696037
0.0280173 0.116408 0.740395
-0.0227312 -0.151829 0.445073
0.0612472 0.116408 -0.182023
0.11851 -0.12117 -0.788349
-0.0718626 -0.0914498 -0.66179
-0.00526394 0.116408 0.713333
0.0246345 0.116408 -0.827975
-0.0402819 -0.0275205 0.996903
0.108535 -0.151829 -0.724429
0.0150307 -0.11625 0.0480218
0.11235 0.117494 -0.110639
-0.0402819 0.0353473 -0.45376
0.0371982 -0.151829 -0.926191
-0.0284771 -0.151829 0.0597347
-0.0592261 -0.151829 -0.416274
0.0720036 -0.11625 0.295336
-0.00618526 -0.11625 -0.360442
-0.0713901 0.151986 0.459834
-0.0718626 0.0454716 0.671693
-0.0718626 0.086148 -0.449115
-0.0718626 0.0998224 -0.16445
-0.0718626 0.116446 0.952208
-0.0544643 -0.151829 0.840862
0.122904 0.128 0.125605
-0.0297699 -0.151829 -0.509268
0.101314 0.116408 0.485262
-0.0402819 -0.0101941 -0.105173
-0.0131682 -0.11625 -0.149476
0.0705793 0.116408 0.163022
-0.0718626 -0.0231996 0.998543
0.0400812 0.151986 0.585055
-0.0402819 -0.100338 -0.837537
-0.0213337 -0.151829 -0.735731
0.00340528 0.151986 0.248584
0.00384578 0.116408 -0.0760625
-0.0224842 0.116408 0.529949
0.0640853 -0.11625 0.743226
0.124018 0.150048 -0.890401
-0.0718626 -0.00460825 -0.385729
-0.0718626 -0.145626 0.535334
0.0198864 -0.11625 -0.170686
0.0820303 -0.11625 -0.4937
-0.0718626 0.138663 0.613063
-0.0538553 -0.151829 -0.489143
-0.00758995 -0.151829 -0.234317
-0.0402819 -0.0023713 0.343402
-0.0718626 0.0387685 -0.980473
-0.0718626 -0.0180128 0.616932
0.0671208 -0.11625 -0.00773526
-0.0402819 -0.0235138 -0.80886
0.124018 -0.139335 -0.171758
0.10235 0.116408 0.504767
-0.0568734 0.151986 0.218651
-0.0402819 -0.0194813 0.420559
0.0186844 0.116408 0.245477
-0.0718626 -0.0653649 0.0114802
-0.0320343 0.115693 0.998782
-0.0113035 0.116408 -0.321387
-0.0718626 0.0825796 0.330339
-0.0402819 -0.0247821 0.209102
-0.0718626 0.0104295 -0.435587
-0.033444 -0.151829 0.623051
-0.0402819 -0.0553641 -0.0750291
0.124018 0.13825 -0.696338
-0.0402819 -0.0489089 -0.894614
0.0492922 -0.151829 -0.163983
0.0413599 0.151986 0.432239
0.0806466 -0.151829 0.248255
-0.0402819 0.0312968 0.690729
-0.0402819 -0.0524828 0.797598
-0.0718626 0.123089 0.0635695
-0.0366484 0.111075 0.0612994
-0.038108 -0.10889 0.458105
-0.0402819 -0.0739112 -0.821153
-0.0402819 0.0267781 -0.762927
-0.0718626 -0.122685 0.49431
0.0220296 0.151986 0.197269
-0.0718626 -0.0121647 -0.412454
-0.0402819 -0.0524011 -0.769521
0.00804744 -0.151829 -0.833879
-0.00124482 0.116408 0.603003
0.0252212 0.116408 -0.781349
0.0889907 -0.11625 -0.43387
-0.0718626 0.0589482 0.196993
0.0802848 0.116408 0.724601
0.00785667 -0.11625 -0.228561
0.110348 -0.116734 0.0677325
-0.0402819 0.0171678 0.128484
-0.0333922 -0.113782 0.911359
0.122519 0.12705 -0.655666
-0.0402819 -0.045281 0.00546498
-0.00511421 0.151986 -0.0106221
0.039287 0.151986 -0.369132
-0.0448374 -0.151829 0.940402
-0.0350903 -0.112495 -0.15609
-0.0718626 -0.141252 -0.933238
-0.0718626 0.00455331 -0.74454
0.0152569 0.116408 -0.440928
0.0135414 -0.151829 0.268107
-0.0402819 0.0155311 0.901771
0.0120037 0.151986 0.218539
-0.0162696 -0.11625 -0.332193
0.0493149 -0.11625 -0.67353
-0.0718626 0.0246895 0.0851708
-0.0718626 -0.0709797 -0.424093
0.0908441 0.151986 0.845812
-0.0718626 -0.0104372 -0.281371
-0.0268689 -0.151829 -0.871058
-0.0226369 -0.151829 0.667753
-0.0718626 -0.0959859 0.799149
-0.0402819 0.0996082 -0.759956
0.0361542 -0.151829 -0.983261
-0.0718626 -0.0870334 -0.579549
-0.0402819 0.00632164 0.546009
-0.0718626 0.0400137 0.518194
0.118109 -0.120799 0.959231
-0.0230077 0.140963 -1
0.103298 0.116408 -0.457196
-0.0718626 0.0205124 -0.484772
0.0911703 0.116408 -0.872766
0.0675134 -0.11625 0.664575
0.059319 -0.11625 -0.0379486
0.124018 -0.144643 0.962759
0.0194017 0.116408 -0.359727
0.00354553 0.116408 -0.145107
0.0607865 -0.151829 -0.00384641
-0.0402819 0.0410393 0.80095
0.0796334 0.116408 -0.570178
0.0459444 0.151986 -0.689584
-0.0402819 -0.0761745 0.174414
-0.0718626 -0.110439 0.42172
-0.0473407 0.151986 -0.745789
-0.0718626 0.0383446 0.242007
-0.0718626 0.0227153 -0.934565
-0.0402819 0.0231972 -0.789007
-0.00669513 0.116408 0.7843
-0.00461884 0.116408 -0.735652
-0.0190947 0.151986 0.219502
0.0266382 0.151986 -0.135393
-0.038449 0.151986 0.685246
0.11995 -0.151829 0.651578
-0.0402819 0.0795124 -0.031641
-0.0718626 0.143152 0.195593
-0.0718626 -0.0552337 0.273042
0.124018 0.137692 -0.111518
-0.0402819 0.0970428 0.986889
0.118065 0.120917 -0.974517
-0.0402819 0.0277392 0.0349548
0.100132 -0.151829 -0.620708
-0.0402819 0.0788806 0.783423
-0.0402819 0.0203865 -0.998155
-0.000804285 -0.151829 -0.196136
-0.0402819 -0.0329034 0.103466
-0.0684455 -0.151829 0.417328
-0.0718626 -0.0590112 0.643459
-0.0402239 0.102543 0.574945
0.0883884 -0.151829 0.53927
-0.0718626 0.13616 -0.669891
-0.0718626 0.0235808 -0.455564
0.12092 0.134334 -1
-0.0718626 0.0990212 0.279745
-0.0718626 -0.132251 0.962803
-0.0718626 0.144578 -0.375265
-0.0718626 -0.0985549 0.465855
0.0749938 0.151986 0.394803
-0.0226346 -0.11625 -0.073085
-0.0718626 -0.130879 -0.713031
-0.0718626 -0.106815 0.0194031
-0.0708935 -0.151829 -0.120693
-0.0402819 -0.0356525 0.679339
-0.0718626 0.141882 -0.137238
0.11399 -0.151829 0.461726
-0.0718626 -0.123093 0.798491
-0.0227644 -0.11625 -0.726064
0.124018 0.146392 0.0664714
-0.0653785 -0.151829 0.18963
0.124018 -0.135649 -0.016488
-0.0402819 0.00914951 0.157644
-0.0718626 0.0380736 0.117974
-0.0402819 -0.0648332 0.983565
0.00464488 0.151986 -0.918022
0.119991 0.122925 -0.351689
0.124018 0.136869 -0.086127
0.0181144 0.116408 0.140339
0.0160838 -0.151829 0.695999
-0.0402819 0.00543725 -0.367196
-0.0237747 0.151986 -0.317853
-0.0155641 -0.151829 -0.112077
-0.0718626 0.0640887 -0.706393
0.0476713 0.116408 0.539133
-0.0562983 0.0858288 0.998782
-0.0718626 0.0370466 0.993206
-0.0402819 -0.099678 -0.997319
-0.0718626 -0.0288066 0.0900384
0.0639909 -0.11625 -0.330698
-0.0319722 0.151986 0.53207
-0.0402819 0.0284661 0.251823
-0.0718626 0.136887 -0.274613
0.0779711 0.116408 -0.0696184
0.0802124 -0.151829 -0.0357046
0.0862821 0.116408 0.0812234
-0.0718626 -0.0961357 0.917479
-0.0699505 0.0712378 0.998782
0.110889 -0.116872 0.588365
0.081226 0.151986 -0.25215
0.092749 0.116408 -0.955017
-0.0718626 0.136561 -0.89461
0.0108406 0.116408 -0.411488
-0.0191625 -0.151829 -0.130318
-0.0718626 -0.0920962 0.56811
0.0550536 -0.151829 -0.843378
-0.0402819 0.00769373 -0.212942
0.00428158 -0.11625 -0.53373
-0.00174094 -0.151829 0.120806
0.0683036 0.151986 -0.863912
-0.0171631 -0.11625 0.235596
-0.0402819 0.0361101 0.00296139
0.0197674 0.116408 -0.890308
-0.0402819 0.0576916 -0.0685155
0.0784615 0.151986 0.563734
0.0825143 -0.151829 0.373806
0.0830503 -0.151829 -0.0812807
-0.0718626 -0.0834278 0.617055
0.0760572 -0.151829 0.329853
0.0363405 -0.151829 0.507576
0.0340366 -0.151829 -0.235515
0.117699 0.151986 0.179758
0.124018 0.147267 -0.34554
0.0352247 0.116408 -0.87503
-0.0402819 -0.0860072 -0.0782812
0.0162191 -0.151829 -0.386555
0.0116351 -0.11625 0.701418
-0.0627314 -0.151829 -0.211238
-0.0402819 -0.0594098 -0.303574
0.124018 -0.149551 0.54407
0.0904416 0.151986 0.596599
-0.0402819 -0.0381323 -0.466609
0.0780956 -0.151829 -0.818431
-0.0718626 -0.0324528 -0.527242
0.0255688 -0.11625 0.710629
0.0275871 -0.151829 0.474691
0.0358103 -0.151829 0.0470937
0.00456213 -0.151829 -0.92231
-0.0718626 -0.0214677 -0.723885
0.0345013 0.151986 0.346394
-0.0245352 0.116408 -0.379085
-0.0402819 -0.0391454 -0.260555
-0.0045526 -0.151829 -0.761951
-0.0344282 0.151986 0.317943
-0.0718626 0.00659798 -0.563046
0.124018 -0.13669 0.193239
0.0237623 0.116408 0.695243
-0.0402819 0.00356186 -0.74519
0.0129868 -0.11625 0.237103
0.0757963 -0.151829 0.687315
-0.0360665 -0.111562 0.260099
-0.0718626 -0.00433639 0.31435
0.0909636 0.151986 -0.426604
-0.0478736 0.151986 -0.385419
-0.0402819 0.0568154 0.0314339
0.0170225 0.151986 -0.429179
0.124018 0.136722 0.327679
-0.0718626 -0.0507085 0.305635
0.0427233 -0.11625 -0.708018
-0.0402819 0.0248357 0.367832
0.0439971 -0.11625 -0.537207
0.0833257 0.116408 -0.660006
-0.0402819 0.0415206 -0.531547
-0.0718626 -0.0749837 0.154338
-0.0718626 0.0424774 0.157626
0.124018 0.139505 -0.752024
-0.0718626 -0.151117 -0.224995
-0.0402819 -0.0830751 0.496211
-0.0718626 0.0225151 0.47125
-0.0402819 0.0864025 0.306372
0.00404566 -0.11625 0.106852
0.0606231 0.116408 -0.915224
-0.0402819 -0.0905848 0.668155
0.0354164 0.151986 0.0966464
0.103911 0.151986 -0.483034
0.124018 -0.147801 -0.432553
-0.0402819 -0.0337077 -0.699345
-0.0402819 -0.0201038 0.0558907
-0.0402819 -0.0693005 -0.989725
-0.0402819 -0.0619389 -0.956958
0.12383 0.131614 -0.633126
0.0288057 -0.151829 -0.620306
0.0459907 0.116408 0.840445
0.100746 -0.151829 0.207469
-0.0134369 -0.11625 0.0562122
0.06873 0.116408 -0.884947
-0.0143346 -0.151829 -0.418827
0.116166 0.151986 0.141424
-0.0718626 -0.119553 -0.683867
-0.0402819 -0.0204873 0.117715
0.0897146 -0.11625 0.34687
0.0214114 -0.151829 -0.606216
-0.0718626 0.0543795 -0.924425
0.0482519 0.116408 0.308851
0.101092 -0.151829 0.431106
-0.0718626 0.0380703 -0.0232976
0.121927 -0.125671 0.241072
0.0533923 -0.151829 0.269018
0.112274 0.151986 -0.986232
0.124018 -0.147199 -0.453404
-0.0402819 -0.0775285 0.20385
-0.0718626 -0.0636394 0.137241
-0.0402819 -0.0893272 -0.806856
0.0432076 -0.151829 0.708694
-0.0718626 0.0626293 -0.866957
-0.0402819 0.00475311 0.241031
0.0400023 -0.151829 -0.475211
-0.0402819 0.0196683 -0.0359778
-0.0283324 0.151986 -0.00305246
-0.0557456 0.0438796 0.998782
-0.0718626 0.0795699 0.757029
0.0609153 0.151986 0.148065
-0.0402819 -0.0636086 -0.268823
-0.0718626 0.00653686 0.879336
-0.0189924 -0.11625 -0.52704
-0.0421456 0.151986 0.502063
-0.0218108 -0.151829 -0.935644
0.0589792 -0.151829 0.470585
0.124018 0.13524 0.498236
0.032397 -0.151829 -0.706612
-0.0718626 0.0616026 0.711425
0.0881189 0.116408 0.220661
0.124018 -0.141338 0.225202
-0.0718626 0.14607 -0.303082
-0.0718626 0.058159 0.976139
-0.0402221 -0.102406 0.780789
-0.0402819 0.0570055 0.623044
-0.0718626 -0.0535739 0.87835
-0.0402819 0.0367482 0.285249
0.0548962 -0.151829 -0.423979
0.020798 0.151986 0.253331
0.0412937 -0.151829 0.614028
-0.0604615 0.151986 0.788621
-0.0718626 0.101428 0.77224
0.0430166 0.116408 0.206242
-0.0402819 0.0654194 0.591744
0.118226 0.151986 -0.0112707
-0.0718626 -0.0112352 -0.197127
0.0968615 0.151986 -0.123289
-0.0718626 0.00812806 0.244171
0.0251604 0.151986 -0.245527
0.0549403 -0.151829 0.0960319
-0.0718626 0.00535255 -0.964077
-0.0718626 0.151255 0.95436
-0.0718626 0.0858445 -0.610395
0.0389815 0.116408 0.896536
0.0615423 -0.151829 -0.769404
-0.0718626 -0.132572 -0.285928
-0.0402819 -0.0814303 0.617064
-0.0718626 -0.125987 0.228846
-0.0718626 0.0639189 0.810752
0.0969531 -0.11625 -0.47472
-0.0208844 -0.11625 -0.365191
-0.0402819 0.0677865 -0.349865
-0.0718626 0.147354 -0.509528
-0.00965781 0.116408 0.818893
-0.0402819 0.0686099 -0.657395
-0.0233866 -0.151829 -0.262939
0.00753199 -0.151829 0.151103
0.0869776 -0.151829 0.399868
0.11046 0.116918 0.64124
-0.0718626 -0.112569 -0.064635
0.0400863 0.116408 -0.195294
0.0875465 -0.11625 -0.786308
-0.0402819 0.0455383 -0.397934
-0.0718626 -0.0462609 -0.485324
-0.0402819 0.0690146 -0.377328
-0.0449303 -0.151829 0.513175
0.120587 -0.123538 0.446985
0.119321 -0.121996 -0.855055
-0.0120035 -0.151829 -0.607441
0.0949408 0.151986 -0.341284
0.108549 -0.151829 -0.258049
-0.0718626 -0.0519224 0.5678
-0.0718626 0.128473 -0.972761
0.108962 -0.151829 0.856386
-0.0718626 -0.0100686 0.73571
-0.0718626 0.142582 -0.696649
-0.0718626 -0.0564626 -0.88477
-0.0123265 -0.11625 -0.130352
0.00850322 0.116408 0.949462
0.0278022 -0.151829 0.34248
0.0368669 0.151986 0.526306
-0.0402819 -0.0259271 0.342299
-0.00125076 0.116408 0.507995
-0.0402819 -0.0777776 -0.782341
-0.0402803 -0.101281 -0.325207
-0.0718626 -0.0761203 -0.606599
0.0911369 0.151986 -0.0953037
-0.0402819 0.000222186 0.103468
-0.0718626 0.054767 0.574295
-0.0402819 0.053575 0.546424
-0.0718626 -0.0679481 0.400165
-0.0718626 -0.118325 0.610923
0.0307332 0.116408 -0.169221
0.0991298 0.116408 0.248086
-0.0275347 -0.116053 0.756532
-0.0402819 -0.00595975 0.37832
-0.00731574 -0.151829 -0.291319
-0.0718626 -0.139234 -0.770682
0.0458827 0.151986 0.563612
0.0435725 0.151986 0.0248366
0.058859 -0.151829 0.391685
0.124018 0.141718 0.735185
0.0989054 0.151986 -0.36058
-0.0718626 -0.0622835 0.71267
0.122424 0.151986 0.473419
0.021988 0.151986 0.120325
-0.00894788 -0.11625 0.680063
0.0230254 0.116408 0.0769482
-0.0718626 -0.0445403 -0.369518
0.042971 0.151986 0.751418
-0.0718626 -0.137174 0.437549
-0.0402819 -0.0179003 -0.964544
0.123636 0.151986 0.0202779
0.0527466 0.151986 0.611634
0.0516464 -0.11625 0.394261
-0.0718626 -0.0557878 -0.915593
-0.0232178 -0.11625 -0.489854
0.113684 -0.151829 -0.988634
-0.0402819 -0.0418217 -0.959398
-0.00696578 0.116408 0.646747
0.0488107 0.151986 -0.185443
0.115672 0.151986 -0.724418
0.111563 -0.151829 -0.742674
0.0340707 0.116408 0.442148
-0.045337 -0.151829 0.437842
-0.00858796 0.151986 -0.908297
-0.0402819 -0.0643169 0.683566
-0.0421136 -0.151829 0.170366
0.0226857 -0.11625 0.534274
0.124018 -0.136375 0.623192
0.088511 0.116408 -0.927537
-0.0718626 0.026831 0.751825
0.0768152 -0.11625 -0.539385
-0.0608937 0.151986 0.252116
-0.0317902 0.151986 -0.659143
-0.0205197 0.151986 -0.670941
0.118166 0.151986 0.601416
-0.0718626 0.0546449 0.246638
0.118243 -0.151829 0.385079
-0.0193616 0.151986 -0.461643
-0.0402819 -0.100083 -0.954317
-0.0584011 -0.151829 -0.457444
0.116372 -0.119426 0.294342
-0.0718626 0.0249953 -0.907439
0.0233277 -0.151829 -0.859911
0.0112654 0.151986 -0.886043
0.106257 0.116408 0.388059
0.124018 0.135249 0.402222
-0.0718626 -0.0116149 0.404835
-0.0718626 -0.0189075 -0.586244
-0.00028515 0.116408 -0.464571
0.108717 -0.116425 -0.418623
-0.0718626 0.0409461 -0.807487
-0.0718626 -0.150778 0.611903
0.0761911 -0.151829 0.743476
-0.00875139 -0.11625 0.206037
-0.055134 -0.0369427 0.998782
-0.0698903 -0.151829 -0.305745
0.0713577 -0.151829 0.159034
0.112851 0.117686 0.91807
0.0264425 0.116408 -0.253186
-0.0140919 -0.151829 -0.386737
-0.0402819 -0.0810642 -0.60189
-0.0402819 0.0989774 -0.253768
0.101969 -0.11625 0.681685
0.0437909 0.151986 0.117618
-0.0718626 0.0430989 0.440017
-0.0718626 -0.0427882 -0.611768
0.116237 -0.119333 -0.0737701
-0.0718626 -0.13673 0.622262
0.105807 0.151986 -0.930659
-0.0718626 -0.108971 -0.19516
0.0575727 0.151986 -0.573031
-0.0402819 -0.0801396 0.709332
-0.0609211 -0.151829 0.333904
-0.0402819 -0.0130922 0.727065
-0.0402817 0.101292 0.0466827
-0.0718626 0.0173304 -0.358405
-0.038673 -0.151829 -0.0927112
-0.0063062 0.116408 0.880526
0.0268988 -0.11625 0.504763
0.124018 -0.139242 0.843566
-0.0718626 -0.116465 -0.777134
-0.0718626 0.121574 0.464044
0.124018 -0.150158 0.332574
-0.0569722 -0.126317 0.998782
-0.0718626 0.109793 -0.74496
0.0435444 0.151986 0.786464
0.094062 -0.151829 -0.0696629
0.09012 0.116408 -0.392132
0.0713228 -0.11625 0.410667
0.0464642 -0.151829 0.639686
-0.0718626 0.113456 0.223724
-0.0718626 0.0493183 0.271246
-0.0718626 0.0152009 -0.611764
-0.0402819 0.0843376 0.013151
-0.0335795 -0.151829 -0.908908
0.0473722 0.116408 -0.463421
0.0538411 0.151986 -0.91807
-0.0718626 -0.0567974 0.831425
0.114262 0.118675 0.998782
-0.0402819 -0.0358246 0.597738
-0.0402819 -0.0555149 0.910896
0.0385064 -0.151829 0.367109
-0.0718626 0.128211 0.872677
0.0204473 0.116408 0.922821
0.123571 -0.151829 0.706864
-0.0241447 0.116408 0.626739
-0.0578221 0.151986 -0.441236
-0.0343413 -0.151829 -0.630332
-0.0718626 0.100364 -0.18404
-0.0402819 -0.0781671 -0.851596
-0.0718626 0.0445525 0.600489
-0.0380037 -0.109061 -0.663584
-0.0718626 -0.133004 0.66374
0.111199 -0.116959 -0.927982
0.0481137 0.151986 0.135936
0.0442664 0.116408 0.130423
-0.0402819 -0.0484527 0.607085
-0.0402819 -0.0917643 0.225655
0.0413967 -0.11625 -0.839086
0.0251539 -0.151829 -0.479132
-0.0402819 0.0861353 0.122692
-0.0402819 0.00596211 0.640889
-0.0718626 0.123784 0.850295
-0.00890616 0.151986 -0.384941
0.00480369 0.151986 0.443011
-0.0402819 0.0181179 -0.479088
-0.0718626 0.0518743 -0.105192
0.0571038 -0.11625 -0.224653
-0.0402819 0.0577361 0.704655
0.124018 0.139306 -0.479678
0.039545 -0.151829 -0.107695
-0.0212612 0.116408 -0.267202
0.0932375 0.116408 -0.174676
0.107045 -0.151829 0.825505
-0.0718626 0.00496685 0.0632077
-0.0559465 -0.0717824 0.998782
-0.0718626 -0.00353918 -0.529091
0.0329504 0.116408 -0.97554
-0.0718626 0.0114444 0.163493
0.052949 -0.11625 0.0800725
-0.0401883 -0.102744 0.19522
-0.0402819 -0.00290837 0.0236337
0.0612496 0.151986 -0.227878
-0.0402819 -0.055602 0.432699
-0.0402819 -0.0212673 -0.840184
-0.0402819 -0.0206469 -0.0404766
0.00331101 -0.151829 -0.461556
-0.0402819 -0.0815519 0.789273
0.101343 0.116408 -0.365516
0.124018 0.142029 -0.913408
0.0473228 -0.11625 0.788054
-0.0402819 0.064769 -0.182533
-0.0718626 -0.10406 -0.610607
0.0123628 0.151986 0.867214
0.0902105 -0.11625 -0.703018
-0.0718313 -0.151829 0.290789
0.0156321 -0.11625 -0.692401
-0.0402819 -0.0648656 0.63033
-0.0481753 -0.151829 -0.18991
0.0107735 0.116408 -0.05294
-0.0718626 -0.129547 0.141172
0.0456398 -0.11625 -0.141186
0.00904101 -0.151829 -0.105126
-0.0536346 -0.151829 0.0472719
-0.0718626 0.0213787 -0.78382
-0.0718626 -0.151134 0.651249
-0.0402819 0.000876519 -0.118755
-0.0555353 0.143996 -1
-0.0718626 -0.0861972 -0.447492
-0.0242801 0.151986 -0.148156
0.0735498 0.116408 0.369818
0.0446937 -0.11625 0.987413
-0.0585312 0.151986 -0.887311
-0.0718626 -0.148422 0.204116
0.106223 0.116408 -0.650986
-0.0718626 -0.0979073 0.181977
0.0608872 0.151986 0.436758
-0.0718626 -0.072949 0.516133
0.0947769 -0.151829 0.459465
0.0128345 0.116408 0.213822
0.0978599 -0.151829 -0.500531
-0.00409066 -0.11625 -0.571506
-0.0402819 -0.0550253 0.208648
-0.0718626 0.0977392 -0.648272
0.121097 0.12443 0.434781
0.0382176 -0.151829 0.14081
-0.0718626 0.0896643 -0.777308
-0.0402819 -0.0638054 -0.162678
0.061437 0.116408 -0.482671
-0.0718626 -0.0344047 0.104249
0.117277 -0.120097 0.26391
-0.0402819 -0.0323424 -0.526693
-0.0513826 0.151986 0.136521
-0.0718626 -0.0830379 0.0640469
0.0887567 0.116408 0.765626
-0.0402819 -0.0362459 -0.281802
0.0221732 0.116408 -0.803133
0.0343702 0.151986 -0.167535
-0.0402819 0.0339758 -0.214016
-0.0718626 -0.126254 0.180311
0.0800922 -0.151829 -0.843149
0.0766369 0.151986 -0.290047
0.0591915 -0.151829 -0.795434
-0.0718626 0.0171776 0.668791
0.0928716 -0.11625 -0.26631
-0.0718626 0.120733 -0.159091
0.0259244 0.116408 0.462494
-0.0401346 0.103327 -0.398165
-0.0622632 -0.151829 -0.090628
-0.0402814 0.101332 0.961102
-0.0718626 0.113676 0.596131
0.0876932 0.151986 0.0290289
-0.0396786 -0.105298 -0.740978
-0.0165809 -0.11625 0.0850891
0.0137228 -0.151829 -0.523098
0.0967279 -0.11625 0.526078
0.0345865 0.151986 0.844972
0.016273 -0.11625 -0.337654
-0.0718626 0.0921212 -0.425202
-0.0402819 0.0523094 0.770671
-0.0402819 -0.0396083 -0.621453
-0.0317742 0.151986 -0.83793
-0.0281629 -0.115937 0.0275845
-0.0402819 -0.0743028 0.555286
-0.0474505 -0.151829 0.743383
-0.0473166 -0.151829 -0.0657075
-0.0718626 0.138406 -0.103035
0.109569 0.116724 -0.731365
-0.0402819 0.0774304 -0.707351
0.10152 -0.130104 0.998782
0.00542103 -0.151829 0.0613909
-0.0147864 -0.11625 0.611006
0.124018 -0.139042 0.167397
-0.0718626 -0.0273189 -0.939847
-0.0402819 0.0797021 0.653901
0.0541851 -0.151829 0.735021
0.0999617 0.151986 0.539905
-0.00612147 0.151986 -0.291122
-0.0254624 -0.116246 -0.547414
-0.0402819 0.0631147 -0.848409
0.00107268 -0.11625 -0.473644
0.0356417 0.151986 -0.549805
-0.0402819 0.0151973 0.877476
-0.0535815 -0.151829 -0.799667
-0.0402819 0.0829061 -0.947458
-0.0718626 -0.032844 0.0176376
-0.0718626 -0.0191778 0.671503
0.0859029 -0.11625 -0.757376
-0.0718626 -0.110266 0.365669
0.00585387 -0.151829 -0.339376
0.0671848 0.116408 0.88871
0.0775638 0.151986 0.540389
-0.0402819 0.0482831 -0.0196028
0.0953781 0.151986 0.0906418
0.090529 -0.151829 -0.696483
0.0622302 0.116408 -0.967779
-0.0718626 0.0332473 -0.627558
0.124018 -0.144942 -0.835897
0.0928104 0.116408 0.396805
0.0932173 0.116408 0.432626
-0.0402819 0.0759927 0.865579
-0.0402819 0.0830462 0.357776
0.0849345 0.116408 0.966576
-0.0718626 0.0668213 -0.442331
-0.0540679 0.151986 0.107171
-0.0402819 0.0695975 -0.752764
0.093823 -0.151829 -0.939575
-0.0718626 -0.0174004 -0.614361
-0.0402819 0.0551134 0.00973843
-0.0402819 0.0925719 -0.733657
-0.0576727 -0.151829 0.967744
0.0558577 0.151986 -0.0796343
-0.0718626 -0.0247795 0.862482
-0.0718626 0.119435 -0.493123
-0.0402819 -0.0121781 0.96806
0.0133415 -0.11625 0.449565
0.0616549 0.116408 -0.719996
-0.0718626 0.0149198 0.923807
0.0187956 -0.11625 -0.619441
0.0127038 0.116408 -0.193731
0.0283021 -0.11625 -0.790209
0.00734355 -0.151829 0.366986
-0.0718626 -0.0549161 -0.449429
0.0412798 -0.11625 -0.99273
-0.0402819 0.0465188 -0.502889
-0.067516 0.151986 -0.0034298
0.0947999 -0.11625 -0.900939
0.0559935 0.151986 0.957323
0.0052683 -0.151829 0.522727
0.00365625 -0.151829 -0.549769
-0.0718626 0.0147321 0.0965558
0.00319307 0.151986 0.392909
-0.0402819 -0.00509781 0.696677
0.0811976 -0.151829 -0.897288
0.115083 0.118768 -0.432089
-0.0402819 0.0756221 -0.123424
-0.0718626 0.0682539 -0.0718396
0.0364469 -0.11625 -0.114968
-0.0402819 0.00931538 -0.760241
-0.0718626 -0.095452 -0.17574
0.0466341 -0.11625 0.670843
-0.0402819 -0.0386333 0.876511
0.0973614 -0.151829 -0.444568
0.00870203 -0.151829 0.318806
-0.0207487 0.116408 0.34979
-0.0402819 0.0510743 0.477777
-0.0362728 0.151986 0.910047
-0.0718626 -0.133992 -0.908371
-0.0718626 -0.112531 0.52668
-0.0718626 -0.0425147 -0.286288
-0.0230349 -0.151829 0.416366
0.0613918 0.151986 -0.931611
0.0506333 0.116408 0.467133
0.115063 -0.118599 0.41625
-0.0718626 0.00136043 -0.121025
0.0561559 -0.11625 -0.547189
0.108919 -0.151829 -0.696732
-0.0188714 -0.151829 0.61566
-0.0402819 -0.0495129 -0.289328
0.124018 0.137199 -0.501044
-0.0718626 -0.135414 -0.0599058
0.00242314 -0.151829 0.59188
-0.0402819 0.0491724 0.189254
0.0824663 0.151986 -0.910508
-0.00950986 0.151986 0.962294
0.114483 0.151986 -0.504029
-0.0718626 -0.122012 0.976644
0.0324515 0.135524 0.998782
0.0206827 0.116408 -0.718212
-0.0345337 0.151986 0.121015
0.107105 0.151986 0.454019
-0.0402819 -0.00861632 -0.256198
-0.0718626 -0.00314878 -0.811614
-0.0718626 0.0548936 -0.21081
-0.0718626 -0.097706 0.86779
-0.0718626 -0.115091 0.240492
0.0171971 -0.151829 -0.256707
0.0250403 0.116408 -0.655548
0.0315212 -0.151829 0.870566
0.0150025 0.116408 0.836743
-0.0183039 0.151986 -0.221548
-0.0595991 -0.151829 -0.701874
-0.0402819 -0.039434 0.0367961
-0.00369556 0.151986 0.821433
-0.036728 0.110981 -0.781484
0.0633377 -0.151829 -0.124432
-0.0137988 0.116408 0.334547
-0.0356586 0.151986 0.413217
-0.0559215 -0.151829 -0.291177
-0.0402819 0.0458585 -0.719106
0.0600553 -0.11625 -0.78527
-0.0402819 -0.0800637 -0.221812
-0.0718626 0.0385091 0.824954
-0.0718626 -0.142717 0.679906
-0.0205683 -0.151829 0.213668
0.0561645 0.151986 -0.89358
0.113877 0.118136 -0.825161
-0.0718626 0.0405233 -0.426634
-0.0402819 -0.00734688 0.182592
-0.0718626 -0.017587 0.164601
0.104714 0.151986 -0.885558
-0.0357693 0.112021 0.35591
-0.0718626 -0.0376523 -0.00598046
-0.0382676 -0.108619 0.121379
-0.0402819 0.0414522 -0.0634961
-0.0718626 0.104595 -0.470684
0.0883979 0.116408 -0.0803203
0.0261906 -0.151829 -0.352638
-0.0718626 0.0757278 -0.593519
-0.0718626 -0.0237872 -0.439005
-0.0402819 0.0690912 -0.626102
-0.0718626 0.00178441 -0.709347
-0.0718626 0.00461328 0.853097
0.0357076 -0.11625 -0.645914
-0.0402819 -0.00917286 -0.428503
-0.0411811 -0.151829 -0.609769
-0.0718626 0.115343 -0.444023
-0.0402819 0.0755342 -0.280159
0.0985681 0.116408 -0.0995339
0.041943 0.151986 -0.637892
-0.0402819 0.0199798 0.222496
0.0365003 0.116408 0.00766354
-0.0402819 -0.0665981 0.518999
0.120114 0.123076 -0.892481
-0.0718626 -0.0790085 0.0382646
-0.0399497 -0.104219 -0.241909
-0.00997983 -0.151829 0.0797662
0.0161933 0.116408 -0.619676
-0.0718626 -0.0752172 -0.163388
-0.0323703 0.151986 0.282293
0.0296667 0.151986 0.940023
0.0545377 0.116408 0.0255746
0.0194565 -0.151829 0.974648
-0.0718626 -0.0392468 0.775406
0.12143 -0.124799 0.137749
0.0409021 -0.11625 -0.264365
-0.0718626 -0.107125 0.626231
-0.0328625 -0.114112 -0.198325
-0.059623 -0.151829 -0.341899
-0.012323 0.151986 0.129925
-0.0377013 0.109687 0.785903
0.0341382 0.151986 -0.915878
0.0198472 0.116408 -0.0769751
-0.0402819 -0.0502423 0.74827
0.0122158 -0.11625 -0.370201
-0.00788261 0.116408 0.44719
0.0243084 0.151986 0.797892
-0.0181216 0.151986 -0.848757
0.00209621 0.151986 -0.836392
0.12305 0.12841 0.634925
0.0789231 0.116408 0.590252
-0.0140669 -0.151829 -0.152092
-0.0402819 0.0696079 -0.0982849
0.113452 -0.117783 0.365465
-0.0402819 -0.0832139 0.683737
0.0133866 0.151986 -0.652825
0.10486 -0.11625 -0.607938
0.124018 -0.138593 0.483525
0.0664091 -0.151829 -0.70547
0.121807 0.125609 0.585383
0.0287437 0.116408 0.277906
-0.0076824 0.151986 -0.265946
0.124018 0.147507 0.418652
-0.0718626 0.130446 0.524957
0.0200337 -0.151829 0.142622
-0.0402819 0.0177508 0.276893
-0.0607287 -0.151829 0.581563
0.0686634 0.151986 -0.352057
-0.0197747 0.116408 0.856601
0.108242 0.151986 0.982109
-0.0718626 0.0934441 -0.87037
0.102195 -0.11625 0.284195
0.0492226 -0.151829 0.223372
-0.0718626 0.102809 -0.618494
0.124018 -0.140309 0.57485
-0.0718626 -0.0859051 -0.392955
-0.0306754 0.115344 -0.518817
0.119395 0.122234 -0.299613
0.122211 0.126385 0.610784
-0.0402819 0.0244433 0.460358
-0.0141569 -0.151829 -0.529566
-0.0718626 0.149842 -0.950446
-0.0111459 -0.11625 0.976269
-0.0718626 -0.0370916 0.209456
-0.0247212 -0.151829 -0.477377
-0.0718626 0.15185 0.507413
0.00236168 -0.11625 0.0172409
0.017186 0.151986 -0.196202
-0.0402819 0.0764644 0.175436
0.118835 0.121645 -0.55407
0.0992964 -0.151829 -0.984731
0.110283 -0.151829 0.988592
-0.0718626 0.143297 0.635966
0.0305498 -0.151829 -0.577274
0.0147001 0.116408 0.770239
0.0521124 0.116408 -0.783832
-0.0302073 0.11552 -0.960543
-0.0718626 -0.100853 -0.291686
-0.0718626 -0.0492602 -0.118795
-0.0718626 -0.12546 -0.657784
-0.0402819 -0.0465556 -0.730213
-0.0402819 -0.0728646 0.300002
-0.0402819 0.0236249 0.541296
-0.0402819 0.0706106 0.616465
-0.0718626 0.0785864 -0.0114585
0.115493 -0.118853 -0.018109
-0.0718626 -0.116393 0.872774
-0.0718626 0.0274543 -0.659141
-0.0718626 -0.0413464 0.695534
-0.0402819 0.0870615 -0.77559
0.0728457 0.151986 0.259998
0.124018 0.135151 0.755011
0.0236751 -0.11625 0.270235
0.0595256 -0.151829 -0.578982
0.0880817 -0.11625 0.23592
0.0129183 -0.151829 0.934479
0.0563078 0.151986 -0.730028
-0.0718626 0.0569425 0.68813
0.0398403 -0.11625 -0.162592
0.0811101 0.116408 -0.744934
-0.0402819 -0.00653236 -0.479915
-0.0402819 0.0436455 -0.428813
-0.0172207 0.151986 0.0633532
-0.012547 0.151986 -0.819541
-0.0718626 0.11568 -0.328334
0.101202 -0.11625 0.802967
0.0490718 0.151986 0.895972
0.0318048 -0.11625 0.813453
-0.0399472 0.104388 -0.688959
0.120486 -0.151829 -0.504312
-0.0718626 -0.0195254 0.0450875
-0.0718626 0.1388 0.365676
-0.0402819 -0.0836518 0.476126
0.0102006 -0.11625 -0.993081
-0.0114259 0.116408 0.28401
-0.0718626 0.116158 -0.366112
-0.0402819 -4.08526e-05 -0.955378
-0.0377866 -0.109401 0.0764071
-0.0402819 0.0578116 0.722284
0.0855715 0.151986 0.323126
-0.0556062 -0.151829 0.544423
0.124018 0.146354 0.102875
-0.0232245 0.116408 0.0897894
-0.0191871 0.151986 -0.0709839
-0.0258831 0.116387 -0.753465
-0.0550022 0.0359077 -1
-0.0402819 -0.0692243 -0.341128
-0.0718626 -0.101096 -0.87622
0.063372 0.116408 0.784159
0.0554298 0.116408 -0.12003
0.124018 0.14119 -0.196217
-0.0296109 -0.151829 -0.27746
-0.0341157 0.113437 0.324853
0.0778976 0.116408 0.175827
-0.0126619 0.118599 0.998782
0.124018 0.141162 0.154333
-0.0718626 0.139209 0.586467
0.0800159 0.116408 0.622996
0.0126204 -0.151829 -0.229966
0.091144 -0.151829 -0.672613
-0.0402819 0.0177115 -0.965614
0.00319929 -0.151829 -0.984725
0.0896332 -0.11625 0.775636
0.110275 -0.151829 0.252755
0.123907 0.132213 0.971242
-0.0718626 -0.0410228 0.401913
0.124018 -0.144511 0.589475
-0.0718626 -0.13314 0.081705
0.0243046 -0.11625 0.839235
-0.0229801 0.116408 0.306396
-0.0174972 -0.151829 0.263158
-0.0718626 0.00711748 0.52658
0.0812466 0.151986 -0.721227
-0.0718626 0.0161079 0.178283
-0.0718626 0.0693638 -0.127339
-0.0402819 -0.0205161 -0.568382
-0.0402819 0.0523022 0.637563
-0.0348885 0.151986 -0.458355
0.0467575 -0.151829 0.113828
0.0587253 -0.11625 -0.0713939
-0.0316326 0.114927 -0.629604
0.0394095 -0.11625 -0.381377
-0.0402819 -0.045169 -0.515995
0.0510062 -0.151829 0.93312
0.0601044 0.151986 -0.154341
-0.0402819 0.0679491 -0.314399
0.0359909 0.116408 -0.771334
0.0666211 0.151986 -0.502858
-0.0402819 0.101207 0.855447
-0.0718626 -0.0721414 0.325184
0.0192586 -0.11625 0.594367
-0.0577269 0.151986 0.824297
-0.0718626 -0.128424 -0.449359
-0.0089352 -0.151829 -0.891564
0.0396538 -0.151829 0.452383
-0.0448334 -0.0827588 0.998782
0.107488 -0.116295 0.350016
-0.0718626 0.122845 -0.197493
-0.0718626 0.0032616 0.769785
-0.0252945 -0.116249 -0.22317
-0.0402819 0.0340623 -0.175937
-0.0190837 -0.11625 -0.931137
0.00315229 0.151986 0.148031
-0.0718626 0.00343733 0.469581
0.000341806 -0.151829 0.67779
0.00529028 -0.151829 0.342136
0.068573 0.116408 -0.00879751
-0.0236803 0.116408 0.758501
0.109372 -0.11653 0.862999
-0.0711263 -0.151829 0.0362798
-0.0402819 0.0376274 -0.891406
0.0140826 -0.11625 -0.587835
-0.0718626 0.0341222 0.797417
0.111886 0.117331 -0.484093
-0.0402819 0.0379332 0.429996
-0.0718626 -0.0419697 0.833902
-0.0718626 -0.090462 0.848788
-0.0401524 -0.103039 0.0465904
0.124018 0.135399 -0.714367
-0.0402819 0.00118272 -0.541411
0.122554 -0.126971 0.877078
-0.0315871 0.151986 -0.0347768
-0.0402819 0.0825064 0.3219
-0.0474574 -0.151829 -0.118017
0.0179687 0.116408 -0.856604
-0.0718626 0.147418 -0.806581
0.110687 0.151986 0.804694
-0.0718626 0.066841 -0.934476
0.0204389 -0.11625 -0.141554
-0.0718626 -0.0629711 0.62147
-0.00726683 -0.151829 -0.0829979
0.0559834 -0.151829 -0.304974
-0.0577007 -0.151829 0.367397
0.0749866 0.116408 0.575292
0.124018 0.141316 0.908383
0.112709 -0.117473 -0.744421
0.0463199 -0.151829 -0.449867
0.0242138 0.116408 0.897709
0.0538754 -0.11625 -0.253476
0.111508 0.151986 0.650868
0.096071 -0.151829 0.364445
-0.0235847 -0.11625 0.566459
-0.071197 0.118068 -1
-0.0402819 -0.0911934 -0.754808
-0.0718626 -0.143685 -0.793355
-0.00436794 -0.11625 0.592903
-0.0718626 -0.00420731 -0.460401
-0.0718626 0.0745965 0.278182
-0.00761419 -0.151829 -0.708007
-0.0718626 0.111249 -0.655432
-0.00764622 -0.11625 0.286353
0.124018 -0.136793 -0.312862
0.0114972 -0.11625 0.813434
0.0260367 0.151986 -0.526467
-0.0718626 0.0666808 0.63283
-0.0718626 -0.00571862 0.173799
-0.0718626 -0.108387 0.395125
-0.0718626 -0.00905024 -0.00122995
-0.0323623 -0.151829 0.58823
0.124018 0.141015 0.877598
0.0340264 -0.11625 0.235766
0.104445 0.116408 0.170089
-0.0430822 -0.151829 0.884602
-0.0718626 -0.110334 0.436851
-0.0718626 0.010254 0.633843
-0.0718626 -0.121299 0.464013
-0.0402171 -0.102461 0.471052
-0.0718626 0.0369846 0.174579
-0.0718626 -0.084076 0.53585
-0.0182347 -0.151829 0.136712
-0.0402819 -0.0664334 0.828417
-0.0384253 0.108494 -0.710984
0.110872 0.151986 0.854461
-0.0718626 0.0286098 -0.538445
-0.0402819 -0.0290824 -0.876167
-0.0402819 0.0895827 0.494372
-0.0293568 0.151986 -0.911476
-0.0229044 0.151986 0.728793
-0.0718626 0.114008 0.698932
-0.0240064 0.151986 0.834169
0.118316 -0.151829 -0.47936
-0.0402819 -0.0235248 -0.603685
-0.0402819 0.0452737 0.396084
-0.0718626 -0.0590117 -0.210574
-0.0632845 -0.151829 0.798303
0.11679 0.119882 -0.329799
-0.0718626 0.072918 -0.621731
-0.0718626 -0.0371174 -0.427334
-0.0544603 -0.151829 -0.88759
0.027044 -0.151829 -0.89396
-0.00119585 -0.151829 0.288548
-0.0718626 -0.0831306 0.961014
-0.0402819 0.0706966 0.812
-0.0375791 -0.151829 0.763416
0.0542865 -0.11625 0.489826
-0.0718626 -0.069958 -0.91217
0.00386266 -0.11625 -0.298098
0.124018 -0.146062 0.889936
-0.0718626 0.0627602 -0.483829
0.00401881 0.151986 -0.0441296
-0.0402819 -0.0407635 -0.78874
-0.0718626 0.0205888 -0.283428
-0.0402819 -0.0444089 -0.835074
-0.0718626 0.112692 0.303207
-0.0718626 -0.0852467 0.491958
-0.0718626 -0.10774 -0.65943
0.124018 -0.150922 -0.238783
-0.0718626 -0.0302731 -0.777811
0.110329 -0.116729 -0.199993
-0.0566796 -0.151829 0.670907
-0.0718626 -0.0557498 0.0792115
0.0573236 -0.143507 -1
-0.0718626 -0.10195 0.591636
-0.0718626 -0.0146984 -0.883369
-0.0318439 -0.151829 0.382705
-0.0580271 0.151986 -0.851193
0.109618 -0.151829 0.104147
-0.0402819 -0.0926626 0.332176
0.0982 0.116408 0.197846
0.124018 -0.151694 0.120855
-0.0201235 0.116408 0.804029
0.0650284 0.116408 0.266079
-0.0402819 0.00671516 0.00433651
-0.0718626 -0.0806055 0.991693
-0.0402819 -0.0348567 0.648037
0.00361085 -0.151829 -0.875339
0.123242 0.128999 -0.735414
-0.0402819 -0.0749551 -0.655946
-0.0686663 -0.151829 -0.277981
-0.0445081 -0.151829 -0.0193643
0.056078 0.151986 0.973066
0.0343245 -0.151829 0.897836
-0.0718626 -0.107636 0.313476
0.0469302 -0.11625 0.552478
0.089922 -0.151829 0.0498546
0.0522886 0.151986 0.921847
-0.0307849 -0.151829 0.153305
0.0132101 -0.151829 0.127953
0.0559634 0.151986 -0.945621
-0.0718626 -0.0528663 0.899716
0.124018 0.138751 0.998246
0.0832821 0.116408 -0.12464
0.0241609 -0.11625 -0.821082
-0.0718626 0.0238739 0.382369
0.0830679 -0.151829 -0.148153
-0.0718626 0.123662 -0.770199
-0.0402819 -0.0979845 -0.718315
-0.036856 0.151986 -0.198643
-0.0402819 -0.0862451 0.266415
-0.0402819 0.0172978 -0.667078
0.124018 0.143377 -0.549759
0.096238 -0.11625 0.0954888
0.0796397 0.151986 0.0818018
-0.0718626 0.0692364 -0.38778
-0.0380937 -0.108914 -0.133965
-0.0718626 0.0717407 -0.234446
-0.0718626 0.111353 0.639609
0.0495946 -0.11625 -0.345052
-0.0402819 0.0167167 0.69114
0.108568 -0.116405 -0.310958
0.0634508 -0.11625 0.055241
0.0340172 0.151986 0.457837
0.0895448 0.151986 -0.0175435
-0.0718626 -0.13889 0.25554
-0.0402819 0.0415271 -0.379743
0.003654 -0.151829 -0.309857
-0.0402819 0.0697614 -0.246895
0.0790536 0.151986 0.812815
-0.0718626 0.073598 0.664442
-0.0718626 0.1097 -0.0586676
-0.00792098 -0.11625 -0.422222
-0.0718626 0.073564 -0.846692
0.121679 0.125379 0.19258
-0.0562905 0.151986 -0.188042
0.08361 -0.151829 0.852932
-0.0718626 -0.00500656 0.142465
-0.0718626 0.00157196 -0.634957
0.124018 -0.134706 -0.737556
0.121593 0.12523 0.903491
-0.0718626 -0.0219606 -0.648428
-0.0575783 -0.00641198 0.998782
-0.0567506 0.151986 0.937525
0.00829193 -0.11625 -0.750519
-0.0718626 -0.0421213 0.478234
-0.0402819 0.0864103 0.852947
-0.0349777 -0.151829 -0.844908
0.0458566 -0.151829 -0.632291
-0.0579186 -0.151829 0.296031
-0.0718626 -0.0132319 0.822185
0.0950314 -0.151829 -0.869298
-0.0718626 -0.0766542 0.120815
0.0523913 -0.11625 0.694053
0.0551288 0.116408 0.395815
-0.0402819 0.0504115 -0.119993
0.113934 -0.118006 -0.559519
-0.0402819 0.0612967 -0.690039
0.0272495 0.151986 -0.740375
-0.0224584 0.116408 0.399022
-0.0718626 -0.145918 0.564783
0.0816363 0.116408 0.51108
0.112392 0.117509 0.0695996
-0.0718626 -0.0481964 0.0657126
0.032815 -0.151829 0.594813
-0.00250973 -0.11625 0.652667
0.0512564 -0.11625 -0.416508
-0.0402819 0.0433992 -0.254645
-0.0402819 0.0768202 -0.264095
0.110375 0.151986 -0.258679
0.0481856 -0.151829 -0.720693
-0.0718626 0.0545867 0.0995489
-0.0188694 -0.151829 -0.998797
0.124018 -0.137312 0.38215
0.012874 -0.151829 0.666048
-0.0718626 0.135111 -0.232118
-0.010702 0.116408 -0.0450345
0.0379849 0.116408 0.982861
-0.0402819 0.056761 -0.194551
0.0906974 -0.11625 0.963029
-0.0402819 0.00439622 0.720414
-0.0718626 0.0411695 -0.250156
0.0308524 -0.151829 0.802753
0.0858974 -0.11625 -0.567367
0.109485 -0.116551 0.619939
0.0490127 0.151986 -0.106621
0.119935 0.122857 -0.503217
0.0905977 -0.11625 0.207544
0.0989921 0.151986 0.737888
-0.0718626 -0.0308731 0.225488
0.0861061 0.116408 0.865279
-0.0079079 0.151986 0.272437
0.120082 -0.151829 0.446665
-0.0718626 0.0181595 -0.731581
0.013199 -0.11625 -0.0244024
-0.0402683 0.10186 0.134016
0.051874 -0.151829 -0.344083
0.0469159 0.116408 -0.443315
-0.0718626 0.0731146 -0.657303
-0.0180125 0.151986 0.902108
-0.0718626 -0.0199685 0.296437
0.081825 0.151986 -0.373003
-0.0718626 0.112309 -0.679838
-0.0402819 0.0250506 0.330871
0.116615 0.119754 0.947045
-0.0402819 0.093795 0.788738
-0.0718626 0.124223 -0.947518
-0.0376282 0.109795 0.8216
-0.0718626 -0.0706881 -0.622331
0.119771 0.122661 0.463636
0.0997544 0.116408 -0.562466
0.00162056 -0.151829 0.24768
-0.0402819 0.0851464 0.919248
-0.0402819 0.0900544 0.230297
-0.0718626 -0.101354 -0.687846
0.110436 0.151986 -0.413742
-0.0182639 -0.11625 -0.20431
-0.0591687 -0.1121 -1
-0.0718626 0.0107181 -0.018322
0.111599 0.151986 0.429755
-0.0402819 -0.0952874 -0.574005
-0.0718626 -0.101066 0.974064
0.09559 0.151986 -0.148045
0.105931 0.116408 -0.0333434
-0.0718626 0.0915092 0.797908
0.0990279 0.151986 0.941867
0.0637293 -0.151829 0.048245
-0.0157717 0.151986 0.810281
0.101926 0.151986 -0.645639
-0.0402819 0.071215 0.252605
0.0924797 -0.151829 0.89936
-0.0402819 -0.0146354 0.887004
-0.0718626 0.138724 0.06633
0.0739397 -0.151829 0.202625
-0.0402819 0.0549699 -0.225233
-0.0402819 0.0284981 0.792606
-0.0410958 0.151986 -0.86541
0.110306 -0.151829 -0.827476
-0.0363229 0.111445 -0.117725
0.0317392 -0.151829 0.949479
-0.0718626 0.144154 -0.333437
-0.0718626 0.151597 -0.856312
-0.0402819 0.0883846 -0.901086
0.0627804 -0.151829 0.317796
0.0873463 0.151986 -0.399505
-0.0718626 0.12535 -0.652656
-0.0718626 -0.0172687 -0.489857
-0.0718626 0.0428107 -0.399308
-0.0718626 -0.0741841 -0.930234
0.00461539 0.116408 -0.385619
-0.0718626 0.0839904 0.584905
-0.0718626 -0.0939464 0.259392
0.111749 -0.117128 0.179607
-0.0402819 0.0395516 -0.0479688
-0.0402819 0.066404 0.998482
0.00920145 -0.11625 -0.948156
0.0341869 0.116408 0.95034
-0.0402819 -0.0669881 0.157416
-0.0402819 0.0208187 -0.693288
-0.0111015 0.151986 0.304105
-0.0718626 0.118322 0.903525
0.0511285 0.151986 0.0833315
-0.0353604 -0.112253 -0.831093
-0.0718626 -0.0637546 0.426656
-0.0536222 0.151986 -0.49831
0.124018 -0.136949 -0.610868
0.096847 -0.11625 -0.0018998
-0.0718626 -0.0457064 -0.803349
-0.0388083 -0.107586 0.652333
-0.0402819 0.0871642 -0.683251
-0.0402819 0.0153524 -0.237611
-0.0183632 -0.151829 0.0480975
-0.0718626 0.0346159 0.392104
0.114598 0.1185 0.276453
0.124018 0.147011 -0.0754066
-0.0108063 0.151986 0.354865
-0.0402819 0.0994145 0.53634
-0.0718626 -0.118896 -0.802614
0.0944641 -0.11625 -0.63624
-0.033781 -0.151829 0.454206
0.0411157 -0.11625 0.475228
-0.0718626 0.00743833 0.362396
-0.0718626 0.0227972 0.0382798
-0.0718626 0.122083 -0.817584
-0.07075 -0.151829 0.785549
-0.0718626 0.0939958 -0.6983
0.0231279 0.151986 -0.493421
-0.0718626 0.0564297 -0.947523
0.116822 -0.119748 -0.139904
0.0432992 0.151986 0.509037
-0.00753128 -0.151829 0.0284951
0.0789575 -0.11625 -0.406596
-0.0718626 0.0779348 -0.817669
0.0692165 -0.11625 -0.271211
-0.0718626 0.116925 0.0503689
-0.0396465 0.105564 -0.563016
0.01632 -0.11625 0.659074
-0.0453009 -0.151829 -0.937112
0.0387577 -0.11625 -0.365018
-0.0718626 -0.134017 0.590613
-0.0587882 0.113726 0.998782
-0.0718626 0.123577 -0.8746
-0.0384938 -0.10821 0.701802
-0.029407 0.115782 -0.250902
-0.065406 0.151986 -0.540842
-0.0718626 -0.0678246 0.593314
-0.0243164 0.151986 0.657208
-0.0402819 0.0301255 0.724409
-0.0647163 0.151986 0.664309
-0.0718626 0.112062 -0.398415
0.0347105 0.151986 -0.0832984
-0.0718626 -0.0654077 -0.392973
-0.0402819 0.0348248 0.131562
-0.0402737 -0.101558 0.878144
0.0786936 -0.11625 0.851027
-0.0402819 -0.079149 0.325198
0.0408651 -0.151829 0.422818
-0.0718626 0.0143259 0.739931
0.0613645 0.151986 -0.194793
-0.0162274 -0.151829 -0.176674
0.116921 -0.119822 -0.760588
-0.0402819 0.0786075 -0.0170485
0.0532619 -0.151829 0.144863
0.1235 -0.129779 -0.343554
-0.0303634 0.115464 -0.865779
0.0564408 0.116408 0.860265
-0.0402819 0.075824 0.280385
-0.0141677 -0.11625 0.465924
-0.0718626 -0.113963 0.0329876
-0.0718626 0.1189 -0.249196
0.0248271 0.151986 0.617711
-0.0401766 0.103003 -0.275531
-0.0718626 0.113383 0.189659
-0.0718626 -0.0352721 -0.586851
-0.00304482 0.151986 -0.155732
0.0751535 -0.151829 -0.267139
0.0559053 -0.151829 -0.395061
0.0938366 0.116408 -0.593477
-0.0621474 -0.151829 0.827157
-0.0718626 0.13637 0.0379451
-0.012145 -0.151829 0.173929
-0.0642466 0.151986 0.579347
0.0531596 -0.151829 0.783117
0.113973 -0.118024 -0.84107
-0.0402819 -0.0025114 0.557998
-0.0718626 -0.0985739 0.713731
0.0703195 -0.151829 -0.605388
0.0267441 0.116408 0.612355
-0.0556738 -0.0839917 -1
0.0295938 -0.151829 -0.266667
-0.0718626 0.0259801 0.982798
-0.0341064 -0.113286 -0.712818
0.0827135 0.151986 -0.612525
-0.0402819 0.0280697 -0.862917
-0.0389637 0.151986 0.876594
-0.0402819 -0.0532158 -0.235583
0.0533218 0.116408 -0.551257
-0.0070475 -0.11625 0.396327
-0.0299866 -0.11544 -0.477327
0.0484763 -0.11625 0.538019
0.00408074 0.151986 -0.755468
-0.0292074 0.151986 0.605888
-0.0718626 -0.148062 -0.173514
-0.0402819 -0.0310682 -0.579087
-0.0402819 -0.0116187 0.215384
-0.0437655 0.151986 0.751351
0.0481825 0.151986 -0.81923
0.109786 -0.151829 -0.155176
0.0663681 0.151986 0.858068
-0.0718626 0.134601 -0.0530572
-0.0153429 0.151986 0.461097
-0.0402819 0.0349759 0.664075
-0.0718626 0.0912172 -0.49893
-0.0718626 -0.0885511 0.352505
0.123679 0.13074 0.72612
-0.0718626 0.143604 -0.98176
0.0715839 -0.151829 -0.434842
0.120914 -0.151829 -0.641817
-0.0718626 -0.00244718 -0.768219
0.124018 -0.134228 -0.22101
-0.0305957 -0.151829 -0.748554
0.111519 0.151986 -0.795899
0.124018 -0.1443 0.512856
-0.0382537 0.151986 -0.509165
0.114616 -0.118351 -0.995602
-0.0402819 -0.0945614 -0.406254
0.0825864 -0.11625 -0.594251
-0.0718626 0.102564 0.496425
-0.0718626 -0.029168 -0.364785
-0.0718626 -0.0127385 0.373946
-0.00674063 0.151986 0.566654
0.0236852 0.116408 -0.114385
0.0646837 0.116408 0.237556
0.0025452 0.116408 -0.878443
0.0664688 -0.151829 -0.538771
-0.0111461 0.116408 0.361225
0.0717256 -0.11625 -0.522933
-0.039939 0.104427 0.09281
0.0869931 -0.151829 0.235539
0.0335045 -0.11625 0.165429
0.0120778 0.151986 -0.504442
-0.0642794 0.151986 0.862076
-0.0713947 -0.151829 0.499773
-0.0718626 -0.0424052 -0.0934458
-0.0402819 -0.0990449 -0.771086
0.124018 -0.144476 -0.00441698
0.0782397 -0.11625 0.575716
0.117619 -0.120375 0.542068
-0.0511945 -0.151829 -0.742513
0.097188 -0.11625 -0.874862
-0.02356 -0.11625 -0.901821
0.00784785 -0.11625 0.252656
-0.0157372 -0.151829 0.282041
-0.0402819 -0.0279565 0.0101467
-0.0718626 0.0424277 0.362445
-0.0402819 -0.074317 0.771115
0.0177845 0.116408 -0.310772
0.109461 0.151986 0.0197629
0.00707892 0.151986 -0.588259
-0.0718626 -0.119906 -0.0369593
-0.0212692 -0.11625 -0.449522
0.0689877 0.151986 -0.0496653
0.0222441 -0.11625 -0.902225
-0.0402819 0.0770844 -0.964121
0.0827539 -0.11625 -0.462727
-0.0118882 -0.151829 0.430917
0.0452097 0.116408 -0.265255
0.0212755 -0.11625 0.190016
0.0705557 -0.11625 -0.88182
-0.0402819 0.0726438 0.0322165
0.0252872 -0.151829 0.743242
0.00143815 -0.11625 -0.280036
0.0750358 0.151986 -0.146504
-0.0604459 0.151986 -0.254667
-0.0342341 0.151986 -0.735923
0.00940644 -0.151829 0.615515
-0.0718626 0.126666 -0.92272
-0.0718626 -0.0918915 0.658691
-0.00212581 0.116408 -0.171793
0.0189483 0.151986 0.276784
-0.0402819 -0.0364318 -0.158305
0.110188 0.151986 -0.677597
-0.0718626 0.0693127 0.146905
-0.0620474 0.151986 0.163333
0.120889 0.151986 0.502208
-0.0275282 0.116211 -0.883075
-0.0718626 -0.140832 -0.377481
0.0560465 0.116408 0.294011
0.124018 0.149806 0.338534
0.0267779 0.117568 0.998782
0.0343673 0.151986 -0.699583
0.07508 -0.151829 0.921662
-0.0402819 0.090633 -0.460076
-0.04025 -0.102044 -0.44948
-0.0718626 0.147313 -0.411378
0.082625 0.151986 -0.415175
-0.0718626 0.116759 0.733186
-0.00765116 -0.11625 -0.17978
-0.0150594 0.151986 0.432068
-0.0402819 0.0569545 -0.335662
0.0219524 -0.11625 0.856201
0.124018 -0.138859 0.753692
-0.0402819 -0.0722129 0.752939
-0.0718626 0.11706 -0.273041
-0.0157542 -0.11625 -0.965123
-0.0402819 0.0719402 0.52005
-0.0402819 -0.0514758 0.181171
0.0548035 -0.151829 0.687604
0.0135507 0.116408 0.990741
0.00692634 0.151986 -0.623801
0.00640482 0.151986 -0.403081
0.124018 -0.134637 -0.571667
-0.0718626 -0.00752479 -0.181456
-0.0718626 -0.151104 -0.0552171
-0.0452994 -0.151829 -0.916806
-0.0402819 -0.0114202 -0.895921
-0.0598555 -0.0334441 -1
-0.0718626 -0.0979777 -0.436991
-0.0402819 -0.0102097 -0.270236
0.0142957 -0.11625 0.417859
0.0230661 -0.151829 -0.413342
-0.0718626 0.12003 -0.0352367
0.0191953 -0.151829 -0.49445
0.099672 0.116408 -0.130261
-0.0402819 -0.0587965 0.0737602
0.0274374 0.116408 -0.947283
-0.0714262 0.0580123 -1
-0.0718626 -0.137104 -0.0263175
-0.0402819 0.0782231 0.981623
0.0101844 0.151986 0.796663
-0.0718626 -0.0540059 0.186064
-0.0402819 -0.038056 -0.434043
-0.0718626 -0.0598246 0.669161
-0.0718626 -0.0131729 0.982311
-0.0100059 0.151986 0.679722
0.037166 0.116408 -0.60713
-0.0402819 -0.0240673 -0.554709
0.0996186 -0.11625 -0.354284
0.0558812 0.151986 -0.679527
-0.0718626 0.044644 -0.848868
0.00977635 -0.11625 -0.152295
-0.00197241 -0.11625 0.151516
0.00214208 -0.151829 0.478397
-0.0718626 0.0648292 -0.311638
-0.0402819 0.0653895 0.0655862
-0.0352297 -0.151829 0.326034
-0.0460323 0.151986 0.295259
-0.0718626 0.0954937 0.0108164
0.0610717 0.151986 -0.0940544
0.113163 -0.151829 -0.611525
-0.0718626 0.0787076 -0.305072
0.0516693 0.116408 0.502589
-0.0718626 0.136401 -0.123657
-0.0337505 0.151986 0.558948
-0.0399591 0.126632 -1
-0.0402211 0.102575 -0.627788
-0.0402819 0.0327631 -0.602059
-0.0402819 0.0815846 -0.346273
-0.0718626 0.013489 -0.0695121
-0.0398782 0.104696 0.561031
-0.0718626 0.150445 0.0165733
-0.0718626 0.0267547 -0.223404
-0.0718626 -0.110112 0.077629
-0.0205498 0.151986 -0.131663
-0.0382204 -0.1087 -0.267042
-0.0206657 -0.151829 -0.0310079
0.0291179 0.116408 0.759062
-0.0402819 0.00552137 0.207215
0.063468 0.116408 0.831225
-0.0718626 0.0025209 -0.596518
-0.0718626 0.132405 0.493042
0.124018 0.139908 -0.592479
-0.0718626 -0.05802 -0.0916248
-0.0402819 0.0915566 0.337982
0.0203116 -0.151829 -0.431912
0.0732042 -0.11625 -0.714611
0.0519786 0.116408 0.771716
0.100924 0.151986 -0.901667
-0.0718626 0.116074 0.137844
0.0948118 -0.11625 0.540007
-0.0718626 0.0188589 -0.957678
0.0660337 -0.11625 0.988164
-0.0402819 -0.0883084 0.962988
0.0633884 0.151986 0.281924
-0.0718626 0.0815051 -0.896449
-0.0137858 -0.11625 0.709732
0.0387809 -0.151829 -0.135619
0.0551604 -0.151829 0.249561
-0.0718626 -0.0359595 0.0399973
-0.0718626 0.0672953 0.887173
0.0648463 0.116408 0.969999
-0.00926425 -0.11625 -0.845595
-0.0402819 0.0549845 -0.998424
-0.0197041 -0.11625 0.580469
-0.0402819 0.0513726 -0.965958
-0.0402819 -0.00901403 0.98707
0.0398377 0.151986 0.815561
-0.0718626 0.0301464 -0.556514
-0.0402819 0.0282486 -0.404483
-0.0402819 -0.0597881 -0.58437
0.103529 0.151986 -0.391949
0.0609292 -0.11625 0.345165
0.0615354 0.151986 0.711326
0.108151 0.124634 -1
-0.0718626 0.105468 0.239085
0.117062 0.151986 0.233454
-0.0402819 0.0508619 -0.863809
0.0210475 -0.11625 0.13534
0.0879704 -0.151829 0.147588
-0.0718626 0.0896189 0.126324
0.0515884 -0.151829 -0.251459
-0.0402819 0.0249374 -0.498776
0.0626185 0.116408 0.437029
0.123218 0.128922 -0.800359
0.00901188 -0.11625 0.568639
0.0963315 -0.11625 0.428939
0.089555 -0.151829 -0.749825
-0.0718626 -0.125261 -0.332137
0.0728071 0.116408 -0.257816
-0.0402819 0.033588 0.904788
-0.0243848 0.116408 -0.908745
-0.004985 0.116408 -0.67181
0.0356922 0.116408 -0.13811
-0.0601041 0.151986 -0.738569
-0.0155382 0.116408 -0.494001
-0.0718626 0.0582966 0.925802
0.0324809 -0.151829 -0.655048
-0.0326112 0.151986 0.0826659
0.0618729 0.151986 0.934763
0.066526 0.116408 -0.527014
0.124018 -0.140508 -0.862311
-0.0718626 -0.0110753 0.694534
-0.0279639 -0.115976 -0.177689
0.0908169 -0.151829 -0.78404
-0.00616786 -0.11625 -0.783911
-0.0402819 -0.100508 0.564518
0.079505 0.151986 0.706149
-0.0599414 -0.151829 -0.614654
-0.035029 -0.112549 -0.588697
-0.0402819 -0.0321558 0.391096
-0.0402819 0.00401781 0.856225
-0.0718626 0.0495547 0.767243
-0.0181438 0.116408 -0.0609686
-0.00621926 0.116408 0.0741222
-0.0718626 -0.0462026 -0.837794
-0.0168129 -0.151829 0.397604
0.0307735 -0.11625 0.0193722
-0.00232282 0.151986 -0.690077
-0.00863714 0.151986 -0.423183
-0.0402819 -0.000856393 -0.224572
-0.0718626 -0.0615163 -0.816833
-0.0402819 -0.0635486 -0.853985
-0.0718626 0.0252378 0.551549
-0.00986996 -0.151829 0.203025
-0.0402819 0.042602 -0.361153
-0.0408772 0.151986 -0.543247
-0.0385709 0.151986 -0.0181989
0.0778301 0.116408 -0.994774
-0.0231108 0.116408 -0.804406
0.0370191 -0.151829 -0.180368
-0.0718626 -0.141458 0.931995
0.0768106 0.151986 -0.389633
-0.0718626 -0.0950128 0.391091
-0.0402819 0.00561581 -0.610287
-0.0402819 0.010281 0.83015
-0.0718626 -0.0312377 0.968269
0.101966 -0.151829 0.802449
-0.0718626 0.0251895 -0.103878
-0.0402819 0.0419626 0.842613
-0.0231365 0.151986 -0.933661
0.000211683 0.151986 0.532123
-0.0718626 -0.0691383 0.545361
-0.00542813 -0.11625 0.84997
-0.0718626 0.140878 -0.794027
-0.0718626 0.136526 -0.998958
-0.0126615 -0.11625 0.445568
0.122135 -0.126075 -0.36917
-0.0718626 0.074815 -0.985691
0.0778958 0.116408 0.527752
-0.0718626 0.0690375 -0.412325
0.0209309 -0.11625 0.985268
0.0193294 0.151986 0.0645576
-0.0718626 0.0858015 0.848813
0.0621072 0.137251 0.998782
-0.0718626 -0.0790122 0.20576
-0.0718626 0.12017 0.0186264
-0.0718626 -0.0289943 -0.85544
-0.0420342 -0.151829 -0.963774
0.0161716 -0.151829 -0.208729
0.0253078 -0.151829 0.260636
-0.0402819 -0.06869 -0.504362
0.0683833 -0.11625 -0.571891
0.0917652 0.116408 0.904678
0.042144 0.116408 -0.632153
0.124018 0.144406 -0.256777
0.122142 0.126245 -0.945209
0.118207 0.121044 -0.0800866
-0.0718626 0.0468003 0.463254
-0.0718626 0.0342713 -0.486963
-0.0402819 0.0152468 0.973718
0.0883448 -0.11625 -0.0623058
0.0270775 0.151986 0.870884
0.00149603 -0.11625 -0.499188
0.00614747 -0.11625 -0.886777
0.121223 0.124624 0.542537
-0.0402819 0.0568326 0.849516
-0.0718626 0.0783986 0.535748
-0.0230251 -0.11625 0.0127147
-0.0718626 0.00622564 0.393998
-0.0386798 0.151986 0.343715
-0.0449096 0.151986 -0.824386
-0.0119526 -0.151829 -0.828821
-0.0718626 -0.0182913 -0.0709133
0.063795 0.151986 -0.650512
0.0898011 -0.11625 -0.0360633
0.109215 0.11666 0.562053
-0.0123448 -0.151829 0.813816
-0.0718626 0.00135917 0.973008
-0.0402819 0.0889006 -0.435056
0.0526113 0.151986 0.328948
0.123577 -0.130103 -0.502934
0.108728 -0.116427 0.925825
0.0248776 0.116408 0.380298
0.0290373 -0.151829 -0.125349
-0.0718626 -0.0883809 -0.964935
0.0909005 -0.151829 0.386525
-0.0718626 0.126051 0.722257
-0.0355288 0.135364 0.998782
0.0237515 0.116408 -0.512312
0.068672 -0.11625 -0.481827
0.110251 -0.116711 -0.620742
0.0868561 0.151986 -0.540697
0.0315221 -0.151829 0.838462
-0.0718626 0.0777209 -0.8622
-0.00818065 0.116408 -0.78241
-0.0718626 -0.0963342 -0.507991
-0.0718626 -0.145785 -0.547987
-0.035811 -0.111823 0.24212
-0.00503181 -0.151829 -0.573525
0.0989458 -0.11625 0.644851
-0.0402819 -0.0914314 0.280804
-0.0402819 0.0754229 -0.391524
0.116778 0.119873 -0.759539
-0.0718626 0.0672102 -0.0406136
0.0211328 0.151986 0.52531
-0.0718626 -0.0479861 -0.954945
0.0525528 -0.11625 0.0144271
0.0289247 0.116408 -0.55693
0.0179615 0.116408 -0.586941
-0.0397912 -0.151829 -0.773524
0.124018 -0.150219 -0.279239
-0.0402819 -0.0142934 0.901678
-0.0718626 0.0753925 -0.766513
-0.0718626 0.138188 0.934053
0.0662836 -0.151829 -0.867342
-0.0402819 -0.0408771 0.525699
-0.0219844 -0.11625 0.858624
0.0585974 0.151986 0.408013
0.0957381 -0.11625 -0.490161
0.0022847 0.151986 0.922316
0.0277549 -0.11625 -0.969191
0.00731732 -0.151829 -0.939222
-0.0718626 0.0175214 -0.262516
0.123936 0.132493 0.568998
-0.0718626 0.0579273 0.845082
-0.0427294 0.151986 -0.574504
-0.0718626 -0.105404 0.286354
-0.0402819 -0.0767371 -0.90925
0.0766855 0.116408 0.248368
0.0476794 0.151986 -0.14037
0.122763 -0.127476 -0.598052
0.0507401 -0.11625 -0.739032
-0.0164084 0.151986 0.542589
-0.0402819 0.029934 -0.011482
-0.0402819 0.0124798 -0.901525
-0.0718626 0.0505208 -0.26968
-0.0718626 0.101829 0.546964
-0.0718626 -0.0778729 -0.791577
-0.0718626 0.148292 0.816646
0.0339951 0.116408 0.367415
-0.0402819 0.0264236 0.806438
-0.0718626 -0.0489923 -0.863647
-0.0402819 0.0423979 -0.737454
-0.0054582 0.116408 -0.33515
-0.0718626 0.00576413 -0.236443
0.124018 0.135502 0.173929
-0.0718626 -0.125656 -0.00975119
-0.0718626 0.129965 0.446789
0.124018 -0.137493 0.789232
0.0196926 0.116408 0.109407
0.0873196 -0.11625 -0.886676
-0.0402819 0.0268765 0.0179205
-0.0576817 -0.151829 0.723356
-0.0718626 -0.0586903 -0.568218
0.00332425 -0.11625 -0.723415
-0.0597405 0.151986 0.517107
0.0960085 0.116408 -0.525374
0.124018 -0.137112 -0.884547
-0.0718626 0.0830056 -0.726456
-0.0465511 -0.151829 0.139144
-0.0373037 0.110251 0.843342
-0.0402819 -0.0677251 -0.325302
-0.0443424 -0.151829 -0.720854
-0.0718626 -0.0506206 0.041755
-0.0718626 -0.138378 0.844492
-0.0718626 0.0836196 -0.0617195
0.106585 0.116411 0.614586
0.0203128 -0.151829 -0.00173013
0.122992 -0.128087 0.00958301
-0.0718626 0.056556 -0.745445
0.0325194 0.116408 -0.917017
-0.0421343 0.151986 0.470175
-0.0118562 -0.11625 0.946503
0.00836072 -0.11625 -0.631525
-0.0402819 0.0503807 -0.0802317
-0.0718626 -0.0495176 0.137558
0.107442 0.116449 0.0320922
-0.0402819 -0.0842478 -0.522876
-0.0718626 -0.0991124 -0.359236
-0.0718626 -0.0884437 -0.821744
-0.0718626 -0.0356375 -0.299522
-0.0718626 -0.0676321 0.349197
0.119709 0.122589 0.333471
-0.0718626 0.0465546 0.0515055
-0.0603815 0.151986 0.43178
-0.0718626 0.119997 -0.296792
0.0632422 0.116408 0.0953185
-0.0402819 0.0370637 -0.467507
-0.0415465 -0.151829 0.200551
-0.0718626 -0.0235 -0.140349
-0.0718626 -0.117828 -0.2219
-0.0718626 -0.131538 0.396242
-0.0718626 0.0535713 0.949845
-0.0538443 -0.151829 0.771543
-0.0559776 0.151986 -0.650907
0.0817542 -0.151829 -0.0511548
-0.0247667 0.116408 -0.00313979
-0.0718626 -0.10671 -0.999981
0.0076551 0.151986 -0.369458
-0.0402819 -0.0255287 0.27486
0.0666719 0.151986 -0.278093
-0.0402819 -0.0255549 0.362922
0.124018 0.141036 0.791241
-0.0718626 -0.0924803 -0.121587
-0.0718626 0.0305007 0.201773
0.0443868 -0.151829 -0.432898
0.025877 -0.11625 0.781556
0.0706264 0.151986 0.575071
0.0539291 0.151986 -0.341753
0.0185698 0.151986 -0.110339
-0.0718626 0.127747 -0.841388
0.0717002 -0.151829 0.883224
0.059069 0.116408 -0.395469
0.0738973 0.116408 0.130773
-0.0402819 -0.0619532 -0.0213478
0.0794172 -0.11625 -0.806986
0.0883902 -0.11625 -0.742978
0.0639101 0.138483 -1
0.0873915 0.151986 -0.506201
0.124018 0.145145 -0.95862
0.0884599 -0.151829 -0.412675
-0.0402819 -0.0526677 -0.70995
0.0112418 -0.11625 0.94048
-0.0402819 -0.0583615 -0.882329
0.0951645 -0.11625 0.569139
0.0718078 -0.151829 -0.759518
0.121798 0.125591 -0.580183
-0.0402819 0.00422954 0.316107
0.0353992 -0.11625 0.353193
-0.018485 0.116408 0.578755
-0.0402819 -0.00931807 0.919778
0.0579998 0.151986 -0.558328
-0.0160306 -0.11625 0.0426993
0.0833351 -0.11625 0.907557
0.0957533 0.151986 -0.713678
0.0619499 -0.151829 -0.692336
0.0523456 -0.151829 0.182947
-0.0718626 0.138976 -0.462171
-0.0402819 -0.0364549 0.712004
0.102513 0.116408 -0.635904
0.065956 0.151986 -0.246057
-0.0268924 -0.116143 0.894445
-0.0718626 0.0765869 -0.476085
0.113816 0.118107 0.0974628
-0.0402819 0.0928712 0.619169
-0.0718626 0.0375696 0.419198
-0.0718626 -0.0488484 -0.754431
-0.0718626 -0.0773818 0.748433
-0.0718626 0.0987704 -0.0683619
-0.0402819 -0.0747698 -0.458536
-0.0718626 0.136679 0.407613
-0.0344585 -0.151829 0.856846
-0.0402819 0.00222468 0.440319
-0.0718626 -0.0457369 -0.06445
0.0236238 -0.11625 -0.358528
0.0284943 0.151986 0.592439
-0.0613384 -0.151829 -0.502688
-0.0402819 -0.0852649 0.0400099
-0.0718626 -0.135716 0.513144
0.021502 0.151986 -0.981165
0.0350875 0.116408 0.871495
0.0504659 0.116408 0.280262
0.124018 0.137608 -0.0562723
-0.0171246 -0.11625 -0.242264
-0.0402819 0.0609837 0.796713
0.0757512 -0.11625 0.210222
-0.0718626 -0.0648525 -0.731898
-0.0387143 -0.151829 -0.653722
0.124018 -0.134018 -0.906534
0.07485 0.151986 -0.692712
0.121331 0.151986 -0.0428733
-0.00557095 0.151986 -0.519674
0.0350167 -0.11625 -0.0480891
-0.0402819 -0.0347735 0.983527
0.100511 0.116408 0.594431
-0.0509912 -0.151829 -0.0344404
-0.0616311 0.151986 0.284097
-0.0718626 -0.13406 -0.29957
0.0313163 0.116408 -0.861043
-0.0402819 0.0602976 -0.887767
-0.0402819 -0.0797414 0.437073
0.122783 0.127683 -0.831053
-0.0402819 0.07603 -0.877934
-0.0402819 -0.0459152 0.110569
-0.0402819 0.000504216 -0.986373
0.106294 0.151986 0.357097
-0.0718626 0.148952 -0.714389
0.124018 -0.136623 -0.19351
-0.0492443 0.151986 -0.319655
0.0120962 -0.151829 0.855245
0.0892111 -0.151829 -0.612419
0.0478459 0.151986 0.631435
-0.0401246 0.103397 -0.895055
-0.0616975 0.151986 -0.605328
-0.00731138 0.116408 -0.996116
0.110443 -0.151829 0.56482
-0.0718626 0.113732 -0.598027
-0.0402819 0.00313535 -0.717583
-0.0718626 0.096787 0.168874
-0.0686944 0.151986 -0.578853
0.075143 -0.11625 -0.0958318
-0.0340684 -0.151829 0.953227
0.0884203 -0.151829 0.653691
-0.0718626 -0.0267848 -0.253699
0.123457 0.151986 -0.840787
0.124018 0.150726 -0.310812
-0.0402819 -0.0680551 -0.532203
0.123121 0.12862 0.259157
-0.0718626 0.0793145 0.770724
0.0825231 0.151986 -0.325046
0.0482295 -0.11625 0.965803
-0.0718626 -0.0117106 0.794601
0.0128326 -0.11625 0.117347
-0.0718626 0.0512505 0.127266
-0.0211533 0.116408 -0.100435
0.0735752 -0.151829 -0.583724
0.0337703 -0.151829 -0.837586
0.050573 0.116408 -0.680254
0.0227906 -0.151829 0.0685219
-0.0718626 0.0571297 -0.0301165
0.041256 -0.11625 0.420071
0.0947373 -0.11625 0.59825
0.0338456 -0.151829 -0.789036
-0.0551345 -0.151829 -0.363965
-0.0402819 -0.0181748 -0.727797
-0.0402819 0.0444339 0.532802
0.0465912 -0.151829 -0.657926
-0.0380827 -0.108932 -0.430793
0.019739 0.151986 0.635456
-0.0718626 0.0876011 0.0986821
-0.0402819 0.090572 0.273424
-0.0718626 0.149212 0.474285
-0.0718626 0.0832581 -0.265667
0.0591714 -0.11625 0.892772
-0.0402819 -0.0589787 0.660514
-0.0237967 0.151986 0.444411
-0.0402819 -0.054097 -0.750189
0.0276448 0.151986 -0.864395
0.0381903 0.116408 0.644724
0.0673107 -0.11625 0.770369
0.0244618 -0.11625 -0.426483
-0.0245247 0.116408 0.942314
0.0244893 0.151986 -0.720566
0.0424725 -0.151829 0.916384
0.0676353 -0.11625 -0.371072
-0.0373648 -0.11001 -0.517158
-0.0718626 -0.121448 0.704981
-0.0718626 -0.0216313 -0.75372
-0.0718626 0.125987 0.692374
-0.037059 -0.151829 -0.342086
-0.0234971 0.116408 0.557054
-0.0718626 0.11397 -0.12574
-0.0336759 -0.113592 0.52251
-0.013251 -0.11625 -0.688922
-0.0402819 -0.0934544 -0.547618
-0.0262284 0.151986 -0.336118
-0.0402819 0.00570269 -0.789075
-0.0211434 0.151986 -0.588076
-0.0390847 0.107128 -0.9152
-0.0285735 -0.151829 0.734189
0.046901 0.116408 0.620514
-0.0718626 -0.0395052 0.590794
-0.0402819 0.0789618 -0.207121
-0.0092313 -0.151829 -0.692386
-0.05088 -0.151829 -0.148356
-0.0290728 0.151986 0.938005
0.00365963 -0.11625 0.339561
0.105469 -0.11625 0.941362
0.0446099 -0.151829 -0.956145
-0.0718626 -0.113855 -0.250028
-0.0402819 0.0584018 -0.429434
-0.00505541 0.116408 0.974741
0.115372 -0.11878 0.3264
0.050054 -0.11625 0.158448
0.116303 -0.119378 0.983349
-0.0718626 0.111 0.406409
0.124018 0.151761 -0.433432
0.104414 -0.11625 -0.290383
0.069445 0.151986 0.880121
-0.0718626 -0.0884064 0.149167
-0.0718626 -0.0501295 0.753908
-0.0706633 -0.142874 0.998782
-0.0718626 -0.123762 0.930565
-0.0402819 -0.0599031 -0.178776
-0.0402819 -0.0140593 -0.543189
0.0664177 -0.11625 -0.149766
0.0427975 -0.151829 -0.0778311
0.00561795 0.151986 0.178966
0.0872713 0.151986 0.000958181
-0.0718626 0.0228184 -0.344997
0.124018 0.143353 0.962366
-0.0718626 -0.121274 0.886144
0.124018 0.145335 0.52904
-0.0718626 0.028309 0.770443
-0.0718626 -0.0366442 0.189412
0.0160526 0.151986 0.298749
-0.0402819 0.0146063 0.577651
-0.0184697 -0.151829 -0.718735
-0.0355009 0.11228 -0.154887
-0.0718626 0.0134057 0.539728
0.0712874 -0.11625 0.463394
-0.0718626 0.0680357 0.111726
-0.0718626 -0.0746865 0.900397
0.0473892 0.116408 0.911379
-0.0402819 -0.0995838 -0.21483
0.110399 -0.151829 -0.286706
-0.0718626 0.140541 0.710018
0.00980683 -0.11625 -0.0758319
0.00553649 0.116408 -0.51764
-0.0651184 -0.151829 -0.62758
0.0209825 -0.151829 0.170994
-0.0718626 0.0373909 -0.460756
0.0135498 -0.11625 -0.384003
-0.0402819 -0.0593746 -0.0506114
0.097854 -0.11625 -0.0882689
0.110517 0.151986 -0.612643
-0.0402819 -0.0690023 -0.099675
-0.0571881 0.151986 0.332648
-0.0402819 0.0555513 -0.77919
0.0350318 0.116408 0.96391
-0.0402819 -0.00389592 0.585578
0.114642 -0.151829 -0.710183
0.0578148 0.151986 0.459397
-0.0203926 0.116408 -0.704459
0.0483506 -0.11625 0.279356
0.122535 0.127087 0.665536
0.0275685 -0.151829 0.785902
-0.0718626 0.147369 0.0884929
0.0456302 0.116408 0.174266
0.0918377 0.151986 -0.826832
0.00153175 0.151986 -0.227678
0.00315369 0.116408 0.849577
0.116694 -0.119655 -0.716288
-0.0718626 0.0779838 0.40346
0.00349932 0.151986 0.486748
-0.0718626 -0.113968 -0.488361
-0.0718626 0.0340562 -0.749974
0.0828383 0.116408 0.65909
-0.0397062 -0.105202 0.0927447
-0.0718626 0.0811537 0.17597
-0.0718626 -0.0174062 0.15007
-0.0402819 0.0868585 -0.834221
-0.0573725 0.151986 0.989157
0.0800832 -0.151829 0.480067
0.00182002 -0.151829 -0.410467
-0.0718626 -0.137272 -0.502622
0.113256 -0.151829 -0.891603
-0.0402819 -0.0589437 0.778173
-0.0718626 -0.0118126 0.932705
-0.013355 0.151986 -0.43717
0.0886379 0.151986 0.969709
0.0204467 -0.151829 -0.241042
0.11378 0.11809 0.417945
-0.0718626 -0.0770858 0.776985
-0.0402819 0.00356878 0.66933
0.101113 -0.151829 -0.407796
0.107261 -0.151829 -0.569115
-0.0144248 -0.151829 0.511869
-0.0608866 -0.151829 0.640866
-0.0402819 0.017942 -0.603647
0.0262174 0.116408 -0.634393
0.0912785 -0.151829 0.624482
-0.0402819 -0.00424285 0.651185
0.0780144 -0.11625 0.782818
-0.0718626 -0.011803 -0.601195
-0.00545329 0.116408 -0.116612
-0.0718626 0.0622995 -0.691896
0.0600963 -0.11625 -0.659369
0.0628266 0.151986 -0.957303
0.0236371 -0.11625 0.724039
-0.0718626 -0.00441998 0.0493629
-0.00301999 0.151986 -0.893712
0.0881865 0.151986 0.445343
0.0914549 0.151986 0.629264
0.0302114 0.151986 -0.62357
-0.0402819 -0.053477 -0.607295
-0.00394956 -0.11625 0.0691542
-0.0718626 0.0591916 0.752087
-0.0630084 -0.151829 0.309269
0.0827548 0.151986 0.173008
0.000855592 -0.11625 -0.104574
0.0136625 -0.151829 0.50312
-0.0718626 -0.121003 -0.954082
-0.0402819 -0.0174064 0.460234
-0.0718626 -0.053426 0.169291
-0.0718626 -0.00427291 -0.78508
0.115327 -0.151829 -0.684811
0.0187243 0.151986 0.678697
-0.0334488 -0.113745 -0.0808219
-0.0402819 0.0539288 -0.514783
0.0535855 0.150808 0.998782
-0.0402819 -0.0203564 0.606595
0.0317168 -0.11625 0.282875
-0.0402819 -0.0550657 0.46112
-0.0718626 -0.0116639 -0.354229
0.0833691 0.151986 0.353464
0.0226168 0.116408 0.154991
0.0936324 0.116408 -0.256366
-0.0718626 0.056227 -0.372799
0.0607714 0.151986 -0.026704
-0.0402819 0.0256283 0.167602
-0.0718626 -0.089017 -0.899898
-0.0402819 0.0709676 0.228607
-0.0574567 0.151986 -0.917243
0.00375446 0.151986 -0.477588
0.122732 0.151986 0.195379
-0.0402819 -0.0301392 0.774541
0.110808 -0.151829 0.362209
-0.0700059 0.151986 -0.780586
-0.031035 0.151986 0.212636
-0.0718626 -0.0487869 0.259349
-0.0402819 -0.0711355 -0.369266
0.0866857 -0.151829 -0.55713
0.0452029 0.151986 -0.578939
0.00918131 -0.151829 0.959316
0.100322 -0.151829 0.155479
-0.0402819 -0.070025 -0.428471
-0.0237405 -0.11625 0.484644
-0.0394072 0.106297 -0.222264
0.116271 -0.119356 -0.70088
-0.0402819 -0.0872909 -0.693877
-0.0191023 0.116408 -0.895878
0.0643968 -0.11625 -0.911274
-0.0402819 0.0995585 -0.206517
-0.0605214 0.151986 -0.0333386
0.00164788 -0.151829 0.797199
-0.0492682 0.151986 0.647224
0.013574 0.151986 0.848489
-0.00659707 0.116408 0.170231
0.0480989 0.151986 -0.298614
0.124018 -0.14633 -0.972697
-0.00828993 -0.11625 -0.0583612
-0.0401081 0.103508 -0.137937
0.0201553 0.151986 0.702892
-0.0375265 -0.109784 -0.85943
-0.0718626 0.044644 -0.665072
0.0647094 -0.151829 0.617545
0.124018 0.141813 -0.77714
-0.0402819 -0.0854572 -0.628784
-0.0402819 -0.0300704 -0.184744
0.0875229 -0.151829 0.768577
-0.0718626 0.00919263 -0.89271
-0.0402819 0.0523434 -0.268816
-0.0718626 -0.0769312 -0.0453446
0.0793113 0.116408 -0.968038
0.00722378 -0.11625 0.926386
-0.0402819 0.0604521 0.202414
0.124018 -0.150142 -0.550909
-0.0316852 -0.151829 0.719742
0.0851143 -0.11625 -0.853267
0.119422 0.122264 0.354196
-0.0718626 -0.0565361 -0.00559589
-0.0395942 0.105736 0.288079
0.0686103 0.151986 -0.302374
-0.0718626 -0.0278719 -0.879637
-0.0155496 0.151986 0.383579
-0.00437624 0.116408 -0.306119
0.0656205 -0.151829 -0.470451
-0.0402819 -0.0625077 0.709319
0.0658563 -0.151829 0.909478
-0.0402819 0.00352349 -0.163887
0.0719309 0.116408 -0.649126
-0.0713022 -0.117725 0.998782
-0.0402819 -0.0314945 -0.12585
-0.0402819 0.0888998 -0.525696
-0.0718626 0.105766 -0.566205
0.0192144 0.151986 -0.302808
-0.0718626 0.0778159 -0.202649
0.0327835 -0.11625 0.960507
-0.00583147 0.151986 0.170286
-0.00179117 -0.151829 0.260707
0.0814644 0.116408 0.352652
-0.0718626 -0.060906 -0.263428
0.0787486 -0.151829 -0.32072
0.000363998 -0.11625 -0.601524
-0.0718626 0.0393244 0.741269
-0.0718626 0.0629403 0.228584
-0.0362547 -0.111362 -0.348787
-0.0718626 0.0570445 0.900206
-0.0402819 -0.0777398 0.893032
-0.0718626 0.0123169 -0.987114
0.11289 0.117702 0.443042
-0.0402819 -0.0139628 0.161861
-0.00110527 -0.151829 -0.271747
0.0588015 0.151986 -0.475057
0.0448061 0.151986 -0.489343
-0.0402819 0.0418744 0.252754
-0.0718626 -0.120042 -0.750357
-0.0131841 -0.151829 -0.545597
0.00167711 -0.11625 0.00118236
-0.0402819 0.0187924 0.933915
0.0540979 0.151986 -0.994176
-0.038269 -0.108616 -0.61953
-0.0402819 -0.044631 -0.975636
-0.0718626 -0.0677779 0.85421
0.114526 -0.151829 0.138171
0.1079 -0.151829 -0.0483619
0.00131557 0.151986 -0.119671
0.0374251 -0.151829 0.985841
-0.036443 -0.151829 0.417051
-0.0402819 -0.0650622 0.934359
0.123385 -0.129337 -0.466954
-0.0718626 0.129166 0.253388
0.115789 -0.119037 -0.682664
-0.0402819 0.0332939 0.208407
0.0498802 0.151986 0.0398353
0.119486 0.122335 -0.40509
-0.0718626 0.0164755 -0.19305
0.0242024 0.151986 0.229758
-0.0143847 -0.151829 -0.782322
0.0942236 0.116408 -0.195922
-0.0718626 -0.0380499 0.502258
-0.0402819 -0.0993928 -0.968591
-0.0718626 0.012434 -0.758925
-0.0718626 0.0155948 -0.408967
0.0074824 0.116408 -0.353584
0.11625 0.119499 0.306443
0.0861845 -0.151829 0.297892
-0.0357344 0.151986 0.198633
-0.0402819 -0.0640838 0.398915
0.096344 0.151986 0.873525
0.0482903 -0.151829 -0.556958
-0.0718626 0.0914553 0.913244
0.0073752 0.116408 0.79929
-0.0718626 -0.0967679 0.365201
-0.0718626 -0.130344 0.11192
-0.0718626 -0.0856795 0.70615
0.0532968 0.151986 -0.128206
0.0675079 0.116408 -0.208905
-0.0718626 0.133508 -0.960347
0.0300757 0.151986 -0.603158
-0.0402819 -0.0620799 -0.927159
0.103019 0.151986 0.602883
0.0731649 0.151986 -0.78207
-0.0600334 0.135813 0.998782
0.124018 -0.139906 0.985621
-0.0718626 0.0517179 0.377618
-0.0402819 -0.0929538 -0.643722
-0.0175952 -0.11625 -0.873176
-0.0718626 0.121675 -0.00959766
-0.0262351 -0.116207 -0.561047
-0.0718626 -0.0966524 -0.33442
-0.0718626 -0.0149111 -0.308976
0.0181298 0.116408 0.318391
0.0711416 0.151986 0.906699
-0.0313049 -0.114921 0.959865
0.0541691 -0.151829 0.857018
-0.0402819 0.0264884 0.0903321
0.124018 0.143396 0.280131
-0.0718626 0.126536 -0.699827
0.0975569 -0.11625 0.150734
0.0475208 -0.151829 -0.74748
0.124018 0.138694 -0.241276
-0.0402819 -0.0968824 0.509131
0.123388 0.151986 0.93367
0.0269847 -0.11625 -0.574106
-0.0240517 0.151986 -0.544517
0.124018 0.137662 0.200534
-0.0347959 0.112904 -0.68004
0.0690746 0.116408 -0.762702
-0.00231786 -0.151829 0.23205
-0.0718626 -0.00325162 0.71709
-0.0584215 -0.151829 0.910236
0.124016 -0.133755 0.728988
0.117524 0.151986 -0.742071
-0.0402819 0.0746733 -0.72886
-0.0402819 -0.00636157 0.789798
0.0405651 0.151986 -0.846515
-0.0718626 0.00755403 -0.500857
0.0919292 0.151986 0.767543
0.0426327 -0.11625 0.308671
-0.0402819 0.0778678 0.15338
0.0841146 0.151699 -1
-0.0402819 -0.0122222 -0.316416
0.113888 -0.117984 0.845926
-0.0718626 -0.0329042 0.57465
0.0888724 0.116408 -0.808714
0.00923262 -0.11625 0.732856
-0.0578347 0.151986 0.0427732
-0.0718626 -0.000376805 0.0932675
0.124018 -0.141009 0.0962424
-0.0308331 0.115281 0.703567
-0.0402819 0.0701336 0.485329
0.0387041 0.151986 -0.219184
0.0199549 -0.11625 0.634
-0.0402819 -0.0678441 -0.626949
-0.0718626 0.150992 -0.764783
-0.0402819 0.0429442 -0.24096
0.054729 -0.151829 -0.134631
-0.0718626 -0.0280932 0.126162
-0.0387521 -0.151829 -0.534165
0.114812 -0.151829 -0.463554
0.0793374 -0.151829 -0.338012
0.0702972 0.116408 0.546967
0.112127 -0.151829 -0.0884816
0.078459 0.116408 -0.587973
-0.0718626 0.0136675 0.197941
0.124018 -0.151123 0.253547
0.00350036 0.116408 0.0399677
0.113398 0.151986 0.577588
-0.0718626 0.0861673 0.899271
0.0763558 0.116408 0.998613
-0.0523653 0.151986 -0.0611341
-0.0402819 -0.0472861 -0.0922588
0.0522235 -0.151829 -0.0456333
-0.0365438 -0.111039 0.937114
0.00980886 -0.13797 0.998782
-0.0718626 0.0815482 0.518584
-0.0718626 -0.101066 0.207484
-0.0718626 -0.0884342 0.828356
-0.0402601 0.10203 0.165587
-0.0718626 0.0377801 -0.688876
0.0213988 0.151986 0.348829
0.0855743 -0.11625 0.633279
-0.0718626 0.06165 -0.590454
0.124018 -0.139371 0.341767
-0.0371674 -0.151829 0.904493
-0.00411377 -0.151829 -0.428312
0.0657726 -0.151829 0.951209
-0.0718626 0.0789678 -0.183588
-0.0279864 0.116129 0.255039
0.033851 0.151986 0.987115
0.0500438 0.116408 -0.385127
0.0456621 -0.11625 0.908487
-0.0718626 -0.138544 0.805911
-0.0402819 -0.0764232 -0.282413
-0.0402819 -0.060095 0.478194
-0.0148491 0.116408 0.690103
-0.0212947 -0.151829 0.0727556
-0.0610014 0.151986 0.751744
-0.0581176 -0.151829 0.158908
-0.0519308 0.151986 0.175764
-0.0402819 -0.0603825 -0.837071
-0.0402819 -0.0635531 -0.691832
0.105028 0.116408 0.0577327
0.0434158 0.116408 0.155106
0.00155159 0.151986 0.455913
-0.0269533 0.116293 0.117731
-0.0718626 -0.138735 0.770909
-0.00815012 -0.151829 0.497832
-0.0402819 0.013872 -0.297186
-0.00682198 0.116408 0.102604
-0.000214202 0.151986 -0.951178
0.0356566 -0.151829 0.229544
-0.033501 0.151986 0.371285
0.037615 0.151986 -0.766563
0.0360415 0.151986 0.898638
-0.0718626 0.033961 0.146075
0.0787671 0.116408 0.882041
0.00965027 -0.151829 0.445991
-0.0254216 0.151986 -0.785426
0.0502089 0.116408 0.597564
0.0152944 -0.151829 0.0377022
0.04317 0.151986 0.258623
