ply
format ascii 1.0
element vertex 8206
property float x
property float y
property float z
end_header
0.164933 0.849465 0.8452
-0.0885501 -0.914329 -0.999733
0.32068 0.908054 -1
-0.101128 -0.913842 0.987677
-0.0299524 -0.0924115 -0.0118638
-0.0968417 0.913043 -0.104177
0.326725 -0.914065 -0.173429
-0.0924368 -0.00694598 0.999313
0.325274 -0.873046 0.487362
0.326631 0.878806 0.290468
0.326725 0.891168 -0.452579
-0.0296152 -0.767225 -0.511618
-0.0296815 0.765128 -0.727638
0.293004 -0.850751 -0.799857
-0.0299524 -0.287615 0.206971
0.326725 0.912016 -0.997289
0.318256 0.913043 0.998403
0.320294 -0.914329 -0.998281
-0.101128 0.796649 -0.00174701
0.326725 -0.912548 0.999249
-0.101128 -0.00196552 -0.781544
-0.0976226 0.119467 0.999313
0.321338 -0.914329 -0.181196
-0.0998898 -0.914329 0.462972
-0.101128 -0.631417 -0.589495
-0.101128 0.621647 -0.622544
-0.101128 0.632376 0.612283
-0.0299524 0.202635 -0.172316
-0.101128 -0.48499 0.914303
0.326725 0.909095 -0.375791
0.326725 0.912771 0.356085
-0.101128 0.140772 0.474346
-0.101128 -0.672564 -0.0984491
-0.101128 -0.245276 -0.313948
-0.0345203 -0.413514 -1
0.326725 -0.891019 0.282816
-0.0304665 0.386488 -1
-0.101128 0.856675 -0.985854
-0.0937871 -0.914329 0.89774
-0.100642 -0.914329 -0.912887
-0.101128 0.82661 0.996748
0.222159 -0.914329 -0.594252
-0.0299524 0.432868 0.187719
-0.0299524 -0.234551 0.60484
-0.0898105 0.913043 -0.37036
-0.052705 0.913043 0.36006
0.227557 -0.850751 0.642687
0.26925 0.849465 -0.00811755
0.120936 0.913043 -0.692766
-0.0299524 0.270274 -0.541997
0.136525 0.913043 0.679263
-0.0299524 0.473646 0.936799
-0.0299524 0.552674 -0.269304
-0.0552151 -0.914329 -0.36326
-0.101128 -0.549025 0.444493
0.0102008 -0.914329 0.128757
-0.101128 0.0452209 0.133788
-0.0299524 -0.305563 -0.64364
-0.0299524 -0.187326 0.986721
-0.0299524 -0.694707 0.69576
-0.0299524 0.254577 0.737129
-0.0299524 -0.0223464 -0.491218
-0.0299524 -0.389622 -0.0731066
-0.0299524 -0.579953 0.166429
-0.0299524 -0.527068 -0.336077
-0.0299524 -0.0770093 -0.106949
-0.0299524 0.411616 0.463941
-0.101128 -0.902465 -0.633429
-0.0299524 -0.654256 -0.86411
-0.101128 -0.0261182 0.763509
-0.101128 0.641363 0.342347
-0.0299524 -0.144045 -0.998166
-0.101128 -0.103182 0.378669
-0.0299524 0.627767 -0.883879
0.066853 -0.914329 -0.12964
0.12038 0.849465 -0.230114
-0.0299524 0.118106 -0.999312
0.136615 -0.850751 -0.831438
-0.101128 0.25479 -0.794569
-0.101128 0.436113 -0.0560471
-0.101128 0.854683 0.737024
0.0814533 0.913043 0.147973
0.239842 -0.850751 0.0528018
-0.101128 0.832403 -0.746003
-0.0318663 -0.705088 0.999313
-0.101128 -0.464784 0.675537
0.174955 -0.850751 -0.36485
0.101823 -0.850751 0.351123
0.13978 -0.914329 0.855726
0.111205 0.849465 0.903521
0.113469 0.849465 -0.470062
-0.101128 -0.768705 0.282775
-0.101128 0.346324 -0.336417
0.115032 0.849465 -0.915804
-0.0299524 0.215312 0.273769
0.0104316 -0.914329 0.664893
0.138965 0.849465 0.463262
0.326725 0.892644 -0.60423
-0.101128 -0.456595 -0.79152
-0.0299524 0.676721 0.849564
-0.0299524 0.247426 0.0439008
0.325553 0.872702 0.782362
-0.101128 -0.329273 0.420982
-0.101128 0.0359849 -0.292717
-0.0299524 0.453923 -0.745904
-0.101128 0.751169 -0.21189
-0.101128 -0.295428 0.807901
-0.0299524 0.696889 -0.4277
-0.0299524 0.646027 0.131933
0.326725 0.897494 0.570715
-0.0299524 0.46435 0.717517
-0.0299524 0.482921 -0.479983
-0.101128 -0.72041 -0.30366
-0.101128 -0.252937 -0.83097
0.326725 -0.910414 -0.775383
-0.0299524 -0.0339927 0.559734
0.298772 0.849697 -0.803193
-0.101128 -0.388683 -0.470006
-0.101128 -0.22172 0.0207014
-0.101128 0.815412 0.52966
-0.101128 -0.860845 -0.028874
-0.0299524 0.624713 -0.0746295
0.326725 -0.912051 0.480327
-0.0299524 -0.72827 0.485195
0.0476707 0.913043 -0.0574584
-0.096904 0.913043 -0.566869
0.326725 -0.899915 0.804031
0.0530604 -0.850368 -0.52332
-0.101128 0.107834 -0.620861
-0.101128 0.818672 0.197782
-0.101128 0.29638 0.923561
0.326725 0.895474 -0.184333
0.27369 0.849465 0.182633
-0.101128 -0.201136 -0.499278
0.0658051 -0.914329 -0.998583
-0.0299524 -0.120906 -0.658415
-0.101128 -0.42279 0.0997612
-0.0299524 -0.447814 0.298929
-0.101128 0.0880448 -0.0482008
-0.101128 -0.752813 -0.999664
-0.0299524 -0.746671 -0.709202
-0.101128 -0.733486 0.105002
-0.0299524 0.166136 -0.394694
0.326725 -0.906325 -0.448471
-0.101128 -0.123287 0.19262
-0.101128 0.292441 0.57605
-0.101128 0.113635 0.65061
-0.101128 -0.776754 -0.474125
-0.0299524 0.0365038 0.297066
0.0441722 -0.872467 0.999313
0.108315 -0.914329 0.514842
-0.101128 -0.50951 -0.177201
-0.0299524 -0.478049 -0.631449
0.160303 0.913043 0.303893
-0.101128 -0.645558 0.850405
-0.0299524 -0.0248359 0.92095
-0.101128 -0.908769 -0.197136
0.173658 -0.914329 0.197696
-0.101128 0.908247 -0.142512
-0.0961927 0.626105 0.999313
-0.101128 -0.569984 -0.996755
0.0634263 -0.914329 -0.680296
-0.0299524 -0.239769 -0.154209
-0.0299524 -0.55401 0.00106195
-0.0299524 -0.356699 0.993676
-0.101128 0.35996 0.322581
-0.0299524 0.113575 0.825209
-0.0299524 -0.381021 -0.251055
-0.0297769 0.763757 -0.577858
-0.0299524 0.367761 -0.187018
-0.100238 0.536762 -1
-0.0299524 -0.426999 0.533816
-0.101128 -0.811017 0.606828
-0.0299524 -0.101331 -0.338153
-0.101128 0.396112 -0.61412
-0.0410801 -0.914329 0.311114
-0.00856885 -0.818122 0.794863
-0.0299524 0.570419 0.472381
-0.0293897 0.913043 0.868015
-0.0299524 -0.0760412 0.0513039
0.0171768 0.913043 0.567503
-0.0299524 -0.633584 0.33221
-0.0253556 0.913043 -0.860134
-0.101128 -0.0110004 -0.938344
-0.101128 0.250909 -0.955334
-0.0299524 -0.169601 0.74885
-0.0299524 -0.5769 0.593267
-0.0299524 0.49904 0.335173
-0.0299524 0.690137 -0.741483
-0.101128 0.519176 0.080157
-0.0299524 0.125176 -0.837358
0.0896926 -0.850751 0.0086593
-0.0967846 0.703683 -1
-0.0298254 0.762912 0.40448
0.0522676 -0.850292 -0.267867
-0.0299524 -0.630716 -0.454168
-0.0574814 0.913043 0.0863301
-0.101128 -0.278087 -0.988644
-0.101128 0.478414 0.579444
-0.0299524 -0.116894 -0.849413
-0.101128 0.444652 -0.8801
-0.101128 0.293515 0.167723
0.202595 -0.850751 -0.116846
-0.0299524 0.263007 0.414606
-0.101128 -0.617421 -0.739087
-0.101128 0.548041 0.829118
-0.101128 -0.784862 -0.833526
-0.0250546 -0.788895 -0.157172
-0.0299524 -0.532355 0.785511
-0.0502099 -0.914329 -0.773813
0.0600299 0.913043 -0.348864
-0.0299524 0.734105 0.690374
-0.101128 0.288695 -0.0779559
0.196236 0.913043 -0.121153
-0.0299524 -0.207358 0.45362
0.187176 -0.850751 0.99617
-0.0288136 0.772477 -0.892813
0.194115 -0.850751 -0.969293
-0.101128 0.36974 0.798712
0.309085 -0.854073 -0.314039
0.199456 0.849465 -0.350011
-0.101128 -0.132907 -0.218574
0.0244044 0.841633 0.263566
-0.101128 -0.137167 0.870652
-0.0299524 -0.632595 -0.214725
0.243618 0.913043 -0.491003
0.0423536 0.847454 0.762046
-0.02176 0.795911 -0.319745
-0.101128 -0.229846 0.316542
-0.0299524 0.0560051 -0.172802
0.133626 0.849465 0.0336581
0.0197593 0.905789 0.999313
-0.0299524 0.226952 -0.677138
0.326725 -0.911395 -0.041527
0.190237 -0.914329 -0.241412
-0.101128 0.574157 -0.77657
-0.101128 0.566278 0.224972
0.241629 -0.850751 0.388719
0.191781 0.913043 0.81066
-0.101128 0.812184 -0.463886
0.325041 -0.914329 0.140816
-0.0299524 -0.340213 0.692422
-0.0299524 -0.365787 -0.865802
0.0122218 -0.836377 -0.899379
-0.101128 0.796544 0.861067
-0.0899875 -0.914329 -0.497648
-0.101128 0.55582 -0.386013
0.217342 -0.850751 -0.719093
0.112766 -0.850751 0.72935
-0.101128 0.218665 -0.288138
-0.101128 -0.52332 -0.49868
-0.0299524 0.3889 0.0501192
-0.0299524 0.602283 0.724573
-0.101128 -0.778854 0.886441
-0.0299524 0.0168234 0.43142
-0.101128 -0.119783 0.637105
-0.101128 -0.909415 0.756087
0.0480975 0.913043 -0.578547
-0.101128 -0.865168 0.187798
-0.101128 0.533814 -0.156376
0.195112 0.849465 -0.599906
0.183186 0.911 0.999313
-0.101128 0.364263 -0.47706
-0.0299524 -0.522699 -0.891233
0.0269888 0.913043 -0.994024
-0.0156785 0.807133 -0.109139
-0.0299524 0.157782 0.145929
-0.0299524 -0.745424 -0.00735323
-0.101128 0.0977834 -0.483988
-0.0299524 0.50964 -0.621629
0.183281 0.913043 -0.818905
-0.0299524 0.703703 0.52339
-0.0299524 0.710577 0.254457
0.0300146 0.843899 -0.76027
-0.0299524 -0.404347 0.837084
-0.0929292 -0.587734 0.999313
-0.101128 0.669151 -0.317816
0.203968 0.849465 0.585597
0.271855 0.849465 0.457076
-0.0299524 0.328294 -0.875856
-0.0299524 -0.292071 -0.412495
0.0665451 -0.914329 -0.409455
0.00267688 0.913043 -0.232013
-0.101128 -0.0276258 -0.60288
0.258966 0.849465 0.900651
0.0110842 -0.835638 0.548142
-0.0299524 -0.745036 -0.580294
-0.0299524 -0.328236 0.0486621
-0.0794911 -0.83664 0.999313
0.196505 0.913043 -0.991917
-0.0170696 -0.806161 0.375561
-0.0299524 0.45197 -0.349834
-0.0288368 0.772331 0.103065
-0.101034 0.913043 0.623363
0.30534 -0.852502 -0.88749
0.0379462 -0.847685 0.236229
0.18208 -0.850751 -0.491799
-0.101128 -0.681561 0.579466
-0.101128 -0.548036 0.267956
-0.101128 -0.219556 -0.702666
-0.101128 0.134883 0.339823
-0.0299524 0.184901 0.568094
-0.000961793 0.913043 -0.45902
-0.101128 -0.33652 0.583718
-0.101128 0.653052 0.0245054
-0.101128 0.620923 -0.49712
0.326346 -0.877646 -0.652841
-0.0359356 0.913043 -0.676581
0.215258 -0.850751 0.515976
0.26115 0.913043 0.683919
0.243398 -0.850751 0.885955
-0.0299524 -0.693672 0.214658
-0.101128 -0.341577 -0.73764
0.326725 0.912668 0.0913389
-0.0299524 -0.19003 0.11784
-0.0299524 0.724439 0.967175
-0.0299524 0.383003 0.61844
-0.101128 -0.119869 0.502022
-0.101122 -0.0862852 0.999313
-0.101128 -0.277148 0.934043
-0.101128 -0.589338 0.691892
-0.101128 0.212639 0.828967
-0.101128 -0.409658 -0.350041
-0.101128 0.395251 0.996863
0.3253 -0.914329 0.677413
0.0704428 0.913043 0.386005
-0.0299524 0.0620386 -0.707413
0.22093 -0.914329 0.747029
-0.0299524 0.233262 0.998356
-0.0210124 -0.7988 -0.352348
0.023805 -0.914329 0.417566
-0.101128 -0.336929 -0.156904
-0.0299524 0.653425 -0.191528
-0.101128 -0.385213 0.21405
-0.0299524 0.0461914 -0.391531
-0.0299524 0.0141798 0.669612
-0.101128 -0.617176 0.0759389
-0.101128 0.449052 -0.253409
-0.101128 -0.389882 -0.592763
0.202742 0.913043 0.11011
0.228387 0.913043 -0.252931
-0.101128 0.803089 0.316229
-0.0299524 -0.138029 0.289362
0.260666 0.913043 -0.709821
-0.0299524 0.0885408 0.0471484
-0.101128 0.354108 -0.729178
-0.101128 0.249812 -0.440201
-0.101128 0.718107 -0.0914659
-0.0299524 0.522329 -0.0150108
0.0220027 -0.914329 0.866447
-0.101128 0.861187 -0.255199
-0.101128 -0.783253 0.72819
-0.101128 -0.099903 -0.437891
-0.0299524 -0.45535 0.41929
-0.0974919 -0.914329 0.0806142
-0.101128 0.150597 -0.738661
-0.0299524 -0.323039 0.323792
-0.101128 -0.71312 0.39327
-0.0420171 -0.861475 -1
-0.101128 0.912322 -0.0257425
0.236991 0.849465 -0.902676
-0.101128 -0.462639 -0.0139173
-0.0299524 -0.0233505 0.195501
-0.0299524 -0.0411745 -0.238683
-0.101128 -0.174337 -0.089773
-0.101128 -0.619284 -0.360852
0.0212521 0.840164 0.47454
-0.0299524 0.179305 -0.058726
-0.101128 0.911786 0.465846
-0.0299524 -0.311063 -0.526339
0.129384 -0.914329 0.628076
0.105835 -0.850751 0.123631
-0.101128 0.737007 -0.664521
-0.101128 -0.250228 0.694247
-0.101128 -0.115043 -0.749826
-0.0156134 -0.808522 0.0921303
0.12837 -0.850751 -0.609681
-0.000161006 -0.914329 -0.0218221
-0.101128 -0.0307836 -0.0256442
-0.0299524 -0.664158 -0.977737
0.0099805 0.833612 0.651822
-0.0299524 -0.224677 -0.915145
-0.0299524 -0.573232 0.901794
0.010876 0.834214 0.0164669
-0.0299524 0.131718 -0.272288
-0.101128 0.122818 0.22685
-0.101128 0.0595486 0.895992
-0.0299524 -0.465655 0.176407
-0.101128 0.710499 -0.832145
-0.0613445 0.913043 0.244915
-0.0663025 -0.914329 0.570728
-0.101128 0.334444 0.690541
-0.101128 0.493785 0.421863
0.177038 -0.914329 -0.0279397
-0.101128 -0.0507638 0.27829
-0.0299524 0.158532 -0.547161
-0.101128 0.722867 0.775723
-0.101128 -0.275899 0.118892
-0.101128 -0.439391 -0.911704
-0.0299524 -0.222711 0.864593
0.223184 -0.850751 0.27475
0.298132 -0.850912 -0.540708
0.254749 0.849465 0.299662
-0.0299524 -0.125107 -0.537889
-0.101128 -0.828924 -0.280187
0.165356 0.849465 0.205674
0.316503 -0.859186 0.577273
-0.101128 0.0493107 0.544219
-0.101128 0.654367 0.452104
-0.0299524 -0.494961 0.99817
-0.0299524 0.37514 0.886908
0.214379 -0.914329 -0.877171
-0.0299524 -0.57428 -0.1074
-0.0299524 -0.460952 -0.426841
0.0371758 -0.847477 -0.770547
-0.0299524 0.5873 0.920436
-0.0299524 0.524223 -0.843597
-0.0299524 -0.537378 -0.770436
-0.101128 0.144771 -0.921301
0.00367079 -0.83019 -0.639278
-0.0299524 0.321174 0.248324
-0.101128 0.798277 0.636772
-0.101128 -0.829193 -0.72999
-0.101128 0.330091 0.461692
-0.0299524 -0.278957 -0.0533077
-0.101128 -0.507698 0.544362
-0.0299524 0.552353 0.623358
-0.101128 0.280453 -0.19999
0.106667 0.849465 -0.123356
-0.0086989 0.81668 0.912405
-0.0299524 0.617711 -0.992356
-0.0299524 -0.318246 0.505378
-0.101128 0.285715 -0.620774
-0.101128 -0.807954 0.47863
-0.0299524 -0.18521 -0.404593
-0.101128 0.168347 0.0358114
-0.0299524 0.145659 0.723607
-0.0299524 -0.616309 0.486265
-0.0299524 0.268918 -0.35283
-0.0299524 -0.439072 -0.530932
0.32545 0.913043 -0.890994
-0.101128 0.450439 0.266771
-0.0299524 0.0219906 -0.866792
-0.101128 -0.71795 -0.194366
-0.101128 0.716011 0.171197
0.326725 0.909269 -0.0739984
-0.0065744 -0.820419 0.909073
-0.0265202 0.782904 -0.99832
-0.0299524 0.18355 0.90434
-0.101128 -0.17891 -0.60519
0.0782606 0.913043 -0.829159
0.306958 0.851826 -0.289675
-0.0299524 0.46461 0.831457
-0.015624 0.807219 -0.672924
0.121988 0.913043 0.559576
-0.0299524 -0.705226 0.801277
0.123833 -0.850751 -0.19065
-0.101128 0.840583 -0.856243
-0.0299524 -0.0786713 0.820531
-0.0299524 0.582112 -0.697333
-0.101128 0.232749 0.663453
-0.0299524 0.0552729 -0.564618
0.166161 -0.914329 0.423757
-0.101128 -0.402244 0.759511
-0.0299524 -0.593587 -0.6663
-0.0149741 -0.80951 0.665983
0.326725 0.908938 0.251767
-0.0299524 0.223145 -0.884497
-0.0299524 0.718864 -0.0154959
-0.101128 0.130579 -0.196322
-0.0299524 0.535127 0.154406
-0.0299524 0.478803 -0.947897
-0.101128 0.517753 0.998447
-0.101128 -0.517735 -0.695842
-0.101128 -0.144262 -0.922852
0.141644 -0.914329 -0.749213
-0.0299524 0.363525 -0.0795697
-0.0299524 -0.186564 -0.773177
0.0905892 -0.914329 -0.898406
-0.101128 0.245307 0.342209
-0.101128 0.522445 -0.548409
-0.101128 0.757134 -0.372409
-0.101128 0.395327 0.123779
-0.0299524 -0.419867 -0.71582
-0.0155371 0.807355 -0.214627
-0.101128 -0.0163808 -0.160064
0.193657 0.913043 0.40471
-0.101128 -0.237803 0.531536
-0.0299524 -0.192095 -0.263523
-0.0299524 0.456065 -0.135779
0.0349212 -0.914329 0.763871
-0.101128 -0.800697 -0.62773
-0.101128 0.0796033 0.760645
-0.0299524 0.288358 0.833581
-0.0208795 0.913043 0.714163
-0.101128 0.722329 -0.518197
-0.00779409 0.817746 -0.423583
-0.101128 0.9112 0.939808
-0.0804594 0.0153055 0.999313
0.197653 0.849465 0.731012
0.254591 -0.850751 0.17652
-0.101128 0.321235 0.024941
-0.0299524 -0.482095 -0.244178
-0.0299524 -0.563692 -0.564839
-0.012647 -0.914329 -0.585442
0.229249 -0.914329 -0.421844
-0.101128 -0.377508 0.921654
-0.0299524 -0.0405005 -0.720984
-0.101128 -0.573349 -0.832232
-0.0550728 -0.914329 -0.10641
-0.101128 0.504927 -0.696119
-0.101128 0.828256 -0.621883
-0.101128 0.53315 0.691842
-0.0299524 0.363695 -0.405239
-0.0299524 0.395642 -0.540511
0.082183 0.913043 0.826743
-0.101128 -0.772259 -0.0879213
-0.0299524 -0.689051 -0.370931
0.187435 0.849465 -0.741636
-0.0299524 -0.36672 0.142302
-0.0299524 0.02328 -0.0757086
-0.0299524 0.65524 -0.558487
-0.101128 -0.520239 0.122039
-0.101128 -0.859781 0.37063
-0.00163655 -0.825508 -0.0672749
0.213064 0.913043 0.506594
-0.0299524 0.603849 0.283436
-0.101128 -0.569556 -0.256481
-0.0299524 -0.530992 0.353217
-0.0299524 0.116596 0.406598
0.140767 0.913043 -0.540827
-0.0299524 -0.162749 -0.0145555
0.118932 -0.914329 -0.313884
0.167171 -0.914329 0.0736013
0.00642134 -0.914329 -0.207639
-0.0299524 -0.135745 0.570718
-0.101128 -0.397127 0.344421
-0.101128 0.125241 -0.340061
0.122576 -0.914329 0.957835
0.323513 -0.914329 0.378017
-0.0118319 -0.813999 -0.458559
-0.0299524 -0.0866731 0.696654
-0.0299524 -0.752158 -0.932483
-0.0299524 -0.699461 0.901677
0.0591657 0.913043 0.0484152
-0.101128 -0.0504579 0.114331
-0.101128 -0.0386758 -0.36127
-0.0298812 -0.762989 -0.252365
-0.101128 -0.711224 -0.769681
-0.101128 -0.361431 -0.00893913
-0.101128 0.357854 -0.939407
0.106135 -0.914329 0.277492
-0.0249454 -0.789214 0.190381
-0.101128 -0.00675894 0.365432
0.190695 0.913043 -0.0128215
-0.0299524 -0.643176 -0.0376943
-0.101128 -0.646747 0.261379
-0.0299524 0.268888 0.514405
0.151985 0.913043 -0.405647
-0.101128 -0.218089 0.220673
0.326725 -0.901182 0.900492
-0.101128 -0.262999 -0.218809
-0.0299524 0.329532 0.993042
-0.0299524 -0.422952 -0.164277
-0.0299524 0.715918 -0.2664
0.305416 0.851242 -0.450608
-0.0255846 0.786008 0.791541
0.0152039 0.836917 -0.51561
0.256747 -0.850751 -0.213321
-0.101128 0.38614 0.55241
-0.0299524 -0.472483 0.0586504
-0.101128 0.561857 -0.895969
-0.101128 0.451927 -0.423627
-0.0299524 -0.0450354 -0.992844
-0.101128 -0.817705 -0.923563
-0.0299524 0.407645 0.365365
-0.0299524 -0.416996 0.632947
-0.0299524 0.347707 -0.655741
-0.0299524 -0.744194 0.591296
-0.0299524 0.383059 -0.283701
-0.0299524 -0.298866 -0.786869
0.325354 0.913043 0.874921
-0.101128 0.832201 0.413239
-0.101128 -0.684932 -0.499851
-0.0299524 0.577627 -0.445596
-0.101128 -0.907985 0.659219
0.241492 0.849465 -0.175858
-0.101128 0.698993 0.908891
-0.101128 -0.0275633 0.476455
0.256597 -0.850751 -0.805673
-0.0299524 -0.525982 0.690429
-0.0299524 0.626257 -0.363863
-0.0299524 -0.485087 -0.075119
-0.101128 -0.662808 0.751876
0.142738 0.913043 -0.302496
0.12796 -0.914329 -0.536666
0.0178163 0.838391 0.152456
-0.101128 -0.644681 0.166651
-0.0299524 -0.0981669 0.440998
-0.0289905 0.771319 -0.790192
-0.0299524 0.0718758 0.190774
0.303423 -0.851905 -0.112335
-0.0299524 -0.307604 -0.312559
-0.101128 -0.533084 -0.404579
-0.101128 -0.269721 -0.572924
-0.0299524 0.0157015 0.826025
-0.026942 0.781357 0.58069
-0.0299524 0.57924 0.064467
-0.0299524 -0.678827 0.0686804
-0.101128 -0.83828 -0.395274
-0.0299524 0.291165 0.640272
0.105064 0.849465 0.997695
-0.0592165 0.913043 -0.772079
-0.101128 0.564043 0.533923
0.0702765 0.849465 -0.645076
0.0151351 -0.914329 -0.841933
-0.101128 0.60559 -0.237536
-0.101128 -0.620687 -0.91573
-0.101128 0.427535 0.668272
0.187954 0.913043 0.904501
-0.0299524 0.0893301 0.594382
-0.0299524 -0.509897 -0.98567
-0.0299524 0.315564 0.110748
-0.101128 -0.705061 -0.664908
-0.101128 -0.415487 0.465124
-0.101128 0.213899 0.11752
-0.101128 0.721275 0.583684
0.0222382 0.840639 -0.930993
-0.0299524 0.411172 -0.829875
0.077938 -0.850751 0.816939
-0.101128 -0.807535 0.048238
-0.101128 -0.202238 0.803463
-0.101128 -0.0147558 0.616919
-0.101128 -0.550933 0.846183
0.0151398 0.836879 0.370566
-0.101128 0.557193 -0.0664226
-0.101128 0.83058 0.0990833
-0.0299524 0.293332 -0.258153
-0.101128 -0.144941 0.079178
0.00361096 0.913043 -0.13895
-0.0299524 0.305947 -0.763621
-0.101128 0.662843 0.699707
0.102786 -0.850751 0.446368
0.326725 -0.89497 0.0495573
-0.0299524 0.585859 0.381132
-0.101128 -0.60055 -0.161108
-0.0299524 0.0770823 0.95272
-0.0299524 -0.31951 -0.946767
0.181295 -0.914329 0.33268
-0.101128 -0.665044 0.949256
-0.101128 -0.829786 0.809499
-0.101128 0.631316 0.786711
-0.101128 0.746064 0.461035
-0.0311242 -0.914329 0.966725
-0.101128 0.353173 -0.822534
-0.101128 -0.0585073 -0.859438
-0.101128 -0.583318 -0.0497586
-0.101128 -0.0319026 0.859745
-0.0299524 -0.261526 0.75205
-0.0299524 0.681681 -0.646627
0.0466754 0.848268 -0.285135
-0.0299524 -0.31788 0.892689
-0.101128 0.625463 -0.13248
0.175961 -0.850751 0.800498
-0.101128 -0.158196 -0.347831
-0.0299524 0.202207 -0.770959
-0.101128 0.432044 0.895937
-0.101128 -0.70909 -0.884805
-0.0246999 -0.914329 0.22118
-0.101128 0.196439 -0.598588
0.134315 0.849465 0.364102
0.230682 0.913043 0.232062
-0.0299524 0.00617545 0.0909384
-0.101128 0.205278 -0.115253
-0.101128 -0.685926 6.49307e-05
-0.101128 -0.309902 0.265337
0.288419 -0.850751 0.731135
-0.101128 -0.437675 -0.10948
-0.101128 0.808669 -0.140222
-0.099256 0.913043 -0.914568
0.241119 -0.914329 -0.317464
-0.101128 0.461508 0.773954
-0.101128 -0.598768 0.541235
-0.101128 0.0318088 0.0401797
0.244357 -0.914329 0.578423
-0.0299524 -0.215213 -0.558659
0.0624406 -0.850751 0.621438
-0.101128 0.00652058 -0.69002
-0.0311837 0.287614 -1
0.261179 0.849465 -0.990704
0.250198 -0.850751 -0.0389558
-0.00384817 -0.914329 -0.466559
-0.101128 0.640089 -0.714381
-0.00147361 -0.914329 0.505012
-0.0299524 0.287099 -0.139606
-0.101128 0.484666 -0.792546
-0.0953585 -0.432482 0.999313
0.118622 -0.850751 -0.0833589
-0.101128 0.554733 0.316837
0.249222 0.849465 0.996609
-0.0299524 0.0804061 0.4955
-0.101128 0.0277774 0.23394
-0.101128 -0.671606 0.4852
0.24829 -0.914329 0.954886
0.26144 0.849465 0.0849544
-0.101128 0.00570265 -0.439585
0.103531 0.849465 0.620561
-0.101128 0.387338 -0.131697
-0.0299524 -0.72318 0.324325
-0.101128 -0.115998 0.761002
-0.0299524 -0.0604623 0.344209
0.0891581 0.913043 0.237506
-0.0901786 0.913043 -0.469164
-0.0299524 0.503119 0.245512
-0.101128 -0.586354 0.362873
-0.0299524 -0.114408 0.926447
-0.101128 0.654329 0.241569
-0.101128 0.481303 0.162417
-0.0299524 -0.619228 -0.303216
-0.101128 -0.839033 -0.546866
-0.101128 0.726372 0.0772383
-0.0299524 -0.240991 0.370753
-0.101128 0.22026 0.220054
0.112041 0.878814 -1
-0.101128 0.0611899 -0.990739
-0.101128 -0.743386 -0.389832
-0.101128 0.235305 0.472462
-0.0299524 0.61938 0.552284
-0.101128 -0.0728343 -0.525774
-0.101128 -0.512198 -0.587117
-0.0299524 0.126984 0.285543
-0.101128 0.588051 0.138578
-0.101128 0.0718189 -0.841929
-0.0299524 -0.517285 0.48759
-0.101128 -0.299675 -0.46544
-0.0299524 0.373319 0.727178
-0.0921769 0.913043 0.803607
-0.101128 -0.460107 0.826978
-0.0299524 0.460397 0.103214
-0.0286451 -0.914329 -0.687631
0.141669 -0.850751 0.566925
-0.0556374 -0.914329 -0.274587
-0.101128 0.202852 0.955126
-0.0299524 -0.0969942 0.139371
-0.0299524 -0.44483 0.728295
-0.0299524 0.673082 0.396255
0.0763401 -0.850751 0.915165
0.0484993 0.913043 0.657775
-0.0032922 -0.914329 -0.938195
-0.101128 0.442358 0.0363212
-0.101128 -0.485625 -0.303877
-0.101128 0.374911 0.220879
-0.101128 0.772379 -0.943559
-0.101128 -0.42726 -0.226555
0.240774 0.913043 -0.395318
-0.0299524 -0.653634 -0.541467
-0.101128 -0.859775 0.275795
-0.016331 0.913043 0.441926
-0.0299524 0.488574 0.528513
-0.101128 -0.817918 -0.192819
-0.101128 0.441286 -0.983666
-0.101128 -0.316539 -0.891599
0.159964 -0.914329 -0.661374
0.0260621 -0.914329 -0.330156
-0.101128 0.902026 0.167493
-0.101128 -0.19995 0.401482
0.0789002 0.913043 -0.183926
0.0698589 0.913043 0.475959
-0.101128 -0.325008 -0.37261
-0.101128 0.636817 -0.941181
-0.0299524 0.296833 0.33395
-0.0299524 0.733618 -0.156642
-0.101128 0.198284 -0.510833
-0.101128 -0.740637 0.192113
-0.0299524 -0.613248 0.742816
-0.00292823 -0.824252 0.462831
-0.0299524 -0.379806 -0.390457
-0.00626171 0.821762 0.999313
-0.0299524 0.200783 -0.968652
-0.101128 -0.369234 -0.965592
0.0875341 -0.914329 0.184907
-0.0299524 0.681872 0.619845
-0.101128 -0.164415 -0.834012
-0.0299524 -0.699448 -0.148081
-0.101128 -0.751542 0.968875
-0.101128 0.721377 0.377492
-0.101128 -0.479784 0.370933
-0.0299524 0.244345 0.173982
-0.0299524 -0.735659 -0.828766
-0.101128 0.358053 -0.238559
-0.0289991 0.771261 0.190745
-0.0299524 -0.213081 -0.6538
-0.101128 -0.0948666 -0.999979
-0.101128 0.0659434 0.430572
-0.101128 0.191274 0.741767
-0.0299524 -0.0111307 -0.320648
0.198529 0.849465 -0.441221
-0.0299524 -0.723321 -0.469335
-0.101128 0.0191401 -0.53025
0.0663044 -0.914329 0.0622211
-0.101128 0.285872 0.774473
0.282032 0.849465 0.626622
-0.0299524 -0.662786 -0.770738
-0.0299524 -0.163551 0.657914
0.133007 0.849465 0.787814
-0.0231778 0.913043 -0.315927
-0.0299524 0.193005 0.364716
-0.0299524 -0.436967 0.916557
-0.101128 -0.726266 0.65957
-0.101128 0.17449 -0.824901
0.119344 -0.850751 -0.432558
-0.101128 -0.429459 -0.668897
-0.101128 0.650329 -0.405213
-0.101128 0.442479 -0.51223
-0.101128 0.268785 -0.70996
-0.0299524 -0.171904 0.208339
0.263175 0.849465 -0.547856
-0.0299524 0.569534 -0.555256
0.250081 -0.914329 -0.504865
-0.0299524 0.53452 0.782087
0.140877 0.849465 0.123712
0.269273 0.849465 -0.0948344
-0.0299524 0.0348254 -0.951409
-0.101128 -0.43136 0.582813
-0.101128 0.618417 0.880504
-0.101128 -0.2575 -0.110446
-0.101128 -0.469149 0.229841
0.0498253 0.913043 0.919715
-0.0299524 0.405094 0.279812
-0.0299524 -0.60068 0.251406
0.170476 0.849465 -0.0667184
-0.101128 0.403672 0.412204
-0.0298887 0.761509 -0.49257
-0.0299524 -0.450609 -0.845756
-0.0299524 -0.313818 -0.197545
-0.101128 -0.238189 -0.406585
-0.101128 -0.114555 -0.0106357
-0.101128 -0.38006 0.661393
-0.101128 0.452807 0.496401
-0.0646231 0.913043 0.54434
-0.0299524 -0.374896 0.391827
-0.0299524 -0.0533624 -0.408279
0.243436 -0.914329 0.117168
-0.101128 -0.343428 -0.278227
-0.0299524 -0.146743 -0.174308
-0.0299524 0.148795 -0.642314
-0.0299524 0.541624 -0.11083
-0.0299524 0.700969 -0.938424
-0.0995586 -0.19244 -1
-0.0299524 0.212319 -0.466918
-0.101128 0.524132 0.910397
-0.0397643 -0.270497 0.999313
-0.0299524 0.18615 0.467809
-0.101128 0.141963 0.87555
0.325592 0.913043 0.472265
-0.0299524 -0.546127 -0.452833
-0.101128 -0.0884979 -0.292937
0.0194856 0.913043 0.308522
-0.0299524 0.10868 -0.105099
0.118367 -0.850751 -0.698302
0.153501 -0.914329 -0.142641
-0.0299524 0.261868 -0.0413992
-0.0299524 0.480232 -0.220917
0.0987791 -0.850751 -0.954267
0.119341 0.849465 -0.791154
-0.0299524 0.679125 0.765262
0.000381257 0.913043 0.187246
-0.101128 -0.464866 -0.998457
-0.0299524 -0.556297 0.0851221
-0.101128 -0.51976 0.739044
0.249574 -0.914329 -0.674721
0.262115 -0.914329 0.230483
-0.101128 0.83199 -0.334924
-0.0299524 -0.229694 0.272475
-0.0299524 0.00619705 -0.645075
0.0202807 0.839681 -0.843266
0.247965 -0.914329 0.442737
-0.0299524 -0.346224 0.775866
0.241043 -0.914329 -0.158504
0.115001 0.849465 -0.366276
0.313107 0.85517 -0.677511
0.167296 0.913043 -0.902468
-0.0299524 -0.585827 -0.949332
0.231854 -0.914329 0.829616
-0.101128 0.129435 0.566943
-0.0299524 -0.145962 0.372453
-0.101128 -0.190935 0.934196
-0.101128 0.517771 -0.300356
0.0363022 0.845946 0.84882
0.251331 0.849465 0.811803
-0.101128 0.24227 -0.00224595
0.198008 0.913043 -0.653208
-0.0299524 0.465423 0.628364
0.326725 0.895507 -0.520876
-0.0299524 0.295054 -0.451857
-0.0224637 -0.795609 0.27295
-0.0299524 -0.490238 0.594363
-0.101128 0.529844 -0.464601
-0.101128 -0.880905 -0.837177
-0.0299524 0.435559 -0.658209
0.0389434 -0.847944 -0.170833
-0.101128 -0.365016 -0.823955
0.275349 -0.850751 -0.3964
-0.0305927 0.563106 0.999313
-0.0299524 -0.395383 -0.637056
-0.0299524 -0.0596683 -0.911686
0.00938869 -0.834491 0.0174838
-0.0299524 -0.597325 0.406082
-0.101128 0.313971 -0.543556
-0.0299524 0.614896 -0.782039
-0.0299524 0.635055 -0.281051
-0.0299524 -0.378435 0.254952
0.0860425 -0.850751 -0.357491
-0.101128 0.626243 -0.843154
-0.0299524 0.193227 0.654324
-0.101128 0.063819 -0.133109
-0.0299524 0.345546 0.54314
-0.0299524 -0.234046 -0.475834
-0.101128 0.755273 0.249533
-0.101128 0.575441 0.427282
0.167088 0.913043 -0.197619
-0.0299524 -0.24658 0.0526438
-0.101128 0.165378 -0.4349
-0.0299524 0.533696 -0.34989
-0.0299524 -0.440048 -0.314254
0.110126 0.849465 0.284353
0.138175 -0.850751 0.237422
-0.101128 -0.651242 -0.250199
-0.011157 0.913043 -0.000900391
-0.101128 -0.538664 0.0378282
0.236307 -0.913441 -1
0.15183 -0.914329 -0.997828
-0.0963345 0.165462 -1
0.0293852 -0.914329 0.582695
0.0739591 0.849465 0.542667
0.159756 -0.850751 -0.28356
-0.0299524 -0.680603 -0.630033
-0.101128 -0.0792068 -0.665808
-0.101128 -0.546066 0.622986
0.0509875 0.913043 -0.908047
0.163654 -0.850751 0.901221
-0.0299524 -0.514542 0.247957
-0.0299524 0.715648 -0.348744
0.187713 -0.850751 0.119661
-0.101128 0.286619 0.272396
-0.0299524 0.565323 -0.189216
-0.0297077 0.764779 0.318579
0.0367102 -0.914329 0.33374
-0.101128 0.572645 0.0152966
0.0776355 -0.914329 -0.0440661
-0.101128 -0.748884 0.80998
0.0698543 0.913043 -0.500732
-0.0461317 -0.914329 0.815067
-0.101128 -0.753388 0.538202
-0.0299524 -0.659109 0.610314
-0.0299524 -0.545219 -0.190579
0.0336921 0.913043 -0.717403
-0.101128 0.124728 0.120079
-0.101128 -0.196698 0.601712
0.0948997 0.849465 -0.559694
-0.101128 0.658065 0.533635
-0.0299524 0.603499 0.200412
-0.0299524 0.0533731 -0.787546
0.270632 -0.850751 0.999049
-0.0299524 -0.238651 -0.994448
-0.0299524 -0.0314972 -0.804768
-0.0299524 -0.0449356 -0.569765
-0.0299524 -0.405505 0.0141998
0.25941 0.913043 -0.84421
0.220342 -0.914329 -0.772858
-0.0299524 -0.625502 0.967214
0.274185 -0.850751 -0.965913
0.318601 -0.914329 -0.365953
-0.101128 -0.605084 -0.493566
0.326725 0.912181 -0.76163
-0.101128 -0.519338 -0.927752
0.00316813 0.913043 0.794928
-0.0299524 -0.317085 0.614578
0.114914 -0.914329 0.77779
-0.0299524 -0.490166 0.856919
-0.0299524 0.67707 0.0526007
-0.0277912 0.777851 0.483666
-0.0299524 -0.685404 0.41791
-0.101128 0.0471643 -0.213749
0.0798272 0.913043 0.73529
0.326725 0.907952 0.171727
-0.101128 0.765039 -0.291717
-0.0299524 0.00704412 0.00221297
-0.101128 -0.0522353 0.688328
-0.0299524 0.0476939 -0.25935
0.306332 0.851578 0.706096
-0.0299524 0.536071 -0.765053
-0.101128 -0.851039 -0.119894
-0.0299524 0.0502285 0.741249
-0.101128 0.819689 -0.542956
-0.101128 0.707331 0.99788
-0.101128 -0.369521 0.841545
-0.0299524 -0.391218 -0.789799
0.256125 -0.914329 0.00831708
0.0704942 -0.914329 -0.601335
-0.0299524 0.559275 -0.930725
-0.0299524 0.263422 0.912488
-0.101128 0.0446137 0.689466
-0.101128 0.8464 -0.0705864
-0.0299524 0.132821 -0.466513
0.255032 0.913043 0.947662
-0.101128 -0.107021 -0.143757
-0.101128 0.425805 -0.695441
0.152872 -0.914329 0.704714
0.276173 0.849465 0.375799
0.300889 -0.914329 -0.257567
-0.0299524 0.209152 -0.255138
-0.0299524 0.200888 0.796788
-0.101128 0.753976 -0.75522
-0.101128 0.775723 0.717081
-0.101128 0.453068 0.350641
-0.101128 0.18803 0.398354
0.266588 0.849465 0.53765
-0.0299524 0.40026 -0.922357
-0.101128 0.0736955 -0.759415
-0.0299524 0.443601 -0.0180284
-0.101128 0.257291 -0.87687
0.0871414 -0.914329 -0.219062
-0.0299524 0.104729 -0.915305
-0.101128 -0.810232 0.131562
0.256623 -0.914329 0.310339
-0.101128 -0.650954 -0.820178
-0.100216 0.275866 0.999313
-0.0299524 0.598639 0.841706
-0.0299524 -0.29759 0.429407
-0.101128 -0.712633 -0.577228
0.0389016 0.846647 -0.173119
-0.027872 -0.778769 0.972854
0.122486 0.913043 0.948761
0.305277 -0.85248 -0.7274
-0.0159038 -0.914329 0.0550343
-0.0299524 -0.2614 -0.715276
0.0812657 0.849465 -0.0267768
0.176842 0.849465 0.860398
0.257862 0.913043 0.039644
-0.101128 0.217 0.555679
-0.101128 -0.292204 -0.67389
-0.101128 0.213185 -0.371193
0.310056 -0.914329 -0.584739
-0.0299524 -0.591463 -0.38023
-0.012011 -0.813758 -0.546018
0.259189 0.913043 -0.945496
0.244393 0.913043 0.343976
-0.101128 0.773245 0.935363
0.125636 0.913043 -0.0636115
0.177666 0.849465 0.948224
0.00502399 0.829986 -0.599239
-0.101128 0.457754 -0.172432
0.249442 0.913043 0.596268
-0.101128 -0.319915 0.728318
-0.101128 0.0669489 0.30138
-0.101128 -0.173968 0.709531
0.296138 -0.850774 0.107156
-0.101128 -0.326105 0.995509
-0.0985993 -0.914329 -0.99709
-0.101128 0.310114 0.384662
-0.0299524 -0.0854073 -0.0299531
0.223667 -0.850751 -0.639272
-0.0299524 -0.624291 0.829206
-0.101128 -0.150893 0.316464
-0.0297853 -0.764906 0.850259
0.304735 -0.852299 0.433137
-0.0299524 0.0519484 -0.470344
-0.101128 0.427866 -0.32761
0.289966 -0.914329 -0.843973
0.191063 0.849465 -0.520426
-0.0299524 0.155345 0.990186
-0.0299395 0.75963 0.865117
0.164608 -0.850751 0.0260504
-0.101128 -0.340437 0.0771463
-0.101128 0.541541 -0.62284
-0.101128 -0.255764 0.456851
0.0335163 -0.846387 0.71277
-0.101128 0.357328 -0.0435922
-0.0299524 -0.201865 0.531776
0.183113 0.849465 -0.275038
0.129927 0.913043 0.0779921
-0.101128 -0.299446 0.348663
0.326725 0.911566 0.00258828
-0.0299524 -0.325275 -0.114666
-0.0299524 -0.756612 0.744493
-0.0299524 0.336831 0.434426
0.23987 -0.914329 -0.0800648
-0.0417819 0.913043 -0.073799
-0.101128 0.699982 -0.597767
0.154336 0.849465 -0.664396
-0.101128 -0.567149 0.194101
-0.0299524 0.33146 -0.000529816
-0.0299524 -0.123302 -0.452209
0.269082 0.913043 -0.317387
-0.0299524 0.357877 0.174203
-0.101128 -0.344467 0.495642
-0.0299524 -0.659149 0.143672
0.279058 -0.914329 -0.923385
0.0262653 0.842433 -0.360094
-0.101128 -0.575773 -0.645942
-0.0299524 0.702102 -0.857826
-0.101128 -0.65977 0.338804
-0.0299524 -0.0966439 0.21978
-0.0299524 -0.113833 -0.263084
-0.101128 0.0875122 -0.406079
-0.0299524 -0.357712 -0.4663
-0.101128 -0.200667 -0.16108
0.253103 0.913043 0.76575
0.149003 -0.914329 -0.397394
-0.0299524 -0.208541 -0.0849355
-0.101128 -0.560766 0.9253
-0.0299524 0.489104 0.447972
-0.101128 0.633306 -0.04958
-0.0336472 -0.0514383 0.999313
0.0610441 0.849464 0.0898781
-0.101128 0.721846 -0.439618
-0.0155943 -0.808552 -0.813401
-0.0299524 -0.746285 -0.0885416
-0.0479912 0.913043 -0.983545
0.235365 0.849465 -0.670333
0.0991179 0.849465 0.699067
-0.0322443 -0.786121 -1
-0.101128 0.653818 0.101269
-0.101128 0.320382 -0.413112
-0.0299524 -0.152399 0.836734
0.068366 -0.914329 -0.786539
-0.101128 -0.0778505 0.924314
-0.101128 -0.512248 -0.0981334
-0.101128 -0.336319 -0.0814829
-0.101128 -0.196001 0.142049
-0.0299524 -0.740116 0.129027
0.281764 0.849465 -0.365407
-0.0299524 0.173089 0.0602258
0.0966612 -0.914329 0.394544
-0.101128 -0.0481146 0.19798
0.0184979 -0.840044 0.155679
-0.101128 -0.78453 0.367123
-0.0299524 -0.697522 -0.29451
-0.101128 -0.0668749 0.555549
-0.00718317 -0.819734 -0.713055
0.236045 0.913043 -0.588279
0.172631 0.849465 -0.862572
-0.0299524 0.649292 0.963456
0.0925181 0.849465 0.186534
-0.0252146 0.913043 -0.544342
-0.0299524 -0.103827 -0.771083
0.132641 0.913043 -0.616249
0.271281 0.913043 0.417185
-0.101128 0.880149 0.870476
-0.0299524 0.402158 0.959623
-0.101128 0.196139 -0.679021
0.0609364 -0.85075 -0.844207
-0.0299524 0.376782 -0.735669
-0.101128 -0.908133 0.995068
0.316351 0.85776 0.947876
-0.0117777 0.812785 0.723102
0.199058 -0.850751 0.7117
-0.101128 0.895534 0.306032
0.326318 -0.87747 0.209442
0.0151757 0.913043 0.108673
-0.0299524 0.218623 -0.600487
-0.0299524 0.128517 -0.741238
-0.101128 -0.592116 0.784027
-0.0299524 -0.344879 -0.715685
-0.101128 -0.275854 -0.0305638
-0.101094 -0.664742 -1
0.0924397 0.849465 -0.719254
-0.101128 -0.868076 0.523818
-0.101128 0.906905 -0.641067
0.267307 -0.850751 0.813853
-0.101128 0.681583 -0.18127
-0.0299524 -0.0716427 0.62388
0.0754325 -0.914329 0.700895
-0.0299524 0.385649 0.812899
-0.0299524 -0.283359 -0.869603
-0.0299524 -0.603351 0.669225
-0.101128 -0.637107 0.417009
0.180613 0.849465 0.658791
0.249448 0.913043 0.863046
-0.0619235 0.890668 0.999313
-0.0299524 0.639757 -0.486015
-0.101128 -0.623059 0.624937
-0.0299524 0.0919959 -0.0268103
-0.101128 0.590383 -0.314821
0.255367 0.913043 -0.0546266
-0.101128 0.359269 0.874202
-0.0299524 -0.231695 -0.328997
-0.0449955 -0.914329 0.385
-0.101128 0.706481 -0.906005
-0.101128 -0.312506 0.191417
0.0458841 -0.914329 0.93752
-0.0299524 -0.458567 -0.927994
-0.101128 -0.463136 -0.455773
0.0354753 -0.846991 -0.997023
-0.101128 0.91184 -0.837091
-0.0299524 0.0876552 0.676368
-0.0299524 -0.232587 0.683934
-0.101128 -0.647678 -0.42891
-0.101128 0.207329 -0.209314
-0.0299524 -0.0289449 0.74454
-0.101128 -0.901173 -0.71416
0.293414 -0.850751 0.336313
0.182371 0.849465 -0.952095
-0.0299524 0.618025 -0.00128239
0.275822 -0.850751 -0.470047
-0.101128 0.285202 0.094548
0.152216 0.913043 0.171071
0.20056 -0.914329 0.898407
0.167863 -0.850751 0.386805
-0.101128 0.144378 0.801573
0.272778 0.913043 -0.137573
-0.101128 0.17175 -0.0419466
-0.101128 0.0309588 0.815919
-0.101128 -0.493012 -0.859178
0.318959 0.860435 -0.941725
0.206956 0.849465 0.03193
0.010275 0.913043 -0.796037
0.326725 0.903804 0.652427
-0.101128 -0.240978 -0.908736
-0.101128 -0.767011 -0.0128291
-0.0289893 0.913043 0.636728
-0.101128 -0.0247797 -0.244508
-0.101128 -0.45563 -0.535344
-0.101128 0.469696 -0.608924
-0.0340731 -0.914329 0.727268
-0.101128 0.147974 -0.26893
-0.06172 -0.914329 0.150768
0.0249054 -0.843139 0.322182
-0.0299524 0.650999 0.472809
-0.101128 -0.272032 0.617961
0.0218316 -0.841731 -0.392993
0.227365 -0.850751 -0.55856
-0.101128 0.49742 -0.937053
0.172407 0.913043 0.612303
-0.101128 0.295038 -0.284573
-0.0299524 0.669115 0.315967
-0.101128 -0.179402 -0.274722
0.182382 -0.914329 0.502224
-0.0299524 -0.292131 0.134249
0.0655454 -0.914329 -0.490876
-0.101128 0.866743 0.0359336
-0.101128 0.707513 0.306075
-0.0299524 -0.464095 -0.773564
-0.0299524 -0.582883 -0.843182
-0.101128 0.501399 -0.00597577
0.0740891 0.913043 -0.420102
-0.09559 -0.158633 0.999313
0.0740638 0.913043 -0.267373
-0.101128 -0.548294 -0.76186
-0.0299524 0.694121 -0.0958809
-0.0299524 -0.379775 0.467112
-0.101128 0.724401 0.00363247
-0.0299524 -0.199281 -0.847304
-0.0299524 0.46996 -0.55124
-0.101128 -0.344595 -0.536251
0.147347 -0.850751 0.65766
-0.101128 -0.516493 0.982565
-0.0299524 0.588049 -0.62523
0.162318 -0.850751 -0.904309
-0.101128 -0.266327 -0.757828
-0.101128 0.36271 0.624017
-0.0931733 -0.914329 -0.425456
-0.0299524 -0.493809 -0.701966
-0.101128 0.128747 -0.551777
-0.101128 -0.233294 0.869479
-0.0299524 -0.281289 0.821412
0.253059 -0.914329 0.665041
-0.101128 0.00791173 -0.0864234
-0.0299524 0.696518 0.183812
-0.101128 -0.106934 -0.589179
-0.0299524 0.421994 0.558011
-0.0299524 0.112971 -0.346313
0.236442 -0.850751 -0.284354
-0.101128 0.528373 -0.229321
-0.0299524 -0.148273 -0.914221
-0.0299524 -0.681367 0.542048
-0.0299524 -0.242026 0.933742
-0.0299524 0.289647 -0.612227
-0.101128 0.55252 0.613995
-0.101128 -0.853927 0.706426
0.299999 -0.851157 0.654622
-0.0234477 0.791954 -0.0394666
-0.101128 0.0605553 -0.912728
-0.0299524 -0.147343 0.0604434
-0.101128 0.796704 0.78954
-0.0299524 -0.0230931 -0.157807
-0.0299524 -0.0292683 0.48603
-0.0299524 -0.658717 -0.699404
-0.0299524 0.269162 -0.829842
0.159117 0.913043 0.747171
0.122456 -0.914329 0.0180704
0.313234 0.913043 -0.253715
0.181305 0.849465 0.279541
-0.010748 0.852912 -1
0.229181 0.849465 -0.818439
-0.0299524 -0.0359766 0.265571
-0.0299524 -0.262821 -0.247168
0.15631 0.849465 0.532267
-0.0299524 0.0567381 0.884555
-0.0299524 0.43426 -0.428156
-0.101128 0.721381 0.654747
-0.101128 0.197615 0.287403
-0.00229094 -0.824878 -0.230105
0.20823 0.849465 0.353306
0.0438851 -0.849053 0.088979
0.173883 0.913043 -0.477669
-0.0299524 0.162178 0.216621
-0.0299524 0.08295 0.120871
0.0381388 -0.847736 0.398438
-0.101128 -0.554195 -0.333421
-0.0299524 0.461952 -0.878912
-0.101128 -0.474093 0.300585
-0.0783702 -0.914329 0.0127314
0.141038 0.913043 -0.760353
-0.101128 -0.234087 0.989899
-0.101128 0.595308 0.724843
0.0319954 0.913043 -0.647033
-0.0299524 -0.0972164 0.511862
-0.101128 0.396845 0.731533
-0.101128 0.684808 0.840027
-0.0660728 0.456144 0.999313
-0.101128 -0.168852 -0.417879
-0.101128 -0.00765906 0.926984
-0.0299524 0.282538 -0.92914
-0.101128 0.414697 -0.786854
0.163875 0.849465 -0.16804
-0.0299524 0.546846 -0.999805
-0.101128 -0.0636374 -0.0885926
-0.0299524 -0.507194 -0.514119
0.0870956 0.849465 0.415974
-0.0299524 -0.614248 0.041373
-0.00114214 0.913043 -0.382633
-0.0969643 0.913043 0.698866
-0.101128 0.321373 -0.998943
-0.0299524 0.192904 -0.323039
0.156413 -0.850751 0.304815
-0.0299524 -0.491183 -0.144657
0.122697 0.913043 0.00612797
0.0906311 0.913043 0.307848
-0.0734395 0.913043 -0.217615
0.0491714 0.848641 0.94643
0.165483 -0.914329 -0.465126
-0.0977153 0.913043 -0.710412
0.114795 -0.850751 0.98528
0.206531 0.849465 0.149528
-0.101128 0.128254 -0.105038
-0.101128 -0.0804309 0.0500344
0.0787398 -0.850751 0.511651
-0.101128 -0.830987 0.933457
-0.101128 -0.196678 -0.768233
-0.0299524 0.510046 0.0547168
-0.101128 0.0800979 -0.684412
0.20804 0.849465 0.43001
-0.101128 -0.803585 0.221114
-0.0276453 0.778499 0.0311281
0.180295 -0.850751 0.454984
-0.0299524 -0.389159 -0.935284
0.268795 0.913043 0.134047
-0.101128 0.479454 0.84088
-0.0299524 -0.750366 -0.403166
-0.101128 -0.460549 0.157826
-0.0299524 0.379416 -0.473277
-0.0299524 0.535243 0.707775
-0.101128 -0.754924 -0.712756
0.326725 -0.909931 -0.517473
0.169792 -0.914329 -0.819925
-0.0299524 -0.568185 -0.256753
0.264909 -0.914329 0.512537
-0.0299524 -0.600393 -0.736278
0.00397353 0.829149 0.541688
-0.0299524 -0.369953 -0.572938
-0.101128 -0.739462 0.470474
0.0142301 -0.914329 -0.74382
-0.101128 0.912933 -0.300748
-0.0299524 0.621272 0.652686
-0.101128 -0.845632 -0.475864
-0.0299524 0.503631 -0.698208
0.299594 -0.851094 0.510997
-0.101128 -0.149112 -0.689998
-0.101128 0.100054 0.0489916
-0.0304626 0.913043 0.942375
0.0381557 -0.914329 0.253171
-0.101128 0.345667 -0.660828
-0.101128 0.573335 -0.689705
-0.0299524 0.0452203 0.365198
0.291892 0.849465 -0.222708
0.0211824 0.84013 -0.0617962
-0.101128 0.660601 -0.783962
-0.101128 -0.483918 0.465667
-0.101128 0.858582 -0.410209
-0.101128 -0.366488 0.148241
-0.0299524 -0.366489 0.567298
-0.101128 -0.824244 -0.991537
0.23584 0.913043 -0.773409
0.145923 0.913043 0.487089
0.0545943 -0.850496 -0.454113
-0.0299524 0.0737862 -0.630264
-0.101128 0.393876 -0.387854
-0.0484661 -0.914329 -0.869041
-0.101128 0.78425 -0.817912
-0.101128 -0.409649 -0.740527
-0.0996957 -0.914329 -0.565048
-0.101128 0.849899 0.592477
0.0535248 0.849123 -0.430964
0.268009 0.849465 -0.732625
-0.101128 -0.0496525 -0.731477
-0.0299524 -0.140679 -0.0823387
-0.0299524 0.123153 -0.182622
-0.0299524 -0.460814 0.794229
-0.0299524 -0.424344 0.983454
-0.0299524 -0.758712 0.422221
-0.0299524 -0.396638 0.081483
0.066374 -0.850751 -0.654708
-0.0299524 0.320311 0.769267
-0.0261179 -0.785574 0.521871
-0.0299524 -0.170504 -0.706376
0.191425 -0.914329 -0.940809
-0.101128 -0.78986 -0.340684
-0.0299524 0.521364 0.868144
-0.0299524 -0.557991 0.969857
0.299599 -0.851095 0.938047
0.17719 -0.914329 0.571568
0.209004 -0.850751 -0.855221
0.30504 0.851113 -0.873835
-0.101128 -0.186197 0.488179
-0.101128 0.647832 0.174498
-0.101128 0.168348 0.17719
0.158668 -0.850751 -0.767868
-0.0354575 -0.121459 0.999313
-0.101128 0.684568 -0.248439
-0.101128 0.273518 0.857365
0.32257 0.913043 0.727704
-0.101128 0.0407793 -0.630014
-0.0299524 -0.160397 -0.597352
0.0487635 -0.849871 -0.10423
0.182816 -0.850751 -0.048404
-0.101128 -0.764745 -0.24235
-0.101128 0.0592813 0.611512
0.110991 0.913043 -0.942472
-0.0299524 0.498857 -0.41061
-0.101128 0.508304 -0.855897
-0.101128 0.280439 -0.359486
0.305392 0.851233 0.851105
-0.101128 -0.713206 0.874308
-0.101128 0.495648 -0.10167
0.188187 -0.850751 -0.207869
-0.0299524 -0.645286 -0.104244
0.305734 -0.852641 -0.00228584
0.31888 0.860343 0.313728
-0.0299524 0.219779 0.107599
-0.101128 0.587949 -0.559734
0.304742 -0.914329 0.612464
-0.0299524 0.452078 -0.283373
-0.101128 0.00756685 -0.866485
-0.101128 -0.411458 0.278504
0.159784 0.913043 0.237021
-0.0299524 0.747984 -0.646624
-0.101128 -0.468363 -0.380858
-0.101128 -0.878103 -0.324642
0.0212847 -0.841466 0.850007
0.203975 0.913043 -0.329559
-0.101128 0.184924 0.617652
-0.0299524 0.0284995 0.537852
-0.101128 0.0265607 -0.372375
-0.101128 0.836558 -0.922288
-0.0299524 0.327081 -0.318916
-0.0299524 -0.485278 -0.00900045
0.32643 0.876933 0.412498
-0.101128 0.592768 0.941349
-0.101128 0.776993 0.137634
-0.101128 0.853012 0.254096
0.189126 -0.850751 0.189457
0.27979 0.849465 -0.62091
-0.0299524 0.553748 0.538395
-0.101128 -0.615293 0.00780123
-0.101128 0.379353 0.059941
-0.101128 -0.303803 0.873903
-0.0957124 -0.914329 0.239448
-0.101128 0.84098 0.92329
-0.0985851 0.607609 -1
-0.0780677 0.00035634 -1
-0.101128 -0.773472 -0.542541
-0.0299524 0.486092 -0.0757335
-0.101128 0.764465 -0.578528
-0.101128 -0.0880284 0.825661
-0.101128 -0.473309 0.050871
0.0095404 -0.914329 -0.0867544
-0.101128 0.519482 0.48227
-0.0299524 0.66687 0.700786
-0.101128 0.487491 -0.358548
-0.0299524 0.227115 -0.103612
-0.101128 -0.568154 -0.547596
-0.101128 -0.285296 0.0361875
0.117473 -0.850751 -0.501794
0.126655 0.913043 0.881838
0.303813 -0.914329 0.739129
-0.101128 -0.330641 -0.620323
0.000537111 0.826228 0.0807459
-0.0299524 0.335137 -0.565026
-0.101128 -0.659596 0.679009
0.110246 0.849465 -0.299802
-0.0299524 -0.165063 -0.32419
-0.101128 0.32344 -0.144803
-0.0299524 -0.374918 -0.316866
-0.101128 -0.141776 0.566608
0.0768905 -0.914329 0.456634
0.0555691 0.849278 -0.986484
-0.0299524 -0.216486 0.799782
-0.0299524 -0.664011 0.272615
-0.101128 0.248595 -0.559622
0.312166 0.854539 0.0404576
0.321388 -0.914329 -0.111014
0.118462 -0.914329 0.12748
-0.101128 0.362407 0.94085
-0.101128 -0.682037 0.065398
-0.0299524 0.714614 0.459399
-0.0618628 0.770942 0.999313
0.253682 -0.914329 0.378083
0.276158 -0.914329 -0.734883
-0.0299524 -0.337779 -0.0155046
-0.0240827 0.790317 0.259228
0.134992 0.913043 0.376879
0.295531 0.913043 -0.433633
-0.101128 -0.137169 -0.518388
0.060559 0.849461 0.325979
0.126608 0.913043 -0.140211
0.172784 -0.913759 0.999313
-0.101128 -0.145025 0.435592
0.0761639 -0.850751 0.183399
0.181466 -0.914329 0.261824
-0.101128 -0.637993 -0.677901
0.276552 0.913043 0.518206
0.245922 0.849465 0.683595
-0.101128 -0.15096 0.251975
-0.0299524 -0.274912 0.553127
0.321318 0.913043 -0.826184
0.0427257 -0.848819 -0.591477
-0.0299524 0.250172 0.575987
0.189064 -0.850751 -0.42783
0.253057 -0.850751 0.57076
-0.101128 0.855514 0.666111
-0.0299524 -0.497743 0.117777
-0.0299524 -0.227609 0.176407
-0.101128 0.748841 0.525181
0.243447 0.849465 -0.30327
-0.0299524 -0.709566 -0.2168
-0.101128 -0.754327 -0.933637
-0.0483982 -0.350232 -1
-0.0287426 -0.774202 -0.637367
-0.101128 0.0657196 0.959785
-0.0227382 0.913043 -0.613703
0.322386 0.865221 -0.126972
0.231915 0.849465 0.239648
-0.101128 -0.725356 0.330414
-0.0299524 -0.402267 0.195514
-0.0289277 0.771742 -0.379433
-0.0299524 0.308225 0.702412
0.0651589 -0.914329 -0.279055
0.239823 -0.850751 -0.912057
-0.0299524 0.263456 -0.201702
0.081453 0.849465 -0.85878
-0.101128 0.52284 0.756167
-0.0299524 -0.0594876 -0.640936
-0.0299524 -0.498951 0.931781
-0.101128 0.487526 0.646546
-0.0299524 0.381917 0.115136
-0.101128 -0.588282 0.132789
0.156688 -0.850751 -0.552076
0.0689371 -0.914329 0.821936
-0.0299524 0.145859 0.517144
-0.0158753 -0.838646 0.999313
-0.0299524 -0.741386 0.0570307
-0.0299524 -0.58632 -0.505384
0.129504 -0.914329 -0.0808024
0.320595 -0.863775 -0.820683
-0.101128 0.291841 0.639554
-0.0423249 -0.723426 -1
-0.101128 -0.103005 -0.812174
-0.0299524 -0.618111 -0.60779
-0.101128 0.818957 -0.202737
0.182742 -0.914329 -0.342049
0.21114 0.849465 0.500578
-0.101128 -0.0734474 -0.927892
-0.0299524 0.707599 0.117212
-0.0299524 0.699357 -0.507285
-0.024755 0.913043 -0.923351
-0.0299524 0.746691 -0.709816
-0.0299524 0.119805 0.888316
-0.0299524 -0.179984 0.921845
-0.101128 0.804183 -0.680273
-0.0299524 -0.537974 0.427919
0.246687 0.849465 -0.48208
0.28219 -0.850751 0.252393
-0.101128 -0.221062 0.0837925
-0.101128 0.745508 -0.148283
0.107748 -0.914329 -0.835812
-0.0299524 0.298449 -0.694935
-0.101128 -0.835854 -0.792578
-0.101128 -0.844877 0.872079
-0.101128 0.385224 -0.538206
-0.101128 -0.718435 -0.0537236
-0.101128 0.475132 0.949748
-0.101128 -0.719984 0.725831
0.326377 -0.877848 -0.943837
-0.101128 -0.365947 -0.672273
-0.101128 -0.68197 -0.364523
-0.101128 -0.90565 0.327746
0.00119628 -0.828098 -0.301519
0.199895 -0.914329 -0.713579
-0.101128 0.910298 0.403169
-0.101128 -0.530313 0.333831
-0.0424482 -0.914329 -0.167811
0.249861 -0.850751 0.463366
-0.101128 -0.251193 0.756883
-0.0299524 -0.196255 0.325444
-0.101128 -0.42296 0.401464
0.295961 -0.850767 -0.603288
-0.101128 -0.0697426 -0.194063
-0.0299524 -0.095838 0.760321
0.174696 -0.914329 0.803766
-0.0299524 0.61595 -0.136609
-0.101128 -0.398732 0.529397
-0.101128 0.67466 -0.659069
-0.101128 -0.765493 -0.153674
0.19872 0.913043 0.688087
-0.0299524 0.238216 -0.409962
-0.101128 -0.848457 -0.668144
-0.101128 0.126125 0.413504
-0.101128 0.141006 0.93808
0.140307 -0.914329 -0.597943
-0.0299524 -0.0780892 -0.188274
-0.0299524 0.712187 -0.999878
-0.101128 -0.426351 -0.846173
-0.101128 0.128762 0.722154
-0.027578 0.778791 0.643045
-0.0299524 0.414523 0.672301
-0.0298795 -0.763032 -0.769415
0.230975 -0.850751 0.947102
0.00811866 0.913043 0.383999
-0.0299524 0.0556164 -0.321857
-0.101128 -0.37872 -0.887163
-0.0299524 -0.374736 0.920014
-0.101128 0.318231 -0.889894
-0.101128 0.597732 0.0742502
0.26949 0.913043 -0.201229
-0.101128 -0.400453 0.0394951
-0.101128 -0.411782 -0.166318
0.198861 0.913043 -0.716763
0.315713 -0.858481 -0.231519
-0.101128 -0.425205 0.878448
0.0298864 0.843852 -0.69416
-0.101128 0.454066 0.0973461
0.196257 -0.914329 0.639851
0.312321 -0.855926 0.860448
0.318601 -0.914329 0.543757
-0.0299524 0.336335 -0.960127
0.0208514 0.913043 0.245821
-0.101128 -0.70942 -0.441756
-0.101128 0.607638 0.284448
-0.0299524 -0.735259 0.260763
-0.101128 0.778584 -0.0610628
0.32337 0.867039 0.51682
0.0447878 0.847939 0.600813
0.326532 0.913043 -0.695209
-0.0178885 -0.804758 0.596361
0.0786692 -0.850751 0.282822
-0.101128 -0.425391 -0.289393
-0.0299524 0.4645 0.391152
-0.0299524 -0.531244 0.547894
-0.101128 0.512069 0.254848
-0.101128 -0.855267 0.43235
-0.00617103 -0.913608 -1
-0.101128 0.384871 0.490566
-0.0299524 0.353618 -0.80722
-0.0982273 -0.914329 -0.06212
-0.0299524 0.0114965 0.60784
-0.101128 0.25455 0.411773
-0.101128 0.853183 0.352428
0.26362 0.913043 -0.648091
-0.101128 -0.0642886 0.426676
-0.101128 0.0809098 0.490496
-0.101128 -0.898669 0.838367
0.0171115 -0.914329 -0.529167
-0.101128 -0.746993 0.599597
-0.101128 -0.708087 0.254603
-0.101128 0.765531 -0.882294
-0.0299524 0.026039 0.149574
-0.101128 0.0922192 0.834382
-0.101128 -0.380263 -0.404185
-0.0299524 -0.384593 0.325558
-0.0299524 -0.292579 0.26832
-0.0299524 0.436224 0.772181
-0.101128 -0.501215 -0.244428
-0.0299255 -0.761598 0.913883
-0.101128 -0.8735 0.600563
-0.0299524 -0.450883 0.237635
0.30562 0.851314 0.251175
-0.0299524 0.166044 -0.917194
-0.0299524 -0.223225 -0.00433427
0.314861 0.856484 0.137721
-0.0299524 -0.469941 0.358843
-0.101128 -0.353034 -0.21773
-0.101128 0.0685556 0.362602
0.19145 -0.914329 -0.522447
-0.0299524 0.106411 -0.408008
-0.0299524 -0.634111 0.895842
-0.0299524 -0.741506 0.652383
0.213556 0.849465 -0.119993
-0.101128 -0.602038 0.303049
-0.101128 0.700858 -0.720698
-0.101128 0.660877 -0.543336
0.00597533 -0.914329 -0.401653
-0.0370986 -0.914329 0.455421
-0.101128 -0.182373 -0.0258908
-0.101128 -0.662 -0.158499
-0.101128 0.063732 -0.571797
-0.0299524 0.64305 -0.697239
-0.101128 0.277763 0.516915
-0.0299524 -0.562471 0.301051
0.151348 -0.914329 -0.893903
-0.0299524 0.384941 -0.344557
0.0689546 -0.914329 0.635437
-0.0299524 0.157871 0.0013159
0.0116269 0.913043 0.495949
-0.0299524 0.0268574 0.23704
-0.101128 -0.462971 0.762293
-0.0299524 -0.256523 -0.607748
0.261434 0.913043 0.284413
0.269278 -0.914329 0.885975
-0.101128 0.54167 0.376051
-0.0299524 -0.604971 -0.15968
-0.0333387 -0.914329 0.906149
0.192842 0.913043 0.0503379
-0.0299524 -0.155595 0.48507
-0.101128 -0.787088 0.667769
0.09978 0.849465 0.844069
-0.101128 0.256743 0.719009
-0.101128 -0.524157 -0.0370603
-0.0299524 0.470281 -0.816188
-0.101128 -0.679703 -0.937655
-0.101128 -0.85467 0.0897892
0.303533 -0.851936 -0.172727
-0.0299524 -0.496123 -0.573842
0.0818468 0.913043 0.993387
-0.101128 -0.401451 -0.0612206
0.193212 0.849465 0.791856
-0.101128 0.0759083 0.188901
0.232719 0.849465 -0.240694
-0.0299524 0.145242 0.617781
0.0904725 -0.914329 0.890463
-0.0299524 -0.251399 0.494815
-0.0365142 -0.914329 0.623159
0.266805 0.849465 0.751581
0.13848 -0.850751 0.503666
-0.0307511 0.446741 -1
-0.101128 0.237038 0.905314
-0.0299524 0.68062 -0.800963
-0.0299524 0.102247 0.345882
0.142506 -0.854863 -1
0.0632269 -0.850751 -0.0458163
-0.0299524 -0.0340907 0.399349
-0.101128 -0.744831 0.0430692
-0.101128 -0.652053 -0.310314
-0.101128 -0.608744 0.481953
0.0798115 0.913043 0.606461
-0.011074 0.813715 0.430519
-0.101128 -0.45428 -0.603115
-0.0296869 -0.766343 -0.513696
-0.0299524 -0.535491 -0.648871
0.00617404 -0.914329 -0.268005
-0.0299524 0.511238 -0.163214
0.320349 0.862156 -0.0369093
-0.101128 0.433109 0.206258
0.118155 -0.914329 0.338522
-0.101128 0.782169 0.372449
-0.101128 0.862772 -0.50122
-0.101128 0.310181 -0.77001
-0.00705621 -0.819878 -0.953701
-0.0299524 0.326077 0.92132
0.112486 0.913043 0.432416
-0.101128 -0.312733 0.661925
-0.101128 -0.29869 0.537275
-0.101128 0.0290954 -0.0263292
-0.0299524 0.432777 -0.59815
-0.101128 0.416468 0.836089
-0.101128 0.596364 -0.442581
0.196502 -0.850751 0.591578
-0.101128 -0.10852 0.134696
-0.0890623 0.787928 -1
-0.0956707 0.380887 -1
0.293491 0.913043 0.812565
-0.101128 -0.525884 0.679177
0.0802117 0.849465 0.475887
-0.0299524 0.393093 -0.131425
-0.0299524 0.622766 0.787122
-0.0299524 -0.20646 -0.203715
-0.101128 -0.245853 -0.627598
-0.0299524 -0.706262 -0.893324
-0.0299524 0.749498 -0.215362
0.119546 -0.850751 0.065071
-0.00672605 0.818964 0.309057
-0.101128 0.12704 -0.864343
-0.0299524 0.684285 0.91523
-0.101128 0.00673866 0.423953
-0.101128 -0.620729 0.909472
0.227388 0.913043 -0.895159
-0.0299524 -0.701865 -0.0479172
-0.101128 0.850676 0.814617
0.0950665 -0.850751 -0.783853
-0.0641527 -0.616473 -1
-0.0299524 0.434599 0.885225
-0.101128 -0.47115 -0.733861
-0.0299524 0.64764 0.243214
-0.101128 0.425438 0.606425
-0.0299524 0.737512 0.754171
-0.101128 -0.484713 0.608895
-0.0299524 0.542846 -0.502222
-0.0299524 -0.562498 0.836638
-0.101128 0.281715 -0.493777
-0.0299524 -0.529852 -0.395324
-0.101128 -0.0975327 -0.368427
-0.0299524 -0.172571 -0.50236
-0.0299524 0.752208 -0.0840442
0.0893194 -0.914329 0.570963
-0.101128 -0.566604 -0.891563
-0.101128 0.0874158 -0.257196
-0.101128 0.805953 0.471214
-0.0299524 -0.742982 -0.332408
-0.0299524 0.0200411 0.968492
0.0597975 -0.850737 -0.713484
-0.0299524 0.00366951 -0.432548
-0.0299524 -0.505152 -0.823055
-0.0299524 0.545913 0.294784
0.00343166 0.828708 0.208835
-0.0299524 0.427299 -0.0833722
-0.101128 0.589595 0.659867
0.128028 -0.850751 0.848077
-0.101128 -0.0592988 0.33867
-0.0299524 -0.523416 0.188252
-0.0299524 -0.46701 -0.366683
-0.0299524 -0.438811 0.122673
0.0399126 -0.848184 0.772037
-0.0299524 0.352777 0.306832
-0.0299524 0.19538 -0.832589
-0.101128 0.33554 0.126514
-0.0299524 0.168102 0.847222
0.264911 -0.850751 -0.681176
-0.0299524 0.421568 -0.217023
-0.0421488 0.913043 0.302229
0.0733604 0.913043 -0.760769
-0.0299524 0.0104158 -0.209856
0.115529 0.913043 -0.461712
0.119473 0.849465 -0.613048
-0.0299524 -0.624097 0.554853
-0.101128 0.209251 -0.910572
-0.0299524 -0.0390359 0.130271
-0.101128 0.594073 0.482888
-0.0299524 0.169791 -0.123741
0.190718 0.849465 0.092828
-0.0747312 -0.649763 0.999313
-0.0299524 0.301988 0.191869
-0.101128 0.742874 0.832121
-0.0299524 0.106834 -0.519566
-0.0299524 0.569253 -0.0557002
-0.0291623 -0.771372 -0.875203
0.0236751 -0.914329 -0.636534
0.0607217 0.913043 -0.11455
-0.0299524 -0.339881 0.83407
-0.0299524 -0.466007 0.664928
-0.101128 0.265275 -0.138391
-0.0299524 0.721304 0.363159
0.245053 -0.914329 -0.216823
0.0692216 0.913043 0.534427
0.0296559 -0.914329 0.193034
-0.0159119 0.806764 -0.731362
-0.101128 -0.0231786 0.0616698
-0.101128 0.20899 -0.737035
-0.0299524 -0.459156 0.477574
0.103981 0.913043 -0.88159
-0.101128 -0.255276 0.173523
-0.101128 0.12497 -0.793966
0.0966605 -0.850751 -0.137611
-0.0299524 -0.683776 0.0105134
-0.0299524 0.32851 -0.501836
0.163187 -0.850751 -0.65652
-0.101128 0.333755 0.992215
-0.101128 -0.88301 -0.255878
0.0486797 0.848573 -0.11251
-0.0299524 0.730768 0.814471
-0.0299524 -0.0820686 -0.498582
0.0682435 0.849465 0.0300284
-0.0299524 0.213477 -0.52517
-0.0116865 0.812907 0.849125
-0.101128 -0.347645 0.779826
-0.101128 0.386785 -0.873453
0.0267302 -0.843911 0.950675
0.103867 -0.850751 -0.299908
0.269097 -0.914329 0.169401
-0.101128 -0.0493316 -0.466648
-0.0758186 0.223553 -1
0.326725 -0.907239 -0.702904
-0.101128 -0.00782243 0.533443
0.080034 -0.850751 -0.899081
-0.101128 -0.58985 -0.42328
0.214096 0.849465 -0.0263625
0.187863 -0.914329 0.134078
-0.0299524 0.583363 -0.846439
-0.0299524 -0.612278 0.100555
-0.0299524 -0.58654 -0.0502564
-0.101128 -0.118478 -0.870892
-0.101128 -0.768935 -0.777756
-0.0299524 -0.284189 0.00666659
-0.101128 0.177508 0.681113
-0.0299524 0.706942 -0.589452
-0.101128 -0.258516 -0.507568
0.326725 0.907246 -0.315416
0.22573 -0.850751 0.770839
-0.0299524 0.225453 0.864376
-0.101128 0.00207887 0.308232
0.133445 0.913043 -0.245378
0.244684 -0.850751 -0.347333
-0.0299524 0.54381 0.421023
-0.101128 0.868313 0.506284
-0.101128 -0.814737 0.546165
-0.101128 -0.268156 0.397277
-0.101128 -0.304721 -0.801041
-0.101128 -0.717773 -0.827076
-0.0299524 -0.0381915 0.861743
-0.0299524 0.583268 -0.318304
-0.0299524 -0.126026 -0.390357
-0.0299524 0.264393 0.237821
-0.0299524 0.445807 0.0405595
-0.101128 0.628118 0.400776
-0.101128 0.238703 0.0604839
-0.101128 0.653583 0.944352
-0.0299524 -0.669964 0.752891
-0.0299524 -0.387302 0.73075
-0.0391459 0.913043 0.140869
-0.0297391 0.764336 0.92577
-0.0299524 0.174499 -0.700693
0.312535 0.913043 0.930948
-0.101128 0.138702 -0.680846
-0.0495148 0.913043 0.76513
0.234387 -0.850751 0.331727
-0.101128 -0.355719 0.299983
-0.0299524 -0.0305024 -0.0556096
-0.0299524 -0.370327 -0.187417
-0.0299524 0.0131378 -0.741414
-0.0299524 -0.433385 -0.0359879
-0.0299524 0.721762 0.577829
-0.101128 0.873544 -0.794409
-0.0299524 0.514334 0.580472
0.0952757 -0.850751 -0.562032
-0.101128 0.403719 -0.191407
-0.0299524 -0.316031 0.949862
-0.0299524 0.248954 0.678876
-0.0401032 -0.914329 -0.525627
0.0841207 -0.850751 0.674341
-0.101128 -0.818808 0.315667
0.0489229 -0.914329 0.00783124
-0.0146828 -0.809951 0.72306
-0.0299524 0.253239 -0.729755
0.280073 0.913043 -0.551981
0.0619335 0.849465 -0.225233
0.247495 -0.850751 -0.157031
-0.101128 0.577883 -0.951386
-0.101128 -0.869206 -0.948072
-0.101128 -0.134672 0.943472
-0.101128 -0.205094 0.658111
-0.101128 -0.568854 -0.104978
-0.101128 0.860761 -0.687926
-0.101128 0.317949 0.223074
-0.0299524 -0.431087 -0.587374
-0.0299467 0.759119 -0.435621
0.147207 -0.914329 -0.19928
-0.101128 -0.215657 -0.554912
-0.0299524 0.640133 -0.422635
0.22429 0.913043 0.169622
-0.101128 0.669878 -0.468013
0.175817 0.849465 -0.798398
-0.0299524 -0.629647 0.194221
-0.0299524 0.528098 0.954455
-0.0571546 -0.914329 -0.956526
-0.101128 0.00973643 0.178251
-0.0299524 0.201917 0.715191
-0.0299524 -0.288149 0.663534
-0.101128 -0.453594 0.513713
-0.0299524 -0.188435 -0.958843
0.220149 0.913043 -0.172627
-0.101128 -0.911303 -0.14045
-0.101128 -0.516985 0.80072
-0.101128 0.700444 -0.370902
-0.0299524 -0.111757 -0.714937
-0.101128 0.696831 0.489681
-0.0299524 0.11429 -0.58262
-0.0299524 -0.245348 -0.80546
-0.0347813 -0.294824 -1
-0.101128 -0.497063 -0.64314
-0.101128 0.187799 0.507188
-0.0618838 0.913043 0.0241973
-0.0299524 -0.413187 -0.477445
-0.101128 0.333811 0.52444
-0.00247383 0.823413 -0.272457
-0.0299524 0.341065 0.369112
-0.101128 0.873712 -0.187975
-0.101128 0.54126 0.17024
0.264456 -0.914329 0.0641576
-0.0299524 0.590459 0.141436
-0.101128 -0.511286 0.186547
0.238619 0.849465 -0.401651
-0.0299524 0.244035 -0.299334
-0.0299524 0.307854 0.0505635
-0.0299524 -0.325201 -0.259104
-0.101128 -0.913198 0.406727
0.109064 -0.914329 -0.455257
-0.0299524 -0.504616 0.303308
-0.0299524 0.308619 -0.39391
0.00341182 -0.829978 -0.13076
-0.101128 -0.890878 -0.777507
-0.101128 -0.206865 -0.22087
-0.101128 0.139427 0.280495
0.326725 -0.905429 -0.894992
-0.101128 0.29864 -0.835486
0.0388617 0.846637 0.706119
-0.101128 0.117091 -0.970006
0.10494 -0.850751 -0.24336
-0.101128 0.795822 0.0552171
-0.000565621 0.913043 0.054044
-0.101128 -0.57292 -0.704996
-0.101128 0.490884 0.309436
-0.101128 0.478856 0.720824
-0.0299524 -0.681184 0.361476
-0.0299524 0.30783 -0.0837116
-0.0232615 -0.793703 0.0386777
0.267752 0.904483 -1
-0.101128 -0.541749 0.50012
-0.0299524 0.506448 -0.301165
-0.101128 0.337339 0.746291
-0.101128 -0.0335243 0.981102
-0.0299524 0.326465 0.489257
-0.0299524 -0.00563512 0.333938
-0.0299524 0.351163 0.664209
-0.0299524 0.546782 0.210842
-0.101128 0.790962 0.58152
-0.0423883 -0.562251 -1
-0.0299524 -0.104782 -0.594731
-0.0299524 -0.429688 -0.22402
-0.101128 0.176421 -0.162858
-0.0299524 -0.673927 0.473435
-0.0464407 0.913043 0.491809
0.0465406 -0.849532 0.464711
-0.101128 -0.399002 -0.524993
-0.101128 -0.304185 -0.317555
0.0687436 0.849465 -0.507699
0.117944 -0.914329 -0.697703
0.138492 0.913043 0.826272
-0.027901 -0.778635 0.325791
-0.0446624 0.0572201 -1
-0.101128 -0.743442 -0.623377
0.283891 -0.914329 -0.41224
-0.101128 0.522933 -0.748588
-0.0299524 -0.641298 -0.918045
-0.101128 0.316601 0.820634
-0.101128 -0.847819 0.64967
-0.0299524 0.280082 0.968069
-0.0299524 0.112901 -0.684475
-0.0872061 -0.706427 0.999313
0.0337003 0.913043 0.853448
-0.0299524 -0.0607361 -0.296164
-0.101128 0.716935 0.711141
-0.101128 0.337164 -0.600537
-0.0299524 -0.306531 -0.584191
0.18524 -0.914329 -0.0883917
-0.0299524 0.596212 -0.235023
0.208381 -0.914329 0.0361126
0.105818 -0.914329 -0.643862
-0.0299524 -0.341181 0.191198
-0.101128 0.891434 0.112212
-0.0299524 -0.187474 -0.136688
-0.101128 -0.435656 0.938921
-0.0473176 -0.914329 -0.634785
-0.101128 -0.382365 0.977145
-0.0299524 0.00293966 -0.540114
0.153722 0.849465 -0.409261
-0.101128 0.411443 -0.926877
0.100144 0.849465 -0.179031
-0.0299524 0.636123 0.888791
-0.0299524 0.381834 0.223626
-0.0299524 -0.498176 0.741294
-0.0299524 0.124661 0.460906
0.30442 -0.914329 0.948906
-0.0299524 -0.0393287 -0.8591
0.0823193 -0.911922 0.999313
-0.101128 0.560141 -0.829629
-0.101128 -0.690408 -0.718914
-0.101128 -0.230832 -0.0624947
0.0853001 -0.914329 -0.357219
-0.0299524 -0.238844 -0.393135
0.298879 -0.914329 -0.314779
-0.0855133 0.174384 0.999313
-0.101128 0.430133 -0.569665
-0.0299524 0.0962746 0.770992
-0.101128 0.179201 -0.328188
0.324999 -0.872207 -0.405206
-0.101128 0.385151 0.00358709
-0.101128 -0.198857 -0.943692
-0.101128 -0.859069 -0.887726
-0.0299524 0.0866078 0.24346
0.289426 -0.914329 -0.636086
-0.101128 0.694357 -0.0420432
-0.0299524 0.174585 0.31232
-0.059685 0.50018 -1
-0.0299524 -0.243716 0.107846
0.0667375 0.849465 -0.806195
0.28786 0.913043 0.213654
0.0640949 -0.850751 0.566875
-0.101128 -0.679294 0.803913
-0.0299524 0.431569 -0.498476
-0.0299514 0.758521 -0.945566
-0.0514104 0.684392 0.999313
-0.101128 -0.105568 0.282268
-0.101128 -0.0280714 -0.298951
-0.0299524 -0.108774 0.872202
-0.101128 -0.522583 -0.809928
-0.0732282 -0.914329 0.516482
0.215159 -0.850751 0.839336
0.126143 -0.914329 0.224392
-0.0299524 -0.103558 -0.961803
0.0686747 0.913043 -0.00728901
-0.101128 -0.67973 0.125072
0.149625 0.849465 0.587567
-0.0299524 -0.151122 0.426566
0.142251 0.849465 0.732126
-0.101128 0.375932 -0.289859
-0.0299524 0.345963 -0.236767
0.182866 -0.850751 -0.603492
0.273764 -0.914329 -0.789086
-0.0299524 0.243318 0.320215
-0.101128 0.0437017 -0.480109
-0.101128 -0.376895 -0.11739
-0.0251977 0.787187 -0.163123
-0.0299524 0.611585 0.435669
0.266786 -0.914329 0.788241
0.319811 -0.862747 0.156439
-0.0967203 0.571705 0.999313
-0.101128 -0.864043 -0.595314
-0.101128 0.793533 -0.412456
-0.101128 -0.102716 0.707829
0.159869 -0.850751 -0.150278
0.0523245 -0.914329 -0.936658
-0.101128 0.342892 0.271085
-0.101128 0.239154 0.605031
-0.0299524 -0.303784 -0.470368
0.320362 0.862173 -0.737274
0.202817 -0.850751 -0.800534
0.131616 -0.914329 0.465288
0.0120003 -0.914329 0.813371
-0.101128 -0.860247 0.0360718
-0.0299524 -0.625528 -0.810071
-0.0586165 0.0821882 0.999313
-0.0884706 -0.517686 -1
-0.0471411 0.913043 -0.157081
0.0647498 -0.914329 0.123266
-0.101128 0.0715262 -0.336478
-0.088294 -0.408561 -1
-0.0299524 -0.0402527 0.669452
0.242396 0.904863 0.999313
-0.101128 -0.130758 -0.639428
-0.0299524 0.445611 0.327254
-0.0299524 -0.547298 0.638179
-0.101128 0.238997 -0.0573874
-0.0299524 0.315333 0.587635
-0.0281359 0.776225 -0.27003
0.113622 0.849465 -0.0696975
-0.0557536 0.913043 -0.411941
-0.101128 0.578048 0.77958
-0.101128 0.603829 -0.183828
-0.0299524 0.0771346 -0.869202
-0.0299524 -0.678051 0.952944
0.132177 -0.914329 -0.261834
0.137723 0.849465 -0.527301
-0.0180101 0.913043 -0.731868
0.129727 -0.850751 0.179889
-0.0299524 0.48653 0.186736
0.241174 -0.850751 0.114935
0.319242 0.860765 -0.561724
0.108481 0.913043 -0.374241
-0.101128 0.444649 -0.118205
-0.101128 -0.688412 0.204107
-0.101128 -0.192107 -0.886857
-0.101128 0.707841 0.224725
-0.0299524 -0.674089 -0.492016
0.235371 0.913043 0.456862
-0.101128 0.128744 -0.000133715
0.0853725 0.913043 -0.650084
-0.10031 0.913043 -0.994339
-0.0299524 -0.271982 -0.111004
-0.0153961 0.807574 -0.550899
-0.101128 -0.0514513 -0.413137
0.0511403 0.855713 0.999313
-0.0299524 0.212582 0.522459
-0.101128 0.856729 -0.0164818
-0.0299524 -0.331787 -0.360127
-0.0299524 0.380864 -0.610493
0.0359289 -0.847124 -0.339527
0.193137 0.913043 -0.550982
0.293082 -0.850751 0.0498557
0.205031 0.913043 0.566772
0.0272064 0.913043 -0.846588
-0.0443646 -0.914329 0.100363
-0.0299524 0.340624 -0.140606
-0.0299524 0.205143 0.416572
-0.101128 0.345364 -0.0954632
-0.0299524 0.381925 -0.0174442
-0.0299524 0.627542 -0.940048
0.315258 -0.858095 -0.0543611
-0.0299524 -0.530519 -0.0474946
-0.0299524 -0.385579 -0.126122
-0.101128 0.656957 -0.886554
-0.0299524 -0.677804 0.846822
-0.101128 0.30293 -0.944383
0.137551 -0.914329 -0.946629
0.318727 -0.861456 0.381799
-0.0299524 0.130764 0.940316
-0.0299524 0.221282 -0.00234907
0.0558778 -0.914329 0.506313
-0.0299524 -0.680818 -0.436575
-0.00679447 0.818887 -0.798125
0.227804 0.849465 0.633708
-0.0625475 0.663132 -1
-0.101128 -0.795779 0.426981
-0.101128 -0.257039 0.256679
-0.0202339 0.799102 0.358989
-0.0412104 0.913043 -0.266084
-0.101128 0.0240531 0.74645
-0.101128 -0.635717 -0.0419099
-0.04731 -0.914329 0.676014
0.131714 -0.850751 -0.0320818
-0.0299524 0.728404 0.0652857
-0.0299524 -0.417992 -0.887371
-0.101128 0.80677 -0.259255
0.209731 0.913043 -0.438813
-0.0299524 0.679218 -0.310079
-0.101128 -0.115576 -0.0788631
0.078866 0.849465 0.24175
-0.101128 -0.195833 -0.655456
-0.101128 0.897862 -0.0907121
-0.101128 -0.282359 -0.267964
-0.101128 0.235917 0.165543
-0.101128 -0.169135 0.025588
-0.101128 -0.361786 -0.327726
0.302325 0.850335 -0.508658
-0.101128 -0.0443587 -0.984072
-0.0299524 -0.0946766 0.388357
0.164613 0.851063 0.999313
-0.101128 0.457081 -0.737888
-0.0299524 0.0996114 -0.230475
0.0680914 -0.914329 -0.543516
-0.101128 0.251239 -0.246742
-0.0299524 -0.177835 0.602374
-0.0171875 -0.805962 -0.020917
-0.0299524 -0.593324 -0.896343
0.145318 0.849465 -0.0204765
-0.0264635 -0.914329 -0.319165
-0.0997457 -0.329449 -1
0.0251068 -0.843227 0.660937
-0.101128 -0.563068 -0.197995
0.160794 0.851657 -1
-0.101128 -0.384418 0.606507
-0.101128 0.763919 -0.484743
-0.101128 0.246031 -0.655256
-0.0299524 0.663565 -0.0274881
-0.101128 -0.712745 0.92723
-0.101128 -0.0709744 0.607928
-0.0299524 -0.384266 -0.522398
-0.101128 0.763502 0.197658
0.198745 -0.914329 0.382597
-0.0299524 0.56738 -0.394122
-0.101128 0.623794 -0.355293
-0.101128 -0.646629 -0.53927
-0.0299524 -0.705653 -0.533935
-0.0299524 -0.544302 -0.716201
-0.101128 0.862746 -0.582373
-0.0299524 -0.1451 0.160253
0.0676689 -0.914329 -0.732566
-0.101128 0.154629 -0.383466
0.318788 0.860239 -0.994137
-0.0299524 0.315498 -0.190442
0.0440036 -0.849076 -0.939018
0.318194 0.913043 -0.945642
-0.0162012 -0.807588 -0.404257
-0.0299524 0.17047 -0.219894
-0.101128 0.420206 0.946871
-0.101128 -0.810698 -0.0436686
-0.101128 0.841041 0.150525
-0.0299524 0.342973 0.843094
-0.0299524 -0.55116 0.736243
-0.0299524 0.211881 0.948274
-0.0449188 0.614319 0.999313
-0.0299524 -0.438847 -0.0995034
-0.101128 0.191364 0.346202
-0.0299524 0.0581157 -0.118172
-0.0299524 -0.700931 -0.734407
-0.0299524 -0.31301 0.379513
0.311957 -0.914329 0.428943
-0.0299524 0.0064766 -0.592207
0.0604444 0.84946 0.650573
0.234936 -0.888804 0.999313
-0.101128 0.600204 0.830246
0.134468 0.913043 -0.837299
-0.101128 -0.880516 0.949562
-0.0299524 0.238188 0.467971
-0.0299524 -0.406743 0.785108
0.00940713 -0.913375 0.999313
-0.0299524 0.0680102 0.440579
-0.0364189 0.502669 0.999313
-0.101128 -0.620616 -0.0993376
-0.101128 0.703868 0.430727
-0.101128 -0.209807 -0.35371
-0.101128 -0.554518 0.568396
-0.101128 -0.770979 -0.884503
-0.0264976 -0.78427 -0.299861
-0.0299524 -0.0525291 -0.355709
-0.101128 -0.88288 0.138747
0.0283013 0.913043 -0.30789
-0.101128 -0.605003 0.229481
0.0289187 0.913043 0.744896
-0.0299517 0.758467 -0.840351
-0.101128 0.288687 -0.0261714
-0.101128 0.29474 0.32679
0.266059 -0.914329 -0.362837
-0.101128 -0.573767 -0.94283
-0.101128 -0.432984 0.6347
-0.0299524 -0.493273 -0.29688
0.303728 0.863426 0.999313
-0.101128 -0.857602 0.765953
-0.101128 -0.498163 0.864349
0.155591 0.849465 0.414367
-0.0299524 0.508965 0.663319
-0.0299524 0.122907 0.0856868
0.112789 -0.850751 0.610005
-0.0299524 -0.637179 -0.35627
0.0903366 0.849465 0.134145
-0.0299524 0.378327 0.503329
-0.101128 -0.150817 0.80729
-0.101128 -0.890235 -0.380568
-0.101128 0.503105 -0.407679
-0.101128 -0.596791 -0.300245
-0.039502 -0.914329 -0.429359
-0.0299524 0.260066 -0.489675
-0.101128 0.466138 -0.662214
-0.101128 -0.269269 -0.365499
-0.0299524 0.381147 -0.871719
0.209512 -0.914329 0.692478
0.20876 -0.850751 -0.000385026
-0.07375 0.913043 -0.517925
0.176782 0.913043 -0.069183
-0.000717726 0.825086 0.593517
-0.101128 0.231204 0.774187
0.238579 -0.914329 -0.826599
-0.0299524 0.14742 0.775977
-0.0299524 -0.326903 -0.832233
-0.042671 -0.914329 -0.22492
-0.0164784 -0.807139 -0.598089
-0.0299524 0.675521 -0.145209
-0.101128 -0.373298 0.712251
-0.101128 0.158079 -0.632655
-0.0299524 -0.738857 0.182025
-0.0299524 -0.0220355 0.044437
-0.013105 0.810962 -0.953323
-0.101128 0.351815 0.415258
0.174024 0.849465 -0.218271
-0.0299524 -0.262727 0.311644
-0.101128 -0.681484 0.632703
-0.0299524 -0.713103 -0.670522
0.124456 -0.850751 0.795531
-0.0299524 0.213293 0.219301
-0.101128 0.152208 -0.488549
-0.101128 -0.608553 -0.221983
0.132522 0.892581 0.999313
0.313002 0.913043 0.306826
-0.0224374 0.794384 -0.623551
-0.0299524 0.146409 -0.789086
0.0507748 0.913043 0.195514
0.00225905 0.827728 0.80109
-0.0299524 0.512357 -0.909417
0.286073 -0.914329 0.837784
0.25722 -0.850751 -0.0894962
-0.083395 -0.142691 -1
-0.0292494 -0.770695 0.79959
-0.101128 0.593633 0.360286
-0.0299524 0.669439 0.570427
0.284316 0.913043 -0.789867
0.322204 -0.866199 -0.491772
-0.101128 0.869452 0.969218
0.116254 -0.914329 0.0727507
-0.0299524 0.672875 -0.239197
0.0446691 0.847917 -0.572793
-0.0299524 -0.436645 -0.667748
-0.101128 0.0768051 0.248647
-0.0299524 0.138411 0.672351
-0.0299524 -0.757982 -0.201067
-0.101128 0.400749 0.361391
-0.101128 0.609412 0.556952
-0.101128 0.670978 0.647892
0.204228 0.913043 0.95269
-0.101128 -0.785376 -0.418528
-0.101128 0.0306593 0.482861
-0.101128 -0.185179 0.853128
-0.0571508 0.832207 -1
0.23496 -0.850751 -0.508331
-0.101128 0.187807 0.454568
-0.0299524 0.390255 -0.683408
0.319697 -0.862604 0.769305
-0.0299524 0.408718 -0.779207
0.107561 -0.914329 -0.167636
-0.101128 0.562713 -0.503233
-0.101128 0.41709 -0.468356
-0.101128 0.0786125 0.0956513
0.217288 0.913043 0.635854
-0.0299524 0.269667 0.786476
0.210776 0.913043 0.299429
-0.0299524 -0.75571 0.370897
-0.0299524 -0.266515 -0.943654
-0.0299524 0.567089 0.0153275
-0.0299524 -0.267353 -0.551857
-0.101128 0.667509 -0.0902192
-0.101128 0.565753 0.876489
-0.101128 -0.158975 -0.471355
-0.0299524 -0.00206171 -0.370397
0.03615 -0.914329 -0.888763
-0.101128 -0.714624 -0.248891
0.159709 0.913043 -0.955917
-0.0299524 -0.00959795 -0.91851
0.237725 -0.858621 -1
-0.0299524 0.0230754 0.487623
-0.0708979 -0.778821 0.999313
-0.087208 0.224835 0.999313
-0.0299524 0.0118992 0.774176
0.170034 -0.914329 0.93859
-0.101128 -0.474417 -0.0647372
0.00322631 -0.914329 -0.136814
-0.050543 -0.914329 -0.0456538
-0.0299524 0.544377 0.100858
-0.00994733 -0.816439 -0.763263
-0.0299524 0.0328636 0.0482051
0.209691 0.865095 -1
-0.101128 -0.653803 0.537425
-0.0299524 -0.194817 0.401505
-0.101128 0.169585 0.0935758
-0.0299524 -0.363187 0.634867
-0.101128 -0.158697 0.366218
-0.0726465 0.913043 0.898331
-0.101128 0.668557 0.752834
-0.0299524 -0.159922 -0.222884
-0.101128 -0.258128 -0.168714
-0.0154197 0.807538 -0.47225
0.307062 0.851869 0.578624
-0.0299524 -0.088581 0.280181
0.0206706 0.913043 -0.511177
-0.101128 0.723511 -0.326245
-0.0299524 -0.526463 0.0430998
-0.0596304 0.913043 0.193619
-0.101128 -0.411723 0.170143
0.0756545 -0.850751 -0.406649
0.260348 -0.850751 -0.749775
-0.0299524 -0.0240521 -0.10761
-0.101128 -0.422759 0.702999
-0.101128 -0.611358 0.736991
0.113267 0.849465 0.079527
0.323136 0.866581 -0.40624
-0.101128 0.446602 0.438892
-0.0452534 -0.464336 -1
-0.0299524 -0.666012 -0.252105
-0.101128 -0.718006 -0.137644
-0.0299524 -0.653124 0.663573
-0.0299524 -0.467239 -0.188644
-0.101128 -0.501606 0.418813
-0.101128 -0.325488 0.920966
-0.0299524 -0.676814 -0.818773
-0.0299524 0.520056 -0.57269
-0.101128 0.911016 0.0592172
0.0711963 0.849465 -0.339269
0.320857 0.862852 0.192543
-0.101128 -0.0050137 0.704814
0.101049 0.913043 -0.571217
-0.101128 0.399836 0.264231
-0.0299524 -0.439129 0.588114
-0.0299524 0.467682 0.282396
0.122104 -0.850751 0.935838
-0.101128 -0.734506 -0.506183
0.173284 -0.914329 -0.290252
-0.00758958 -0.914329 0.273285
-0.101128 -0.0862605 -0.241219
-0.101128 -0.323898 -0.941015
-0.101128 -0.562673 -0.597245
-0.101128 -0.560095 0.0915695
0.226727 0.849465 0.858491
-0.0299524 -0.566451 0.495968
-0.101128 -0.47354 -0.94802
0.260766 -0.850751 0.685361
-0.0299524 0.0633988 0.81157
-0.0299524 0.26865 0.0939435
-0.0299524 -0.0700707 0.949137
-0.0299524 -0.0867056 0.562086
-0.101128 0.494415 -0.50726
0.027857 0.913043 -0.182422
-0.0299524 -0.271971 0.871645
0.221523 -0.914329 0.183926
-0.0299524 -0.146922 -0.803218
-0.0299524 -0.735303 0.542363
-0.101128 -0.693253 0.440442
0.238524 -0.850751 -0.437186
-0.0299524 -0.180759 0.263802
0.0280391 0.84315 0.422065
0.275998 -0.914329 -0.54858
-0.101128 -0.432618 -0.415345
-0.0101601 0.814886 -0.874917
-0.101128 -0.220399 -0.453504
-0.0299524 -0.63417 0.439374
-0.101128 -0.304539 0.466127
-0.0251278 -0.78868 0.137978
-0.0299524 -0.339635 -0.0650859
-0.0299524 0.439445 0.511573
-0.0299524 -0.593387 0.790447
-0.0299524 -0.42304 0.380029
-0.101128 0.392135 -0.0788981
-0.101128 0.190841 0.883734
-0.0299524 0.579539 0.680545
-0.0299524 -0.297414 0.717898
-0.0299524 0.754813 0.527463
0.326033 0.913043 -0.472636
-0.0299524 0.105696 0.546091
0.0643071 -0.850751 -0.213246
0.207416 -0.914329 -0.647347
-0.101128 -0.328297 -0.421975
-0.0299524 -0.471943 -0.479416
0.0436041 0.913043 0.434037
0.263874 -0.850751 -0.8606
-0.0299524 0.62544 0.601349
-0.0299524 0.443687 0.235946
0.280391 0.913043 0.637929
0.00193648 -0.828739 0.202901
-0.101128 0.561538 -0.274703
-0.0299524 -0.114533 0.332829
0.126326 0.913043 0.630134
-0.0299524 -0.684158 -0.580305
-0.101128 -0.177778 0.758778
-0.0299524 0.63742 -0.623972
-0.0299524 -0.125386 -0.129783
0.163066 0.849465 -0.479774
-0.0990938 -0.914329 0.184039
-0.101128 0.435618 0.554879
-0.101128 0.561733 -0.115702
-0.0891762 0.271041 -1
-0.101128 -0.148138 -0.787488
-0.101128 0.331283 -0.197181
-0.101128 0.873569 0.209308
0.237482 -0.914329 -0.265498
-0.101128 0.0189345 0.0877125
-0.0299524 0.59716 -0.510707
-0.101128 -0.346923 0.361653
0.305944 -0.914329 0.32086
-0.101128 0.721245 -0.95423
-0.0299524 -0.00350698 -0.272044
-0.101128 -0.624034 -0.968448
-0.0299524 0.62995 0.0854553
-0.0299524 0.00835652 -0.99375
0.0927131 -0.867731 -1
-0.0299524 0.382143 0.407385
0.187214 0.913043 -0.279776
-0.101128 0.774615 0.421037
-0.101128 -0.860943 -0.16912
-0.0299524 0.622412 0.331162
0.307111 -0.914329 0.090187
-0.101128 0.436523 -0.830824
-0.101128 -0.659074 -0.86859
0.228297 -0.914329 -0.0323639
-0.0299524 -0.278091 -0.351767
0.322481 0.865385 0.461045
-0.0299524 -0.118987 0.00761035
-0.101128 -0.662169 -0.76965
0.0303317 0.844015 0.900776
-0.0299524 0.235197 0.622646
-0.101128 0.348572 0.179561
-0.00249078 -0.914329 -0.796229
-0.101128 -0.0258883 -0.509658
-0.101128 -0.679082 -0.612904
-0.0299524 -0.196282 0.0622184
0.141725 0.849465 -0.724078
-0.0299524 -0.58858 0.351474
-0.0299524 0.52722 -0.455846
-0.0172796 -0.914329 0.774193
0.2031 -0.850751 -0.320138
0.155029 0.913043 0.120834
0.278286 0.913043 0.0846971
0.077492 0.913043 -0.978076
-0.101128 0.171552 0.243655
-0.0299524 0.612169 -0.582163
-0.0160598 0.806529 0.137533
0.266675 0.849465 0.950996
-0.101128 0.657872 0.290266
-0.101128 0.709168 -0.77911
-0.101128 0.0248195 -0.740757
0.319944 0.861628 0.0880719
-0.101128 -0.547039 0.39578
-0.101128 0.210508 -0.857737
-0.0187098 -0.914329 0.560223
-0.0299524 0.485796 0.781003
-0.0299524 0.676626 -0.38339
-0.0299524 -0.537812 -0.94107
0.185394 0.913043 0.356705
0.125341 0.849465 0.950117
0.130129 -0.850751 -0.383839
-0.101128 -0.234053 -0.261248
0.0455827 -0.914329 -0.178742
-0.101128 -0.609439 -0.794794
-0.101128 -0.0231858 -0.65148
-0.0299524 0.554393 0.34403
-0.101128 -0.13593 -0.303726
0.153811 0.913043 -0.356622
-0.0299524 0.169223 -0.594597
-0.101128 0.268361 0.212982
-0.0528823 0.385982 0.999313
-0.0299524 0.530889 -0.223488
-0.0442891 0.16656 -1
0.0559272 0.913043 0.785884
-0.101128 0.0198869 0.863206
-0.101128 0.861925 -0.123351
-0.101128 0.802076 0.262413
-0.101128 0.0279966 -0.819727
-0.101128 0.0687094 0.00164438
0.109362 0.913043 0.773736
-0.0178374 0.870545 0.999313
-0.101128 0.506003 0.20409
0.317186 -0.859836 0.98926
0.0157292 -0.914329 0.713034
-0.101128 -0.0977694 0.233746
0.320326 -0.863412 -0.989634
-0.0531444 0.913043 0.591347
0.161341 -0.850751 0.741998
-0.101128 -0.60888 -0.865057
-0.0299524 -0.218193 0.730554
-0.0299524 0.248252 0.36854
-0.0299524 -0.412624 -0.428852
-0.0299524 0.0507014 0.6379
-0.0299524 -0.129482 0.623602
-0.0299524 -0.71062 -0.784205
-0.0299524 -0.566029 -0.307473
-0.101128 -0.377611 0.418181
-0.101128 -0.773554 -0.295191
0.156357 0.849465 -0.120306
0.182096 0.913043 -0.607585
0.325049 0.913043 -0.133289
-0.101128 0.201591 -0.784775
-0.101128 0.745205 0.894814
-0.0299524 0.00765363 0.876959
0.191944 -0.850751 0.0658707
-0.101128 0.894741 0.57455
-0.0299524 -0.0492909 0.0020837
-0.101128 0.108607 -0.151121
-0.101128 -0.00515521 0.130934
-0.101128 -0.153545 -0.174996
0.171775 0.913043 0.531894
0.0532425 -0.850385 0.0401666
0.0936652 0.913043 -0.314391
-0.101128 -0.386903 -0.25284
-0.101128 0.689518 -0.133051
-0.101128 -0.790256 0.836995
0.221093 -0.850751 -0.391884
-0.101128 -0.191807 0.553825
-0.0299524 -0.176155 -0.451864
-0.0299524 0.569855 -0.799319
-0.101128 -0.461839 -0.193126
0.180518 -0.914329 -0.57019
0.270734 -0.850751 0.615485
-0.0299524 0.730771 0.642348
-0.101128 0.333137 0.0731981
-0.101128 -0.170794 0.199995
-0.101128 0.492723 0.523185
-0.101128 0.75193 0.979148
0.161621 -0.850751 -0.719251
0.00358584 0.913043 0.902958
0.317486 0.913043 -0.648029
-0.101128 0.433212 0.153264
0.0902072 0.849465 0.758893
-0.101128 -0.833102 -0.84139
-0.0508977 -0.885178 0.999313
0.155937 -0.914329 0.752903
-0.101128 0.239923 -0.331362
-0.101128 0.58916 -0.0306564
-0.101128 0.597988 0.188986
0.146656 -0.850751 -0.951418
-0.0299524 0.234576 -0.931069
-0.101128 0.204953 -0.461943
0.00335924 0.913043 -0.0898672
-0.0299524 -0.0551212 -0.456272
-0.0299524 -0.350527 -0.668133
0.243696 -0.850751 0.223925
0.22838 0.849465 -0.766446
0.288684 0.849465 -0.167852
0.0782084 0.913043 0.874438
-0.0299524 -0.474774 0.536632
-0.101128 -0.304602 -0.118848
0.305534 -0.914329 0.0112819
0.000273214 -0.914329 0.36957
0.0220132 -0.841818 0.597518
-0.0299524 -0.322634 -0.896873
-0.0299524 -0.0787417 -0.812097
0.0600922 0.849455 0.806395
-0.101128 -0.474203 0.109176
-0.0873805 -0.914329 0.710581
-0.0299524 0.0707347 -0.0703719
-0.101128 0.635309 -0.274905
-0.101128 -0.513096 -0.45205
0.205969 0.913043 -0.944136
-0.101128 0.315734 -0.69798
-0.101128 -0.0243353 0.811184
-0.0299524 -0.525241 -0.111289
0.193955 -0.914329 -0.189907
0.0161026 -0.838723 -0.832319
-0.0542992 -0.0853918 -1
-0.0299524 -0.641893 -0.407826
-0.0299524 -0.386984 0.683085
-0.0299524 0.750586 0.145466
-0.0292078 -0.771023 -0.446103
-0.101128 -0.784354 0.775798
-0.0299524 0.542854 -0.655741
0.0128523 -0.836776 0.275181
-0.0299524 0.216178 -0.367772
0.126699 0.849465 -0.844029
-0.0299524 0.131203 -0.0537593
0.0195102 0.839288 -0.466409
-0.101128 -0.0852308 0.8731
-0.0299524 0.728549 -0.769513
-0.101128 -0.797411 -0.691486
-0.101128 0.763302 -0.708637
-0.101128 0.483905 -0.212631
-0.0299524 -0.346394 0.429814
-0.0299524 0.0434726 -0.0282497
0.15039 -0.914329 0.378969
-0.0299524 -0.528622 0.884753
0.25924 0.849465 0.137417
-0.0294249 -0.769186 0.698727
0.0248619 -0.84312 -0.68229
0.275834 -0.914329 -0.124255
-0.101128 -0.190476 0.278207
0.0891945 0.913043 0.682285
0.324094 0.868592 -0.351286
0.279503 -0.914329 -0.0385686
-0.101128 -0.0673665 0.740155
-0.101128 0.489538 0.0408344
0.20394 0.849465 0.908786
-0.101128 0.495495 -0.0529861
0.290535 -0.914329 -0.480225
0.280065 0.913043 -0.368662
-0.0299524 0.578873 0.578548
-0.0641275 0.913043 0.436311
0.325764 0.873495 0.900973
0.229025 0.913043 0.724478
-0.101128 0.467515 -0.296986
-0.101128 -0.666461 0.892862
-0.0299524 -0.404238 -0.836321
0.31504 0.856629 0.659886
0.0674573 0.849465 -0.92036
0.180684 -0.850751 0.945307
-0.101128 0.698573 0.11639
-0.101128 -0.669936 -0.206817
-0.101128 0.466505 -0.468555
-0.0299524 0.552155 -0.881879
-0.028849 -0.773539 0.471855
-0.0299524 0.279434 0.282567
0.229559 0.849465 -0.952921
-0.0458627 0.913043 0.823793
0.164956 0.913043 0.442164
-0.101128 -0.782729 0.170793
-0.0535758 -0.914329 0.260653
-0.0299524 0.282256 0.144139
-0.101128 -0.0259791 -0.822132
-0.0299524 -0.153587 0.704003
-0.0540366 0.913043 -0.0234303
-0.101128 -0.414094 0.805145
-0.0299524 0.423023 -0.169407
-0.0299524 -0.302683 -0.738037
-0.101128 0.885459 -0.876122
0.133515 0.849465 0.659738
-0.0142671 -0.810571 0.849972
0.0850047 0.913043 0.092107
-0.0299524 -0.23709 -0.755592
0.197056 -0.914329 -0.386893
0.281725 -0.914329 -0.971295
-0.0299524 0.025325 0.920572
-0.101128 0.339371 0.57924
-0.0299524 -0.651435 -0.171645
-0.0299524 -0.640329 0.384748
-0.101128 -0.331472 0.0273366
0.101664 -0.850751 0.398108
-0.0299524 0.247121 -0.784728
0.0606738 -0.850748 0.136566
-0.0299524 -0.289563 0.0873441
0.202685 0.913043 0.858613
-0.101128 0.6685 0.579427
-0.101128 0.254538 0.948885
-0.0299524 -0.068081 0.902229
-0.0299524 0.673393 -0.900434
-0.101128 0.906276 -0.421829
-0.101128 0.414844 0.778913
-0.101128 0.175506 -0.555732
-0.0202198 -0.800416 -0.910933
-0.0299524 -0.558913 0.218903
0.0134826 0.913043 0.616845
-0.101128 -0.702582 0.520401
-0.101128 -0.719293 0.773623
-0.101128 0.118837 -0.442108
0.237285 0.913043 -0.0978244
0.0319802 0.913043 0.152633
0.0630508 -0.850751 0.868941
-0.101128 0.745432 0.337368
-0.0299524 -0.694999 0.113621
-0.101128 -0.323031 -0.845278
-0.0299524 0.635618 -0.837787
-0.101128 -0.537706 -0.139919
-0.101128 -0.278905 0.300312
0.111966 0.913043 0.194796
-0.0299524 0.116814 0.205466
0.0549603 0.913043 0.341953
-0.0299524 -0.251689 0.437916
-0.0299524 -0.547926 0.131048
-0.101128 0.783267 -0.63434
-0.0299524 -0.570354 -0.611042
-0.101128 -0.77434 0.0824212
-0.0299524 0.733224 -0.539389
-0.0299524 0.303911 0.880258
-0.101128 -0.706813 -0.979828
-0.101128 -0.597324 0.84122
-0.0299524 0.693337 -0.691798
-0.0600709 0.343492 -1
0.284003 0.913043 -0.0160847
-0.101128 0.882514 -0.336113
-0.101128 0.240343 0.266589
-0.101128 -0.42203 -0.954984
-0.0299524 0.167782 -0.870176
-0.0299524 -0.140411 0.791675
0.238335 0.913043 0.813244
-0.0299524 0.432439 0.140522
0.193644 -0.893848 -1
-0.101128 0.510825 0.12601
-0.0299524 -0.319672 0.566115
-0.101128 0.0107979 0.576161
-0.0299524 -0.338187 -0.419182
-0.101128 -0.252417 0.825809
-0.0299524 -0.267288 -0.199798
-0.0612779 -0.914329 0.864378
-0.101128 -0.576181 -0.378749
-0.00113064 -0.825987 0.416317
-0.0549775 0.832382 0.999313
-0.000460815 0.825323 -0.152986
0.0135075 0.835897 -0.650638
-0.0228787 -0.794633 -0.0948951
0.0543646 0.913043 -0.2252
-0.101128 0.000293644 -0.205303
-0.101128 -0.826249 0.0022205
0.201838 -0.850751 -0.253278
0.115172 -0.914329 0.676731
-0.101128 0.0218371 0.648921
-0.101128 0.60996 -0.903228
-0.101128 -0.309987 -0.194787
0.209722 -0.914329 -0.479704
-0.101128 0.478074 0.902391
-0.101128 0.865728 0.459601
-0.101128 -0.0779139 -0.0443829
-0.0299524 -0.582355 -0.782037
-0.101128 0.404489 -0.238979
-0.101128 0.373161 -0.429413
-0.0271776 0.780443 0.691503
-0.101128 -0.812885 0.268492
0.323795 -0.869209 0.690165
-0.080059 -0.234565 -1
0.124818 0.849465 0.228278
-0.0641192 -0.547089 0.999313
-0.101128 -0.504453 -0.351684
-0.0299524 -0.291808 -0.15669
0.268767 -0.914329 0.708712
-0.101128 -0.836074 -0.344693
-0.0103573 0.814636 -0.366183
0.130716 -0.914329 -0.0302251
-0.101128 0.0855374 -0.52871
-0.0299524 -0.366642 0.520951
-0.101128 0.226649 -0.163949
-0.0299524 0.414181 -0.386421
-0.0299524 0.578114 -0.74347
-0.101128 -0.0375907 -0.555811
-0.101128 -0.274932 -0.940202
0.324814 0.913043 0.521757
-0.101128 -0.842946 -0.232694
-0.101128 0.0140633 -0.582809
-0.101128 0.539252 0.954124
-0.101128 -0.281106 0.980133
-0.101128 0.285485 0.449466
-0.101128 -0.752527 0.236809
0.217253 -0.914329 0.532604
0.157382 0.849465 0.905758
-0.101128 -0.0184472 0.23405
-0.101128 0.0316289 -0.166275
0.284933 0.913043 -0.597928
-0.101128 -0.608902 0.959079
0.326472 0.877249 0.614664
0.326725 -0.882861 -0.147498
0.109506 0.849465 0.51155
-0.101128 -0.0795959 0.470203
-0.0299524 0.64805 0.188449
-0.0213574 0.796784 0.957462
-0.0299524 0.601681 0.509692
-0.0299524 -0.347292 0.100474
-0.101128 0.478046 -0.560876
-0.101128 -0.064754 0.00552022
-0.101128 -0.31745 0.138832
0.0883515 -0.850751 0.237779
0.264148 0.849465 -0.848383
-0.0299524 -0.238173 0.221213
0.0151669 -0.838181 -0.486927
-0.0421565 -0.594873 0.999313
-0.101128 0.617894 -0.754686
-0.101128 -0.104762 -0.485739
-0.101128 0.193056 -0.953626
-0.0299524 -0.606786 -0.00895585
-0.101128 -0.209255 -0.816583
-0.101128 -0.110138 -0.95661
-0.0299524 -0.348955 -0.771718
-0.101128 0.139283 0.520284
-0.0299524 -0.167224 -0.656775
-0.101128 0.878332 -0.747285
-0.0299524 -0.120388 0.0976354
-0.101128 -0.805625 0.971753
0.132999 -0.850751 -0.335419
-0.101128 -0.0721719 -0.771504
-0.0561335 0.913043 0.673764
-0.0299524 -0.701061 -0.09649
-0.0299524 -0.586792 -0.211639
0.183511 -0.850751 0.251658
-0.101128 -0.224752 0.362856
0.145361 0.913043 -0.99952
-0.101128 -0.867256 -0.430871
-0.0299524 0.464945 0.58247
-0.101128 0.646928 -0.217605
-0.101128 -0.169831 -0.557366
-0.101128 -0.249613 0.577922
-0.0299524 0.348638 0.0789397
-0.101128 -0.499694 -0.769789
0.218888 -0.850751 0.428557
-0.101128 0.497727 0.361115
-0.101128 -0.340892 -0.485548
0.0178345 0.838401 -0.231137
0.326631 -0.880091 -0.273867
-0.0299524 0.567781 0.87897
-0.0299524 -0.216086 -0.699531
-0.0299524 0.751615 0.23406
-0.0299524 0.483677 0.00958622
-0.0299524 0.352562 -0.917293
0.323738 -0.869088 -0.359535
0.195785 0.913043 -0.386767
-0.0299524 -0.683578 -0.935608
-0.101128 0.106015 0.903901
0.020042 -0.914329 0.0833813
0.0486381 -0.914329 0.37911
-0.101128 -0.321111 -0.0374339
-0.0299524 0.728066 -0.393088
-0.0299524 -0.00703363 -0.689787
0.13459 0.849465 -0.957165
-0.0299524 -0.335294 0.239726
-0.101128 0.620404 -0.668271
0.187275 -0.914329 0.847744
-0.101128 -0.689717 0.296482
-0.0807476 -0.914329 -0.675396
-0.101128 -0.381691 -0.781379
0.0411781 -0.914329 -0.237336
-0.101128 -0.873014 -0.516288
0.297277 -0.850837 -0.783579
0.280967 0.913043 -0.901399
0.197249 -0.914329 0.459032
-0.101128 -0.565298 0.742463
-0.101128 0.668957 0.380348
-0.0299524 -0.205778 0.640297
-0.101128 -0.296842 -0.53236
-0.101128 -0.0999958 -0.706736
0.326725 0.900182 0.0467817
-0.101128 0.103617 -0.29988
-0.0299524 -0.747521 -0.138573
-0.0299524 -0.349956 -0.613943
-0.101128 0.442566 -0.370796
-0.0299524 -0.613786 0.620071
-0.101128 -0.748175 0.422407
-0.0299524 0.163689 -0.501882
-0.101128 -0.567538 0.00257808
-0.101128 0.561567 0.270294
-0.0299524 0.202369 0.156288
-0.0299524 0.242205 -0.996647
-0.101128 0.432553 0.308661
-0.0299524 0.435736 -0.703746
-0.101128 -0.593606 0.435227
0.237125 0.913043 -0.536857
-0.0299524 -0.266347 -0.292559
0.233763 0.849465 0.392307
-0.0856569 -0.476939 0.999313
-0.101128 -0.272428 -0.875856
-0.0426369 0.913043 -0.818046
-0.101128 -0.633031 0.803926
0.140648 0.849465 0.319061
-0.0299524 0.136535 -0.951802
-0.0299524 0.489126 -0.774696
0.153054 -0.850751 -0.238581
-0.0299524 0.175341 -0.439228
-0.101128 -0.634794 0.118144
-0.101128 0.322693 -0.458681
0.307292 -0.914329 0.248986
-0.0299524 0.109464 0.157776
-0.0580469 -0.914329 -0.587077
-0.0299524 0.417785 0.717608
-0.101128 -0.292564 -0.720763
-0.0299524 -0.503409 0.398473
-0.0558114 -0.31982 0.999313
0.277835 -0.850751 -0.255306
-0.101128 0.693956 0.0441581
-0.0299524 -0.676104 0.316354
0.224299 0.849465 0.194913
-0.0299524 0.089984 -0.290088
-0.0299524 -0.10749 -0.894365
-0.0299524 0.0564007 -0.515481
-0.101128 -0.538674 -0.290806
-0.101128 -0.473522 -0.14933
-0.101128 0.808995 0.686299
0.0733577 -0.850751 0.966931
0.145 -0.914329 0.300795
-0.0299524 -0.211249 -0.606148
0.136524 -0.914329 0.551604
-0.0299524 -0.307545 -0.688876
-0.0299524 0.523323 -0.961134
-0.101128 -0.501812 0.011565
-0.101128 -0.350451 0.245258
-0.0299524 -0.385085 -0.0281055
0.151093 0.849465 -0.580725
-0.0299524 0.71808 0.410356
-0.101128 -0.799644 -0.124042
-0.0299524 0.145939 0.372232
-0.0299524 0.727491 -0.896708
0.262765 0.849465 0.0365794
-0.101128 -0.853104 0.479229
-0.101128 -0.510044 0.0771244
-0.0299524 -0.704081 0.614035
-0.0299524 -0.47781 -0.886647
-0.101128 0.530589 -0.795533
-0.101128 0.363971 -0.778725
-0.0299524 0.480889 0.892266
-0.0729826 -0.914329 -0.82595
-0.101128 0.192848 -0.00207778
0.326725 -0.899185 0.850133
-0.0299524 -0.649596 0.712657
0.012642 0.835357 -0.313194
-0.0299524 -0.587597 -0.425115
-0.0950609 -0.914329 -0.868201
0.0160903 -0.914329 -0.692704
-0.101128 0.91165 0.984889
-0.0739002 0.0974634 -1
-0.0299524 0.296378 0.454159
0.0768111 0.913043 -0.701619
0.0394942 0.846796 -0.885202
-0.0299524 -0.134981 0.24333
-0.0299524 -0.644434 -0.656753
0.0300377 0.913043 0.699943
-0.0299524 -0.0507182 0.78531
-0.101128 0.605916 -0.396546
-0.101128 -0.813902 -0.507717
-0.0859899 -0.914329 0.61175
0.124119 -0.850751 -0.874621
-0.0299524 -0.421151 -0.372816
0.0676581 0.849465 -0.38408
-0.0299524 0.444365 0.975306
0.318606 0.860034 -0.082505
-0.0299524 0.0159878 -0.135647
0.205128 0.87047 0.999313
-0.101128 -0.625699 0.580098
-0.101128 -0.501885 0.265313
-0.0299524 -0.440154 0.864182
-0.101128 -0.212308 0.445557
-0.101128 -0.00709552 0.0124951
0.0697776 0.849465 0.878479
0.122168 -0.914329 -0.789624
-0.0299524 0.708863 -0.196363
0.326725 -0.885481 0.643094
-0.0299524 0.727363 0.900393
-0.0299524 0.356484 0.954259
-0.00972788 -0.816712 0.310388
-0.0473304 -0.914329 -0.477435
-0.101128 0.609637 -0.0905498
0.0672955 -0.914329 0.299817
-0.101128 0.529929 -0.344233
-0.0299524 -0.148657 0.964127
-0.0768095 -0.914329 -0.314582
-0.0299524 0.0101545 0.721284
-0.0299524 -0.043833 0.0857657
-0.101128 0.0285297 -0.960155
0.152921 0.913043 -0.656133
-0.101128 -0.0262414 -0.116422
-0.0299524 -0.736871 0.951166
0.0517416 0.848951 0.204914
-0.0299524 0.516893 0.482987
-0.101128 0.77567 -0.105658
0.323697 -0.868999 -0.573369
0.315611 -0.858393 -0.44827
-0.101128 -0.417668 -0.00173607
-0.101128 0.454295 -0.0152377
-0.101128 0.312186 0.879734
-0.101128 -0.710343 0.157603
-0.0299524 0.295741 0.384212
-0.0299524 -0.459346 0.955206
0.18626 0.913043 0.199975
0.0358001 -0.914329 -0.441846
-0.101128 -0.180774 -0.724797
0.32321 0.866723 0.36917
-0.0539224 -0.22277 0.999313
-0.101128 0.907687 0.742948
-0.0200786 0.913043 0.542107
0.0294891 0.913043 -0.420283
-0.101128 0.0646815 -0.0885214
-0.101128 -0.583796 0.884479
-0.0299524 0.172189 0.262446
0.162579 -0.850751 -0.0971888
-0.0646473 0.574832 -1
-0.0299524 -0.382648 0.876016
-0.101128 -0.232692 0.918662
0.111673 0.849465 -0.67723
-0.0299524 0.72366 0.301439
-0.101128 0.828016 -0.790335
-0.0275767 0.913043 -0.197096
-0.101128 0.534483 0.038257
0.290724 0.913043 -0.501409
-0.101128 0.512528 0.802261
-0.101128 0.00148921 -0.335591
-0.101128 0.877891 -0.94672
0.110055 0.913043 -0.792315
-0.0299524 -0.44585 -0.270122
0.237937 0.913043 0.906041
-0.0299524 -0.16447 0.88013
-0.0299524 -0.0657739 0.182048
-0.0299524 -0.419773 0.447612
0.233872 -0.914329 0.264854
-0.0299524 0.261534 -0.646704
-0.0299524 0.241763 -0.151153
-0.0299524 0.630167 0.377191
-0.0299524 0.332285 -0.727796
-0.101128 0.541763 -0.0246249
-0.0612526 0.913043 -0.886364
-0.101128 -0.0717835 0.15973
0.0208529 -0.841253 0.500035
0.0589962 -0.914329 -0.848919
-0.101128 -0.789197 -0.961124
-0.101128 0.750385 0.0398975
-0.101128 0.123338 0.182459
-0.0299524 -0.711954 0.738559
-0.0299524 0.460537 0.672461
0.149972 -0.874712 0.999313
0.220518 0.849465 0.959702
-0.101128 -0.52126 -0.542994
0.0823553 -0.914329 0.747665
-0.101128 0.702245 0.953129
0.110267 0.849465 -0.418155
0.231993 0.849465 -0.070807
-0.101128 0.866896 -0.453763
-0.101128 0.0867107 -0.189882
-0.0299524 0.309426 -0.810742
-0.101128 0.106895 0.605115
-0.0299524 0.578381 0.761903
-0.101128 0.386137 0.688529
-0.0299524 0.507173 0.379196
-0.101128 -0.284015 -0.423648
0.0369005 0.846114 0.51738
-0.042702 0.913043 -0.473866
-0.101128 0.397969 -0.660984
-0.101128 -0.74563 -0.345629
-0.0299524 0.659972 0.516568
-0.0299524 0.578292 0.247309
0.268137 -0.850751 0.300011
-0.0299524 0.391265 0.769023
-0.0479309 -0.914329 -0.729643
-0.058065 -0.390375 0.999313
0.238809 0.849465 -0.593109
0.198759 0.849465 -0.643975
0.0211677 0.913043 -0.940683
0.228395 -0.914329 -0.546722
-0.101128 0.53204 0.564417
0.0534652 -0.914329 -0.0818029
-0.0299524 0.0912653 -0.957403
0.0859655 0.849465 -0.262875
-0.0299524 0.508314 0.742794
-0.0299524 0.417941 -0.315212
-0.0299524 0.417927 0.843036
-0.101128 -0.212438 0.731419
0.207475 0.913043 0.763011
-0.101128 0.448438 0.394782
0.184784 0.913043 -0.774802
-0.101128 0.563317 0.102033
0.276645 0.849465 -0.922023
-0.0299524 -0.273349 -0.503444
-0.0147909 -0.809788 -0.858957
-0.0299524 -0.149821 -0.748771
-0.101128 0.494372 -0.262005
-0.0299524 -0.582895 0.539141
-0.0299524 -0.551826 -0.146461
-0.101128 0.0877474 0.706017
0.240104 0.913043 -0.0121695
-0.0299524 0.494549 0.137224
-0.101128 -0.350929 0.542085
-0.101128 -0.15076 0.147195
-0.0299524 0.590048 0.964483
0.13183 -0.914329 0.90558
-0.0299524 -0.0584718 -0.761175
0.112967 0.849465 0.563076
-0.101128 0.173073 0.561172
-0.0299524 0.584098 -0.0992823
-0.101128 -0.872547 -0.0756296
-0.083816 0.913043 0.846811
0.179719 -0.850751 0.544821
-0.0299524 0.610134 -0.18365
-0.0299524 0.0485854 -0.831281
-0.0299524 -0.504643 -0.432009
0.104801 -0.914329 -0.978216
-0.0299524 -0.253 -0.434789
0.270759 -0.914329 0.999151
0.0851032 -0.850751 0.763542
-0.0299524 -0.52343 -0.264874
-0.0194354 0.913043 0.228292
0.193187 0.849465 -0.906063
0.140287 -0.914329 -0.353349
-0.101128 0.239475 -0.60738
0.281642 0.913043 0.367252
-0.0299471 -0.760368 0.224725
-0.0299524 -0.202054 -0.361406
0.254662 -0.914329 0.621108
-0.101128 -0.53501 0.888226
0.204859 -0.914329 0.9694
-0.101128 0.813347 -0.959495
-0.100637 0.913043 -0.252013
-0.101128 -0.108697 0.32839
0.247729 0.849465 0.582898
0.201796 0.913043 -0.859571
0.132226 -0.914329 0.16909
0.225826 -0.914329 0.344249
0.232829 -0.914329 -0.956326
0.261118 -0.914329 -0.876952
-0.0299524 -0.612579 -0.253697
0.125358 0.913043 0.264115
0.31675 -0.914329 0.187794
0.277425 0.913043 0.562568
0.252894 -0.850751 -0.594143
-0.0299524 0.298608 0.547164
0.182989 -0.850751 0.345716
0.102403 0.913043 -0.101167
0.000481663 -0.914329 0.933909
-0.101128 -0.461889 -0.263601
0.0105584 -0.914329 0.462949
-0.101128 0.743105 -0.61699
-0.101128 0.897598 0.254527
-0.0052316 -0.821883 -0.997359
0.117505 -0.850751 -0.746307
-0.0299524 0.518913 0.822924
0.142572 0.849465 0.168369
-0.101128 0.768995 0.094668
-0.0299524 -0.728489 -0.629623
0.155189 -0.850751 0.0903441
-0.0299524 0.427795 0.606159
-0.0299524 -0.655678 0.798817
-0.0299524 0.174848 0.103877
-0.0703073 0.913043 -0.601526
-0.101128 -0.868559 -0.991739
0.163747 0.849465 -0.324878
-0.101128 -0.0538659 0.511309
0.239718 -0.850751 0.729497
-0.0299524 0.330127 -0.0440971
-0.101128 -0.269653 0.21467
-0.0299524 -0.200243 -0.0413674
-0.101128 -0.154701 0.670437
-0.0240113 -0.791792 -0.684172
-0.0299524 -0.267509 -0.671701
-0.0299524 0.478887 -0.653684
-0.101128 0.454818 -0.922896
-0.0299524 -0.702562 0.156513
-0.0299524 -0.0414718 0.442271
0.280682 0.849465 -0.412868
-0.0505695 0.913043 -0.351518
-0.0299524 0.103756 -0.797762
0.325137 0.871332 -0.250433
-0.0296193 -0.767178 -0.0450092
-0.0299524 0.625724 0.0415146
0.262641 -0.850751 0.00308123
0.217951 0.849465 -0.554565
-0.101128 -0.287853 -0.612814
-0.101128 0.0984308 0.535042
-0.101128 -0.0321231 -0.900394
-0.101128 -0.434807 -0.488693
0.278257 0.913043 0.463675
-0.0299524 -0.450185 0.0165509
0.288382 -0.914329 -0.214399
-0.101128 0.741697 -0.0361622
-0.101128 0.752145 0.614166
-0.101128 -0.147886 -0.129209
-0.101128 0.35097 -0.381485
-0.101128 0.487795 -0.996841
0.324196 0.868829 -0.839206
-0.101128 -0.648825 -0.472243
0.195683 0.849465 -0.687746
-0.101128 -0.0928856 0.0942823
-0.0299524 0.736086 -0.304752
-0.101128 -0.450126 0.336684
0.209204 -0.914329 0.0840999
-0.101128 -0.0755652 0.651826
-0.0299524 0.162153 0.421905
0.120705 0.913043 -0.195276
-0.101128 0.13174 -0.0618606
-0.101128 0.266137 0.813026
-0.101128 -0.401546 -0.635785
-0.101128 0.276828 0.023842
0.286198 0.913043 -0.0964094
3.15975e-05 0.825773 -0.0260724
-0.0299524 0.718441 -0.468431
0.293017 0.849465 0.800153
-0.101128 0.806661 0.74734
0.146315 -0.850751 0.139919
0.258911 -0.850751 0.525709
-0.0712994 0.748481 -1
-0.101128 -0.638914 -0.634658
-0.101128 -0.341487 0.629614
-0.101128 0.522604 0.86718
-0.0299524 -0.025077 0.964182
-0.101128 -0.820609 -0.0862399
0.286042 -0.850751 0.206174
-0.0299524 -0.342157 0.282403
-0.0299524 -0.525548 -0.605496
-0.0299524 0.242306 0.824581
-0.0299524 0.0554537 -0.913462
-0.0299524 0.0116464 -0.806795
-0.101128 0.267191 -0.753117
-0.101128 0.804859 -0.368511
-0.0299524 -0.666884 -0.324944
-0.101128 -0.668695 0.381042
-0.0442989 -0.18472 -1
-0.101128 0.160995 -0.227772
-0.0299524 0.425124 0.411309
-0.0299524 0.625859 -0.736821
0.0727481 0.849465 -0.762476
-0.0299524 -0.580659 0.455234
-0.0299524 0.28748 -0.00670098
-0.0126585 -0.914329 0.179784
-0.0299524 0.112737 0.979476
-0.101128 0.366389 -0.169912
-0.101128 -0.313617 -0.237708
-0.101128 -0.122487 0.0407291
-0.101128 0.0552267 -0.434576
-0.0740497 -0.914329 0.96217
-0.0299524 -0.504328 0.635449
-0.0299524 -0.604073 -0.54461
-0.101128 -0.474757 0.959192
-0.0299524 0.639446 0.827974
-0.101128 0.208895 -0.414017
0.177464 -0.914329 -0.776425
-0.0299524 -0.43278 -0.80307
-0.0299524 -0.277549 0.596071
-0.101128 -0.312569 -0.576765
-0.101128 -0.468747 0.718368
-0.101128 0.579207 -0.601845
-0.101128 -0.563096 -0.456936
0.165943 -0.914329 0.0292245
-0.0585061 0.728081 0.999313
0.0709358 0.849465 -0.0757397
-0.0299524 -0.370772 0.0395311
-0.101128 0.295843 -0.241594
-0.101128 -0.822991 -0.439317
-0.101128 0.104644 0.451073
-0.0299524 -0.173529 -0.54822
0.0730258 -0.914329 0.228075
-0.0299524 -0.571334 0.0434007
0.153016 -0.850751 -0.460175
-0.0299524 0.564916 0.812415
-0.0863482 -0.914329 0.800056
0.112511 -0.850751 0.309227
-0.0693339 0.417535 -1
-0.0299524 0.0676035 -0.428715
-0.101128 0.32718 -0.501348
0.0411705 -0.914329 -0.370306
-0.101128 -0.785409 0.928827
-0.0299524 -0.300666 0.783158
0.270114 -0.850751 0.769912
-0.101128 0.103394 -0.910052
-0.101128 0.748392 0.293153
-0.101128 -0.135114 -0.391439
-0.101128 0.562266 -0.194281
0.194597 -0.914329 -0.130211
0.212144 -0.914329 0.301779
-0.101128 -0.456903 -0.335652
-0.101128 0.675334 0.79512
-0.101128 0.185747 0.790603
-0.0299524 0.0790174 0.301858
-0.101128 -0.466223 0.554853
-0.101128 0.165865 0.838563
-0.0299524 -0.632845 -0.503363
-0.101128 0.657933 -0.589918
0.0336572 0.845146 0.0548182
-0.0299524 0.499135 -0.519967
-0.101128 0.614453 -0.797314
-0.101128 0.838358 -0.292639
-0.101128 0.113659 -0.717121
-0.055373 0.294411 0.999313
-0.0299524 -0.241131 -0.862977
-0.0299524 0.66134 -0.966208
0.0241645 0.913043 0.957425
-0.101128 0.768315 0.673245
-0.101128 0.765226 0.758491
-0.101128 0.680111 -0.942722
0.184322 0.849465 0.465519
0.21509 -0.914329 0.226509
-0.101128 0.910992 0.522295
0.155431 0.913043 -0.71792
-0.101128 -0.471243 -0.691171
-0.101128 -0.0468917 0.387699
-0.0201282 -0.914329 0.848909
-0.0299524 0.337834 -0.614221
-0.0299524 0.0467715 -0.667567
-0.0299524 -0.725551 0.86671
-0.0299524 -0.280067 0.35242
-0.0615295 0.874616 -1
-0.101128 -0.0610367 0.78797
-0.00957672 -0.8169 -0.185345
-0.0299524 0.414228 0.0873254
0.0417619 0.847326 -0.0109057
0.270577 0.913043 -0.246894
-0.0299524 -0.569854 0.695561
-0.101128 0.167052 -0.0874265
-0.0299524 -0.381418 -0.737597
-0.0299524 0.142938 -0.313373
-0.101128 -0.279597 -0.0729863
-0.0295181 -0.768281 0.0930349
0.0580462 0.849403 0.368483
-0.0299524 0.699058 -0.0531797
-0.035806 -0.914329 0.00145395
-0.101128 -0.266846 0.0772981
-0.101128 -0.0645582 -0.140852
-0.0299524 -0.427476 0.336311
0.151195 0.849465 0.826447
-0.0299524 -0.519676 0.826126
-0.0299524 0.432902 -0.949632
0.204167 -0.850751 -0.15934
-0.0299524 0.265578 -0.887112
-0.101128 0.230417 0.515341
-0.101128 -0.811726 -0.57944
0.0601859 -0.850743 0.359651
-0.101128 -0.578104 0.650915
0.00416047 0.913043 -0.575038
-0.0119971 0.913043 -0.0433783
-0.0278452 -0.778892 0.628556
-0.101128 0.642455 0.843309
-0.0299524 0.611143 -0.660884
-0.0299524 0.133293 0.0444973
-0.101128 -0.215103 -0.107936
0.00656979 0.913043 0.664536
-0.101128 0.897792 0.348442
-0.101128 0.554976 -0.43037
0.108672 -0.914329 -0.498843
-0.0138789 -0.81114 -0.502008
-0.101128 -0.372005 0.105526
-0.0299524 -0.122506 0.668727
0.281803 -0.914329 0.473605
-0.101128 0.388899 -0.344423
-0.0218046 0.795813 0.536693
-0.101128 -0.760407 -0.670677
-0.101128 0.781208 -0.17257
-0.0299524 -0.107599 -0.221118
-0.101128 -0.348249 0.878246
-0.101128 0.400208 -0.729259
-0.101128 0.38112 0.44834
0.224679 0.849465 0.543984
-0.101128 0.0304215 0.385772
-0.0299524 -0.0534969 0.225269
-0.0299524 -0.0762528 -0.679842
0.25509 0.913043 -0.446243
0.170036 -0.850751 0.842758
0.286922 -0.914329 0.571846
0.0408179 0.913043 -0.46584
-0.0299524 0.578198 -0.968591
-0.0299524 -0.153965 -0.281872
-0.0299524 0.496915 -0.259786
-0.0299524 -0.429046 0.6874
-0.0497401 -0.90304 -1
0.0786744 -0.850751 -0.614261
0.231645 0.913043 -0.678816
-0.101128 0.605839 0.239865
0.269836 0.849465 -0.0519824
-0.0299524 0.190951 -0.639499
-0.101128 -0.90248 -0.0208283
-0.101128 -0.238782 -0.96365
-0.0299524 -0.474542 0.896141
-0.101128 0.705685 0.544455
0.32604 -0.875974 0.087244
-0.0100195 0.815063 0.492622
-0.101128 0.123146 0.765112
-0.101128 0.236968 -0.489423
-0.101128 -0.712813 0.831828
0.286995 -0.850751 -0.645254
0.154261 0.913043 -0.108378
0.326725 -0.888365 -0.854375
-0.00379008 -0.914329 -0.359925
-0.101128 -0.757258 -0.583558
0.309262 -0.854162 0.811733
-0.0299524 0.554737 -0.599412
-0.101128 0.257175 0.129156
0.107 0.913043 0.515755
0.241381 0.849465 -0.345753
-0.101128 0.657213 -0.984135
-0.0615429 -0.914329 0.0513534
-0.101128 0.532135 0.44209
-0.101128 0.571403 -0.734536
-0.101128 -0.537285 -0.853995
-0.101128 0.263667 -0.400433
-0.101128 0.584425 -0.643611
-0.00564181 -0.914329 -0.893754
-0.0582683 -0.822654 -1
-0.101128 -0.294539 0.76584
0.0290721 -0.914329 -0.580135
-0.101128 -0.582998 0.599318
-0.101128 0.165993 -0.885016
0.12501 0.913043 0.71969
-0.0299524 0.0891784 -0.756048
-0.101128 0.109833 0.373561
-0.101128 -0.0737429 -0.333818
-0.0298911 0.761443 -0.125011
0.0054753 -0.831624 0.754638
-0.0299524 -0.546779 -0.817759
-0.0299524 0.139852 0.570464
-0.101128 -0.423112 -0.561855
0.266984 0.849465 -0.26854
-0.0587054 -0.914329 -0.913719
-0.0299524 0.529038 -0.0675829
-0.101128 -0.642111 0.209951
-0.0299524 -0.719621 -0.960136
-0.101128 -0.128579 -0.262473
-0.0299524 0.364424 0.261729
0.168179 0.849465 0.698792
-0.0299524 0.00698399 0.382295
0.289424 -0.914329 -0.0792613
0.0240223 -0.914329 0.538235
-0.101128 -0.266227 0.500782
-0.0299524 0.215628 0.757593
-0.0299524 0.656583 -0.766535
-0.0452561 -0.744764 0.999313
-0.0299524 0.0419444 0.577509
0.324805 -0.871661 0.469466
0.186748 0.913043 -0.234564
-0.0299524 0.334694 -0.36118
0.308498 0.913043 0.773503
0.216169 0.849465 -0.858207
-0.0299524 0.211406 -0.729457
0.215379 -0.914329 0.791171
-0.101128 -0.173115 0.893173
-0.101128 0.296281 0.732615
-0.101128 0.702891 -0.555204
0.0252165 -0.843274 -0.553941
-0.101128 0.50427 -0.641725
-0.101128 0.349816 0.371648
-0.0299524 0.455506 0.473005
-0.0299524 0.224178 -0.0619375
-0.0299524 -0.496409 0.439656
-0.101128 0.62177 0.692111
-0.0299524 -0.179747 0.0235885
-0.0299524 0.335577 -0.436105
0.25531 -0.914329 -0.454464
-0.101128 -0.691763 -0.541069
0.150047 0.913043 0.0414198
-0.0299524 -0.504753 -0.742231
0.289564 0.913043 -0.742688
-0.0299524 0.397742 0.324852
-0.0299524 0.540172 -0.723561
0.20095 -0.850751 -0.680782
-0.101128 -0.141934 -0.0420453
-0.0299524 -0.535245 0.592281
-0.101128 0.664764 -0.827286
-0.101128 -0.444433 0.196314
-0.0299524 0.501347 -0.122762
-0.101128 -0.378777 -0.711889
-0.0299524 0.406637 0.916063
0.272777 0.849465 -0.688564
-0.0299524 -0.387994 0.959462
0.0781874 0.913043 0.950156
0.10988 -0.850751 0.89057
-0.101128 0.877273 0.782651
0.229603 0.913043 0.0701444
-0.0299524 -0.0345255 0.60516
-0.0550637 -0.914329 0.191802
0.154044 -0.914329 0.662015
-0.0299524 0.62847 -0.322364
-0.0299524 0.0896689 0.859212
-0.101128 0.0897393 0.149735
0.00993833 -0.834869 0.0697291
-0.0299524 0.0929796 -0.478204
-0.0285557 0.774011 0.732498
-0.0299524 0.545356 0.916697
-0.0299524 -0.234516 0.562616
-0.0299524 -0.596287 -0.339016
0.1292 0.913043 0.335795
-0.101128 -0.538514 -0.96643
-0.0299524 0.681294 0.806688
0.323007 0.866336 0.741452
-0.101128 0.165675 0.134871
0.326497 -0.878743 0.326476
0.14308 -0.850751 0.43657
0.28557 -0.88351 -1
-0.101128 0.83476 0.87712
0.00694768 -0.914329 0.623602
0.025415 -0.843359 -0.0306066
-0.0299524 -0.439919 -0.968418
0.0563387 0.849324 0.163766
-0.0299524 0.161919 -0.164839
0.0143811 0.836428 0.966566
0.240748 0.913043 -0.348567
-0.0299524 0.104818 0.730345
-0.101128 0.0248502 0.952602
0.287697 0.849465 0.41884
0.320252 0.913043 -0.561899
0.23237 -0.914329 0.481065
-0.101128 0.80702 -0.586371
-0.101128 -0.910115 0.286611
-0.0299524 0.387194 -0.240102
0.280799 0.913043 0.720319
-0.101128 0.194558 -0.254525
-0.0299524 0.717267 0.85773
-0.0299524 -0.030917 -0.609874
-0.101128 0.59007 0.596683
-0.0137748 0.913043 0.269245
-0.101128 -0.247533 -0.672235
0.251869 0.849465 0.49352
-0.101128 0.706454 -0.288607
0.26345 -0.914329 -0.595388
-0.101128 0.69189 0.262827
0.186719 0.913043 0.148363
0.326725 0.892637 0.826132
-0.101128 0.294958 -0.661014
-0.0299524 -0.15456 -0.873418
-0.0299524 0.473733 -0.593001
-0.0299524 -0.496315 -0.94669
-0.0299524 -0.598136 0.934706
0.230055 0.849465 0.773257
-0.101128 -0.748741 0.69418
-0.101128 -0.76497 0.133552
-0.101128 -0.0657971 -0.586055
-0.0299524 -0.334321 -0.154916
0.0250877 -0.914329 -0.973094
-0.101128 0.0197598 -0.244569
-0.101128 0.613585 0.0103446
0.192571 -0.850751 0.670979
-0.101128 -0.19293 -0.316097
-0.0299524 -0.542468 0.929233
-0.0299524 0.0594979 0.00972607
-0.0299524 -0.223802 -0.515757
-0.101128 -0.0361449 -0.690604
-0.101128 0.437907 0.727993
-0.0299524 0.336699 0.622874
-0.101128 -0.16044 0.621265
0.105523 -0.914329 -0.115442
-0.0619678 0.913043 -0.73087
-0.0311479 0.0515003 0.999313
-0.0299524 0.110435 0.63979
-0.101128 0.423771 -0.286648
-0.101128 0.85656 -0.368066
-0.0318225 -0.914329 -0.82548
0.170088 0.913043 -0.156584
-0.101128 -0.550759 0.156364
-0.0299524 -0.189592 0.15898
-0.0299524 0.0981358 -0.144862
-0.0299524 0.413273 0.00975588
-0.0234548 -0.793222 0.765672
0.316916 0.913043 0.432065
-0.101128 -0.627152 0.368052
-0.0299524 -0.722171 0.394691
-0.101128 0.0199954 -0.905994
-0.0299524 0.592309 -0.904674
-0.0299524 -0.0219784 -0.95882
-0.101128 0.783411 -0.520925
-0.0299524 0.0308236 0.192572
-0.101128 -0.78331 0.572637
0.0140864 0.836251 -0.971025
-0.101128 0.507379 -0.592549
0.281771 0.913043 0.978846
0.230292 0.913043 -0.815235
-0.101128 0.033633 0.334504
0.0223939 -0.914329 0.040248
-0.0195136 0.913043 0.989907
0.105262 -0.850751 0.542943
-0.0265161 -0.784205 -0.725379
-0.0299524 -0.0569962 0.519868
-0.0299524 -0.426098 -0.756352
-0.017598 -0.805262 0.233404
0.0990183 0.913043 0.914864
-0.101128 -0.887697 -0.468569
0.306887 0.913043 0.603017
-0.0299524 0.519057 -0.802674
-0.0299524 -0.719514 -0.256536
-0.101128 0.151866 -0.589166
-0.0299524 0.380577 0.577572
-0.0299524 -0.48534 0.702421
-0.101128 0.553356 0.727445
0.326725 -0.896037 -0.219526
-0.101128 0.387718 0.167617
-0.101128 0.839574 0.297693
0.159996 -0.850751 0.61007
0.0633051 0.913043 -0.869025
0.112469 -0.914329 0.718285
-0.101128 0.0782171 0.998744
0.231485 0.913043 -0.299275
-0.101128 -0.77368 0.502683
-0.101128 -0.820252 0.745632
0.326725 -0.882527 0.508851
0.11961 0.913043 -0.502405
0.157168 0.849465 0.0694517
-0.101128 0.657382 -0.016535
-0.101128 -0.583284 0.0402763
-0.101128 -0.701255 -0.400533
0.280054 -0.850751 -0.919514
-0.0299524 -0.0397932 -0.528144
-0.101128 -0.875629 0.227582
-0.101128 0.270543 0.678912
0.0610985 0.913043 -0.617254
-0.101128 0.794336 -0.761315
-0.0299524 0.646296 -0.109271
-0.0299524 0.185249 0.609723
0.279045 0.849465 0.33509
0.326725 -0.888857 -0.078602
-0.0299524 -0.416462 0.269715
-0.101128 0.253573 -0.835343
-0.101128 -0.389928 -0.929818
-0.101128 -0.159436 -0.967309
-0.0299524 -0.351557 0.358395
0.32576 0.873479 -0.642757
0.268272 -0.850751 -0.314089
0.285133 -0.850751 -0.352301
-0.0299524 0.709678 0.722989
-0.0299524 0.284256 -0.305839
-0.0299524 -0.280737 0.921082
-0.0299524 -0.155678 0.328948
0.324269 -0.914329 -0.406998
-0.101128 0.813753 -0.0405532
-0.101128 0.392461 0.90546
0.155776 0.913043 0.787746
-0.101128 0.665933 0.876568
-0.0299524 -0.504548 -0.210234
-0.101128 0.689563 0.342593
0.0666027 0.913043 0.275015
-0.101128 -0.21327 0.180282
-0.0299524 0.391912 -0.434567
-0.101128 0.866631 -0.635358
-0.0299524 0.718569 -0.815583
-0.044295 0.913043 -0.116515
-0.101128 0.217911 0.706982
-0.0299524 -0.192946 -0.889736
-0.01045 0.893561 -1
-0.0299524 0.576889 -0.150249
0.31147 -0.855389 -0.683425
0.159625 0.849465 -0.620463
0.147503 0.913043 0.916702
-0.0299524 -0.127231 -0.0342668
0.108604 -0.914329 -0.393387
-0.0299524 0.346763 0.800057
-0.0299338 0.75994 -0.337584
0.200719 0.849465 -0.187706
-0.0299524 -0.63777 0.234939
0.210524 -0.914329 0.600829
-0.0299524 0.0858524 0.912819
-0.101128 -0.272226 0.659578
0.116472 -0.850751 -0.657788
-0.101128 0.815469 0.95481
0.325165 0.871418 -0.781385
0.137072 0.849465 -0.267062
-0.101128 0.514748 -0.900405
-0.0299524 0.666892 -0.455901
-0.101128 -0.856302 0.563858
-0.0299524 0.472256 -0.174304
-0.101128 -0.604145 0.17757
0.262464 0.849465 -0.134778
-0.101128 0.91304 -0.785384
-0.0608465 -0.677988 -1
-0.101128 0.763481 -0.251236
-0.101128 0.734749 0.134565
-0.101128 0.789302 -0.324122
-0.0299524 -0.0438951 0.30728
-0.0725935 0.913043 -0.951407
0.17171 0.849465 0.0102065
0.00871311 0.913043 -0.882579
-0.0299524 0.115915 0.0058194
-0.0299524 -0.0694081 -0.0672171
-0.0299524 -0.00320509 0.289459
0.105964 0.913043 -0.730299
-0.101128 -0.817924 -0.883155
0.325401 -0.87346 -0.75909
-0.101128 -0.0421356 0.898834
-0.0299524 0.0769278 0.398979
0.309726 -0.854401 0.284086
-0.0299524 -0.436877 0.0777203
0.162072 0.913043 0.573276
-0.101128 0.392695 -0.833516
-0.101128 -0.538455 -0.630576
-0.0299524 0.253467 -0.580136
-0.101128 0.538169 -0.958524
-0.0946444 -0.914329 0.366917
-0.101128 -0.868406 -0.739483
-0.101128 0.0295226 0.274244
-0.0299524 0.129195 0.245269
0.000424374 -0.914329 0.316129
-0.101128 -0.814028 0.0895971
-0.0299524 0.665344 0.356109
0.221613 -0.850751 -0.0706047
0.187214 0.849465 0.23954
-0.101128 0.271632 -0.918986
0.0180473 -0.839802 -0.440904
-0.101128 -0.519152 0.228896
-0.101128 -0.479358 -0.906511
0.289467 -0.914329 -0.680399
0.159044 0.913043 0.96569
-0.0299524 -0.652481 0.103072
-0.101128 0.413004 0.519392
-0.101128 -0.264929 0.894528
-0.101128 -0.749642 -0.439895
0.131754 -0.910616 0.999313
-0.0299524 0.681333 0.221181
-0.101128 0.496045 -0.142446
0.174647 -0.914329 -0.618948
0.0939746 0.913043 -0.0387613
-0.101128 -0.897186 0.560092
-0.101128 0.293675 -0.581323
-0.101128 0.856673 0.544807
-0.0299524 -0.0618644 -0.951862
-0.101128 -0.184639 0.0627153
-0.0299524 0.0441526 0.699776
0.103144 0.913043 0.0412792
-0.0299524 -0.0237221 0.818094
-0.0299524 0.680254 0.662878
-0.0299524 -0.0284987 -0.199799
-0.0299524 0.62834 0.928212
-0.101128 -0.776203 0.627189
-0.101128 0.335892 -0.29762
-0.0299524 -0.00885732 0.523089
-0.0299524 -0.370962 0.808629
0.259952 0.849465 -0.79263
-0.0299524 -0.351972 -0.223138
-0.101128 -0.238697 0.133992
0.20783 0.913043 -0.509412
0.326725 0.899322 0.212797
-0.0299524 0.0181591 -0.491999
-0.0299524 -0.365294 -0.820433
-0.0299524 0.412415 -0.0435344
-0.101128 0.712348 -0.478606
0.0931554 -0.914329 -0.938449
-0.0299524 0.345643 0.036987
-0.0299524 0.268127 -0.0893976
0.326725 0.893711 0.964328
-0.101128 -0.00595633 -0.395793
-0.0299524 0.171867 0.946158
-0.0299524 -0.0641067 -0.144884
-0.101128 0.727453 -0.869836
-0.101128 0.907989 0.0179187
0.121817 0.913043 0.144988
-0.101128 0.805822 -0.876142
-0.0299524 -0.459043 -0.724159
0.326438 -0.878278 0.95009
-0.0299524 0.494643 -0.341011
-0.0299524 -0.327571 0.152882
-0.101128 0.432454 -0.63089
0.287026 0.913043 0.171758
-0.0683951 0.460336 -1
-0.101128 0.573826 -0.155528
-0.0299524 0.0703306 0.0827859
0.0736484 0.849465 -0.149052
-0.0299524 -0.701895 0.285785
0.175481 -0.914329 -0.862047
0.0988203 -0.914329 0.848468
-0.101128 -0.912704 -0.957244
-0.101128 0.634773 0.731096
0.326725 -0.883053 -0.610649
-0.089101 0.665424 0.999313
-0.0348294 -0.651707 0.999313
-0.0299524 -0.643871 0.0121778
-0.101128 -0.363697 0.455618
-0.0123174 0.812055 0.764333
0.249614 -0.914329 -0.632998
-0.029272 -0.770513 0.561178
-0.101128 0.618759 0.518134
-0.101128 0.873104 0.624965
-0.101128 -0.352296 0.188148
-0.0299524 -0.413178 0.488978
-0.0299524 0.685117 0.0134985
0.124789 -0.850751 0.691289
-0.101128 -0.452404 0.26709
-0.0299524 0.376092 -0.956708
-0.101128 0.881629 -0.54263
-0.101128 0.689346 -0.413482
-0.101128 -0.642187 0.458296
-0.101128 -0.501092 0.647964
-0.101128 0.303508 -0.326986
-0.0299524 0.423156 -0.888012
0.0748146 -0.850751 0.717216
-0.101128 -0.22404 -0.0232352
-0.101128 0.155479 0.373929
-0.0274127 -0.780775 -0.960079
0.23257 -0.850751 0.987306
-0.0299524 -0.647496 0.511003
0.20222 0.849465 0.313957
-0.0299524 -0.362765 -0.96508
0.130893 0.849465 0.868872
-0.0186291 -0.803439 0.943038
0.0163344 0.913043 -0.753201
-0.0299524 0.223887 0.908063
-0.101128 -0.517439 0.9428
-0.101128 0.207034 -0.640768
-0.101128 0.218566 0.428712
-0.101128 0.745989 -0.794167
-0.0299524 -0.0763199 0.478044
-0.101128 -0.752363 0.84958
0.295539 -0.850757 0.898509
-0.101128 -0.822469 0.17005
-0.101128 0.440379 -0.214634
-0.101128 -0.112188 0.593121
-0.101128 -0.020442 0.664511
-0.0116864 -0.878839 0.999313
0.153961 0.849465 -0.897615
-0.101128 -0.347495 0.958155
-0.100844 0.475277 0.999313
0.180352 0.849465 0.381531
-0.0608954 0.913043 0.72713
0.234944 -0.850751 -0.960116
-0.101128 0.482573 0.459909
0.326725 0.884944 -0.441209
-0.0299524 -0.0953751 -0.424054
-0.0299524 -0.338527 0.471301
-0.0299524 -0.408401 -0.290359
-0.101128 -0.225245 -0.865085
0.317076 0.913043 0.133608
-0.0529633 0.913043 -0.639352
-0.101128 -0.656842 0.034799
0.237017 0.913043 0.54337
0.2826 -0.850751 0.39408
0.200608 -0.850751 -0.894095
0.272032 -0.850751 0.85856
-0.0299524 -0.288637 0.0477228
-0.101128 -0.725529 -0.000341485
-0.0177207 0.803764 -0.914653
0.0375017 0.84628 0.55777
-0.0299524 -0.162383 0.534682
0.0784161 -0.914329 -0.318238
0.221035 -0.850751 0.155546
-0.0436804 -0.0131082 0.999313
-0.0299524 0.374024 0.451585
-0.101128 -0.0828709 -0.626412
-0.0299524 0.255753 -0.245777
0.0815272 -0.914329 0.95469
-0.0299524 0.080274 -0.368585
-0.101128 -0.806173 -0.764426
-0.101128 0.871631 0.394856
-0.101128 0.43479 0.997547
0.0145458 -0.837813 0.359969
-0.101128 0.679914 0.151385
-0.0287262 0.773015 -0.537095
-0.101128 -0.827108 0.402879
-0.0299524 0.137108 0.327251
-0.101128 -0.869206 0.806721
0.280537 -0.914329 0.130756
-0.101128 0.828647 0.02143
0.03082 -0.845476 0.911409
-0.0299524 -0.195685 0.835774
-0.101128 -0.385433 0.490769
-0.101128 0.0637211 0.650766
-0.0299524 -0.0177226 -0.767749
-0.101128 -0.912685 -0.28194
-0.0299524 0.643286 0.285445
0.0792232 0.849465 -0.595936
0.0249206 0.84186 -0.40474
0.321708 -0.8654 0.246744
0.143738 -0.850751 0.349918
-0.101128 0.0630005 -0.721426
0.082627 -0.914329 0.355702
-0.0267471 -0.783371 -0.566433
0.320989 -0.914329 -0.958832
0.326665 0.879301 0.277789
-0.101128 -0.0346131 0.582848
-0.101128 0.478788 0.233718
-0.101128 -0.219339 -0.598434
-0.0299524 0.462529 -0.395321
-0.101128 0.402399 -0.0318432
0.0543333 0.913043 -0.536949
0.225804 0.849465 0.0681857
-0.101128 -0.281123 0.72154
-0.101128 -0.0296447 0.163206
0.28516 -0.914329 -0.165661
-0.101128 -0.289992 0.582924
-0.0949141 0.913043 -0.184619
0.234863 -0.914329 -0.731628
-0.0299524 -0.0800281 0.101194
-0.101128 0.199384 0.061928
0.190041 0.913043 0.472473
0.326725 -0.902629 0.580427
0.287512 0.849465 -0.326492
-0.025479 -0.787621 0.884726
-0.0299524 0.670632 0.101257
-0.0561097 -0.449027 0.999313
-0.0299524 0.15987 -0.355898
0.000970575 -0.827899 0.633977
-0.0299524 -0.11851 0.728248
-0.0299524 -0.391858 -0.676169
-0.00280861 -0.863698 -1
-0.0299524 0.129553 -0.879147
-0.101128 0.629642 -0.315308
0.232327 0.913043 0.397919
-0.0299524 0.189964 0.0239325
-0.0299524 -0.0795257 -0.861434
0.183389 -0.914329 -0.430196
0.024828 0.841819 -0.801922
-0.0299524 -0.711748 0.449599
-0.0299524 -0.670015 0.18335
0.0983707 0.913043 -0.227816
0.192337 0.913043 0.264808
0.128907 -0.850751 0.00937945
-0.101128 0.023778 -0.127853
0.0557856 0.913043 0.575472
0.00801232 -0.833519 0.110957
0.286947 0.913043 0.882796
-0.0299524 -0.627397 0.293503
0.0217971 -0.841714 -0.734955
-0.101128 -0.232858 0.619198
-0.0299524 -0.665214 -0.0704957
0.143497 0.913043 -0.0287323
-0.101128 0.0761396 -0.95452
-0.0299524 0.333404 -0.280252
0.221459 0.849465 -0.717248
-0.101128 0.754264 -0.411476
-0.101128 -0.680318 0.712251
-0.0900282 -0.914329 -0.235166
-0.0299524 -0.114874 0.185129
0.0576723 0.885955 -1
0.326725 -0.889175 -0.326072
-0.0299524 -0.201008 -0.735653
-0.0299524 -0.602942 -0.984514
-0.101128 0.234013 0.861734
0.0967418 0.849465 0.374996
0.165825 -0.850751 -0.857457
-0.0299524 0.299625 -0.655575
-0.0294475 0.767689 0.443289
0.326185 0.875418 -0.901589
-0.101128 -0.543397 -0.0710838
0.0372272 0.913043 0.0159159
0.00600681 0.830746 0.690594
-0.101128 0.627392 0.13005
-0.101128 -0.407829 -0.811773
-0.0299524 0.0489322 -0.216405
-0.0299524 -0.199268 -0.301928
0.0457744 -0.849402 -0.880184
-0.0299524 -0.553664 -0.526814
0.0631549 -0.850751 -0.311761
0.309916 0.853216 -0.00035507
-0.018442 -0.914329 0.413628
-0.00806539 0.913043 0.833582
-0.101128 -0.226812 0.483043
-0.0249693 0.787858 0.891708
0.0196106 0.83934 0.112156
-0.101128 -0.485504 -0.489128
0.267244 0.849465 0.223174
-0.0150809 0.913043 -0.419032
-0.101128 0.817019 -0.0961831
-0.0533014 -0.0850848 0.999313
-0.0654467 0.533382 0.999313
-0.0208752 -0.799086 -0.26427
-0.101128 -0.33222 0.830306
-0.101128 0.617301 0.440158
-0.0299524 -0.639303 -0.734806
0.0358875 -0.914329 -0.808007
-0.101128 0.415686 0.466251
-0.101128 -0.191755 0.979621
0.000424775 0.913043 -0.697199
-0.0104482 -0.815807 0.16512
0.0692873 -0.850751 0.426575
-0.0299524 0.731773 0.20026
-0.101128 0.326274 -0.0161705
-0.0299524 -0.706068 -0.854006
-0.0299524 0.670962 -0.60432
-0.101128 0.348174 -0.861083
-0.101128 0.80199 -0.71908
-0.0468598 -0.815209 0.999313
-0.101128 0.0736332 0.799017
0.231991 -0.914329 -0.119749
-0.101128 0.152418 0.648702
-0.101128 0.545178 -0.662971
-0.101128 0.25392 0.567695
-0.0299524 -0.342257 0.731185
0.114304 -0.850751 -0.917301
-0.0296382 0.765667 -0.0116107
-0.0299524 -0.483307 0.216333
-0.101128 0.095063 -0.367318
-0.101128 -0.897845 0.0456337
0.0025164 -0.829232 -0.357352
-0.0299524 0.11363 -0.621403
-0.101128 0.365087 -0.573617
-0.101128 -0.427858 0.231379
-0.015392 0.807581 0.182337
-0.0606027 0.130933 0.999313
0.0396617 -0.914329 0.153934
-0.0299524 -0.56058 0.378264
-0.0299524 -0.399429 0.120131
-0.101128 -0.188161 0.341054
0.318629 0.913043 -0.0352712
-0.101128 0.321638 0.952911
-0.0299524 -0.607736 0.139007
0.224896 -0.914329 -0.352598
-0.0567613 -0.914329 0.422093
-0.101128 -0.865255 0.904972
-0.101128 -0.608405 -0.545255
-0.101128 -0.519728 0.585251
0.0876307 0.849465 0.958583
-0.0299524 0.391137 0.154521
-0.101128 0.472863 0.682296
-0.00340029 0.913043 -0.273995
-0.101128 -0.905819 -0.102217
-0.0285188 0.774218 -0.747882
0.190513 -0.850751 -0.533478
0.0905688 -0.850751 -0.474115
-0.101128 0.29721 -0.116493
-0.0299524 -0.326296 0.65644
-0.0299524 -0.240864 -0.0472191
-0.101128 0.536537 0.65342
0.152583 0.913043 -0.444207
0.0257597 -0.843506 -0.206799
0.295832 0.913043 -0.865818
-0.101128 0.00141382 -0.477891
-0.101128 0.322974 0.616835
-0.0299524 -0.194577 0.489979
-0.0299524 -0.533153 -0.853805
-0.0299524 -0.081822 -0.537116
-0.101128 -0.30819 0.388728
-0.0221462 0.79505 -0.831104
-0.0134272 0.810505 -0.510612
-0.101128 -0.224537 -0.74087
-0.0299524 0.591811 -0.280743
-0.101128 -0.260947 0.347524
0.129412 -0.914329 0.589455
0.326724 -0.8823 -0.0163045
-0.101128 -0.812887 0.696354
-0.0299524 -0.242525 0.828148
-0.0299256 -0.761597 0.289384
0.326725 -0.901533 -0.816314
-0.0272994 0.779954 0.832525
-0.0299524 -0.514108 -0.474176
-0.0299524 0.349284 0.135527
-0.0673782 0.135785 -1
-0.101128 0.0834536 -0.805257
-0.0226907 -0.795079 -0.216842
-0.101128 -0.559512 0.304667
-0.101128 0.445694 0.809013
-0.101128 0.80655 0.906164
-0.024342 0.78962 0.067788
-0.0299524 0.609722 -0.399106
0.0357134 0.913043 -0.264609
-0.0299524 0.580071 -0.357829
-0.101128 0.791757 0.225225
-0.0622691 0.913043 0.963958
0.197064 -0.850751 -0.762531
0.306222 0.913043 -0.212543
0.206913 -0.850751 -0.932008
-0.101128 0.673242 0.203325
-0.0283859 -0.776229 -0.829777
0.283055 0.849465 -0.580728
-0.101128 0.706405 0.619101
-0.0332809 0.192505 0.999313
-0.0299524 0.683955 0.436274
0.266638 0.849465 0.263149
-0.101128 -0.380673 0.566358
0.279211 -0.914329 0.406751
-0.0826747 0.913043 -0.0606744
-0.0299524 -0.075636 -0.259402
-0.0299524 -0.258347 0.79067
-0.101128 -0.367755 -0.179723
0.112319 0.913043 -0.417125
-0.101128 0.101348 0.318321
0.0396661 0.846838 -0.610794
-0.101128 -0.257527 -0.46306
-0.101128 0.516486 -0.19244
-0.101128 0.0115904 0.782851
-0.0299524 -0.612902 -0.699391
-0.0299524 -0.498877 -0.663596
-0.101128 0.147506 0.609459
-0.0299524 -0.615971 -0.865004
0.326725 0.899149 0.692261
-0.101128 -0.440408 -0.0471404
-0.101128 0.56629 -0.236722
0.212381 0.913043 -0.0551318
-0.0299524 -0.713156 -0.412092
-0.0299524 0.369377 -0.512687
-0.101128 0.71435 -0.201026
0.019541 0.913043 -0.610858
-0.0299524 -0.735723 -0.292828
-0.0299524 -0.26958 -0.905546
-0.0299524 0.737964 0.489668
0.0551013 -0.850532 -0.806431
-0.101128 0.811268 0.824879
-0.0299524 0.538294 -0.418909
-0.0910787 0.913043 0.22092
-0.0802545 0.913043 0.135808
-0.0299524 0.604807 -0.0417275
-0.101128 -0.736201 -0.100509
-0.101128 0.658269 0.490086
-0.101128 0.873773 0.0734625
-0.101128 -0.0323828 -0.0666757
-0.0299524 -0.247062 0.640901
-0.0299524 -0.753891 -0.671733
0.188468 0.849465 0.621458
-0.0299524 0.59006 0.617593
0.00675244 0.831309 -0.195022
-0.101128 -0.357681 -0.0482776
-0.0650307 -0.27161 -1
-0.101128 -0.056516 0.235954
-0.00853157 0.913043 0.751967
-0.101128 -0.53907 -0.233613
0.207494 -0.914329 0.419685
-0.0299524 -0.368763 0.217489
-0.0299524 -0.162615 -0.373913
0.216398 0.913043 0.0203903
-0.101128 0.373053 -0.696126
-0.101128 -0.139172 0.730776
-0.101128 0.878052 0.914581
-0.0530334 -0.15523 0.999313
-0.101128 0.354954 -0.899902
-0.101128 -0.338791 -0.775592
-0.0299524 0.663478 -0.521338
-0.0299524 0.663559 -0.863614
-0.101128 0.328432 0.784477
0.226905 -0.914329 0.870969
-0.0299524 0.504961 0.617336
-0.101128 -0.816289 0.897163
0.250614 0.849465 -0.437742
0.0838445 -0.850751 0.0926029
-0.0299524 -0.690662 0.657495
0.234 0.849465 0.719844
-0.0299524 -0.0697799 0.730719
-0.0739495 0.913043 -0.677346
-0.101128 -0.889195 0.492214
0.152989 0.849465 -0.367082
-0.101128 0.390664 -0.95868
-0.101128 0.593477 -0.869007
-0.101128 0.417088 0.0886726
-0.0299524 -0.212545 0.902293
0.27882 -0.914329 0.279528
0.275369 0.913043 0.322013
-0.0299524 -0.520447 0.964204
-0.0299524 0.169566 -0.269337
0.314255 -0.857295 0.615121
-0.101128 0.757658 -0.845162
-0.101128 -0.803043 -0.381168
0.236147 -0.914329 -0.918523
-0.0299524 -0.624347 -0.951988
-0.0299524 0.00468395 -0.041429
-0.0299524 0.616761 -0.543186
-0.0299524 -0.686881 -0.185142
-0.101128 -0.617386 0.666362
-0.0299524 0.541267 0.255529
-0.101128 -0.455663 -0.876898
-0.0299524 -0.490654 -0.396764
-0.101128 0.652051 0.0624045
-0.101128 -0.0651634 -0.81444
-0.0832966 -0.914329 -0.753652
-0.101128 -0.555066 0.962776
-0.101128 0.378586 0.837446
-0.101128 -0.782647 0.327036
-0.0299524 0.63355 0.74599
-0.0299524 0.724691 0.0275753
-0.0299524 -0.352555 -0.925487
0.266064 -0.914329 0.746497
-0.0224092 0.913043 0.103967
-0.0935103 -0.914329 -0.348572
-0.101128 0.741796 -0.921235
0.0699226 -0.850751 -0.751841
-0.101128 0.389505 0.650753
0.0933071 0.913043 0.355846
-0.101128 -0.305455 -0.0029797
-0.101128 0.227055 -0.700843
-0.0750806 -0.780244 -1
0.197587 -0.850751 0.8845
-0.101128 -0.107178 0.551312
-0.101128 -0.352385 -0.587838
-0.0299524 -0.267067 0.962951
-0.101128 -0.651086 -0.713373
-0.101128 -0.868844 0.319092
-0.0299524 -0.343595 -0.501372
-0.101128 -0.0917182 0.959477
-0.101128 0.780801 0.499412
-0.101128 0.393712 0.305603
-0.101128 -0.553979 0.793046
-0.0299524 -0.277847 0.170478
-0.101128 0.157751 -0.128637
0.185021 -0.914329 0.724546
-0.0628362 0.347013 0.999313
-0.100656 -0.86791 0.999313
-0.0299524 -0.010995 0.156933
-0.0299524 -0.230007 -0.953267
0.088203 -0.874636 0.999313
-0.0299524 -0.417759 0.161105
-0.101128 -0.137168 0.397207
0.0100261 0.833643 -0.72603
-0.00514435 0.820689 0.247289
-0.0277326 -0.914329 -0.0804096
0.0041056 0.913043 0.342973
-0.0299524 0.679151 0.149993
-0.0156236 0.807219 0.00982175
-0.101128 0.582714 -0.351757
-0.0299524 -0.067541 -0.600735
0.303172 -0.914329 0.778313
-0.0299524 0.395545 -0.646066
0.0534354 0.913043 -0.154708
-0.0299524 0.302771 -0.848094
0.0396744 -0.848126 0.192497
0.0524988 -0.850315 -0.00533205
-0.101128 -0.328662 -0.664347
0.219391 0.913043 -0.622079
-0.101128 0.87605 0.70463
-0.101128 -0.289342 0.428421
0.161376 0.913043 0.856185
-0.101128 -0.554405 0.705958
0.0936864 -0.850751 -0.825627
0.326725 -0.913071 -0.665593
-0.101128 -0.746347 -0.851593
-0.101128 0.621348 -0.581025
-0.0299524 0.491742 -0.73393
-0.0299524 -0.564873 0.263035
0.200762 0.849465 -0.478798
-0.0299524 -0.123217 -0.307527
0.29171 0.849465 0.489056
-0.101128 -0.163727 -0.240182
0.326725 -0.884626 0.736266
-0.0299524 -0.195207 0.679685
0.210043 -0.850751 -0.461765
-0.101128 -0.64027 0.712922
-0.0513874 0.913043 0.397654
-0.101128 0.0844678 -0.877354
-0.0299524 0.216329 0.0701438
-0.0299524 0.454873 -0.0538949
-0.101128 -0.131513 -0.555555
-0.0299524 0.747853 -0.981615
-0.101128 -0.68254 -0.288335
-0.101128 0.44791 0.861304
-0.0299524 0.143274 -0.0893459
-0.0299524 -0.373609 -0.432254
-0.00826454 0.817196 -0.0661219
-0.101128 0.71669 0.870355
-0.101128 0.664713 -0.505966
0.151823 -0.850751 0.970447
-0.0299524 0.23575 -0.849124
-0.101128 -0.643766 -0.391563
-0.0299524 0.0412663 -0.606311
-0.0299524 0.507176 0.919926
0.0398575 -0.914329 0.90048
0.0528679 0.913043 -0.389154
-0.101128 -0.203989 -0.391143
0.216852 0.913043 -0.212166
-0.101128 -0.7815 -0.201838
-0.0299524 0.662482 -0.0754478
-0.101128 0.0438402 -0.667371
0.0873596 0.849465 -0.96663
-0.0299524 0.0548523 0.263369
-0.00986383 -0.816543 0.498843
0.291022 0.913043 0.0221926
-0.101128 0.277648 -0.534367
-0.101128 -0.495944 0.508793
-0.101128 -0.477848 -0.824933
-0.0299524 -0.436559 -0.62442
-0.101128 -0.738835 0.365335
-0.0655678 -0.0360107 -1
-0.0299524 0.370564 -0.773848
0.266818 -0.850751 0.957875
-0.101128 -0.347765 0.684893
-0.101128 0.252006 0.302144
0.0860998 -0.850751 -0.173508
-0.101128 0.598841 0.320814
-0.0299524 -0.0996543 -0.157702
-0.101128 -0.492936 -0.409063
0.052781 0.849056 0.44949
-0.0299524 0.620558 0.690075
-0.0299524 0.570748 0.182144
-0.0858507 -0.122538 0.999313
0.165813 -0.914329 0.884664
-0.0161265 -0.807708 0.550266
-0.101128 0.874631 -0.8337
0.284017 0.913043 0.250815
0.168814 -0.914329 0.614514
0.0588803 0.84943 0.275627
-0.0299524 0.260532 -0.964107
0.0972233 -0.914329 0.609104
-0.101128 0.553118 -0.312512
-0.0299524 0.293224 -0.575069
-0.0199836 -0.800883 0.43925
-0.0746219 -0.352105 0.999313
-0.101128 -0.376818 0.803282
0.299249 0.913043 -0.290833
0.289175 -0.850751 0.553301
-0.0582607 0.913043 -0.30322
-0.101128 0.0238574 0.907013
-0.101128 -0.101332 0.422249
-0.0299524 -0.717168 0.0271476
-0.0299524 0.510104 0.282154
-0.0140081 0.809666 0.627121
-0.0299524 -0.115956 0.821146
-0.101128 0.71126 -0.636387
-0.0299524 0.0657476 0.536218
-0.0299524 0.144952 0.180931
-0.0234442 0.791963 0.221996
0.324284 0.869037 -0.477369
-0.101128 -0.155899 -0.878043
-0.0299524 0.0255395 -0.295388
-0.101128 0.553532 0.497407
-0.101128 -0.705939 0.0314959
0.147883 0.849465 0.257541
-0.101128 0.414804 -0.426736
0.290732 0.913043 -0.971963
-0.0299524 -0.45865 0.628415
0.285623 -0.850751 0.142875
0.0538924 0.913043 -0.792505
-0.101128 0.824677 -0.498938
-0.101128 -0.716756 -0.934226
-0.0299524 0.00560505 0.569503
0.0266718 -0.914329 -0.0537235
0.204485 -0.850751 0.39338
-0.0299524 0.689648 0.953992
-0.101128 -0.464697 0.414167
-0.0299524 -0.129155 -0.500923
-0.101128 0.138981 0.0586072
0.295783 0.849476 0.918047
-0.0737692 -0.0508655 0.999313
-0.0299524 -0.646815 0.93283
0.0412209 0.913043 0.0821958
0.0970943 0.849465 0.332638
-0.0297144 -0.914329 0.347667
-0.0299524 -0.410514 -0.33676
0.204919 -0.914329 -0.807894
-0.0299524 0.633336 -0.234506
-0.0299524 -0.0691936 0.417582
0.103239 0.849465 0.00314192
-0.101128 -0.163944 0.112508
-0.0299524 0.336698 0.733148
-0.0299524 0.75499 0.606619
-0.101128 -0.442827 0.025532
-0.101128 -0.602415 0.396314
0.308954 0.913043 0.395839
0.0685887 -0.914329 0.782104
-0.101128 0.547147 -0.5832
-0.101128 -0.572589 0.47371
-0.0299524 0.0386577 -0.354829
-0.101128 -0.376595 -0.366812
-0.101128 -0.358937 -0.442836
0.179245 -0.850751 0.507218
-0.0541999 -0.914329 0.770966
0.0396184 -0.848113 -0.629202
0.238255 0.849465 -0.520433
-0.0979282 0.913043 0.660286
-0.0299524 0.582418 0.313662
-0.0299524 -0.296563 -0.231873
0.00785482 0.913043 -0.33878
0.268508 -0.914329 0.92385
0.138114 -0.914329 0.809503
-0.101128 0.215553 -0.819067
-0.101128 -0.840885 0.240349
0.250294 0.913043 0.195957
-0.101128 -0.115185 -0.179841
-0.0299524 -0.151441 -0.959153
0.119148 -0.850751 0.272837
0.190469 0.849465 -0.385886
-0.101128 0.667347 -0.739374
-0.0299524 0.755323 0.282336
0.1366 -0.914329 -0.85893
0.164074 -0.914329 -0.704434
-0.0299524 -0.701712 0.511184
-0.0299524 -0.731014 0.68782
-0.101128 -0.303583 0.0811306
-0.101128 0.406219 -0.505252
-0.101128 0.114968 -0.229783
-0.101128 -0.0847585 -0.88593
0.162429 0.849465 0.765516
-0.101128 0.498388 0.610489
-0.101128 -0.254474 -0.719278
-0.101128 -0.724835 0.561576
0.0472776 -0.914329 0.666768
-0.0299524 -0.561578 -0.358598
-0.0299524 -0.0956912 -0.631487
-0.101128 -0.137141 -0.43672
-0.0299524 0.724382 -0.116969
-0.0299524 0.207452 0.32904
0.0688791 -0.914329 0.418758
-0.101128 0.172405 0.918791
0.00852479 0.832599 0.873355
-0.0299524 -0.134299 -0.623364
-0.101128 0.198349 0.155803
-0.101128 -0.563169 0.234365
-0.0299524 -0.346201 -0.293786
-0.101128 -0.664947 -0.571227
-0.101128 -0.239049 0.420231
-0.101128 0.687633 0.00571825
-0.101128 0.401573 0.869786
0.0265239 0.84254 0.313766
0.109021 0.849465 -0.752121
0.0562303 0.849318 -0.725801
-0.101128 -0.728383 0.293742
-0.101128 0.468302 -0.699639
-0.101128 0.628969 0.656029
-0.101128 0.217833 0.0301086
-0.0486696 0.423735 0.999313
-0.101128 0.255431 -0.288424
0.160435 0.913043 0.709853
-0.0401796 0.913043 -0.580458
-0.101128 -0.461132 0.870729
-0.0299524 -0.35899 -0.100059
0.00692775 -0.832726 -0.791546
-0.0299524 -0.216524 -0.439172
-0.0664546 0.913043 -0.849174
0.137123 0.913043 -0.57813
-0.0299524 -0.227174 -0.274396
-0.101128 -0.629592 -0.281269
-0.0190918 0.913043 -0.768564
0.0119182 0.834896 -0.562527
0.0464002 0.913043 -0.680797
0.0495594 -0.914329 0.974043
-0.0299524 -0.469747 -0.813373
-0.101128 -0.649194 -0.00625787
0.277999 -0.914329 0.344651
-0.0783921 -0.914329 0.11808
0.295696 0.849474 -0.766647
0.326725 -0.882729 0.410554
-0.101128 -0.389283 -0.209379
-0.101128 0.0354267 -0.775834
-0.101128 -0.49368 0.334434
0.0582704 -0.914329 0.861277
-0.0299524 -0.725655 -0.372373
-0.0299524 -0.18069 0.358601
-0.101128 -0.480758 0.795326
-0.101128 0.212751 -0.552111
-0.0299524 0.736116 -0.611582
-0.101128 -0.51615 0.300068
0.0774635 0.849465 0.584383
0.158042 -0.914329 0.10904
-0.101128 -0.108531 0.901306
-0.0299524 -0.592713 0.204908
-0.0670675 -0.508445 0.999313
-0.101128 0.461848 0.612195
-0.101128 -0.120858 -0.337049
-0.101128 0.531742 -0.0947744
-0.101128 0.134555 0.680611
-0.101128 0.00580919 -0.61843
0.296945 0.913043 0.676235
-0.0299524 0.288708 0.750235
-0.101128 -0.342369 -0.701091
0.0866023 -0.914329 0.0251942
-0.0299524 -0.703366 0.571241
-0.0299524 -0.152609 -0.421101
-0.101128 0.158872 -0.780347
-0.0299524 0.667626 -0.344717
0.283707 -0.850751 -0.431944
-0.101128 0.137681 -0.829415
-0.101128 0.652403 -0.157123
0.0244669 -0.842947 0.436066
-0.101128 0.243682 -0.205957
-0.101128 -0.392135 -0.304453
-0.101128 -0.584138 -0.754935
-0.101128 0.837012 0.630393
0.106355 0.913043 0.476262
-0.0299524 -0.174746 -0.098715
-0.0299524 0.548489 0.502281
0.322975 -0.914329 -0.28737
-0.101128 0.169154 -0.703583
-0.101128 0.659168 -0.36424
-0.101128 -0.846819 -0.631694
0.232196 -0.850751 0.600687
0.206417 0.849465 -0.303102
0.154421 -0.914329 -0.511564
-0.0299524 0.357092 -0.844338
-0.0299524 -0.526332 -0.553456
-0.101128 -0.744253 0.897872
-0.101128 0.682838 -0.860914
-0.101128 0.481887 -0.828868
-0.0299524 -0.0769106 -0.725549
-0.068517 -0.914329 0.341446
-0.101128 0.842218 -0.169684
-0.101128 -0.784467 0.0191239
0.0774805 -0.914329 0.536532
-0.0299524 0.544894 0.669354
-0.101128 0.745269 -0.546467
-0.011465 0.816515 -1
-0.101128 -0.800726 -0.247872
0.236405 0.913043 -0.136197
-0.0299524 -0.607837 0.870653
0.137739 0.849465 -0.442949
0.230634 0.913043 -0.9793
-0.101128 -0.624811 0.997289
0.300407 0.913043 0.848447
0.131146 -0.850751 -0.791652
0.159066 0.913043 0.00551113
-0.0299524 -0.536887 -0.226875
-0.101128 0.353125 0.659343
-0.0299524 -0.638276 0.0686577
-0.0600615 -0.914329 -0.399376
0.00934719 -0.834463 -0.592489
0.0449409 -0.884604 -1
-0.101128 0.316737 -0.054838
-0.0299524 -0.382728 0.430559
-0.0665359 -0.914329 0.926623
-0.0295107 0.76707 0.983239
-0.101128 -0.827661 0.512217
-0.0299524 0.385068 0.541533
-0.0299524 -0.304366 -0.0792549
0.147338 0.849465 0.626157
-0.101128 0.222951 0.388392
-0.0299524 0.251958 -0.443575
-0.0299524 0.134171 -0.219216
-0.101128 0.167422 0.967288
-0.101128 -0.419323 0.313941
0.0950213 0.849465 0.796517
-0.0299524 -0.268234 0.696311
-0.101128 0.371736 0.757872
-0.101128 0.795565 0.169806
-0.0299524 -0.225478 0.966033
-0.101128 -0.631249 -0.134028
-0.0299524 -0.272853 0.402864
-0.101128 -0.149913 0.481688
-0.101128 0.08979 0.870573
-0.101128 0.73712 0.938603
-0.0713661 0.913043 0.279766
-0.0299524 0.68828 0.285182
-0.101128 -0.861553 -0.701957
0.325034 -0.872309 0.0212814
-0.101128 0.274682 0.36346
-0.101128 0.825452 0.375771
-0.0299524 0.421904 0.805477
-0.101128 0.564708 0.0593239
-0.0299524 0.457354 0.546908
0.216951 -0.850751 0.552172
-0.0176582 0.803872 -0.588449
-0.101128 0.759092 -0.981681
-0.101128 -0.750638 0.745137
-0.0299524 -0.628501 -0.0721435
-0.0299524 0.0526294 0.848567
-0.101128 -0.637785 0.297276
-0.0299524 0.205412 -0.132595
-0.101128 0.307051 -0.733125
-0.101128 0.055644 0.857594
0.14036 0.849465 -0.199938
-0.101128 -0.398098 0.130604
-0.0299524 -0.733276 -0.174627
0.326725 0.889929 -0.283643
-0.0299524 -0.535168 0.997936
-0.00782481 0.817711 0.046595
0.107381 -0.914329 -0.737621
-0.0804628 -0.366965 -1
-0.000909426 -0.826194 0.968834
0.105107 0.849465 -0.511685
-0.0299524 -0.468502 0.0952459
0.231162 -0.914329 0.917659
-0.0615621 0.582247 0.999313
-0.101128 0.0987669 0.945175
-0.101128 0.351057 -0.974887
-0.0660813 0.913043 0.632451
-0.0299524 -0.592321 -0.469787
-0.101128 -0.719827 -0.697846
-0.0299524 0.641764 0.415869
0.304007 -0.914329 0.875729
0.166034 0.849465 0.3469
-0.0299524 0.191969 -0.0233787
-0.0299524 0.46392 0.158629
-0.101128 -0.878639 -0.560022
-0.101128 0.589094 0.905471
-0.101128 0.573872 -0.987524
0.113504 0.913043 -0.97981
-0.0299524 -0.66387 0.57458
-0.0299524 0.344761 -0.691661
-0.101128 0.62578 0.915781
-0.101128 0.830358 0.776673
-0.101128 0.890755 0.433684
0.146364 -0.914329 -0.434594
0.00252137 -0.829237 -0.265534
-0.101128 0.198993 0.650899
0.292566 -0.914329 0.646356
-0.101128 -0.547888 -0.668729
-0.0299524 0.178514 0.742558
-0.0689148 0.913043 0.327908
-0.0299524 -0.187847 -0.809161
-0.101128 -0.117157 0.672979
-0.101128 0.158714 0.433441
-0.0299524 0.446843 -0.788923
-0.101128 -0.878924 0.732254
-0.101128 -0.629007 -0.18306
-0.0299524 0.380929 0.685071
0.0071029 -0.832855 -0.521541
-0.101128 -0.379499 0.376826
-0.101128 0.335073 0.907431
-0.101128 0.790441 0.980582
-0.101128 0.667694 0.418749
0.258683 -0.850751 0.0833644
-0.101128 0.0718306 -0.611994
-0.0157903 -0.914329 0.695847
-0.101128 0.629416 0.206324
-0.0299524 0.176328 -0.737051
0.231955 -0.850751 -0.771727
-0.101128 -0.606166 -0.614993
-0.0299524 -0.205357 0.235733
-0.0299524 0.474692 -0.437138
-0.0299524 -0.406638 0.232767
-0.029713 0.764706 0.355195
-0.0368657 0.913043 0.0499154
0.18911 -0.914329 0.766572
-0.101128 -0.787555 -0.733766
-0.0299524 0.289044 -0.731864
-0.101128 0.760837 -0.00371153
-0.0299524 0.691181 -0.544113
0.293948 0.913043 -0.16652
-0.101128 -0.230122 -0.787417
-0.0299524 0.548256 -0.310543
-0.101128 -0.366397 -0.62307
-0.101128 -0.0099746 -0.73209
-0.101128 -0.0956976 -0.553829
0.0986114 -0.914329 -0.00870927
-0.101128 0.422877 -0.146691
-0.101128 -0.00161707 -0.0482884
-0.0299524 0.46075 -0.91473
-0.101128 -0.55868 -0.504424
0.207185 0.849465 0.682817
-0.0299524 0.491912 -0.0403883
-0.0299524 0.435729 -0.540706
0.222044 -0.914329 0.148115
-0.0299524 -0.558325 -0.887588
-0.0299524 -0.267829 -0.83735
-0.0266228 -0.914329 0.143725
-0.101128 -0.448904 0.905669
-0.101128 -0.717995 0.0667544
-0.0299524 -0.736974 0.784749
0.155045 0.913043 -0.794707
-0.0299524 0.180534 0.184684
-0.101128 0.105468 -0.578943
-0.101128 -0.669679 -0.659643
0.23219 0.849465 0.114011
-0.0299524 -0.259936 0.253383
-0.0299524 0.713518 0.783149
-0.101128 0.158885 0.765883
-0.101128 -0.536471 -0.726281
0.147942 -0.914329 0.511776
-0.101128 -0.60974 -0.70419
-0.0154436 0.807501 0.662755
0.16014 -0.914329 -0.0594076
-0.0299524 0.29433 -0.219662
-0.0299524 -0.456088 -0.138022
0.0343046 0.913043 0.526922
-0.0299524 0.139244 -0.431383
0.0645847 -0.850751 -0.976691
-0.101128 -0.502071 -0.969485
-0.0299524 -0.491541 -0.332555
-0.101128 -0.682112 0.850047
-0.101128 0.25281 -0.0903013
-0.101128 0.375717 0.586548
-0.0299524 -0.643823 0.861498
-0.101128 0.702932 -0.680841
0.18944 -0.850751 0.767464
-0.00115661 -0.914329 -0.172221
-0.101128 -0.028947 0.421795
-0.0299524 -0.435278 0.763695
0.0844964 0.913043 0.64692
-0.0299524 -0.0104221 -0.834819
-0.101128 0.0372322 -0.061055
-0.101128 0.363136 0.103919
0.296223 -0.850777 0.473754
0.0638897 0.849465 -0.685013
-0.0299524 -0.545826 -0.490462
-0.101128 -0.54196 -0.368748
-0.0299524 0.217528 -0.560588
-0.101128 -0.238955 0.954585
-0.101128 -0.122738 0.833771
-0.101128 -0.385751 0.250176
-0.0299524 -0.565979 -0.745548
0.083562 -0.850751 -0.089755
0.294463 0.913043 -0.679672
-0.0299524 0.22792 -0.204329
-0.0299524 0.0707447 0.15434
-0.0149328 0.913043 -0.510154
-0.0299524 -0.445027 0.8289
-0.101128 0.284892 -0.434061
0.237951 0.849465 0.331049
0.225796 0.849465 0.460864
-0.0299524 0.571212 -0.480714
-0.0299524 -0.293534 0.479755
0.0121522 -0.914329 0.224024
-0.0299524 0.54734 0.048686
-0.00361464 0.913043 -0.661688
0.164744 -0.850751 -0.398939
-0.0299524 -0.726904 0.0959868
-0.0673621 -0.30911 -1
0.0609067 -0.914329 0.599175
-0.101128 0.521262 0.334446
0.209325 -0.914329 0.000556629
0.194748 -0.850751 0.628963
0.144499 0.913043 0.413073
-0.0299524 0.264565 0.860012
-0.0299524 -0.228501 -0.237885
-0.101128 0.296896 0.132333
-0.101128 -0.558429 -0.795927
-0.101128 -0.146885 0.52511
-0.101128 0.830438 0.497459
-0.0299524 0.06637 0.335063
-0.101128 0.840517 0.0599056
-0.0299524 0.134653 -0.142058
-0.101128 -0.519466 0.367665
-0.0299524 0.648181 -0.658452
-0.101128 -0.74363 -0.746438
0.157658 0.913043 -0.864206
0.313391 0.85537 -0.598218
-0.101128 -0.152342 -0.746058
-0.0299524 0.261701 -0.68438
-0.101128 0.8801 -0.0431973
0.282428 0.849465 -0.957032
-0.0278967 0.777369 -0.692143
-0.0299524 -0.559998 -0.0737765
-0.101128 0.619782 -0.544109
-0.0299524 -0.482719 -0.541017
-0.101128 -0.0963979 0.790562
-0.101128 -0.413043 -0.700319
-0.0299524 -0.302884 -0.0271497
0.0432804 -0.848933 0.526393
-0.101128 0.164155 -0.52215
0.042937 -0.848863 0.822202
-0.101128 -0.190176 0.24277
-0.101128 -0.616473 -0.446657
-0.101128 -0.416416 0.84413
-0.0299524 -0.176264 0.806149
0.286798 -0.850751 -0.0345968
0.193648 0.913043 0.726187
-0.0299524 0.316733 0.152186
0.316729 -0.914329 -0.736113
-0.0299524 0.562926 -0.0198209
0.208914 -0.850751 0.307156
0.325988 -0.875736 -0.52657
-0.0299524 -0.106299 0.591559
0.115371 0.913043 -0.280066
0.303444 0.850625 0.541017
-0.101128 -0.710065 0.962502
-0.101128 -0.711633 0.60054
0.0531602 -0.850377 -0.379036
-0.0299524 0.430712 -0.255197
0.0696386 -0.850751 0.317006
-0.0379056 -0.914329 0.517967
0.0774817 0.913043 0.423931
-0.0299524 0.464233 -0.51441
-0.101128 -0.330015 0.33062
-0.0299524 0.621576 -0.452709
-0.101128 0.88325 -0.227605
0.289584 -0.884433 0.999313
-0.0656446 -0.914329 0.476234
-0.101128 -0.289955 0.164233
0.0651014 0.849465 0.734056
-0.0299524 0.508205 -0.374331
-0.0299524 0.10059 -0.443721
-0.0299524 -0.401376 0.561913
-0.0299524 -0.0927113 -0.378715
-0.101128 0.31513 -0.365929
0.306271 -0.914329 0.508974
-0.101128 -0.550103 0.997686
-0.0299524 0.736117 -0.0526701
-0.101128 0.470647 0.128807
-0.101128 -0.428889 0.0603317
-0.0299524 0.369674 -0.572094
-0.101128 -0.289688 -0.150787
-0.0299524 -0.188857 0.568894
-0.0103459 -0.914329 -0.627318
-0.0299524 -0.15509 0.103808
0.284393 0.849465 0.675747
0.257091 -0.850751 0.428872
-0.101128 -0.61705 -0.8298
0.0969697 0.849465 -0.824307
-0.101128 -0.00700316 0.885985
-0.0299524 0.473549 0.0622911
-0.0299524 0.25486 0.00945595
-0.0299524 -0.16852 -0.0566978
-0.0299524 0.336286 0.216497
0.0973279 -0.850751 0.64168
-0.101128 -0.341666 -0.117658
-0.101128 0.0488494 -0.399655
0.106374 -0.914329 -0.607402
-0.0299524 -0.398343 -0.600351
-0.0299524 0.0483341 -0.740079
-0.0299524 -0.0123112 -0.883396
-0.0299524 -0.630236 -0.568173
-0.0358825 -0.637539 -1
0.0542921 0.913043 0.232641
-0.0299524 -0.138964 -0.688629
-0.0299524 0.0491675 0.111013
-0.0299524 0.731847 -0.67791
-0.0299524 0.208229 -0.290305
-0.101128 -0.91354 0.932969
-0.0299524 -0.12808 0.463156
-0.0299524 -0.519401 0.00727591
0.325793 -0.874901 0.122386
-0.0299524 -0.497381 0.789112
-0.101128 0.878971 -0.291673
-0.101128 0.0506625 0.0698469
-0.101128 -0.0355875 -0.202365
-0.101128 -0.180775 -0.197321
-0.0299524 -0.615236 -0.76813
0.266603 -0.914329 -0.29327
0.178221 0.88217 -1
0.10039 0.913043 -0.531821
-0.101128 0.104318 0.27907
-0.0299524 -0.382743 -0.896578
0.326725 0.901815 -0.410166
-0.101128 0.202467 -0.987778
-0.0299524 0.550322 0.3865
-0.101128 -0.867853 -0.287562
-0.101128 0.308256 0.499489
-0.101128 0.736991 0.419055
-0.0299524 0.644363 -0.801142
0.210605 -0.850751 0.472699
-0.0299524 -0.50955 0.150837
-0.00462334 0.913043 -0.96449
-0.0032577 0.822637 0.396838
0.212387 -0.850751 0.0947135
-0.101128 0.257022 0.635247
0.0749343 -0.914329 -0.447143
0.320476 0.862326 -0.20696
-0.101128 -0.843188 0.972494
-0.101128 -0.0318012 0.728905
-0.101128 -0.672662 0.996431
0.134249 0.849465 -0.14752
-0.0271674 -0.781769 -0.382367
0.0986966 0.849465 0.0473943
-0.0299524 -0.337484 0.921749
0.217845 -0.850751 -0.601254
-0.101128 0.87589 0.144141
-0.101128 -0.518007 0.4738
0.180133 -0.860219 -1
-0.0299524 -0.00669656 0.637791
-0.0299524 0.273238 -0.409004
-0.101128 -0.529552 -0.894245
0.0240834 0.856561 -1
-0.0299524 0.543082 0.746992
0.153596 0.849465 -0.771334
-0.101128 -0.651965 -0.346474
-0.0299524 -0.182771 -0.177947
-0.0299524 0.0430842 0.407906
-0.0299524 -0.564057 -0.685075
-0.0299524 0.553964 0.845646
0.106682 -0.850751 0.489072
-0.0299524 0.623701 0.163326
-0.101128 -0.142513 -0.606482
0.0206093 -0.914329 -0.491561
-0.101128 0.219121 0.319033
0.181243 -0.850751 0.155389
-0.101128 -0.312573 0.956483
-0.0299524 -0.613506 0.702678
-0.0224318 -0.914329 -0.967444
0.0136407 0.835979 0.729244
0.101968 -0.914329 0.926336
-0.101128 -0.0399021 0.0300846
-0.101128 -0.43298 0.544099
0.178818 -0.914329 -0.741515
-0.0299524 -0.729689 0.82621
-0.0299524 0.504526 0.416643
-0.101128 0.124683 -0.40769
-0.101128 -0.305182 -0.766134
-0.101128 0.355768 0.0342116
-0.0299524 -0.733143 -0.751391
0.0169726 0.913043 0.461459
0.246458 0.913043 0.489955
-0.101128 0.486309 -0.439819
0.130028 0.913043 -0.904802
-0.0180925 0.803114 -0.769133
-0.101128 -0.56489 -0.16316
-0.101128 -0.682009 -0.798335
0.259192 -0.850751 0.91705
-0.0299524 -0.613669 0.521041
0.16796 0.849465 0.496315
-0.0299524 0.370544 0.350487
-0.0299524 0.139011 -0.707584
0.325902 -0.875354 -0.191468
-0.0299524 -0.484899 0.274552
-0.0299524 0.0544027 0.775864
0.168555 0.913043 0.665498
-0.101128 0.0902057 0.40237
0.168548 0.849465 -0.547039
-0.101128 -0.766536 -0.0476846
-0.0299524 -0.251963 0.141711
-0.101128 -0.691686 -0.85019
0.0946898 0.849465 0.657014
0.179127 -0.850751 0.419776
-0.101128 0.889482 0.827863
-0.0299524 0.392477 0.18933
-0.0299524 0.338252 0.888686
-0.101128 0.0446596 0.16861
0.0793585 0.849465 0.924755
-0.0299524 -0.52208 0.0928706
0.191765 0.849465 0.182499
-0.101128 -0.386162 -0.557347
-0.101128 0.463477 -0.95661
-0.0299524 0.326195 -0.997702
0.326725 0.897296 -0.85998
0.0583897 -0.914329 -0.645857
-0.101128 -0.62688 0.515367
-0.101128 -0.413522 -0.886874
0.32637 0.876518 -0.701586
-0.101128 -0.0728644 0.305171
-0.101128 -0.727594 -0.472084
0.00603657 -0.832055 0.696973
0.133263 -0.850751 0.383211
0.269985 -0.850751 -0.715587
0.216057 0.849465 0.278106
0.0898329 -0.914329 0.0953588
0.274002 0.913043 0.915069
-0.101128 0.332997 0.851425
0.0503585 0.913043 0.115742
-0.0624454 -0.914329 0.225777
0.326725 0.884878 0.113014
0.0721744 0.849465 -0.460301
-0.0299524 0.647999 0.630456
-0.025312 -0.78813 0.404302
-0.0299524 -0.515989 -0.171774
-0.0299524 -0.672688 -0.902309
0.204501 -0.850751 0.918558
-0.101128 0.206358 0.590298
-0.0299524 0.0801319 -0.197796
0.120427 -0.914329 0.432402
-0.101128 0.528509 -0.513907
0.0969971 -0.850751 -0.0332146
-0.101128 -0.30231 0.231442
0.179333 0.849465 -0.027508
-0.101128 0.448686 -0.794003
-0.101128 0.148537 -0.311887
-0.0299524 -0.64007 -0.138839
-0.101128 -0.741635 -0.9668
0.306825 -0.853058 -0.852814
-0.0299524 -0.325935 -0.983453
-0.0299524 0.0883265 -0.836355
-0.0299524 0.291143 0.935179
0.029891 -0.84514 -0.0649694
-0.101128 0.113013 -0.657521
0.169623 -0.850751 -0.820755
-0.101128 -0.109655 -0.920471
0.212613 -0.914329 -0.297701
-0.072582 -0.285605 0.999313
-0.101128 0.848797 -0.222806
-0.0609022 -0.495286 -1
0.179345 0.849465 0.561176
-0.0299524 -0.467553 -0.0419142
-0.0299524 -0.59437 0.0697869
-0.101128 -0.465681 -0.570369
0.237683 -0.850751 -0.242278
-0.0945624 -0.914329 -0.601539
-0.0299524 0.751746 0.786891
-0.101128 0.585762 0.394026
-0.101128 0.729293 -0.245625
-0.101128 0.364823 0.975409
0.0784243 0.913043 -0.930661
0.126794 -0.850751 -0.272926
-0.0299524 0.701413 0.328454
-0.101128 0.529782 0.529005
-0.101128 0.792979 -0.908274
-0.0658649 -0.914329 -0.553377
-0.0299524 0.487501 -0.846187
-0.101128 -0.00912541 -0.976034
-0.101128 -0.0535681 0.0781765
-0.0299524 0.529554 -0.536418
-0.101128 -0.798528 -0.798135
-0.0889926 0.913043 -0.752419
-0.101128 0.154445 -0.967594
-0.101128 -0.471458 -0.102189
0.00114904 -0.914329 0.899366
0.20222 -0.914329 -0.0583075
-0.0299524 -0.0205644 0.705503
0.269135 -0.914329 -0.243071
-0.0445063 0.208998 -1
-0.101128 0.307505 0.422869
0.121265 -0.893199 -1
0.158381 -0.850751 -0.00860082
-0.101128 0.837949 0.705105
0.300117 0.84989 0.761372
0.174945 0.849465 0.129238
-0.0299524 -0.608558 -0.100309
-0.101128 -0.222848 0.266248
-0.0299524 0.0109698 -0.169788
-0.0299524 -0.729372 -0.508875
-0.101128 0.604184 -0.705162
-0.0770725 -0.914329 -0.459945
0.0104997 -0.835249 0.882182
-0.0299524 -0.0198104 -0.400256
-0.101128 -0.835359 0.205156
0.125155 0.849465 0.397355
-0.101128 -0.411061 -0.443762
0.00750868 0.831867 -0.102878
-0.0299524 0.309973 0.806722
-0.101128 0.601045 -0.278528
-0.101128 0.0635631 0.575588
-0.101128 0.303579 0.0545251
0.0533749 -0.850396 -0.138368
-0.101128 0.667348 -0.623057
-0.101128 -0.370292 0.746553
0.188896 -0.914329 -0.680044
-0.101128 0.230271 -0.764098
-0.0299524 0.470012 -0.706901
-0.101128 -0.0525026 0.830944
0.293094 0.849465 0.112018
-0.101128 -0.429174 0.367625
-0.101128 0.562812 0.459284
-0.101128 -0.0903867 -0.110214
-0.0299434 -0.760666 0.0285645
0.0167914 -0.839112 -0.0961661
-0.101128 -0.0998257 -0.403524
-0.0299524 0.225474 -0.334691
-0.0299524 -0.486656 -0.852008
0.0943912 0.913043 -0.152088
-0.0769097 0.859775 0.999313
-0.101128 -0.290245 0.841838
-0.0299524 0.451693 -0.627907
0.104607 -0.850751 0.207545
0.0600877 -0.850741 -0.561937
-0.101128 -0.593298 0.261737
-0.101128 0.620979 0.960883
-0.101128 0.570796 0.697895
0.176259 0.913043 0.0882999
-0.101128 0.868684 -0.906048
0.202169 -0.850751 0.222869
-0.101128 -0.589198 -0.57549
0.0967482 0.913043 -0.617724
-0.101128 -0.0404689 0.936972
-0.101128 -0.49201 0.141516
-0.101128 0.779863 -0.452422
-0.101128 -0.207323 0.895527
0.152949 -0.914329 -0.318189
-0.101128 -0.675599 -0.898633
-0.101128 0.179292 -0.285225
-0.0299524 -0.0247515 0.362396
0.293251 -0.850751 0.696299
-0.101128 -0.872251 -0.214915
-0.0754575 0.803287 0.999313
-0.0251015 -0.788758 -0.477573
-0.0299524 -0.465756 -0.589731
-0.0299524 -0.382846 0.597405
-0.101128 0.052831 -0.539333
-0.0299524 0.436897 -0.85247
-0.0299524 -0.218126 0.0336071
0.133165 0.849465 0.695551
-0.101128 0.756877 -0.335082
-0.0299524 0.301006 0.420247
-0.101128 -0.0289851 -0.76055
-0.101128 -0.384064 0.0735135
-0.0299524 -0.0139084 0.228379
-0.101128 0.031246 0.44866
0.0511796 -0.850176 0.683528
-0.0299524 -0.673775 -0.0224135
0.0532293 0.849097 -0.952367
0.239019 0.913043 0.103017
0.122442 0.913043 0.227343
-0.101128 0.41238 -0.106904
-0.101128 0.583482 -0.476081
-0.101128 -0.816358 -0.311976
-0.101128 -0.237191 -0.137939
-0.101128 -0.704342 -0.0858658
0.0953354 -0.850751 -0.527832
-0.101128 0.361014 -0.630297
-0.101128 -0.292835 -0.390239
-0.0751638 0.913043 -0.807595
-0.00680524 0.913043 -0.825624
-0.0299524 -0.58504 0.638506
-0.0299524 -0.629581 0.772806
-0.0299524 -0.0305527 -0.665031
-0.0299524 -0.365149 -0.352859
0.217329 0.849465 0.816025
0.227993 0.849465 -0.625491
-0.0285486 -0.914329 -0.384574
-0.101128 0.544135 0.783462
-0.101128 0.491081 -0.734875
-0.0299524 0.31794 -0.534289
-0.101128 -0.013812 0.0973264
-0.101128 0.0417466 0.99317
0.212469 0.849465 -0.15409
-0.0299524 -0.652368 -0.594132
0.313945 -0.914329 -0.144369
-0.101128 -0.176563 0.448569
-0.101128 -0.495661 -0.208359
0.293544 -0.850751 -0.0797215
-0.101128 -0.0448158 0.637096
0.230111 0.913043 0.667443
0.287971 0.849465 -0.655198
-0.101128 -0.127079 -0.837904
-0.0634869 0.642905 0.999313
-0.0276204 0.778608 -0.196021
0.00393742 -0.914329 0.747528
0.273197 -0.850751 -0.504019
-0.00287613 -0.824303 -0.676184
-0.101128 0.730429 -0.582499
-0.0637674 0.540787 -1
0.288818 0.913043 -0.0609968
-0.101128 0.469719 -0.0752352
-0.0299524 0.521652 0.187866
-0.0299524 0.239777 0.542949
0.193414 0.849465 0.529649
-0.101128 -0.492586 -0.524637
0.307055 -0.853152 -0.957427
-0.101128 0.71608 0.809068
-0.0299524 0.424032 -0.117235
0.254741 0.849465 0.427278
-0.0299524 -0.600784 0.319728
0.0287967 0.913043 0.819803
-0.0299524 0.376016 0.01866
0.321095 -0.914329 -0.622723
0.115699 0.913043 -0.340273
0.319758 0.861394 -0.160969
-0.0299524 -0.378726 -0.998259
0.000887531 -0.914329 0.0121461
0.133407 -0.850751 0.761352
-0.0299524 -0.0995154 0.966104
-0.00359846 -0.914329 0.591302
-0.0299524 -0.0101565 0.455443
-0.101128 -0.211485 0.770779
0.0542591 0.894135 0.999313
-0.101128 -0.463137 -0.644721
-0.101128 -0.446802 0.794662
0.264304 -0.850751 0.353797
-0.0299524 0.341852 0.697693
-0.101128 0.826263 0.5681
-0.101128 0.73154 0.74178
-0.101128 0.279897 0.893892
-0.0299524 -0.489621 0.0246582
-0.101128 0.75421 0.800135
-0.0299524 0.444971 0.918651
-0.101128 -0.431598 -0.37593
0.260107 0.849465 -0.204231
-0.101128 0.0281701 -0.998541
-0.0299524 0.314832 -0.118574
0.163104 -0.850751 0.687776
-0.0299524 -0.210633 0.766373
-0.0299524 0.274574 0.706655
0.120673 0.913043 0.11109
-0.101128 -0.384078 -0.852007
-0.101128 -0.596062 -0.334151
-0.101128 -0.733502 -0.795245
-0.0299524 -0.249327 -0.0857922
-0.101128 -0.348352 -0.872111
0.0933015 0.88121 0.999313
-0.0299524 0.124447 -0.550287
-0.101128 -0.883368 0.682506
-0.101128 0.379522 0.387931
-0.0619879 0.701177 -1
-0.0299524 -0.09842 -0.928323
-0.0299524 0.462344 -0.0998818
0.324612 -0.914329 0.712399
-0.101128 -0.87847 0.407679
0.120277 -0.914329 -0.230126
-0.101128 0.125875 0.838139
-0.101128 0.534657 -0.712332
0.31877 0.860219 0.82044
-0.101128 0.82382 -0.823933
0.147272 -0.850751 0.470977
-0.0686746 -0.439898 -1
0.231716 0.849465 0.00253833
-0.0299524 0.492278 -0.985889
-0.101128 -0.44308 0.445527
-0.101128 0.0496768 -0.260392
0.127509 -0.850751 -0.57585
-0.101128 0.781339 0.534616
-0.101128 0.299773 -0.172209
-0.101128 0.505816 0.964014
-0.0571281 -0.530439 -1
-0.101128 0.0506687 -0.878925
0.226932 -0.850751 0.685285
-0.0299524 0.312785 -0.91398
-0.101128 -0.811319 0.863468
0.231138 -0.850751 -0.829638
-0.0299524 0.690601 0.492203
-0.0299524 -0.153622 -0.839608
-0.101128 -0.111463 0.454519
-0.0299524 -0.441031 -0.454173
-0.062555 0.622448 -1
-0.101128 0.588351 -0.525918
-0.0299524 -0.251745 -0.641782
-0.0299524 -0.109931 -0.0964095
-0.0299524 0.302538 -0.349258
-0.0288882 -0.773287 0.663857
0.326305 0.876106 0.0183583
0.0554559 0.84927 0.403266
-0.0299524 -0.542283 -0.974569
0.257548 0.913043 -0.169616
-0.101128 -0.745778 0.934338
-0.0299524 -0.130267 0.524197
-0.0299524 -0.677063 -0.665487
-0.101128 -0.00385247 0.269064
-0.0299524 0.678618 -0.996169
-0.101128 -0.873034 0.00262142
-0.0299524 0.245461 0.209055
-0.0299524 0.0924794 -0.722011
-0.101128 -0.371304 -0.0840962
-0.100599 0.913043 0.879408
-0.101128 -0.181536 -0.126692
0.271744 0.849465 0.849423
-0.101128 -0.217583 0.839628
-0.101128 0.346218 -0.533665
-0.0101662 -0.914329 -0.551804
-0.0299524 -0.338118 -0.561825
-0.0299524 0.245113 0.140272
0.287805 0.849465 0.289378
-0.101128 -0.866447 -0.806714
-0.101128 -0.843086 0.143397
-0.101128 0.776561 0.832301
-0.0299524 -0.424885 -0.92759
-0.101128 -0.694435 -0.167584
-0.0299524 -0.12972 -0.356267
-0.0299524 0.282224 0.673681
0.199464 0.849465 -0.0838524
-0.0299524 -0.693112 -0.697615
0.0540734 0.849169 -0.83739
-0.101128 -0.699695 0.0950137
-0.101128 -0.620368 0.875815
0.127449 0.849465 -0.335012
0.155216 -0.914329 0.970622
-0.0299524 0.199585 -0.919848
-0.024561 0.789018 0.292845
-0.0299524 -0.737739 -0.874803
0.286079 -0.914329 0.201618
-0.101128 -0.0880435 0.51292
-0.0299524 -0.434843 0.203871
0.326725 -0.899729 -0.559442
-0.0182927 0.802758 -0.251171
-0.101128 -0.881788 0.454645
-0.101128 -0.290496 -0.836846
-0.0878747 -0.746331 0.999313
0.0245033 0.841676 0.185222
-0.0299524 -0.237393 0.404158
-0.0299524 0.228161 -0.642829
-0.0299524 0.176611 0.503614
-0.0299524 0.616557 0.468895
-0.101128 -0.206902 0.518363
-0.101128 0.750931 -0.0829347
0.302403 0.850354 0.884551
0.082068 0.913043 -0.0701708
-0.101128 0.407811 0.042107
0.322673 -0.867009 0.918678
-0.101128 -0.607196 -0.657788
-0.101128 -0.733863 -0.551211
-0.0299524 -0.371994 0.00597818
-0.101128 -0.720778 0.223522
-0.101128 0.82239 -0.429605
-0.101128 -0.652014 0.0893297
0.0850574 -0.850751 0.0508631
-0.101128 0.770305 -0.668745
-0.101128 0.425943 0.243136
-0.0299524 0.282558 -0.787685
-0.101128 -0.709536 -0.345386
-0.0299524 0.328987 0.280954
-0.0299524 0.647852 0.0140791
-0.101128 0.839775 -0.655439
-0.101128 -0.0271748 0.329054
-0.101128 0.0566177 0.720774
-0.101128 0.211691 -0.076843
-0.0299524 -0.471835 0.143457
-0.101128 -0.395056 -0.0283146
0.269398 0.885013 0.999313
-0.101128 -0.885484 0.634384
-0.0299524 0.216919 0.580122
-0.101128 -0.662753 -0.0664092
0.126224 0.849465 0.432273
0.265012 -0.850751 -0.545744
0.322049 0.913043 -0.728469
-0.0299524 0.184352 0.686667
0.0318604 -0.845839 -0.294056
-0.0124993 0.913043 0.595702
0.275444 -0.850751 -0.999384
-0.101128 -0.505365 0.769309
-0.101128 -0.349512 -0.91944
-0.101128 -0.672203 0.414347
-0.101128 -0.607954 -0.392366
-0.0299524 0.032162 0.330272
0.185578 -0.914329 -0.907835
-0.0299524 -0.266123 -0.021526
-0.101128 -0.188619 -0.0587812
-0.101128 0.753303 0.573949
-0.0299524 -0.410516 0.411915
-0.0299524 0.181606 -0.0921071
-0.101128 0.452771 0.924278
0.185173 0.849465 0.825249
-0.0299524 0.452329 0.439706
0.284529 0.849465 -0.476675
-0.0299524 -0.297288 0.302447
-0.0299524 -0.502872 -0.775619
-0.0299524 -0.511121 -0.367622
-0.101128 -0.798503 -0.159014
-0.101128 0.210013 0.187138
-0.0156592 -0.914329 -0.765496
-0.0712711 0.913043 -0.0921046
-0.0299524 0.414805 0.218103
0.103633 -0.850751 0.158994
-0.055851 0.263074 -1
-0.0299524 -0.498272 0.561914
-0.0299524 -0.349245 0.874719
0.326725 0.892384 0.329596
-0.0299524 0.282876 -0.172764
-0.0299524 0.41793 -0.349932
-0.0661974 -0.914329 0.638682
0.181173 0.913043 -0.688416
-0.101128 -0.710265 0.486719
-0.101128 -0.691965 -0.0333375
-0.101128 -0.829414 0.347348
-0.101128 -0.55295 0.362884
-0.0299524 0.518412 0.0181625
0.326725 -0.911987 0.221918
-0.101128 -0.624676 0.771585
0.118502 0.913043 -0.654323
0.234341 -0.850751 0.808504
-0.101128 -0.0587782 -0.260193
0.0898379 -0.914329 -0.0751522
0.0413634 -0.914329 0.475834
-0.0299524 0.270526 0.476287
-0.101128 -0.878515 -0.914854
-0.0407851 0.913043 0.908261
-0.0299524 0.451258 -0.469439
-0.101128 0.468379 0.0672019
-0.101128 0.571376 0.566475
0.152719 0.849465 -0.823154
-0.101128 -0.168007 0.411093
-0.101128 -0.881467 -0.6752
0.0649993 0.913043 0.705222
-0.0299524 -0.325266 0.0153954
-0.101128 0.813572 0.131637
0.221503 -0.850751 -0.208994
0.152348 -0.850751 0.0570426
-0.101128 -0.227103 -0.181375
-0.0299524 0.606344 -0.814248
0.164674 0.913043 -0.509696
0.0288457 -0.914329 -0.775436
0.126817 -0.850751 -0.154493
-0.101128 0.180497 0.208209
-0.0299524 -0.464612 -0.685927
-0.101128 -0.416158 0.911748
-0.101128 -0.417344 -0.779856
0.301393 0.850127 0.216382
-0.0299524 0.477663 0.975204
-0.101128 0.101054 -0.0858305
-0.0299524 -0.749864 -0.983979
-0.101128 -0.426425 0.736621
-0.101128 -0.692798 0.676538
-0.101128 -0.460358 -0.230104
-0.0299524 -0.488206 -0.111506
-0.0299524 -0.0724458 -0.221074
-0.101128 0.88993 -0.669691
-0.00636771 -0.914329 -0.717683
0.255577 -0.914329 -0.394755
-0.101128 -0.706873 -0.63168
-0.101128 -0.696668 0.347261
-0.0299524 -0.225359 0.0801017
-0.0299524 -0.414754 -0.257704
-0.101128 0.0184166 0.614414
0.267267 0.849465 -0.88891
-0.101128 0.683606 -0.215195
-0.0299524 0.470714 -0.310916
-0.0683962 -0.914329 -0.195232
-0.101128 0.361409 0.723349
-0.101128 -0.276059 -0.644822
-0.101128 0.323496 -0.266774
0.285875 0.876615 -1
-0.0299524 0.0154679 -0.24271
-0.101128 0.238517 0.0951862
-0.0299524 0.614966 0.237153
-0.0299524 -0.187679 0.717395
-0.0299524 0.587578 0.108331
-0.0299524 0.212248 0.488735
-0.0299524 -0.431584 0.0440745
0.234459 0.913043 -0.740224
-0.0299524 0.211133 -0.429186
-0.0299524 -0.584007 0.725601
-0.101128 0.543647 0.131051
0.0950443 -0.850751 0.578904
-0.101128 0.54483 -0.859089
0.231189 0.913043 0.137156
-0.0299524 -0.29897 -0.279423
-0.101128 0.176674 0.313139
-0.101128 -0.288536 0.689203
-0.0299524 -0.595696 -0.632443
-0.0299524 0.506621 -0.200836
-0.101128 -0.503569 0.71011
-0.0299524 0.130359 0.127298
-0.0299524 -0.017326 -0.458448
-0.0299524 0.0209036 -0.899925
-0.0299524 0.247027 0.96558
-0.101128 0.279278 0.608881
-0.0534007 -0.679896 0.999313
-0.0299524 -0.182441 -0.921168
0.0293313 -0.914329 -0.297183
-0.101128 0.348156 0.489468
-0.0299524 -0.700269 -0.339766
0.292658 -0.914329 -0.893185
0.316547 -0.914329 -0.925226
0.147307 -0.850751 -0.516172
-0.0299524 0.28387 0.597924
-0.101128 0.614137 -0.965293
-0.101128 0.282587 0.966464
-0.0299524 -0.190163 0.953741
-0.0748585 0.301261 -1
-0.0299524 -0.2737 0.520052
-0.101128 -0.0838348 0.190555
0.147608 -0.914329 0.267805
-0.101128 0.106334 0.793614
-0.0299524 0.0517453 0.471105
0.0317478 -0.8458 0.984173
-0.0299524 -0.230793 0.339283
-0.0645891 -0.748874 -1
0.0253878 -0.843348 -0.239873
-0.0246897 -0.914329 -0.252675
-0.0299524 0.654587 0.996087
-0.101128 -0.770267 0.447999
-0.101128 -0.271741 -0.80321
-0.0299524 -0.424602 0.947207
-0.0299524 -0.672979 0.881903
-0.101128 0.121745 -0.519478
-0.0299524 0.515992 -0.876581
-0.0257985 -0.91349 0.999313
-0.0299524 -0.560221 0.871436
-0.0299524 -0.0800267 0.312078
0.325625 -0.874251 -0.905821
-0.101128 -0.852102 0.839857
0.307824 -0.853481 -0.279214
0.00375998 0.828976 0.34061
-0.101128 -0.431408 0.142343
0.0598076 -0.850737 -0.486694
-0.0299524 -0.0191038 -0.0185646
-0.0299524 0.413988 0.636123
-0.0259172 0.78495 -0.0838654
-0.0299524 0.292957 -0.492226
-0.0785081 -0.0178793 0.999313
-0.0299524 -0.115681 0.0512378
0.257144 -0.914329 0.855329
-0.101128 -0.217277 0.694822
-0.0299524 -0.728957 0.918425
-0.101128 -0.306688 -0.50091
0.0829065 0.913043 -0.45707
0.0577537 0.849391 0.129281
0.0346066 -0.914329 0.295763
-0.101128 -0.165956 -0.379897
-0.101128 0.485513 0.274321
0.326725 0.884457 -0.973283
0.152384 -0.850751 -0.68762
-0.101128 0.733076 -0.727464
-0.0299524 0.344364 -0.467828
-0.0299524 -0.24364 -0.359666
-0.101128 0.824523 0.237616
-0.0299524 -0.269989 -0.756364
-0.0739367 -0.714296 -1
-0.101128 0.0783225 -0.224323
-0.0299524 -0.413857 0.306368
-0.101128 0.0378764 -0.700197
-0.101128 -0.381134 0.87855
0.112927 0.913043 0.591186
0.325767 0.87351 0.237665
0.0137198 -0.914329 0.964003
-0.101128 -0.169794 -0.5092
-0.101128 0.0391016 -0.331075
0.156096 -0.850751 0.271946
-0.0299524 -0.6942 -0.991476
-0.0299524 -0.675437 -0.215946
-0.101128 0.479903 -0.872412
-0.0299524 -0.116364 -0.81528
-0.0572116 0.0257368 -1
-0.101128 -0.602364 -0.262895
0.171473 0.913043 -0.324831
-0.0179869 -0.804586 -0.631054
0.00876258 -0.834054 0.242633
-0.0299524 0.348859 0.58608
-0.0299524 0.333547 0.337149
0.293337 0.913043 0.0549435
-0.101128 0.487116 0.753415
0.0673992 0.849465 0.838733
-0.0299524 0.715238 0.156869
0.157565 -0.850751 0.198414
-0.101128 -0.91037 -0.803895
0.299561 0.913043 -0.395597
-0.101128 -0.477228 0.195547
0.167948 -0.914329 0.1654
0.0994304 -0.914329 -0.260028
-0.101128 -0.57804 0.515824
-0.0392792 -0.914329 0.590483
0.139525 0.913043 0.525956
-0.0401424 0.913043 -0.382606
-0.101128 -0.859419 -0.367714
0.0165424 -0.838972 0.797936
-0.0299485 -0.760225 0.154918
-0.100725 -0.914329 0.147992
-0.0280132 -0.778107 -0.00573856
0.299185 0.84975 -0.109741
-0.0299524 0.277145 0.0620133
0.138972 -0.914329 0.0478415
-0.0178954 -0.914329 -0.496166
-0.101128 0.0999787 -0.0176808
0.0660502 0.849465 -0.191253
0.244956 0.876372 -1
-0.101128 0.735577 0.492074
-0.0299524 0.405375 -0.571776
-0.0299524 -0.502327 0.337389
-0.0299524 0.323276 0.960903
-0.0299524 0.100478 -0.651386
-0.0733018 -0.914329 0.305313
-0.0299524 0.358866 -0.11342
-0.0299524 -0.13431 0.892851
-0.101128 -0.0678537 -0.382216
-0.0299524 -0.101837 0.643357
-0.101128 -0.885051 0.106111
0.045856 -0.914329 -0.707884
-0.101128 -0.422487 -0.595352
-0.101128 -0.306028 0.611428
0.20353 -0.914329 -0.845232
-0.0299524 0.11189 0.504346
-0.0299524 0.441778 0.367635
-0.0299524 0.724414 -0.737076
-0.0299524 0.452278 -0.20019
0.0460096 -0.849443 0.28348
0.154947 -0.850751 -0.200685
-0.101128 0.514934 0.724447
0.0966735 0.849465 -0.888759
-0.101128 0.621102 -0.46394
-0.0818085 0.913043 0.770118
-0.101128 -0.0845792 -0.735546
-0.101128 -0.0503447 -0.629483
-0.101128 0.299543 -0.800897
-0.101128 0.42519 -0.755919
-0.0299524 -0.24248 -0.576647
-0.0299524 -0.745234 0.451971
-0.101128 0.260983 0.753325
-0.0299524 -0.444548 -0.497198
-0.101128 -0.000760384 -0.269975
0.286731 -0.850751 -0.571965
-0.0299524 -0.725726 0.220877
-0.0299524 -0.302779 -0.375115
-0.0846853 0.913043 0.375107
-0.0299524 0.15362 0.87647
-0.0299524 -0.555549 -0.418951
0.230109 0.849465 0.928509
0.323646 -0.914329 -0.485285
-0.101128 -0.386185 0.311666
-0.101128 0.600356 0.629064
-0.101128 0.178516 -0.921525
-0.0299524 -0.317215 -0.863387
0.297351 -0.850843 -0.204742
-0.101128 0.323288 0.342579
0.290166 -0.914329 0.376027
-0.101128 0.270448 0.485146
-0.0299524 -0.711728 -0.597683
-0.0246935 0.788647 -0.422879
-0.0299524 0.706205 -0.228839
-0.101128 0.455448 0.182233
-0.0299524 -0.701191 0.246353
-0.0299524 0.35244 0.763918
0.0276999 0.843016 -0.142754
-0.0785905 0.913043 -0.275978
-0.101128 -0.648523 0.604641
0.202412 -0.890384 0.999313
-0.0299524 -0.357692 0.0693455
0.0123825 0.835193 0.76541
-0.101128 0.777982 0.33788
-0.0299524 -0.147795 -0.473653
-0.101128 -0.683065 -0.467357
-0.0299524 -0.488857 0.503437
0.171064 -0.914329 0.534681
-0.0299524 0.385859 -0.80279
-0.0299524 -0.348544 0.952351
0.0366573 -0.914329 -0.117515
-0.0299524 0.740408 0.0968935
0.127269 0.849465 -0.876553
-0.101128 0.0322764 0.516507
-0.101128 0.0834052 -0.642392
-0.101128 -0.77438 0.206795
0.0119762 0.857554 0.999313
0.00588319 0.913043 0.418175
0.13496 0.913043 0.456475
-0.101128 -0.16572 0.58861
-0.0299524 -0.220046 -0.115347
0.276687 -0.914329 0.0340405
-0.0299524 0.56531 -0.221718
0.294741 0.849465 -0.83544
-0.0299524 -0.288643 -0.967454
-0.0299524 0.661674 -0.930739
0.0285103 0.843334 0.817387
0.185168 -0.914329 -0.972686
-0.0216622 -0.797411 -0.0625685
-0.101128 -0.612615 -0.0647212
-0.101128 0.825997 -0.996478
0.0103795 -0.835168 -0.864077
0.0128234 0.835472 -0.899834
0.326725 0.904792 -0.79526
-0.101128 0.00208178 0.975732
0.198793 0.849465 -0.239241
0.15661 -0.914329 -0.10367
0.0790049 -0.850751 0.472131
-0.101128 0.746127 0.696973
0.0598595 0.913043 -0.315417
-0.101128 -0.821392 0.449104
0.022011 0.913043 -0.0127235
-0.101128 0.569757 0.965129
-0.0299524 0.56665 0.715842
0.256922 0.849465 0.647977
0.0444904 -0.84917 -0.415465
-0.0299524 0.637892 -0.160479
-0.0299524 0.237653 0.792495
-0.0409314 0.265391 0.999313
-0.0681237 -0.183918 0.999313
0.156032 0.913043 -0.270927
-0.101128 -0.886896 0.258051
0.281731 -0.914329 -0.511835
-0.101128 0.0725707 -0.290604
-0.101128 0.6066 0.0419828
-0.101128 -0.411557 0.668988
-0.101128 0.881445 0.999312
0.319605 -0.86249 0.533777
-0.0589929 0.913043 -0.188625
-0.0299524 -0.0689782 0.253718
-0.101128 -0.335246 0.111772
-0.0299524 -0.0970865 0.79389
0.239559 -0.850751 -0.475049
-0.0299524 -0.53934 0.463909
-0.101128 0.526798 0.404775
-0.101128 -0.368344 0.0356
-0.0299524 -0.478093 -0.973408
-0.101128 0.507373 0.672075
0.24202 -0.914329 0.0374124
-0.101128 0.334396 -0.791794
-0.0299524 0.29723 -0.969156
0.293885 0.913043 -0.339436
-0.101128 0.687028 0.0861935
-0.0299524 0.163097 -0.834191
-0.0299524 -0.444701 -0.0662638
-0.075369 -0.914329 -0.159732
-0.101128 0.247337 -0.523155
-0.0710373 0.0523679 0.999313
0.0285782 0.913043 -0.111432
-0.0299524 -0.531848 0.28595
-0.0299524 0.5345 -0.686934
-0.101128 0.0715781 0.925959
-0.101128 -0.734569 -0.166695
-0.101128 -0.352395 0.398038
-0.101128 0.161819 -0.0109529
0.255594 -0.914329 0.548174
-0.101128 -0.407845 -0.126509
-0.101128 -0.844089 -0.761383
0.221464 0.849465 -0.374327
0.148894 -0.850751 0.818055
-0.0299524 -0.471869 0.326646
-0.101128 0.648101 -0.437379
-0.0166107 -0.806922 0.989368
-0.101128 0.885289 -0.605425
0.142277 -0.850751 0.877088
-0.101128 0.359749 0.147804
-0.0299524 0.713904 0.614887
-0.0299524 0.540827 -0.150458
-0.101128 0.236778 -0.985078
-0.101128 -0.450639 0.481629
-0.101128 -0.828512 -0.953916
-0.0299524 0.0193223 -0.708315
-0.0299524 -0.396301 -0.206475
0.261812 -0.850751 -0.625168
-0.0299524 0.515023 0.0865409
-0.0299524 0.170031 0.539523
0.30505 -0.852403 -0.38405
-0.0299524 0.0904683 0.463659
-0.0299524 -0.0928155 -0.293386
-0.101128 -0.22817 -0.518316
-0.101128 0.673032 -0.692767
-0.0785632 0.913043 0.493894
0.326143 0.875199 -0.312454
-0.0294069 0.768065 -0.301175
-0.0565671 0.794307 -1
-0.0299524 0.0823672 -0.540458
-0.0299524 0.0723379 -0.591892
-0.101128 0.120024 0.0882522
-0.071121 -0.914329 -0.0186124
-0.0238254 -0.914329 -0.114055
-0.101128 0.783037 0.288332
-0.101128 0.397931 0.198108
-0.0299524 -0.540963 0.517242
0.198537 0.913043 0.232152
0.214197 0.913043 0.332955
0.0350213 0.845569 0.233483
-0.0299524 0.371847 0.926029
-0.0299524 -0.248592 0.0154006
0.0993784 -0.914329 -0.424615
-0.101128 -0.142032 0.218719
-0.00527974 -0.914329 -0.057423
-0.0299524 -0.296228 -0.822345
-0.101128 0.832345 -0.708587
-0.101128 0.584347 -0.80852
0.0367906 0.846084 0.672034
0.0490872 0.913043 -0.956556
-0.0299524 0.490503 0.698877
-0.0299524 -0.44758 0.507531
-0.101128 -0.422563 0.50544
-0.101128 0.559969 -0.543984
-0.101128 -0.26735 0.792327
-0.0299524 -0.383793 0.286605
-0.101128 0.522371 -0.433382
-0.101128 -0.40546 -0.0930513
0.268069 0.913043 -0.283285
-0.101128 -0.826418 -0.141714
-0.0299524 0.0817753 -0.257131
-0.101128 0.125194 0.965983
-0.101128 0.894037 -0.494093
-0.101128 0.179681 -0.36345
-0.0299524 0.227979 0.394065
0.142635 -0.914329 -0.565173
0.326725 -0.882582 -0.115437
-0.101128 -0.555863 -0.0323086
-0.101128 -0.674606 -0.969307
-0.026573 0.794653 0.999313
0.0959823 -0.850751 0.847303
0.179042 -0.914329 0.229293
-0.101128 0.134715 0.150535
0.289551 0.913043 -0.830406
-0.0952786 -0.624094 -1
-0.0299524 -0.201737 0.196654
-0.101128 -0.551045 -0.920245
0.221211 -0.914329 0.66165
-0.0299524 -0.471989 0.391925
0.00126777 0.826874 -0.75985
-0.101128 0.361955 -0.206775
-0.0299524 0.46256 0.749489
0.263875 -0.850751 -0.120819
0.0198816 0.839479 0.935172
0.0904938 -0.914329 0.321879
-0.0299524 0.488718 0.560524
-0.101128 0.694081 -0.338825
-0.0343936 0.913043 0.173936
-0.0299524 0.344607 0.400914
0.0835383 -0.850751 -0.867275
0.0699074 -0.850751 0.394307
0.0222258 -0.914329 -0.917555
-0.0299524 0.364208 -0.320213
-0.101128 -0.267246 0.000231272
-0.101128 -0.0774416 -0.959617
-0.0299524 0.544391 0.591356
-0.101128 0.166269 -0.196244
-0.101128 0.5643 0.347317
-0.101128 -0.123287 -0.671193
-0.0299524 -0.218449 0.13243
-0.101128 -0.685252 -0.234846
-0.101128 -0.453914 0.0845075
-0.0299524 -0.214633 -0.791776
-0.101128 0.726201 0.262724
-0.0299524 -0.172065 0.457722
-0.0299524 0.158753 -0.672928
0.107449 0.849465 0.458082
-0.101128 0.526287 -0.262023
-0.101128 -0.669816 0.239327
-0.0299524 -0.402552 -0.97038
-0.101128 -0.766415 -0.505801
0.0557491 -0.850575 0.744436
0.0273111 0.913043 -0.368186
-0.00651126 -0.914329 -0.434762
-0.0299524 -0.735327 -0.435028
-0.101128 -0.44293 -0.159435
-0.101128 -0.0567855 -0.228358
-0.101128 0.555529 0.916016
-0.101128 0.399715 -0.312615
-0.101128 0.485921 0.093835
-0.101128 0.165949 -0.664275
-0.0540779 -0.625466 0.999313
-0.0299524 0.130292 -0.386879
-0.0299524 -0.390945 -0.15755
0.152809 -0.850751 -0.0591686
-0.101128 -0.676558 -0.130077
0.300071 -0.914329 0.917327
-0.0299524 0.713002 -0.967935
-0.101128 -0.783753 0.254682
-0.101128 0.0489257 0.778893
-0.101128 -0.156601 0.838626
-0.0299524 0.460972 0.863114
0.133895 0.849465 0.984129
-0.101128 0.441353 0.636589
0.0938066 -0.914329 -0.805717
-0.101128 -0.463407 -0.423528
-0.101128 -0.347487 -0.395184
-0.0299524 -0.578942 0.762057
-0.101128 0.0629539 0.0335077
-0.1006 -0.914329 -0.527678
-0.101128 -0.211595 0.114197
0.0309006 0.913043 0.276036
-0.0299524 -0.466958 0.76049
0.2161 0.913043 0.365118
-0.101128 -0.311897 0.297102
-0.101128 0.209915 -0.0444599
-0.0299524 0.41596 -0.988001
0.146985 0.913043 0.20709
-0.0299524 0.67162 -0.832833
0.0833849 0.85676 -1
0.0363473 0.913043 0.398672
-0.101128 -0.176931 -0.804765
0.231197 -0.914329 0.716923
0.0217101 -0.841672 -0.960463
-0.101128 -0.445707 -0.752948
-0.101128 0.399922 0.808738
-0.0299524 0.740026 -0.867479
-0.0299524 -0.279037 0.627834
-0.0299524 -0.557818 0.336147
0.0844396 -0.914329 0.663197
-0.101128 0.312042 0.667994
0.102209 0.913043 0.386998
-0.0299524 -0.527987 -0.0796321
0.134925 -0.914329 -0.63112
-0.0299524 -0.670844 0.236756
-0.0299524 0.296135 0.228773
-0.0299524 -0.328135 0.97978
-0.101128 0.515534 0.833883
0.0799166 0.913043 0.182877
-0.101128 0.117869 -0.763008
-0.101128 -0.491686 0.830356
-0.0542969 -0.11715 -1
0.288312 -0.850751 -0.814041
-0.0299524 0.483395 0.488177
-0.0299524 -0.740616 -0.229839
-0.0717972 0.185606 -1
-0.0299524 -0.732203 -0.0572688
0.105892 -0.914329 -0.870592
-0.101128 0.313679 0.254531
-0.00655945 -0.820436 0.0423668
0.325876 0.873957 0.549445
-0.0299524 -0.344903 -0.32717
0.040745 -0.914329 0.797323
-0.0299524 0.371805 -0.0489401
-0.0643544 0.37579 -1
0.0128165 0.913043 -0.544515
-0.0453763 0.913043 -0.232409
0.196207 0.849465 -0.822694
-0.0299524 0.11292 0.695544
-0.0168921 0.805171 0.0968325
-0.101128 0.272489 -0.320376
-0.0299524 -0.382896 -0.486785
0.167929 0.849465 -0.703052
-0.101128 -0.292272 -0.911987
0.204153 0.913043 0.444094
-0.0299524 -0.0292553 -0.290523
-0.101128 0.428038 0.118413
-0.0299524 -0.392521 0.356239
-0.0184564 0.913043 0.473543
-0.101128 -0.907652 0.529935
0.124556 -0.914329 -0.917733
-0.00587663 0.819902 -0.33373
-0.101128 -0.502839 -0.137344
0.126079 0.849465 -0.644016
-0.0299524 -0.0875639 0.00163536
-0.0299524 0.235654 -0.817463
-0.101128 -0.163557 -0.632862
-0.101128 -0.0274343 -0.443802
0.326725 -0.88851 0.356568
0.257898 0.849465 -0.645372
0.0327458 0.913043 0.890686
-0.0299524 -0.380529 0.767396
-0.00579131 0.819994 -0.844003
-0.101128 -0.759717 -0.812953
-0.0701254 -0.914329 0.993996
-0.0299524 0.12297 0.856846
-0.101128 -0.693861 0.745871
-0.101128 -0.312957 0.498338
-0.101128 -0.404814 0.434282
-0.0299524 -0.135345 -0.578087
-0.0299524 0.0530879 0.216181
0.0702733 -0.914329 0.259543
-0.00797728 -0.914329 -0.663749
-0.101128 -0.489585 -0.612455
-0.0312947 0.712049 0.999313
0.237551 0.913043 0.262887
-0.0951756 -0.914329 0.866195
-0.0299524 0.594457 0.801267
-0.0299524 0.684561 -0.278961
-0.101128 -0.646139 -0.945906
-0.101128 0.512831 -0.822619
0.050692 0.848833 0.487038
-0.101128 0.0872824 -0.441902
-0.0299524 -0.390378 0.651721
0.172325 0.913043 -0.744562
-0.101128 0.208548 0.918857
-0.101128 0.84705 -0.953336
-0.0291062 0.770503 -0.238878
0.122596 0.849465 -0.99532
0.300322 0.913043 0.497482
-0.0299524 0.397044 -0.10014
0.0912017 -0.914329 0.143328
-0.0299524 -0.407741 0.904731
0.0182194 0.838609 0.614987
-0.0299524 0.0732134 0.711969
-0.0719253 -0.877024 -1
-0.019033 -0.914329 -0.85427
-0.0299524 0.320615 0.656533
0.0551217 -0.914329 0.73184
-0.101128 -0.189574 -0.447034
-0.101128 -0.36443 -0.506469
-0.0299524 0.400141 -0.500476
0.187792 0.849465 -0.98311
-0.0299524 0.519196 0.535833
0.234694 -0.850751 -0.692833
-0.0299524 -0.453299 -0.395011
-0.0299524 -0.178414 -0.627363
-0.0299524 0.472451 0.360643
0.147441 0.849465 -0.0901383
-0.0299524 0.379042 -0.375452
-0.101128 0.26339 0.181925
-0.0259771 0.784754 -0.966933
-0.0299524 0.473932 0.227344
-0.0299524 -0.565944 0.664361
-0.101128 0.0367551 0.199043
-0.0299524 0.523726 0.452301
-0.0299524 -0.758577 -0.544158
0.264926 -0.914329 -0.705521
0.32406 -0.869799 -0.709088
-0.101128 -0.685367 0.548268
-0.0299524 0.607582 -0.481057
-0.101128 0.699874 0.7502
-0.101128 -0.302712 -0.348948
-0.0299524 -0.0923459 0.355087
0.286616 -0.850751 0.588369
-0.101128 -0.0643941 0.974982
-0.101128 -0.0691402 -0.700842
-0.0299524 -0.00934481 0.849312
-0.0299524 0.454275 0.797886
-0.101128 -0.19692 0.310892
-0.0154506 -0.808776 0.340219
-0.101128 -0.183266 0.171042
-0.101128 0.742823 -0.11326
-0.0299524 -0.23856 -0.187164
-0.0299524 0.373497 0.850377
-0.101128 0.315306 -0.637127
-0.101128 0.712589 0.460869
-0.101128 0.85072 0.180373
0.271093 0.849465 0.720498
-0.101128 0.810756 0.605857
-0.0299524 -0.0197534 0.780316
-0.0299524 -0.0682204 0.65526
-0.0299524 -0.37614 -0.284459
-0.101128 -0.837941 0.589274
-0.101128 -0.239547 0.664778
0.198976 -0.850751 0.0293925
-0.101128 -0.817444 -0.663616
-0.101128 -0.783089 -0.913409
-0.101128 0.226648 0.743182
-0.0299524 -0.307449 0.182713
-0.101128 -0.678914 -0.431387
0.119588 0.849465 -0.038937
-0.0299524 0.246082 0.279685
0.111885 0.849465 0.161908
-0.0299524 -0.139411 0.760362
0.207415 -0.914329 0.562332
-0.101128 0.520946 0.300681
-0.0299524 0.0479432 0.506648
-0.0299524 0.709534 -0.628127
-0.101128 0.473093 0.0141935
0.0870948 0.913043 0.795824
-0.0299524 -0.587827 -0.585071
-0.101128 -0.493587 -0.0303548
-0.101128 -0.442697 -0.720827
-0.0299524 0.0230206 -0.771107
-0.101128 0.485496 -0.322594
-0.0299524 -0.562075 0.565717
-0.0127908 0.913043 0.316645
-0.101128 0.437512 -0.0877483
-0.00307318 0.822821 -0.696955
-0.101128 0.480985 0.798428
-0.101128 -0.276702 -0.302624
-0.101128 -0.779008 0.991316
-0.101128 -6.74731e-05 0.830904
-0.101128 -0.0416697 -0.932268
-0.0299524 0.436759 0.286983
0.0762942 -0.914329 -0.184579
0.0494293 0.848675 -0.0514841
-0.101128 0.566928 0.192472
-0.101128 0.848219 -0.530211
0.265827 -0.850751 0.49022
-0.0299524 0.414384 0.249338
-0.101128 -0.581463 -0.136381
-0.0299524 -0.499687 -0.912351
0.20892 0.913043 0.597758
-0.0299524 0.756476 0.562059
-0.0299524 0.414205 -0.472521
0.105968 -0.914329 0.483712
-0.0141968 -0.914329 0.10838
-0.101128 0.460999 0.526521
0.26732 -0.909959 -1
0.247045 0.849465 0.166134
-0.0299524 0.163189 0.344373
0.107018 -0.914329 0.811972
-0.101128 0.62681 0.0856657
-0.101128 0.384347 -0.803463
-0.101128 0.594043 0.860822
-0.0175227 -0.805392 0.0103364
-0.0299524 0.583501 0.412226
-0.101128 0.88241 -0.715052
-0.0299524 -0.478216 0.820085
-0.0299524 -0.09069 -0.468648
-0.0299524 -0.496832 0.673473
0.129058 -0.914329 -0.665224
0.150477 -0.850751 -0.429136
-0.0299524 -0.562785 -0.0288122
-0.101128 0.877582 -0.150263
-0.101128 0.72223 -0.393145
-0.0299524 0.356994 -0.98342
-0.101128 0.415804 0.697972
-0.0299524 0.718071 0.9367
0.0912525 -0.914329 -0.564317
-0.101128 -0.0936015 0.0218278
-0.101128 0.330871 -0.569699
0.0671612 -0.914329 -0.967483
-0.0299524 0.336748 -0.768115
0.0821361 0.849465 0.303546
-0.101128 0.396205 -0.572931
-0.00805345 0.913043 0.142296
-0.101128 0.416262 -0.534712
-0.0299524 -0.235106 0.467705
-0.0299524 -0.610811 -0.191859
-0.101128 0.623631 0.368547
-0.0299524 0.179135 -0.470109
-0.0299524 0.288946 0.0243764
-0.101128 0.224173 0.632628
-0.101128 -0.254652 -0.545708
0.272324 0.913043 -0.476327
-0.0299524 -0.596857 0.282277
-0.0299524 -0.140801 -0.247417
-0.101128 0.693037 -0.805694
-0.0773239 0.913043 -0.335672
0.205664 -0.850751 0.97117
-0.0261839 -0.914329 0.486146
-0.101128 0.431785 -0.664942
0.122847 -0.850751 -0.976284
-0.101128 -0.741187 0.153819
-0.0299524 -0.126657 0.130116
-0.101128 0.808727 0.440279
-0.101128 -0.175114 -0.919296
0.188193 0.849465 0.0618746
-0.101128 -0.181164 -0.693759
0.0346309 -0.914329 -0.148488
-0.101128 0.105478 -0.827119
0.0582081 0.849408 -0.544912
0.240226 -0.914329 0.0847233
-0.101128 -0.584017 0.0718112
-0.101128 0.279926 -0.972782
-0.0299524 -0.00124925 0.256704
-0.101128 0.689229 -0.524956
-0.101128 0.235917 -0.120033
-0.0299524 -0.713852 -0.00367983
-0.0299524 -0.727119 0.358905
0.170238 0.881551 0.999313
0.136215 0.849465 -0.496338
-0.101128 -0.304317 -0.972135
-0.101128 0.295 -0.395328
-0.101128 0.487048 0.490576
-0.0299524 -0.357464 0.310589
-0.0299524 0.172172 -0.956768
-0.0299524 0.559072 0.964039
-0.101128 -0.209776 -0.280806
-0.101128 -0.152262 0.285526
0.0385127 0.846548 -0.205185
-0.0214641 0.913043 -0.892562
0.0366679 0.846049 -0.254495
0.138834 0.913043 -0.170175
0.151236 -0.914329 -0.230606
-0.0299524 -0.122797 -0.194143
0.214 0.913043 0.982067
0.0168255 0.913043 -0.0548069
-0.101128 -0.632989 -0.506965
-0.101128 -0.420017 0.965631
-0.101128 0.00781311 0.210003
-0.0299524 -0.302173 0.996624
-0.0299524 -0.672735 -0.405332
-0.0299524 0.240711 0.437132
0.141685 0.913043 0.602598
0.326725 -0.885888 0.442059
-0.0299524 0.75716 0.665038
-0.018482 -0.914329 0.653888
-0.101128 0.779578 0.451567
-0.101128 0.347148 0.234514
-0.0299524 0.443592 0.0714096
0.326725 -0.902751 0.969925
-0.101128 0.676162 0.612693
0.308601 0.852552 -0.709674
-0.0299524 -0.124877 0.395049
-0.101128 -0.500436 -0.723989
-0.101128 0.779851 -0.0301842
-0.0365227 0.0210688 0.999313
0.0473599 0.848377 -0.316029
-0.101128 0.638757 0.56663
-0.101128 0.140315 -0.166997
-0.0744692 -0.246548 0.999313
0.089119 -0.850751 -0.438958
-0.0299524 -0.229862 0.518717
-0.0299524 -0.00998594 -0.078705
-0.101128 0.00748089 -0.655179
-0.0299524 0.398788 -0.713993
-0.101128 0.541675 0.243642
-0.101128 -0.106562 -0.522496
-0.0299524 -0.0705029 0.850312
-0.0299524 0.241001 0.499998
-0.101128 0.00844815 0.677025
-0.033638 0.913043 -0.444349
-0.0299524 -0.67868 -0.117755
-0.101128 0.264853 0.247825
-0.0299524 0.0215785 -0.565293
0.225384 -0.850751 0.186489
-0.0695072 0.486812 0.999313
-0.0299524 -0.575877 0.117975
-0.101128 0.307631 0.549194
0.262069 0.913043 -0.518698
-0.0299524 -0.710661 0.969028
0.142833 0.849465 0.287977
-0.101128 -0.142898 0.776109
-0.101128 0.799815 0.0933753
-0.0299524 0.226867 0.652341
0.0871943 -0.914329 -0.700041
-0.101128 0.257808 -0.0329515
-0.0299524 0.586764 0.350309
0.236554 -0.850751 -0.881396
-0.101128 -0.849572 -0.312948
-0.101128 0.178455 -0.856812
0.160029 0.913043 0.336111
-0.101128 0.383035 -0.914898
0.175796 -0.914329 0.299355
-0.101128 0.891574 -0.389371
-0.101128 -0.0276998 -0.860394
-0.0299502 0.758738 0.0721182
-0.101128 0.457117 -0.343632
0.00372615 0.913043 0.872144
-0.101128 0.00349552 0.497393
0.299609 -0.914329 -0.809249
-0.0299524 0.120873 0.791601
-0.0299524 0.590705 -0.935435
-0.0299524 0.360986 -0.542544
-0.101128 0.807982 -0.297736
-0.0299524 -0.506547 0.52949
-0.0299524 0.577146 0.216531
-0.068033 -0.914329 -0.703448
-0.0299524 0.67032 -0.489791
-0.101128 0.355537 0.548975
-0.101128 -0.0489832 0.453398
-0.101128 0.414988 -0.85476
-0.0299524 0.0295563 -0.106662
-0.0223424 0.913043 0.365164
-0.101128 0.802084 0.395929
0.212893 -0.914329 -0.220565
-0.101128 0.834467 -0.570203
-0.101128 0.774378 -0.136413
-0.101128 -0.648771 0.923131
0.0424469 0.847474 -0.485227
-0.101128 0.221404 -0.941649
-0.0621515 -0.914329 0.895361
-0.101128 0.205527 0.480183
-0.0299524 -0.467784 0.566589
0.163358 -0.914329 -0.261139
0.123021 0.849465 0.758725
-0.101128 -0.106463 0.165375
-0.101128 0.249141 0.442041
-0.0299524 -0.528228 -0.305354
-0.0299524 0.232575 0.713006
-0.101128 0.86476 0.315301
-0.0299524 0.502036 0.214801
0.300162 -0.914329 0.809587
-0.0299524 -0.567188 -0.91701
0.313835 -0.914329 -0.864566
-0.0299524 -0.464052 0.993488
-0.0299524 0.698386 0.0747205
0.0598103 -0.914329 0.200348
-0.101128 -0.804472 0.642448
-0.101128 0.395317 0.612427
-0.101128 -0.209533 -0.974532
-0.101128 -0.55002 0.529695
-0.0299524 0.0839951 -0.996888
-0.101128 -0.572531 0.823104
0.133677 -0.914329 -0.819375
-0.101128 0.263762 -0.588603
0.247069 -0.850751 0.840695
-0.0299524 -0.578756 -0.175644
0.00109259 -0.828007 0.937808
0.326181 0.875398 0.711687
-0.0299524 -0.649681 -0.833103
-0.0299524 0.7404 -0.247906
0.216767 0.913043 0.203238
-0.101128 0.41113 -0.892122
-0.0299524 0.196709 0.875098
0.0926352 -0.914329 -0.52511
-0.101128 0.356868 -0.128127
-0.0299524 0.577871 0.442381
-0.101128 0.629885 0.260096
-0.070906 0.250813 0.999313
0.296824 0.849521 -0.544076
-0.0299524 0.0151707 -0.404122
-0.0299524 -0.037321 0.636229
-0.0299524 -0.297511 -0.613498
-0.101128 -0.773859 -0.366841
-0.0299524 -0.586881 -0.812364
0.161919 -0.850751 -0.325241
0.326725 -0.889038 0.170603
-0.101128 0.573714 0.812369
-0.101128 0.590428 -0.0666647
-0.0299524 -0.331449 -0.801926
-0.0299524 0.137359 -0.0237385
-0.0299524 0.0370287 -0.430735
-0.0299252 -0.761612 -0.606062
0.043802 -0.914329 0.440765
0.0521443 -0.914329 0.089379
-0.101128 0.860825 0.11315
-0.101128 0.801442 -0.229103
0.164742 -0.914329 -0.54039
-0.101128 0.584652 -0.921528
0.0966924 -0.850751 -0.204817
0.222299 -0.850751 0.364979
0.2916 -0.850751 -0.144561
-0.0645966 -0.914329 0.742174
0.326725 0.886935 0.4938
-0.0299524 -0.616501 0.365536
-0.0299524 -0.297914 0.855405
-0.101128 -0.775802 0.0484785
0.0953436 -0.914329 -0.292747
0.292317 0.849465 0.0631859
0.0613508 0.913043 -0.732626
-0.0299524 0.423342 -0.746875
-0.0476091 -0.854767 0.999313
-0.0299524 -0.444364 -0.346125
-0.101128 0.462963 -0.393585
-0.0299524 0.234088 0.241925
-0.101128 -0.68104 -0.320055
0.0513992 -0.914329 -0.0226458
-0.101128 -0.880396 0.073265
0.169728 0.913043 -0.579628
-0.101128 0.658421 -0.127151
-0.101128 0.15602 0.708322
-0.0299524 -0.733443 -0.908322
0.259953 0.913043 -0.615534
-0.101128 -0.502639 0.0422982
-0.101128 -0.166649 -0.664979
-0.0299524 0.610415 -0.710464
-0.101128 0.667167 0.321818
-0.0299524 -0.40017 0.51921
0.241278 0.913043 0.307366
-0.0299524 -0.262844 -0.465653
-0.101128 0.841001 -0.886781
0.143591 -0.850751 -0.124437
-0.101128 0.704429 -0.159703
-0.101128 0.525568 -0.0583006
-0.0299524 -0.0800451 -0.567602
-0.101128 -0.786171 0.397997
-0.0299524 0.681122 -0.178674
-0.0299524 -0.0679297 0.586164
-0.0299524 0.0578811 -0.288124
0.195628 -0.850751 -0.283159
0.213112 -0.850751 -0.0305907
-0.101128 -0.848617 -0.920968
-0.029451 -0.768941 -0.109994
-0.101128 -0.495403 -0.559187
0.299341 0.849772 0.163115
-0.101128 0.0653975 0.331849
0.326637 -0.880182 0.873999
-0.101128 0.206424 0.258202
-0.101128 -0.442373 -0.0775774
-0.101128 -0.254809 0.0363384
-0.101128 -0.598163 -0.893598
-0.0299524 -0.287483 0.238264
-0.0299524 0.532779 -0.184784
0.326725 0.887701 -0.669697
-0.0299524 -0.669753 -0.733512
-0.0299524 -0.123604 0.494459
-0.0299524 -0.0634052 0.14857
0.19462 0.849465 -0.774416
-0.0299524 0.177757 0.773116
-0.101128 -0.680655 0.174647
-0.0739068 0.913043 -0.12971
0.25079 0.913043 -0.914655
-0.101128 -0.423035 -0.319759
-0.101128 0.662144 -0.918132
-0.0657508 0.913043 0.927991
0.0387521 0.846609 0.0230072
-0.0299524 -0.204564 0.28967
0.252663 0.849465 0.616125
-0.101128 -0.0378403 0.546384
-0.101128 -0.322669 0.556605
0.178781 -0.914329 0.679758
0.201756 0.849465 0.878423
0.323495 0.867293 0.86957
-0.101128 0.183932 -0.396599
0.131148 0.849465 -0.557731
-0.0696757 -0.205952 -1
0.244534 0.849465 -0.0263109
-0.101128 0.638737 -0.184314
-0.0299524 0.227705 -0.498269
-0.0299524 0.135672 -0.915295
-0.101128 0.23454 0.971822
-0.0299524 -0.412088 -0.563603
0.0396095 0.913043 0.481794
-0.0299524 -0.552725 0.180075
-0.0635329 0.195776 0.999313
-0.101128 0.350967 0.822657
-0.023241 0.792467 0.412462
0.0430918 -0.914329 -0.513338
0.209314 0.913043 -0.0858642
-0.0169149 -0.914329 -0.290285
-0.0299524 0.229383 -0.757297
0.0407455 -0.914329 0.83642
-0.101128 -0.593621 -0.968531
-0.0299524 0.308297 0.303242
0.297963 -0.914329 0.159847
0.177949 -0.850751 -0.941253
-0.0299524 -0.164519 0.136861
-0.0764654 0.913043 -0.00247837
-0.0288298 -0.773661 -0.337147
-0.0299524 -0.268951 -0.389068
-0.101128 0.824006 0.343968
-0.0299524 0.244133 -0.380168
-0.0299524 -0.325257 -0.448887
-0.101128 -0.143871 0.914527
-0.101128 0.830462 -0.398733
0.217933 -0.914329 -0.688945
-0.101128 -0.718858 0.630119
-0.0299524 -0.643133 0.47203
-0.0299524 0.681695 -0.210146
-0.0299524 -0.644294 -0.623394
-0.101128 0.888961 -0.975886
0.00881063 0.913043 0.722165
-0.0299524 -0.164137 0.39915
0.176336 -0.850751 -0.175769
-0.0299524 0.509217 -0.654654
0.326725 0.904747 -0.104148
-0.101128 -0.00120424 0.461433
-0.0299524 0.246762 -0.611808
-0.0997287 0.415772 -1
-0.0722594 0.913043 -0.444699
0.326725 0.88723 0.149591
-0.0299524 -0.566448 -0.641109
-0.101128 -0.349008 -0.247781
-0.0299524 0.599927 0.025593
-0.0299524 0.015302 -0.46054
-0.0292969 -0.770308 0.943785
-0.0284402 0.774651 -0.465299
-0.0196424 0.800259 -0.289832
-0.0299524 0.11823 0.603481
-0.101128 0.76033 0.868562
-0.0299524 0.180004 0.819363
0.0549281 0.913043 0.623737
0.0928476 -0.850751 -0.681985
-0.101128 0.482789 0.872473
-0.101128 -0.416367 -0.259781
-0.101128 -0.748511 -0.267899
-0.0299524 -0.130515 0.211037
-0.0299524 -0.71768 -0.567352
-0.0339529 -0.914329 -0.931121
0.231331 -0.850751 -0.126313
-0.0299524 0.145561 -0.574493
-0.0169028 -0.806439 -0.133916
-0.101128 -0.881283 -0.120168
0.229461 0.849465 -0.210629
-0.101128 0.742372 0.219284
-0.101128 -0.228747 0.0545515
0.181256 -0.850751 -0.573304
-0.0299524 -0.0497812 -0.0902077
0.121918 -0.850751 -0.471894
-0.0299524 0.257193 0.649798
-0.0299524 -0.195267 -0.331956
0.268267 0.849465 -0.516883
-0.0299524 -0.725554 -0.117818
-0.101128 -0.153178 -0.013995
-0.101128 -0.800197 0.801532
-0.0299524 0.581072 -0.657892
-0.0205043 -0.799845 0.695182
0.278896 -0.914329 0.443526
-0.0596905 -0.914329 -0.076546
-0.101128 -0.640802 0.488557
-0.101128 -0.838105 0.0566167
-0.0299524 0.491048 0.860359
0.00213095 0.827619 0.278375
0.248092 0.913043 -0.222527
0.297211 0.849546 -0.252426
0.159019 -0.914329 0.477958
0.295347 -0.914329 0.681142
-0.0268404 -0.783025 0.730225
0.250892 0.849465 0.358311
-0.101128 -0.539615 0.766508
-0.0299524 -0.589257 0.0191262
-0.101128 -0.488354 0.744392
-0.101128 -0.638064 0.970187
-0.101128 0.116653 -0.264631
0.0262307 0.913043 -0.213164
0.317014 -0.859669 -0.627042
-0.0299524 0.591209 0.541512
-0.101128 -0.55972 -0.42443
-0.101128 -0.125678 0.109902
-0.101128 -0.524887 -0.317621
0.207615 0.849465 -0.412474
-0.101128 -0.729169 -0.416415
-0.0299524 -0.52639 0.659896
0.320066 -0.863072 0.0552076
-0.101128 -0.206085 -0.421819
-0.101128 -0.367557 -0.149584
-0.101128 -0.367456 0.516883
-0.0316469 0.913043 0.569933
-0.101128 0.362725 0.515846
0.0627519 -0.850751 0.65157
-0.0299524 0.326376 0.5199
0.326725 0.88191 0.933155
-0.0279082 -0.778601 -0.416978
-0.0299524 0.680492 0.255944
-0.101128 0.131502 0.309551
-0.101128 0.775163 -0.550112
0.0729444 -0.914329 0.918301
-0.101128 0.296159 0.201404
0.0010806 -0.827996 -0.419009
-0.0299524 -0.096841 0.0747208
-0.101128 0.787049 -0.852609
0.278298 0.849465 0.587141
-0.101128 -0.126313 -0.721927
-0.101128 0.29223 0.699769
-0.0299524 0.390519 -0.206699
-0.0299524 -0.502856 -0.0356734
-0.0299524 -0.587955 0.972526
-0.0917174 -0.400388 0.999313
-0.101128 0.300259 -0.865781
0.0071517 -0.832891 -0.160456
-0.0299524 -0.384215 -0.705253
-0.101128 0.498528 -0.477472
-0.0299524 0.725766 -0.439268
-0.101128 -0.815834 -0.471841
-0.101128 -0.0170868 0.394165
-0.0299524 -0.447415 -0.881195
-0.0299524 0.352173 0.47367
0.172452 0.849465 0.309789
-0.0159435 0.806714 -0.396837
-0.0299524 -0.15808 -0.130426
0.164176 -0.914329 -0.000779195
0.217682 0.913043 -0.46779
-0.101128 0.0950971 0.215261
-0.0299524 0.0806547 0.635572
-0.101128 0.110902 0.488802
-0.101128 -0.883932 0.348487
0.151928 -0.850751 0.93233
-0.101128 0.504837 0.551702
-0.0299524 -0.311885 0.537119
-0.0299524 0.662786 -0.729101
-0.0299524 -0.379495 0.175953
0.255604 -0.850751 0.14285
0.273547 -0.850751 -0.171992
-0.101128 -0.652088 0.638781
-0.101128 -0.17696 0.520467
-0.101128 -0.575861 0.410302
-0.101128 0.653978 0.904095
-0.0299524 -0.703243 0.936635
0.264807 -0.850751 0.644904
0.263311 -0.914329 -0.18623
0.326725 -0.896836 0.763673
-0.101128 -0.367451 0.335102
-0.101128 0.480502 -0.907388
-0.101128 0.332005 0.311706
-0.101128 0.265034 -0.680201
-0.101128 0.762893 0.16767
-0.101128 0.252654 0.535467
-0.101128 -0.573227 -0.862218
0.207702 -0.914329 0.936333
0.276885 0.849465 0.985047
-0.0299524 0.689025 -0.771444
-0.0299524 -0.692889 -0.464013
-0.101128 -0.242546 0.200661
-0.101128 0.733008 -0.175527
-0.00676814 0.818917 -0.636537
-0.0299524 -0.524363 0.218208
0.284726 -0.914329 -0.448729
0.00386023 0.913043 0.935394
-0.101128 -0.545949 -0.572388
-0.0660236 0.913043 -0.92218
0.299373 0.913043 0.343109
-0.0299524 0.239154 0.933826
-0.0299524 0.266587 -0.279636
0.0693692 0.849465 0.702462
-0.101128 -0.897639 -0.169342
-0.101128 -0.330561 0.221539
-0.101128 -0.530278 0.00229849
-0.0299524 -0.531663 0.386006
0.0121758 -0.914329 0.783328
-0.0601386 0.913043 0.793112
-0.101128 0.619865 -0.0228404
0.0972064 0.849465 0.216744
-0.0299524 -0.584954 -0.710058
-0.0299524 -0.628757 0.160288
0.0893951 -0.850751 -0.71781
0.306336 -0.914329 -0.538907
-0.101128 0.464999 -0.53397
-0.101128 -0.197942 0.00257583
-0.0299524 -0.605594 0.584866
-0.101128 0.605743 0.768323
-0.101128 0.860704 -0.315668
-0.09741 0.733931 -1
-0.101128 -0.847354 -0.19798
-0.0299524 -0.0400047 0.89157
0.230636 -0.914329 -0.190651
-0.101128 -0.45701 -0.846346
0.121758 -0.850751 -0.541772
0.244514 -0.914329 -0.79514
-0.0299524 -0.610497 -0.40325
0.187751 0.913043 -0.415536
0.302652 0.850416 -0.386726
0.223372 -0.886527 -1
-0.101128 0.380839 -0.75409
-0.0299524 0.442133 0.697574
-0.101128 0.136343 0.0287351
-0.101128 0.520016 -0.122222
-0.101128 -0.137569 -0.0990393
0.287773 -0.914329 0.532392
-0.101128 -0.560079 0.674698
0.192008 -0.914329 -0.160129
-0.0299524 -0.0985494 -0.0607904
-0.101128 0.621975 0.46963
-0.0299524 0.744025 -0.186033
-0.101128 -0.331599 -0.329326
-0.101128 -0.333064 0.457394
-0.101128 0.428699 -0.956622
-0.101128 0.0188709 0.546753
0.200056 -0.914329 0.819459
-0.101128 -0.749975 0.641482
-0.101128 -0.316831 0.0533159
-0.101128 -0.884426 0.778974
0.253967 -0.914329 0.20181
-0.0299524 0.708237 -0.31689
-0.0299524 -0.62858 0.26372
-0.0299524 -0.0799358 -0.979978
-0.0299524 0.0813649 0.563303
-0.0269643 0.913043 0.679876
-0.101128 0.538479 0.201344
-0.0299524 0.645238 -0.0509849
-0.0297773 -0.765036 -0.799146
-0.0299524 0.197622 -0.671891
-0.0299524 -0.419103 -0.134732
0.27649 -0.914329 0.0914113
-0.0299524 0.147855 0.479597
-0.101128 0.356389 -0.00415928
-0.0299524 0.144406 -0.985329
-0.101128 -0.296328 0.911265
-0.000917135 -0.826186 -0.0355055
-0.0299524 0.393443 -0.166021
-0.101128 -0.0467494 -0.791054
-0.0299524 0.218065 0.0337436
-0.0299524 0.119202 -0.77233
-0.0299524 -0.597828 -0.282543
0.295922 -0.914329 0.056736
-0.101128 0.852878 0.853528
-0.0299524 0.490098 0.306803
-0.101128 0.037433 -0.931439
-0.0299524 -0.210251 -0.157867
-0.101128 -0.280278 -0.193454
-0.0299524 0.629764 0.519473
-0.0299524 -0.343443 0.600814
0.0293938 -0.914329 -0.666112
-0.101128 -0.73707 -0.229391
-0.101128 -0.173676 0.788278
0.0445488 0.847894 -0.662488
-0.101128 -0.416666 -0.197801
-0.101128 0.437541 0.0656582
-0.101128 0.0670915 -0.162658
-0.083815 -0.209168 0.999313
-0.0299524 -0.243498 0.991664
-0.0299524 0.535417 -0.389323
-0.0299524 0.467308 -0.257146
-0.101128 -0.194424 -0.249078
0.326725 0.896742 0.752204
0.311385 0.913043 0.901149
-0.101128 -0.134359 -0.488806
-0.101128 -0.305679 -0.642463
-0.101128 -0.390761 0.0108679
0.154269 0.913043 0.274801
-0.101128 0.228419 -0.88388
-0.0685394 -0.649297 -1
-0.101128 -0.323005 0.796878
-0.101128 -0.195323 0.369873
-0.101128 0.460496 0.318711
0.266485 0.913043 -0.410171
-0.101128 -0.269272 0.862857
0.232475 0.849465 -0.982467
0.249276 0.913043 -0.872116
0.0102719 0.833809 0.512831
-0.0299524 0.401247 0.430105
-0.0299524 -0.34612 0.3991
-0.00768711 -0.819157 -0.101875
0.0816325 0.849465 -0.307682
-0.0299524 -0.0484471 -0.326317
-0.0299524 0.740171 0.338512
-0.101128 0.684956 -0.971994
0.0537686 0.913043 0.976459
0.326725 0.890558 -0.213588
-0.101128 -0.801501 -0.858084
-0.0299524 0.0562316 0.667035
-0.101128 0.210682 -0.326429
0.0984495 -0.914329 -0.672582
-0.101128 0.876431 0.00791257
0.129553 0.913043 0.749366
-0.101128 0.116846 -0.936466
-0.0299524 0.548163 -0.819519
0.107593 0.913043 0.841998
0.0364749 -0.914329 0.626134
-0.101128 -0.141827 0.0140775
-0.0299524 0.451364 0.0114519
-0.101128 0.283121 0.396887
-0.0299524 -0.454912 -0.015114
-0.0299524 0.14452 -0.610961
-0.101128 0.844241 0.213535
-0.101128 0.621057 0.161808
0.118148 0.913043 0.80473
-0.101128 0.0762926 0.461233
-0.0299524 -0.74112 0.715664
-0.0537109 -0.914329 -0.333125
0.227187 -0.850751 -0.178594
-0.0299524 -0.549793 0.809881
-0.101128 -0.529761 -0.262559
-0.101128 0.381901 -0.258139
-0.048855 0.913043 0.461685
-0.0299524 -0.0366143 -0.432693
-0.0299524 -0.750781 0.882201
-0.0299524 0.313525 0.849168
-0.101128 -0.735253 -0.0293654
-0.074301 0.0527826 -1
-0.0299524 0.406237 0.513169
0.204519 -0.914329 -0.267331
-0.101128 -0.538287 -0.473067
-0.0299524 0.596602 -0.872903
-0.000100278 -0.826939 0.574119
-0.0299524 -0.124444 0.698884
-0.0299524 -0.71012 0.190064
-0.0905003 -0.914329 0.434315
-0.0228099 -0.794797 0.913302
0.326725 -0.896963 -0.249569
-0.101128 -0.517098 0.157187
0.326725 0.886285 -0.929628
0.148878 -0.850751 0.531351
-0.101128 0.3225 -0.22879
0.0835957 0.913043 0.0182421
-0.0299524 -0.611219 -0.925491
-0.0299524 -0.629764 0.644953
-0.101128 -0.109424 -0.0499509
-0.0127541 0.811453 0.560082
0.155091 -0.850751 -0.622312
-0.101128 -0.670114 -0.690765
-0.101128 0.343267 -0.437471
-0.101128 -0.589998 -0.0209785
-0.0299524 0.678137 0.539869
0.110231 0.849465 -0.584986
-0.0299524 -0.687658 0.777524
-0.0299524 0.755921 0.954089
-0.0299524 -0.484624 0.970494
0.326725 -0.883548 -0.681784
-0.101128 0.0935248 0.578777
0.00648198 -0.832392 0.826113
-0.101128 0.32592 0.154437
-0.0299524 0.241211 -0.535313
0.159226 -0.914329 0.83015
0.209128 -0.914329 -0.444668
-0.101128 0.689577 0.722248
0.181454 0.913043 0.500721
-0.101128 -0.68562 -0.748047
0.0636131 -0.850751 0.221668
0.205591 -0.850751 0.742754
-0.00717255 0.913043 -0.175765
-0.0269269 -0.7827 0.826883
-0.101128 -0.239376 0.388489
0.211023 0.913043 -0.789372
-0.101128 0.0757904 0.677685
0.00135371 -0.828235 0.384554
-0.0229067 -0.794566 -0.526448
-0.0299524 -0.0365525 -0.930486
-0.101128 -0.244311 0.101941
-0.101128 -0.0881649 0.576011
0.137772 -0.914329 -0.487224
-0.101128 0.0577944 -0.0330756
-0.101128 0.414622 0.00287706
0.308912 -0.914329 0.291531
-0.101128 0.44835 0.698668
0.300742 0.849999 -0.902975
0.326725 -0.887326 -0.973637
0.0653523 -0.850751 0.256207
-0.0299524 -0.239096 -0.541393
-0.101128 0.214064 0.798765
-0.0294098 0.768039 -0.607012
-0.101128 0.152873 -0.351218
-0.101128 0.063355 -0.509314
-0.101128 -0.394628 -0.665531
-0.101128 0.777728 -0.789186
-0.0209151 -0.914329 -0.196671
-0.101128 0.426487 0.337955
0.0526157 -0.914329 -0.758056
0.0842257 -0.850751 -0.92867
-0.0299524 -0.190241 -0.585517
0.231674 0.913043 0.427653
0.209452 -0.850751 -0.997716
0.257441 0.849465 -0.76179
-0.101128 -0.26975 0.542625
0.290076 -0.850751 -0.755045
-0.101128 0.181828 -0.748358
0.307604 -0.853384 0.181522
0.233549 -0.914329 0.406021
-0.101128 -0.793229 -0.995709
-0.101128 -0.486142 -0.795896
-0.0289737 -0.77272 0.598398
-0.101128 -0.555994 0.0615896
-0.101128 0.735526 -0.29305
-0.0299524 0.0993959 -0.0637903
-0.00968851 -0.816761 -0.332018
-0.101128 0.200428 0.0913035
0.314255 -0.857295 0.715786
-0.0115938 0.913043 0.513963
-0.0299524 -0.357432 -0.136763
-0.0299524 -0.303702 -0.922
-0.101128 0.749764 0.369922
-0.101128 0.168566 0.27675
-0.0299524 0.291448 -0.0593252
-0.0584147 0.913043 0.861565
0.326725 -0.902645 0.93369
-0.101128 -0.782829 -0.60442
-0.0841207 -0.594939 -1
-0.101128 -0.780745 0.696443
-0.0713368 -0.17326 -1
0.0418325 -0.914329 -0.470584
-0.101128 -0.628747 -0.766175
-0.0299524 0.106588 -0.314301
-0.101128 -0.401839 0.641284
-0.101128 -0.694629 0.904131
-0.100772 -0.815725 0.999313
0.215111 0.913043 -0.364673
0.09382 0.913043 -0.854047
-0.101128 0.266159 0.0708584
-0.101128 0.00674606 0.0554495
-0.101128 0.761047 0.642131
0.188336 -0.850751 0.280606
0.323002 -0.914329 0.6392
-0.101128 0.14242 0.251303
-0.0299524 0.00563736 0.0615988
-0.101128 -0.43502 -0.981293
-0.0961894 0.130237 -1
-0.0299524 -0.663189 -0.464779
0.0780064 0.913043 -0.374043
-0.0299524 0.196821 -0.866053
0.077856 0.849465 -0.41158
-0.101128 -0.657053 0.823032
0.106825 -0.850751 -0.629581
-0.101128 0.749228 -0.459359
0.0532723 -0.850387 -0.681958
0.0790309 -0.914329 -0.102868
-0.101128 0.591966 0.108288
-0.0299524 0.0877914 0.0178349
-0.0299524 0.742811 0.427778
0.183655 0.849465 0.977074
-0.0299524 -0.635584 0.592813
-0.0299524 0.6208 0.970365
0.307279 -0.914329 0.457885
-0.0270676 -0.78216 0.0673285
0.291752 -0.850751 0.97786
-0.101128 0.42215 -0.600657
0.16382 0.849465 -0.925219
-0.039618 0.913043 0.331431
0.0119221 -0.914329 -0.239137
-0.101128 -0.515395 0.910004
-0.101128 0.0374832 -0.600894
0.103358 0.913043 0.97096
0.0909501 0.849465 -0.0971291
-0.101128 0.178917 -0.47652
-0.0299524 -0.152062 0.935036
-0.101128 0.734961 -0.693738
-0.0299524 -0.210562 -0.986152
-0.0299524 -0.328851 0.123225
-0.0299524 0.626149 0.861259
-0.101128 0.331594 -0.953011
0.20331 0.913043 -0.752141
-0.0299524 -0.675005 0.982289
-0.101128 -0.327763 0.756509
0.243464 -0.914329 -0.574018
0.0569471 0.913043 -0.0852078
-0.101128 0.257819 -0.180342
-0.0299524 -0.314847 0.757572
-0.101128 -0.252547 0.287634
-0.101128 0.589335 -0.125372
-0.0370645 -0.914329 0.0348464
-0.0299524 0.647683 0.544925
-0.101128 0.489115 0.392996
-0.101128 0.544863 0.987494
-0.0299524 -0.662302 -0.296069
0.246441 -0.850751 -0.406439
-0.101128 -0.224289 -0.647327
-0.101128 -0.541832 0.208703
-0.101128 0.00363491 -0.298865
-0.101128 -0.0680693 -0.444226
-0.101128 0.066791 -0.374693
-0.101128 -0.234478 -0.230418
0.161413 0.913043 0.891009
-0.101128 0.139301 -0.0295673
-0.101128 0.221633 -0.243554
-0.0299524 -0.0646629 0.759641
-0.0299524 -0.271157 -0.321372
-0.0299524 0.307874 0.0797725
-0.101128 0.639009 -0.813518
-0.0299524 0.0522098 -0.88444
-0.101128 -0.815751 -0.222053
-0.0299524 0.134603 -0.499354
-0.0299524 0.439323 -0.569701
-0.0299524 0.199592 -0.217888
-0.0299524 -0.107751 0.258178
-0.0299524 0.369107 0.992906
-0.0299524 -0.191754 -0.0113544
-0.101128 -0.76374 -0.322667
-0.0153173 0.807697 -0.185455
-0.0299524 0.154186 -0.244551
0.0190082 0.839027 -0.437249
-0.0299524 0.193881 -0.577657
-0.0299524 0.70971 0.674395
-0.0299524 0.201632 0.846355
0.14315 -0.850751 0.713932
0.0115672 -0.835955 -0.928518
-0.101128 0.473526 -0.123938
-0.101128 -0.788407 -0.661096
0.0660439 -0.914329 -0.882691
-0.101128 0.285103 -0.893144
-0.101128 -0.193303 -0.536218
-0.0299524 -0.65634 0.419983
-0.101128 -0.717401 0.42414
-0.0299524 -0.551166 -0.282416
-0.0299524 0.583912 -0.77202
-0.0299524 0.523633 -0.271598
-0.0299524 -0.0533433 0.0309307
-0.101128 -0.223178 0.556727
-0.0299524 -0.163748 0.236302
0.211944 0.849465 -0.270899
-0.0299524 -0.365084 -0.0509189
-0.0299524 -0.713544 0.0701076
-0.101128 -0.0780259 0.363997
-0.101128 0.64876 -0.645471
-0.0299524 0.516612 -0.489591
-0.101128 -0.686807 0.77412
-0.101128 -0.5683 0.338147
-0.101128 0.197873 0.983808
0.0173232 -0.914329 -0.608125
0.25546 -0.914329 -0.0554854
-0.0299524 -0.417786 0.739051
-0.0273918 0.779576 0.145201
0.235754 -0.914329 -0.855564
-0.0299524 -0.0975127 0.902752
-0.101128 0.101358 -0.116148
-0.0299524 -0.261869 0.0784151
-0.0299524 -0.348119 0.544734
-0.101128 -0.606057 -0.94088
-0.101128 -0.751614 0.317884
-0.0299524 -0.605639 -0.130595
-0.101128 -0.771285 -0.11755
-0.101128 0.636226 -0.102349
-0.0299524 0.310945 -0.156258
-0.022632 0.793931 0.33047
-0.101128 0.832843 -0.123111
-0.101128 -0.41381 0.606
-0.101128 -0.644613 -0.899207
0.259334 0.913043 0.387147
0.063247 0.849465 0.0608878
-0.101128 -0.559711 0.120639
0.106609 0.913043 -0.822726
-0.0299524 -0.403878 -0.103536
-0.101128 0.726461 -0.357942
-0.0299524 -0.368136 0.708899
0.0320636 0.913043 -0.815269
-0.0299524 -0.339471 -0.532441
0.316879 0.858253 0.433442
-0.0299524 -0.320439 0.089391
-0.101128 0.0543624 -0.797851
-0.0221526 0.795035 0.928488
-0.101128 0.884009 0.66054
-0.101128 -0.0997293 -0.780645
0.293134 0.913043 0.109646
0.0853993 -0.850751 -0.27751
0.0805279 0.849465 0.513268
-0.0299524 -0.441308 -0.559871
0.306962 0.851827 0.342651
0.276375 -0.850751 -0.887325
-0.0925806 0.913043 -0.878971
-0.0299524 -0.341074 -0.183136
-0.0299524 0.00805249 -0.962596
-0.101128 -0.334107 -0.971396
-0.101128 -0.586821 -0.525387
-0.0299524 -0.376227 0.102717
-0.0271387 0.780596 0.760715
-0.0299524 -0.684287 -0.873163
0.151844 0.913043 -0.927997
-0.101128 0.606049 -0.15403
-0.0299524 0.501393 -0.548882
0.207208 0.913043 -0.591373
-0.0299524 0.589409 -0.205584
0.205174 -0.850751 -0.349062
-0.0299524 -0.392391 -0.364333
0.0171765 0.913043 -0.910313
0.130657 0.849465 0.491715
-0.0299524 0.482912 -0.146731
-0.101128 -0.500269 -0.273406
0.0703273 0.913043 0.505457
-0.101128 0.0405554 -0.851756
-0.101128 -0.408404 -0.397226
-0.0311866 0.741033 0.999313
-0.0299524 0.681037 -0.571694
-0.0299524 0.0806143 -0.68517
-0.0299524 0.354011 -0.0252203
0.0725601 -0.850751 -0.241005
-0.0299524 0.612729 0.122924
0.268336 0.849465 0.780499
-0.101128 0.00411263 0.338594
-0.0299524 0.385865 0.0814987
0.149028 0.913043 -0.22024
0.0684899 -0.914329 -0.819729
-0.101128 0.266926 0.919757
0.222797 0.849465 -0.460045
-0.101128 0.754089 0.0685898
-0.0694925 -0.914329 0.832129
-0.0299524 0.039542 0.0837396
-0.0519425 0.913043 0.114939
-0.101128 0.736265 0.105691
-0.0299524 -0.610036 0.45804
-0.0299524 -0.0495616 -0.169869
-0.101128 0.475293 0.20325
-0.101128 -0.45272 0.384383
-0.101128 0.154018 0.404925
-0.101128 -0.57679 -0.228501
-0.101128 0.653242 0.973249
-0.0299524 0.649284 0.770228
-0.0299524 0.216987 0.688677
-0.101128 -0.885656 -0.865675
-0.101128 0.668991 -0.288928
0.271334 -0.850751 -0.0612504
-0.0299524 -0.0153525 -0.225738
-0.0299524 0.516294 -0.0969479
-0.101128 -0.321777 0.697486
-0.0299524 -0.00680807 0.408802
-0.0299524 0.0536418 0.969575
-0.0299524 0.657171 0.929728
-0.0299524 0.40496 -0.957018
-0.0760884 -0.914329 -0.126193
-0.0299524 0.0988337 0.429347
0.243097 0.849465 -0.106986
0.25392 -0.914329 0.144856
-0.0299524 -0.166797 0.77889
0.304856 0.913043 0.553618
-0.101128 0.147595 0.988247
0.12607 0.913043 0.292956
0.135669 0.849465 -0.693245
-0.101128 0.777765 0.904296
-0.101128 -0.792128 0.109108
-0.0299524 -0.590892 0.841706
-0.101128 -0.10054 0.736652
-0.0299524 -0.535151 0.314602
-0.101128 0.576895 0.294722
-0.0299524 -0.391154 0.992941
-0.101128 -0.60015 -0.189939
-0.101128 -0.122862 -0.461768
0.191915 -0.850751 -0.389294
0.102111 0.913043 -0.762933
-0.101128 0.855508 0.432649
-0.101128 0.377933 -0.10445
-0.0299524 -0.529296 0.853297
-0.0299524 0.194809 -0.50321
-0.101128 0.438815 -0.449293
-0.055119 -0.480963 0.999313
-0.0175104 0.804127 -0.141118
0.253913 -0.850751 -0.377145
-0.101128 0.62574 0.814979
-0.101128 -0.0987404 -0.843078
-0.101128 -0.672765 -0.396273
-0.101128 0.713583 0.838696
-0.101128 -0.830452 0.775577
0.326725 0.903806 0.793801
-0.101128 0.491601 -0.170901
-0.0299524 0.194067 -0.401711
-0.0296866 0.76506 -0.04765
-0.0299524 -0.449388 0.270183
0.174497 0.913043 0.941406
0.121692 -0.914329 0.252829
0.111897 0.849465 0.253991
0.265936 -0.850751 -0.778454
-0.0299524 0.111983 0.378194
0.00939555 -0.855756 0.999313
-0.0299524 0.698387 0.890154
0.18479 0.913043 -0.350993
-0.0299524 0.00913497 -0.34106
-0.101128 -0.473044 0.0128965
-0.0299524 -0.33626 -0.390486
-0.0299524 0.640574 0.576898
-0.0299524 -0.334724 0.802215
-0.0299524 -0.0528659 -0.833739
0.0466966 -0.914329 -0.61746
-0.0299524 0.187266 -0.546386
-0.0299524 -0.693297 0.0438444
-0.0299524 0.71852 -0.0806864
-0.101128 0.26796 -0.462484
0.00793133 0.832174 0.834054
-0.0299524 0.703237 0.385504
-0.0299524 0.496126 0.108186
-0.034886 -0.914329 -0.567252
-0.0299524 -0.206744 0.591376
-0.0299524 -0.113118 0.550786
0.295435 -0.914329 -0.343298
-0.101128 -0.344469 -0.80388
-0.0299524 -0.296078 -0.551667
0.0568889 -0.850639 0.491485
-0.0299524 -0.532926 -0.689826
0.269273 -0.914329 -0.824057
-0.0299524 -0.142688 0.0238287
-0.0299524 0.728535 -0.930372
-0.0299524 -0.757186 0.519896
-0.0299524 -0.0527886 -0.037511
0.0544002 -0.914329 -0.206061
-0.0299524 0.465707 -0.975025
-0.101128 0.208527 0.678858
-0.0299524 -0.506561 0.369943
-0.0299524 0.0325197 0.802769
0.116866 -0.886081 0.999313
-0.101128 -0.19148 0.629932
-0.101128 -0.729884 0.511562
-0.0299524 -0.398382 0.0473542
0.291449 0.849465 -0.992563
0.299647 0.913043 -0.710539
-0.0299524 0.00212717 0.119344
0.173166 -0.914329 -0.369092
-0.0299524 0.409223 -0.62085
0.326725 0.882004 -0.0650806
-0.101128 0.516571 0.155634
-0.101128 0.462211 -0.0441422
-0.0299524 -0.228821 -0.728125
-0.101128 0.165369 0.489094
-0.0299524 -0.469143 0.45069
-0.0299524 0.193786 0.243577
-0.0299524 0.00906212 0.0322122
-0.0299524 0.160775 -0.761138
0.263473 0.913043 0.799466
0.183149 0.849465 -0.146822
-0.0299524 0.0788288 0.990745
-0.0299524 -0.602031 0.898719
-0.101128 -0.643729 -0.218418
-0.101128 -0.137575 0.346854
-0.0299524 -0.058368 -0.880755
-0.101128 -0.144444 0.69719
-0.0299524 0.538869 0.562879
-0.101128 -0.513976 0.445438
-0.0299524 -0.0178107 -0.560556
0.211719 -0.914329 -0.0993183
-0.0149659 0.808236 0.813082
-0.0299524 0.453601 -0.680447
-0.101128 -0.409148 0.563323
-0.101128 -0.0302358 0.298253
0.326725 0.893611 0.384597
0.237725 -0.914329 0.981497
-0.101128 -0.841862 -0.577211
-0.0299524 0.717217 0.224912
-0.0299524 -0.439481 0.65066
-0.101128 -0.25147 -0.28396
-0.0783755 0.913043 -0.161264
-0.0299524 0.266093 -0.117943
-0.0299524 0.189758 0.128303
-0.0188904 0.801675 0.468937
0.206138 0.913043 0.534359
0.326725 0.887845 -0.152577
-0.0299524 -0.473779 -0.216494
0.119127 -0.914329 0.875521
-0.0299524 -0.418799 -0.0790999
-0.101128 0.0708542 -0.471121
0.122997 -0.914329 0.750357
-0.101128 -0.792547 0.298566
-0.101128 -0.461264 0.638942
-0.101128 0.659163 -0.0617856
-0.0299524 0.604562 -0.338047
-0.0268617 0.781659 0.512371
0.234229 0.849465 0.0405012
0.235664 -0.850751 0.488178
0.249052 -0.850751 0.262595
-0.101128 0.717942 0.345987
0.29757 0.849574 -0.0588782
-0.0299524 -0.0480779 0.697779
-0.0299524 -0.158283 0.623215
-0.101128 -0.387571 0.948396
-0.101128 -0.489902 0.57084
-0.075423 0.41371 0.999313
-0.101128 -0.5887 -0.469592
-0.0299524 0.529652 0.640688
-0.0299524 -0.124905 0.848261
-0.0299524 -0.329868 -0.750486
-0.101128 -0.307312 -0.0661424
-0.101128 -0.0454896 -0.162096
-0.101128 -0.398632 0.725408
0.0111364 -0.835672 -0.762576
-0.0299524 -0.424892 -0.858142
0.304585 -0.852251 0.228071
-0.101128 -0.502587 -0.0693399
-0.0247696 0.913043 0.789081
-0.0299524 0.14086 0.81683
0.161788 0.913043 0.386704
-0.101128 0.0574236 0.826603
-0.101128 -0.755122 0.0131158
-0.0299524 0.748955 0.714743
-0.0299524 -0.080088 -0.318923
-0.101128 -0.487295 -0.439875
-0.0299524 -0.0704373 0.978355
-0.0785168 -0.842749 -1
-0.101128 -0.837681 0.682252
0.181716 -0.850751 -0.45539
-0.101128 -0.700758 -0.114162
-0.0299524 0.289218 -0.520502
0.220001 -0.850751 0.245128
-0.0299524 0.162528 0.0317104
-0.101128 -0.621096 0.143153
-0.0299524 -0.196275 -0.235317
0.298555 -0.914329 0.992794
-0.101128 -0.381638 -0.745852
0.185962 -0.850751 -0.0174986
0.0682377 0.849465 -0.891867
0.210314 -0.914329 -0.32611
0.106156 -0.914329 0.983876
0.304364 -0.852181 0.0799076
-0.101128 0.306034 0.998801
-0.101128 0.0495851 0.406857
0.326725 0.911025 0.280182
-0.0299524 -0.263703 -0.138754
0.326706 -0.881453 -0.434579
-0.0299524 0.704619 0.752548
-0.0299524 0.189557 0.968484
-0.0780554 0.913043 0.577539
-0.101128 -0.542732 0.651272
-0.0466563 0.913043 -0.702966
-0.0425718 0.913043 -0.955587
-0.101128 -0.165403 -0.308799
-0.0361741 -0.914329 0.938703
-0.0299524 0.440875 0.651872
0.301596 -0.851456 -0.512458
-0.101128 -0.0833525 0.686965
-0.101128 0.707685 0.402445
-0.0232349 -0.914329 0.877197
-0.101128 0.651918 0.146302
-0.0299524 0.655796 0.0735579
0.326725 0.885678 -0.816327
-0.0299524 0.551904 -0.850148
0.0865369 -0.850751 0.94172
0.312895 -0.85631 -0.923854
0.309181 0.852835 0.618842
0.123089 0.849465 0.199891
0.170309 0.913043 -0.0414913
-0.0299524 0.0201528 -0.838416
-0.0299524 0.151331 0.0848904
-0.00812502 0.913043 0.961178
-0.101128 -0.786547 0.528038
-0.101128 -0.716387 -0.730465
0.0922353 0.849465 -0.234137
-0.101128 0.780231 0.609756
-0.0299524 0.742842 0.381712
0.133904 -0.914329 -0.97577
0.295363 0.912771 -1
-0.101128 0.372241 0.257442
0.0250053 0.841896 0.0816906
-0.0299524 -0.671117 -0.14596
-0.101128 0.0897843 -0.997393
-0.101128 -0.590428 -0.0824646
-0.0430853 0.913043 -0.513913
-0.101128 -0.869681 -0.400168
0.127577 -0.850751 0.0969776
-0.0299524 -0.41368 0.87445
0.111707 0.913043 0.655027
-0.101128 -0.00173322 -0.363799
0.309881 0.853197 -0.967633
-0.101128 -0.129928 -0.976961
-0.101128 -0.890393 0.166121
-0.0299524 0.0216784 0.638459
0.254675 0.913043 -0.564648
0.249303 0.849465 -0.929631
0.298995 0.913043 -0.122035
-0.0299524 0.503015 -0.441032
-0.101128 0.884015 0.531095
-0.101128 0.68194 0.46553
-0.101128 0.229751 -0.394782
-0.0299524 -0.693294 -0.24004
-0.101128 -0.737726 -0.878619
-0.101128 0.895947 0.492083
-0.101128 -0.151825 0.0480609
-0.0181549 0.803004 0.599862
-0.101128 -0.427304 -0.526837
-0.0299524 -0.439937 0.559055
-0.0299524 -0.714507 0.640409
0.084112 0.913043 0.576811
-0.101128 -0.0731101 0.131391
-0.0299524 0.409578 0.744752
0.205268 -0.850751 0.812761
-0.0299524 0.293059 0.906888
0.116991 -0.914329 0.366853
0.18525 0.849465 -0.108386
-0.0299524 -0.672485 0.920789
-0.101128 -0.804503 -0.015973
-0.0299524 0.0334599 -0.192647
0.0366305 -0.847325 0.560728
-0.0299524 -0.68097 0.815955
-0.0299524 0.638164 0.215019
-0.0150709 -0.809362 0.120459
-0.0299524 -0.259357 -0.975094
0.289399 -0.850751 0.831661
0.112071 0.849465 0.115958
0.24096 -0.850751 -0.661724
0.0567919 0.913043 0.301602
-0.0299524 0.0688551 -0.940057
-0.0299524 0.419223 0.0503735
-0.0299524 0.754731 -0.917484
0.0085087 0.913043 0.0808858
0.245776 0.849465 -0.70271
-0.101128 -0.434512 0.763772
-0.101128 -0.523941 -0.206716
-0.101128 -0.213361 -0.915037
0.0399936 0.913043 0.599669
-0.0299524 0.319499 -0.592631
-0.0299524 -0.412296 -0.518329
-0.0299524 0.0831051 -0.897013
-0.0323087 0.462998 0.999313
-0.101128 -0.575176 -0.676291
0.294875 0.849465 -0.0240509
-0.0299524 -0.624919 -0.891867
-0.0299524 0.222091 0.357713
-0.0299524 -0.70149 -0.503956
-0.101128 -0.331452 0.520769
0.175465 0.849465 0.159368
0.0227071 -0.905906 -1
-0.0299524 0.276824 0.566501
-0.101128 -0.708988 -0.277781
0.203781 0.913043 -0.910743
0.264862 0.913043 -0.681848
-0.101128 0.140648 -0.460117
-0.0211721 -0.798464 -0.435951
0.237201 -0.914329 0.77318
0.131806 -0.850751 -0.304291
-0.0299524 0.701874 -0.159466
-0.0299524 0.126013 0.749055
-0.101128 -0.843778 0.302414
-0.101128 0.524191 -0.388856
-0.0299524 -0.214556 -0.40758
0.0939427 0.849465 -0.934604
0.17495 0.849465 0.434943
-0.0803375 -0.914329 -0.37618
-0.0299524 0.528827 0.126868
0.0405627 -0.905471 0.999313
-0.0299524 0.706513 -0.665423
0.0963175 -0.850751 -0.0645586
-0.0299524 -0.675311 0.724331
-0.101128 -0.0540145 -0.494496
-0.0299524 -0.120367 0.360528
0.00102083 -0.914329 0.43424
-0.0299524 0.69909 -0.888739
-0.0299524 -0.412215 0.596642
-0.0299524 0.361377 -0.630921
-0.101128 -0.801682 0.191716
-0.0299524 -0.102994 -0.996262
-0.101128 0.302734 0.299721
0.149713 -0.914329 -0.783482
-0.101128 0.060086 0.214914
0.227101 0.913043 0.844469
-0.101128 -0.0267178 -0.33507
0.00183759 0.913043 -0.487468
-0.101128 0.0989796 -0.741211
0.269588 0.913043 -0.765811
0.325037 0.871032 -0.534791
-0.101128 0.63117 -0.383992
-0.0299524 -0.757972 -0.471091
-0.101128 -0.793112 -0.0657108
0.0560059 0.913043 0.167394
-0.101128 0.245738 -0.726206
-0.0862104 0.365805 0.999313
0.144598 0.849465 0.559828
0.0202976 -0.914329 0.389411
0.268199 0.913043 0.841999
-0.0299524 0.219665 -0.794249
-0.101128 -0.363417 -0.298098
0.25534 -0.880621 -1
-0.0299524 0.321414 -0.250602
-0.0763786 0.899287 -1
-0.0299524 -0.652361 -0.380008
0.27775 0.913043 0.752099
-0.101128 -0.148267 0.179589
-0.101128 -0.396401 -0.973058
0.170157 0.849465 -0.452508
-0.0611036 -0.717021 0.999313
-0.0299524 -0.367748 0.492586
0.14572 0.913043 -0.477082
-0.101128 -0.746053 -0.192413
0.28958 0.913043 0.285442
0.264307 0.849465 -0.232078
0.326682 0.879606 0.997231
0.27152 -0.914329 0.971001
-0.0299524 -0.172358 0.0770542
0.127675 0.849465 0.606012
-0.101128 0.123037 -0.370441
-0.101128 -0.198023 -0.85794
-0.0299524 -0.650301 0.0395772
-0.101128 0.575329 0.163682
-0.0299524 -0.493794 0.176876
-0.077476 -0.0694317 -1
0.0380132 -0.847703 0.884296
-0.0299524 0.058623 -0.966425
-0.101128 -0.276278 -0.484041
-0.101128 -0.438262 -0.820681
-0.0299524 0.307 -0.421997
-0.101128 -0.198406 -0.579645
-0.0299524 -0.248924 0.194761
0.137107 0.849465 -0.308594
-0.0299524 0.609097 -0.427501
0.272111 -0.914329 -0.323398
-0.101128 -0.316111 -0.689505
0.277625 -0.914329 -0.00979847
-0.101128 -0.492007 0.684486
0.131202 -0.850751 -0.217778
-0.0299524 0.598396 0.869811
-0.101128 0.432771 -0.185305
-0.0299524 0.279546 0.172111
-0.101128 0.654918 -0.853606
0.316625 -0.859299 0.349648
-0.0299524 -0.321757 0.448754
-0.0118459 0.812694 0.877222
0.217499 -0.914329 -0.506702
0.226985 0.913043 0.936214
-0.101128 -0.52284 0.846103
-0.0344401 0.644367 -1
0.0945841 -0.914329 -0.776454
0.202411 -0.914329 -0.614229
-0.0299524 0.701915 0.825758
0.203622 0.849465 -0.932137
-0.101128 -0.00327566 0.739993
-0.101128 -0.164194 0.972352
-0.101128 0.779625 0.0322809
-0.0299524 0.432527 -0.921557
-0.101128 -0.283251 0.373603
-0.0299524 -0.258973 0.281439
-0.0299524 0.294808 0.257959
-0.101128 -0.236685 -0.345613
-0.101128 0.580763 0.748851
-0.0299524 0.188071 -0.350689
-0.0734994 -0.914329 0.665916
0.0277464 0.913043 0.218613
-0.101128 0.330872 -0.74797
-0.101128 -0.257583 -0.434996
-0.101128 0.016328 -0.502329
0.314053 0.913043 -0.916636
0.326468 -0.878507 -0.797538
-0.0593325 -0.914329 0.711306
-0.101128 0.841782 -0.0417527
-0.0299524 -0.68367 0.594788
-0.0299524 0.178566 -0.193034
0.285608 -0.850751 0.0228212
-0.0530657 -0.914329 -0.670898
-0.0678541 -0.914329 -0.514871
0.259428 -0.914329 -0.425954
-0.101128 0.313272 -0.0935065
-0.0299524 0.276885 -0.757132
-0.0299524 0.00147817 0.801859
-0.0299524 -0.320558 0.351721
-0.0299524 -0.31512 0.212416
-0.101128 0.329534 0.644197
-0.0299524 -0.571944 0.944701
-0.101128 0.27878 0.55157
-0.027873 0.777478 -0.865245
-0.0299524 0.291311 -0.875993
-0.0299524 0.363415 0.201682
-0.101128 -0.0133944 -0.569963
-0.0299524 0.244192 0.0732024
-0.0368604 0.591645 -1
-0.0274829 -0.780481 -0.929243
0.22324 -0.914329 0.632289
0.168946 -0.914329 0.451639
0.119187 -0.914329 -0.199447
0.326725 -0.897562 0.105935
-0.101128 -0.74708 0.0759685
-0.101128 -0.611003 0.103356
-0.101128 0.646367 -0.678787
-0.101128 0.0829126 0.626552
-0.0299524 -0.353078 -0.252983
-0.101128 0.557036 -0.926183
-0.101128 0.322024 0.190669
-0.0418309 0.913043 0.00177357
-0.101128 -0.332318 -0.451526
-0.101128 0.737277 -0.493358
-0.0299524 -0.0539343 0.379596
0.152727 0.849465 0.0983497
-0.0299524 -0.737244 -0.795797
-0.101128 -0.843195 0.539123
0.0665312 0.849465 0.00195886
-0.101128 0.200802 -0.176609
0.220738 -0.850751 0.868768
-0.101128 -0.891009 0.915932
-0.0169314 -0.806392 0.633744
-0.0299524 -0.201451 -0.534295
0.067437 0.849465 0.779395
0.0925636 0.849465 -0.206161
-0.101128 -0.236925 -0.481984
-0.101128 0.688698 0.52223
-0.066431 0.913043 -0.488679
-0.028928 0.913043 0.414324
0.220723 0.913043 -0.559506
0.326725 -0.889903 0.605325
0.00318936 -0.829794 0.51972
-0.0241107 -0.791528 -0.792232
-0.0299524 -0.52231 0.718143
0.0437876 0.913043 -0.75848
-0.0299524 -0.50558 -0.636304
-0.0941967 0.913043 0.554587
-0.100284 0.913043 -0.608657
-0.101128 0.578925 0.509095
-0.101128 -0.402456 -0.494331
0.177576 -0.914329 -0.490328
-0.0299524 0.0419181 -0.146087
-0.101128 -0.570586 -0.290517
-0.101128 0.374096 0.285696
0.117714 -0.850751 -0.113882
0.0435811 0.847707 -0.0811842
-0.0287509 -0.774151 0.249005
-0.0299524 0.373792 0.378242
0.170154 0.849465 0.735978
-0.101128 0.838567 -0.473094
-0.101128 0.894403 -0.813955
-0.0299524 -0.235238 0.306638
0.290166 0.849465 -0.138403
-0.101128 -0.529367 0.422122
-0.0299524 0.181622 -0.789845
-0.0299524 0.689174 -0.0163296
-0.0299524 0.198646 0.296184
0.181141 -0.850751 -0.632391
-0.0299524 -0.62608 -0.33064
-0.0299524 0.748693 -0.814188
0.18938 0.913043 0.634806
-0.101128 -0.00312037 -0.135365
0.0195829 0.913043 0.771216
-0.101128 0.839908 0.471189
-0.101128 -0.444317 0.301489
0.0634406 -0.852272 0.999313
-0.0958155 0.913043 -0.53899
-0.101128 0.847377 -0.770246
-0.101128 -0.429879 -0.641001
-0.101128 0.468585 -0.496728
-0.0299524 0.730506 -0.840793
0.162954 0.849465 -0.25576
-0.0299524 0.663387 0.896765
-0.0299524 -0.664518 0.447186
-0.101128 -0.455716 -0.507137
-0.0982645 -0.914329 -0.837705
-0.0299524 0.740818 0.00483311
-0.101128 -0.589329 0.911802
-0.0248328 0.913043 -0.0959318
-0.101128 0.0907024 0.120769
-0.101128 0.294919 0.839504
0.127206 0.913043 -0.864209
0.261328 0.913043 0.00588427
-0.0299524 -0.631197 -0.278058
-0.00393268 0.821953 -0.450849
-0.0299524 0.632617 -0.912657
-0.101128 0.79706 -0.495333
0.319481 -0.914329 -0.0699783
-0.000887871 0.824928 0.467242
0.0943168 -0.900223 -1
0.325523 0.872597 0.683958
0.263053 0.913043 -0.80784
-0.101128 -0.721803 0.803519
-0.101128 -0.380191 0.284478
0.15205 -0.850751 0.782029
-0.101128 -0.541044 -0.106271
0.0544275 -0.914329 -0.568646
-0.0299524 0.537166 0.322165
-0.0299524 0.212893 0.456352
0.0504472 -0.914329 0.564497
0.0254987 -0.843395 0.739303
0.185608 -0.914329 0.0527518
0.0269968 0.913043 0.0501924
0.116528 0.913043 -0.0218731
-0.0299524 -0.00211956 0.904878
-0.0251418 -0.788639 -0.759613
-0.0299524 -0.276142 -0.802922
-0.0299524 0.0914498 0.808346
0.326306 0.876109 0.0607049
-0.0299524 -0.465642 0.92249
0.326725 -0.884533 0.55931
-0.101128 0.807877 -0.647289
0.254097 0.849465 0.87091
-0.101128 -0.106758 -0.206333
-0.0299524 0.234935 -0.0345132
0.169013 0.913043 -0.537171
0.0978845 0.913043 -0.677232
-0.0299524 -0.205153 -0.464532
-0.0299524 0.387243 -0.844606
-0.0299524 0.102529 0.266234
-0.0299524 -0.614694 -0.431258
-0.101128 -0.647536 0.0619127
0.106618 -0.914329 0.646468
-0.0299524 0.264105 -0.857156
-0.0299524 0.377511 -0.905081
-0.101128 -0.624399 0.321615
0.00289995 0.828268 0.174041
-0.101128 0.268142 -0.0587294
-0.0299524 0.462451 0.202057
0.257112 0.849465 -0.821519
-0.101128 -0.243492 0.23189
0.147035 -0.850751 -0.487292
0.159103 0.913043 0.636673
0.0881724 0.913043 -0.343877
-0.0831413 0.599712 0.999313
-0.0241524 0.790131 -0.495103
-0.0299524 -0.246173 0.881885
-0.101128 0.676201 0.928265
-0.101128 0.476788 -0.758666
-0.101128 0.155062 0.219308
0.105367 -0.850751 -0.332885
-0.101128 0.867152 -0.0890057
-0.0299524 -0.50186 0.900992
-0.0686412 0.913043 0.167381
-0.0299524 -0.479865 0.24386
0.073971 -0.850751 0.789484
-0.0288841 -0.773314 -0.0782057
0.11293 -0.914329 -0.348816
0.105978 -0.850751 0.0326625
0.242127 -0.914329 0.803863
0.0770166 0.849465 0.984195
-0.0299524 -0.695289 0.387931
0.147199 -0.883413 -1
-0.0299524 -0.221695 -0.831
-0.101128 0.675615 -0.386547
0.123909 -0.914329 0.399607
-0.0299524 -0.724048 0.424766
0.272993 -0.850751 -0.282591
-0.101128 -0.297574 0.320821
-0.101128 0.518525 -0.670544
-0.0299524 0.382675 0.646143
-0.0299524 -0.440364 -0.195371
0.185124 0.913043 0.0149064
-0.101128 -0.548053 0.595358
-0.0299524 0.615048 -0.255323
0.318553 -0.88609 0.999313
-0.101128 0.370656 -0.504002
-0.101128 0.0418726 0.930765
-0.101128 -0.340543 -0.184829
-0.100256 -0.914329 0.581814
0.172818 -0.850751 0.226121
0.0542265 -0.850468 0.163488
-0.101128 -0.908884 0.960301
0.29227 -0.850751 0.363965
-0.0814661 -0.914329 -0.26148
-0.0299524 0.333571 0.187424
0.277621 0.849465 -0.443755
-0.0299524 -0.00606137 0.941268
0.0849311 0.913043 -0.90165
-0.101128 -0.319395 -0.54838
-0.0299524 -0.273242 0.109679
-0.101128 0.593327 -0.212746
-0.101128 -0.24249 -0.577737
0.0149837 -0.838073 -0.323315
-0.0262797 0.783741 -0.72009
-0.0299524 0.702564 -0.373808
-0.0299524 -0.139208 -0.718213
-0.101128 -0.831919 -0.0259508
0.179813 0.913043 -0.0978268
0.206254 -0.914329 0.274769
-0.101128 0.413368 0.636797
-0.0299524 0.295224 0.506014
0.0661068 0.913043 0.849217
-0.101128 0.232822 -0.46199
-0.0299524 -0.243445 -0.214646
0.2208 0.849465 -0.499019
-0.101128 0.512491 0.937208
-0.101128 -0.563028 -0.733886
0.0983913 0.913043 0.545213
-0.0299524 0.176247 0.386671
-0.0299524 0.0976517 0.0745097
-0.101128 -0.0634559 -0.304584
-0.0258224 0.785256 -0.93932
-0.0299524 -0.0931742 0.669579
0.00871997 -0.914329 0.842237
-0.0299524 0.00251091 0.748215
0.0307663 0.879642 0.999313
-0.0634384 0.913043 -0.543529
-0.101128 -0.0782831 0.766421
-0.101128 0.204841 -0.147033
-0.101128 0.401775 0.227207
-0.101128 0.0343152 0.000771193
-0.101128 -0.783513 -0.269454
-0.0299524 0.729847 -0.512001
-0.0299524 -0.220149 -0.885113
-0.101128 0.71711 -0.132851
0.228733 0.913043 -0.853625
-0.101128 0.036483 -0.561548
-0.101128 0.363731 -0.315025
-0.0299524 0.104052 -0.8632
0.085482 0.913043 0.450323
-0.101128 -0.0813493 -0.169048
-0.0778146 0.913043 -0.395397
-0.101128 0.29198 -0.145249
0.0825627 0.913043 0.0630007
-0.101128 -0.536544 -0.171797
-0.101128 0.244882 -0.927204
-0.0299524 -0.325266 0.861122
-0.101128 -0.0330846 -0.271846
-0.101128 0.419729 0.751785
-0.0299524 0.649962 -0.390377
-0.101128 0.548471 -0.758956
-0.0413268 0.521741 -1
-0.00176986 0.913043 0.0265085
0.299492 0.849793 0.393932
-0.0299524 -0.579381 -0.14697
-0.101128 -0.59982 0.570633
0.280669 0.849465 -0.2998
-0.101128 -0.132891 -0.153243
-0.0299524 0.573943 -0.251248
-0.101128 0.675547 -0.439785
-0.0299524 0.591458 -0.0720044
-0.101128 -0.750902 0.390099
-0.0299524 0.683678 0.732073
-0.0299524 0.0777156 0.37145
-0.101128 0.59543 0.532762
0.199377 0.849465 -0.00309364
0.324941 -0.872039 -0.878386
-0.101128 -0.333951 0.167618
-0.00787127 -0.818943 0.278376
0.0290819 0.843552 0.789868
0.212148 -0.914329 0.499738
-0.101128 -0.230212 -0.936799
-0.0299524 0.405814 0.86775
-0.101128 0.312921 -0.918738
-0.101128 0.459731 -0.635449
0.253383 -0.914329 -0.976675
-0.101128 0.62254 -0.870422
-0.101128 -0.368944 0.631293
0.198338 -0.914329 0.355093
-0.101128 0.708042 -0.22816
-0.101128 -0.318114 -0.293844
0.16467 0.849465 -0.512706
-0.0299524 -0.192492 0.428903
-0.0299524 0.429001 0.113242
-0.101128 0.37575 0.349958
-0.0299524 0.333435 -0.093704
0.139376 0.881673 -1
-0.101128 0.709869 0.684582
-0.101128 -0.241852 -0.0876697
0.243865 -0.850751 -0.727787
0.0600833 -0.914329 -0.346298
0.227794 0.849465 0.661187
0.184945 0.913043 -0.450675
-0.101128 -0.715513 -0.52604
0.288832 0.913043 -0.927727
0.300427 0.913043 -0.46267
-0.0299524 0.425171 0.488096
-0.0838027 -0.914329 -0.782944
-0.101128 0.85257 -0.609095
-0.101128 -0.121771 0.976496
-0.0299524 -0.682519 -0.789845
-0.0238644 0.913043 -0.357945
0.0568909 -0.850639 -0.914812
-0.101128 -0.776367 -0.446661
-0.0299524 -0.667337 0.389744
0.0763108 -0.914329 -0.383785
0.30707 -0.853158 -0.417708
0.240677 0.913043 -0.422779
-0.0473082 -0.914329 -0.300754
-0.101128 0.878669 0.750388
-0.0926635 0.735347 0.999313
-0.0299524 0.486725 0.645669
-0.101128 -0.0264223 0.511194
0.326386 0.876626 0.644904
-0.0637322 -0.914329 0.0787064
-0.101128 -0.152449 -0.0673893
-0.101128 0.126442 -0.600698
-0.023911 0.790769 0.859763
-0.0299524 0.48241 -0.624965
-0.0299524 0.0782062 -0.807752
-0.0299524 -0.657676 -0.944645
0.0389043 0.846648 -0.525412
-0.101128 0.647959 0.676665
-0.101128 0.326445 0.0997996
-0.0299524 -0.124831 -0.93572
-0.0299524 0.165605 0.590583
-0.101128 -0.456201 0.129861
-0.101128 0.901882 0.194913
-0.0299524 0.103448 0.942643
0.258097 0.913043 -0.972888
-0.101128 -0.721881 0.129837
0.209344 -0.914329 -0.566428
-0.0299524 0.143375 0.400755
-0.101128 -0.021123 0.202708
-0.0299524 -0.292418 -0.71263
-0.101128 -0.747523 0.263748
-0.0788805 -0.914329 -0.973218
-0.101128 0.053814 0.107289
0.0241358 0.841513 -0.031052
-0.0202494 -0.800357 -0.977843
0.0188204 -0.840214 0.0443768
-0.0299524 0.694231 0.699544
-0.0299524 0.747467 -0.468251
-0.00210632 0.82377 0.939578
-0.0299524 0.152246 0.903809
-0.0390848 -0.0166785 -1
0.191913 -0.850751 -0.735651
-0.101128 -0.0593187 -0.904453
0.0635878 -0.914329 0.328594
-0.101128 -0.634869 0.23634
-0.0299524 0.0720824 -0.230992
-0.101128 -0.650476 0.782849
-0.101128 -0.181251 0.677036
-0.0299524 -0.68565 -0.552595
-0.0299524 -0.622183 -0.672661
0.0489299 -0.849894 0.93586
-0.0299524 -0.475606 -0.452313
-0.101128 -0.132333 -0.809807
-0.0299524 0.217914 0.181003
-0.0299524 0.729089 0.536745
0.223678 -0.914329 -0.393146
-0.101128 -0.448198 0.604359
-0.00794675 -0.818855 -0.893561
0.179441 0.913043 -0.936991
-0.0299524 0.509338 0.794906
-0.101128 0.741152 -0.821075
0.299711 -0.914329 -0.776885
-0.0299524 0.000819585 0.18273
0.0522963 0.849009 -0.780608
0.14534 -0.914329 0.13324
-0.101128 0.645165 -0.565699
-0.101128 -0.769213 -0.632475
-0.0299524 0.725393 -0.569294
0.154187 -0.850751 0.166087
-0.101128 0.643473 -0.481686
-0.101128 0.256001 0.787651
-0.101128 0.371314 -0.602646
-0.101128 -0.620366 0.268462
-0.101128 0.495359 0.699059
0.112316 -0.850751 0.666991
-0.0299524 0.0727474 -0.397913
0.087144 0.849465 -0.483144
-0.101128 -0.0722205 0.397897
0.145992 -0.914329 -0.289438
-0.0448114 0.913043 0.700537
-0.101128 0.0809067 0.0684464
-0.101128 -0.831854 -0.168463
-0.101128 0.557885 -0.801834
-0.101128 -0.633946 -0.851235
-0.0299524 -0.420333 -0.0120216
-0.101128 -0.596581 -0.11226
-0.00415726 0.821723 0.118248
0.316548 -0.859227 0.310058
0.151828 -0.914329 0.77987
-0.0299524 -0.0970879 -0.744655
-0.0299524 0.256895 -0.323385
-0.0299524 0.740549 0.839929
-0.0299524 -0.00908029 -0.725601
-0.0471156 0.913043 0.221656
0.151226 -0.914329 0.213195
0.0741142 -0.850751 -0.120673
-0.101128 0.391111 0.968181
-0.0743258 -0.566206 -1
-0.101128 0.252074 0.0367312
-0.101128 0.858978 0.944054
0.0858356 0.849465 0.101203
0.19971 0.849465 -0.0565986
-0.101128 -0.522716 -0.752449
-0.0299524 -0.0541424 -0.483508
0.0894143 0.913043 0.210098
-0.101128 0.655109 0.819173
0.194989 -0.914329 0.162025
-0.101128 0.0247588 -0.193315
0.0972413 0.849465 -0.641187
-0.0299524 0.607781 0.902473
0.175921 0.913043 -0.634118
0.0945135 -0.850751 -0.592098
0.208319 0.913043 -0.831331
-0.0271377 0.7806 0.383947
-0.101128 0.862375 0.282802
-0.101128 -0.775659 0.599966
-0.0983781 0.913043 0.283149
-0.101128 -0.38633 0.17995
-0.101128 0.0882297 0.734832
-0.101128 -0.383777 -0.431714
-0.101128 0.191383 0.42536
-0.101128 0.0633021 0.274417
-0.0299524 -0.546049 -0.585552
-0.0299524 0.473143 0.0350891
-0.101128 -0.675576 0.517132
-0.101128 0.731245 -0.0641617
0.241342 0.913043 0.971168
-0.101128 0.299378 -0.514462
0.104019 -0.914329 0.542477
-0.0299524 0.042603 0.611939
0.210271 0.913043 0.888962
-0.0208695 -0.799098 0.467116
-0.0299524 -0.0525244 -0.118773
0.31748 0.913043 0.628585
0.0763439 0.849465 0.620884
-0.101128 0.906945 0.0860988
-0.0299524 -0.0187119 0.0109117
-0.101128 -0.0269446 -0.482496
-0.101128 -0.760502 0.348925
0.193896 0.849465 -0.715236
-0.0299524 0.207747 0.624967
-0.101128 -0.811893 -0.548238
-0.0444964 0.86528 0.999313
-0.101128 -0.664646 0.306963
-0.00100305 -0.914329 -0.332895
-0.101128 0.365312 -0.0745556
-0.0299524 0.18214 -0.29809
-0.101128 0.906115 -0.954815
-0.0299524 -0.416403 -0.687815
0.0248098 0.841811 0.583455
0.0289931 -0.844805 -0.365689
-0.0270917 -0.914329 -0.141021
-0.0299524 0.0924032 -0.566533
-0.0299524 -0.380884 0.54408
-0.101128 0.0749611 0.516997
0.184323 0.913043 0.290756
-0.101128 0.563353 0.649138
0.304672 0.913043 0.956938
-0.0299524 0.742474 0.175305
-0.0259861 0.784724 -0.355772
-0.0299524 0.0165951 -0.931299
-0.101128 0.253596 -0.363494
-0.0299524 0.123739 -0.246347
0.096277 -0.914329 -0.140958
-0.101128 -0.624719 0.937028
-0.0385561 0.537021 0.999313
0.115403 -0.914329 -0.576688
-0.0299524 0.0531035 0.940022
-0.101128 0.517202 -0.975743
-0.0299524 0.555976 -0.0793582
-0.101128 0.572996 0.839749
-0.101128 0.243272 0.695467
-0.101128 0.387336 -0.462803
-0.101128 0.300749 0.00718584
-0.101128 -0.819801 -0.608496
-0.101128 -0.356907 0.996299
-0.101128 -0.813086 0.578463
-0.0299524 0.476132 0.254358
0.148243 0.849465 -0.0512186
-0.0299524 -0.651894 0.961054
-0.0299524 -0.308018 0.816946
0.302103 0.850283 0.73283
-0.0299524 -0.483966 -0.27121
-0.0564732 0.913043 -0.0504115
0.00520789 0.83013 -0.390329
-0.101128 0.46146 0.744719
-0.0299524 0.173246 0.715987
0.0229573 -0.842263 0.627343
-0.101128 -0.623456 0.834105
-0.101128 0.780889 -0.355905
0.226481 0.913043 0.69428
-0.0299524 -0.443317 0.152158
0.202172 0.849465 0.766311
0.217102 -0.914329 -0.978355
0.311402 -0.914329 -0.232297
0.154586 0.849465 0.934091
0.0348799 0.913043 -0.337393
-0.101128 -0.543584 -0.826992
-0.0475956 0.76602 -1
-0.0299524 0.0820894 -0.0949304
-0.058225 0.169256 0.999313
-0.101128 0.419778 0.284823
0.25869 0.913043 0.888705
0.0403753 -0.914329 -0.402646
0.150018 0.913043 -0.691427
-0.0726302 -0.914329 0.4002
0.0268653 0.84268 0.395056
0.312675 0.854874 0.277033
-0.101128 -0.334147 0.000431914
-0.101128 -0.726857 -0.366144
0.176374 -0.850751 0.571646
0.178266 -0.850751 -0.695485
-0.0887177 0.639188 -1
-0.0299524 0.741294 -0.275707
-0.101128 -0.384878 -0.997502
-0.101128 0.446035 0.954817
-0.101128 0.903892 0.906679
-0.0299524 -0.495268 0.089523
-0.0299524 0.254701 -0.913041
0.310672 -0.914329 0.347459
0.187616 0.849465 -0.566175
-0.0299524 -0.00277729 -0.513715
-0.101128 0.641472 0.3135
0.195666 -0.850751 -0.827906
-0.101128 0.131546 -0.890971
-0.101128 0.412706 -0.357172
0.220035 -0.914329 0.4436
0.196727 0.913043 -0.152175
-0.00496496 0.913043 -0.634721
-0.0299524 0.0791092 0.738596
-0.101128 -0.264243 -0.599362
-0.101128 -0.346965 0.274446
-0.0299524 -0.383895 -0.459738
0.240655 0.913043 0.570114
-0.101128 -0.837118 -0.0648879
0.197872 0.849465 0.405009
-0.0299524 0.150817 0.452772
-0.101128 -0.648229 -0.746543
0.222499 0.849465 -0.326475
-0.101128 -0.894294 -0.30306
0.139392 -0.914329 -0.165638
-0.0296755 -0.766491 0.772945
-0.0299524 0.729855 0.273437
-0.101128 0.166635 0.58737
-0.101128 -0.62029 0.439179
-0.0299524 -0.0858087 0.927235
-0.0299524 -0.752557 -0.374286
-0.101128 0.186581 0.715209
0.0564878 0.913043 -0.44389
0.0593321 0.849441 0.903343
-0.101128 -0.810099 0.375693
0.030109 0.913043 -0.0825843
-0.0299516 -0.759766 -0.169583
0.0903627 -0.850751 -0.501329
0.0577001 0.913043 0.758977
-0.0299524 0.269783 0.315045
-0.101128 -0.169749 -0.766885
0.324407 -0.870623 0.796679
-0.101128 0.698638 0.194273
-0.101128 0.688288 -0.0730399
0.00679307 0.913043 0.539927
-0.0299524 0.508964 0.160911
-0.0299524 -0.455578 -0.239326
-0.0299524 -0.351225 0.666696
-0.0299524 0.185301 -0.890658
-0.0299524 0.274039 -0.382069
-0.0926384 -0.491065 -1
-0.0299524 0.356028 -0.162713
-0.0299524 0.34884 0.108588
-0.101128 0.677726 0.552055
-0.101128 0.0532998 -0.187521
0.223809 0.897219 -1
0.301754 -0.914329 -0.0217636
0.326138 0.875171 -0.380892
0.326725 0.885694 -0.578216
-0.0299524 0.702825 0.558691
-0.0299524 -0.128831 -0.97377
-0.0299524 0.375903 0.286081
-0.0157402 -0.808322 0.82319
0.0275984 0.883246 -1
-0.0299524 -0.295152 -0.444875
-0.101128 0.10056 0.345223
-0.0299524 -0.442264 -0.998269
-0.065559 -0.573961 0.999313
0.253997 0.913043 0.632687
-0.0299524 -0.649342 0.309075
-0.101128 0.619391 -0.205778
-0.101128 -0.51964 0.628036
-0.0299524 -0.308761 0.693507
-0.0299524 0.430822 0.952064
-0.0513733 -0.420735 0.999313
0.107313 -0.850751 0.516126
0.318295 0.859693 0.977018
-0.101128 0.400196 0.3317
-0.101128 0.619446 -0.428789
-0.0299524 -0.267071 -0.167229
0.190637 0.913043 -0.184641
-0.101128 -0.677435 0.272565
-0.0299524 -0.498458 0.0517112
-0.0257114 -0.914329 -0.0353497
-0.0299524 -0.456803 -0.649961
-0.0299524 0.46166 0.131841
-0.0299524 0.494606 0.954334
-0.101128 -0.13595 -0.36292
-0.0299524 0.523054 -0.3223
-0.0299524 -0.295617 -0.896367
-0.101128 -0.66744 0.151249
-0.0299524 -0.592618 0.502068
-0.101128 0.515293 0.0194517
-0.0154058 -0.808846 -0.738077
0.00586429 0.830637 -0.487872
-0.0299524 -0.75477 -0.735455
0.164627 -0.914329 -0.942683
-0.0299524 0.0512383 -0.0908199
0.161375 -0.850751 -0.794584
-0.101128 0.782471 -0.383319
0.250071 0.849465 -0.377376
-0.101128 -0.524189 -0.653311
-0.0299524 -0.213968 0.929095
0.234837 0.849465 0.514261
-0.0299524 -0.673762 0.505518
-0.0299524 -0.5264 -0.794911
-0.0299524 -0.0508539 0.467401
-0.0299524 -0.728178 0.515549
-0.064853 -0.914329 0.541958
0.222171 0.849465 0.743909
-0.101128 -0.533297 -0.604269
-0.101128 -0.505808 -0.830838
-0.101128 0.600047 -0.837468
-0.0299524 0.72028 -0.705233
0.0541968 0.913043 -0.289217
-0.0653944 0.913043 -0.250218
0.0869273 0.849465 -0.437937
-0.0299524 -0.00176576 -0.619494
0.0270518 -0.914329 0.498482
-0.0299524 0.52901 0.352597
-0.101128 -0.725656 -0.908959
-0.101128 -0.731646 -0.668199
-0.101128 0.00134922 -0.817029
0.153887 -0.914329 0.352416
-0.101128 -0.691287 0.943407
0.298902 0.913043 -0.620776
0.287439 -0.850751 0.796196
0.103428 0.913043 -0.256102
-0.0299524 0.58523 -0.00500912
-0.0299524 0.140196 0.645641
0.251133 0.849465 0.201797
0.00107358 0.826704 -0.922228
-0.0299524 -0.537324 0.155624
-0.0551042 -0.245922 -1
-0.101128 0.562776 -0.459129
-0.0299524 -0.0284432 -0.374859
-0.101128 0.0962273 0.00880972
0.10468 -0.850751 0.817754
-0.0299524 -0.299364 -0.497198
-0.101128 0.0970455 -0.32845
0.305638 0.85132 -0.627547
-0.101128 -0.0332551 -0.393529
-0.101128 -0.263745 -0.141168
-0.101128 0.244027 0.368927
-0.0405749 -0.559776 0.999313
-0.101128 -0.0586262 0.858683
-0.0299524 -0.696146 0.339312
0.133727 -0.850751 0.411518
-0.101128 0.695296 -0.106942
-0.0299524 0.608344 -0.110553
-0.0299524 -0.111092 -0.683284
0.107804 0.910639 0.999313
0.291388 -0.914329 -0.371383
-0.101128 -0.3589 0.218763
-0.0299524 0.318367 -0.940337
-0.0299524 -0.619679 -0.836153
-0.101128 0.716441 0.510733
-0.0299524 0.562696 0.648001
0.158333 0.849465 -0.745015
-0.0299524 0.603947 0.751244
-0.101128 0.311796 0.763568
0.0195752 -0.840608 0.473354
0.0619117 -0.850751 -0.186636
-0.101128 -0.157362 -0.584273
-0.0299524 -0.590241 -0.0767139
0.132405 -0.850751 0.91119
-0.101128 0.559236 0.397186
0.210608 -0.914329 0.120072
0.325755 -0.914329 -0.83974
-0.0299524 -0.74417 0.618006
-0.0991028 -0.262629 0.999313
-0.101128 0.305299 0.471627
0.0193641 -0.914329 0.27215
-0.0299524 0.366702 -0.262593
-0.101128 -0.711926 -0.220408
0.100841 -0.850751 -0.379715
0.199596 -0.914329 0.20403
-0.101128 0.394274 0.940525
-0.0299524 0.65548 0.865736
0.00757029 -0.914329 0.567054
-0.101128 0.876546 0.59409
0.315469 0.913043 -0.588162
0.0837059 0.849465 -0.529803
-0.101128 0.113609 0.699412
-0.0299524 0.662453 -0.264018
-0.101128 0.675336 -0.565763
-0.101128 0.471307 0.373124
-0.0299524 -0.0420949 -0.694348
0.242223 -0.914329 0.893376
-0.0634285 0.913043 0.0524483
-0.101128 0.691827 0.882995
-0.0299524 -0.657851 0.348546
-0.0299524 -0.448688 0.889576
-0.0299524 0.605098 0.0757667
-0.101128 0.90702 -0.209848
-0.101128 -0.347704 0.719756
-0.0299524 0.302079 0.99679
-0.101128 0.533113 0.102896
-0.089721 0.775265 0.999313
-0.0299524 0.399358 0.996841
-0.101128 -0.0947696 -0.267028
0.135664 -0.914329 0.934613
0.174305 -0.914329 0.39323
0.108994 0.849465 0.736062
-0.0299524 -0.334826 -0.689665
-0.0299524 0.35646 -0.881752
0.210154 0.849465 0.379883
-0.101128 0.546779 0.855731
-0.0299524 -0.435019 -0.414392
-0.101128 -0.862947 -0.7802
-0.0299524 0.1129 -0.972944
-0.0299524 0.638363 -0.586987
-0.0349323 -0.769316 0.999313
-0.101128 0.441223 0.580914
-0.101128 -0.353288 0.904396
-0.0299524 -0.202275 0.374195
-0.101128 0.637621 -0.907757
-0.101128 -0.0327533 0.258681
0.111696 -0.914329 -0.0599568
-0.0762893 -0.914329 0.278035
0.217383 0.913043 -0.408011
-0.0299524 -0.275958 -0.0846917
-0.0876651 0.355513 -1
-0.0299524 -0.600744 0.816826
-0.0299524 0.560334 -0.67579
-0.101128 -0.884933 0.97579
-0.0299524 -0.176927 -0.748387
-0.101128 0.600693 0.416037
-0.0609465 -0.914329 -0.802233
-0.101128 -0.247577 -0.380888
0.271359 -0.914329 -0.655594
0.148296 -0.850751 -0.364434
-0.0799955 -0.914329 -0.941203
-0.101128 -0.509753 -0.377728
-0.0299524 0.550032 0.448514
-0.101128 -0.416884 -0.925833
0.32319 0.866685 0.166065
-0.101128 -0.580646 0.942928
0.293004 0.849465 0.963926
-0.101128 -0.845729 -0.25961
