ply
format ascii 1.0
element vertex 8212
property float x
property float y
property float z
end_header
-0.00420592 0.0412819 0.169246
0.0589873 -0.0756811 -0.996356
0.0521402 -0.0758976 0.999455
-0.0588137 0.0708656 -0.427479
-0.0578084 0.075846 0.602572
0.0589666 -0.0681526 -0.144729
0.0589873 0.0756406 -0.718857
0.055227 -0.0649674 0.405582
-0.0587749 0.067961 0.84213
-0.0588137 -0.0749796 -0.601509
-0.0563492 -0.0651665 -0.8221
-0.0529894 0.0647353 -0.0332959
0.0162759 -0.0615443 0.716437
-0.0520365 -0.0647035 -0.296576
0.0588431 0.067484 -0.259798
0.0498297 0.0644437 -0.893285
-0.0161868 0.061504 0.338484
-0.0149994 -0.0613492 0.0513399
0.0157801 0.0614165 -0.564382
0.00437957 -0.0454524 0.544061
-0.0514414 0.075846 0.910923
0.0589368 -0.0679394 -0.996068
-0.0588137 -0.0689747 -0.0407516
-0.0588137 0.0745931 -0.525392
0.0589873 -0.0741012 0.445316
-0.0582984 0.075846 0.217562
0.0574068 -0.0758976 -0.305212
0.0570118 -0.0758976 -0.721896
-0.0583088 0.075846 0.638089
0.0579046 -0.0758976 0.771653
-0.0587151 0.075846 -0.854588
0.0587402 0.075846 -0.149251
0.0565081 -0.0758976 0.133128
0.0577102 -0.0758976 0.999036
-0.0583245 0.075846 0.412842
0.0589873 -0.0754388 -0.49948
-0.0582108 0.075846 -0.329542
0.0308492 0.075846 0.0322912
-0.0550982 -0.0758976 0.307389
-0.0133178 0.075846 -0.688788
0.00756287 -0.0758976 0.607789
0.0589873 0.0755642 0.526324
-0.0588137 -0.0717775 -0.61079
-0.0588049 -0.0682864 -0.198513
-0.0203853 -0.0758976 -0.859881
0.0228717 0.075846 0.771145
-0.0533368 -0.0758976 0.879749
0.0589873 0.0684947 0.314817
0.0583306 0.0664312 -0.428299
0.00903594 0.075846 -0.993099
-0.0588137 -0.0735193 -0.402546
0.0589873 -0.0733424 -0.119516
0.0589873 0.0726551 0.998028
-0.0584888 0.0670031 -0.0745301
0.0589873 0.0706455 -0.797575
0.0588281 0.0674346 -0.580781
0.0583518 0.0664613 0.160902
-0.0588137 -0.0726815 0.717947
-0.0588137 -0.0688981 0.495872
0.0589873 0.0737854 -0.277842
-0.0588137 0.0722461 -0.200936
0.0589328 -0.0679166 0.00668763
-0.0588129 -0.0684632 0.18233
0.0589873 -0.0708382 0.258068
-0.058813 -0.0684649 -0.974761
0.0589873 0.0720818 0.65609
-0.0588137 -0.0701066 -0.745548
-0.0588137 -0.075329 0.999305
0.0589873 0.0689436 0.880922
-0.0588137 0.0728319 0.103956
-0.0578121 0.0660183 0.525729
0.0589873 -0.0685246 0.886433
-0.0368242 -0.0633726 0.0711779
0.0582213 -0.0663377 -0.61082
0.00437957 -0.00920098 0.373986
0.0589873 0.0755014 0.420367
-0.0460429 -0.0641791 -0.506211
0.00437957 -0.00057576 -0.363522
0.00437957 0.0134761 -0.909948
0.00437957 -0.00193643 0.952492
-0.00420592 0.00218862 0.836271
-0.0506157 -0.0758976 -0.299835
0.00437957 -0.00556394 -0.246884
0.00437957 0.00557831 0.47678
-0.041387 0.075846 -0.427873
-0.00420592 0.00925982 0.698675
-0.0394621 0.0635518 0.316636
0.00437957 -0.000321995 0.216123
-0.00420592 0.000491916 -0.145983
0.00437957 0.0197513 0.587592
0.00437957 0.00497344 -0.0306057
-0.00420592 -0.00522064 -0.793151
0.0583809 -0.0758976 -0.402343
-0.00420592 -0.0193298 -0.670851
-0.00420592 -0.00321663 -0.569296
-0.0588137 -0.0738014 0.40216
-0.0586791 0.075846 0.817157
0.0541291 -0.0758976 -0.2125
0.00437957 -0.00215532 -0.45982
0.0589873 0.0755658 -0.0554288
0.0589873 -0.0696456 -0.814452
0.00437957 0.00577981 0.115012
0.0589873 -0.0754326 -0.904709
-0.0406622 0.0636568 0.999632
0.0589873 -0.0727766 0.681724
-0.0585537 0.0671529 -0.765791
0.0579952 -0.0758976 0.349676
0.0563245 -0.0651098 0.53371
-0.0588137 0.0730082 0.727331
-0.0583179 0.0666781 -0.613392
-0.0579967 0.075846 0.012993
0.0589873 0.0746818 -0.884178
-0.0588137 0.0712434 -0.940754
-0.0237882 -0.0758976 0.797644
-0.00420592 -0.00798253 -0.993676
0.0219858 0.075846 -0.505089
-0.0271741 -0.0758976 -0.121926
0.0254329 0.075846 0.238558
0.0254913 0.075846 -0.351408
0.00437957 -0.0244106 0.292889
0.0589873 0.0696453 -0.718166
0.0169657 0.0615684 -0.212666
0.0153144 -0.0758976 -0.0564923
-0.00680984 -0.0758976 0.940132
-0.0588137 -0.0698692 0.572342
0.000830366 -0.0758976 -0.354215
-0.0157878 -0.0758976 0.243654
0.00437957 -0.00846328 0.0421143
0.00339809 -0.0758976 -0.4515
0.00894923 -0.0758976 -0.553215
-0.0222504 0.075846 -0.137385
-0.0588137 -0.0745755 0.645419
0.00437957 -0.0159305 0.766706
-0.0132769 0.075846 0.469458
0.0155482 0.075846 0.940508
-0.0137181 0.0609509 0.158983
0.00437957 0.0454365 -0.843538
-0.013168 0.0607601 -0.276757
0.00437957 0.0386668 -0.630366
-0.00685315 -0.0560382 -0.926174
0.0031534 0.075846 0.37765
-0.00420592 -0.0300555 0.536411
-0.00811291 -0.0575269 0.446339
-0.00680361 -0.0758976 -0.244966
0.00437957 0.0182646 -0.728847
0.00591251 -0.0758976 -0.768174
-0.0439992 -0.0758976 -0.678637
0.0308898 -0.0758976 0.0688374
0.0104135 -0.0593053 0.181733
-0.0115338 -0.0758976 0.00830492
-0.00470613 0.075846 0.682698
0.0215533 0.075846 0.0996564
0.0583559 0.075846 -0.650517
0.00710485 0.075846 0.837617
-0.002647 0.075846 -0.0269626
0.0410878 0.075846 0.591558
-0.00680524 0.075846 -0.570682
-0.00842481 -0.0758976 0.355791
0.00847915 -0.0758976 0.724679
0.0579122 0.0659449 -0.949341
0.00437957 0.0462055 -0.0851608
-0.00420592 0.033143 0.895018
-0.00420592 -0.0327241 0.891493
0.00582623 0.075846 -0.759045
0.00437957 -0.0320199 -0.306509
0.00437957 -0.0210355 0.642478
-0.0276494 0.075846 0.58152
-0.0106522 0.075846 -0.898002
0.0057263 -0.0538631 -0.177543
0.0301495 -0.0627734 0.82864
0.0243269 -0.0758976 -0.667122
-0.0585632 -0.0672282 -0.808794
0.0589873 0.0736091 0.719294
-0.00420592 -0.0226905 -0.0863594
0.00437957 0.0447586 0.528012
-0.00420592 -0.0433725 0.998582
-0.0205491 -0.0758976 0.130813
-0.00420592 0.0318754 0.420213
-0.00420592 0.0338823 0.272594
0.00437957 -0.0197399 -0.85687
0.00437957 0.0372919 -0.411857
-0.00224957 -0.0758976 -0.995996
0.00437957 -0.0300448 -0.514344
-0.00420592 -0.0426659 -0.61473
-0.020889 0.0619269 0.0600795
-0.000667348 -0.0758976 0.666488
0.00950489 -0.0758976 0.500405
-0.0582497 -0.0758976 -0.907251
0.00437957 -0.0414602 -0.404898
-0.00420592 -0.0388484 -0.725256
0.00437957 0.0290609 0.330998
0.0270944 -0.0625061 0.399293
0.00437957 0.0364242 0.642119
0.0589873 0.0717037 0.814971
0.0490837 -0.06443 0.942058
-0.0476029 0.064264 -0.995794
-0.00420592 0.0253669 -0.51916
0.0262966 -0.0758976 0.304134
0.00437957 0.0300494 0.997715
-0.0265418 0.0624214 -0.372813
0.0439266 0.0639272 0.474543
0.0589873 -0.0740912 0.203079
-0.0239836 0.075846 -0.807619
0.0589469 -0.068002 0.625382
0.00437957 0.0222705 -0.313795
-0.00420592 0.0327675 0.79066
-0.0263992 0.062409 -0.478399
-0.00420592 0.0370219 -0.958141
-0.00420592 0.0390938 0.0147412
-0.0588137 -0.0730915 -0.557411
0.00717544 -0.0562378 -0.817547
0.0551643 0.0649104 0.368462
-0.0588137 0.0755038 -0.254027
-0.00809739 0.0574595 0.732226
-0.050718 -0.0758976 -0.454652
0.00437957 0.0126585 -0.197501
-0.0588135 -0.0685071 0.938023
-0.00420592 -0.00839582 0.164969
-0.0343539 0.075846 0.265263
-0.0500568 -0.0645303 -0.350655
-0.0580364 0.066272 -0.713986
0.00854248 0.075846 0.301498
0.0337363 -0.0758976 -0.859708
-0.0380305 0.0634266 0.863027
0.0368668 -0.0758976 -0.950788
0.0107321 0.075846 -0.446132
-0.0176755 -0.0616973 0.846087
0.00515761 -0.0758976 0.556304
0.0589873 -0.0693509 -0.559075
-0.0588137 -0.068954 0.0257949
-0.0588137 0.075358 0.362134
0.00437957 -0.0378558 0.0890917
-0.0338269 0.075846 0.773177
-0.0588137 -0.0701258 -0.250368
-0.0588137 0.0715549 -0.66402
-0.00420592 -0.0294578 0.592625
0.0495453 -0.0644703 -0.353428
0.0530106 -0.0647735 -0.450665
-0.00433109 0.0497301 0.20825
0.03893 -0.0635416 -0.260273
0.00437957 0.0300951 -0.680482
0.0470828 0.0642033 -0.102589
0.00640327 -0.0758976 -0.499658
0.0589873 0.0731718 -0.0064506
-0.058204 0.075846 0.168171
-0.00420592 -0.0158442 0.422095
0.0044473 0.0492422 -0.166924
0.00437957 -0.0375252 0.695572
-0.0577651 -0.0660224 0.765719
-0.0570852 -0.0654968 0.3554
-0.00420592 -0.0416578 -0.0275602
0.0117684 0.075846 0.428026
0.0589873 0.0735326 -0.996095
0.0589873 0.0720428 -0.475316
0.0499775 -0.0758976 0.579685
0.0589873 0.0717753 0.0700085
0.00974431 0.075846 0.987969
0.057528 -0.0656738 -0.166641
0.0589612 -0.0681062 -0.0723078
-0.0571816 -0.0758976 0.449156
0.0589873 0.0734986 -0.534026
-0.0582861 0.0666257 0.459642
0.0514874 -0.0646403 -0.767443
-0.027542 0.0625089 0.954721
-0.0588137 -0.0732117 -0.0875644
0.0138086 -0.0758976 0.895932
0.0175768 -0.0616735 -0.101658
0.058661 0.075846 -0.197763
-0.058741 -0.0678216 0.259249
-0.0588137 -0.0737148 0.82792
-0.00102336 -0.0758976 -0.292701
0.0251303 0.075846 -0.612153
-0.00420592 -0.0146326 -0.946481
0.0589852 0.0683618 0.207766
-0.00834579 0.075846 -0.320021
0.0120505 0.075846 -0.939451
-0.013155 0.075846 0.625226
0.0589873 0.0734047 -0.382888
0.0438825 0.075846 -0.840873
0.0134319 -0.0608448 0.768946
0.00437957 0.0423996 -0.794393
0.0588842 0.067636 0.26871
0.0589873 0.0699521 0.927431
-0.0506832 0.0645335 0.68313
0.00834781 0.075846 0.884705
-0.050348 0.0645042 -0.0302051
-0.0232363 -0.0758976 -0.638509
0.00437957 0.0281 0.0753936
-0.0588137 -0.0702116 -0.153645
-0.00420592 -0.031894 0.246838
0.0589873 -0.0714009 0.726568
0.0246762 -0.0622946 0.229995
0.00437957 -0.0344698 0.33656
-0.00420592 -0.0348222 0.811208
0.0584755 0.0666514 -0.321879
0.0527315 -0.0758976 0.490062
-0.0363949 -0.063335 0.533842
-0.0588137 -0.0758298 0.108318
-0.019802 0.075846 -0.233009
-0.0161036 0.075846 -0.64289
-0.052912 0.0647285 -0.569626
-0.0148219 -0.0758976 0.401847
-0.00420592 -0.0371017 -0.216974
0.00437957 -0.0398753 0.134074
-0.00282252 -0.0758976 -0.701804
0.0217701 -0.0758976 -0.143213
0.0210571 -0.0758976 0.975372
-0.0219363 -0.0758976 -0.584006
0.0110731 0.075846 0.557837
0.0136396 0.075846 -0.3941
0.00513739 -0.0524309 0.0429254
-0.0348828 -0.0632027 0.611194
0.0324379 0.0629221 -0.683214
-0.0164703 0.0615375 0.114453
0.0202484 0.075846 0.181038
-0.0145352 -0.0758976 0.2904
-0.00420592 0.000259698 -0.612869
0.0235542 0.075846 -0.252621
-0.00420592 -0.0404789 -0.131904
-0.00420592 -0.037429 0.487533
0.00509649 -0.0523112 -0.884911
-0.00420592 0.0351746 -0.588326
-0.0564266 0.0651405 -0.89862
-0.00420592 0.0340734 0.375328
-0.00420592 0.0374098 -0.241722
0.0186355 -0.0758976 0.114217
0.0101978 0.0591046 -0.719942
-0.0172788 -0.0758976 -0.393756
-0.0588137 0.0706812 -0.157737
0.0589873 0.0748776 0.11965
-0.00420592 0.0166584 0.741556
-0.0393168 -0.0635907 0.680973
0.00437957 0.0377787 -0.126648
-0.0235039 0.075846 -0.962697
-0.0177404 0.075846 0.511059
-0.0156866 0.075846 -0.529896
-0.020012 -0.0619017 -0.0777036
0.0192497 -0.0758976 -0.600004
-0.0180543 -0.0758976 -0.205055
0.00437957 0.0394396 -0.352993
0.00437957 0.0382581 0.854947
-0.00420592 -0.0414799 -0.475636
-0.0247452 -0.0623158 0.204702
0.0222779 -0.0758976 -0.0159235
-0.0568639 0.0653242 -0.115625
-0.0300184 -0.0627771 0.971438
0.0234939 0.0621396 0.139737
0.00437957 -0.0419335 -0.266747
-0.00420592 0.0379457 -0.454217
-0.00420592 -0.00434305 -0.419861
0.0235737 0.075846 0.339468
-0.0242953 0.075846 -0.178884
0.0447846 0.0640023 -0.757849
-0.032162 -0.0629647 -0.778215
0.00447061 -0.0495102 -0.965957
0.00437957 -0.0373444 0.932756
0.00437957 0.0085232 0.548651
0.0203145 0.075846 -0.13645
0.0218697 0.0619975 -0.545273
-0.0588137 -0.0688529 -0.84946
0.00437957 -0.0333446 -0.764161
0.00437957 0.0381803 0.949726
-0.00420592 -0.0366003 -0.347383
-0.0201873 0.075846 -0.0963714
-0.0588137 0.0745096 0.0618738
-0.0240424 -0.0622543 0.744691
0.0201911 0.075846 -0.872844
0.022448 0.0620481 -0.299128
-0.0172127 0.075846 -0.856951
0.0179689 0.075846 -0.0626398
0.0201474 0.075846 -0.808585
-0.0259301 -0.0624195 0.908187
0.058712 0.0671156 -0.236742
0.0365552 0.0632823 0.687357
0.0230855 -0.0621554 -0.323763
-0.00420592 0.0406892 -0.0448514
-0.0186186 0.075846 0.0128472
0.022185 0.075846 0.642742
0.0247422 0.075846 0.506733
0.00437957 0.0345419 -0.996428
0.00437957 0.0419015 0.460419
-0.0387875 -0.0758976 -0.941762
-0.00420592 0.0197619 -0.872118
-0.00420592 -0.0186746 0.00430723
-0.0276066 0.0625146 0.43327
-0.0546226 0.0648782 -0.291532
0.00437957 0.0287476 0.174065
0.0135741 -0.0608955 0.26763
-0.0200182 -0.0758976 -0.736988
-0.0301498 0.075846 -0.739561
-0.020595 -0.0758976 -0.0372273
0.0589873 -0.0756184 -0.0340418
0.05868 -0.0670934 -0.683282
-0.0231563 -0.0758976 0.477192
0.0579858 -0.0660698 0.0954873
0.00437957 -0.0419497 -0.571601
-0.0248468 -0.0623247 -0.539623
-0.0573309 -0.0758976 0.220959
-0.0219925 0.0620234 0.809052
0.0269924 -0.0624972 0.464041
0.0202272 -0.0758976 -0.413231
-0.0588137 0.0708613 -0.392535
0.00437957 0.0095955 -0.828889
-0.0210446 -0.0758976 -0.160318
0.00437957 -0.0380335 0.734699
0.0589025 0.0677135 0.75745
-0.0588137 0.0757815 -0.462571
-0.00420592 0.000202301 0.914333
-0.00420592 0.0196733 -0.276782
-0.0161735 0.075846 0.344113
0.00734904 0.05641 0.597318
0.0311692 0.0628111 -0.90717
-0.0237362 -0.0622275 -0.323397
-0.00420592 -0.00655537 0.989367
0.0252099 -0.0623413 -0.737496
-0.0291989 0.0626539 0.3926
0.0417407 -0.0758976 0.16861
0.00437957 -3.83239e-05 0.87459
0.00437957 0.0109117 -0.0679138
0.0256803 -0.0623824 0.642251
-0.0244695 0.0622401 0.546492
-0.0240241 -0.0622527 -0.429594
-0.0216276 -0.0758976 -0.897457
-0.00420592 -0.0414986 0.39108
-0.0119223 0.0602271 0.920308
-0.0298845 0.075846 0.193171
-0.0118046 0.075846 0.233996
-0.0205023 -0.0758976 0.168922
0.0424944 0.0638019 0.963298
0.0589432 -0.067978 0.0456294
-0.0588137 0.0705562 0.601207
-0.0254472 0.075846 -0.0564034
-0.0588137 -0.0688839 0.144895
0.0426857 0.0638187 0.847461
-0.0219635 0.0620209 -0.607282
0.0358273 -0.0632702 -0.530664
0.023572 0.0621464 -0.00430233
0.00437957 -0.023646 -0.910369
-0.00737976 -0.0567134 -0.666093
0.0185767 0.0617094 0.805113
0.0557456 -0.0758976 -0.647424
0.025154 -0.0758976 0.020999
-0.0588137 0.0748531 0.561641
0.0240842 0.075846 0.731276
0.0216353 -0.0620285 -0.225671
0.0238441 -0.0758976 -0.915842
-0.00420592 0.00342122 0.513187
0.00437957 -0.0334041 0.854183
0.0589873 -0.0750899 0.847825
0.00437957 0.0192147 -0.765587
-0.0236476 -0.0758976 -0.82044
0.0235929 -0.0621998 -0.379407
0.0169313 0.0615654 0.0629536
-0.0245737 -0.0623008 0.326115
0.00437957 0.00268584 0.255881
-0.0219449 -0.0620708 0.576215
-0.00420592 0.00695578 0.620941
-0.00420592 0.0320766 0.138565
0.00437957 0.0466636 -0.489465
-0.0415974 -0.0637902 -0.00790339
-0.0588137 0.0714225 -0.816334
-0.0058259 -0.0758976 0.0875796
0.0589873 -0.0688597 0.807713
-0.00420592 -0.00858781 -0.705497
0.0250464 -0.062327 0.356402
-0.0588137 0.0748098 0.967875
0.00437957 -0.0357549 0.208392
-0.00420592 0.0106239 -0.104513
-0.044634 -0.0640558 -0.712943
0.00437957 -0.033105 -0.439974
-0.00424546 0.0489213 -0.921888
0.00437957 0.0441786 0.698659
0.0253864 0.075846 -0.180837
0.0582375 -0.0758976 0.387583
0.0252314 -0.0623432 0.864148
-0.0288035 0.0626193 0.654848
0.0190031 -0.0617982 -0.634137
0.00437957 0.0278708 -0.553872
0.00437957 -0.000207612 0.801661
-0.00420592 -0.0196533 -0.176209
0.0543466 0.0648388 0.559974
0.00437957 0.00754913 0.663692
0.0183531 0.075846 -0.651576
-0.022599 -0.0758976 -0.479171
-0.00420592 0.00945872 0.299122
0.0224312 0.0620466 0.27111
-0.0304178 -0.0628121 -0.270321
-0.00899918 -0.0583579 0.636361
0.0587463 -0.0672521 0.314851
-0.0588137 -0.0686809 -0.647492
0.0310088 -0.0628486 0.700574
0.00437957 0.00490623 -0.646899
-0.0272157 -0.0758976 0.0397403
-0.0434429 0.0639001 0.138623
0.0289381 -0.0758976 -0.797402
-0.0250699 0.0622927 -0.774942
0.00437957 0.0332991 0.237882
-0.0238001 -0.0758976 0.709803
0.00437957 -0.0245119 0.456231
0.0300389 -0.0627637 -0.702922
0.0200438 -0.0758976 0.430726
-0.00420592 0.00198456 -0.493341
0.0335652 0.075846 0.396575
-0.00420646 0.0480013 0.494499
-0.0588137 0.0746793 0.289907
0.0589873 0.0717397 0.620994
-0.0271749 0.075846 0.709111
0.0114132 -0.0758976 0.15156
0.0248207 0.0622557 -0.580484
0.0311632 -0.0758976 -0.186214
0.0577947 0.0658361 -0.617634
0.0123155 -0.0758976 0.802398
-0.0480247 0.075846 0.494408
0.0315287 0.0628425 0.906309
0.00437957 -0.0338951 0.96673
0.0331269 -0.0630339 -0.478345
0.00437957 -0.00609956 0.0766539
0.0336439 0.0630276 -0.972929
-0.00420592 -0.00724419 -0.33038
0.00437957 -0.0438793 -0.0614113
-0.0240643 0.075846 -0.928919
-0.0176132 -0.0758976 0.999883
-0.00420592 -0.00499567 -0.535681
0.00529214 -0.0528547 -0.851043
-0.0349443 -0.0632081 0.425546
-0.0187729 0.075846 -0.402805
-0.00420592 0.0440071 0.566006
0.0130996 0.075846 -0.103744
-0.0255239 -0.0623839 -0.973422
-0.00706502 0.0562689 0.767159
-0.00420592 -0.00271118 0.341658
0.00437957 -0.0236869 -0.823725
0.00437957 0.0463683 -0.890034
-0.0239092 0.075846 0.892716
0.0338662 -0.0758976 0.747299
0.00437957 -0.0427755 -0.693866
-0.00420592 0.0237986 0.0437329
-0.0149957 -0.0758976 0.880414
-0.00420592 0.00856764 0.443803
0.030208 -0.0627785 -0.981406
0.0371725 0.075846 -0.0312547
-0.0566978 0.0652462 -0.360241
-0.0300345 -0.0627786 0.376177
-0.00420592 0.0474835 -0.746822
-0.00420592 -0.0110584 -0.742253
0.0379727 0.0634063 0.442477
-0.0338899 -0.0631159 -0.231011
-0.00420592 0.0393515 0.823652
0.023501 -0.0621918 0.533547
-0.0576731 -0.0659346 -0.119824
-0.00420592 -0.0135102 -0.281667
0.00437957 -0.0450335 0.565213
-0.0183051 0.0617008 0.291015
-0.0547378 0.0648883 -0.493266
0.0281929 0.0625507 -0.475084
-0.0123225 0.0604143 -0.430101
0.00437957 0.0385655 0.107117
-0.00420592 -0.0412278 -0.995429
-0.00420592 0.0281282 -0.382631
-0.0302616 0.075846 0.0870565
-0.00420592 -0.0419947 0.665322
-0.00420592 -0.0373562 -0.794797
0.0312891 0.0628216 0.534805
-0.0588137 -0.0738652 0.796267
0.0385624 -0.0635095 0.912322
0.00617052 0.0546619 0.400836
-0.00597525 0.075846 -0.352639
0.00437957 0.00774753 -0.967789
0.0115459 0.075846 -0.839968
0.0343964 -0.063145 -0.888446
-0.00778787 -0.0571823 0.518753
0.0272739 -0.0625218 -0.28938
0.00530561 -0.0528896 0.31126
-0.0499996 -0.0645253 -0.879174
-0.00714605 -0.0758976 -0.952052
0.00437957 -0.0299733 -0.641949
0.00437957 -0.0478559 -0.540272
-0.00420592 -0.0157745 -0.389412
0.0248085 0.0622546 0.210486
-0.00672752 0.055812 -0.665818
-0.0382764 0.075846 0.0370825
0.00438692 -0.0483807 0.00777865
0.00437957 0.00965668 0.400201
0.00573808 -0.0758976 0.207549
0.0535456 -0.0648203 0.41623
0.0576766 0.0657362 -0.352886
0.00437957 0.0371637 -0.0152919
0.0585411 0.075846 -0.919993
-0.0300333 0.075846 0.835568
0.00437957 -0.0458159 0.420482
-0.00794739 0.0573029 0.319898
-0.00421159 -0.048326 -0.375953
0.0300991 -0.0758976 -0.829051
0.0103195 -0.0758976 0.331286
-0.0355659 0.0632109 0.745002
-0.0159786 0.0614755 -0.204815
0.0505945 0.0645106 -0.504782
0.00437957 0.0108089 0.00284426
-0.0588137 0.069085 0.248001
0.0288265 -0.0626577 -0.572485
-0.0339324 0.063068 -0.833666
0.0368298 -0.0633579 0.60439
0.0567939 0.0652133 0.238025
-0.00420592 -0.0108617 0.721594
0.00603859 0.0544241 0.351891
0.0254651 0.062312 -0.781961
0.030503 0.075846 -0.420821
-0.00200608 0.075846 0.0409365
-0.00459632 0.0511315 0.977999
-0.00420592 -0.0405285 0.163212
-0.0100423 0.075846 -0.499864
-0.0540926 0.0648318 0.939843
-0.0292314 0.0626567 -0.337138
-0.00448411 0.075846 0.268426
-0.0271614 0.0624756 -0.711826
0.0494143 -0.0644589 0.286478
0.0182681 0.075846 0.461337
0.0581645 -0.0662679 0.970497
-0.00420592 -0.0157665 0.566033
-0.00420592 -0.0162914 -0.0497661
-0.0584731 -0.0758976 0.969441
-0.0319116 0.0628912 -0.881498
-0.0324466 -0.0629896 0.102877
-0.018453 0.0617138 -0.990035
-0.043711 0.075846 -0.689368
-0.00444517 0.0504325 -0.30455
-0.00420592 -0.011914 -0.884295
-0.0424411 -0.0758976 -0.37706
-0.0588137 -0.0753821 0.0551933
0.0359189 -0.0632782 0.789499
0.0305558 0.0627574 0.617429
-0.0492897 0.0644116 -0.227943
-0.0554984 -0.0758976 0.909324
-0.00627651 -0.0758976 -0.795178
0.00437957 -0.0221188 -0.593582
-0.0147354 -0.0758976 0.769257
-0.0587783 -0.0758976 -0.777896
0.058757 0.0672284 0.040821
0.0589873 0.0757836 -0.680039
-0.0587835 0.0680224 0.788685
-0.0203103 0.075846 0.981744
0.0589873 -0.0751988 -0.242024
-0.00420592 0.0380184 0.670274
-0.0307516 -0.0628413 -0.611025
-0.0111894 0.075846 0.862673
-0.0277372 -0.0758976 0.506272
-0.00469482 0.075846 0.789014
0.00663708 -0.0758976 0.381071
0.0458255 0.0640934 0.789808
0.0408186 0.075846 0.290402
-0.0582366 0.075846 -0.970969
0.00399787 -0.0758976 0.69549
0.0256781 -0.0623822 0.671712
0.0582214 -0.0663377 -0.932591
-0.00753528 0.0568456 0.0856575
0.0589873 -0.0742003 -0.844959
-0.0448756 0.075846 -0.637691
0.0302498 0.075846 -0.733029
-0.0307093 -0.0758976 0.65325
-0.0477029 -0.0643243 0.853596
0.0201836 -0.0619015 0.939224
-0.027022 0.075846 -0.297482
0.00437957 -0.0152594 -0.120125
0.00603944 0.0544256 -0.522024
-0.0486783 -0.0644097 -0.583397
-0.040697 -0.0637114 0.285249
0.0540497 -0.0648644 0.653871
0.0315557 -0.0758976 -0.080547
-0.00210615 0.075846 -0.786946
0.0267053 -0.0624721 -0.438038
-0.0335166 -0.0630832 -0.184254
0.00437957 0.0146499 0.769834
-0.0359831 0.0632474 -0.546246
0.00437957 -0.0396936 0.618836
-0.0243401 0.075846 -0.452915
0.0319338 -0.0629295 0.56114
0.00437957 0.0421946 -0.19539
-0.00518242 -0.0758976 0.0588229
-0.00420592 0.0118085 -0.225638
0.00474581 -0.0758976 0.831654
-0.00420592 -0.0478896 0.36067
0.00437957 0.0146895 -0.939902
-0.0284401 0.075846 -0.014363
0.00437957 0.0205962 -0.16866
0.00154724 0.075846 0.712417
-0.0588137 0.0716037 0.88097
-0.00420592 -0.0163473 0.677869
0.0574936 -0.0656492 -0.967646
0.00609046 0.0545189 -0.60661
0.0304261 0.0627461 -0.326521
-0.000750072 0.075846 -0.158033
0.0589873 -0.0749003 -0.876221
0.00437957 0.0396921 0.30123
-0.0588137 0.0720238 0.758869
0.00437957 0.0194629 0.971243
-0.0158454 -0.0615071 -0.510018
-0.00660982 -0.0556945 0.112231
0.0018667 -0.0758976 -0.122916
-0.00406691 0.075846 0.136795
0.00302363 0.075846 0.530606
0.0523632 0.075846 0.342413
-0.0324093 0.0629348 0.60812
-0.0576985 -0.0659583 -0.480458
0.0554226 -0.0649845 0.230588
0.00323485 0.075846 -0.473427
-0.00420592 0.0351305 -0.70783
-0.0588137 -0.0742567 0.601075
0.00437957 0.0293706 0.922912
0.0137093 -0.0758976 -0.264283
0.0343855 -0.063144 -0.0397442
0.0336945 -0.0630836 0.197727
0.0585293 -0.0758976 -0.276061
-0.00541969 0.0535255 -0.818548
0.0310422 0.0628 -0.376436
0.0309974 -0.0628476 0.135657
0.0103557 0.075846 -0.277812
-0.00273815 -0.0758976 -0.617277
0.0429981 0.075846 -0.557186
-0.034108 0.0630834 -0.258436
-0.00420592 -0.0322783 0.0598275
-7.35012e-05 -0.0758976 -0.836236
-0.00420592 -0.0414019 0.778392
-0.00420592 -0.00980481 0.137106
-0.0440519 -0.0758976 -0.0633379
-0.00420592 0.0205732 -0.432452
0.0375072 -0.0758976 0.513802
0.0329505 0.075846 0.871726
0.0521315 0.064645 0.50169
-0.0309304 0.075846 -0.584906
0.0112892 0.0598 0.662635
0.0354456 0.0631852 -0.445221
0.032732 0.0629478 0.996678
-0.0352838 0.0631863 -0.514865
-0.00420592 0.0382132 0.614797
0.0500875 0.0644662 0.0955147
-0.00420592 -0.0124561 0.19271
0.0321111 -0.0758976 0.253484
-0.013444 0.075846 0.41121
-0.00500741 -0.052555 0.228338
-0.0081334 0.0574963 -0.549953
0.0413063 0.075846 -0.0775869
-0.00607113 -0.0548426 -0.750224
-0.00234768 0.075846 0.199354
-0.033064 -0.0758976 -0.996342
0.0191164 -0.0618082 0.999089
-0.047796 0.0642809 -0.791094
0.0347535 -0.0631762 0.329085
-0.052381 -0.0758976 -0.530396
-0.0587883 -0.0758976 0.523752
0.00437957 -0.0226031 0.509101
-0.0338601 0.0630617 0.223566
-0.0316083 0.075846 0.366907
-0.023235 -0.0621837 -0.356325
-0.00420592 -0.0253077 0.112394
0.00156295 -0.0758976 -0.526714
-0.00420592 0.0222116 0.199332
0.00527314 -0.0528049 0.910067
0.00437957 -0.0146783 -0.203653
0.00250351 0.075846 0.750517
-0.00621581 0.0550338 -0.390122
-0.0350241 -0.0632151 -0.917664
-0.00980718 -0.0589999 -0.104871
0.00525043 0.075846 -0.966038
-0.024448 -0.0622898 -0.692017
0.0257001 0.0623326 0.369131
-0.0276777 -0.0758976 0.825007
0.0395801 0.075846 -0.218144
0.0074184 0.0564969 -0.69202
-0.0529211 -0.0647809 -0.427718
0.0206275 -0.0758976 0.582296
0.00305424 -0.0758976 -0.0815488
0.021542 -0.0620204 0.0909476
0.00420115 -0.0758976 0.470606
-0.034353 -0.0758976 0.947294
0.0148603 -0.0612767 -0.941659
-0.0588137 0.0709813 0.84728
-0.0408348 0.0636719 0.344467
0.0502472 -0.0758976 -0.583912
-0.00536002 -0.0758976 0.969289
0.0376136 0.0633749 -0.635535
-0.00421593 -0.0484557 0.283897
-0.00274354 0.075846 0.960339
-0.0559386 -0.0650627 -0.323962
-0.0336224 -0.0630925 0.455915
-0.0385179 -0.0635208 0.236191
0.0268286 0.0624313 0.316389
0.0045145 0.0498004 0.0403279
0.0324314 -0.0629731 0.0453812
0.00246665 0.075846 0.491144
0.0353383 0.075846 -0.706493
0.0341183 0.0630691 -0.273625
-0.00420592 -0.013096 0.31556
-0.0118212 0.0601773 -0.118375
-0.054369 0.064856 0.193499
0.00816768 0.0573521 0.24901
-0.0220113 -0.0620766 -0.456363
0.00613053 -0.0758976 -0.864428
0.0478955 0.075846 0.184707
0.0100292 0.075846 0.0141193
-0.00420592 0.0196039 -0.805733
0.0313644 0.0628282 -0.156862
0.00291349 -0.0758976 0.85924
0.0314982 0.075846 0.826583
-0.00591779 -0.0545722 0.713132
-0.00420592 0.00503675 -0.682165
0.0474322 -0.0642855 -0.141617
0.0469357 -0.0758976 -0.329574
0.0582979 -0.0758976 -0.375669
-0.00420592 -0.03188 -0.242934
0.0303609 0.0627404 0.570842
-0.00124925 -0.0758976 -0.321326
-0.00620319 -0.0550646 -0.153851
0.00437957 0.0224712 -0.478955
-0.0280588 -0.0626057 -0.296666
-0.0248586 -0.0758976 0.553986
-0.0260999 0.0623828 0.488087
0.00437957 -0.0244044 -0.150884
0.00578906 0.053941 0.182844
0.0044824 -0.049609 0.832316
-0.0564443 0.075846 -0.739964
-0.036653 -0.0633576 -0.100856
-0.0125166 -0.0605511 -0.562751
0.0583422 0.0664476 0.394493
0.00437957 -0.00237283 -0.304698
0.00942714 -0.0758976 -0.207003
0.00437957 0.0350858 0.7233
0.0533479 0.0647515 -0.174559
0.00748721 0.075846 0.910952
0.00437957 -0.0227955 -0.552956
-0.0333565 -0.0630692 0.149769
0.000736235 0.075846 -0.622786
-0.000726932 0.075846 0.581724
-0.000257853 0.075846 -0.189614
-0.00420592 -0.0260737 -0.974109
0.00502049 -0.0758976 -0.896204
0.00579352 0.05395 -0.331292
0.00437957 0.02361 0.498312
-0.0574998 0.0657336 0.386353
-0.0339868 -0.0758976 0.349216
-0.00517974 0.0529598 0.874212
0.0589873 -0.0746645 -0.527182
0.0447436 -0.0758976 -0.424922
0.0457874 0.075846 -0.30017
0.0159279 0.0614412 0.857393
0.0589873 0.0757296 0.69148
-0.0509354 -0.0758976 0.742708
-0.00761062 -0.0569839 0.598571
0.00437957 0.0456779 -0.26475
0.0438199 0.0639179 -0.817863
-0.0588137 0.0753934 0.329166
-0.0292337 0.075846 0.931614
0.0577369 0.075846 0.453703
0.0300611 -0.0627657 0.489746
0.0154007 0.0613455 -0.0385133
0.0578022 0.075846 -0.123029
0.0266281 -0.0758976 -0.356831
-0.00623857 0.055071 -0.867673
0.00437957 -0.0315627 0.0273752
-0.00978673 0.0589333 -0.0088149
0.00437957 -0.00443988 0.599471
0.00437957 0.0140373 0.359266
0.00437957 0.00872018 -0.399386
0.00978154 0.0587991 -0.238501
-0.0588137 -0.0697918 -0.27612
-0.0275185 -0.0758976 0.266785
-0.0330449 -0.0630419 0.0182209
0.0422207 0.063778 -0.867398
-0.0588137 -0.0703265 0.083219
0.0388908 -0.0758976 -0.626066
-0.0313177 0.0628393 -0.668059
0.00974687 -0.0758976 -0.973166
-0.0588137 -0.073924 -0.224994
0.0570223 -0.0758976 0.0718109
-0.00564666 0.0540041 -0.143839
-0.00508379 -0.0758976 -0.417247
-0.0324575 0.062939 -0.158312
-0.032832 -0.0758976 -0.559943
-0.0585823 -0.0758976 0.692546
0.0589873 -0.0751133 -0.473909
-0.00420592 -0.00773236 -0.767603
0.00135914 -0.0758976 0.033528
0.00437957 0.00882604 -0.590123
0.0440313 0.0639364 -0.402721
-0.00536631 -0.0758976 -0.0164527
-0.0105328 -0.0594983 0.812466
0.00895022 0.075846 -0.675487
0.0235409 0.0621437 0.709246
0.00408569 -0.0758976 -0.164586
0.0272888 -0.0625231 -0.775154
0.005882 -0.054178 0.882205
0.0261095 -0.06242 -0.164374
-0.00477686 0.075846 -0.0740408
-0.00728951 -0.0566037 -0.778197
0.0310029 -0.0758976 -0.117878
0.00212135 -0.0758976 -0.646849
0.00512481 -0.0758976 -0.72992
0.0342065 -0.0758976 -0.504856
0.00437957 0.0144674 -0.343118
-0.050554 0.075846 0.437372
0.0345608 -0.0758976 0.378648
0.0455343 -0.0758976 -0.745577
0.0335114 0.063016 -0.935735
-0.00505966 0.0526471 0.439027
0.00328294 0.075846 -0.417625
0.00437957 -0.037787 -0.94124
-0.00808252 -0.0574957 -0.59432
0.0476527 -0.0643048 -0.0961128
0.00467037 -0.0507429 0.468075
0.0479326 0.0642777 0.0143368
-0.00880822 -0.0581911 0.543846
-0.00638707 0.075846 -0.731411
0.00831688 -0.0575579 0.0700659
0.00248441 -0.0758976 -0.578161
0.00437957 -0.0183594 -0.0213335
-0.0307263 0.0627875 -0.0771878
-0.0358779 -0.0632898 -0.658506
0.00887073 0.0580395 0.630194
0.00437957 0.0369884 0.755895
-0.0103986 -0.0594112 0.683237
-0.00420592 0.00398021 -0.851778
0.0323099 0.0629109 0.418067
-0.00742593 -0.0758976 0.425793
0.0324136 0.075846 0.666087
0.00437957 -0.038397 -0.105485
-0.00420592 0.0279913 -0.657078
-0.0336953 0.0630473 0.462433
-0.0550744 -0.0649693 0.329874
-0.00626856 -0.0551711 -0.306971
-0.0338731 0.0630628 -0.909177
0.0112643 0.075846 0.157742
-0.0255309 0.062333 0.680115
0.0589064 -0.0758976 0.919759
0.0588552 -0.0758976 -0.788443
-0.00486797 -0.0521445 0.95057
0.0178508 0.0616459 0.966375
-0.0384139 -0.0635117 0.781175
-0.0540023 -0.0758976 0.548675
-0.00420592 -0.00612316 0.278364
0.0371539 0.0633347 0.116736
0.00287232 0.075846 -0.594324
0.00193336 -0.0758976 0.748608
-0.0387177 -0.0635382 -0.835957
-0.0349335 -0.0632072 -0.144202
-0.00224706 0.075846 0.0706721
0.00482008 -0.0513822 -0.496492
0.0343696 0.075846 -0.994894
0.00437957 0.0254118 -0.60939
-0.0169139 -0.0616307 -0.716313
0.00437957 -0.0161543 0.39889
-0.00382474 0.075846 -0.251891
0.0105772 -0.0758976 -0.475293
0.00503524 0.0520731 -0.769233
0.0443285 -0.0640139 -0.0171875
0.0305497 0.0627569 0.751707
0.00437957 -0.0206638 0.832832
-0.011445 0.0599827 0.840872
-0.000862773 0.075846 0.814321
-0.00808943 0.075846 0.65609
-0.0134317 0.0608548 -0.945265
-0.0511219 0.075846 -0.0528247
0.00437957 -0.0225968 0.791664
-0.033178 0.075846 0.1583
0.0367155 0.075846 0.0606051
-0.0420918 0.0637819 -0.312526
-0.0383982 -0.0758976 -0.757723
-0.00420592 -0.00459 -0.924206
0.0114705 -0.0599536 -0.0315133
-0.0111375 -0.0598641 0.494195
-0.0079321 -0.0573382 -0.634417
0.0327102 0.075846 -0.527007
0.00836382 -0.0758976 0.921047
0.039606 -0.0636008 0.11246
-0.00472483 -0.0516713 0.755113
-0.0223853 0.0620578 -0.0335071
0.0355697 0.0631961 0.930316
0.0363617 -0.0758976 0.881303
-0.0368484 -0.0758976 0.589596
0.0586098 0.075846 -0.971883
0.0368982 -0.0633639 -0.400714
0.00437957 -0.0206727 -0.491245
-0.0481392 -0.0758976 0.471723
-0.0144964 -0.0758976 0.617925
-0.0464975 0.075846 -0.136677
-0.035018 0.075846 -0.209169
-0.0570812 0.075846 0.6623
-0.0570422 0.075846 -0.590768
0.0351896 -0.0632144 0.724433
-0.0125872 -0.0605812 -0.0542017
-0.037114 -0.0633979 0.399406
0.00993669 -0.0758976 0.286282
0.00437957 -0.00661048 0.744362
-0.00522785 0.075846 0.446654
-0.0369025 -0.0633794 -0.403763
0.0123099 0.0603291 0.115718
0.0584094 -0.0665981 0.55773
0.0475046 0.0642403 0.139326
0.00443518 0.0491146 -0.570672
0.00437957 -0.0224309 0.913835
-0.00766203 -0.0570422 0.256929
0.00583416 -0.0540834 -0.242027
0.00156603 -0.0758976 -0.678137
-0.00420592 0.0350555 -0.216709
0.00437957 0.0108884 0.146071
0.0047303 -0.0510157 -0.0843414
0.00620109 0.0547155 -0.0613163
0.0073053 -0.0758976 -0.390471
0.0142914 0.075846 -0.896211
-0.0483928 0.0643332 0.707622
0.0553846 -0.0758976 -0.188146
-0.0526271 -0.0758976 0.376455
0.00858385 -0.0758976 0.406682
0.0229295 0.0620902 -0.0841191
0.0378969 -0.0634512 0.44198
0.0108009 0.075846 0.610719
0.036536 -0.0758976 -0.55423
0.00222354 -0.0758976 0.529589
-0.0358314 -0.0632857 -0.801741
0.00899236 -0.0758976 0.241609
-0.0338825 0.075846 -0.115821
-0.0562161 -0.0651271 0.62375
-0.0342136 0.075846 0.529602
-0.00420592 0.0304575 0.545476
0.0372592 0.0633439 -0.0514676
-0.00420592 -0.012004 -0.225653
0.0512721 0.075846 0.903909
0.00437957 -0.0245361 -0.365949
0.00437957 0.0139849 -0.128441
0.0452448 0.075846 -0.778952
-0.0447007 0.0640101 -0.181376
-0.0393585 0.075846 0.118548
-0.00420592 0.0307677 -0.148345
0.010937 -0.0596428 -0.793902
-0.00420592 0.0236951 0.873279
0.00693104 -0.0758976 0.635849
-0.0222213 0.0620434 0.250169
0.0366247 0.075846 0.160302
-0.037509 0.0633809 -0.94744
-0.0049497 -0.0758976 0.313229
-0.00420592 -0.0393954 -0.193446
0.00951783 0.0585927 -0.367616
-0.00420592 -0.0201986 0.225591
-0.0373987 -0.0634228 0.996613
0.00792363 0.075846 0.221017
-0.0389826 0.075846 0.800246
-0.00420592 0.00796799 0.0246402
-0.0373159 0.075846 0.627315
-0.0309631 -0.0758976 0.307335
0.0357797 0.0632145 -0.197793
0.00438888 -0.0484369 -0.327844
0.0340887 -0.0758976 0.624917
0.0402217 0.075846 -0.594099
0.0579041 0.075846 -0.452121
0.00610304 -0.0545932 -0.429943
0.0409294 0.063665 -0.135422
-0.0505653 0.0645232 0.0814598
-0.00420592 -0.0130607 0.489446
0.0589873 -0.0723975 0.602331
-0.058521 -0.0758976 0.00293441
-0.0557171 -0.0650279 -0.929716
-0.0436263 -0.0758976 0.201727
-0.050889 -0.0758976 -0.174959
0.0555961 -0.0649997 0.704284
-0.00236098 0.075846 -0.920111
-0.0112881 0.0598972 0.368406
0.03449 -0.0631532 -0.206142
0.0381353 0.075846 -0.664077
-0.00507897 -0.0758976 0.584686
-0.0467575 0.075846 -0.0927378
-0.0582977 -0.0666962 0.424443
-0.0554113 0.075846 -0.0102551
0.0589873 -0.0690945 0.468153
0.0394027 -0.0758976 0.217528
0.0423367 0.075846 0.222352
-0.037526 0.0633824 0.00717198
-0.0393233 0.0635397 -0.40309
-0.0185006 -0.0758976 -0.930018
-0.0348926 -0.0632036 0.886654
-0.00205421 0.075846 -0.217857
-0.00809217 0.075846 -0.377671
0.00757293 -0.0567368 -0.712255
0.00565618 0.0536629 -0.973179
0.00437957 0.046484 0.156449
-0.00420592 -0.0384744 0.186427
0.00437957 0.0179204 -0.251187
-0.00777033 -0.057163 0.143885
-0.0584155 -0.0669051 0.668065
-0.00420592 -0.0164532 0.617458
-0.03098 -0.0758976 -0.520269
-0.00644596 -0.0554497 -0.28303
0.058286 0.0663702 -0.0290492
0.0171645 0.075846 0.690537
-0.0215144 -0.0758976 -0.67279
-0.0391308 0.0635228 -0.856638
0.00437957 -0.0273318 0.267931
0.0574371 -0.06561 0.750841
-0.058089 0.075846 -0.8778
-0.029561 -0.0758976 -0.25116
0.0424638 0.0637992 0.637329
0.0381953 -0.0634773 0.984903
0.00667413 0.0554808 0.895688
-0.0378686 -0.0634639 -0.208163
-0.00620741 0.075846 -0.825043
-0.00469331 0.075846 0.176284
0.00437957 -0.0135745 0.699217
-0.00146516 0.075846 0.10234
0.0400734 0.0635901 0.255795
-0.0434731 -0.0639543 0.810528
-0.00420592 -0.012723 0.93388
-0.0121023 -0.0603648 -0.223649
0.0106336 0.0593997 0.477032
0.0292804 -0.0626974 0.00242577
0.00751775 0.0566188 -0.644615
0.0320923 -0.0629434 0.959707
0.00497309 -0.0519256 -0.453403
0.0332708 -0.0758976 -0.24156
0.0589873 0.0752146 0.949939
-0.058161 0.0664369 -0.440694
-0.0117738 -0.0758976 0.191231
-0.00420592 0.00807774 0.0927559
-0.0429238 -0.0758976 0.125125
-0.00420592 0.000463812 0.643483
-0.03805 -0.0634798 0.726399
-0.0373774 -0.0758976 0.923592
-0.0364502 -0.0758976 0.630912
0.0393041 -0.0758976 -0.0583112
-0.00420592 0.0115373 0.934728
-0.0460728 -0.0758976 0.164639
0.010775 0.0594904 0.781942
-0.0282052 -0.0758976 0.86082
0.0589873 0.0754516 0.858781
-0.0017483 -0.0758976 -0.186904
-0.00420592 -0.0247381 0.359392
-0.00420592 0.026863 0.475697
0.0149601 0.075846 -0.562252
0.0589873 0.0716691 -0.741502
-0.00420592 0.0117953 0.233644
0.00816326 0.075846 -0.704363
0.00437957 0.0141585 -0.70415
0.00109815 0.075846 -0.29881
0.00854468 0.0577329 -0.460391
0.00437957 0.0381994 -0.287222
-0.0588137 -0.0704542 -0.951924
0.0160187 -0.0615071 -0.514681
0.00713814 -0.0561884 0.971272
0.0589873 0.0753723 0.974215
-0.00420592 0.0321475 -0.0684136
0.00437957 0.00547068 0.422711
0.0577877 -0.0658815 0.510278
-0.0195458 0.075846 0.313156
-0.0217412 0.075846 0.731877
0.0434259 -0.063935 -0.663231
-0.00825239 -0.0758976 -0.271008
0.00437957 -0.00308936 -0.514577
-0.0127441 0.0605949 0.700082
0.0487799 -0.0758976 0.826913
0.00437957 0.0186179 0.819376
-0.045475 -0.0758976 -0.630414
-0.0207905 -0.0619698 -0.877977
0.0166024 0.061533 -0.744451
0.00726932 -0.05636 0.791232
0.0582184 -0.0663339 0.156068
0.00437957 0.0206811 0.526757
-0.0389864 0.0635102 0.413143
0.00937569 0.058477 0.510537
0.0350229 0.0631482 -0.236487
0.0335824 -0.0758976 -0.306683
-0.0581873 0.075846 0.991767
-0.00420592 -0.0373418 -0.870554
0.0265776 0.075846 0.483125
-0.00420592 0.0377668 -0.104438
-0.0526669 0.075846 -0.918312
-0.0151381 0.0613273 0.9984
0.0498703 -0.0758976 0.0264059
0.0233448 0.0621265 -0.118623
-0.0484191 0.0643355 0.582043
-0.00983293 0.0589673 0.0253634
-0.0588137 -0.0748785 -0.695744
-0.0332707 0.075846 -0.355855
0.00437957 0.00586901 0.182572
-0.0367368 0.075846 0.297851
0.0571881 -0.0654559 0.181382
-0.00420592 -0.0231507 -0.458357
0.00437957 0.0119235 0.855441
0.048057 0.075846 0.73891
0.0352607 -0.0758976 -0.45993
0.029969 0.0627061 0.0813279
-0.0124719 0.075846 0.559898
0.0511928 -0.0646145 0.367981
-0.00385479 0.075846 -0.876089
0.0306222 -0.0758976 0.771588
-0.036749 0.075846 -0.761243
0.00437957 0.00923516 0.319925
-0.00420592 0.00894415 0.0606296
-0.0580983 0.0663515 -0.416182
-0.0443617 0.075846 -0.273865
-0.0330295 0.062989 0.913035
0.0359524 -0.0632811 -0.931822
-0.00587429 0.0544413 0.230589
-0.0386438 -0.0635318 -0.734735
-0.0561999 0.075846 -0.547667
0.00437957 -0.0117827 0.893725
0.0111315 0.075846 -0.331187
-0.00420592 -0.0431011 -0.833206
-0.0415414 0.0637337 0.976951
-0.0119694 -0.0603015 0.984504
-0.00420592 -0.0127014 0.853909
0.00437957 -0.0182798 -0.622882
0.00901242 0.075846 -0.527702
-0.0143495 0.0611384 0.59473
0.00804906 -0.0572775 -0.909598
0.0352201 0.075846 -0.954721
0.00437957 0.0132563 -0.989396
-0.0340606 -0.0631308 0.184466
-0.0359353 0.0632433 -0.976222
-0.0111208 0.059803 -0.587771
0.00754119 0.0566471 0.999011
-0.0583633 -0.0758976 -0.0196105
0.010434 0.0592676 -0.431317
0.00580163 0.0539664 0.548829
-0.0215727 -0.0620382 0.930948
0.00437957 0.00952394 0.71942
-0.019369 0.075846 0.754449
-0.0163462 -0.0758976 -0.760418
-0.0362492 -0.0633223 -0.0467208
0.0250598 0.0622766 -0.8512
0.0384024 -0.0758976 0.542658
0.00437957 0.011226 0.89709
0.0370793 0.075846 -0.887485
0.0383209 -0.0634883 -0.597896
0.00437957 0.022811 -0.0881001
0.00261765 -0.0758976 -0.92334
-0.0363921 -0.0758976 0.762925
0.000923195 0.075846 0.328137
0.00253313 -0.0758976 0.990713
0.0349024 -0.0758976 -0.722908
-0.00420592 0.0315779 -0.828588
-0.00420592 0.0163242 -0.630031
-0.0585222 0.0670777 0.038223
0.033307 -0.0758976 0.809202
-0.033465 0.075846 -0.496883
-0.0128075 -0.0758976 0.730486
-0.00420592 0.0058149 0.570574
0.0259805 -0.0758976 -0.755757
-0.0372676 -0.0758976 -0.334157
-0.00829982 0.0576632 0.945141
0.0227497 0.0620745 -0.825586
0.0069217 -0.0558925 0.340968
-0.0436714 0.075846 -0.376069
-0.0192928 -0.0758976 0.221129
-0.00420592 -0.0319565 0.437395
0.0400143 0.075846 -0.488022
-0.0221657 0.0620386 0.785684
0.0473951 -0.0758976 -0.699948
-0.0391225 0.0635221 0.177507
0.0212687 -0.0758976 -0.996588
0.0117218 0.075846 0.399271
-0.0588137 -0.0754177 0.281157
0.0275341 -0.0758976 0.84604
0.00266926 0.075846 0.355358
0.0275035 0.075846 -0.764359
0.00821247 0.0573989 0.824512
0.018143 0.0616714 -0.955396
-0.00954735 -0.0588042 0.0252073
0.00692153 -0.0758976 0.448266
-0.0121636 -0.0758976 -0.372476
0.00437957 0.000356412 -0.0870692
-0.00420592 0.0301629 0.396845
-0.0119055 -0.0758976 -0.139902
0.0164683 -0.061569 0.740791
0.0469947 -0.0642472 0.863967
0.00437957 -0.00997764 -0.439423
-0.0463912 0.064158 0.547207
0.00437957 -0.00837852 0.534823
0.00582519 0.0540139 0.28279
0.00245542 0.075846 -0.123559
0.00437957 0.0150865 0.279569
0.0589374 0.0678912 0.581911
-0.00420592 0.00243192 -0.180281
-0.0164571 -0.0758976 -0.340591
0.0392705 -0.0758976 0.090293
-0.0569114 -0.0758976 -0.828692
0.0105339 -0.0758976 0.00240165
0.00118353 -0.0758976 0.131883
0.0138519 0.060938 -0.921209
-0.0293059 0.0626633 -0.627723
-0.0193097 -0.0758976 0.526698
-0.0162587 -0.0615646 -0.838381
-0.0125913 -0.060583 -0.809696
-0.0390866 0.063519 0.50988
-0.039309 -0.0758976 -0.963455
-0.0211415 0.061949 0.135638
-0.00420592 -0.00197832 0.780931
0.0335179 -0.0758976 0.277142
0.00922659 -0.0584038 -0.990268
-0.00420592 -0.0343839 -0.892783
0.0518149 0.0646174 -0.698024
-0.00914774 -0.0584836 0.865737
-0.0235541 0.06216 -0.569621
0.0160687 -0.0758976 0.0512148
0.00437957 0.0245276 -0.852825
0.0407795 -0.0637034 -0.910099
-0.0413034 -0.0637645 0.702514
-0.0557664 0.075846 0.268322
0.00437957 0.0199647 0.681968
-0.0407461 0.0636642 -0.459957
-0.0234678 -0.0758976 0.440277
0.0304158 -0.0758976 -0.645946
0.00437957 -0.0120469 0.0974234
0.00437957 0.00883808 -0.888644
0.0589873 0.0736063 -0.858096
0.00857766 0.0577648 0.926447
-0.0375178 -0.0634333 0.48728
-0.0153875 -0.0614285 0.660409
0.00437957 -0.0423585 0.645349
0.00437957 -0.0390243 -0.669721
-0.0449635 -0.0640847 0.0426224
-0.00420592 0.00985486 -0.748226
-0.0188354 0.0617472 -0.75354
-0.00991052 0.0590236 0.640608
-0.00997189 -0.0758976 0.903157
-0.00904984 -0.0584012 -0.257215
0.0325904 0.075846 0.978057
0.00437957 0.018988 -0.0480502
-0.0125559 0.0605164 -0.797682
0.00626961 0.075846 -0.00698168
0.00437957 -0.0451305 0.505591
-0.00726715 0.0565246 -0.225481
0.0101865 -0.0591482 0.657295
-0.00891681 -0.0582867 -0.402595
-0.0237558 -0.0622292 -0.948487
0.0373479 0.075846 0.553074
0.00437957 -0.0270681 -0.328552
0.0230658 -0.0621537 0.163055
-0.013552 0.060896 0.525748
0.0442628 0.075846 -0.257883
0.0106828 -0.0594831 -0.135215
-0.00420592 -0.0192579 -0.260846
0.00655765 -0.055354 -0.353105
-0.00787053 0.0572207 -0.628692
-0.00420592 0.0130215 0.378881
0.0246659 0.0622421 0.29346
0.00437957 -0.0236887 0.150848
0.00437957 0.0359952 -0.938637
0.009757 -0.0758976 -0.809247
-0.0405639 -0.0636998 -0.859217
0.00437957 -0.012725 -0.0689372
0.0418156 -0.0758976 0.668499
0.0561575 0.075846 0.835663
0.0443831 0.075846 0.772121
-0.0408456 -0.0637244 0.560994
0.00974006 0.0587673 -0.406699
-0.0179647 -0.0758976 -0.0948641
-0.021423 -0.0620252 0.0565905
0.00437957 0.015212 -0.5368
0.00437957 -0.0235396 -0.416823
0.0421928 0.075846 0.704484
0.00437957 -0.0176968 -0.722651
-0.0585894 -0.0672959 -0.995957
-0.0447356 -0.0640647 0.511005
0.0138581 -0.0609915 -0.686927
-0.00420592 0.0346576 -0.906183
0.023148 -0.0621609 -0.843641
0.00630857 0.0548995 0.379086
-0.0588137 0.0701676 0.124948
-0.018965 0.075846 0.214085
-0.00924887 -0.058567 -0.00479071
-0.00420592 0.0190597 -0.571082
-0.00420592 0.0170443 -0.45756
-0.0139878 -0.0610865 -0.175001
0.00437957 0.0460345 0.805249
0.0235136 -0.0758976 0.181325
-0.0145537 0.075846 -0.667684
-0.00424547 0.0489215 0.0663416
0.0463263 0.075846 -0.336527
-0.0414734 0.0637278 0.819061
0.0161595 0.0614766 -0.624784
-0.0066077 -0.0758976 0.270823
-0.0133235 0.0608167 -0.84263
0.00475956 -0.0758976 0.78095
0.00437957 0.0337929 0.440039
-0.0366789 0.075846 0.0614337
-0.0229108 -0.0758976 0.676069
-0.0408211 0.075846 -0.606084
0.0186299 0.075846 0.59001
0.000281733 -0.0758976 -0.0417491
-0.0387705 0.075846 -0.242119
0.0172571 -0.0616455 0.623
0.00437957 -0.0254482 0.986011
-0.00716849 0.0564013 -0.185067
0.0120647 -0.0602633 -0.656762
0.0335027 -0.0758976 0.930963
0.0589873 0.0755332 0.48508
0.0393082 0.0635232 0.723676
0.00437957 0.0229581 -0.786433
-0.0153148 0.0613629 0.188807
-0.00420592 -0.0034678 -0.814064
-0.0181433 0.075846 -0.553024
0.0136516 -0.0609224 -0.613873
-0.00956141 -0.058815 0.174259
-0.00227337 -0.0758976 0.108635
-0.00420592 0.0333203 0.34965
-0.0334281 0.075846 0.559728
-0.00420592 -0.0258858 0.75039
0.0223606 -0.062092 0.509504
0.00437957 -0.000588618 -0.267604
-0.00763956 0.075846 0.934779
0.0342666 -0.0758976 0.413688
0.00694169 0.055869 0.421691
-0.00420592 -0.0339949 0.315437
0.038951 0.075846 -0.461463
0.0124949 0.0604137 0.739268
-0.00420592 0.0349291 -0.334499
-0.0278213 -0.0758976 -0.499375
-0.00563365 -0.0540295 0.205507
0.00437957 -0.022036 0.875577
-0.00420592 0.0215959 -0.360705
-0.0451095 0.0640459 0.894693
-0.0587421 0.075846 0.147366
-0.0428775 0.075846 -0.476687
-0.0280257 -0.0758976 0.0852562
-0.0160225 -0.0615333 0.784206
0.00997868 0.0589468 0.572085
0.007401 -0.0565268 0.853279
-0.00420592 0.0281141 -0.977741
-0.00571584 0.0541411 0.264065
-0.0111646 -0.0598795 -0.485674
0.00437957 0.0433519 -0.539463
-0.00791501 -0.0573199 0.407828
-0.00420592 -0.00665146 0.462459
0.0127024 -0.0605563 0.816802
0.00437957 0.0396451 -0.433664
-0.0406102 0.0636523 0.281622
-0.0267722 -0.0624931 -0.378311
0.0259772 0.0623568 0.0162142
-0.00420592 -0.0315031 -0.745213
0.00631848 -0.0549677 -0.733591
-0.042161 0.0637879 -0.726942
-0.00918918 0.0584664 0.459102
0.014197 -0.0758976 0.953153
0.00678365 -0.0758976 -0.229198
-0.0385947 -0.0758976 -0.0845241
-0.00294116 0.075846 -0.0475804
-0.00948362 -0.0587547 0.381112
0.0190699 -0.0618041 -0.872103
0.00665132 -0.0554979 -0.207551
-0.00420592 -0.0231242 -0.574458
0.0551913 0.0649127 -0.901869
0.058366 0.075846 -0.0890632
0.00437957 -0.0220778 -0.692573
-0.00462241 0.0512368 0.127715
-0.00420592 -0.0341244 0.714175
-0.0070753 0.0562822 -0.473654
-0.00420592 0.0402911 0.591976
-0.0380883 -0.0634832 -0.486663
0.00437957 0.0246722 -0.499347
-0.0385452 0.075846 0.238904
-0.0149203 -0.0613316 0.0763726
-0.0366371 -0.0758976 -0.420931
0.0358163 0.075846 0.803299
0.00437957 -0.0104198 0.441355
-0.0388061 -0.063546 -0.896305
0.0399628 0.075846 0.358721
0.00760333 -0.0567731 0.584854
0.00437957 -0.0363872 -0.00882518
0.0244779 -0.0622772 -0.959759
0.0385012 -0.0758976 0.474395
0.016135 0.075846 -0.229148
-0.0554764 0.0649529 -0.837582
-0.00669283 -0.0558143 0.733533
-0.00420592 0.0259517 0.839088
0.00720288 0.0562222 -0.107568
0.0458722 -0.0758976 -0.981374
0.0134871 0.0608131 0.448394
0.0467138 -0.0642226 -0.830907
-0.00668657 0.0557538 -0.347814
-0.0128119 -0.060674 0.342705
-0.0183964 -0.0617604 -0.995887
-0.00510514 0.0527682 -0.0280251
-0.00420592 0.0395501 -0.728072
-0.0497243 -0.0758976 -0.13635
-0.0583656 -0.0758976 -0.722143
0.00437957 -0.0128464 0.970057
-0.00836344 0.0577255 0.667587
0.0407968 0.075846 0.322508
0.00437957 0.0211324 0.60803
0.0132357 0.0607203 -0.189949
0.0110782 -0.0597282 -0.588095
0.0107346 -0.0595163 0.124728
0.00981858 -0.0588788 0.436994
-0.00420592 -0.0235987 0.951544
-0.0395128 -0.0636078 -0.466427
0.00941974 -0.0758976 -0.431373
0.0398081 -0.0758976 -0.383911
0.00437957 0.0260594 0.21899
0.039602 0.075846 -1.55085e-05
-0.025583 -0.0758976 -0.0169301
0.0175731 -0.0616731 -0.0706845
0.0131534 0.075846 0.258562
-0.0130866 0.0607297 -0.0616283
0.006782 0.0556407 0.00485878
-0.0219035 0.0620156 -0.314278
-0.0373655 0.0633684 0.101222
-0.0453734 0.075846 0.472747
-0.00420592 -0.0127344 0.0243817
-0.0123937 0.060446 -0.516527
-0.0436444 -0.0639693 -0.027985
0.0109492 -0.0758976 0.361339
0.0325259 -0.0629813 -0.813775
0.0395396 0.075846 -0.798295
-0.00973542 0.0588953 0.614207
0.0427027 -0.0638717 -0.788689
-0.0232615 0.0621344 0.0400275
-0.0386674 0.075846 -0.530147
0.0120772 -0.0602695 0.0220871
0.0572702 0.065452 0.601823
0.0517535 0.064612 0.674232
0.0132169 -0.0758976 -0.306917
-0.00975669 -0.0589627 -0.900388
-0.0581709 -0.0665025 -0.667467
0.0384579 -0.0758976 -0.156012
0.0379659 0.0634057 0.887287
0.00544633 -0.0758976 0.170734
-0.0128956 -0.0758976 -0.439222
-0.00420592 0.000817031 -0.723893
-0.00420592 0.022853 0.252707
-0.00822148 0.0575854 -0.707363
-0.00976378 -0.0758976 0.150783
-0.00420592 -0.0120258 -0.839689
-0.00420592 -0.0268498 -0.535291
0.00811381 -0.0573467 0.48918
0.0443447 -0.0640153 -0.22535
0.0147173 -0.0758976 0.875903
-0.0107381 0.0595757 -0.0894596
0.0101336 -0.0591106 0.686424
-0.00420592 0.0202877 0.650822
-0.00420592 0.0117582 0.165454
-0.00420592 0.0227393 -0.0271501
-0.00420592 -0.0341582 -0.283084
-0.00420592 -0.0159561 -0.348408
-0.0121501 0.075846 0.391231
-0.0105732 -0.059524 -0.124866
0.0577603 -0.0658576 -0.0524803
-0.0101078 -0.0758976 -0.975484
0.0308317 -0.0758976 -0.27458
-0.00420592 -0.0230355 -0.780446
-0.0321855 -0.0758976 -0.310992
-0.0481005 -0.0643591 0.956015
0.0218874 0.061999 0.043521
0.0391729 -0.0758976 -0.680452
0.0401848 -0.0758976 0.644372
0.00801094 -0.0572362 0.391835
-0.0066991 0.0557717 -0.251604
-0.0414058 -0.0637734 0.832872
0.0285714 0.075846 0.955657
0.0122758 0.0603132 0.0913019
-0.0356021 0.075846 -0.0391702
-0.0391881 0.0635278 0.725416
-0.0318531 0.075846 -0.788201
0.0399904 0.075846 0.520382
0.0581198 0.0661639 0.292154
-0.00420592 0.00826589 -0.381424
0.0585731 0.0668231 -0.216848
-0.0128398 0.0606337 -0.970949
0.0175823 -0.0616739 -0.192148
0.00437957 -0.00871466 0.23963
-0.0534449 0.075846 0.308982
-0.0096237 -0.0588627 -0.196704
-0.0228203 -0.0758976 -0.0615856
0.0327022 0.075846 0.19839
-0.0118252 0.075846 -0.769117
-0.00433129 -0.0497831 -0.522575
0.0397058 0.0635579 -0.0159233
-0.0410368 -0.0758976 -0.282378
0.0567634 -0.0652525 0.788317
-0.00420592 -0.0123668 -0.474961
0.0240888 -0.0758976 0.686086
0.0116 -0.0600242 -0.276312
0.0198815 0.0618235 0.876836
-0.013588 -0.0609597 0.303556
-0.00420592 -0.032047 0.408458
0.00951145 0.0585876 0.684631
0.00250423 0.075846 -0.546885
-0.0316346 0.062867 -0.648308
0.0133274 0.0607548 0.330938
0.00394184 -0.0758976 -0.102754
0.00437957 -0.0404752 -0.163108
0.00437957 -0.00378965 -0.868485
-0.0364478 -0.0633396 -0.163873
0.0589873 0.0758046 -0.764794
0.0509025 -0.0645891 -0.860167
0.0375119 0.075846 -0.118347
0.00437957 -0.0325796 0.375728
0.0384595 0.075846 0.457864
0.021624 0.075846 0.125685
-0.0253519 0.0623173 0.878457
-0.0150021 -0.0758976 0.458074
-0.0391864 0.0635277 -0.809907
-0.00420592 0.0144917 -0.297863
0.00437957 -0.0418141 -0.593816
0.0297915 0.075846 -0.311658
-0.0360326 0.075846 0.670375
-0.039408 -0.0635986 0.257077
0.0167083 0.0615443 -0.264622
0.00437957 -0.0230142 0.177839
0.01521 0.075846 0.791889
-0.0317548 0.0628775 -0.28351
-0.00420592 -0.0357591 -0.923227
-0.0389198 0.075846 -0.895149
0.0240756 -0.062242 -0.546357
0.00437957 -0.00767767 -0.163256
-0.00604583 -0.054799 0.0926501
0.011316 0.0598153 -0.151917
-0.0113858 -0.0600023 -0.0304338
-0.0318196 0.075846 -0.992237
-0.00420592 -0.012502 -0.649401
0.00808346 0.0572628 0.720207
0.0202504 -0.0758976 0.658189
-0.0407066 0.075846 0.948894
0.0117504 -0.0758976 0.0790506
-0.000181239 0.075846 -0.806465
-0.0110617 -0.0758976 -0.542304
-0.0124072 0.0604519 -0.454239
0.00744172 -0.0565773 0.243907
-0.0057805 -0.0543173 -0.950071
0.0208856 0.075846 -0.019887
-0.00420592 0.0381276 0.511815
0.0571455 0.0653806 0.436923
0.00437957 0.0387365 -0.867854
0.00437957 0.0187385 0.458017
0.0100763 -0.0590695 -0.411416
0.00437957 -0.0328045 -0.385508
-0.0580917 -0.0663942 -0.370462
0.0305696 -0.0628102 -0.341717
0.0349199 -0.0758976 0.34655
-0.0293921 0.075846 0.44844
-0.0338116 -0.0758976 -0.881795
-0.00420592 0.0260773 0.119295
0.0459567 -0.0758976 0.301813
0.00816559 -0.0574014 -0.560431
0.0400793 0.0635906 -0.609171
0.00437957 -0.0343399 -0.0444891
-0.0364538 -0.0758976 -0.441467
0.0459324 -0.0641543 0.0595343
0.00759717 0.0567142 -0.996116
0.0589873 -0.0748689 -0.628303
-0.00420592 -0.00402239 -0.0114436
0.0106129 0.0593862 -0.0187635
0.01962 0.0618007 -0.667402
-0.0125253 0.0605033 0.896063
0.0373086 -0.0758976 0.149728
-0.0116181 0.0600741 -0.166145
-0.0292828 0.0626612 -0.420428
0.0589873 -0.0728021 0.114154
-0.00420592 -0.0289391 -0.70861
0.0154464 0.075846 -0.374107
0.0588706 -0.0758976 -0.012494
0.0224728 -0.0621018 -0.250188
-0.00851131 0.075846 -0.441142
-0.0149675 -0.0758976 0.37401
0.0256323 0.075846 0.919583
-0.049055 0.075846 -0.508746
-0.0165501 0.0615459 0.574724
-0.00420592 -0.0401932 -0.422199
-0.0587677 -0.0679666 0.238525
0.0113529 0.0598362 -0.802279
-0.00420592 0.0126633 0.991374
-0.0374176 -0.0758976 0.0564803
0.0589873 -0.0744026 -0.95012
0.0110216 -0.0758976 -0.371523
-0.0447862 -0.0640692 -0.543629
0.0589873 0.0758179 -0.818831
0.0441425 0.075846 -0.362222
0.0437174 0.075846 0.379503
-0.0261607 -0.0758976 -0.705589
-0.0164334 -0.0758976 0.639426
0.0411329 -0.0758976 0.710931
0.0174963 -0.0758976 -0.709402
0.046707 -0.0758976 0.958344
-0.0347182 0.0631368 -0.101362
-0.0271896 0.0624781 -0.688693
-0.00706821 -0.0563245 -0.686251
0.017748 -0.0616884 -0.464
0.00300502 -0.0758976 -0.749058
0.0059759 -0.0543586 -0.116135
-0.00420592 0.0364601 -0.77567
0.0407422 0.0636486 -0.722461
-0.0390285 0.075846 0.877947
-0.0405745 -0.0758976 0.98231
0.0185362 -0.0617574 0.210049
-0.0380844 -0.0758976 0.327708
-0.00697771 -0.0758976 0.510318
0.0472919 -0.0642732 -0.515269
0.0294947 0.075846 -0.922002
-0.00420592 0.0272476 0.0940939
0.0414672 -0.0637636 0.761371
0.0461264 -0.0641712 -0.29264
-0.000135643 -0.0758976 -0.598257
-0.0217535 0.075846 -0.265711
-0.00420592 -0.0232494 0.0770704
-0.00420592 -0.00349102 -0.901528
0.0234612 -0.0621883 0.286019
0.00437957 -0.0110879 -0.964214
-0.0375758 -0.0758976 -0.59508
-0.0223736 0.0620568 0.271048
-0.00761239 -0.0569859 -0.980786
0.0310457 0.075846 -0.0947023
-0.00420592 -0.0131044 0.812922
0.0432747 0.0638702 -0.539235
0.0342355 0.075846 -0.390076
0.0140235 -0.0610443 -0.754192
-0.0420018 0.075846 0.398851
-0.00420592 0.00296904 0.680471
-0.0310344 0.0628145 -0.222547
-0.00420592 0.0456365 0.335009
-0.0514896 0.0646041 0.621211
-0.00924035 -0.0585601 -0.863168
0.0177564 -0.0758976 -0.335887
-0.00420592 -0.0447384 -0.651576
-0.0123746 -0.0604891 0.473986
0.0589873 0.0737735 -0.409316
0.00983837 0.0588423 -0.503094
-0.023929 0.075846 0.174971
0.025812 -0.0623939 0.889848
0.0366614 -0.0633431 0.585334
-0.03027 0.075846 0.33129
-0.0330043 -0.0758976 0.00402689
0.0319196 -0.0758976 0.998801
-0.00750795 0.075846 0.605505
-0.00853912 0.075846 -0.982016
-0.0247173 0.075846 0.641573
0.0203978 -0.0758976 -0.0368146
0.00735515 0.0564177 -0.938492
0.0230025 0.0620966 0.163616
0.00455489 -0.0501191 0.533004
0.0189891 -0.0758976 0.707383
0.00169275 0.075846 0.510268
-0.0407445 -0.0637156 0.217346
0.00437957 0.00772527 -0.556387
-0.0398655 0.075846 0.596392
0.0266615 0.075846 0.851301
0.0157638 0.0614137 0.230501
-0.016857 -0.0616257 0.278139
0.0430065 0.075846 0.61166
0.00437957 0.0220113 0.628597
0.0117363 -0.0600967 -0.00798447
0.00838367 0.0575739 -0.282365
-0.0156661 0.075846 -0.470488
0.0179079 0.075846 -0.161125
-0.0430829 0.0638686 0.640765
0.00448864 0.075846 0.636079
-0.00420592 -0.0413063 0.872715
-0.00420592 0.0273557 -0.000312556
0.0103203 0.0591901 -0.875812
-0.0343666 0.075846 0.689936
0.00437957 0.0276442 0.569934
0.00890138 -0.0581188 0.369637
0.0213061 0.0619482 0.388153
-0.0398128 0.0635825 0.205469
-0.0192461 0.075846 0.911854
0.00437957 -0.00154479 -0.664627
0.00437957 -0.0111395 0.661161
-0.00420592 0.0448401 0.912607
0.00437957 0.0402869 0.775649
0.0209573 0.0619177 0.839232
-0.0587543 0.075846 -0.177166
0.00437957 -0.020248 -0.930237
-0.0386682 -0.0758976 0.900046
-0.0150508 0.0613088 -0.909137
0.00437957 0.035833 0.0559159
-0.00420592 0.0459149 -0.369923
0.00437957 0.0374493 0.191802
-0.0202141 -0.0619194 0.955374
0.0186553 -0.0758976 -0.534601
0.0100504 -0.0590508 -0.296115
-0.0425848 0.063825 -0.928692
-0.00686691 -0.056057 0.617343
-0.00420592 0.00201031 0.758865
0.0537146 0.0647836 0.541177
0.0509898 -0.0645967 -0.542746
-0.0054394 0.053569 0.791108
0.0136913 0.0608844 0.763438
-0.00974606 0.0589032 0.47954
-0.0417766 0.0637543 0.844112
-0.00420592 0.0261114 -0.92518
-0.0201606 -0.0758976 -0.231766
-0.00197765 0.075846 0.768741
-0.00847379 0.0578317 -0.726583
-0.00925524 -0.0585722 -0.340488
0.00437957 -0.0209124 -0.798815
0.0373099 0.0633483 0.342136
0.00532381 0.075846 0.731313
-0.00560086 -0.0539628 0.326486
-0.0588137 0.0718871 -0.310001
0.0200011 -0.0618856 -0.493197
0.0374567 0.075846 0.269741
0.0239791 0.062182 0.552056
0.0157039 -0.0614547 0.550574
0.0203019 0.075846 -0.485646
0.00437957 -0.011904 0.582207
-0.0238926 0.075846 0.104962
-0.0380164 0.075846 -0.567528
-0.0408825 -0.0637276 -0.984013
0.0487189 -0.0758976 0.328061
-0.0422271 0.075846 -0.711221
0.0441913 -0.0640019 0.245492
-0.0508824 -0.0646025 -0.790747
0.020471 0.075846 -0.464203
-0.0441949 -0.0758976 -0.262763
0.0451084 -0.0640822 0.394632
-0.042092 0.0637819 -0.747318
-0.00420592 0.0397982 0.739187
-0.0112316 -0.0758976 0.566717
0.0216323 -0.0620283 0.315888
-0.0466064 0.0641769 -0.344613
-0.0566853 -0.0758976 -0.496384
0.00673942 -0.0556297 -0.389133
-0.0304024 0.075846 -0.323395
-0.00876557 -0.0758976 -0.466712
-0.0133986 -0.0758976 -0.307224
0.00671524 0.075846 0.239582
0.0589873 0.073423 -0.600696
0.0440406 0.075846 -0.160822
-0.0117111 0.0601218 0.423354
0.00437957 0.0370769 -0.813043
-0.00420592 -0.0368747 -0.85105
-0.0495677 -0.0758976 -0.105493
-0.0319285 0.0628927 -0.195374
0.00437957 0.0054332 -0.780236
-0.0241149 -0.0758976 -0.78997
0.0407871 0.0636525 0.0439069
0.0583162 0.0664113 -0.552543
0.0137342 0.075846 0.671668
-0.0131625 0.075846 0.540831
0.0411766 -0.0758976 0.456029
-0.00420592 -0.00949686 0.0585232
0.0228472 0.062083 -0.51747
-0.00420592 0.0297991 0.706593
-0.00420592 -0.0112846 -0.10096
0.00770544 -0.0568931 0.154067
0.0229513 0.0620921 -0.705699
0.0429768 -0.0758976 0.6905
0.0431107 -0.0639074 -0.639789
0.0421817 -0.0758976 -0.488148
0.00152366 0.075846 -0.855518
0.0187428 0.075846 0.540744
0.00437957 0.00274643 -0.285795
-0.0204581 -0.0758976 0.112325
0.0467183 -0.0758976 0.901291
-0.00543461 -0.0758976 0.711818
0.00998754 0.0589533 0.947402
0.0573865 -0.0758976 -0.6671
-0.0342192 0.0630931 -0.131435
-0.0257811 0.075846 -0.385463
0.0589702 -0.0681874 -0.259099
0.0165011 -0.0615729 0.600294
0.0286407 0.0625899 0.599075
0.021775 -0.0620408 0.919841
0.0298544 -0.0627476 -0.133105
0.0394978 -0.0635913 -0.370158
0.0418171 0.0637427 0.655832
-0.0201618 -0.0758976 0.597441
0.00437957 0.0162646 -0.41672
-0.00532114 -0.0533532 0.930643
-0.0350073 -0.0758976 -0.352807
0.0128552 0.075846 -0.776062
-0.0543105 -0.0649024 -0.763824
-0.0122157 0.0603659 -0.888166
-0.00901358 -0.0758976 -0.875515
-0.0110616 -0.0598204 -0.61399
0.0430925 0.075846 -0.62317
0.011232 -0.0758976 -0.952816
0.0557379 0.0649606 -0.0741989
0.0182437 -0.0758976 0.484227
-0.00900964 -0.0583669 -0.443357
0.042734 0.075846 0.0828058
0.00437957 0.000687582 -0.0497334
0.00437957 -0.0241828 -0.992424
-0.0430549 0.075846 -0.167433
-0.0588137 0.0746144 0.696549
-0.0201535 -0.0619141 0.360735
0.00437957 0.0168966 0.793998
-0.0146957 -0.0758976 0.693871
-0.0123513 0.075846 -0.707106
-0.00420592 -4.68266e-05 -0.210617
0.00437957 -0.0261598 0.474492
-0.00420592 0.0202293 0.950872
0.012408 -0.0758976 -0.78532
-0.0588137 0.0736104 0.509078
-0.0195397 0.075846 -0.156924
0.0193692 0.075846 -0.198254
0.0228045 0.075846 0.896814
-0.0523546 -0.0647313 0.894229
0.00437957 0.0323825 0.0294514
0.0419096 -0.0758976 0.00131968
-0.00488631 -0.052201 0.0585874
-0.0217011 -0.0758976 -0.620278
0.021172 -0.0758976 -0.621215
-0.0445695 -0.0640502 0.651785
-0.0197534 0.0618275 0.718221
0.0168334 -0.0616081 0.414575
0.00437957 -0.0411024 0.115754
-0.00420592 0.0245773 0.309399
-0.00420592 0.0383106 -0.475125
0.0101238 0.075846 -0.08573
-0.0376127 0.06339 -0.441978
-0.0469438 0.075846 -0.776867
-0.058808 0.0682828 -0.682449
-0.00420592 -0.0386802 -0.555529
0.00437957 -0.0365387 0.763067
0.032786 0.0629525 0.18399
0.0201017 -0.0758976 0.521182
0.00437957 0.0270463 -0.887969
-0.00825446 0.0576183 -0.409312
-0.0166817 -0.0616102 0.892515
-0.042179 -0.0758976 -0.195569
0.0413627 0.0637029 0.81726
0.0235831 0.0621474 -0.888628
0.00437957 0.0302846 -0.751133
-0.00420592 0.0264248 -0.189246
-0.0402254 0.0636186 0.252291
-0.042011 0.075846 -0.962744
0.02495 -0.0758976 -0.395162
-0.0437726 -0.0758976 0.415977
0.0441246 -0.0639961 -0.315499
0.0154522 -0.0614074 0.56913
-0.0442128 -0.0758976 0.0975027
-0.0567842 0.0652855 0.482505
-0.00812972 0.0574926 0.389793
-0.00420592 -0.0132958 0.260252
0.00437957 -0.000750084 -0.628831
0.00437957 -0.0436396 0.259959
0.00962148 0.0586751 0.311998
-0.0432487 0.0638831 -0.592653
0.0296865 -0.0758976 -0.098592
0.0286607 0.0625916 0.784139
-0.00850296 0.0578594 -0.498187
-0.0228243 0.0620962 0.354595
0.0380628 -0.0634658 0.0183334
0.0318375 0.0628696 0.496267
-0.028779 -0.0626687 -0.57369
0.00437957 -0.0426863 -0.779765
-0.0265545 -0.0758976 -0.84246
0.0448457 0.0640076 -0.920466
0.0295466 0.0626691 -0.494701
0.0112095 -0.0598055 0.7105
0.0117785 0.075846 -0.726641
-0.0201509 -0.0619139 -0.649654
0.0118954 0.0601273 -0.315421
0.04071 -0.0636973 0.26369
0.044173 -0.0640003 -0.114432
-0.00420592 0.029051 0.158162
-0.043 0.0638613 -0.0636412
-0.0487188 0.0643617 0.157942
0.0410264 0.0636735 -0.57262
-0.0443667 -0.0758976 -0.238309
-0.0213864 0.0619704 -0.818888
-0.00768102 -0.0570636 -0.467214
0.00820695 -0.0574447 -0.0490831
0.0589873 0.0758134 0.782711
-0.00407156 -0.0758976 -0.0592525
0.00616688 0.0546555 -0.587743
-0.0209187 0.0619295 0.856608
-0.00420592 0.018754 -0.956378
-0.00420592 -0.0325187 0.555483
0.0413136 -0.0637502 -0.174282
-0.00539819 -0.0758976 0.807025
0.021648 0.0619781 -0.598225
-0.00420592 0.00823616 -0.321139
0.00437957 -0.0449239 0.451028
0.0176323 0.075846 0.281648
0.0589873 -0.0746479 -0.435874
-0.0438482 -0.0639871 0.315492
-0.0580157 -0.0662979 -0.0709607
-0.0243454 -0.0758976 0.418425
-0.00420592 0.0459043 -0.68064
-0.0330977 0.062995 0.0246015
0.0450107 -0.0758976 0.191904
-0.00420592 -0.00754715 -0.586751
-0.0421198 0.0637843 -0.0113846
0.00437957 -0.00802389 0.300298
-0.0451196 0.0640468 0.365639
0.0154177 -0.0758976 -0.283845
-0.0378587 0.075846 -0.87054
0.0587775 -0.0758976 0.276257
-0.0181752 0.0616895 0.970036
0.00437957 0.0424891 0.478379
-0.00344126 0.075846 0.286364
0.0174137 0.075846 0.0738395
-0.0255021 0.075846 0.28261
-0.0123073 0.075846 0.0867055
-0.0131855 -0.0758976 0.923202
-0.0241908 -0.0622673 0.627629
-0.041894 -0.0758976 -0.812954
-0.0117888 0.0601611 0.750211
0.0104749 0.0592951 0.0246734
-0.00420592 0.00284657 0.968954
0.01909 -0.0758976 0.132624
-0.0146124 0.075846 -0.598254
-0.0358144 -0.0632842 -0.640407
-0.00420592 0.0182061 0.911842
0.0228074 -0.0758976 -0.691233
0.00437957 -0.0348109 0.231379
0.00437957 0.0392159 -0.39406
0.0356209 -0.0758976 0.235227
-0.00420592 0.0468765 -0.98648
0.0431631 0.075846 0.428698
0.026552 0.075846 -0.285401
-0.00420592 0.0281649 0.290585
0.00437957 -0.011894 0.120531
-0.0410482 0.0636906 0.784122
-0.00420592 0.0253488 -0.401692
0.00553104 0.0533852 0.842206
-0.00420592 -0.031532 -0.955619
-0.01728 0.075846 -0.421709
-0.00420592 0.00460785 0.495355
-0.0245833 0.0622501 0.627176
-0.00420592 0.0434442 0.93497
-0.0516789 0.075846 0.862919
-0.00420592 -0.0374952 0.909546
0.00437957 0.0392853 -0.509614
0.0562344 0.0650366 -0.636464
-0.0108082 -0.0758976 0.542707
0.0245128 0.075846 -0.0460294
-0.0588137 -0.0755099 0.861965
-0.0431198 -0.0758976 0.435072
-0.0420857 -0.0638329 -0.694219
-0.0489407 -0.0644326 -0.390639
-0.00989257 0.0590107 -0.64763
0.0181496 -0.0758976 -0.88416
-0.00420592 -0.0371649 -0.0759744
0.0225125 -0.0758976 0.787448
0.0233642 0.075846 -0.691448
0.0072672 -0.0758976 0.188614
0.0463572 0.0641399 0.980677
0.00948673 0.075846 0.865639
-0.00214369 0.075846 -0.653936
-0.00420592 -0.036244 -0.494003
-0.00420592 -0.0463963 0.0760124
-0.00420592 -0.0352414 -0.813259
-0.0582626 0.0665882 0.346543
-0.0113118 -0.0599618 -0.734012
0.00475211 0.075846 0.120056
0.0329507 -0.0630185 -0.615339
0.0452568 0.0640436 -0.652826
-0.0176199 0.075846 0.149697
0.0164935 0.0615204 -0.343295
0.0205609 0.075846 0.358797
-0.00420592 -0.0168614 -0.135596
-0.00420592 0.0469845 0.653532
-0.0400055 -0.0636509 -0.122818
-0.0416055 -0.0758976 -0.220277
-0.0170016 0.075846 -0.622011
-0.00730278 -0.0758976 0.487605
-0.0289617 -0.0626847 0.122473
0.0147777 -0.0758976 -0.179413
0.0294757 0.075846 0.304037
-0.0331244 0.0629973 0.0731164
-0.00178395 -0.0758976 0.223893
-0.0106725 0.0595351 0.822459
0.00437957 0.0394656 0.967401
-0.0449349 0.075846 0.379013
-0.0510171 0.0645627 0.229121
-0.0109662 -0.0758976 -0.493913
-0.0278069 0.075846 0.999818
-0.0281516 -0.0626138 -0.748973
0.00900736 -0.0758976 0.259313
0.046052 -0.0758976 -0.923992
0.00437957 0.0128796 0.338166
0.00437957 -0.0318087 0.57697
0.0241193 0.075846 -0.63136
-0.00828233 0.075846 -0.109505
0.00437957 0.00926059 -0.442993
-0.0172787 -0.0758976 0.33489
0.0161784 -0.0758976 0.76008
0.045271 0.075846 -0.435599
-0.0127177 0.0605841 -0.331201
-0.0173714 0.075846 -0.339148
-0.0574269 -0.0657278 0.206535
-0.0176894 -0.0616985 0.157778
0.0572515 0.0654409 -0.835934
0.0215516 -0.0758976 -0.933337
0.0507558 0.075846 0.0273563
-0.0178186 0.075846 0.822845
0.0571538 0.075846 0.252081
-0.0110253 0.075846 -0.286016
-0.0215663 0.075846 -0.83854
-0.037454 -0.0758976 0.845139
-0.0311682 0.075846 0.499649
0.0179291 0.0616527 0.194282
-0.0523845 -0.0758976 -0.865937
0.0414348 -0.0637608 0.842117
0.0450284 0.075846 -0.940104
0.00437957 0.0396955 -0.319898
-0.0576299 0.065844 -0.644536
-0.0179972 -0.0617254 0.429987
-0.0281482 -0.0626135 0.518335
0.0331059 -0.0630321 -0.417873
-0.0379451 -0.0758976 0.3668
-0.0572738 -0.0758976 -0.593782
-0.00457085 0.075846 -0.947572
0.0589873 -0.0748129 -0.342828
0.0220978 0.075846 -0.97622
-0.0576592 -0.0659219 0.984519
0.0304377 -0.0758976 -0.583909
0.0589873 0.0755617 -0.515543
-0.0570143 -0.0654558 0.125824
0.0407835 -0.0637038 -0.0719388
-0.013701 0.075846 0.431295
-0.00420592 -0.0159022 -0.505777
-0.0215388 0.075846 -0.722578
0.0103841 0.0592338 -0.386362
0.00437957 0.0444058 0.0824248
0.0276882 0.0625065 -0.409812
0.0104329 0.075846 0.0551532
-0.0587269 -0.0758976 -0.889249
-0.0161159 -0.0615462 -0.241193
0.0406281 -0.0758976 -0.77612
-0.0150182 0.075846 0.489757
-0.0236711 -0.0758976 -0.280081
0.0573896 0.075846 0.637943
0.0382058 0.0634267 -0.351397
0.0177139 -0.0758976 -0.56952
-0.00420592 -0.00188532 0.390229
0.0461906 -0.0641768 -0.729342
-0.0104277 -0.0758976 -0.778181
-0.0221066 0.075846 0.12279
-0.0188167 0.0617456 0.332862
-0.00420592 0.0403122 -0.6062
0.0499703 0.064456 -0.984171
-0.0457308 0.0641003 0.0521646
0.00437957 -0.017894 0.330015
0.00920377 0.0583328 -0.134626
0.00437957 -0.0447088 -0.632543
-0.0311643 -0.0758976 0.570809
0.0577297 0.06578 -0.665765
-0.0583053 -0.0758976 -0.337459
0.0282555 -0.0758976 -0.217377
0.0288389 0.0626072 0.465574
0.00437957 0.042406 -0.664455
-0.00420592 0.0298191 0.807868
-0.0204443 -0.0758976 0.067299
-0.0169647 0.075846 -0.194722
-0.00420592 0.00626043 0.130307
-0.0443401 -0.0758976 0.271399
-0.00420592 -0.0168077 -0.299999
0.0511609 -0.0758976 0.42985
0.00437957 -0.0323476 0.678933
-0.0296888 0.075846 0.422244
-0.0203183 0.075846 -0.882629
-0.00589886 -0.0758976 -0.662398
0.00437957 0.0395239 0.879827
-0.00420592 -0.0397227 0.980916
-0.00420592 0.000378434 -0.118595
0.0215841 0.0619725 0.431826
-0.0578047 -0.0758976 -0.513853
0.00643109 -0.0551532 0.989197
0.00904791 0.0581979 -0.556556
0.0367771 0.0633017 0.233047
0.0587937 -0.0758976 0.640873
-0.00420592 -0.0350676 0.0426671
-0.00420592 0.0418162 0.2519
0.00437957 0.0142661 -0.152477
0.0239267 -0.062229 0.382216
-0.0326336 -0.063006 0.167121
0.0367017 -0.0633467 0.657648
-0.0281436 -0.0758976 0.38739
-0.00507903 0.0526991 0.856646
-0.0304601 0.075846 0.967708
0.0415953 0.075846 -0.187469
-0.00420592 -0.00744319 0.3585
0.0567189 -0.0652351 -0.418399
-0.0209426 -0.0619831 0.72418
-0.0548188 0.0648954 -0.958011
0.0589873 -0.0741076 -0.151605
0.0247585 -0.0758976 0.605914
-0.0451118 -0.0640976 -0.562956
0.0457427 -0.0758976 -0.891225
-0.0294311 -0.0758976 0.735243
0.0455965 -0.0758976 -0.802023
0.0411054 -0.0758976 -0.84238
0.00437957 0.0430513 0.222163
-0.00420592 -0.0357267 0.839368
-0.00420592 0.0357203 -0.1733
0.0325394 -0.0758976 -0.970395
0.0222004 -0.0758976 0.200846
-0.041614 0.075846 0.653106
0.0385932 0.0634606 -0.290548
-0.0434739 -0.0639544 0.870315
-0.0171109 -0.0758976 -0.601298
-0.00420592 0.0457684 0.630444
0.0434917 0.0638892 0.308821
0.0369064 -0.0758976 -0.0272305
0.0100689 -0.0590641 -0.479206
-0.0186262 -0.0758976 0.981476
-0.00420592 -0.0398366 0.299238
-0.0055033 0.0537074 0.103739
-0.0485357 -0.0758976 0.0696736
-0.00420592 -0.0200525 0.384492
0.0469075 -0.0642396 -0.570209
-0.0318853 -0.0758976 0.69424
-0.0077464 -0.0758976 0.843463
-0.042125 -0.0758976 0.792694
0.0293871 0.0626552 -0.0682053
-0.0127925 -0.0606662 0.829646
0.0387229 -0.0635235 0.525696
0.00437957 -0.0161582 -0.315287
-0.0519774 0.0646468 0.805509
0.00706458 0.0560381 -0.85677
-0.00420592 -0.0230525 -0.608807
-0.0188177 0.075846 0.798766
-0.0260923 0.0623821 0.765867
-0.0424624 -0.0638659 0.751537
-0.0150767 0.0613143 -0.926723
-0.018876 -0.0758976 -0.182133
0.024381 -0.0758976 0.731101
0.025265 -0.0758976 0.910373
-0.0513921 0.075846 0.743902
0.00437957 -0.0108063 -0.403386
-0.0439527 0.0639447 0.447784
-0.0412401 -0.0758976 0.0298978
-0.0462826 -0.0758976 0.61273
-0.0154278 -0.0758976 0.750441
0.0434083 -0.0758976 0.733075
-0.0588137 0.0742766 -0.698867
0.0106532 -0.059464 -0.152338
-0.00545057 0.0535935 0.303045
0.0390896 0.075846 0.942156
-0.00520269 0.075846 -0.138882
-0.0100808 -0.059196 0.560882
-0.0170658 -0.0758976 0.0259658
-0.00420592 0.0291815 -0.260782
-0.0447865 0.075846 -0.300217
-0.0361536 -0.0633139 -0.0722493
-0.0431469 -0.0758976 0.144134
0.00743255 0.0565144 0.141322
0.0224848 0.0620513 -0.986299
-0.0393556 -0.0758976 0.522096
-0.0433422 0.075846 -0.669866
0.0225356 -0.0758976 -0.447749
-0.0588137 0.0748863 0.926864
-0.0577894 0.0659951 -0.270063
0.038673 -0.0635191 0.0776643
0.0114938 0.075846 -0.57958
0.0102148 -0.0758976 -0.246396
0.00346125 0.075846 -0.511553
-0.00955963 0.0587621 -0.0442888
0.0441368 -0.0639972 0.500194
0.0438354 0.075846 0.574708
-0.0171763 0.075846 0.0509186
0.0347502 -0.0758976 -0.877102
-0.00420592 0.0348912 0.687204
0.0589873 -0.0754072 -0.756536
0.0157896 0.075846 -0.429444
0.0420906 0.075846 -0.908507
-0.0457681 0.0641035 0.564244
-0.00420592 0.0429807 -0.648627
-0.0495272 -0.0644839 0.590657
0.00437957 0.0183039 -0.0131204
-0.0403694 0.075846 -0.82161
-0.00420592 -0.0307067 0.630481
0.0138846 0.075846 0.0307074
0.0177848 -0.0758976 0.222417
0.0579445 0.0659766 -0.255587
-0.057453 0.075846 -0.218336
-0.0332559 -0.0758976 0.246622
0.00437957 -0.000148141 -0.948927
-0.0496527 -0.0644949 0.0121698
0.00437957 0.0431622 0.317884
-0.00871705 0.0580576 0.0478496
0.0240201 -0.0622372 0.0613889
0.0385409 0.075846 0.128165
0.00437957 -0.00903596 0.551812
0.0239415 0.0621787 0.518483
0.0408676 0.075846 0.755047
-0.0215835 0.0619876 -0.353104
0.056805 0.0652179 0.70468
0.051335 0.0645754 0.329621
0.0437047 0.0639078 0.866208
-0.0135033 -0.0609311 0.0415892
0.0211658 0.075846 0.378365
0.022612 0.075846 0.412303
-0.0229724 0.075846 0.0297254
-0.0216622 0.075846 0.0697717
0.0109067 0.0595726 -0.477098
-0.0336622 -0.0630959 0.664754
0.0522293 -0.0647052 -0.391167
-0.0483533 0.0643297 0.958733
0.0336937 0.063032 0.100131
0.0251244 0.075846 0.22063
-0.0118881 0.075846 -0.00272173
0.0429563 -0.0758976 -0.441789
0.0106464 -0.0594596 -0.776265
0.00437957 -0.0340279 0.522337
-0.00637908 -0.0758976 -0.218516
-0.0210952 0.0619449 -0.242624
0.00437957 0.023581 -0.111267
-0.00864496 0.0579918 0.507449
-0.00420592 -0.0189093 0.52365
-0.0415503 -0.0758976 -0.153266
-0.0187572 0.075846 -0.215042
0.0146692 0.0611771 0.494676
0.00437957 0.00588541 -0.475528
-0.00427357 -0.049293 0.894987
0.0362885 0.075846 -0.749249
-0.0535198 0.0647817 0.830901
0.0236337 -0.0758976 0.450927
-0.0454986 -0.0758976 -0.921729
0.0235203 0.0621419 -0.101167
-0.00406484 0.075846 -0.268966
-0.00420592 -0.0072726 -0.552441
0.00437957 0.0271553 -0.231369
-0.0536481 -0.0648445 0.922343
-0.0426969 0.075846 -0.193891
-0.0258923 0.0623646 -0.52981
0.00437957 -0.015922 -0.525659
0.0428729 0.075846 0.493049
-0.00877085 0.075846 -0.748149
-0.0463254 0.0641523 0.76711
-0.00275007 -0.0758976 0.649706
-0.0320466 0.075846 0.852349
0.0429577 0.0638425 -0.419585
-0.00420592 0.0176165 -0.67089
0.00437957 0.0198316 -0.213502
-0.00420592 0.0432661 0.173164
0.0236117 -0.0622014 -0.305866
-0.00420592 0.0325337 0.983384
-0.0436106 -0.0758976 -0.847376
0.0458331 0.064094 -0.520969
-0.0543385 -0.0649049 0.535761
-0.00542591 0.0535393 -0.78407
0.0532301 0.075846 0.799658
-0.00727409 0.075846 0.994919
0.00437957 -0.00198469 0.014071
0.00491453 0.075846 0.471639
-0.00420592 -0.00995343 -0.0331679
-0.0325356 -0.0758976 -0.72503
0.0112699 -0.0598405 0.454815
0.0210359 -0.0619761 0.252293
-0.0442172 0.075846 -0.0760647
0.0466541 -0.0642174 -0.712492
0.0157452 -0.0758976 -0.850015
0.00437957 -0.0387607 0.796429
0.0275527 -0.0758976 -0.898142
-0.0252989 -0.0623642 0.644799
0.00437957 -0.0225976 -0.874498
0.0219031 -0.0758976 0.821601
0.00823552 -0.0574744 0.291466
0.0237916 0.075846 0.62558
-0.00916553 -0.0584984 -0.54638
0.0414026 0.075846 0.411956
0.0166923 0.075846 0.203592
-0.0376607 0.075846 0.755918
0.0128359 -0.0758976 0.0984372
0.00437957 -0.042756 0.598288
-0.00420592 0.00532364 0.588405
0.00437957 -0.00448994 -0.979664
0.00437957 -0.0168115 0.347323
-0.0225574 -0.0621244 0.250478
0.0574104 -0.0758976 -0.0870984
0.0449556 0.0640172 0.199645
-0.00420592 0.047835 0.713749
0.0292884 0.0626465 -0.799809
0.00437957 -0.0441473 -0.145848
-0.0156861 0.075846 0.361612
0.0150999 0.0612814 -0.171721
0.0468778 0.075846 0.107395
0.0276851 0.075846 -0.835464
0.0400413 -0.0636389 0.311582
-0.00420592 0.0466348 0.412287
0.0421492 0.0637717 -0.739234
-0.0470366 -0.0758976 -0.65696
-0.00420592 -0.00150261 0.410148
0.00713345 0.075846 -0.638251
-0.00420592 0.00408776 0.196823
-0.00265749 0.075846 -0.398348
-0.0475725 0.0642614 -0.210392
-0.0146091 0.075846 0.845082
0.00540729 -0.0531447 -0.225348
-0.0558637 0.075846 -0.800492
0.0268307 0.0624315 -0.430735
0.00437957 0.041057 0.362812
-0.00420592 -0.0234887 0.732528
0.00437957 0.0243992 0.014783
-0.00739279 -0.0758976 -0.510562
-0.0478222 0.075846 -0.450002
-0.0234582 -0.0622032 0.00390188
0.0589873 0.0756519 0.223513
0.0294007 0.0626564 -0.560154
-0.0423668 -0.0758976 -0.780938
-0.0302066 0.075846 -0.699171
0.0164422 0.075846 0.813719
-0.0263328 -0.0624547 0.807992
0.0135913 -0.0758976 -0.825474
-0.0153831 -0.0758976 -0.688773
0.0442786 -0.0758976 0.045869
0.010297 0.0591739 0.982768
-0.00420592 0.0197099 -0.690987
0.00938343 -0.058535 -0.369217
0.0112306 0.075846 -0.822663
0.0425407 -0.0758976 0.564776
0.00597708 0.075846 0.0859547
-0.0442307 -0.0640206 0.343601
-0.00420592 0.0340081 -0.301776
0.0240266 -0.0758976 -0.485137
0.020339 0.075846 0.753073
0.0105992 -0.0594288 0.955305
0.0145729 -0.0612033 0.106075
-0.0183951 0.075846 0.950768
-0.0432012 0.075846 0.0206161
0.0436571 0.075846 0.923136
-0.0129937 0.0606942 -0.294624
0.00322808 -0.0758976 -0.146812
0.0188163 0.075846 0.323528
-0.00420592 0.00441796 0.818261
-0.0122544 -0.0758976 -0.570465
-0.0575455 -0.0658227 0.462426
-0.0231837 0.0621276 -0.733028
-0.0561185 -0.0758976 0.342467
0.0543322 0.0648376 -0.369375
0.00437957 -0.0195186 -0.75369
-0.0213026 0.0619631 0.20526
-0.0121716 -0.0603971 -0.386439
-0.0445617 -0.0640495 -0.311898
-0.00420592 0.00582881 0.534164
-0.00767402 0.075846 -0.173134
-0.0113041 0.075846 0.881901
0.0423624 -0.0638419 -0.960787
0.00437957 -0.0404312 -0.90563
0.0216012 -0.0758976 0.563897
0.0553361 -0.064977 -0.486519
0.0567128 0.0651812 -0.291836
-0.00420592 -0.0272283 -0.062232
0.0251075 0.0622808 0.651819
-0.00525727 -0.0758976 -0.852378
-0.0192035 0.0617794 0.0975469
-0.0213139 0.0619641 -0.867435
0.00926154 0.0583818 0.214743
-0.00447105 0.0505657 -0.20965
-0.0561849 -0.0651186 0.782434
0.0191989 -0.0618154 -0.895583
0.0360985 -0.0632939 -0.759416
0.0276235 -0.0758976 -0.520672
-0.039492 -0.0758976 -0.575776
-0.0415298 -0.0758976 0.716007
0.0288094 0.075846 -0.571916
-0.0369899 -0.0758976 -0.392937
-0.00934394 0.075846 0.252607
-0.0310996 0.075846 0.140107
-0.0267497 0.075846 0.382928
-0.00710951 -0.0758976 -0.820192
0.0494771 0.0644128 0.0579574
-0.00813926 -0.0575539 0.770224
0.0197285 -0.0758976 0.392981
-0.0164008 -0.0758976 -0.913142
-0.02546 -0.0758976 -0.408753
-0.0165273 0.0615435 0.403435
-0.0512551 0.0645836 0.42415
0.0426007 0.075846 -0.690162
-0.0588137 0.0757788 -0.235211
-0.0410139 -0.0637391 -0.52519
-0.0203972 -0.0619354 0.701668
-0.0478362 0.0642845 -0.62628
0.0180489 -0.0617148 0.839819
-0.0378939 -0.0758976 0.965263
-0.0588137 0.07579 -0.992084
0.0349159 -0.0631904 0.176625
0.0449872 -0.0640716 -0.466077
0.043201 -0.0639153 0.633439
-0.0281794 -0.0758976 0.195941
0.0579919 0.075846 -0.495356
0.0446162 -0.0640391 -0.243205
0.0453467 0.0640515 0.279801
-0.00420592 -0.0212535 -0.430993
-0.0544144 -0.0649115 0.295113
-0.0196906 0.061822 -0.14751
0.00765512 -0.0568343 0.638176
0.0203385 0.075846 -0.792109
-0.0235782 0.075846 0.598858
0.0250135 -0.0623241 0.801808
0.0113601 -0.0598919 -0.530393
0.0100986 0.059034 0.613803
0.0456286 -0.0758976 -0.606218
0.0203663 -0.0619175 -0.118745
0.0312122 0.075846 -0.543401
-0.0108138 0.059622 0.557661
-0.0404659 -0.0636912 -0.249418
0.027608 0.075846 0.439523
-0.0214716 0.0619778 0.00383362
0.0443741 -0.0758976 -0.0426193
0.0098051 -0.0758976 0.305958
0.00437957 -0.0385952 0.949363
-0.00341574 0.075846 -0.235449
0.0335147 0.0630163 -0.255207
0.0416337 0.0637266 -0.310481
-0.00783837 0.0571859 -0.531988
0.0430789 -0.0758976 -0.200299
-0.0443778 0.0639819 0.926609
0.0428236 0.075846 -0.280003
0.00927405 -0.0584439 -0.312971
-0.0100232 -0.0591555 0.910658
0.0189324 0.0617405 -0.760705
0.0285996 -0.0626378 0.425977
0.0464875 -0.0642028 0.127351
-0.0297955 -0.0627576 -0.933217
-0.00420592 -0.0292152 -0.119158
0.0378554 0.075846 -0.509278
-0.0111503 -0.0598714 -0.418777
-0.00420592 0.0160916 0.412616
-0.011175 0.0598338 -0.685927
0.00338991 -0.0758976 0.0171696
0.0244382 0.0622222 0.251069
-0.0241264 0.075846 -0.515855
-0.0588137 -0.0727595 0.845019
-0.0201519 0.075846 -0.486984
-0.00686572 -0.0560554 -0.79504
-0.037733 0.0634005 -0.38489
0.0322577 -0.0758976 0.949701
-0.00770217 -0.0758976 -0.63335
0.0447464 0.0639989 -0.474763
0.0289715 -0.0626704 -0.655467
-0.0409046 0.075846 0.987919
0.005233 -0.0526978 -0.868003
0.00754806 -0.0758976 0.572474
0.00437957 -0.00794704 0.632409
-0.00970256 -0.0758976 0.824018
-0.00592412 -0.0758976 -0.717881
-0.0271382 -0.0625252 0.761353
0.00437957 -0.038054 -0.981157
0.0104953 0.075846 -0.357885
-0.0514455 -0.0646518 0.388242
0.0513411 0.075846 -0.0409995
-0.026035 -0.0624286 0.872962
-0.00420592 0.0286356 0.768101
-0.0182939 -0.0617514 0.230628
0.0422587 -0.0638328 -0.276242
0.00844937 0.075846 -0.175598
-0.00420592 -0.0289409 -0.657674
0.047235 0.0642167 -0.964018
0.00995843 0.0589319 -0.898784
0.00437957 0.00996428 0.0441725
-0.00420592 0.0353456 -0.569664
-0.0437992 -0.0758976 0.181743
0.00437957 -0.0326526 -0.18093
-0.0182041 0.075846 0.691864
0.00437957 -0.0286484 0.656862
-0.0420403 0.075846 0.216881
-0.0348792 0.0631509 0.940084
-0.0588137 0.073289 -0.478754
0.00437957 0.0459613 -0.230098
-0.0113273 -0.0758976 -0.0738092
-0.0584354 -0.0758976 -0.383656
-0.0501416 0.0644861 -0.869303
0.00437957 -0.00958085 -0.680628
0.0325876 0.075846 -0.862308
0.0234477 -0.0621871 -0.0521703
0.0180484 0.075846 -0.410372
-0.0113384 -0.0599764 -0.96426
-0.0470519 0.075846 0.09258
0.0589873 -0.0750586 0.865837
-0.0450582 0.0640414 -0.658831
-0.0293194 0.075846 -0.678077
-0.044853 -0.0758976 -0.478654
-0.00459696 0.0511342 0.960525
0.0437367 0.0639106 0.401181
0.0118914 0.075846 0.139827
0.0218543 0.075846 0.998776
0.0245136 0.075846 0.00679849
0.0223585 0.0620403 0.674285
-0.0588137 0.0689877 -0.375879
0.00437957 -0.0455712 0.404221
-0.0435282 -0.0639591 0.935096
0.0180893 -0.0617183 -0.921524
-0.035409 -0.0758976 -0.537722
-0.00660223 -0.0556834 -0.702431
-0.00420592 0.0400591 -0.525967
0.00437957 0.0251622 -0.446048
0.0255265 -0.0758976 0.0380755
-0.0561598 0.075846 0.774759
0.0586674 0.075846 0.0107492
-0.00542568 -0.0535903 -0.0698652
-0.0451917 -0.0758976 0.665608
0.028479 -0.0758976 -0.427145
0.00437957 -0.0198852 0.205258
-0.00420592 -0.0373268 0.462425
-0.0452139 -0.0641066 -0.619361
0.0361199 0.075846 0.144148
0.0105739 0.0593607 -0.838168
0.0354175 0.0631828 -0.179578
0.00437957 0.0211733 0.429966
0.0291788 -0.0758976 0.499969
0.00437957 0.00782069 -0.79724
-0.0264427 0.075846 -0.94488
0.00489973 0.0516242 -0.95719
-0.0179661 0.075846 -0.363433
-0.0338604 -0.0631133 -0.820578
0.0446436 0.0639899 0.169037
-0.0278017 -0.0758976 -0.46233
-0.0235641 0.075846 -0.90766
0.00964945 0.075846 -0.312645
-0.00420592 0.00592108 -0.164335
-0.0301681 -0.0758976 0.285807
0.0448875 0.075846 -0.237548
-0.0426733 0.0638328 -0.700492
-0.0290709 0.075846 -0.657501
-0.0347575 -0.0758976 0.87675
0.0138998 0.075846 -0.915144
-0.0117775 0.0601554 -0.366824
-0.00906954 0.0583663 0.347134
-0.00800828 0.057367 0.685054
0.045691 -0.0641331 0.208384
-0.0468924 0.0642019 0.666665
0.0533584 -0.0758976 0.982435
-0.0105922 -0.0595361 -0.366372
0.0230058 0.0620969 0.349338
-0.028454 -0.0626403 0.593766
-0.00420592 0.0206488 0.558194
-0.00420592 -0.0261412 -0.401673
-0.0184753 0.075846 0.668333
0.0230842 -0.0621553 -0.0857495
0.0433078 -0.0758976 0.796651
0.0578428 -0.0758976 -0.103716
-0.0270432 0.075846 0.479144
-0.0246785 -0.06231 -0.905408
-0.0188941 -0.0618039 0.395373
0.00437957 -0.0440698 -0.295402
0.0300956 0.075846 -0.33576
0.00437957 -0.00101157 -0.347495
-0.0409294 -0.0637317 0.0875903
-0.0479325 -0.0643444 -0.599803
0.000900869 -0.0758976 -0.338186
-0.0583715 0.075846 0.951887
0.00437957 -0.0322706 0.0113633
0.0471769 -0.0642631 -0.878841
0.0589873 0.075405 0.139016
-0.0143948 -0.0758976 -0.525322
0.0429529 -0.0638936 -0.991567
0.0589585 0.0680329 -0.781669
0.0101421 -0.0591167 0.223429
0.0589873 -0.0691892 -0.319666
-0.00453894 -0.0509378 0.695491
-0.0255436 -0.0758976 -0.655281
-0.0441577 -0.0640142 -0.951826
-0.03565 -0.0758976 0.226451
-0.00420592 0.0131967 -0.508761
0.00437957 0.0378336 -0.694494
0.00438298 -0.0482373 0.809636
-0.0588137 -0.0737258 -0.056805
-0.0198894 -0.061891 -0.768
0.0422634 -0.0638333 0.818238
-0.0322516 0.062921 0.701165
0.00437957 0.0255048 0.665223
-0.0349004 -0.0632043 -0.675204
-0.0452492 0.075846 -0.843268
-0.00420592 -0.0468289 -0.763941
0.0409453 -0.0758976 -0.130395
0.0539067 -0.0648519 0.338381
0.0589873 0.0737331 0.0860101
0.0310897 -0.0628557 -0.673411
0.0223264 0.0620374 -0.642031
0.0409338 0.075846 0.245579
0.058149 -0.0662495 -0.594847
0.0362211 -0.0758976 0.862215
0.00950809 -0.0586364 -0.833157
0.0533484 0.075846 0.469651
-0.0108413 0.0596387 -0.768225
0.0210039 -0.0619733 -0.719085
0.0301216 0.0627194 0.946728
0.00437957 -0.0297054 0.424151
-0.0484794 0.0643407 0.296261
-0.0342652 -0.0758976 -0.173442
-0.0132758 -0.0608511 -0.578667
0.0569358 -0.0758976 0.218776
0.00982907 0.075846 -0.260711
0.00578234 -0.0539788 -0.675119
0.0223235 -0.0620887 0.983214
0.0259195 -0.0758976 0.322446
0.0176171 -0.0758976 -0.741004
0.0231844 0.075846 -0.590541
0.058229 0.0662958 -0.136515
0.00437957 -0.0365176 -0.463179
-0.00423822 -0.0488728 0.433513
0.0480288 0.075846 -0.729634
0.0584292 0.075846 -0.567275
0.0534876 -0.0758976 0.404802
-0.0557271 0.0649776 0.650366
-0.0495513 0.0644345 -0.533403
-0.0251353 0.0622984 -0.496422
-0.0421934 -0.0758976 -0.0384121
0.0177402 -0.0616877 0.724883
0.0403668 -0.0758976 0.972932
-0.0588137 0.0750998 -0.103085
-0.00420592 0.0209386 -0.595823
0.0352941 -0.0758976 0.127655
-0.0298807 0.0627135 0.303613
0.0228997 0.0620876 -0.455141
-0.0290969 -0.0758976 0.777662
-0.045568 0.075846 0.611225
-0.0254991 0.0623302 0.827448
-0.00420592 0.0283583 -0.540512
-0.0455508 0.0640845 -0.147316
-0.00420592 0.0112964 0.883723
-0.0362193 0.075846 -0.918308
-0.0518841 0.0646386 -0.244164
-0.0192613 -0.061836 -0.140445
-0.0197983 0.075846 -0.0791872
0.0404442 -0.0636741 -0.190277
-0.00420592 -0.00815829 -0.374515
-0.0425692 0.075846 -0.333593
-0.0583142 0.075846 0.896613
-0.00420592 -0.0232476 -0.193413
-0.0204344 0.0618871 -0.39181
-0.0582305 0.075846 -0.348525
0.0169111 -0.0758976 -0.12797
-0.00420592 0.0159535 -0.840618
-0.0385782 0.0634745 -0.577441
0.00437957 0.0229984 -0.644709
-0.0588137 -0.0723116 0.812128
0.0229358 0.0620908 0.820975
0.00437957 0.0395516 -0.031575
-0.0485619 -0.0643995 0.112459
-0.041871 -0.0638141 -0.366821
-0.0418194 0.0637581 -0.365487
0.0347278 -0.063174 0.369214
0.00773847 0.075846 0.656719
0.0431684 0.0638609 -0.851593
0.0153907 -0.0613951 0.475713
-0.0552428 0.075846 0.541234
0.0112184 0.075846 0.968598
0.0256927 0.062332 -0.39411
-0.00838401 0.0577455 0.144433
-0.00420592 -0.0297171 0.608442
-0.0408228 0.075846 -0.0242387
0.0589873 -0.0699165 -0.226332
0.00931241 -0.0584761 0.517677
-0.0243953 -0.0622852 -0.852902
-0.00420592 -0.0209986 0.998523
0.0410267 -0.0758976 -0.344238
-0.00433546 -0.0498135 -0.0410991
-0.0210227 -0.0758976 0.962699
-0.00420592 0.0214139 0.513519
-0.00776216 -0.057154 0.190175
-0.0540191 -0.0648769 -0.683879
0.0132473 -0.0607763 -0.336415
-0.00420592 -0.0035322 -0.194893
-0.057899 -0.0661623 0.16084
-0.049972 -0.0645229 -0.44374
-0.0298051 0.0627069 -0.0474166
-0.00454478 0.0509122 -0.902224
0.0589531 0.0679929 0.176653
0.00437957 -0.00167339 -0.132931
-0.0184207 0.075846 -0.0400495
0.0472113 -0.0642661 0.926403
0.0286761 0.062593 -0.0271493
0.0551223 -0.0758976 0.241964
-0.0357905 -0.0758976 -0.905629
0.00437957 0.0217094 -0.818785
-0.0262083 -0.0624438 -0.338964
0.0415817 0.075846 0.998629
-0.00900617 -0.0583639 0.127565
0.0234255 0.075846 -0.214205
0.0185449 -0.0758976 0.272279
-0.0588137 0.0752318 -0.0391038
0.0508761 0.0645352 0.518557
0.0489515 0.0643668 0.352799
-0.0337951 -0.0758976 0.465258
0.0394191 -0.0635844 -0.690317
-0.00420592 0.0445515 0.993537
0.00437957 -0.00666893 0.825652
0.00437957 -0.0371472 0.353035
-0.00782322 0.075846 0.0254966
0.0200196 -0.0758976 0.468382
0.00929875 0.075846 -0.743722
-0.0268892 0.0624518 0.986616
0.00945104 0.0585387 -0.784306
0.00438801 0.0483611 -0.708861
0.00437957 0.0378812 0.125062
0.0561195 -0.0650641 -0.917091
0.0249793 0.075846 0.526343
0.0191162 -0.0758976 0.545476
0.0367851 0.075846 -0.646906
0.0429685 -0.0638949 0.0337767
-0.00594642 0.0545723 0.53846
0.0417962 0.075846 0.538042
-0.0450007 0.075846 0.517545
-0.0181883 0.0616906 0.220771
-0.0248937 -0.0623288 0.292796
0.0277223 -0.0625611 0.75276
-0.0355181 0.075846 -0.62198
0.0398679 0.075846 -0.145205
0.0134486 -0.0758976 0.6746
-0.0258436 0.075846 0.869506
0.038297 0.0634347 -0.0867807
0.00437957 -0.0355493 -0.230377
-0.0219428 -0.0620706 -0.211256
0.00437957 0.0428785 0.579034
-0.0442227 0.075846 -0.411403
0.0157221 0.0614064 0.53525
-0.0341789 0.0630896 0.377782
0.0456331 -0.0641281 0.48181
-0.0521813 0.075846 -0.724929
0.00437957 0.0126314 0.0776177
0.00437957 -0.00237995 -0.755695
-0.0111659 -0.0758976 -0.108932
0.0050837 0.0522214 0.752509
-0.058723 -0.0677393 -0.6319
0.00437957 -0.00945751 -0.602725
-0.0501057 -0.0645346 -0.288077
-0.00420592 -0.0442157 0.0236709
0.00437957 -0.024043 -0.273983
-0.00420592 -0.0313588 0.281858
-0.0268677 -0.0625015 -0.0322481
0.0240616 0.0621893 -0.728727
0.00945312 0.0585404 -0.0770735
0.0574791 -0.0758976 0.522227
0.00437957 0.0225218 0.265879
-0.0244326 -0.0622885 0.543766
0.0376029 -0.0758976 -0.409931
-0.0588137 -0.0757206 -0.578286
-0.00420592 -0.0456481 0.585621
-0.0078028 -0.0571986 0.965005
-0.0199024 -0.0618921 0.0937147
-0.00366469 0.075846 0.89547
-0.0096887 -0.0758976 0.791037
0.0420634 -0.0638158 0.892643
0.00861803 0.0578036 0.0757255
0.00437957 0.0209267 0.105433
0.00437957 -0.0261081 -0.84267
0.0269327 0.075846 -0.448288
0.0479421 -0.0643301 0.144558
0.0506874 0.0645187 0.942272
-0.0583092 -0.066715 0.732542
-0.0303876 0.0627579 0.121335
0.0399468 0.075846 -0.980376
0.0226669 0.075846 -0.715543
-0.0405565 -0.0636991 0.913292
-0.0368986 0.075846 0.735324
0.0196247 -0.0618526 0.334287
-0.0218277 -0.0758976 -0.957131
-0.0257251 -0.0758976 0.145468
0.0285561 -0.0758976 -0.373204
0.0266045 0.075846 -0.674483
-0.00420592 -0.0460318 0.857883
0.0538025 -0.0758976 0.54618
-0.0303136 0.0627514 -0.796401
-0.00420592 -0.0355801 -0.682191
0.0375445 -0.0634204 -0.450858
0.0107896 0.075846 -0.0354398
-0.0483645 -0.0643822 0.0584774
0.0274836 0.075846 -0.26782
0.0322584 -0.0629579 -0.148439
0.0276489 0.075846 0.715271
0.00437957 -0.000739135 0.929031
0.0140233 -0.0758976 0.936581
0.0461465 0.0641214 0.913279
-0.0171851 0.075846 -0.793265
0.0183607 0.075846 0.571532
-0.00420592 0.0270821 -0.738291
-0.0313542 0.0628425 0.570278
0.0455329 -0.0758976 0.781008
-0.00805071 -0.0758976 0.441962
-0.0232251 -0.0621828 -0.597425
0.0118853 0.0601221 0.911482
0.0456461 -0.0758976 0.104421
-0.0304262 0.0627613 0.592753
0.0333934 0.0630057 0.76939
-0.00420592 0.0439713 0.289062
-0.0161247 -0.0758976 -0.357462
-0.0171881 0.075846 0.297221
-0.0559695 0.0650172 0.401747
-0.030841 -0.0758976 -0.6868
0.00532518 -0.0529399 0.670711
0.00437957 -0.031747 -0.20381
-0.0240869 -0.0622582 -0.256002
-0.0426357 0.075846 0.353841
0.00437957 0.0291174 -0.463578
-0.054011 -0.0648762 0.48085
-0.0588137 0.0754468 0.579263
0.00437957 0.0238713 0.93837
0.0372005 0.075846 -0.0626803
0.0584817 -0.0667133 -0.889327
0.00437957 -0.0364386 -0.0894828
0.0247339 0.0622481 0.635852
0.0236646 0.075846 -0.0771149
0.0375876 0.075846 0.0153061
-0.0179422 0.075846 0.769836
-0.0440085 0.075846 -0.391559
-0.0472964 -0.0642888 0.444374
0.0384066 0.0634443 -0.771908
0.0578516 -0.0659391 0.299332
0.0264907 -0.0758976 0.365478
0.00437957 -0.0245685 0.132036
-0.00420592 0.0433718 -0.554799
-0.0457733 -0.0758976 0.501149
0.0524852 0.075846 0.302906
0.00437957 -0.0402781 0.545274
0.0115988 0.075846 0.445482
-0.04645 0.075846 0.00230327
-0.0141509 -0.0758976 0.206471
-0.00420592 0.00663084 -0.24295
0.0368725 0.0633101 -0.835256
0.00437957 -0.0361491 0.824797
0.00437957 0.00581868 0.734737
-0.0588137 -0.075384 -0.357225
0.00437957 0.0135481 0.208759
0.0258945 -0.0624012 -0.790504
-0.00420592 0.0107568 -0.92772
-0.0561226 0.0650512 -0.131006
0.0585127 -0.0758976 0.66665
0.00437957 -0.0205744 -0.235139
0.00437957 0.0103126 -0.522159
0.00437957 0.0120663 -0.617763
0.0589873 -0.0692255 -0.736242
-0.0431781 0.075846 -0.256864
-0.00420592 0.0476401 -0.945441
0.0229581 -0.0621443 -0.362679
-0.0211654 -0.0758976 -0.986586
-0.00297291 -0.0758976 0.340555
0.0195165 -0.0618432 -0.398269
0.0175082 0.0616159 0.40945
-0.00555814 -0.0758976 0.681065
0.00437957 0.00150334 -0.69442
0.0310706 0.0628025 -0.21865
-0.000205075 -0.0758976 0.764243
-0.0405842 0.06365 -0.487404
0.00437957 -0.0474344 0.379714
0.0157986 -0.0758976 0.345643
0.0421313 -0.0758976 0.611824
0.0371372 -0.0633848 -0.495501
-0.024932 -0.0623321 -0.115069
0.0457064 0.0640829 0.622007
-0.0479776 -0.0758976 0.77301
-0.000612007 -0.0758976 0.874937
0.0435389 0.0638933 0.072106
0.00931703 -0.0584799 0.928945
0.0515788 -0.0646482 0.455282
0.00437957 -0.00323327 0.152061
-0.0553041 -0.0758976 -0.417421
0.0517953 0.0646156 -0.189888
0.0589873 0.0733995 -0.307579
0.00437957 0.0414424 0.391001
0.00437957 0.0432517 -0.150688
0.00607947 0.054499 0.644846
0.0509131 0.075846 -0.871112
-0.0402157 0.075846 -0.938152
0.0237841 0.062165 -0.142429
0.00437957 -0.0433858 -0.74968
-0.0547618 0.0648904 -0.981103
-0.0588137 -0.075234 -0.437271
-0.00420592 0.0370321 -0.854983
-0.00420592 0.0225707 0.725371
0.0360855 -0.0758976 0.432506
0.0454041 -0.0758976 0.596207
0.0483409 0.075846 -0.0188653
0.0266766 0.062418 0.982634
0.0351804 -0.0758976 0.398415
0.0579484 0.075846 0.358137
0.009311 0.075846 -0.243926
0.0589873 0.0755277 0.378818
-0.0257579 -0.0624044 0.0325736
0.00526433 0.0527301 -0.444124
-0.018923 0.075846 -0.249551
0.00437957 -0.0289217 -0.477044
0.0589873 -0.0747828 -0.360448
0.00448707 0.049595 -0.421106
-0.00243949 0.075846 -0.0953968
0.00437957 -0.00843662 -0.825668
-0.0235296 0.0621579 0.50758
0.0160405 -0.0615104 0.903648
-0.02047 -0.0758976 -0.423764
0.00922295 -0.0584007 0.19844
0.00454874 -0.0500806 -0.0169718
0.04672 0.0641716 -0.789919
-0.0190412 0.0617652 -0.102126
-0.00420592 0.0451298 -0.00551862
0.00749883 -0.0758976 -0.628576
0.0268726 -0.0624867 -0.18009
-0.00557316 0.075846 0.161067
0.0374076 -0.0634084 0.296571
-0.0349803 -0.0758976 0.542595
-0.0228955 0.0621024 0.449484
-0.00420592 0.0117929 -0.262175
-0.029107 0.075846 0.00180693
-0.0530302 0.0647389 0.0242215
-0.00420592 -0.042455 0.101359
0.032443 0.075846 -0.817543
0.00437957 0.0389748 0.837469
-0.0298566 0.075846 0.812415
0.0384088 -0.063496 0.160461
0.0414008 -0.0637578 0.67765
-0.0293126 -0.0758976 0.491147
-0.00420592 -0.0450578 0.681471
0.0589873 -0.0730519 -0.829353
-0.00420592 0.0299893 -0.621056
-0.0423629 -0.0758976 -0.0170448
0.0500201 0.0644603 0.460163
0.0465851 -0.0642114 0.99754
0.0447794 -0.0640534 0.549703
-0.025386 0.075846 0.616227
-0.00420592 -0.0268221 0.92597
-0.00420592 0.0384113 -0.880368
0.00681247 -0.0557366 -0.260921
0.00489385 0.0516034 -0.622356
0.0466145 0.075846 0.886433
-0.0283103 0.0625762 0.163823
-0.0452378 0.075846 0.457111
0.0589873 0.0757835 0.0547132
0.00651598 0.0552372 -0.675338
0.00976776 -0.0758976 -0.0259915
-0.00420592 -0.0457525 -0.392699
0.0514409 0.0645846 -0.459955
0.00494319 -0.0518259 -0.934721
-0.0306491 0.0627808 0.522781
-0.00469949 0.075846 0.308878
-0.0588137 0.0743229 -0.629195
-0.00420592 0.014692 0.806953
-0.0243272 0.075846 0.244279
-0.0441405 0.075846 -0.978067
-0.022553 -0.0758976 0.937792
0.0549959 0.0648957 0.772998
-0.00420592 -0.0202209 -0.811314
-0.00420592 0.000393253 0.861518
-0.0402722 0.0636227 -0.76946
0.043065 0.075846 0.681961
-0.0267162 -0.0624882 0.469561
0.0165595 -0.0758976 -0.0910464
-0.00420592 -0.0456142 -0.361061
0.0551039 -0.0649567 0.907542
0.0260048 0.075846 0.0480355
0.00437957 0.0388068 -0.97059
-0.0301601 -0.0758976 -0.36822
-0.0511237 0.075846 0.18154
0.00732503 -0.0564312 0.0857712
-0.0295222 0.0626822 -0.173588
0.0428777 -0.0758976 -0.360747
0.00446042 -0.0494195 0.72476
-0.00420592 0.0087823 0.603117
0.0176435 0.0616277 -0.0534541
0.0247565 -0.0758976 -0.812754
0.00437957 0.0305755 -0.719472
-0.0418428 0.0637601 0.487803
0.0569893 -0.065352 0.954883
0.0195116 0.075846 -0.961114
0.0467098 -0.0758976 -0.252293
-0.0364598 0.0632891 -0.297835
-0.00420592 0.0295097 0.451878
0.00437957 0.0235768 -0.329522
-0.0135584 0.075846 0.715575
-0.0192011 0.0617792 -0.260223
0.00875338 0.0579314 0.265891
-0.00856338 -0.0579677 0.7968
0.00443041 -0.0491121 -0.802487
0.0258415 -0.0623965 -0.027361
0.0265049 -0.0624546 0.777771
-0.0225986 -0.062128 -0.397164
-0.0450429 -0.0758976 0.576963
0.0104505 0.0592787 0.702379
-0.00530197 0.0532568 -0.0760402
-0.0576912 0.0658998 -0.0899017
-0.0479654 -0.0758976 0.681406
0.0261757 -0.0624258 -0.26976
-0.00682875 0.075846 -0.841564
0.0196194 -0.0758976 -0.725906
-0.0226964 0.062085 -0.0163145
-0.0295438 -0.0758976 0.617226
-0.0252445 -0.0623595 0.137132
-0.0358591 -0.0632881 0.358887
-0.0486145 0.0643526 0.329006
0.0406789 0.075846 0.856724
0.0401873 -0.0636516 0.35349
0.029165 -0.0758976 -0.323943
0.00437957 0.0322393 -0.0551374
-0.0138976 -0.0610591 -0.271185
-0.046384 -0.0758976 -0.739413
0.00437957 -0.00906654 0.501106
-0.019453 -0.0618528 -0.0153118
0.034172 0.075846 0.17512
-0.00420592 0.0175872 -0.715986
-0.00420592 -0.0128101 0.906138
0.0539555 -0.0648562 0.59036
0.0433268 0.075846 -0.319182
0.0584293 0.0665772 -0.934351
0.00437957 -0.0266713 0.493517
0.0206865 -0.0758976 -0.160625
0.00437957 -0.0122611 -0.186045
0.00437957 0.0183682 0.132467
0.0181015 0.0616678 0.584396
-0.00906962 0.0583664 -0.568856
-0.0357954 -0.0632826 -0.450591
0.00437957 0.0441698 -0.826251
0.0415897 -0.0758976 -0.819426
0.0440972 -0.0758976 -0.267052
0.00437957 -0.0206506 0.0508342
0.0104908 0.075846 -0.148106
-0.00420592 -0.00362443 0.431127
0.00437957 0.0220818 0.752573
0.0193091 0.0617735 -0.249733
0.0049249 -0.0517635 0.742077
0.0573484 0.075846 -0.108057
-0.0442671 -0.0758976 0.294332
-0.00243037 0.075846 -0.454827
0.00437957 -0.00872993 -0.912658
-0.0235474 -0.062211 -0.0924769
-0.0307816 0.075846 -0.850341
-0.00420592 -0.00375899 0.227894
0.00437957 -0.0108296 -0.781544
0.00192043 0.075846 0.696113
-0.00586552 0.075846 0.977853
0.00437957 -0.0197663 0.601298
-0.00420592 -0.0361812 0.14575
-0.0319032 -0.0758976 -0.107479
0.0346786 0.075846 0.787569
0.0476762 0.0642553 -0.888957
0.00468881 0.0507781 0.672568
-0.0564966 -0.0652169 0.702801
-0.0581378 0.075846 -0.281306
0.0187594 -0.0617769 0.0394482
0.0583653 0.075846 0.569266
0.00437957 0.025584 0.385495
0.041046 -0.0637267 0.742441
0.0290681 -0.0758976 -0.259742
-0.00420592 -0.0261336 0.77344
0.00829363 0.0574826 -0.29773
0.0299514 0.075846 0.255704
0.0175726 -0.0616731 -0.973517
0.0394279 0.0635336 0.739721
-0.00545296 -0.0536503 0.843097
0.00437957 -0.00283286 0.328722
0.0573584 0.0655067 -0.336725
-0.00420592 0.012126 -0.0800593
0.035958 -0.0758976 -0.288594
0.0213605 0.0619529 -0.865651
-0.0376793 0.075846 0.905166
-0.0542655 -0.0648985 0.098688
0.0311287 -0.0628591 -0.511408
-0.00420592 -0.0271027 -0.100891
0.00745628 0.075846 -0.608514
-0.0237007 -0.0622244 -0.522672
0.00498177 -0.0519541 -0.0993064
-0.00420592 -0.0248571 -0.0327079
-0.00420592 -0.0253403 0.695448
-0.0345347 -0.0758976 -0.865303
0.00366803 -0.0758976 -0.404924
-0.0502568 -0.0645478 -0.912674
-0.0418076 -0.0638086 0.135522
0.0259565 0.075846 0.60533
0.048817 0.0643551 -0.060818
-0.00420592 0.00854284 0.269301
-0.0328481 0.075846 0.544843
-0.0384294 -0.063513 -0.433158
0.00437957 -0.0238576 -0.289562
-0.0222248 0.075846 -0.756917
-0.00420592 -0.0249494 0.165831
-0.0180736 0.0616806 0.933786
-0.00420592 0.0193658 0.781041
0.00275097 0.075846 0.545497
-0.0386463 0.075846 -0.223604
0.00890466 -0.0758976 0.591464
-0.0043478 0.049849 -0.281713
0.0589873 -0.0753729 0.934629
0.0493849 -0.0758976 0.757986
-0.0471788 -0.0642785 -0.090047
0.00461921 0.075846 0.596889
-0.00420592 0.0354153 -0.274289
0.0316078 0.075846 0.110619
0.0423115 -0.0758976 0.364108
0.0581976 -0.0758976 -0.134144
-0.00902028 -0.058376 -0.087077
-0.00552571 0.075846 0.91814
-0.0271499 -0.0758976 -0.770621
-0.044478 -0.0758976 -0.406354
-0.00815006 0.0575133 0.248678
0.0380505 -0.0634647 -0.852801
-0.0115026 -0.0758976 0.862823
0.0353468 0.075846 0.650149
-0.0101952 -0.0592749 0.0100155
0.0238647 -0.0758976 0.635691
-0.00165779 0.075846 -0.487605
-0.00420592 0.0399966 0.867034
0.0504824 0.0645008 -0.443638
0.0581925 0.0662503 0.84681
0.0230388 0.0620998 0.693388
0.0486243 0.0643382 -0.388607
0.0365293 0.06328 0.3828
-0.0396868 -0.0758976 -0.827632
0.00437957 0.00413133 0.980993
0.00437957 0.0192473 -0.37258
0.00437957 -0.043502 0.175418
-0.0292003 -0.0627056 0.499546
0.00437957 0.0348235 0.207017
0.00891834 0.075846 0.927236
0.0321106 -0.0758976 0.897211
-0.0194097 -0.061849 -0.789236
0.0156255 -0.0758976 -0.585042
-0.0396294 -0.0758976 -0.612312
0.00145449 0.075846 0.851326
0.0103533 0.0592127 -0.0933909
-0.0484847 -0.0643927 0.192159
0.00725391 0.0562886 -0.660112
0.00539547 0.0530643 -0.736998
-0.0559268 -0.0650605 -0.236736
-0.0501284 -0.0758976 -0.9842
-0.0268349 0.075846 -0.54102
-0.00420592 -0.0456679 -0.24895
-0.0444379 -0.0640387 0.37294
0.00437957 0.00248256 0.454561
0.0133495 -0.0758976 0.621959
-0.0460549 0.0641286 -0.0443739
-0.00420592 -0.0474406 0.243595
0.0420275 -0.0758976 -0.535284
-0.023826 0.0621838 -0.957002
-0.0263014 -0.062452 -0.554355
-0.0250693 -0.0758976 0.891262
0.00437957 0.0381639 -0.763736
-0.0092962 0.058554 0.27773
0.0314817 0.0628384 0.0553846
0.0559221 -0.065032 0.833974
-0.0246886 0.075846 -0.822819
0.00437957 0.0238693 0.887327
-0.0131238 0.075846 -0.996076
-0.0486244 0.075846 -0.121957
-0.0457011 0.075846 0.720465
-0.0183826 -0.0617592 -0.675783
-0.0226898 0.0620844 0.234849
-0.0172332 0.061607 -0.132936
-0.0151307 0.0613257 0.173685
0.00272047 -0.0758976 -0.938113
0.0550121 0.0648971 0.410673
0.00529273 0.075846 -0.205044
-0.045984 0.075846 0.1987
-0.00420592 0.0420024 0.0946844
-0.0080707 0.057432 -0.603608
-0.0588137 -0.0745856 -0.466927
-0.0454061 -0.0641234 -0.969937
-0.0217702 -0.0620555 -0.155252
0.0484265 0.0643209 -0.206428
0.00800028 0.0571731 0.461601
-0.00420592 -0.0266728 0.864119
-0.0184988 -0.0758976 -0.3252
0.0496357 0.0644267 -0.118506
-0.0477069 0.075846 0.255729
0.0232279 0.0621163 0.891189
-0.0480527 -0.0643549 0.635998
0.00437957 -0.0251253 -0.217201
-0.0193993 -0.0618481 -0.919159
-0.00420592 -0.0072902 0.108415
0.0453205 0.0640492 -0.673519
-0.0424965 -0.0758976 -0.702663
0.0207257 -0.0758976 -0.868147
-0.0507496 -0.0758976 0.249873
0.0496483 -0.0644793 -0.622653
0.00437957 -0.00828516 0.177806
0.00626913 0.0548327 0.0540584
-0.0330312 -0.0630407 0.853487
-0.00476755 -0.0518192 0.654364
-0.00420592 -0.0284598 0.0967776
-0.0274508 0.075846 0.401096
0.0305041 0.0627529 -0.654253
0.0276863 0.0625064 -0.531759
-0.0232728 0.075846 -0.438234
0.00848771 -0.0577288 0.139164
-0.03007 0.075846 -0.638252
-0.0245527 0.075846 -0.280226
-0.0581778 -0.0758976 0.95473
0.0379361 0.075846 0.839813
-0.0525173 -0.0647455 -0.730008
-0.00705645 0.075846 0.739247
0.00437957 -0.0287984 -0.135714
0.00929176 0.0584072 -0.535797
-0.00420592 0.0251054 -0.12412
-0.0215295 0.0619829 -0.442794
-0.0171386 -0.0758976 0.662291
0.057751 0.0657981 0.961153
-0.00427769 0.0492822 0.192783
0.0282941 0.075846 -0.366977
-0.005467 0.0536293 -0.318853
0.00437957 0.00260383 0.997772
0.00437957 0.0236601 -0.289322
-0.0484693 0.0643398 -0.886299
-0.0258621 -0.0624135 -0.62964
-0.0231545 -0.0758976 0.319774
-0.0177763 -0.0758976 0.0512673
0.00437957 -0.0225587 0.717041
-0.047594 0.0642633 0.87414
0.0581765 -0.0662823 -0.702578
-0.0317555 -0.0758976 0.810308
0.00437957 -0.00164577 -0.232738
-0.0344241 0.075846 -0.151604
-0.0475432 0.075846 0.0713003
-0.0460336 0.075846 -0.581063
0.0482073 0.0643017 -0.148734
0.00437957 0.0121704 -0.862959
-0.00420592 0.00502319 -0.876473
-0.0420068 -0.0758976 -0.795602
0.0434505 -0.0758976 -0.760877
0.00926234 0.075846 -0.497801
-0.025823 0.0623585 0.842481
0.00336525 0.075846 -0.06134
0.018698 -0.0758976 0.745638
-0.0200942 -0.0619089 0.414571
-0.00420592 0.0132794 -0.655326
0.0438227 0.0639181 0.831705
0.00554179 -0.0758976 0.817022
-0.0159865 -0.0758976 0.0981335
-0.050482 0.0645159 0.112675
-0.0245104 -0.0758976 -0.0804976
0.0113942 -0.059911 -0.442523
0.0412953 0.075846 -0.377244
-0.0483351 0.0643281 -0.555723
0.00437957 0.0391215 0.553575
0.00678436 -0.0556957 0.609535
0.00981391 -0.0588753 0.753901
0.0475927 0.064248 -0.266169
0.00789352 0.075846 0.34169
-0.0148137 -0.0758976 -0.807753
-0.0369395 -0.0758976 0.448333
-0.0226404 0.0620801 0.471967
-0.00420592 0.0353996 -0.494328
-0.00730005 -0.0566166 0.575008
-0.00420592 0.0473845 -0.119726
0.0156088 0.075846 -0.296991
-0.0167676 0.0615663 0.0741062
0.0589873 0.0740767 -0.163765
-0.0375399 -0.0634352 0.575469
0.0335897 -0.0630744 -0.866735
0.00792382 -0.0758976 0.422549
-0.00420592 0.017484 -0.139744
0.0276418 -0.0758976 0.161114
-0.0304204 -0.0758976 0.992821
-0.00420592 -0.047926 -0.507453
0.00820495 -0.0758976 -0.691773
0.0359017 0.075846 -0.405083
-0.0175832 0.075846 0.526906
0.00437957 0.0122417 0.642163
0.04903 -0.0644253 -0.946282
0.00437957 -0.0434711 0.324554
0.00437957 -0.0299539 0.194617
-0.0347558 0.0631401 0.15073
0.00437957 0.0179979 0.706786
0.00437957 0.0205296 0.055071
-0.0467971 0.075846 -0.319254
-0.0184713 -0.0758976 -0.554875
0.0362561 -0.0758976 -0.570528
0.0188403 0.075846 -0.120717
0.0427761 0.0638266 -0.94806
-0.0255522 -0.0623864 -0.494362
-0.027808 -0.0758976 -0.143235
-0.0367298 0.0633128 -0.614622
0.0324317 -0.0758976 -0.737281
0.0107874 -0.0595498 0.867138
-0.0309993 -0.0758976 -0.975818
0.0214723 0.0619627 0.72368
-0.0359135 -0.0632929 -0.874771
-0.00761019 0.0569318 0.00679244
-0.0580212 -0.0663047 -0.0086391
0.00437957 -0.0203976 0.249393
-0.0253961 -0.0623727 0.559384
0.0176081 0.0616246 0.179157
-0.0231413 -0.0758976 -0.26552
0.0327022 -0.0629968 -0.105507
0.0460734 0.064115 -0.586988
0.0471723 0.0642112 -0.228339
0.0237463 -0.0622132 0.186801
0.00437957 0.0342512 0.907506
0.00437957 0.0422004 0.425978
0.0210651 -0.0758976 -0.231991
0.0238333 -0.0622208 -0.597714
-0.0200417 -0.0619043 -0.308775
-0.0450158 -0.0640893 0.547071
-0.0489196 -0.0644308 -0.183677
0.00437957 0.0255425 -0.581631
0.00437957 0.0174225 0.0315823
0.0406808 0.075846 0.629393
0.010262 -0.0758976 -0.663467
0.00437957 -0.0199198 0.0653465
0.0518209 -0.0646694 0.570648
0.0437382 -0.0639623 -0.433542
0.0234779 -0.0621897 0.446121
0.0512291 0.0645661 -0.489187
0.0270336 0.075846 -0.937833
0.00661189 0.0553863 0.168415
-0.0583709 -0.0758976 0.0385393
-0.0224573 0.0620641 -0.554532
0.0588098 -0.0758976 -0.290761
-0.0196043 -0.061866 -0.473963
0.0230806 -0.0758976 -0.771392
-0.0516043 0.0646141 -0.517573
0.0130913 -0.0758976 0.847444
-0.0588137 -0.0694569 0.51075
-0.0588137 0.0751852 -0.429139
0.00437957 -0.0181101 -0.89696
0.0144023 -0.0758976 -0.513821
-0.0043208 -0.0497042 -0.581107
-0.0270109 0.0624625 -0.896412
0.0317526 -0.0758976 0.054359
0.0183857 -0.0617442 -0.857618
-0.0159999 0.075846 0.188572
-0.0588137 0.0750013 -0.785153
0.0163732 -0.0758976 -0.461471
0.0446703 -0.0758976 0.849918
-0.0248852 -0.0623281 0.681292
0.00437957 -0.00686906 -0.485257
-0.0572749 0.0655663 0.00280738
0.033799 -0.0758976 -0.708465
-0.0159726 -0.0615262 0.529883
0.00437957 0.029936 0.408501
0.0475467 -0.0642955 -0.338209
0.00437957 0.0225211 -0.967396
0.0308416 0.075846 -0.780282
0.050945 -0.0758976 -0.460258
0.035563 -0.063247 0.0985808
0.0566365 0.075846 0.509647
0.00437957 -0.00868607 0.473911
-0.047109 -0.0758976 -0.32027
0.0585284 0.0667417 0.742956
-0.0317877 -0.0629319 0.794004
0.0330171 -0.0630243 0.216006
-0.00420592 0.038246 0.0436367
0.00437957 -0.0465731 0.706911
-0.0192643 -0.0758976 0.58195
0.0494393 0.075846 0.149847
-0.0169243 0.075846 -0.581373
0.0246766 -0.0622946 0.122175
-0.0434963 -0.0639563 -0.751399
-0.046441 0.075846 0.337474
-0.0213228 -0.0620164 0.998509
-0.0267493 0.0624396 -0.588229
0.0125686 -0.0758976 -0.0706558
-0.00420592 0.0164514 0.485683
0.027911 0.075846 -0.901931
0.00437957 0.00801154 -0.574567
-0.00420592 -0.000113191 -0.0714651
0.0536159 0.0647749 0.893635
-0.048129 0.075846 0.838403
-0.00420592 0.00665151 -0.766679
-0.00420592 0.0208065 -0.0594833
0.0182149 -0.0758976 -0.194374
-0.00420592 0.0277454 -0.34699
0.0310898 0.0628041 0.859337
-0.0438092 0.0639321 -0.420143
0.0554272 -0.0649849 -0.197551
0.000613132 0.075846 0.620901
-0.00420606 0.0479416 0.887757
-0.044494 0.075846 0.572479
-0.00420592 0.00057409 -0.433394
-0.0415592 0.0637353 -0.114526
-0.0442656 -0.0758976 0.861436
0.03597 0.0632311 0.327482
0.00437957 -0.00627692 0.844308
0.0381008 -0.0634691 -0.745164
-0.0509554 -0.0646089 -0.217342
-0.00873254 -0.0581232 0.881038
0.00437957 0.0132516 0.839571
-0.0350397 -0.0758976 0.108676
-0.0206122 0.075846 -0.31036
-0.00464304 -0.0513692 0.484011
0.00437957 0.00255223 -0.735299
-0.00420592 -0.0321174 -0.624501
0.0163575 0.075846 -0.858986
0.0449259 -0.0758976 0.915891
-0.054684 0.0648836 0.278974
0.0451714 0.0640361 0.584459
-0.00420592 -0.0333556 0.219664
0.0417869 -0.0637916 0.465763
0.0424793 -0.0758976 -0.653752
0.0356239 -0.0758976 -0.995969
-0.00192841 -0.0758976 0.891254
0.0235421 -0.0758976 -0.296412
0.0265024 -0.0624543 -0.0116626
-0.00704075 -0.0758976 0.603279
0.0418511 -0.0637972 -0.583637
-0.0055754 0.0538589 0.58601
0.0328358 -0.0630084 -0.62969
0.00437957 -0.0220923 0.308402
-0.0347157 -0.0631881 -0.588893
-0.0421585 -0.0758976 -0.498899
0.00437957 0.0269167 0.736003
-0.0578491 -0.0758976 0.755269
-0.0303609 -0.0628071 0.271896
-0.033015 0.0629878 0.798103
-0.0438954 -0.0758976 0.397601
0.0287733 0.075846 0.680861
-0.0155559 -0.0758976 -0.00637149
0.0201501 -0.0618986 0.301637
-0.00946929 -0.0758976 -0.171329
-0.0230046 -0.0758976 0.847475
-0.00420592 0.0254971 -0.943724
-0.00420592 -0.0346262 -0.37179
0.0302221 -0.0758976 -0.609721
0.00437957 -0.00468947 -0.386539
0.0104391 -0.0758976 0.0647994
0.024588 -0.0758976 -0.982669
-0.0161489 0.061499 0.308958
0.0374312 0.075846 0.897395
-0.0401115 -0.0636602 -0.327329
0.0283822 -0.0626188 -0.995586
0.00538387 -0.0530873 -0.605236
0.0248758 -0.0758976 0.289806
0.0156983 -0.0758976 -0.642387
-0.0586326 -0.0674181 -0.542489
-0.00405643 0.075846 0.011706
0.0193939 -0.0618324 -0.208864
0.0224688 0.075846 0.88253
-0.0251245 0.075846 0.228831
-0.0477174 -0.0758976 -0.1222
-0.0244173 0.0622356 0.73613
-0.00420592 0.0448827 -0.061957
0.0193259 -0.0758976 0.86239
-0.0194033 -0.0618484 0.455609
0.0419805 0.063757 0.154922
0.00437957 0.0122501 0.245284
0.0269989 0.075846 -0.238772
-0.0324155 -0.0758976 -0.293839
-0.00561694 -0.0539956 -0.139633
0.00716153 0.0561678 -0.754872
0.0425257 0.0638047 0.214701
-0.044177 0.075846 0.149213
-0.030047 0.075846 -0.415037
0.00287416 0.075846 -0.688392
0.0356127 0.0631998 0.701724
-0.0497772 -0.0645058 0.970175
-0.00420592 0.0270781 0.857095
0.00437957 -0.00502141 0.711823
0.0355579 0.075846 0.47182
-0.00420592 0.0187536 0.179504
-0.00420592 -0.00882183 0.2079
0.0309875 0.0627952 -0.751394
0.00514637 0.0524052 -0.0427488
-0.00420592 0.00868143 -0.354686
0.0316267 -0.0758976 0.108368
-0.0521959 -0.0647174 -0.165002
0.0460675 0.075846 -0.578037
-0.00420592 0.0162059 -0.491762
-0.0126443 -0.0758976 -0.1231
0.0317028 -0.0758976 0.591254
0.0392434 0.0635175 0.0297475
-0.00510868 -0.0758976 0.0730655
0.00779283 0.075846 0.77974
-0.0045478 -0.050977 -0.911653
0.0484544 -0.0758976 0.266459
0.0469055 -0.0642394 -0.157278
-0.00420592 -0.0462656 0.346285
0.00180384 0.075846 0.409469
0.0445288 -0.0640315 -0.555404
-0.0244813 0.0622412 -0.464311
0.0219143 0.0620014 -0.280843
0.0105244 -0.0593796 0.0561386
-0.0119566 -0.0602953 -0.823897
0.0232164 0.0621153 0.922369
-0.00420592 -0.00199704 0.00262394
-0.00420592 0.0336536 0.530233
0.0193032 -0.0618245 -0.808698
-0.00420592 -0.0113737 0.793174
-0.00420592 -0.0325715 -0.317818
-0.0588137 -0.070603 -0.310162
-0.00547318 -0.0536942 -0.719123
0.0360415 0.0632374 -0.880176
0.00437957 -0.0123419 -0.562572
0.0296132 -0.0627265 -0.946526
0.00734114 -0.0564516 0.355151
0.0413114 -0.06375 0.229607
-0.0243396 0.0622288 -0.405457
-0.0456612 -0.0758976 -0.894883
-0.0141647 -0.0758976 -0.453582
0.0538936 0.075846 0.551022
-0.00877213 -0.0758976 -0.891438
-0.0496851 0.0644462 -0.471668
0.0524078 0.075846 -0.707223
0.00437957 0.0346367 -0.369165
0.0246736 -0.0622943 -0.825578
0.0493623 -0.0644543 -0.0358688
-0.00420592 0.0216689 -0.897905
-0.0436739 0.0639203 0.388955
-0.00530457 0.075846 0.830749
-0.0241606 -0.0758976 0.912229
-0.00661039 -0.0556953 0.460321
-0.0228707 -0.0621518 -0.283473
0.0198463 -0.061872 0.148699
-0.00433605 -0.0498177 0.269279
-0.0393348 0.075846 0.920723
-0.00449786 0.0506968 0.832135
-0.00420592 -0.0251195 -0.00910254
0.00437957 -0.0189769 0.279371
0.0263229 -0.0758976 0.00662032
-0.0302046 -0.0627934 0.342104
-0.00843856 -0.0758976 0.255748
0.00437957 0.0262413 0.366423
-0.00420592 0.0333976 0.488245
0.0484346 0.075846 0.823434
0.00437957 0.0430898 0.263071
-0.0183387 0.075846 0.26557
-0.0460397 0.075846 0.93413
-0.0588137 -0.0743077 0.586498
0.00437957 -0.00743365 0.520717
0.0352718 -0.0632216 -0.35582
-0.0263196 0.062402 -0.847954
0.0099614 0.075846 0.95415
0.0477715 -0.0758976 -0.166695
-0.0317559 -0.0629292 -0.706035
0.015868 0.075846 -0.542293
0.0407938 0.075846 -0.2035
-0.0457047 -0.0641495 0.172481
-0.00420592 -0.0417346 -0.450007
-0.0302192 0.075846 0.345624
0.00918413 0.075846 0.189819
-0.0284063 -0.0758976 0.180626
-0.00420592 0.0133915 0.468744
-0.0217404 0.075846 -0.123276
-0.015118 -0.0758976 -0.291313
-0.000781416 -0.0758976 0.955936
0.00437957 0.0111658 0.504971
-0.0479031 0.0642903 -0.910028
-0.023322 0.075846 -0.566199
-0.0354552 0.0632013 -0.236811
0.0406664 -0.0636935 0.803214
0.00437957 0.0373972 0.603634
-0.0421405 0.0637861 -0.0870616
-0.0381437 0.075846 -0.803127
0.0149051 0.075846 0.707906
0.0132476 -0.0607764 0.00601652
-0.00420592 -0.0443955 -0.174305
-0.00420592 -0.0064495 0.883899
0.035194 -0.0758976 0.83067
0.00452667 -0.0499363 0.769539
0.0254456 0.0623103 0.124813
0.0589873 0.075153 0.100222
-0.0581302 0.075846 0.679241
0.0443564 -0.0640164 0.619398
-0.00606834 -0.0758976 -0.385231
0.0244454 0.075846 0.152025
-0.00420592 0.0114621 -0.0398049
-0.0305766 -0.0758976 -0.211524
-0.0376899 -0.0758976 -0.64643
-0.00420592 -0.0295156 -0.165191
-0.0295195 0.075846 -0.77332
-0.00420592 -0.0332548 -0.259366
-0.0534252 0.0647734 -0.169315
0.00437957 0.00765725 -0.814953
0.0270231 -0.0758976 -0.471392
0.00437957 -0.0452835 -0.313757
0.0296497 0.0626782 -0.61856
0.0495801 -0.0758976 -0.961356
-0.00906561 -0.0584146 -0.886356
-0.02893 0.0626304 -0.0614467
0.0346288 -0.0631653 0.93679
0.0510272 -0.0646 -0.7524
-0.00420592 0.0295798 -0.795359
-0.0580858 -0.0663866 0.558164
0.00437957 -0.0364213 -0.526851
0.0477206 0.075846 0.0433509
-0.0489884 0.0643853 0.752376
-0.00879707 -0.0758976 0.12106
-0.0112921 -0.0599509 0.218202
0.00437957 -0.0392257 -0.712776
0.00290863 0.075846 -0.90441
0.018744 -0.0617756 -0.349304
-0.0440891 -0.0758976 0.995973
-0.00420592 -0.0401868 0.747084
0.0468637 0.075846 -0.131812
-0.0316404 -0.0758976 -0.923858
0.0289264 0.075846 0.425565
0.00437957 -0.0355174 -0.966705
0.00671871 -0.0758976 0.976393
-0.00420592 -0.0211543 0.547293
0.00437957 0.0379031 -0.922473
0.0424485 -0.0758976 -0.0893451
-0.0582152 -0.0758976 -0.794582
-0.0461154 -0.0758976 0.822443
-0.0189221 -0.0618064 0.109574
0.0461245 0.075846 -0.810905
0.0493535 0.075846 -0.956517
0.00437957 -0.0439317 0.197031
0.0553047 0.0649227 -0.809805
-0.00420592 0.000670892 0.557563
-0.00420592 -0.0248573 0.973076
0.00437957 -0.024383 0.899984
-0.0532609 0.0647591 0.984514
0.0589873 -0.0710829 -0.980782
0.00437957 0.00413988 -0.333691
-0.00582574 0.0543512 0.810412
-0.00420592 0.0170587 0.348377
-0.0352052 0.0631794 -0.560384
-0.0447575 0.0640151 0.530304
-0.0448985 0.075846 0.968669
-0.00420592 0.0253996 0.230191
-0.0315631 -0.0758976 0.209496
0.0453724 -0.0758976 0.529194
0.00437957 -0.0320392 0.396727
-0.0235584 0.075846 0.784106
-0.0325586 -0.0629994 -0.509654
0.00437957 0.0123608 0.923744
-0.00420592 -0.00287724 -0.938066
0.0379934 0.0634081 0.513288
0.00437957 0.0108498 0.9581
0.0273318 0.0624754 0.451696
-0.00251922 -0.0758976 -0.482799
0.0086888 0.0578709 0.365156
0.030254 -0.0758976 0.530761
-0.025486 -0.0623806 -0.0593543
-0.0529495 0.0647318 0.211032
0.00437957 -0.00354253 0.617649
-0.00478015 -0.0758976 -0.55757
-0.0267233 -0.0624889 -0.413259
0.0199736 0.0618316 -0.97044
-0.00420592 -0.0437515 -0.115081
-0.00420927 -0.0482346 -0.818442
-0.0338944 -0.0631163 -0.962125
0.0202975 0.075846 -0.752292
-0.00420592 0.0245167 -0.100103
0.00437957 0.0459783 -0.248592
0.00437957 -0.00067879 0.288452
-0.0224657 0.075846 -0.981494
-0.0563492 -0.0651665 -0.705477
-0.0102461 0.075846 -0.514067
0.00966891 -0.0758976 -0.909341
-0.00420592 0.00443454 0.367907
0.0396977 0.0635572 0.559205
-0.0333421 -0.0758976 0.406741
-0.0118767 0.0602048 -0.74157
0.042898 -0.0638888 -0.974706
-0.043913 0.075846 0.321437
-0.00421672 0.0484244 -0.697305
-0.00420592 8.80135e-05 -0.406661
-0.0275368 -0.06256 0.833022
-0.00526006 0.075846 0.216554
-0.00420592 -0.00272933 -0.447637
-0.0376876 0.0633966 -0.326108
-0.00445382 0.0504778 -0.8029
0.0562183 0.075846 -0.182448
-0.0588137 0.0684986 -0.751946
-0.0433569 0.075846 0.417854
-0.0245438 0.075846 -0.607992
0.00437957 -0.000637168 0.690802
0.00734435 -0.0564557 -0.95414
-0.00420592 -0.0471311 -0.435546
0.00437957 0.0476651 0.731588
0.00437957 -0.00118209 0.903363
-0.00420592 0.0270828 -0.418299
-0.0307634 -0.0758976 0.74908
0.037363 0.075846 0.336051
0.0473367 0.075846 0.394688
0.0588557 -0.0758976 0.0570507
0.0589873 -0.0697813 -0.575003
-0.0464838 0.075846 -0.49049
-0.046573 0.075846 0.823977
-0.00420592 0.0164889 -0.178782
0.0370007 -0.0758976 0.203255
0.0337637 -0.0630896 -0.234584
-0.0167301 0.075846 -0.0218372
0.0487748 -0.0644029 -0.00403215
0.00468676 -0.0508202 -0.468194
-0.0559997 -0.0758976 0.19542
0.0153973 0.0613449 -0.490119
0.00437957 -0.0231908 0.936972
-0.0433851 0.063895 -0.503609
-0.0511914 -0.0758976 0.320714
-0.00420592 -0.0320751 -0.585069
-0.0496322 0.075846 0.0458815
0.00437957 0.0133303 0.86989
-0.0471445 -0.0642755 0.604328
0.029825 0.075846 -0.434682
-0.0521006 0.075846 -0.82968
-0.00666402 -0.055773 -0.21174
0.020846 0.0619079 -0.227982
-0.0486372 -0.0758976 0.728728
-0.0450704 -0.0758976 0.237221
-0.018313 0.0617015 0.381373
0.0321123 0.075846 -0.47477
0.0430408 0.0638497 0.598228
0.0163817 -0.0758976 0.991282
0.0589873 0.0705305 0.19408
-0.0533222 -0.0758976 -0.208712
-0.052458 -0.0647404 -0.821791
-0.00420592 0.00617397 0.792203
0.0498776 0.075846 -0.751934
0.00891678 -0.0581327 0.502986
0.0444519 -0.0640247 0.427432
0.0170586 -0.0758976 -0.107199
0.00578294 0.0539285 -0.218858
-0.0586639 0.075846 0.0795448
0.00437957 -0.0334805 -0.544158
-0.031313 0.075846 0.515505
-0.0423025 -0.0758976 0.0148987
0.0244616 -0.0758976 0.0845163
-0.00420592 -0.0214724 -0.765974
0.0257588 -0.0623893 -0.910028
-0.00420592 -0.00536202 -0.316349
0.0588659 -0.0758976 -0.859921
-0.0408111 -0.0637214 0.623678
-0.00420592 0.0340298 -0.0821139
0.055445 -0.0758976 0.166783
-0.0126287 -0.0605987 -0.937877
0.0483784 0.075846 -0.543884
-0.00511411 0.0527917 -0.850382
-0.00420592 -0.0164771 -0.245163
0.00437957 -0.0260818 -0.344569
0.0589873 -0.0742791 -0.773907
-0.00696823 -0.0561934 -0.326511
0.00437957 -0.0300939 -0.731624
-0.01714 0.0615989 -0.672817
-0.0287675 -0.0758976 -0.192263
0.0165765 0.0615301 -0.682991
-0.0116592 0.0600953 0.494139
-0.0305863 -0.0628268 0.31183
0.00803189 0.0572074 0.795278
0.00437957 -0.0111286 -0.1471
-0.00420592 -0.0315533 0.645519
-0.00610357 -0.0548981 -0.995428
-0.0452793 0.075846 0.698948
-0.00420592 0.0237491 -0.995995
0.00437957 0.0473301 -0.468441
-0.00300077 0.075846 -0.332738
-0.0557003 0.0649743 0.498032
0.0569603 -0.0758976 0.739448
-0.0427172 -0.0638882 0.467656
-0.0311195 -0.0628735 0.0468269
-0.00694978 0.0561173 -0.106134
-0.0195379 -0.0618602 -0.187595
-0.046525 -0.0642213 -0.0564417
-0.0144783 0.0611726 -0.485208
-0.00757465 -0.0758976 -0.0300547
0.0219915 -0.0758976 -0.547971
-0.00423094 0.0487085 -0.514833
-0.0251314 0.062298 -0.93813
-0.0340928 0.075846 -0.0854099
0.0071433 -0.0561953 -0.639632
-0.0372734 0.0633603 0.621001
0.0583168 -0.0758976 -0.545626
0.0354973 0.0631897 -0.11223
0.0414453 0.0637101 0.368571
0.0278572 -0.0625729 0.849503
0.0464022 -0.0758976 -0.236441
-0.0315343 -0.0758976 0.157948
-0.00427272 0.0492329 0.606065
-0.0423842 -0.063859 0.765845
-0.00420592 -0.0182786 0.036975
-0.00420592 0.00732984 -0.978529
-0.0262802 -0.0624501 0.440967
0.0437172 0.075846 0.719442
-0.0172174 -0.0758976 0.306835
-0.0455251 -0.0758976 0.083113
0.0557389 -0.0650122 -0.796247
-0.0521256 -0.0647113 -0.263784
-0.0114007 -0.0600103 -0.532899
0.0415335 0.0637178 -0.166791
-0.00420592 -0.0330719 0.506722
-0.00543974 0.0535698 -0.834013
-0.0573864 -0.0758976 0.435419
-0.00420592 0.0325935 0.320872
-0.0588137 -0.0750832 -0.186577
-0.0284814 0.075846 0.658537
-0.00420592 0.0276487 -0.0399776
0.00437957 -0.0126979 0.780915
0.0232633 0.075846 0.267857
0.029758 0.075846 0.0873024
-0.0104797 0.075846 -0.967048
-0.0213672 -0.0620203 0.18958
0.0224171 0.075846 0.836878
0.0228571 -0.0758976 -0.960295
-0.00420592 0.0192038 0.326809
0.0169529 0.075846 0.11278
-0.00420592 -0.0131087 0.649675
-0.0112924 -0.0599511 -0.29505
0.0484736 -0.0643766 -0.898761
0.0376408 -0.0634288 0.873967
-0.0187845 -0.0617943 0.613717
-0.00420592 0.0392709 -0.137238
0.0277732 -0.0758976 0.672721
-0.0478462 -0.0758976 0.944864
0.00437957 -0.0244631 0.808573
-0.00793258 -0.0758976 0.174395
0.0453555 -0.0641038 -0.677195
0.00437957 0.0372775 0.499361
0.00437957 0.00245444 -0.543338
0.0531204 -0.0647831 -0.369239
-0.0420764 0.0637805 -0.676496
-0.0151364 -0.0758976 -0.834883
0.0406981 -0.0758976 -0.108194
-0.0181751 0.0616894 -0.191285
-0.0285271 -0.0626467 0.942734
0.0497974 0.075846 0.441828
-0.0184955 0.0617175 -0.637324
0.0365712 -0.0633352 -0.0877956
0.0045158 -0.0498612 -0.19208
-0.0579978 0.075846 -0.56124
-0.0324307 0.0629366 -0.758259
0.00437957 0.0371993 0.657769
0.00437957 0.0268773 -0.199898
0.043592 -0.0758976 0.0744528
-0.00561017 -0.0758976 0.326899
-0.0299912 0.0627232 0.926375
0.00437957 0.000261531 0.0538197
-0.00420592 0.0323914 -0.639682
-0.00420592 -0.0254424 0.823312
0.0358387 -0.0632712 -0.328586
-0.040794 0.075846 -0.548542
0.0422635 0.0637817 0.803147
-0.0133847 -0.06089 0.943566
-0.0119113 0.0602217 0.654615
0.00539303 -0.0531098 0.0999523
0.031073 0.075846 0.0731778
-0.0490634 0.075846 -0.949166
0.0474204 0.075846 -0.395893
-0.0104231 0.075846 0.376045
0.0486357 0.075846 -0.63997
-0.00420592 -0.0386983 -0.333875
0.0363788 -0.0758976 0.487897
0.0453701 0.075846 -0.827287
0.00437957 -0.0456997 -0.341875
0.00437957 0.0399451 0.00376041
0.056741 -0.0758976 0.712445
0.00696432 0.0559005 -0.204415
-0.00420592 0.00825578 -0.600895
0.00437957 0.00862201 0.750248
-0.00420592 0.0209847 -0.241021
0.03801 0.075846 -0.174297
-0.0403 0.0636251 0.266527
-0.0158084 0.075846 0.968504
-0.00110192 -0.0758976 0.397069
0.0273317 0.0624754 0.480544
-0.00420592 -0.00527111 -0.292721
0.00446088 0.0493722 0.0170195
-0.0484899 -0.0643932 0.41038
-0.00128618 0.075846 0.424089
-0.00420592 -0.0051077 0.0871994
0.039192 -0.0758976 0.317484
-0.0512628 -0.0646358 0.225965
0.00493184 -0.0758976 0.907858
-0.0463332 0.075846 0.279554
-0.0480869 -0.0758976 0.703723
-0.0588137 0.0748369 0.448161
0.00437957 -0.0119596 -0.00445138
0.00437957 0.0188744 -0.387753
0.00437957 0.0467449 0.446877
0.0585249 0.075846 -0.694223
0.0163892 0.075846 0.495974
0.00437957 0.0210946 0.540564
-0.0288101 0.0626199 0.187475
0.00441641 -0.0489367 0.213155
0.00525123 -0.0527468 0.551159
0.0219943 -0.0620599 -0.450807
-0.0546063 -0.0758976 -0.964156
-0.0331887 -0.0630545 0.819741
-0.00420592 0.0306169 0.06513
-0.0189879 0.0617606 -0.700151
-0.0235994 -0.0622156 -0.728603
-0.0461422 -0.0758976 -0.362234
-0.0555771 0.0649617 -0.321805
-0.0583505 0.075846 0.231173
-0.0451414 -0.0641002 0.156568
0.0516209 0.075846 0.276776
0.0255508 -0.0623711 0.686396
-0.00503016 -0.0526181 0.156416
0.00437957 -0.00346669 0.0294395
0.004891 0.0515932 -0.18099
0.0313144 0.075846 0.742804
0.0218726 -0.0758976 0.237221
-0.0128337 -0.0758976 0.387447
-0.0315945 -0.062915 0.714438
-0.0051769 -0.0530042 -0.23389
0.0412536 0.0636934 -0.70887
0.0413673 -0.0758976 -0.519101
0.0308721 0.075846 0.696954
0.00437957 0.0263689 -0.838994
0.046724 -0.0758976 0.811389
-0.0561933 0.0650693 0.316799
-0.0345492 -0.0631735 -0.7616
0.00437957 -0.0295518 -0.566032
-0.00279624 0.075846 0.668608
0.0181815 -0.0617264 -0.669311
-0.0588137 0.0751298 -0.0233926
-0.00781632 -0.0758976 -0.157217
0.0348774 -0.0758976 0.575995
-0.0256489 0.0623433 0.899056
-0.00420592 0.0219814 -0.77595
-0.0406102 0.075846 -0.287291
0.0362439 0.0632551 -0.986259
0.0586938 -0.0758976 0.696793
0.00572887 -0.0758976 -0.878667
0.0465453 -0.0642079 0.715224
-0.0162476 -0.0615632 0.506658
-0.00420592 -0.0455388 -0.00233802
-0.0532111 -0.0648062 0.274821
0.0253233 -0.0623512 0.0755376
-0.00420592 0.00193506 -0.838366
-0.0251517 0.0622998 0.320878
0.0171248 0.0615824 -0.328901
-0.0588137 0.0709135 0.713283
-0.0255857 0.0623378 0.640757
0.00968801 0.0587271 0.298439
-0.0360979 0.075846 -0.725641
0.0345205 -0.0758976 -0.937285
0.0589864 0.0684041 0.912521
0.0136365 0.0608656 -0.815602
-0.0291439 -0.0627006 0.984964
-0.0301669 -0.0758976 -0.0501971
-0.00420592 0.0241809 0.597999
0.0443677 -0.0640174 -0.0542086
-0.0341837 0.075846 0.311158
-0.0334863 0.063029 -0.025799
-0.0588137 -0.0748473 -0.939111
-0.0178497 -0.0758976 -0.943753
-0.0197773 -0.0758976 -0.717533
-0.0427949 -0.0758976 0.486833
0.00437957 -0.00611172 -0.854573
-0.0588137 0.0753292 0.471186
-0.0199891 -0.0758976 0.348154
-0.0581624 0.0664389 -0.926345
0.0432269 0.063866 -0.331042
0.00437957 0.0287001 -0.530058
-0.0283784 -0.0626337 -0.198554
-0.016312 0.0615195 -0.0772849
0.0502213 -0.0758976 0.876109
0.00437957 -0.0146313 -0.661195
0.0474861 0.075846 0.959693
0.00437957 -0.00660088 -0.4993
0.00437957 0.0354217 -0.0933233
-0.0566626 -0.0758976 0.631914
0.00727031 -0.0563613 -0.624887
0.0507345 0.0645228 0.381809
-0.00420592 -0.0147308 0.288976
0.046701 0.0641699 0.751096
0.00437957 -0.0171936 -0.539254
-0.0289233 -0.0758976 0.0188346
-0.041154 -0.0758976 0.383739
-0.00420592 -0.0215792 -0.377211
0.0347223 0.0631219 -0.595017
-0.0183439 0.0617042 -0.657814
-0.026416 -0.0758976 -0.750677
-0.0483949 -0.0758976 0.56096
-0.0515719 -0.0646628 -0.410937
0.00573313 0.075846 -0.343556
-0.0493217 0.075846 -0.653873
-0.039206 0.075846 0.891758
-0.0210453 -0.0619921 0.859595
-0.00420932 0.0481856 -0.593444
-0.0347744 0.0631417 0.0875578
-0.00420592 -0.0139834 -0.86639
0.0444432 -0.0758976 -0.180254
0.0526917 -0.0758976 0.375286
-0.0588137 0.0740347 0.202453
0.0312418 -0.062869 0.241891
0.0468425 0.075846 -0.527507
0.00643829 0.0551133 -0.354956
0.0503898 0.0644927 0.119662
0.0516598 0.0646038 0.728968
-0.00533122 -0.0758976 -0.904839
0.0430596 0.0638514 -0.0393101
-0.0130423 0.075846 -0.0616755
-0.0309646 0.0628084 -0.995545
-0.00986876 0.075846 0.591626
-0.00420592 -0.0281327 0.328261
-0.044087 0.0639564 0.601125
0.0191897 0.075846 -0.518872
-0.0101296 -0.0592298 0.289564
-0.0496992 -0.064499 -0.14353
0.0472618 -0.0758976 0.12002
-0.0367188 0.0633118 -0.78349
-0.0490801 0.075846 0.135994
-0.0127497 0.075846 0.113103
-0.00332561 -0.0758976 0.627122
-0.0129792 0.075846 0.324913
0.00437957 0.000230227 -0.108223
0.00511778 0.075846 -0.886129
-0.0294805 0.075846 -0.475415
0.050723 -0.0645734 0.688462
0.0589873 0.0685838 -0.396056
-0.00420592 -0.0467042 -0.73968
0.0459303 0.0641025 -0.00172516
-0.00420592 -0.0439769 0.961233
-0.0253006 0.0623128 -0.121401
0.0340566 0.0630637 0.00548942
0.0303874 0.0627427 -0.814541
0.0410229 0.075846 -0.762976
0.0238241 -0.0758976 0.1464
-0.00420592 -0.0166288 -0.157698
0.0483219 -0.0758976 0.630156
-0.0114647 0.075846 0.639355
-0.00420592 -0.0439685 0.628325
-0.0429339 0.075846 -0.105892
-0.0531843 0.0647524 -0.583556
0.00437957 0.0112414 0.22333
-0.019456 0.0618015 -0.229278
0.0110555 -0.0758976 -0.610643
0.0497882 0.075846 0.23376
-0.00496891 -0.0758976 -0.202041
-0.00420592 -0.014575 -0.981845
-0.00453833 0.0508835 0.360795
-0.0278655 -0.0625888 0.220951
0.00373561 0.075846 -0.384014
0.0521927 -0.064702 0.196311
0.0270643 0.075846 0.932927
0.0460488 -0.0758976 -0.0738609
0.00437957 -0.0452662 0.921926
-0.00484139 0.0520096 -0.157082
-0.0559516 0.0650136 0.918257
-0.0156935 -0.0614828 0.58806
-0.00420592 -0.011782 -0.692471
0.0214061 -0.0620085 -0.424336
-0.024474 0.075846 -0.86989
0.036109 -0.0758976 0.0298601
-0.00420592 0.00878251 -0.00751054
-0.00901572 -0.0583721 -0.498931
0.0298143 0.075846 0.578475
-0.00420592 -0.0297475 -0.832175
-0.0551455 0.0649239 -0.189707
-0.00420592 -0.013849 0.919489
-0.0323005 0.0629253 0.334164
0.00437957 0.00244026 -0.710629
-0.00420592 0.016406 -0.550893
-0.00420592 -0.012509 0.592455
0.0465271 0.075846 0.659189
-0.018777 -0.0758976 0.813554
0.0461324 -0.0758976 -0.908843
0.00462887 0.075846 -0.979672
0.00965352 0.075846 0.762139
-0.0322425 0.075846 0.466822
-0.0569424 -0.0654163 -0.0277915
-0.0447838 -0.0758976 -0.71915
-0.00420592 0.0335452 0.959035
-0.0339283 -0.0631192 -0.390137
0.0335137 0.075846 -0.131131
0.0480904 -0.0758976 -0.563201
0.0518904 -0.0646755 0.383132
-0.0353242 0.0631898 0.476151
0.02959 -0.0758976 0.962795
0.0223296 0.0620377 -0.36603
-0.00444176 -0.0504659 -0.566125
0.0537857 0.0647898 0.644503
0.0456795 0.075846 0.973253
0.00437957 -0.0133046 -0.0904049
-0.0442572 -0.0758976 -0.518904
-0.057297 0.075846 0.800588
0.00437957 0.0358698 0.14837
-0.0259268 -0.0758976 0.361013
-0.0576125 -0.0658801 -0.0986426
-0.00420592 -0.0103851 0.753938
-0.00927786 -0.0758976 -0.588201
-0.00656585 -0.0556299 0.422262
-0.00484874 -0.0520844 0.823127
0.0244338 -0.0622734 0.580142
0.0143782 0.0610982 -0.572285
-0.0532749 -0.0648118 -0.894244
0.0461138 -0.0758976 -0.854772
-0.0497365 -0.0758976 0.359314
-0.00755051 0.0568633 -0.442021
0.0578083 0.075846 0.592535
0.0389005 -0.063539 0.411903
-0.045639 -0.0758976 -0.000444529
0.0152003 0.075846 0.721358
0.0263884 -0.0624444 0.713054
-0.0393665 -0.063595 -0.340632
-0.00166321 -0.0758976 -0.0029338
0.00649271 0.0552004 -0.911717
0.038169 0.075846 0.910685
0.00279754 -0.0758976 0.0467588
-0.00420592 -0.0264551 0.342818
-0.00420592 0.00977754 -0.367947
-0.0162269 -0.0758976 -0.0500279
-0.0439053 -0.0758976 -0.549657
-0.00562407 0.075846 -0.610942
0.0484538 -0.0643748 -0.20904
0.0539215 -0.0648532 0.0202103
0.0578806 -0.0758976 0.0865407
-0.0367332 0.075846 0.171416
0.0359585 0.0632301 -0.458554
-0.0521518 0.064662 0.174442
0.0270036 0.0624466 -0.922318
0.029016 -0.0626743 0.548186
0.0546087 -0.0758976 0.146271
-0.00106868 0.075846 0.566703
0.00437957 0.0212862 0.986058
0.0379228 -0.0634535 0.278576
-0.0577993 0.075846 0.624369
-0.0331901 0.0630031 0.66861
0.0103237 0.075846 -0.662288
0.00444404 -0.0492607 0.941471
0.00437957 -0.0264275 -0.0769601
0.00437957 -0.0368267 -0.606471
-0.0207393 -0.0619653 -0.891565
0.0586796 -0.0670924 -0.656903
0.00437957 -0.0264443 0.619475
-0.00420592 -0.0353456 -0.150824
0.0255195 -0.0623684 -0.559644
0.0489523 0.075846 -0.895275
0.00437957 -0.00624179 -0.803205
0.047807 0.075846 0.986734
-0.0272288 -0.0758976 -0.803107
0.00116905 0.075846 -0.430711
0.0587884 0.075846 0.33082
-0.0315405 0.0628588 -0.209304
0.00437957 -0.0247033 -0.945855
-0.00420592 0.00519542 -0.995463
0.043743 -0.0758976 0.991547
0.0145311 -0.0611921 -0.170892
-0.0453953 0.075846 0.554054
-0.00420592 -0.00522446 -0.637868
-0.0185587 0.075846 0.57166
-0.0340818 -0.0631327 0.958842
0.0486663 0.0643419 0.226417
0.0134609 0.0608037 0.1523
0.00542501 0.0531362 0.770279
0.00437957 0.0165383 -0.681427
0.00437957 0.0200446 0.296544
0.00437957 -0.0259577 -0.251079
0.0514614 0.075846 0.167181
-0.0109199 -0.0597373 0.745437
-0.00460335 0.0511602 -0.580107
-0.0588137 -0.0743742 -0.289569
-0.0109421 -0.0758976 -0.648903
0.00129493 0.075846 -0.368359
0.0339153 -0.0758976 -0.596736
0.00439647 -0.0486125 -0.278154
0.0061026 -0.0545924 0.623736
-0.00591855 0.075846 0.0578414
0.0419351 -0.0758976 -0.0119291
0.00769649 -0.0758976 0.516632
0.0042825 -0.0758976 0.435249
-0.00907935 0.0583746 -0.238456
0.0318335 -0.0758976 -0.16771
0.0554634 0.0649366 -0.730034
-0.00428911 -0.0758976 -0.25841
0.00437957 0.0425365 0.982584
-0.00420592 -0.00221609 0.665997
0.00437957 -0.043805 0.0628315
-0.00420592 -0.0209794 0.465621
-0.0341485 0.0630869 0.0591787
-0.046451 0.0641633 -0.822468
0.0517174 0.075846 -0.223613
0.0346996 0.06312 0.668731
-0.0435904 -0.0639645 -0.938641
0.0268568 0.0624338 0.735861
0.0476318 0.075846 0.870227
0.00437957 0.00494007 -0.424379
-0.058093 0.0663445 0.0921395
0.0509565 -0.0758976 0.505081
-0.0538831 -0.064865 -0.837896
0.00929561 0.075846 -0.952774
0.0589873 -0.0717774 -0.512149
-0.05763 -0.0758976 0.170987
-0.00319 0.075846 -0.716587
0.0209214 0.075846 0.656734
0.0408068 0.075846 -0.0492599
0.0493676 -0.0644548 0.775715
0.00437957 0.0343989 -0.163391
0.00437957 0.00281258 -0.220196
-0.0541708 0.0648387 -0.732261
0.0444622 0.075846 0.205427
0.0230039 -0.0621483 0.657835
0.0481476 0.075846 -0.421184
0.0478711 0.0642723 0.998424
0.0174873 -0.0616656 0.879665
-0.0348527 0.075846 -0.401666
-0.0520016 -0.0647004 0.687031
-0.0337086 -0.0758976 -0.486713
0.0560961 -0.0758976 0.615242
-0.00420592 0.0475936 -0.0956811
0.00656895 0.0553201 0.882528
-0.00420592 0.0272034 0.638319
-0.0530835 -0.0758976 0.133485
-0.00420592 0.00474191 0.353539
0.0304064 -0.0627959 0.0300261
-0.00420592 -0.0208871 -0.637849
0.0434623 -0.0639381 0.968412
-0.0582862 -0.0758976 -0.757801
0.0476794 -0.0758976 -0.636904
0.0342409 -0.0631314 -0.800637
0.018195 0.061676 0.993176
0.0074151 0.0564928 0.102904
-0.0371591 -0.0634019 0.739512
0.0387141 0.0634712 0.296584
0.00437957 0.0426823 0.789864
-0.00420592 -0.0105452 -0.07945
0.00437957 0.00517799 -0.254752
0.0230225 0.0620983 0.107735
-0.00681726 -0.0758976 -0.73539
0.0361647 0.075846 -0.720787
0.0440772 -0.0758976 -0.475151
0.0488759 -0.0644118 -0.529708
0.0107928 0.075846 0.519737
-0.0551017 0.0649201 0.736986
0.0470886 -0.0642554 0.0877127
-0.015599 0.075846 0.456538
0.00437957 0.0420047 0.344836
0.0311929 0.0628132 0.198423
0.054778 -0.0649281 0.269894
0.0315365 0.0628432 -0.340116
-0.0496569 -0.0644953 0.798973
0.0490377 0.0643744 0.426267
0.0557618 0.0649627 -0.0484157
0.00437957 -0.0462029 0.147238
-0.00802783 0.075846 -0.204315
0.0586104 0.075846 -0.626061
-0.0361145 0.0632589 0.555296
-0.00439297 0.050139 -0.459023
-0.0588137 -0.0754903 0.388416
-0.013978 0.0610321 0.984866
0.00437957 -0.010204 0.73176
0.0255568 -0.0758976 0.336898
0.0309706 -0.0628453 0.344211
-0.0450582 0.0640414 0.0390788
-0.00714662 0.0563736 -0.959194
-0.00420592 -0.0474125 -0.894171
-0.0508719 -0.0646016 -0.777645
0.0181593 -0.0758976 -0.38251
0.00437957 -0.0187176 0.412626
0.00720963 -0.0562826 0.325024
0.0415476 -0.0758976 0.0144151
-0.00420592 -0.0174942 0.708301
-0.00420592 0.00449143 -0.914767
-0.0201457 -0.0619134 0.26335
0.0443023 0.0639601 0.52987
-0.00421735 -0.0484917 -0.411838
0.0220308 0.075846 -0.323931
0.0557088 -0.0650096 -0.636399
0.00437957 -0.019454 0.014161
0.0383124 0.075846 -0.347255
0.0411518 -0.0758976 -0.215123
-0.0105751 -0.0595253 -0.849996
0.00437957 -0.00365372 0.486427
-0.0458578 -0.0758976 0.805236
-0.0485606 0.0643478 -0.96949
0.00437957 0.0292302 0.465835
0.00663871 0.0554272 0.970778
-0.00420592 -0.0129771 0.51129
-0.0577146 -0.0758976 0.658388
0.00553309 0.0533899 0.200475
-0.0430066 0.075846 -0.741979
0.0334933 -0.0758976 0.700313
-0.00420592 0.0471953 0.378011
0.00437957 -0.0127366 -0.426014
-0.00420592 -0.0133179 0.451208
-0.00420592 0.00111797 0.0398028
-0.0123127 0.0604099 0.80042
0.0486758 0.0643427 0.692129
-0.0398262 -0.0636352 0.204176
0.0476083 0.0642493 0.487078
0.0106667 0.075846 0.172155
-0.0358948 0.0632397 -0.353644
0.0589873 0.0756772 -0.363761
0.0554246 0.0649332 0.107616
-0.0352792 -0.0758976 -0.663991
0.0512337 0.0645665 -0.769707
-0.00420592 0.025461 0.579572
0.0571486 0.075846 0.678146
0.0395893 0.075846 0.507326
-0.0458438 0.0641101 -0.281891
-0.0155753 0.0614111 0.438689
-0.0538713 0.0648125 0.904375
0.0297084 -0.0758976 0.985152
-0.0490728 -0.0644442 0.715163
-0.0540197 0.075846 -0.0660268
0.0565858 -0.0651871 0.436085
0.0176504 0.0616284 -0.611817
0.00437957 0.0475686 0.617821
0.00437957 -0.0222045 0.84748
0.0589442 -0.0679844 0.481157
0.00437957 -0.00539233 0.675304
-0.0460072 0.0641244 0.466624
0.00437957 -0.013258 0.217839
0.00437957 -0.00142171 0.312402
-0.0583677 -0.0758976 0.415199
-0.0455319 -0.0641344 -0.649777
0.00437957 0.0095305 -0.499616
-0.0376385 -0.0634438 0.00602464
0.00437957 -0.039431 0.884335
-0.00420592 -0.0234673 -0.445327
-0.0588137 0.0757522 -0.404615
-0.00420592 0.0135904 -0.117203
0.00437957 0.0184249 0.0898338
-0.0476139 0.064265 -0.262116
0.0235415 -0.0621953 -0.584691
0.00437957 0.044403 -0.3796
0.0222297 0.075846 -0.885701
-0.0349481 -0.0632084 -0.0852104
0.0278856 0.075846 -0.150287
-0.00420592 0.0465554 0.115578
-0.0248793 0.075846 0.680695
0.00437957 -0.0397484 0.898292
-0.0438245 0.075846 -0.858978
-0.00420592 -0.0203951 -0.732842
0.0283435 0.075846 -0.107426
0.00898218 0.0581398 0.128099
-0.00420592 -0.00295019 0.94246
0.00437957 0.0448844 0.925309
-0.0376723 0.075846 0.787279
0.04719 -0.0758976 -0.39546
0.0298421 -0.0627465 0.619923
-0.0384432 0.075846 -0.0567616
0.0516771 0.075846 -0.0683675
-0.0585223 0.075846 -0.297316
0.00437957 0.00903974 -0.310918
-0.00420592 0.00388663 -0.0589523
-0.00807945 0.057441 -0.996581
0.0149647 -0.0758976 0.533112
-0.056255 0.0650864 -0.453471
-0.0375346 0.0633832 -0.960428
0.00476994 0.0511314 0.238127
0.012063 -0.0602625 -0.575156
-0.0252879 0.0623117 0.412991
-0.00420592 -0.00496427 0.249847
-0.0442365 0.075846 -0.882023
-0.0324635 -0.0629911 -0.719147
-0.0550894 -0.0649706 -0.520319
-0.00420592 0.0394582 -0.422227
0.030926 -0.0758976 0.553273
-0.00420592 -0.0476478 -0.487061
-0.050959 -0.0758976 0.9286
-0.0578368 -0.0660954 0.0671885
0.0272302 -0.0758976 -0.843963
0.0177675 -0.0616901 0.965889
0.0229551 0.0620925 -0.199434
-0.0112633 0.075846 -0.931038
0.0587523 -0.0758976 0.188917
0.0175573 -0.0616718 -0.238194
-0.0118941 -0.0758976 0.0397099
-0.00420592 -0.0210835 0.662963
0.00437957 -0.0314989 -0.862789
-0.0315015 0.075846 0.435647
-0.0335836 -0.0758976 0.072028
-0.00420592 0.0107621 0.10544
-0.0235226 0.0621573 0.559969
-0.00420592 0.0199645 0.617672
0.0552922 0.075846 -0.265589
0.0452845 0.064046 0.763978
-0.0450955 0.075846 -0.36216
-0.00420592 -0.0197564 -0.920544
-0.00420592 -0.019476 0.887814
0.00578033 -0.0758976 0.543365
-0.00475612 0.075846 -0.557612
0.0224816 0.075846 0.86356
0.0472356 -0.0642683 -0.813608
-0.0383004 0.075846 -0.463597
0.00437957 -0.0209772 0.741887
0.0357313 0.075846 -0.0150499
0.00437957 0.0194766 0.156689
-0.0588137 0.0729304 -0.140916
-0.0228527 -0.0758976 -0.872587
0.0206465 0.0618905 -0.936599
0.0487398 -0.0758976 -0.995614
0.0255915 -0.0623747 0.2722
0.00159176 0.075846 0.149146
-0.00420592 0.0347617 0.0832439
0.00437957 -0.026767 -0.678198
0.0312868 0.075846 -0.967043
0.00437957 -0.0314962 0.781492
0.00437957 0.011853 0.944397
0.00437957 0.0182703 -0.743459
0.0310262 -0.0628501 -0.462013
0.0321796 -0.062951 0.90109
0.0324803 0.0629258 -0.955831
0.0274224 -0.0758976 -0.051956
-0.0554287 0.0649487 0.261373
0.0516483 -0.0646543 -0.503106
-0.0114744 0.075846 -0.812749
0.0558793 -0.0650265 0.821051
0.00705636 -0.0560785 0.277695
0.0541589 -0.0758976 0.946603
0.00526655 -0.0527875 -0.92184
-0.0400896 -0.0758976 0.643309
0.00437957 0.0270707 -0.138605
0.00437957 -0.0388271 -0.822222
0.0497831 -0.0644911 -0.847299
-0.00420592 -0.010921 -0.3619
0.0211943 -0.0619899 0.368857
-0.00804889 -0.0574609 -0.650275
-0.00612104 0.0548761 -0.26447
0.00437957 0.0401712 -0.740538
-0.0138817 -0.0758976 0.951945
-0.0178829 -0.0758976 0.277934
-0.0362074 0.075846 -0.509984
0.00437957 -0.0122355 -0.575478
-0.00420592 0.0448507 0.140397
-0.0480907 0.0643067 -0.758729
0.0531942 0.064738 -0.683715
0.00682448 -0.055754 -0.696388
-0.0538394 0.0648097 -0.779007
0.0571015 0.0653571 -0.753962
0.0143291 0.075846 0.741665
0.0308194 -0.0758976 0.718669
0.00437957 -0.0140468 0.865465
0.0286467 0.075846 0.563771
-0.0509199 0.0645542 0.856761
0.0491802 0.075846 -0.611817
0.0582232 0.075846 -0.845436
-0.0404328 0.0636367 0.433586
-0.00420592 -0.00868971 -0.622512
0.0466557 -0.0642175 -0.410431
-0.0505677 0.0645234 -0.100538
0.00437957 0.0021756 0.164978
-0.00420592 -0.00222777 -0.967887
-0.0053445 0.0533557 0.51931
-0.0214212 -0.0758976 -0.510541
0.00437957 -0.018966 -0.466982
-0.0535446 0.075846 -0.905147
-0.00420592 -0.0419226 0.516908
0.0333336 -0.063052 0.148306
0.0339355 -0.0631047 -0.723851
-0.0159043 0.0614646 -0.619587
-0.0321237 0.075846 0.720981
0.0320481 0.075846 -0.297026
0.00437957 0.0464183 -0.342193
0.035539 -0.063245 -0.387929
-0.0393152 0.075846 0.103625
0.00660813 -0.0554321 0.170081
-0.0364714 -0.0633417 0.298286
-0.00420592 0.0109574 -0.788045
0.00437957 0.0137549 0.194867
0.00437957 0.0311484 0.519304
0.00437957 0.0104391 0.562209
0.048207 -0.0643533 0.172263
-0.0347048 0.075846 -0.834728
0.0239346 0.0621781 0.0308428
0.0356711 0.063205 -0.508701
0.0130199 -0.0758976 0.318389
0.00437957 0.037818 -0.98339
0.0416652 0.0637294 -0.433364
-0.0119706 0.075846 -0.300867
-0.00420592 0.0290495 0.187277
-0.0588137 0.0757461 0.395303
0.046933 -0.0758976 -0.940531
0.0322073 0.075846 0.371834
0.018506 -0.0617547 0.788199
-0.0239326 -0.0758976 0.722628
0.0193859 -0.0758976 0.413596
-0.00548904 -0.0537284 0.785097
0.0515159 0.0645912 -0.0862977
-0.00420592 0.0153673 0.392584
-0.0327522 -0.0758976 -0.738466
0.0173288 -0.0616518 -0.701701
-0.00407604 -0.0758976 0.409536
-0.0270596 -0.0625183 -0.173197
-0.0441431 0.0639614 -0.645739
-0.0366435 -0.0633568 -0.28151
-0.00887428 -0.0582495 0.354657
0.0467815 -0.0758976 0.28076
-0.00420592 0.0451751 0.846312
-0.00420592 -0.00707701 0.960855
0.0191313 -0.0758976 -0.501074
-0.0401792 -0.0758976 0.0438729
-0.0468751 -0.0642519 -0.112028
-0.00486724 0.0520907 0.469331
-0.0429972 -0.0758976 -0.465546
0.0379833 -0.0634588 0.538868
-0.033267 -0.0758976 -0.231393
-0.0419081 -0.0758976 0.887369
0.00437957 -0.0216526 0.686702
0.00437957 0.00402242 -0.0164779
0.00437957 0.0411509 0.540289
0.0450882 0.075846 -0.859579
-0.0319583 0.0628953 0.535508
-0.00420592 -0.0400053 -0.052096
-0.0288296 0.075846 -0.0687402
-0.0439452 0.063944 0.123654
0.043973 -0.0758976 0.13705
0.00943502 -0.0585772 0.404472
-0.00420592 -0.017335 0.631128
0.0313631 0.0628281 0.0683544
0.00437957 -0.0260234 0.565569
0.00437957 -0.0209483 0.0882476
0.00437957 0.0147215 0.308167
0.00437957 -0.0206298 -0.0411842
-0.00420592 -0.0151562 -0.411797
0.0368813 -0.0758976 -0.143331
0.00437957 -0.0456336 0.844602
0.00362638 -0.0758976 -0.541606
-0.00420592 0.0475662 -0.761659
-0.0325421 -0.0629979 0.411943
-0.0373531 -0.0758976 0.603607
0.00437957 -0.0333807 -0.0212308
0.0247803 0.075846 0.166478
0.0195703 0.0617963 -0.44283
0.0559761 -0.0650396 0.356163
0.0098721 0.075846 0.898427
-0.00420592 -0.032247 0.450731
0.0151314 0.075846 0.826417
0.00437957 -0.0143907 -0.454886
-0.00506939 -0.0527249 -0.62272
-0.0370557 -0.0633928 -0.354181
-0.0531928 0.0647531 0.0678457
-0.0315027 -0.0758976 -0.0306376
0.00522077 -0.0526646 -0.97828
0.0514308 -0.0646353 -0.0819822
0.00437957 0.00909786 0.781301
-0.0195095 0.0618062 0.0175823
0.0190743 -0.0618045 0.496113
0.00437957 0.0274888 0.697477
-0.0425931 -0.0638773 -0.298337
-0.0520903 -0.0647082 -0.460571
-0.00420592 -0.0357071 -0.773466
0.0288538 -0.0626601 0.738055
-0.0588137 0.0750458 -0.574183
-0.00420592 0.0423476 0.235344
0.00437957 -0.0365886 -0.883649
0.00992512 -0.0758976 0.648557
-0.0115933 0.0600612 0.865065
0.0587657 0.0672515 -0.0985689
-0.0477496 -0.0758976 0.457696
0.0270273 -0.0758976 0.212615
0.00437957 0.0372363 -0.20758
0.0398228 -0.0636197 -0.772899
0.0146834 -0.0758976 -0.67541
-0.0588137 0.0706231 0.373933
0.00437957 0.00993045 0.519971
-0.0349658 0.0631584 0.886732
0.0362832 -0.0633101 -0.840217
-0.0323137 0.075846 -0.973417
0.0509446 -0.0645928 0.10681
-0.0169366 -0.0616326 0.972645
-0.0480122 0.075846 -0.153482
0.027242 0.0624675 -0.0429743
-0.00420592 0.0145675 -0.472039
-0.0420614 -0.0638308 -0.41931
0.0453513 0.0640519 0.243958
0.0440693 -0.0758976 0.938001
0.00562124 -0.0758976 0.48558
-0.00420592 0.00389871 0.848849
-0.00938696 0.075846 0.701878
-0.0085076 -0.0579153 0.368488
-0.00521051 -0.053088 0.503202
0.0150169 0.075846 -0.622521
-0.0372984 0.075846 0.48661
0.0414954 0.0637145 -0.5538
0.0566757 -0.0652189 0.763496
0.0281844 -0.0758976 -0.63346
0.00437957 0.0396541 -0.579119
0.0511096 -0.0758976 -0.0225249
0.00437957 -0.0311829 0.0721525
-0.00420592 0.0447149 -0.401599
0.00437957 0.0286926 0.781296
0.0453352 -0.0758976 0.390038
0.00442431 -0.0490391 -0.128301
0.00437957 0.00270557 0.38211
0.00787581 0.0570357 -0.25673
-0.0492568 -0.0644603 -0.492572
-0.0503806 0.075846 -0.619862
0.0565306 0.0651174 -0.867175
0.030626 0.075846 -0.849791
-0.0478857 -0.0643403 0.524873
-0.0136674 0.0609344 -0.857387
0.00437957 0.00040703 0.137552
0.0528798 -0.0647621 -0.179345
-0.00420592 0.00647213 -0.273676
0.00437957 0.00614702 0.63106
0.0397158 0.075846 0.095127
0.048563 -0.0758976 0.228277
0.00437957 0.0381927 -0.597131
-0.0467737 -0.064243 0.245765
-0.0519226 0.064642 -0.403693
0.00437957 0.0422073 0.897122
-0.00420592 0.0390251 -0.185522
0.0589873 0.0729541 -0.439127
-0.00178018 -0.0758976 0.366564
-0.0318958 0.0628899 -0.144346
-0.00420592 0.0296262 -0.319476
-0.0457915 -0.0641571 -0.995665
0.0301236 -0.0758976 -0.78317
-0.00491758 -0.0522955 0.0352507
-0.00420592 -0.0437177 -0.973111
0.0381661 0.075846 0.815733
-0.00564049 -0.0540432 -0.874421
0.0453666 0.0640532 0.712586
-0.00417128 0.075846 -0.0141202
0.0187899 0.075846 -0.00520597
0.0458787 0.075846 -0.968796
-0.0403397 0.0636286 0.19257
0.0313229 0.0628245 0.809413
-0.0515066 0.0646056 -0.807281
-0.021342 0.0619665 -0.78753
-0.0488446 -0.0758976 -0.766827
-0.0167814 0.0615675 -0.177586
0.00437957 0.0417739 0.404074
0.00437957 0.0386231 -0.11367
-0.0406926 0.0636595 -0.714394
-0.0565505 -0.0652371 0.314011
0.0294618 0.0626617 0.150856
0.0372893 -0.0758976 0.180429
-0.0167328 -0.0758976 0.834591
0.0578784 -0.0758976 0.288853
-0.0397013 -0.0758976 -0.0971014
-0.00511103 0.075846 -0.635176
-0.00420592 -0.0116751 0.836791
0.00437957 0.0273955 0.829947
-0.0445122 -0.0758976 -0.431753
0.0393179 -0.0635756 0.383245
0.00586832 -0.0541511 0.114393
-0.00420592 0.00345224 0.0764859
0.0250113 0.0622723 0.335456
0.0219536 -0.0758976 0.379163
-0.0143902 0.075846 -0.39089
0.00437957 -0.0187746 0.430864
0.00191701 0.075846 0.457051
-0.0317598 0.062878 -0.922284
-0.00213597 -0.0758976 0.292706
0.00437957 0.0260399 -0.667108
-0.00714409 -0.0564219 0.395276
-0.0295049 0.075846 -0.190364
-0.0234384 -0.0622015 -0.0469165
-0.00420592 0.0477911 0.0268763
0.0207889 -0.0758976 0.923146
-0.00420592 0.0155368 0.668304
-0.00420592 -0.0473376 -0.860434
0.052659 0.075846 -0.588775
0.00437957 -0.0171106 -0.710067
0.00437957 -0.039118 0.478471
-0.0277673 0.075846 -0.0279062
-0.00420592 -0.0390354 -0.639801
-0.019901 0.0618404 0.607163
-0.0107946 0.0596103 0.88331
0.0061652 0.0546525 0.488074
-0.0279147 -0.0758976 -0.384213
0.00468222 -0.050799 -0.660555
-0.0585587 -0.0758976 0.61551
0.0500555 0.075846 0.847089
-0.00420592 -0.0348959 0.567992
-0.00420592 -0.0154306 -0.906235
0.0081072 0.075846 0.270086
-0.0445215 0.075846 0.850734
0.00539107 0.0530535 0.867401
-0.0372413 -0.0634091 0.900297
-0.00420592 -0.0446038 -0.957891
0.0589873 -0.0757713 0.898567
-0.00420592 -0.0304306 -0.505145
-0.0381223 -0.0758976 0.832487
0.0348763 0.0631354 0.27246
0.058727 0.075846 0.731654
0.00437957 -0.0131465 0.98299
-0.00420592 0.00042065 0.727116
0.021948 -0.0758976 0.834161
-0.0459495 0.075846 -0.991226
0.0389043 -0.0635394 0.571569
0.00437957 -0.0240869 -0.96096
-0.0469432 -0.0642579 0.0302293
-0.00420592 -0.0478201 0.606439
-0.00420592 -0.0332123 0.000487724
0.00437957 -0.0378737 -0.122122
-0.056949 -0.0654198 0.748423
-0.00420592 -0.0361837 0.123471
-0.0554645 0.0649518 -0.335763
0.00437957 0.0133812 -0.234649
0.00437957 0.0382228 -0.615105
0.0580899 0.06613 0.827967
-0.033492 -0.0630811 0.927179
0.00812198 -0.0573554 -0.547887
0.0557048 -0.0650092 0.988204
0.0337936 -0.0630922 -0.0608898
0.0384762 -0.0635019 0.645209
-0.0306834 0.075846 -0.255814
-0.0121104 -0.0758976 0.47126
0.00437957 0.0277791 0.281456
-0.00981563 0.075846 0.125655
0.0404739 0.0636251 0.543298
0.00658372 0.075846 0.316955
-0.0197761 -0.0618811 0.0186588
-0.00420592 0.0206762 0.440586
-0.00246247 0.075846 0.871662
-0.0260297 -0.0624282 0.482384
0.0223024 0.075846 0.802214
-0.00420592 -0.0210234 0.240294
0.0327322 -0.0758976 0.659875
0.00545704 0.0532129 0.33935
-0.00420592 -0.0170866 0.369414
-0.0443411 0.0639787 0.240471
0.0517792 -0.0646658 0.0735686
0.0371734 0.0633364 -0.895707
-0.0302321 -0.0758976 0.120233
0.0562248 -0.0758976 -0.0597878
-0.00420592 -0.0311126 -0.935052
0.00437957 -0.0395819 0.43244
0.0444025 0.075846 -0.448075
-0.00420592 0.0274439 -0.761718
-0.0391593 0.075846 0.863965
-0.0338922 -0.0758976 -0.0706296
0.00437957 0.028697 0.798848
-0.0380842 0.075846 0.639794
-0.00420592 -0.0245469 -0.226271
-0.0588137 -0.0743984 -0.876554
0.000461527 0.075846 0.393839
-0.00420592 0.0209798 -0.1586
-0.00420592 0.0368265 -0.672046
-0.00495912 0.052366 -0.196689
0.0382586 0.075846 0.730686
-0.00420592 0.0186495 -0.827332
-0.0290051 -0.0626885 -0.987751
-0.00420592 0.0259143 0.339513
0.00437957 0.00298086 0.887703
-0.0588137 0.0750388 -0.890246
-0.0312779 -0.0628873 -0.131723
0.00845493 0.075846 0.804114
-0.00420592 -0.0347636 0.261842
-0.0380488 -0.0634797 0.385733
0.0302438 -0.0758976 -0.336387
0.00437957 0.037857 0.165524
0.0428887 0.0638364 -0.0745548
0.056637 -0.0652049 -0.282225
-0.00420592 0.0221362 0.147766
0.00437957 -0.0435766 -0.515403
-0.00420592 -0.00764947 -0.256257
0.00437957 -0.00199349 -0.527133
-0.00722998 -0.0758976 0.554777
0.050156 -0.0645238 0.608358
0.0293492 0.0626519 -0.130879
0.042883 0.075846 -0.10099
0.0566739 0.0651667 0.478529
0.056597 0.0651394 0.130468
-0.00420592 -0.0212542 0.142126
-0.0335038 0.0630305 0.965669
-0.0482325 -0.0758976 -0.345847
-0.044236 0.075846 -0.348335
0.0273376 0.075846 0.452216
0.0589873 -0.0757885 0.335192
0.0446276 -0.0640401 0.953699
-0.0235249 -0.0758976 -0.54271
-0.00420592 0.0176273 0.00878143
0.0132412 -0.0758976 -0.355406
-0.0158616 0.0614581 -0.716995
0.024609 0.075846 0.292559
-0.00600097 0.0546691 -0.12968
0.0389915 -0.063547 0.513022
0.00437957 -0.0204553 0.537904
-0.0330925 -0.0758976 0.668883
0.0106212 0.0593917 -0.707497
0.00437957 -0.0421648 0.0359141
0.0193354 -0.0618273 -0.765429
0.0271728 0.075846 -0.379821
0.0320041 0.0628841 0.587094
0.00437957 0.0326435 -0.252461
0.0139576 -0.0758976 -0.219028
0.00437957 -0.0393312 0.277665
0.0492311 0.075846 0.934945
-0.00594907 -0.0546286 -0.837714
0.00437957 -0.0426263 -0.209847
0.0589873 0.0746166 -0.246696
0.0558299 0.075846 0.766348
0.0460851 -0.0758976 -0.501163
-0.00420592 -0.0403874 0.529486
-0.0531127 0.0647461 -0.854261
-0.00295115 -0.0758976 -0.43012
0.0426243 0.075846 -0.676378
-0.0357544 -0.063279 0.638135
0.00437957 0.0172565 0.999103
0.0145322 0.075846 0.848578
0.00437957 0.0329133 0.253148
-0.0539558 -0.0648714 -0.860187
-0.0163282 -0.0758976 0.496152
0.00437957 0.0154323 0.573592
-0.00690878 0.075846 -0.410513
-0.00420592 0.0119553 -0.0209739
-0.0113817 0.0599485 -0.379948
-0.00420592 0.0265235 -0.861609
0.0474759 0.075846 -0.478024
-0.00420592 0.0222754 -0.911723
-0.0495569 -0.0758976 0.53252
-0.004406 0.0502158 -0.432016
-0.00420592 0.00611673 0.329285
0.0319788 0.075846 0.990768
0.00437957 0.0456596 -0.29725
0.00617301 -0.0547178 -0.162889
-0.0145895 0.0612011 0.775897
-0.0576883 -0.0758976 -0.679531
0.00437957 -0.0389046 -0.485154
0.0201987 0.075846 0.978533
0.0556502 -0.0758976 0.56545
0.0357582 0.075846 -0.605664
0.00437957 -0.0284141 0.703977
0.0504234 0.0644956 0.0831236
-0.00420592 -0.0393432 0.369884
0.0228918 0.075846 -0.0327667
0.0586953 0.0670765 0.791495
0.00437957 0.0244085 0.958771
-0.0340023 -0.0758976 0.42619
-0.00632313 -0.0552584 -0.185317
-0.00420592 0.00464566 0.711935
0.0184619 0.0616993 -0.466702
-0.0229648 0.0621085 -0.978503
0.0547716 0.075846 -0.464305
0.0316874 0.0628564 0.358298
0.00437957 -0.0371239 0.0513569
-0.0367398 0.0633136 0.712703
-0.0588137 0.0697462 -0.504174
0.0396934 0.0635569 0.12916
0.00607842 -0.0758976 -0.274035
0.00437957 0.0359277 -0.896686
-0.0236799 -0.0758976 -0.445665
0.00164467 -0.0758976 -0.984248
-0.0528341 0.0647217 -0.693483
-0.0478169 -0.0643343 0.0773276
-0.0403564 -0.0636816 -0.194817
0.0468351 -0.0642332 0.324399
-0.00420592 0.0349083 0.218021
0.0586252 -0.0669765 0.396139
-0.0106327 -0.0595617 0.245192
0.0582916 -0.0664292 -0.332473
0.0367321 -0.0758976 0.331606
0.0388033 0.075846 -0.87361
-0.0178602 0.075846 0.162451
0.0147345 -0.0612454 0.698737
0.00437957 0.0291818 -0.875698
-0.000944601 0.075846 -0.582568
-0.0422139 -0.0638441 0.984498
0.0246168 0.075846 -0.554539
-0.00420592 0.028254 0.746175
-0.00420592 0.00545029 0.15396
-0.0529362 -0.0758976 0.154365
-0.0561214 0.0650509 0.439636
0.0202046 -0.0619034 -0.646432
-0.0566685 0.0652335 0.553975
0.0115997 0.0599725 -0.418851
0.00437957 0.0273879 -0.703482
0.0265548 0.0624074 0.222712
-0.00420592 -0.0240127 -0.522004
0.0275405 -0.0625452 -0.685236
-0.0181372 -0.0617377 -0.661837
0.0203521 -0.0758976 0.249714
0.0559384 -0.0758976 0.457914
-0.0380672 0.075846 -0.648792
-0.0435893 -0.0758976 0.912586
0.00678688 -0.0758976 0.709266
0.00437957 -0.0382027 0.989657
-0.0302863 0.075846 0.0168791
0.0225796 0.075846 0.0598935
-0.0323335 -0.0629797 -0.308508
0.00685163 -0.055793 -0.507838
0.023484 -0.0621903 -0.530293
0.0578233 0.0658617 0.987793
0.0171694 0.0615863 0.562412
0.0157154 0.0614052 0.28144
0.00733354 0.075846 -0.134891
0.00437957 -0.020693 -0.165992
-0.00420592 -0.00672188 0.575022
0.0464052 0.0641441 0.878241
-0.0101139 -0.059219 -0.431105
0.0452521 0.0640432 0.187107
0.0549181 -0.0758976 -0.709718
0.0544531 -0.0758976 0.361957
-0.0051002 -0.0528068 0.299882
-0.00420592 0.0175487 -0.204868
0.00437957 0.0427287 0.683111
0.0438143 -0.0639689 -0.609599
0.028703 -0.0758976 -0.1318
-0.0484819 -0.0643925 0.431524
-0.0578826 0.0660928 0.0525564
0.00437957 0.00694512 0.434942
-0.0416104 0.0637398 0.655371
-0.00420592 0.0329991 0.560484
-0.0329035 0.062978 0.291678
0.0240389 0.075846 0.137813
-0.0117595 -0.0601979 0.648663
-0.0445238 -0.0640462 0.497385
0.0138141 -0.0609771 -0.884264
0.0230517 0.0621009 -0.353743
0.050558 0.0645074 -0.601663
-0.038435 -0.0758976 -0.453941
0.00438363 0.0482136 0.504998
-0.0463746 -0.0642081 -0.808015
0.0007858 -0.0758976 -0.961455
0.00437957 0.0284383 -0.956161
0.0536269 0.0647759 0.257964
-0.00659428 0.0556202 0.180456
0.0337811 -0.0758976 -0.923201
0.0471483 0.075846 0.646696
0.00049896 -0.0758976 0.734033
-0.00363582 -0.0758976 0.162446
-0.00420592 0.0128891 -0.332749
0.00437957 -0.0110206 -0.732972
0.0396667 0.0635545 -0.693132
-0.0517021 -0.0758976 -0.0753187
-0.0116139 0.075846 -0.541488
-0.00723679 -0.0758976 -0.0882562
0.0296555 0.075846 -0.226779
0.00437957 0.0321608 0.818605
-0.0278455 0.075846 -0.165972
0.0516813 0.0646057 -0.0134058
-0.0417332 -0.0758976 0.259399
0.0090725 -0.0758976 -0.00979005
0.00437957 -0.0432352 -0.841983
0.00437957 0.00266313 0.578766
0.00437957 -0.0354423 -0.356083
-0.0284175 -0.0758976 0.374543
-0.0482871 0.0643239 -0.93955
0.00437957 0.0194497 -0.266455
0.0490213 -0.0644245 0.851743
-0.00420592 0.0118504 -0.736117
0.0512342 0.0645666 -0.302883
-0.00420592 -0.0428382 -0.702633
-0.0442886 -0.0758976 0.338294
0.00447648 0.0495086 -0.0130014
0.051799 -0.0646675 -0.780495
-0.034179 -0.0631412 0.692104
-0.00420592 0.0339096 -0.35979
0.0589873 0.0744857 0.404135
0.00661955 0.055398 -0.119792
0.00437957 -0.0308511 -0.784402
-0.0145756 0.075846 -0.919002
0.035666 -0.0632561 -0.303868
0.0235778 0.0621469 0.506225
0.00437957 -0.0102814 -0.338587
0.0527319 -0.0647491 0.641102
-0.0195295 0.075846 -0.351214
-0.0276324 -0.0758976 0.235722
0.057783 0.0658258 0.0267506
-0.0153441 0.0613686 0.95486
0.0586395 0.075846 -0.346033
-0.0304583 0.0627641 -0.453366
0.0468357 0.075846 -0.990505
-0.0572821 -0.0758976 0.895245
-0.0255746 0.0623368 0.752031
0.0589873 -0.0752943 0.961749
-0.0578512 -0.0758976 0.484552
0.00437957 -0.0325813 -0.426467
0.0576817 -0.0758976 -0.804009
-0.0361199 0.0632594 0.686186
0.00437957 0.00125243 0.652172
0.00437957 -0.00462077 0.197315
0.041856 -0.0758976 -0.665975
0.00437957 -0.0120152 0.269307
0.0337249 -0.0630862 0.924588
0.0203473 0.075846 -0.988435
-0.00273015 0.075846 -0.67083
-0.0535692 -0.0648376 -0.131292
-0.0585839 -0.0758976 -0.734368
0.00437957 -0.0153619 0.948726
-0.00420592 -0.0260339 0.0198576
-0.0391181 0.0635217 -0.895101
0.00690845 -0.0758976 -0.715507
0.00437957 -0.00324049 -0.883641
0.021539 0.0619686 0.609219
0.00437957 0.00180405 -0.930738
0.0366049 0.075846 -0.248362
0.0579074 0.0659402 -0.524487
-0.0219392 0.075846 0.550346
-0.00420592 0.02013 0.0223559
-0.00420592 0.0112622 0.257299
0.0487985 0.0643535 -0.243319
-0.0238593 0.0621868 -0.806753
-0.00420592 0.0305475 0.94434
-0.00879506 0.0581278 0.199887
0.00326678 -0.0758976 -0.464633
0.0458199 -0.0758976 -0.309063
-0.00307577 -0.0758976 0.244779
0.0202379 0.0618547 0.773698
-0.00420592 0.0134086 0.977464
-0.0404453 0.075846 -0.00832711
-0.00316171 0.075846 -0.528603
0.00437957 0.00785504 -0.141391
0.0570977 -0.0654066 -0.0184691
0.00799864 -0.0758976 -0.797172
-0.00420592 0.0128528 0.830344
-0.025903 -0.0624171 -0.443506
0.0054802 -0.0533191 -0.758207
-0.0268488 0.0624483 0.366103
0.0580438 -0.0758976 0.0170829
-0.0393511 -0.0758976 0.935627
-0.00420592 0.0277227 0.677338
0.0431983 -0.063915 -0.126587
-0.0550736 0.0649176 0.142137
-0.00420592 -0.030511 -0.904341
-0.037161 0.0633505 0.830845
0.0445171 -0.0758976 0.441308
-0.0478175 -0.0758976 -0.249999
0.0271681 -0.0625126 0.592933
-0.00420592 -0.00347111 0.608999
0.0464583 -0.0758976 0.342626
0.0186872 0.075846 0.473841
0.0437346 0.0639104 -0.905954
-0.00726606 -0.0758976 0.778878
-0.050884 0.075846 0.980066
0.0566774 -0.0652195 0.87494
-0.00420592 -0.0194399 0.577984
0.00437957 0.00277444 0.235591
-0.00420592 0.00808866 -0.530504
-0.00420592 -0.0111515 -0.755829
0.00437957 0.0277554 -0.426906
0.00437957 -0.0194039 -0.108677
0.039022 -0.0635497 -0.0284969
-0.0580598 0.0663015 -0.0473405
-0.0514633 -0.0758976 -0.619817
0.0578218 -0.0758976 0.418904
0.00437957 -0.0283505 -0.616048
0.0482366 -0.0758976 -0.731898
0.00437957 -0.0339109 0.157448
0.00437957 0.0233883 0.899484
-0.0437923 -0.0758976 0.753268
-0.0512039 0.075846 -0.761499
-0.0246265 -0.0623054 -0.810116
-0.0129104 -0.0758976 -0.407937
0.00437957 0.0444689 -0.778839
-0.00420592 -0.0262312 -0.720463
0.0414144 0.075846 0.30953
-0.0374074 0.075846 -0.311536
0.0227351 0.075846 0.553151
0.013634 -0.0609163 -0.741258
-0.0505444 0.0645214 -0.303828
0.00437957 -0.02574 0.444143
-0.0506157 0.075846 0.24211
0.0304603 -0.0628006 0.994853
0.00437957 0.0324393 0.588483
-0.00420592 0.0104973 0.28683
-0.0277938 -0.0758976 -0.609594
0.00457513 -0.050241 -0.789269
-0.0174128 -0.0616743 -0.704181
-0.0123437 0.0604238 0.125873
-0.0588137 -0.0756695 0.0156824
0.047736 0.075846 -0.656394
-0.0281618 0.075846 0.206166
-0.00420592 0.0138635 -0.40625
-0.00428634 0.0493641 -0.638306
-0.0151533 0.075846 -0.781301
-0.0351074 -0.0758976 -0.133542
0.0100814 0.075846 -0.799991
-0.0545123 0.0648685 0.634589
-0.0343989 0.075846 0.0733471
-0.0529448 -0.0758976 -0.0327053
0.00437957 -0.0328789 0.870149
-0.0473275 0.075846 -0.18137
0.0237855 -0.0622166 -0.933508
-0.0434021 -0.0758976 0.21713
-0.0251949 -0.0758976 0.924828
0.0490502 -0.0758976 -0.618637
0.0247555 0.06225 -0.18652
0.00999578 0.0589594 0.524859
-0.0068168 -0.0559883 -0.0199585
-0.0460417 0.075846 0.585974
-0.0203584 0.0618805 0.663494
-0.00730207 0.075846 0.479988
0.0589873 -0.0743898 -0.175282
-0.0540468 -0.0648794 0.834679
-0.0458389 0.075846 0.68609
0.00437957 -0.0316329 0.106678
0.0173273 -0.0758976 -0.318296
-0.00420592 -0.0121596 0.153471
-0.00420592 -0.0103724 0.688389
-0.0497838 0.075846 -0.438064
0.00437957 -0.0112238 0.996497
-0.00420592 0.0270532 -0.015849
-0.00420592 0.00120493 -0.50718
0.0053323 -0.0758976 -0.134901
0.0489005 -0.0758976 -0.144679
0.0558135 0.075846 -0.907001
0.0185731 0.075846 -0.927196
0.0191676 -0.0758976 0.775457
0.00437957 0.0256974 0.353431
-0.00420592 0.0442116 0.7681
-0.0463535 -0.0758976 -0.951829
-0.00420592 0.0297725 0.62512
-0.0185042 -0.0758976 -0.884275
0.0431705 0.0638611 -0.363415
0.00437957 0.00424037 0.0677105
-0.0493487 0.0644168 -0.388684
-0.00420592 0.0466468 -0.973867
-0.00420592 -0.00175551 -0.46919
-0.0194052 0.0617971 0.147589
0.00675964 0.055608 0.583236
0.00432422 -0.0758976 0.120222
0.0522467 0.075846 -0.287648
0.00437957 0.0424253 -0.909601
-0.0563521 0.0651158 -0.0171168
-0.00420592 0.001799 0.743226
0.0473279 -0.0758976 0.679238
-0.00420592 0.0313186 0.883088
0.00766501 0.075846 -0.0189691
-0.00643495 0.0553812 0.167799
0.0456164 0.075846 -0.498707
0.037724 -0.0634361 0.454409
-0.00579448 0.0542923 -0.879955
0.0115586 0.0599503 0.0366702
-0.00420592 0.0052249 -0.669724
-0.0057424 0.075846 0.500772
0.00943806 -0.0758976 0.964644
-0.00744435 0.056739 0.930948
-0.00420592 0.0310729 -0.507547
-0.00420592 0.0167669 0.0698072
0.0117897 -0.0601245 0.531549
0.0113841 -0.0599054 0.892642
0.0551164 0.0649062 -0.850358
0.0564709 -0.0651504 -0.462568
0.0506791 -0.0758976 0.65737
0.033859 -0.0758976 -0.696048
-0.0113654 0.075846 0.808406
-0.00899123 -0.0758976 -0.750229
0.0589873 -0.0692254 0.497909
0.0514603 0.0645863 0.856665
-0.00420732 -0.0481272 0.121295
0.0501361 0.075846 0.367309
-0.0492873 -0.064463 0.998264
0.00437957 -0.0211306 -0.651052
-0.00441677 0.075846 0.72342
-0.0480792 0.0643057 0.793883
-0.0334328 -0.0758976 -0.630687
-0.00420592 0.0417575 -0.93246
0.0474807 -0.0758976 -0.872809
-0.0352937 0.075846 -0.438959
-0.00494388 0.0523217 0.779141
0.00437957 0.0288299 0.847458
-0.0338077 0.075846 -0.0980381
0.0369521 0.063317 -0.483913
0.0448995 0.0640123 -0.621892
0.0437902 -0.0758976 0.06107
0.0580981 -0.0758976 0.102432
-0.00420592 0.0311383 -0.438212
-0.0289399 -0.0626828 -0.00795616
0.0117308 0.0600422 -0.00680308
-0.0468775 0.075846 0.529795
0.0376102 -0.0758976 0.760448
0.0239118 0.0621761 0.93644
-0.00420592 -0.0210982 -0.322607
0.00822599 -0.0574645 0.421882
0.00437957 -0.00410543 -0.174974
-0.0264399 0.075846 -0.596084
0.00437957 -0.00810417 -0.0413811
-0.0513515 0.075846 -0.932526
-0.00542044 0.0535272 0.573249
-0.0478454 0.075846 0.808366
0.00437957 -0.0214869 0.961702
-0.00539719 0.0534753 -0.486862
0.047146 0.075846 0.784764
-0.00420592 -0.0447609 -0.0964377
0.0150869 -0.06133 -0.0201383
-0.00420592 -0.0299046 -0.468698
-0.0523083 -0.0758976 -0.709785
-0.0408225 0.075846 0.444415
-0.00264373 -0.0758976 0.614458
0.0429711 -0.0638952 0.700895
0.0484695 0.075846 0.0658774
0.00437957 -0.00537891 0.563389
0.00437957 -0.0117931 0.386014
0.0310313 0.075846 0.762333
-0.0127137 -0.0606341 0.319477
-0.047687 -0.0643229 -0.0392874
0.035352 0.063177 0.43076
0.00437957 -0.042726 -0.368944
-0.00420592 0.02277 0.0826533
0.0477188 0.064259 0.930643
-0.0197838 0.0618302 -0.507169
-0.00420592 -0.00823843 -0.521533
0.00484434 0.0514229 0.56333
0.011095 -0.0597382 0.804936
0.00437957 0.0465589 -0.878034
-0.050614 0.075846 0.0339241
0.0410984 0.0636798 0.610937
0.0449183 -0.0758976 0.419207
0.0181952 0.061676 -0.655493
0.024715 -0.0758976 -0.205918
0.00437957 0.009449 -0.75767
0.00437957 0.0394583 -0.0724957
-0.00420592 0.0422238 -0.257123
-0.00480895 0.0519052 0.702374
0.01164 0.0599942 -0.981622
0.0490311 -0.0644254 0.726949
-0.0292764 0.075846 -0.337757
0.0445793 -0.0640359 -0.923124
0.0572945 0.0654667 0.804057
0.00437957 0.022581 -0.511146
-0.0134618 0.0608653 -0.0251661
0.0191864 0.075846 0.310177
0.0080916 -0.0573231 0.257594
-0.0053393 -0.0533952 -0.165922
-0.0469114 0.075846 0.366659
-0.042099 0.075846 0.999837
0.00437957 -0.0174788 0.820498
0.00437957 0.0116941 -0.637033
-0.0300849 -0.0758976 0.336619
0.0334017 0.075846 -0.584256
-0.00779607 0.0571397 -0.75401
0.0217521 -0.0620388 -0.0403209
-0.00420592 -0.000120628 0.176103
0.00437957 0.00320891 0.275711
-0.0386889 -0.0635357 -0.378703
-0.0463589 -0.0758976 -0.879983
-0.00420592 0.0402126 -0.0232632
0.00437957 -0.0293282 0.998843
-0.0588137 0.0702071 0.613585
-0.0524762 0.0646904 0.777359
-0.00889857 -0.0582708 -0.352444
-0.0490443 -0.0758976 0.513244
-0.037572 0.0633865 0.756794
0.00594533 -0.0543005 0.0304461
-0.00420592 0.022144 0.274889
0.00437957 -0.0439356 -0.681962
-0.0404281 0.0636363 -0.168772
-0.0588137 0.0756642 -0.841723
-0.0305187 0.075846 0.746326
-0.0433382 -0.0639425 -0.847255
-0.024994 0.062286 -0.294589
-0.00420592 -0.0434752 0.332878
-0.0546627 -0.0649332 -0.570102
0.00437957 0.00923679 -0.1747
-0.00420592 -0.0469458 0.555617
-0.00420592 0.0110557 -0.285359
0.00437957 -0.0470859 -0.0729279
0.00641318 0.0550725 0.812928
0.0164882 0.0615198 0.00860798
-0.00420592 -0.00231898 0.121988
-0.00420592 -0.0197667 0.499335
0.0181891 -0.0758976 -0.654527
-0.0127539 0.0605989 0.627477
0.0220083 0.075846 0.393194
0.0199781 -0.0758976 0.509236
0.0122362 -0.0758976 0.0251979
0.00567124 0.0536952 -0.395838
0.00437957 -0.0175423 0.109455
0.0136966 -0.0609378 0.234683
-0.0312385 -0.0628839 -0.476454
0.0316275 -0.0629027 -0.96955
0.0108425 0.075846 -0.218444
0.0390558 -0.0635526 -0.544804
0.0589873 -0.0752325 -0.602893
0.0121157 -0.0758976 -0.756774
-0.00420592 0.0300361 0.432009
-0.0356348 -0.0758976 0.705573
-0.0062447 -0.0551325 0.672649
-0.00420592 -0.0476143 -0.460807
0.00437957 -0.00219316 0.772646
0.0589873 -0.0745087 0.795512
0.0255597 -0.0758976 0.647503
-0.0513196 0.0645892 -0.429389
0.0364002 -0.0633203 0.857796
0.0101027 -0.0758976 -0.487211
-0.00529756 -0.0758976 -0.233135
-0.00433825 0.049782 0.900097
0.0300556 -0.0758976 0.797728
0.00437957 0.0108855 -0.953448
-0.0588137 -0.0755341 -0.166058
0.0246438 -0.0622917 -0.409024
-0.00420592 -0.0259962 0.484149
-0.0560279 0.0650293 -0.59568
-0.029248 0.0626582 -0.0907799
0.0154717 0.0613597 -0.0651706
-0.00420592 -0.0118271 0.0702113
-0.0152859 -0.0758976 -0.253338
0.0546285 -0.0649151 -0.308913
-0.0320499 -0.0758976 0.135368
-0.00430631 -0.0495891 -0.263927
-0.00420592 -0.0314788 -0.59697
-0.0539773 -0.0648733 -0.338771
-0.00420592 -0.0402609 -0.307101
-0.0216357 0.0619922 0.692275
0.0522196 -0.0758976 0.475316
0.00437957 -0.0345623 0.307199
-0.0431833 0.0638774 -0.199143
0.0413818 -0.0637561 0.188656
-0.0450044 -0.0640883 -0.924599
-0.032733 -0.0758976 -0.323145
-0.0141154 0.075846 -0.655783
0.0158096 -0.0758976 0.0130782
0.0501656 0.075846 -0.210847
0.00437957 0.0276332 0.865328
0.00437957 0.00701203 -0.0970946
-0.0269369 -0.0625076 -0.833201
-0.00420592 -0.0285275 -0.881902
0.00437957 -0.036003 -0.653413
0.0460909 0.075846 -0.920465
-0.00420592 0.0168658 0.367011
-0.00420592 -0.02842 0.204628
0.0322318 0.0629041 0.834214
0.0385007 0.0634525 0.455686
-0.00436048 -0.0758976 -0.76119
0.00437957 -0.0233917 -0.0549421
-0.00420592 0.0435491 0.750478
-0.00420592 0.031678 0.970782
-0.027155 0.0624751 -0.745076
0.00440644 0.0487386 -0.810726
0.00758478 0.075846 -0.404381
0.0297609 -0.0758976 -0.538836
0.045819 0.075846 0.481536
0.00437957 -0.0202582 -0.741056
-0.00420592 -0.0137812 0.33734
0.0238874 0.075846 -0.950067
0.0303427 0.075846 0.351748
0.00437957 0.00979547 -0.461418
-0.0227811 0.075846 -0.111443
-0.0132875 -0.0608553 -0.757494
0.00437957 -0.021709 0.67166
-0.00420592 -0.0476705 0.800782
0.046289 0.0641339 -0.936727
-0.0512358 -0.0758976 -0.0479327
-0.0314581 0.075846 -0.375043
0.0250276 -0.0623253 -0.749941
0.00437957 0.0217845 -0.301591
0.051505 0.0645902 -0.278333
-0.0412362 0.075846 -0.906784
-0.0194789 0.0618035 -0.832537
-0.0373946 0.0633709 -0.430118
-0.00972646 0.0588886 0.0626933
-0.00420592 -0.0433105 0.412693
0.0586289 -0.0758976 -0.200912
0.0501846 0.075846 0.130409
-0.00420592 -0.00407717 -0.956175
-0.00420592 0.00698991 0.772693
-0.0586996 -0.0758976 0.675785
0.00437957 0.0268226 -0.630858
-0.0452412 0.075846 -0.790607
-0.0588137 0.075654 0.833283
0.00437957 -0.0284851 0.119913
0.0303168 0.075846 0.494366
-0.006502 0.0554831 0.401677
0.00437957 -0.0472484 0.233239
-0.03287 -0.0630266 0.0594593
0.0578217 0.0658603 0.145929
0.0589634 -0.0681248 0.033789
0.0534498 0.075846 0.606016
-0.00659705 0.0556242 -0.93703
0.00437957 -0.0417644 -0.91761
0.0572969 0.075846 0.891624
-0.0089674 -0.0758976 0.233297
-0.0462466 0.075846 -0.232674
-0.00420592 0.00315295 -0.86423
-0.00420592 0.0167945 0.217375
-0.0110854 0.075846 -0.0871923
0.0531561 -0.0647862 0.675232
0.0377591 0.075846 -0.930771
-0.00420592 -0.0446873 -0.932424
-0.00242689 0.075846 0.945395
-0.00420592 -0.00932214 -0.0615516
-0.0583063 -0.0667103 0.371641
-0.0136539 -0.0609815 0.756874
-0.0250115 0.0622876 -0.541942
-0.0469607 0.0642079 -0.0762728
0.00475043 0.0510502 0.936286
-0.0134392 0.0608575 -0.216346
-0.00420592 0.00900313 -0.903161
-0.0203817 -0.0619341 0.79695
0.0375539 0.0633697 -0.664636
-0.0588137 0.075769 0.93865
0.058698 0.075846 -0.983701
0.0505332 -0.0645568 -0.0648227
0.00437957 0.0264273 -0.181133
0.0456175 0.0640752 -0.995145
0.00437957 -0.00213761 0.400846
-0.00420592 0.0024672 -0.803332
-0.00420592 0.00972482 -0.697294
-0.00420592 -0.0114431 -0.491953
-0.0412816 0.075846 -0.594284
-0.0135112 0.075846 -0.955287
0.0340305 -0.063113 -0.900249
-0.0235016 0.0621555 0.083787
0.00437957 0.0243971 0.484104
0.0193802 0.0617797 0.306129
0.00367658 0.075846 -0.110851
0.0320822 -0.0758976 -0.0384668
-0.0588137 0.0716229 -0.865684
-0.0489845 -0.0644365 0.57816
-0.00420592 -0.0345469 0.175301
0.0215921 0.0619732 0.954843
-0.0523904 0.075846 -0.601608
-0.00467045 0.051422 -0.359502
0.00437957 0.0438772 -0.276407
0.00437957 0.0270645 0.552816
-0.0465903 -0.0758976 -0.97295
-0.0486439 -0.0644067 0.880905
0.00922099 -0.0758976 0.459936
-0.00420592 -0.0238958 0.39657
0.00452872 0.0498986 0.328076
0.00437957 0.0226292 -0.0691839
-0.0563979 0.075846 -0.3655
-0.000210644 0.075846 -0.771113
-0.0393615 -0.0635946 0.947257
0.00477138 0.0511373 -0.311845
-0.0214372 -0.0620264 -0.2307
-0.0486635 -0.0644084 0.822799
-0.0569318 -0.0654107 0.0436943
-0.00420599 -0.0479739 0.639393
0.0183309 0.0616879 0.749409
-0.00420592 -0.00261229 -0.780513
0.0366801 0.075846 -0.635141
0.00437957 -0.0475912 -0.724634
-0.00294765 -0.0758976 0.461264
-0.0472896 -0.0642882 -0.630951
-0.00420592 -0.0181235 0.438878
-0.0188594 0.075846 0.926071
0.0347292 -0.0631741 0.0665896
-0.0519306 0.0646427 0.996412
-0.00420592 0.045571 0.273883
-0.0420483 -0.0638296 0.27111
0.00437957 0.0232564 0.319872
-0.00420592 -0.0311255 0.938231
-0.00420592 0.0154041 -0.854554
-0.0442749 0.0639729 -0.841011
0.00437957 -0.0440659 0.974166
0.00437957 -0.0176507 0.162495
-0.00420592 -0.0202653 -0.561306
0.0216487 0.075846 -0.532062
-0.00420592 0.00624337 0.0130176
-0.00420592 0.0179334 -0.61229
0.0313629 -0.0758976 -0.00680715
0.00437957 0.00191388 -0.156474
0.0313151 -0.0628754 0.478067
0.015239 0.075846 0.231501
0.0168463 0.0615578 -0.376835
-0.0454427 0.075846 0.76764
-0.0558522 0.075846 0.114908
-0.00420592 -0.0224619 -0.205522
0.00437957 0.0472491 -0.725888
-0.00420592 -0.000789996 -0.0949894
-0.0476756 0.075846 -0.0354576
0.0358755 0.075846 0.186731
0.0219132 -0.0620528 -0.622775
-0.055187 -0.0758976 0.0933575
0.00437957 0.0102342 0.61237
0.0454429 -0.0758976 0.744626
0.00437957 -0.033638 -0.805431
-0.0588137 -0.0706224 -0.919885
0.0310797 0.075846 -0.497684
-0.00420592 0.0179068 0.689687
0.0201346 0.0618457 -0.160094
0.0248156 0.0622552 0.239349
-0.00420592 0.0466667 0.690057
0.0465328 -0.0642068 -0.699824
-0.0549128 -0.0649551 -0.718507
0.0589873 -0.0755583 -0.0460166
0.0305542 -0.0628088 0.765539
-0.039296 -0.0635888 0.332984
-0.0394806 -0.063605 -0.220727
-0.0471067 -0.0758976 -0.587961
0.0501028 -0.0758976 0.888416
-0.00420592 0.0473874 -0.501202
-0.0257774 0.0623546 0.582009
0.0488332 0.075846 0.265399
-0.0276618 -0.062571 0.776624
-0.0173335 0.0616158 0.907273
-0.0178468 0.075846 -0.327447
0.0556449 -0.065004 0.248483
-0.00420592 0.044174 0.309885
0.00437957 -0.00441478 0.789311
0.00284075 -0.0758976 0.143587
0.00437957 -0.0023346 -0.20276
-0.0576598 0.0658709 0.303357
-0.0362123 0.0632675 0.49805
0.050719 -0.0758976 0.315467
-0.0128608 0.075846 0.0996841
-0.00451959 0.075846 0.343066
-0.0432452 -0.0639343 -0.153269
-0.0445364 0.0639958 0.947683
-0.0546677 -0.0649337 -0.300225
-0.0278838 -0.0758976 -0.432809
-0.038035 0.063427 -0.471564
0.00437957 0.0360546 -0.484546
0.00437957 -0.0413283 -0.50304
0.0298617 0.075846 0.318374
-0.000862465 0.075846 -0.936375
0.00437957 0.0282612 0.617335
0.0449159 -0.0640653 0.665931
0.00437957 -0.0473133 0.49411
0.00482412 0.0513462 0.0920615
-0.0301938 0.075846 0.943797
-0.0375505 0.075846 -0.951146
0.00437957 -0.0123395 -0.641351
-0.00420592 0.0347543 -0.199066
-0.0111619 -0.0598779 0.0654136
-0.0153137 -0.0614143 -0.0655241
0.0284782 -0.0626272 -0.0747448
-0.0567215 0.0652567 0.890541
-0.00420592 -0.00816456 -0.127812
0.0475678 -0.0758976 0.720668
-0.00420592 -0.0101479 -0.113555
-0.00420592 -0.0263652 -0.353685
0.0473767 -0.0758976 0.254839
-0.0452742 -0.0641119 0.665306
-0.00420592 0.0474828 -0.413439
-0.00420592 -0.031168 0.800128
-0.0574607 -0.0657541 0.868216
-0.00420665 -0.0480735 -0.673259
-0.0331612 0.075846 0.607533
-0.0238763 0.0621882 -0.326788
-0.0162278 -0.0615607 0.713522
0.00437957 0.0167662 -0.977538
-0.0563278 0.075846 0.42433
0.00524176 0.075846 -0.569738
-0.0180778 0.0616809 -0.415277
0.00437957 -0.0465678 -0.555502
0.0356764 -0.0758976 0.265685
0.00437957 0.0271838 -0.803559
-0.0216477 0.075846 -0.500941
-0.0581825 -0.0758976 0.29605
0.0214623 -0.0758976 0.887148
-0.0474315 0.075846 -0.21162
-0.00420592 0.0405758 0.184497
-0.00420592 0.00259502 -0.825293
-0.0407503 -0.0637161 -0.261493
0.0496169 0.0644251 -0.87652
0.0197723 0.061814 -0.909332
0.00437957 -0.0221087 -0.39407
0.0526753 0.075846 -0.787914
-0.00420592 -0.0462705 0.540189
0.0494575 -0.0758976 0.156803
0.0268443 0.075846 0.908004
-0.0321459 -0.0758976 0.0974038
0.00572579 -0.0538621 -0.896427
0.00437957 0.00742708 -0.844721
-0.00420592 0.0384443 0.199591
-0.0392787 0.0635358 -0.270199
0.00437957 -0.0357171 -0.032691
0.00437957 -0.0171948 -0.833784
-0.00420592 -0.0177179 0.301887
0.0451207 0.075846 -0.740896
-0.00420592 0.00845899 0.655277
0.00461729 -0.0504759 0.187419
-0.0395702 0.0635613 -0.527498
0.0280039 0.0625342 0.282325
-0.00420592 0.0439061 0.79761
0.0242888 -0.0622607 0.0201533
-0.00908952 0.0583832 0.713981
0.0482211 -0.0758976 -0.687751
-0.0540365 0.0648269 0.592209
-0.00420592 0.022224 0.926129
0.0582188 0.066283 0.345477
0.0425725 0.0638087 0.776475
-0.0524739 -0.0758976 0.987926
0.0372058 -0.0633908 -0.00723402
0.00437957 -0.0478426 -0.0323645
-0.0123311 -0.0758976 -0.963828
-0.0494899 -0.0644807 -0.472367
-0.00420592 0.00970371 -0.582212
-0.00420592 0.00719284 0.903799
0.0567147 -0.0652335 -0.671984
-0.0047857 0.0518286 -0.335595
-0.0111578 0.075846 -0.866864
0.0357179 -0.0758976 0.787587
0.023689 -0.0758976 -0.0673038
0.0580625 -0.0758976 0.783857
-0.00434938 0.0498599 0.425881
-0.0574187 -0.0657216 -0.504455
-0.0235555 0.075846 0.881108
-0.00820166 -0.0758976 0.523314
0.0563997 0.0650783 0.00320067
-0.0512352 -0.0758976 0.42497
-0.00420592 0.0377923 -0.753308
-0.0151556 -0.0758976 -0.700381
-0.0474969 -0.0758976 0.114455
0.0490865 -0.0644302 0.518685
-0.0469974 0.0642111 0.0138316
0.00437957 -0.0247864 0.320675
-0.0491179 -0.0758976 -0.395714
-0.019342 0.0617915 0.536088
0.0313409 0.0628261 0.972013
-0.0453999 0.0640713 -0.604057
0.0214797 -0.0620149 -0.141106
0.0482433 0.0643049 -0.343806
-0.0338352 0.075846 -0.268981
-0.0567982 -0.0653436 -0.620234
-0.048559 -0.0643992 -0.274821
-0.0574161 -0.0758976 -0.260334
0.058914 -0.0678185 -0.0952853
-0.0160798 -0.0758976 -0.193626
0.00437647 -0.0758976 0.793945
0.0334251 0.075846 0.638437
-0.00487718 0.0521215 0.742
-0.0493254 0.075846 -0.538333
0.0140009 -0.0758976 0.0368719
-0.00420592 0.00791346 0.311939
-0.00657789 0.0555961 -0.616002
-0.00420592 0.00699804 -0.41596
-0.0100801 0.0591439 0.211792
0.00437957 0.0395485 -0.949662
0.0575352 -0.0656791 0.213361
-0.00420592 0.036118 0.575049
0.00440347 -0.0487413 -0.419561
0.0576725 -0.0657844 0.124827
-0.0170155 -0.0758976 0.0816854
0.00205453 -0.0758976 0.93269
-0.00420592 0.0161188 -0.0921394
-0.00420592 0.000958578 0.545996
-0.00420592 -0.0394946 0.703074
0.0315663 -0.0628974 -0.217332
0.0217818 0.075846 -0.663877
-0.00420592 -0.0450945 0.574068
0.0589873 0.0706127 -0.960196
0.00701283 -0.0560191 0.562742
-0.00420592 -0.0205341 -0.585791
0.0210983 0.06193 -0.693625
0.0579441 0.0659762 -0.155581
-0.00420592 -0.0430464 -0.601859
0.0528225 0.0647055 -0.825283
-0.0353672 0.075846 -0.133563
0.0441496 0.0639467 0.414504
0.00437957 -0.0289912 0.54775
0.00437957 0.0229803 0.417728
0.029088 -0.0626806 -0.192485
-0.0480092 0.075846 -0.809135
0.00437957 0.0196997 0.235408
0.00515778 0.0524378 -0.867991
-0.0165893 0.075846 0.200104
0.0552094 0.0649143 -0.417286
0.0051449 -0.0524525 -0.401447
0.00437957 0.000488519 0.0941723
0.0165481 -0.0615784 -0.263444
-0.0481443 -0.0758976 0.850562
-0.054658 0.0648813 0.973055
-0.00420592 0.0377179 0.922446
0.0352618 0.0631691 -0.788943
0.0170057 -0.0616235 0.428391
0.0196118 0.075846 -0.0922981
-0.00420592 0.0270694 -0.472521
-0.00420592 0.0476723 0.547543
-0.0501887 -0.0758976 -0.804936
0.0217659 -0.06204 0.95405
-0.0575867 -0.0658577 -0.176199
0.000152175 -0.0758976 -0.7856
-0.0304424 -0.0628142 -0.884913
-0.00420592 -0.0113308 -0.212994
-0.0390207 -0.0758976 -0.183947
0.00437957 -0.0226877 0.588964
0.00437957 -0.0340882 0.364268
-0.00420592 -0.0455356 -0.22483
-0.0322448 0.075846 0.980313
-0.00420592 0.0421296 -0.834669
-0.00420592 0.023365 -0.560099
0.0580877 -0.0758976 -0.451216
-0.0263884 0.062408 0.282191
-0.0587359 0.067746 0.670324
-0.0139734 -0.0610822 0.922342
-0.00420592 -0.012668 0.739034
-0.020706 0.0619109 -0.15931
0.0475043 -0.0758976 -0.292967
0.00437957 -0.00695173 -0.718502
0.00437957 -0.0398859 0.242097
-0.00420592 0.0168176 0.547332
0.0157294 -0.0758976 0.165548
0.0276132 -0.0758976 0.870384
-0.0334966 -0.0630815 0.247014
-0.00420592 -0.0397725 0.727226
0.00437957 -0.0031518 -0.593037
0.00669472 0.075846 0.684294
-0.0525836 0.0646998 -0.671884
0.0040299 0.075846 0.997958
0.0068787 0.0557801 -0.269661
-0.0352441 0.075846 0.253791
-0.0206987 -0.0619618 0.602238
-0.00420592 -0.0399293 0.0114811
-0.00420592 0.0378594 -0.805424
0.0481424 -0.0643476 0.979188
-0.0261087 0.0623835 0.106728
0.0323117 0.075846 -0.160905
0.0424119 -0.0758976 -0.8309
-0.0253767 -0.0623711 -0.864363
-0.0472777 -0.0758976 0.594448
0.036179 0.0632494 0.141072
0.044244 -0.0640065 0.830966
-0.049543 -0.0644853 -0.533165
-0.0507154 0.075846 -0.679351
-0.00501041 0.0525118 -0.293253
0.00916418 0.058299 0.390347
-0.0582446 0.075846 -0.958757
0.0355104 0.0631909 -0.388189
0.0246895 -0.0758976 0.096011
0.00437957 0.0100026 -0.720853
0.0274246 0.0624835 -0.768647
-0.0210208 0.075846 0.44037
-0.0410242 0.075846 0.18703
-0.0322183 0.0629181 0.132729
-0.0525409 0.0646961 -0.544496
0.0150021 0.075846 -0.599847
0.00437957 0.00662237 -0.297548
0.0301884 0.0627253 -0.310397
-0.0484281 -0.0643878 -0.0175497
-0.0467075 0.0641857 -0.158744
-0.00420592 0.0146482 0.118161
0.00437957 0.0271748 0.713756
0.00437957 0.0280116 -0.276122
0.00437957 -0.045387 0.290864
-0.0354812 -0.0632551 -0.017604
-0.0488543 -0.0758976 -0.273971
0.00437957 0.0305227 -0.730951
-0.0275459 -0.0758976 -0.343556
0.019568 -0.0618477 0.136003
0.00437957 0.036852 -0.653151
-0.0585458 0.075846 -0.188792
-0.00149342 0.075846 0.646701
0.0530985 0.075846 0.288154
0.0537524 -0.0648384 -0.108175
-0.00420592 -0.0381443 -0.537301
0.0575007 -0.0758976 -0.924705
0.0443127 -0.0640125 -0.422087
0.0200399 -0.0618889 0.520733
0.0154753 -0.0614119 0.348768
-0.0275122 0.075846 -0.893977
-0.0519101 -0.0758976 -0.669473
-0.0350795 0.075846 0.825272
0.0589873 -0.0755965 -0.422749
-0.00904395 -0.0758976 -0.864052
0.00437957 0.00459345 -0.187557
-0.0522548 0.075846 -0.265558
0.00650447 0.055219 0.957659
-0.00420592 -0.0448106 0.219498
0.045408 0.0640568 -0.804102
-0.0521359 0.0646606 0.720175
-0.00420592 0.0285456 -0.815508
-0.0425018 -0.0638693 -0.134074
0.00284442 -0.0758976 0.277289
-0.0418769 0.075846 0.504069
0.0126734 -0.0758976 -0.836888
0.0570678 -0.0653911 -0.127529
0.0589873 0.0734587 0.498699
0.00437957 0.0130176 0.173629
0.0395491 -0.0758976 -0.319122
-0.0351807 -0.0758976 -0.712917
0.00437957 -0.0104408 -0.937706
-0.0259733 0.075846 -0.201784
-0.00420592 0.0107053 0.428376
-0.00420592 -0.00211157 0.477656
0.00446974 -0.0495027 -0.828453
0.0108407 0.075846 0.581628
0.00437957 -0.045903 -0.989482
-0.0183827 -0.0617592 0.146358
0.0487247 -0.0643985 -0.266821
-0.00420592 -0.0440458 -0.882403
-0.0537834 -0.0758976 0.78542
0.0587219 -0.0758976 0.816725
-0.0372172 0.075846 0.130443
0.00437957 -0.0447684 0.786697
-0.00420592 0.0407123 -0.158738
-0.0208452 -0.0758976 -0.132773
0.0331872 -0.0630392 -0.117453
0.00532002 0.0528751 0.434238
0.00290941 0.075846 -0.866873
-0.00420592 0.000117093 -0.0248357
-0.014722 -0.0612853 -0.626117
-0.00420592 -0.0333652 0.788795
0.00626995 0.0548341 0.225182
0.0110629 -0.0758976 -0.442678
0.0110923 0.059685 -0.887198
0.00437957 -0.00637425 0.918552
-0.00420592 -0.0112343 -0.611378
0.0293662 0.075846 -0.204451
-0.015174 0.0613347 0.259126
0.00481564 0.0513135 -0.547637
0.00437957 -0.0187588 0.0294647
0.0238335 0.0621693 -0.238998
0.0283487 0.075846 -0.800645
0.00455125 -0.0500964 0.865717
0.00437957 -0.0478233 0.689087
0.0301524 0.075846 0.540495
-0.0062458 -0.0551343 0.992915
-0.00420592 -0.00428516 -0.396123
0.0343349 0.0630881 0.794973
-0.00420592 -0.0318393 0.13402
-0.0112528 -0.0599291 -0.316622
-0.0029707 0.075846 0.187558
-0.0583944 0.0668135 0.569718
-0.0411392 -0.0637501 -0.771227
0.00437957 0.0468774 0.516808
0.05719 -0.0654569 -0.837864
0.030841 -0.0628339 0.631281
0.046507 -0.0758976 -0.59485
0.0244727 0.0622252 -0.0165577
-0.00420592 -0.00934848 -0.271053
0.00437957 0.0316911 0.311758
0.00437957 0.00142212 -0.907187
0.00437957 -0.0120847 0.144244
0.0144015 0.075846 0.042091
-0.00984613 -0.0758976 0.991545
0.00437957 0.0345154 -0.847341
-0.0365737 -0.0758976 0.681619
0.0487788 -0.0758976 0.926613
0.00437957 -0.0326446 0.667531
0.0477114 -0.0643099 -0.652682
-0.00420592 -0.0242068 -0.685233
-0.0540152 0.075846 0.35164
-0.00420592 0.0107272 0.454985
-0.00420592 -0.0422377 0.204319
0.00437957 0.0153543 -0.921822
-0.00420592 0.033724 0.651151
-0.00420592 -0.046213 0.317603
-0.00420592 0.0240603 0.993253
0.0136899 -0.0609355 0.67577
0.0352158 -0.0632167 0.253737
0.00437957 0.000203684 -0.374874
-0.00420592 -0.0331523 0.383173
0.0454177 0.0640577 0.26828
0.00437957 0.0161069 -0.60151
0.0474522 0.075846 0.00885353
-0.00420592 0.0306505 -0.286723
-0.00420592 0.0143552 0.138753
0.0263848 0.0623925 -0.172569
0.00437957 -0.0282215 0.0397155
0.0316953 -0.0629087 0.503064
-0.00420592 0.0282446 0.504432
-0.00420592 -0.0109039 0.0131623
0.0464648 0.075846 -0.090202
-0.0258384 0.075846 0.356112
-0.000447064 -0.0758976 -0.0705257
-0.0219794 -0.0620738 0.170965
0.0586023 -0.0669308 -0.29774
-0.00420592 0.0310261 0.109066
-0.018187 -0.0758976 0.650653
0.0139397 0.075846 0.484164
0.00437957 0.0161829 -0.564218
-0.00420592 0.0132052 0.756925
0.0161546 0.075846 0.247605
0.031501 0.0628401 -0.714633
-0.00420592 -0.0235705 -0.335117
-0.0407112 -0.0758976 0.737762
-0.00420592 -0.00278064 0.444214
0.0558691 -0.0758976 -0.000786636
-0.0238199 -0.0758976 0.252936
0.00437957 0.0423314 0.0696683
0.0188314 -0.0758976 -0.253785
-0.00821749 0.075846 0.907114
0.0358825 0.075846 0.212857
-0.0192638 -0.0618362 -0.74196
-0.0203687 0.075846 0.134004
0.0249221 0.0622645 0.400885
-0.028461 -0.0758976 -0.831275
-0.0457576 0.0641026 0.0936217
0.00437957 -0.0326206 -0.702172
0.0113665 -0.0598955 -0.844544
0.00437957 -0.000797405 -0.322193
0.0179322 0.061653 -0.791164
0.0581801 -0.0662867 0.0630368
-0.00420592 0.0162225 0.713981
-0.0362703 0.0632726 0.875467
-0.00420592 -0.016367 -0.824875
-0.0504847 0.075846 -0.421104
-0.0284775 -0.0758976 -0.937043
0.043215 -0.0639165 0.00824365
0.00437957 -0.00856789 0.420737
-0.00420592 -0.0349369 0.0822913
-0.0509613 0.075846 0.887987
0.0516 -0.0646501 0.405065
0.0485725 -0.0643852 0.0484558
0.00437957 -0.0444975 -0.38541
0.0313028 -0.0758976 -0.493824
0.0476226 0.0642506 0.569076
0.0341822 0.0630747 0.876611
0.03203 0.075846 0.614896
0.0530376 0.075846 -0.327398
0.0431345 0.0638579 -0.216429
0.0361507 -0.0758976 0.288763
-0.0165721 -0.0758976 -0.847804
-0.00420592 -0.0440765 -0.084943
-0.0256285 -0.0758976 -0.568678
0.0583211 -0.0758976 -0.938918
-0.0360888 0.0632567 0.77186
-0.00420592 -0.0292855 0.761721
-0.0534988 -0.0648314 0.910615
0.00437957 0.0389 0.278001
-0.0239566 0.075846 0.255592
0.0186539 0.075846 -0.339641
0.00437957 -0.0469021 -0.442914
-0.0290022 -0.0758976 0.976962
0.00438441 0.0482442 -0.136363
0.0555845 0.075846 0.708364
0.00437957 0.0458572 -0.0519424
-0.0472696 0.075846 0.228896
-0.00420592 0.00712812 -0.342493
0.00437957 -0.0152366 0.800254
-0.0144858 0.075846 -0.274379
-0.0485564 -0.0758976 -0.600989
0.0485943 -0.0758976 0.210938
0.0471161 0.0642063 -0.0244427
0.031528 -0.0758976 -0.658401
0.0556772 0.0649553 0.528788
0.00437957 0.0113359 -0.0566136
0.00490764 -0.0758976 -0.846386
-0.0315835 0.0628625 -0.394876
0.0177363 -0.0616874 0.611532
-0.0109379 0.0596965 -0.810851
0.0147286 0.0611923 -0.526286
-0.00420592 -0.0369149 -0.518504
-0.00420592 0.0158551 0.499316
0.039343 0.0635262 0.0875813
-0.00420592 -0.0190535 -0.849558
0.0333171 -0.0630506 0.973304
0.00437957 -0.0340476 0.751111
0.0479626 0.075846 -0.407988
-0.00390552 -0.0758976 0.498378
0.0445499 0.0639817 0.320175
0.0559008 -0.0650292 -0.248701
0.00437957 0.0408926 -0.562934
-0.0436206 0.0639156 0.909235
-0.00223962 0.075846 0.297859
-0.00420592 0.0127882 0.634162
0.0443977 0.075846 0.670274
0.0454633 0.0640617 -0.376314
-0.00420592 0.0020559 -0.653649
0.0589873 0.0713533 0.869296
0.00437957 -0.0288437 -0.920813
-0.00420592 0.0429795 -0.624448
0.0364077 0.075846 0.963775
0.0442239 0.0639532 0.952153
0.0509277 0.0645397 -0.560857
0.00437957 0.00898805 0.676317
0.0110254 -0.0596965 0.827921
0.00437957 0.037002 0.707854
-0.00420592 0.0158166 -0.643336
-0.00420592 -0.0380119 0.921013
-0.0135751 0.075846 -0.456545
-0.0256061 -0.0623911 0.0706039
0.0566381 0.075846 -0.829859
-0.00927091 -0.0758976 -0.675025
-0.00667967 0.0557439 0.292047
-0.0211338 -0.0758976 0.515409
0.00437957 0.00610391 -0.487307
0.0361507 -0.0758976 0.680681
0.00437957 0.0348509 -0.78471
0.0545821 -0.064911 0.896286
0.00587553 -0.0541653 -0.520685
-0.00420592 0.00691168 0.949762
0.0568714 -0.0758976 -0.389702
-0.0389218 0.0635045 -0.869202
-0.0588137 -0.0752749 -0.656622
0.0583922 -0.066572 0.857609
-0.0588137 -0.0755983 -0.143755
-0.00802646 0.057386 0.335964
0.0113983 0.075846 -0.190299
0.00437957 -0.0213641 0.376739
0.00437963 -0.047971 -0.946045
-0.00420592 -0.0209816 -0.700646
-0.0400549 -0.0636552 0.124123
-0.00503297 -0.0526259 -0.0567166
-0.0483699 -0.0758976 -0.560528
0.0589873 -0.0686931 0.581053
0.00888464 0.075846 0.288727
0.0358177 0.0632178 -0.146535
0.020326 -0.061914 -0.986719
0.00450314 0.0497182 0.293271
0.00437957 0.028763 -0.566574
-0.00420592 -0.0464283 0.473476
-0.054873 0.0649001 -0.0635765
-0.00420592 -0.0360774 0.688451
0.00962644 0.075846 -0.461233
0.000224532 -0.0758976 -0.374661
-0.00420592 0.0416872 0.453167
0.0190988 -0.0758976 0.720999
-0.0471071 0.075846 0.166392
-0.00420592 -0.0172199 0.182199
0.00510853 -0.0758976 0.0901724
-0.0217782 -0.0620562 -0.96066
0.0358833 -0.0758976 -0.0690727
0.0302425 0.06273 0.172185
-0.0357355 0.075846 0.408685
0.0201341 0.075846 0.0190263
0.0157712 -0.0614665 0.647829
-0.0239225 -0.0622438 -0.585935
0.0583749 -0.0665464 -0.140494
0.0296209 -0.0758976 0.190748
-0.00420592 -0.00729078 -0.238706
0.00126932 0.075846 -0.83342
-0.0487848 -0.0758976 -0.690799
0.0547538 -0.064926 -0.956782
-0.0588137 -0.0758125 -0.238188
-0.00421574 -0.0484507 0.180677
0.0589873 -0.0755372 -0.487594
0.00437957 -0.00547271 0.759244
0.00687022 0.075846 -0.289184
-0.0587285 -0.0758976 -0.81592
-0.0325905 -0.0758976 -0.953949
0.0166272 0.0615357 0.421505
0.00437957 -0.0390457 -0.620978
0.0162913 0.075846 -0.764
-0.00420592 -0.00645615 -0.669915
-0.0588137 0.0744979 0.189885
0.019665 0.0618046 0.903581
-0.00420592 0.00588626 -0.455354
-0.0519798 0.075846 -0.383672
-0.0308373 0.0627972 -0.307524
-0.00420592 -0.0349093 -0.573147
-0.00907989 -0.0758976 -0.331278
-0.00420592 0.0414946 0.438309
0.0475973 0.075846 0.331437
-0.00420592 -0.0201075 0.212456
-0.00420993 0.0482117 0.0551585
0.0557399 -0.0650123 -0.40266
0.00437957 -0.0377593 0.631966
0.0226437 -0.0621168 -0.504082
0.045211 -0.0640911 -0.477277
-0.0233349 -0.0758976 0.872935
0.0385849 -0.0635114 -0.82318
0.00523612 0.0526546 0.535909
-0.00420592 0.0279474 0.0541343
-0.0411828 -0.0637539 0.844068
0.0148748 -0.0612803 -0.730079
0.0564288 0.0650865 0.45089
-0.00420592 -0.0347737 -0.757116
0.0265936 0.0624108 -0.839602
0.0046309 0.075846 0.436649
-0.0313377 0.062841 0.241914
-0.00420592 -0.0418416 0.444544
0.0209332 -0.0619671 0.0504246
0.00437957 -0.0222476 -0.885683
-0.0310638 0.075846 0.570665
0.00437957 -0.00592006 -0.652259
-0.0450244 -0.06409 -0.230489
0.00441373 -0.0488994 0.521883
-0.00240922 0.075846 -0.700718
-0.00420592 0.0325974 0.730632
0.0356002 0.0631988 0.916878
0.0394335 -0.0758976 -0.22617
-0.00420592 0.0398367 -0.820551
-0.00420592 0.0108809 -0.945965
0.0572135 -0.0654703 -0.717872
0.00437957 -0.0378661 -0.32421
0.0108436 0.075846 -0.715214
0.00437957 0.0417362 -0.445933
0.00441323 -0.0488924 0.660026
0.0246107 0.0622373 0.761482
0.0527979 0.0647034 -0.709155
-0.0346783 -0.0631848 -0.7891
-0.00420592 -0.0092062 0.401934
0.00437957 -0.0319229 0.168648
0.00437957 -0.0307238 -0.191935
-0.00940203 0.075846 -0.150964
0.0206391 0.075846 0.782091
-0.0364302 -0.0758976 -0.272202
-0.00420592 -0.0368956 -0.293913
0.00437957 -0.0043747 0.348605
-0.015033 0.0613049 0.676448
-0.0555285 -0.0758976 -0.485061
0.00437957 0.0262779 -0.98464
0.00437957 0.0278644 -0.339852
0.00437957 0.0106994 -0.661981
-0.00420592 -0.00631715 0.704809
0.0533347 -0.0648019 -0.583239
-0.0173803 0.075846 -0.733332
0.034006 -0.0631108 -0.919683
0.0047353 0.0509857 -0.928177
-0.00420592 -0.018172 -0.96496
-0.0497826 -0.0758976 -0.640704
-0.025046 -0.0623421 -0.798969
-0.0586013 0.0672766 -0.911057
0.0451825 -0.0640886 -0.379742
0.0170121 -0.0616241 0.63445
0.00437957 0.0159844 0.445937
0.0586058 -0.0758976 0.177477
-0.024647 -0.0758976 0.627244
-0.00460889 -0.0512342 0.134923
-0.0043138 -0.0496496 -0.335963
-0.00420592 0.0339624 0.363303
-0.0480577 0.0643038 0.352934
-0.00420592 0.00472387 -0.305127
-0.00420592 0.0143813 0.862111
-0.0439914 0.0639481 0.217617
-0.0410512 0.0636908 0.807926
0.0220482 0.075846 0.193821
0.0124851 0.075846 -0.694026
0.029189 0.0626378 0.261137
-0.0475541 0.075846 -0.523429
0.0537981 0.075846 -0.930073
0.00437957 -0.0175415 -0.771885
-0.0385853 0.0634751 -0.0361361
0.0372145 0.075846 0.0494778
-0.0554178 0.0649478 0.538942
-0.00420592 0.0197827 -0.753634
-0.0497109 0.0644485 0.513089
-0.047655 -0.0643202 0.305031
-0.0104304 -0.059432 -0.0433373
0.00437957 -0.016534 -0.357566
0.00437957 0.00253025 -0.606151
-0.0148894 0.075846 0.276157
0.0327862 0.075846 0.282691
-0.0101916 -0.0592725 0.101963
0.00437957 -0.0106253 -0.0545882
-0.0505929 -0.0645772 0.945172
0.00513634 0.0523763 0.118736
-0.00576336 -0.0758976 0.0234967
0.00437957 0.00865267 0.489547
-0.00420592 -0.042223 0.943287
-0.00420592 0.0192654 -0.528462
-0.0203866 0.075846 0.938549
-0.0264771 -0.0758976 -0.594355
0.0108426 -0.0595844 -0.0792893
0.0396809 -0.0758976 0.820493
0.0351476 0.0631592 -0.00578616
-0.0482319 -0.0643706 0.739145
0.00499688 -0.0520031 -0.770252
0.00437957 -0.0326838 -0.689196
0.0493756 -0.0758976 0.839845
0.0571694 -0.0654454 -0.86931
-0.0338393 -0.0631114 -0.546111
0.0129116 -0.0758976 -0.524837
0.00437957 -0.0201391 0.189399
0.0586472 -0.0758976 0.535046
-0.0343077 0.075846 -0.749867
0.00437957 0.0417147 0.999997
0.0463434 -0.0641902 0.793239
-0.0260184 -0.0624272 0.656716
0.00437957 -0.0237059 0.231756
-0.00420592 0.00160342 -0.481133
-0.02529 -0.0758976 0.762476
-0.00420592 -0.0279123 0.879472
-0.0379139 -0.0758976 0.510727
0.00576894 -0.0539514 0.780493
-0.0582954 -0.0758976 -0.324586
-0.00420592 0.036183 0.466965
0.00437957 0.007099 -0.3884
-0.0487303 0.0643627 -0.375387
-0.00420592 -0.0273701 -0.0454933
0.0567863 -0.0652618 0.545059
0.00437957 0.00905325 -0.210839
-0.00420592 -0.0104531 0.326342
0.0578606 -0.0659475 0.328067
-0.0296972 0.075846 -0.710258
-0.00420592 -0.00162946 0.14461
0.0147978 0.0612098 0.375731
0.00437957 0.0451849 -0.104722
0.0421851 0.0637749 -0.495566
-0.0189494 0.0617572 -0.0495049
-0.0320786 0.0629058 -0.821695
0.00437957 0.0121445 -0.360794
0.00437957 0.0413915 -0.219734
0.0371023 -0.0758976 0.907115
-0.0343942 -0.0758976 -0.853545
0.0558884 0.0649761 -0.920743
0.00973204 0.075846 -0.046477
-0.0314869 0.075846 0.051638
0.0589873 0.0754801 -0.29669
-0.00900701 0.0583131 -0.917933
0.0224952 -0.0758976 0.260589
0.00437957 0.00791944 0.825366
-0.0588137 0.0689277 0.158213
-0.00420592 -0.00114402 0.26392
0.00437957 0.00596452 0.595664
-0.00420592 -0.0070372 0.623715
-0.00420592 0.0194558 0.533758
-0.00914548 -0.0584817 0.702167
-0.0215609 0.0619857 0.944294
0.00437957 -0.0457865 -0.255945
0.0561661 -0.0650734 -0.380761
0.0288977 -0.0626639 0.109797
0.0162331 0.0614869 0.642905
0.0179003 0.0616502 0.468988
-0.0204144 -0.0619369 0.671173
0.0388462 -0.0758976 -0.789983
0.0588501 -0.0675595 0.140015
0.0352772 -0.0758976 -0.910988
0.00437957 -0.0287386 -0.578599
-0.0568114 0.075846 0.519723
0.00437957 -0.0343051 0.253376
0.0321168 0.075846 0.385614
0.0481633 0.075846 0.529005
0.0455941 -0.0758976 -0.715651
0.0107484 0.075846 0.101974
0.0135225 -0.0608773 -0.0914134
-0.0571193 0.0654658 -0.82548
0.0176496 0.0616283 0.598565
-0.0415366 -0.0758976 -0.16431
0.0063723 0.0550056 0.0651003
0.0473304 -0.0758976 -0.374375
-0.00420592 -0.00202911 0.303806
-0.0196746 0.075846 0.742725
-0.0152168 0.0613435 -0.305516
0.00437957 0.0223128 0.185592
-0.0354379 0.075846 0.389974
-0.0519879 0.075846 0.64933
0.02175 0.061987 0.794543
0.0221842 0.075846 0.967334
-0.0479968 -0.0758976 0.958995
-0.0485955 -0.0758976 0.623523
0.00437957 0.0361066 0.290791
0.00437957 -0.000465992 -0.0645376
0.0112053 -0.0758976 -0.0433065
0.00437957 -0.0389458 -0.739579
-0.0103518 0.075846 0.777844
0.00437957 0.0263377 -0.906108
-0.00420592 -0.0412336 -0.663154
-0.0193687 -0.0618454 0.881732
-0.0466075 -0.0642285 -0.660882
0.0424283 0.075846 -0.268981
0.0422884 0.075846 0.346899
-0.00420592 0.0264599 -0.845914
0.0489144 -0.0758976 0.703118
-0.0340427 0.0630777 -0.734682
-0.00420592 0.0407045 -0.346088
-0.0370447 0.0633403 0.112241
-0.0574221 0.075846 0.340091
0.0503875 -0.064544 -0.982963
-0.0293974 -0.0758976 -0.0931938
0.0053095 -0.0758976 0.682888
0.00437957 -0.0171554 -0.51257
0.0117318 0.0600428 -0.731292
0.0317492 0.075846 -0.620961
-0.0482601 0.075846 -0.701612
0.00437957 -0.041223 -0.582593
0.026373 -0.0758976 -0.947444
-0.00420592 0.0190554 -0.323185
0.0303312 0.0627378 -0.737762
0.00437957 -0.000152243 -0.414387
-0.0577624 -0.0660197 0.441424
-0.0562943 0.065098 0.817112
0.0245281 0.075846 -0.704409
-0.0118507 0.075846 -0.225395
-0.00550765 -0.0758976 -0.363708
-0.00420592 -0.0274416 -0.487393
0.046484 0.075846 0.118395
0.00437957 0.0377566 -0.549033
-0.018989 -0.0758976 0.158021
-0.00420592 -0.0440028 0.0510744
-0.00125193 -0.0758976 -0.441528
0.00437957 0.0155225 -0.0337292
-0.00420592 0.0291243 0.915577
-0.00420592 0.00713878 -0.127774
0.0353647 -0.0758976 -0.984879
-0.00420592 -0.0200691 -0.545502
-0.0121379 0.0603299 -0.398863
0.00508064 -0.0522638 0.0180459
0.0294804 0.075846 -0.193453
0.0578574 -0.0758976 -0.696556
-0.00420592 -0.0153868 -0.0151355
0.042323 0.075846 0.562881
0.0245152 0.075846 -0.642469
-0.00479655 -0.0758976 0.722954
-0.0501338 -0.064537 -0.204137
-0.0573204 -0.0656495 0.608255
-0.00420592 0.040045 -0.226623
0.00437957 -0.0437587 -0.237684
-0.0381837 0.075846 0.959891
-0.0097375 0.0588968 0.41166
-0.0104726 -0.0758976 0.135195
-0.0229674 -0.0621603 -0.103449
-0.00258364 -0.0758976 -0.305287
0.0469078 -0.0642396 -0.935506
-0.0492909 -0.0758976 -0.932038
0.0481242 -0.0758976 -0.414473
-0.0183055 0.075846 0.833816
0.00437957 -0.0455029 0.7514
-0.0215867 -0.0758976 -0.969738
-0.00420592 -0.00700674 0.803789
0.00437957 0.012852 -0.276191
-0.00542933 0.0535468 -0.0530243
-0.00420592 -0.041251 0.499396
-0.00420592 -0.00644411 0.97839
0.0430805 -0.0758976 0.49659
0.0341544 0.075846 0.776099
-0.0122145 0.075846 -0.183124
-0.0588137 0.075327 0.492476
0.00386333 0.075846 0.00411439
-0.00950001 0.075846 0.518296
-0.0386291 -0.0758976 -0.509282
0.0206523 -0.0758976 -0.972011
-0.0169481 0.0615821 0.75987
-0.00848875 0.075846 -0.479029
-0.039635 0.0635669 -0.988296
-0.00420592 0.0355297 0.261756
0.00437957 0.0103363 0.371313
0.0324673 0.0629247 -0.361249
-0.00420592 0.0221542 0.241761
0.0464316 0.0641464 -0.840548
-0.00420592 -0.0188624 0.102064
-0.00420592 0.00679089 0.212907
-0.00966295 -0.0758976 -0.986431
0.0343781 0.0630918 -0.10007
0.0306092 -0.0628136 0.306074
0.0464494 -0.0641995 0.302702
-0.00420592 -0.0166039 -0.597562
0.0284361 -0.0758976 -0.56286
0.0531528 0.075846 0.213233
0.0568127 -0.0652726 0.736806
-0.00420592 -0.0220106 0.272157
-0.00420592 0.0155709 -0.887729
-0.00420592 -0.0135162 -0.931158
0.0532679 0.0647445 -0.973735
-0.0200877 0.075846 -0.374173
-0.0466452 -0.0642318 0.788356
0.00437957 0.0256245 -0.355237
0.0217854 -0.0758976 0.810655
0.0202921 -0.0758976 0.355624
0.00446119 0.0493751 0.13358
-0.0295375 0.0626835 -0.00352607
0.00437957 -0.0416456 0.717061
0.0247512 -0.0758976 0.938731
-0.0577646 0.0659703 0.870487
-0.00420592 0.00945804 -0.565081
0.0195337 -0.0758976 -0.435541
0.00548499 0.0532787 0.710059
0.00452464 0.075846 0.0250504
0.00416238 0.075846 0.36676
-0.0518429 -0.0646865 0.000237459
-0.00596007 -0.0546482 0.977327
-0.0525352 -0.0758976 -0.838712
0.00437957 -0.00483322 -0.838329
-0.00420592 0.0443333 -0.86312
0.00437957 0.0283094 -0.773551
-0.0588137 -0.0713366 -0.447484
0.00539669 -0.0531188 0.573156
0.0563823 -0.065125 -0.521795
-0.00420592 0.0372372 0.698584
0.0495516 0.0644193 0.0338018
-0.0309137 -0.0758976 -0.780881
-0.0273119 -0.0758976 -0.913735
0.0199792 0.0618321 0.0769873
-0.0048645 0.0520822 -0.171885
-0.00420592 -0.0373863 0.655415
0.00437957 0.0116657 -0.0868019
0.0558462 0.075846 0.750826
0.00469825 0.0508216 0.914669
0.00437957 -0.00154309 -0.995903
-0.0212291 -0.0758976 -0.490174
0.00437957 -0.0364978 -0.276753
0.00456569 -0.050185 0.998741
-0.030608 -0.0628287 0.0841407
0.00699858 -0.0758976 -0.113278
-0.0489347 0.075846 0.0574192
-0.0370809 0.0633435 0.402393
-0.00420592 -0.00962104 0.769082
-0.00672217 -0.055856 0.531072
0.0331511 -0.063036 -0.245481
-0.0478256 -0.0643351 0.61522
-0.00240666 -0.0758976 -0.395858
-0.00420592 -0.00198267 -0.280576
-0.00420592 0.0038812 -0.550855
0.0204263 -0.0758976 0.0724313
-0.00541654 0.0535185 0.75607
0.0284296 0.0625714 -0.945706
0.00437957 0.0203244 0.375938
0.0484436 -0.0758976 -0.78373
-0.00420592 0.0156734 -0.312037
-0.00420592 -0.00284318 0.504259
-0.0410003 0.075846 0.430288
-0.0588137 -0.0755087 -0.130336
-0.0437054 -0.0758976 -0.993961
-0.00420592 -0.0156257 0.877602
-0.00146382 -0.0758976 0.195145
-0.0321093 -0.0758976 0.170371
0.0278246 0.075846 0.811615
-0.0365072 0.075846 -0.486096
-0.00929006 0.075846 0.750304
-0.00420592 -0.0304289 -0.271917
0.00730682 -0.0758976 -0.192966
0.00437957 0.018888 0.405987
0.0169148 0.061564 0.259656
-0.0481939 -0.0758976 -0.750155
0.00437957 0.0292553 0.977033
0.058905 -0.0758976 -0.16315
0.00437957 0.027706 -0.031647
0.00437957 0.0164282 0.475844
0.0216331 -0.0620283 -0.280042
0.0467527 -0.064226 0.220186
0.0369784 -0.0633709 -0.161668
-0.036471 -0.0633417 0.0342829
0.00437957 0.0231871 0.808796
0.0156084 -0.0758976 -0.900216
0.0128983 -0.0758976 0.372166
-0.056088 -0.0650944 0.650021
-0.0493925 0.0644206 0.375644
-0.0223399 0.0620538 0.705581
-0.048977 0.075846 0.294418
0.0570623 0.0653367 0.219569
0.00558731 -0.0535636 0.698662
-0.00420592 -0.0425747 0.253362
0.00792632 -0.0758976 -0.420597
0.0170525 0.061576 -0.588069
-0.0166169 0.0615525 -0.59782
-0.0186978 -0.0758976 -0.149697
0.00949865 0.0585773 -0.162798
-0.0277472 -0.0625784 -0.22044
-0.0310477 0.0628157 -0.111595
0.0561003 -0.0650605 -0.429256
0.010452 0.075846 0.416064
-0.0548771 0.0649005 0.412566
-0.00420592 0.00465452 0.925109
0.0160247 -0.061508 -0.38718
-0.00437944 0.0500564 0.482872
-0.00420592 -0.010031 -0.724586
0.00437957 -0.00672262 0.857436
-0.0369618 0.075846 -0.450329
-0.00420592 0.0142804 0.0384928
-0.0120213 -0.0758976 -0.611633
-0.0347292 -0.0631893 -0.622055
-0.0272332 0.0624819 -0.185341
-0.00420592 0.0241538 -0.0775897
-0.036269 0.075846 0.28405
0.0519723 0.075846 0.628199
0.00437957 0.0256547 -0.152602
-0.0481782 0.075846 0.629408
0.00437957 -0.00350481 -0.894878
-0.0289002 -0.0758976 0.533598
0.00484898 -0.0514917 -0.304861
-0.0574933 -0.06578 -0.985262
-0.0288047 -0.062671 -0.464899
-0.0405926 0.0636507 0.30511
-0.052077 -0.064707 0.39908
0.00437957 -0.00798444 -0.0268221
0.00437957 0.0261121 -0.918538
-0.0217735 -0.0758976 0.00470475
-0.0588137 -0.0756542 0.70751
0.00437957 -0.011747 -0.294176
0.00437957 -0.0199398 -0.976641
-0.0165772 0.0615486 -0.877188
0.00437957 0.0226715 0.0659993
0.00475686 0.0510772 0.990126
0.00554628 0.0534199 -0.192249
-0.00420592 -0.0188392 0.986576
-0.0579209 -0.0758976 0.123023
-0.0460647 -0.0758976 0.652364
-0.0588137 -0.0753899 0.772934
-0.0116581 0.0600947 0.0376084
0.00437957 0.0422648 -0.330437
-0.00420592 0.00231587 -0.518416
0.0218079 -0.0620436 -0.474052
0.00437957 -0.0232028 -0.000530535
-0.0371327 -0.0633996 -0.599543
0.0276943 0.0625071 -0.60721
-0.0586868 -0.0675965 -0.600613
-0.0445136 -0.0758976 0.28224
-0.0163587 0.075846 0.0383157
0.0511379 0.075846 -0.666687
-0.023735 -0.0758976 -0.170818
0.0339692 0.075846 -0.682903
-0.00511107 -0.0528353 -0.808471
-0.0340168 0.075846 0.0271159
0.0502939 -0.0758976 -0.11357
0.0515327 -0.0646442 0.490886
0.00437957 -0.0121138 -0.261135
-0.0106238 -0.0595561 -0.454006
0.00437957 0.0327905 0.097696
0.00437957 0.0171636 -0.186747
0.00437957 0.0226719 -0.619965
0.0225137 0.0620538 0.0943749
0.00437957 -0.00641502 0.644526
0.00437957 -0.0231092 0.365786
-0.00420592 0.0250022 0.821038
0.00437957 -0.0297424 0.725142
0.0517927 0.0646154 -0.571981
0.0519173 0.075846 -0.172513
-0.0120844 0.075846 -0.260843
-0.00420822 -0.0481827 0.916016
0.00565509 0.0536605 -0.0287948
-0.00420592 -0.0144646 -0.800184
-0.0253957 -0.0758976 0.29552
-0.0588137 0.0757928 0.530358
0.0321918 0.075846 0.88728
0.0399466 0.063579 -0.123248
-0.0327027 -0.0758976 -0.00878246
-0.0361785 -0.0633161 -0.534854
0.0471532 0.075846 -0.881249
-0.0358983 0.075846 0.227926
0.00997328 -0.0758976 -0.155261
0.027348 -0.0758976 0.421993
-0.00420592 0.0367326 -0.375625
0.00890643 -0.0758976 -0.329683
-0.0375742 -0.0634382 0.436026
-0.0195462 0.0618094 0.459755
-0.0526315 -0.0758976 0.211227
0.00437957 -0.0309132 0.601989
0.0589873 0.0748827 -0.0204481
0.00475403 -0.0511169 0.127962
0.00763104 -0.0758976 0.659567
-0.0256483 -0.0758976 0.456226
-0.0488095 -0.0644212 -0.674424
0.0158074 0.075846 0.3685
-0.00420592 -0.0282206 0.850092
0.0499181 -0.0758976 -0.350369
-0.0211823 -0.0620041 -0.617063
-0.00420592 0.0396215 -0.31335
-0.0009467 -0.0758976 -0.810668
0.00437957 0.0172824 -0.102497
-0.00420592 0.0259338 -0.724089
-0.00420592 0.0419277 0.397529
-0.0588137 0.0737747 0.0254234
-0.0568129 0.0652991 -0.148284
0.00437957 0.0130626 0.907727
0.00869149 -0.057925 -0.32502
-0.0166733 -0.0758976 0.262724
0.0501218 0.075846 0.317075
-0.0524363 -0.0758976 0.262639
0.0330952 0.0629796 -0.701842
0.00437957 -0.0265736 -0.0938578
-0.00420592 -0.0461292 -0.547721
-0.0378289 0.0634089 -0.247334
-0.0109519 0.075846 -0.12333
0.00963679 -0.0758976 0.999702
-0.00627786 -0.0551861 -0.115971
0.018927 -0.0617916 0.17301
-0.00420592 -0.0450004 -0.284487
-0.00420592 -0.0365192 0.111007
-0.00460558 -0.0512208 0.168422
-0.00420592 -0.0411546 -0.0132801
0.0135575 0.075846 -0.0733589
0.00437957 0.0409708 0.489054
-0.0588137 -0.0705364 0.47303
-0.00582182 -0.0543954 0.31077
-0.00420592 -0.0428034 -0.273209
0.00437957 -0.035063 0.587247
0.00437957 0.0139209 0.386228
-0.0097579 -0.0589635 -0.521008
-0.0425178 -0.0758976 0.69247
0.0112077 0.0597529 0.674051
-0.00424945 -0.0490241 -0.846762
-0.00420592 -0.0102442 0.545411
-0.0585297 0.0670953 -0.55359
0.00437957 0.027889 -0.393657
0.0196704 -0.0758976 0.69663
-0.00804021 -0.0758976 -0.924919
-0.0534191 0.075846 -0.0842708
-0.0116018 0.0600656 0.237773
0.00437957 -0.00123475 -0.582437
-0.0461013 -0.0641842 0.362092
0.0263369 -0.0758976 -0.677702
-0.0489095 0.075846 0.782721
-0.055622 0.075846 -0.709689
-0.00658709 0.0556096 0.990515
-0.00420592 0.0355981 -0.688395
0.0195172 0.0617917 -0.506769
0.00437957 -0.0214349 -0.30456
-0.0405142 0.0636439 0.166836
-0.00420592 0.03868 0.0325982
0.00437957 0.0240295 0.643973
-0.00424 0.0488469 -0.774118
-0.00420592 0.0110743 -0.426476
0.0569091 0.065263 -0.109937
0.0304853 -0.0628028 -0.640184
0.0430649 0.075846 0.194728
0.00437957 -0.01229 -0.792392
0.0173311 -0.061652 0.851487
0.00437957 -0.0227522 0.858973
-0.00802547 0.075846 -0.759061
-0.00420592 0.0397956 0.782526
-0.042568 -0.0638751 -0.724734
-0.0213806 0.075846 0.0809454
0.049097 -0.0758976 -0.552502
-0.00420592 0.0106561 0.730453
-0.045699 0.0640975 0.612174
0.0562449 0.075846 -0.0785298
0.0380125 0.075846 0.447129
0.0557375 -0.0650121 0.919908
-0.00120562 -0.0758976 -0.281932
0.0573038 -0.0758976 -0.970861
-0.00420592 0.0287157 -0.20795
0.00437957 0.0397803 -0.64105
0.00437957 -0.011784 0.608486
0.032001 0.075846 -0.083888
-0.00748843 -0.0758976 0.282294
0.0180157 0.0616603 -0.129468
-0.00420592 0.0162941 0.850696
0.0164715 -0.0615694 0.588552
-0.0309964 0.075846 -0.883725
0.0288298 0.075846 -0.654112
0.00907015 0.075846 -0.812151
0.00437957 -0.0283051 -0.498789
0.0052849 -0.0528358 0.594721
-0.0101056 0.075846 -0.885921
0.0482391 -0.0758976 0.516775
-0.00420592 -0.0247783 -0.0208993
0.0196491 0.075846 -0.848777
0.00975083 -0.0758976 -0.594016
-0.0136501 -0.0609803 0.626126
-0.00420592 0.0398155 0.811751
0.0244029 -0.0758976 -0.34538
0.0124519 -0.0758976 -0.983541
0.0579938 0.075846 0.434761
0.00437957 0.0381249 0.380808
-0.0165145 -0.0615937 0.120631
0.00527136 0.0527487 -0.986294
0.0148666 0.0612267 0.204543
-0.0579137 0.0661271 -0.794103
-0.00420592 -0.00354355 -0.341523
-0.00420592 0.0115094 -0.393052
-0.0145572 0.075846 0.897944
0.0540791 0.075846 -0.55534
0.0412892 0.075846 0.256287
0.00437957 -0.0440312 -0.643815
0.00437957 -0.00228553 0.965118
-0.0421978 -0.0638427 -0.683507
0.0095045 -0.0586335 0.38032
0.00437957 -0.0255786 0.885868
0.054583 -0.0649111 -0.217949
-0.0537639 0.075846 -0.167689
-0.00471279 -0.0758976 0.213592
0.00437957 -0.0196346 0.926872
0.0118337 0.0600957 -0.771249
-0.0286348 0.075846 0.920333
-0.0221781 0.0620397 0.868235
0.0326573 0.0629413 -0.862659
0.0154503 -0.061407 -0.0592417
-0.019793 0.075846 0.33348
-0.00420592 -0.0409725 0.424651
-0.0266843 -0.0624855 0.388066
0.0441754 0.063949 -0.255248
-0.0101075 0.075846 -0.802136
0.0489897 -0.0644217 -0.739666
0.0435278 -0.0639439 0.335951
-0.0219511 0.0620198 -0.917281
0.0279107 -0.0758976 -0.152735
-0.0260238 0.0623761 0.17715
0.0140077 0.0609878 0.356414
-0.0232283 0.075846 0.537217
0.00456383 0.0501222 -0.0717055
0.00437957 -0.000241031 0.701488
-0.0473074 0.075846 0.6755
-0.0112063 -0.059903 0.268858
-0.00588 0.075846 -0.0373024
0.0461708 -0.0758976 0.353312
0.0133255 0.0607541 0.936018
-0.0278045 0.0625319 -0.723398
0.0171886 0.075846 -0.735859
-0.00420592 -0.0183917 -0.0721924
-0.00420592 -0.0213024 0.785431
0.033717 0.063034 -0.825048
0.00495912 0.0518278 0.305092
0.00437957 -0.00409885 0.811615
-0.0177605 0.075846 0.500086
-0.016165 -0.0615527 -0.985278
-0.00420592 -0.0212365 -0.145344
0.00437957 -0.0393897 0.556141
-0.00643943 -0.0554397 -0.604675
0.00599306 0.0543393 -0.8234
0.00437957 -0.0374016 -0.953173
-0.0259421 0.075846 -0.62786
0.00996743 -0.0589901 0.918294
0.00437957 0.00744893 0.809109
0.00437957 -0.00847231 -0.218668
0.0589873 0.0741876 0.536915
0.0126594 0.0604862 -0.848835
-0.0280313 0.0625518 0.214635
0.00437957 -0.0451928 0.338987
0.0589873 0.0710761 -0.505407
-0.0416069 -0.0758976 0.306534
0.0479048 0.0642753 0.341241
0.00437957 0.000312844 -0.766797
-0.0588088 0.075846 -0.648067
-0.0043875 0.050106 -0.720463
0.00437957 0.0372801 -0.307199
0.0589873 -0.0688856 -0.53615
0.00437957 0.00647056 0.34745
-0.0587605 -0.0679242 -0.392905
-0.00686409 -0.0560532 0.080954
0.00437957 -0.0143917 -0.375603
0.0206459 0.0618904 0.621271
0.0287347 -0.0626496 0.414988
0.00437957 -0.0305421 -0.897801
-0.0536914 -0.0648483 -0.963268
-0.00469195 0.0515016 0.920915
-0.0479259 0.075846 0.709274
0.0415838 0.0637222 0.502915
-0.0132358 0.060785 0.547347
0.0584684 -0.0758976 -0.745903
0.00437957 0.0394763 0.630912
0.0203036 0.0618605 -0.717994
0.00437957 -0.0135047 0.360242
0.0589873 0.075366 0.154547
0.00437957 -0.0342374 -0.0551399
-0.0398495 -0.0636373 -0.497563
-0.010029 0.075846 -0.908634
0.046759 -0.0758976 0.465097
0.0330456 0.0629753 -0.520394
0.0182325 0.0616793 -0.560657
0.00437957 -0.0123897 -0.877512
-0.00420592 0.0191571 0.96496
-0.0269194 0.075846 0.0396215
-0.00420592 0.0478427 0.945298
-0.00420592 0.0318741 -0.967453
0.0294774 0.075846 -0.00328472
0.0486353 0.075846 0.696017
0.00437957 -0.0127671 0.131565
-0.00420592 0.0409657 0.159452
0.0277017 -0.0758976 0.460755
-0.0509687 0.075846 -0.246854
-0.00441727 0.0502802 -0.380682
-0.0387193 -0.0635384 0.596393
-0.0340442 -0.0758976 -0.89514
-0.0460293 0.0641264 0.477257
0.0169936 -0.0616224 0.396091
0.0194962 0.075846 0.0845187
0.0111959 -0.0597976 0.980413
-0.00420592 0.0466767 0.642904
0.0345303 0.075846 -0.357678
-0.0418897 0.0637642 0.696757
-0.00420592 -0.018474 -0.995395
0.0310155 -0.0758976 -0.196844
-0.0360408 0.0632525 0.0478823
-0.00420592 -0.0186558 -0.790129
0.0273844 -0.0758976 0.478806
-0.0506821 0.075846 0.388462
-0.0420499 0.0637782 0.676114
0.00437957 0.0212854 -0.0029223
-0.00420592 -0.014956 0.534915
0.00437957 -0.0328109 -0.411634
0.00437957 -0.0294826 0.838997
-0.00420592 -0.033917 0.474997
-0.0266959 0.075846 -0.465166
0.00437957 -0.0196643 -0.130008
-0.00420592 -0.00554534 -0.050206
-0.00420592 0.00138534 -0.741439
-0.0588137 0.0746761 -0.127417
-0.0461222 0.0641345 -0.127555
-0.0310161 0.0628129 0.423219
-0.00420592 -0.0298376 -0.995079
-0.0183057 -0.0617524 -0.346932
0.0287529 0.075846 0.593205
0.0141152 -0.0758976 -0.925766
0.00437957 0.00500387 0.303486
0.00437957 0.00158079 0.5296
-0.00420592 -0.0218911 0.0576618
-0.0572016 0.0655175 -0.220961
0.00437957 -0.00821019 -0.278386
0.00457767 -0.0502559 0.440269
0.0246313 0.075846 -0.402053
0.0350925 0.0631543 -0.301
0.00437957 -0.00770308 0.937571
0.00286452 -0.0758976 0.944482
-0.0582548 0.066576 -0.209883
0.0387981 0.075846 -0.898337
0.0537029 0.075846 -0.0303453
-0.012999 0.075846 -0.678188
-0.00420592 -0.022374 0.126212
0.0201728 0.075846 -0.439098
0.0485775 0.0643341 -0.318869
-0.0503249 0.0645022 -0.483309
0.00437957 0.0114808 0.123949
0.00437957 0.0278446 -0.220441
-0.0450174 0.0640378 -0.449535
-0.0587881 -0.0681106 -0.586752
0.0152997 0.0613248 -0.39593
0.0349026 0.0631377 -0.583633
-0.00420592 0.040781 -0.46482
-0.00163409 0.075846 0.226511
-0.00420592 -0.0460659 0.764089
-0.00420592 0.0475551 -0.659677
-0.057991 0.0662165 -0.259473
-0.012976 0.075846 0.581498
-0.0269515 0.0624573 0.975917
-0.0328347 -0.0758976 -0.584014
0.00759227 0.075846 0.0667522
0.00437957 0.00748013 -0.118259
0.00437957 -0.012663 0.457374
0.00499482 -0.0519964 -0.574891
0.00437957 -0.0126373 -0.95235
0.0210427 -0.0758976 -0.0792774
0.0533778 -0.0758976 0.0383171
0.00437957 -0.00176227 -0.562149
-0.00051427 0.075846 -0.0849856
0.0333529 -0.0758976 0.736724
0.036546 0.075846 0.601114
0.0583212 -0.0664697 -0.270764
0.00437957 -0.015368 -0.815143
0.0260998 -0.0624191 0.909731
-0.00420592 0.020581 0.701173
0.0589873 0.0707351 0.940186
0.058204 0.0662645 -0.541703
-0.00420592 0.0275343 -0.369457
-0.0382603 0.0634467 -0.0537244
-0.0468955 0.075846 0.730972
0.0181457 0.0616717 -0.0274252
-0.00420592 -0.0382186 -0.0638677
0.03107 0.0628024 0.844721
0.0279003 -0.0625766 -0.259247
0.00437957 0.0107133 0.0172635
0.0256248 -0.0758976 -0.0259481
-0.00420592 -0.0287843 0.672328
-0.02308 -0.0621701 -0.820565
0.00438919 0.0483936 0.37099
-0.0215451 -0.0620358 -0.484596
0.00437957 -0.0447155 -0.0464639
0.00485723 0.0514708 0.853283
-0.00420592 -0.0267921 -0.386805
0.0310812 0.0628034 0.392323
0.0349334 -0.0758976 0.0804988
-0.00420592 -0.0257438 0.256353
0.00437957 -0.0365458 0.412644
0.0587303 0.0671601 0.465483
0.00437957 0.0241223 -0.930992
-0.00420592 0.0210188 0.893817
0.00437957 0.00418553 0.203883
0.00963479 -0.0758976 -0.344113
-0.0400017 0.075846 0.81572
-0.00668388 0.0557499 0.0751967
-0.00420592 -0.0269772 -0.799726
0.00437957 -0.0332915 0.977262
0.0584045 -0.0665906 0.717124
-0.00420592 0.0225605 -0.680322
0.0513894 0.075846 0.0760792
0.00437957 0.00435861 0.46631
-0.0257072 -0.0758976 0.399474
0.00437957 -0.0300527 -0.454854
-0.0361654 -0.0633149 -0.0581538
-0.0428374 -0.0758976 -0.209781
-0.0291303 0.0626479 -0.362601
0.0118069 -0.0601334 0.465885
0.00822426 0.075846 -0.482706
-0.0569359 -0.0654129 0.341868
-0.0473098 -0.0642899 -0.740673
0.0588357 0.0674591 0.303409
0.0208156 0.075846 -0.474729
0.0122287 -0.0603425 0.308397
0.00437957 -0.0232501 0.759138
0.0258179 -0.0758976 -0.285761
0.0497078 -0.0758976 -0.0969707
0.00964652 -0.0587463 0.542401
-0.0218298 -0.0620607 -0.125125
0.00437957 -0.00152768 -0.0058598
-0.00420592 0.0298252 -0.111347
0.0126014 -0.0605125 -0.603349
-0.0252401 -0.0623591 0.404391
-0.00420592 0.0377469 -0.916243
-0.0582072 -0.0665552 0.637667
0.033592 0.0630231 0.407623
-0.0223727 0.0620567 0.797809
-0.0371946 0.075846 -0.176173
-0.0443003 -0.0640267 -0.573836
0.00437957 -0.0240416 0.632394
-0.00567232 0.0540554 0.622618
0.014301 0.075846 0.630116
0.019795 -0.0758976 -0.364828
-0.0588137 0.0752081 0.591773
0.00437957 0.0127529 -0.692026
0.0486341 0.075846 0.584234
-0.00420592 -0.0228562 -0.893173
0.0589839 -0.0683785 0.426162
-0.0486231 -0.0758976 -0.91148
-0.0545371 0.0648707 -0.63436
-0.00420592 0.0420565 -0.291905
-0.0212768 -0.0758976 -0.299832
-0.0232232 0.075846 0.859326
-0.00342746 0.075846 0.554542
-0.0165643 0.075846 -0.167526
-0.00794627 0.0573017 0.378027
-0.00420592 0.0395448 0.130889
-0.0588137 -0.0753679 -0.115336
0.0586937 0.067073 -0.0631602
-0.0215716 -0.0758976 -0.221354
0.00437957 0.0305803 0.132615
0.0150273 -0.0613164 0.0773465
-0.00420592 -0.0131511 -0.448952
0.00438392 0.0482254 -0.651634
0.00437957 0.00561985 -0.0769874
0.00437957 0.0158686 -0.775543
-0.0533227 -0.0758976 -0.369899
-0.0469503 0.075846 0.082078
0.00437957 0.0417192 -0.520151
0.0333816 0.0630046 0.956707
0.00346197 0.075846 0.254518
-0.00420592 0.0028484 -0.889449
-0.00420592 0.030332 0.661591
0.0485294 -0.0758976 0.865478
-0.013411 -0.0608992 0.329948
0.00437957 0.0346606 -0.0444742
0.0110929 -0.0758976 -0.29341
-0.0269821 -0.0625115 0.91863
0.0058475 -0.0758976 0.231595
-0.014665 -0.0758976 0.892643
0.00437957 0.0233901 0.762985
0.0141818 -0.0610927 -0.21794
0.00570408 0.075846 -0.227591
0.00295014 -0.0758976 -0.177525
-0.0586634 -0.0675153 0.963137
-0.00960551 -0.0588488 0.899749
0.0337214 -0.0758976 0.357879
0.0519316 0.0646276 0.838552
-0.0266052 -0.0624785 0.895799
0.0589873 -0.0747109 0.829012
-0.00420592 -0.00195952 0.0212583
0.0330255 -0.063025 0.81334
0.00437957 -0.0335347 -0.336971
-0.0573933 0.075846 -0.981421
0.0161487 0.061475 0.319712
-0.0482137 0.075846 0.407298
-0.0340565 -0.0758976 -0.47102
0.0589873 0.0758293 -0.939242
0.00437957 -0.0324787 -0.0684034
0.0140204 -0.0758976 0.295933
0.00806286 0.075846 -0.648685
0.00437957 -0.0454136 0.303982
0.00437957 -0.0308533 -0.113386
0.00444593 0.0492284 -0.287369
0.00583198 -0.054079 -0.744015
0.0353713 -0.0758976 -0.44901
0.0453443 0.0640512 0.104917
-0.0196355 -0.0758976 -0.0267994
0.0533146 0.075846 -0.140295
0.00437957 0.00951856 0.413054
0.00437957 -0.0227843 -0.438206
-0.0436386 -0.0758976 -0.86013
0.00718164 -0.0758976 0.218484
0.00437957 -0.0443438 0.158336
-0.0349025 0.075846 -0.557197
0.0493799 -0.0758976 -0.769506
0.00437957 -0.032237 0.465582
0.0251165 -0.0758976 0.401956
-0.00420592 0.0321561 -0.891092
-0.00420592 -0.00201987 0.633262
0.00437957 0.0386532 0.178829
-0.0486059 -0.0758976 -0.728892
0.00437957 0.0193259 -0.399671
-0.0360573 0.0632539 -0.937079
0.00437957 0.0149593 0.696774
0.0121268 -0.0758976 0.19802
-0.0389434 0.0635064 0.586723
0.00437957 0.0380624 0.937571
0.0515271 -0.0646437 -0.23293
0.0480494 0.075846 -0.119251
-0.00420592 -0.0176755 0.475543
-0.0584722 0.0669676 0.958778
-0.0425183 -0.0758976 -0.306451
0.0483706 -0.0758976 -0.0326145
-0.0311401 -0.0758976 -0.163224
-0.0042367 0.0487989 -0.0376561
-0.012676 -0.0606185 -0.911251
-0.00885722 0.075846 0.3537
-0.00420592 -0.0447181 -0.78738
-0.00420592 0.0428968 0.521241
-0.00420592 0.0166999 -0.983492
0.00437957 -0.0171834 -0.61114
-0.0422687 0.0637974 -0.635462
-0.00420592 -0.00357374 0.185963
-0.00415344 -0.0758976 0.0978919
-0.0281813 -0.0758976 0.0501425
-0.0365573 -0.0633492 -0.0362792
-0.00420592 -0.0460444 -0.201501
-0.0521737 0.075846 0.484432
0.0500127 0.0644597 0.663937
0.0177041 0.075846 -0.68118
0.00440571 0.0487269 -0.405933
-0.0238181 0.0621831 -0.764113
0.0114117 0.075846 0.506455
0.00437957 0.0449812 -0.996501
-0.00420592 -0.037893 0.271903
0.00675595 0.0556026 -0.377229
0.00588331 -0.0541805 -0.0606373
0.0367818 -0.0758976 -0.396261
-0.00420592 0.0239325 0.3591
-0.0147426 0.0612387 -0.34142
-0.052361 -0.0647319 -0.945412
-0.00420592 -0.0266147 -0.130195
-0.00420592 0.0377612 0.716475
0.0513176 0.0645738 0.61285
-0.00420825 -0.0481844 -0.532886
0.0511134 0.075846 0.5185
-0.00420592 -0.0420714 -0.946644
0.0317819 -0.0629162 -0.428222
-0.00420592 0.013036 -0.965111
-0.00420592 0.0264536 -0.167751
0.00437957 -0.0308533 0.919992
-0.00420592 -0.0279922 0.51852
0.00437957 -0.0133318 -0.698257
-0.00420592 -0.033773 -0.985251
-0.0539299 -0.0758976 -0.00879099
-0.0167605 -0.0758976 -0.99604
0.0218289 0.0619939 -0.418967
-0.023466 0.075846 0.959975
-0.00420592 -0.0473323 0.739062
0.0377084 -0.0758976 0.842158
-0.0574504 0.0656945 -0.179148
-0.00420592 0.0439037 0.350433
-0.0300884 0.0627317 0.0146261
-0.00420592 -0.0297707 0.303747
0.0556937 -0.0758976 0.30552
0.0272055 -0.0625159 0.436301
0.0201325 0.0618455 -0.878087
-0.0583063 0.0666587 0.767783
-0.00420592 -0.0349152 -0.695871
0.00437957 0.00102087 0.5401
0.00437957 0.0265752 -0.243998
-0.0248425 -0.0758976 0.787165
-0.00420592 0.0353305 -0.406304
0.0491211 -0.0758976 -0.280514
-0.00591303 0.0545121 -0.0174036
0.00437957 -0.00023179 -0.674951
0.0279933 0.0625332 -0.264015
-0.0580092 0.0662385 -0.65511
-0.0211074 0.061946 0.889701
0.00437957 -0.00914741 0.0649779
-0.0348486 -0.0631997 0.545046
-0.00420592 -0.00360046 0.655488
0.0270714 -0.0758976 0.755178
0.0454145 0.075846 -0.517202
0.0403715 0.075846 -0.567252
-0.0344834 -0.0631678 -0.9481
-0.0064841 -0.0555077 -0.477479
0.00437957 0.0393129 0.33275
0.0358821 -0.063275 0.687183
0.00437957 0.0142504 -0.874136
0.0586705 -0.0758976 0.751735
0.0437279 0.075846 -0.713649
-0.0139195 0.075846 0.223178
-0.0219415 0.075846 0.37074
-0.00420592 -0.03297 0.737656
-0.00420592 -0.0360749 0.581472
-0.00420592 -0.00165847 -0.224641
-0.0588137 -0.0754716 0.353047
-0.00782098 -0.0758976 0.302398
-0.0455709 -0.0641378 -0.0679349
0.0349442 0.0631414 0.62684
0.0589647 0.075846 -0.638838
-0.00420592 -0.026255 -0.869935
0.0234039 0.075846 -0.169939
0.0174495 -0.0616623 -0.566386
0.00611206 -0.0758976 0.882853
-0.00420592 -0.00776524 -0.182247
0.0405494 0.075846 -0.291062
0.00437957 -0.00949087 0.320157
-0.0586112 -0.0673557 0.544983
0.0230338 0.075846 -0.389675
-0.00420592 0.0226225 -0.337277
0.0415608 0.0637202 0.676501
-0.00420592 0.00886247 -0.710357
-0.00420592 0.0313985 -0.600876
-0.0383147 -0.063503 0.113868
0.00437957 -0.00985648 0.878488
-0.0443573 -0.0758976 0.349677
-0.0234066 -0.0758976 -0.530473
-0.00977134 -0.0758976 0.671474
-0.0472949 -0.0642887 -0.400886
-0.00420592 -0.0208569 0.801809
-0.0337267 -0.0631016 -0.318792
0.0210355 0.075846 -0.819265
0.00437957 -0.0210663 0.556453
0.0107219 0.0594566 -0.513414
0.00437957 -0.0425912 -0.875186
0.0489361 -0.0758976 0.182301
0.03659 0.0632853 -0.2084
0.0278498 -0.0758976 0.224929
-0.0251968 0.0623038 -0.268671
0.00437957 -0.0180619 0.486474
-0.00420592 -0.0290518 0.903454
0.00981452 -0.0758976 -0.702017
0.017765 -0.0616899 -0.784107
0.00437957 -0.0417198 -0.864534
0.00437957 0.037344 -0.179957
-0.0335801 0.075846 -0.861097
-0.0477198 -0.0758976 0.0553232
0.0321418 0.0628962 -0.421845
0.0311456 0.075846 -0.0542666
-0.0567627 0.0652754 0.237719
-0.0305093 0.0627685 0.997742
0.00437957 0.00929649 0.687843
0.00437957 -0.0348834 0.181866
-0.0527058 -0.0758976 -0.543095
-0.00420592 -0.0346207 -0.395716
0.0356124 -0.0758976 -0.251709
-0.00420592 0.034515 0.846331
0.00740955 0.0564859 -0.341203
0.00437957 -8.34007e-05 -0.960369
0.0486343 0.075846 0.0555229
-0.0183127 0.0617015 0.0492212
-0.00552758 -0.0758976 0.916233
0.0405338 0.0636304 0.901261
-0.0258802 0.075846 -0.917779
0.00437957 0.0448669 0.741974
0.0233196 -0.0758976 0.619177
-0.053343 -0.0758976 -0.855632
0.0384946 0.063452 0.0194271
-0.0491916 0.064403 -0.00354566
-0.00420592 0.0377774 -0.388468
-0.00747916 0.05678 0.116334
-0.00420592 0.0266666 -0.0509591
-0.0265008 0.075846 0.698789
-0.00420592 -0.00603107 0.869624
0.00437957 0.00193542 -0.919936
0.0410097 -0.0637236 0.59471
0.00539324 -0.0531103 0.267929
0.00437957 0.0232749 -0.543275
-0.0177717 -0.0617057 -0.408143
0.0237965 -0.0758976 -0.856861
-0.00420592 -0.0179562 0.607229
-0.0143307 -0.0611848 -0.693836
0.00437957 0.0451608 -0.361604
-0.0392805 -0.0758976 0.31744
-0.0435952 -0.063965 0.0975752
-0.0184628 -0.0617662 0.376971
-0.0248689 0.075846 -0.668336
0.0126461 0.0604805 0.728934
-0.0153379 -0.0758976 -0.726866
-0.00420592 0.0172587 0.189729
0.00437957 -0.0038445 0.511027
-0.0534883 0.075846 0.873199
-0.00420592 0.0138419 0.679393
-0.0566645 -0.0758976 0.232248
0.024058 0.075846 -0.911516
0.00495061 0.075846 -0.927838
-0.057335 -0.0656599 -0.382853
-0.047849 -0.0758976 0.444735
-0.00483105 -0.0520282 -0.0302257
-0.0260276 -0.062428 0.532045
0.0520012 -0.0758976 -0.518536
-0.0158308 0.0614533 -0.537298
0.0359736 0.0632314 0.486136
-0.00420592 0.0351325 0.833222
-0.0351217 0.0631721 -0.603847
0.00437957 0.0170716 0.732913
0.00437957 -0.0107653 0.253092
-0.00420592 -0.0295722 0.0339344
0.0342834 0.075846 0.233258
-0.0420489 -0.0758976 0.781451
-0.0588137 0.0747854 -0.774841
0.00437957 -0.0364814 0.44257
0.0586091 -0.0669442 0.0809499
-0.0341925 0.0630908 0.35233
-0.00420592 0.0136325 -0.446661
-0.00421602 0.0484065 0.220238
-0.00442105 -0.050353 -0.730042
-0.00420592 0.0221111 -0.225337
-0.00420592 -0.043568 -0.324141
0.00437957 -0.0291136 -0.265011
0.0371708 -0.0758976 -0.807956
-0.0331578 0.0630003 0.44973
0.0265763 -0.0758976 0.120783
-0.00486227 0.0520753 0.449313
0.0164763 -0.0758976 -0.943947
-0.00420592 0.0466588 0.66383
0.0588962 0.0676859 0.685043
-0.0588137 0.0743178 0.2586
0.00731014 -0.0758976 0.351481
0.0485604 0.075846 -0.00510297
-0.0384202 -0.0758976 0.475138
-0.0290806 0.075846 -0.245613
-0.00420592 -0.0338096 0.959584
0.0575394 0.0656306 -0.198456
0.0151344 -0.0613406 0.359783
0.00437957 -0.0270974 0.530032
-0.00420592 -0.00620813 0.0473376
0.0569924 -0.0758976 -0.678211
0.00437957 -0.0168704 -0.32711
0.0200012 -0.0758976 -0.792278
-0.00420592 -0.0154351 0.0896473
-0.00033974 0.075846 0.861585
-0.0585756 0.0672081 -0.883562
-0.0146651 0.075846 0.679385
-0.00420592 0.0104044 0.0504364
0.0168518 -0.0616099 -0.539047
0.00437957 -0.0107642 0.227828
0.0134644 0.075846 0.385194
-0.0574051 0.0656598 0.221125
0.0460968 0.0641171 0.436127
-0.0030769 0.075846 0.802305
-0.0503957 -0.0645599 0.264312
-0.049389 -0.0644719 0.4563
0.00437957 0.0174787 -0.4277
0.0337462 -0.0758976 0.13817
0.00437957 -0.0462979 0.822576
-0.0189261 -0.0618067 0.767508
-0.00420592 0.00693219 0.243323
-0.00859903 0.0579494 0.970416
-0.00420592 0.0267741 0.904029
0.00442609 -0.0490609 -0.703822
-0.00420592 0.0154882 0.583863
-0.0070034 0.075846 -0.422038
0.0496928 -0.0644832 0.117014
0.00437957 -0.0370848 0.495146
0.0589873 -0.0752225 -0.616089
-0.00516807 -0.0529819 0.0176685
-0.0109587 -0.0758976 -0.476928
0.00437957 0.0270172 0.0390851
0.0486102 -0.0758976 -0.81185
-0.00420592 -0.02555 0.191075
-0.0119521 0.0602416 -0.898439
0.00440437 0.0487049 -0.632565
0.00437957 0.0467895 0.599369
-0.0327691 0.0629663 -0.697901
0.00437957 -0.000980734 -0.789427
0.00437957 0.0419159 -0.676649
-0.0384055 -0.0635109 0.194003
-0.00420592 0.00651139 -0.62102
-0.0358202 -0.0632847 0.585595
0.00437957 0.0317569 0.344133
-0.00852389 -0.0758976 0.979061
0.00437957 -0.0342276 -0.288715
-0.00420592 -0.0366195 -0.20663
-0.00420592 -0.0378589 -0.0378971
-0.00420592 -0.00311886 -0.169435
-0.0526364 -0.064756 0.135081
0.00437957 0.0301433 0.683279
-0.00420592 0.0318463 0.758354
0.00437957 0.00445539 0.0847082
-0.0356206 -0.0632673 -0.975023
0.00437957 0.0287404 0.00513315
0.0231023 0.0621053 0.867098
-0.00441235 0.0502523 -0.735927
0.0580017 0.0660348 -0.889609
0.0519309 0.0646275 -0.128592
0.0375271 -0.0758976 -0.638371
0.0431229 -0.0758976 0.408513
0.0520402 0.0646371 0.972154
-0.00420592 -0.0299869 0.292325
0.0220024 0.075846 -0.725875
0.0111023 0.075846 -0.552753
0.00437957 0.0258086 -0.828757
0.00437957 -0.0407812 0.0757557
-0.0430184 0.063863 0.630513
-0.00420592 0.0334354 -0.986878
0.0301246 0.0627197 -0.571724
0.0465259 0.0641546 -0.640538
0.058707 0.075846 -0.41935
-0.05683 0.0653074 0.36245
-0.0349103 -0.0632051 -0.112899
-0.055258 0.0649338 0.929662
0.0393451 0.075846 -0.787331
0.0265892 -0.0758976 -0.176513
0.0049256 0.0517143 0.0293678
-0.00420592 -0.0306814 -0.175699
-0.00481515 0.0519254 0.158292
0.0468683 -0.0758976 0.29161
-0.00420592 -0.0369375 0.236543
0.0162952 0.0614954 0.340776
0.0132011 0.0607072 0.550993
-0.0140655 -0.0758976 -0.788013
-0.00420592 -0.0477197 0.905102
0.00437957 -0.0131103 0.621913
0.0565103 -0.0651625 0.166336
-0.0571183 0.0654652 0.691032
0.00437957 -0.00128794 -0.618613
0.00762947 -0.0568041 0.733596
-0.0570299 -0.0758976 -0.568215
0.0211518 -0.0619862 0.484781
-0.0164874 0.075846 -0.94253
0.0226837 -0.0621203 -0.609226
-0.0296272 0.075846 0.321083
-0.025274 0.0623105 -0.968542
0.00535667 0.052968 0.471085
-0.0177663 0.075846 0.609408
-0.00420592 0.0472019 -0.564277
0.00437957 -0.0188556 0.65393
0.0289791 -0.062671 0.946835
0.00437957 0.00899669 0.761318
-0.0226371 -0.0758976 0.609694
0.0256322 -0.0758976 0.171328
-0.00420592 -0.0309489 -0.434221
-0.0507328 -0.0645894 -0.24746
-0.0441666 -0.064015 0.421223
0.00437957 -0.0246119 -0.668212
0.00437957 0.0256217 0.655008
-0.00420592 -0.0384641 0.969855
-0.00420592 0.0274254 -0.250616
-0.0213772 -0.0758976 -0.108682
0.0525315 0.06468 0.818618
0.0368252 0.0633059 -0.646251
0.0169813 0.075846 0.872575
0.00437957 -0.00509828 -0.121133
-0.00420592 -0.0169048 0.966308
0.0477755 0.075846 -0.0567208
-0.00420592 -0.0265238 -0.2944
-0.0492009 0.075846 0.923345
-0.00420592 -0.037177 0.0687836
-0.0261065 -0.0758976 0.642684
0.0184789 -0.0758976 -0.42511
-0.0487411 -0.0758976 -0.820521
-0.0577953 0.075846 -0.452158
0.02931 -0.0627 -0.87599
0.0238043 -0.0622183 0.200079
-0.027895 0.0625398 0.817357
0.00437957 0.0227526 0.142292
-0.00426016 0.0490993 -0.537072
-0.0494901 0.075846 0.959562
-0.0575168 0.0657474 -0.993915
-0.0468632 0.0641993 -0.61536
0.00449548 -0.0497121 0.953798
-0.00420592 0.0281307 -0.698028
0.0589784 -0.0682847 -0.207689
0.0589873 -0.0754692 -0.412552
-0.00882557 -0.0582065 -0.676075
-0.0157264 0.075846 0.871804
-0.0213491 0.075846 -0.00652207
0.0515042 -0.0646417 -0.324888
-0.0151562 0.061331 -0.578535
0.0511294 0.075846 -0.352925
0.00425722 -0.0758976 -0.512834
-0.00420592 -0.013952 0.392914
-0.00420592 0.0416823 -0.897914
-0.0527808 0.0647171 0.132209
0.0381496 -0.0634733 -0.286336
0.00437957 -0.0319696 -0.590558
0.00437957 0.0186711 -0.654304
0.00437957 -0.0427079 0.912063
0.0485901 -0.0758976 0.0946699
-0.0365606 -0.0758976 -0.837447
0.0589873 0.0691679 -0.226748
-0.0247534 0.075846 0.902863
0.00437957 0.037237 -0.142475
0.00437957 0.041852 0.414941
-0.0561667 0.075846 -0.689164
-0.00420592 -0.0428656 -0.6251
0.0499665 0.075846 0.812718
-0.00975719 -0.058963 -0.376656
-0.00420592 0.00642656 -0.196992
-0.00113514 0.075846 -0.993451
-0.00760111 -0.056973 0.0500183
0.00437957 0.0286489 0.0855549
0.0436192 -0.0639519 0.882185
0.0586489 -0.0758976 -0.265886
-0.0213481 -0.0758976 0.565629
-0.0588137 -0.0703288 0.886268
-0.00420592 -0.00406783 0.375841
-0.0122213 -0.0758976 0.703739
0.0572316 -0.0654807 0.933031
-0.00420592 0.0245424 0.405324
0.0271265 -0.0625089 0.876529
-0.0393636 -0.0635947 0.47728
-0.0588137 -0.0687943 -0.785956
0.00884155 -0.0580644 -0.72255
0.00437957 0.030678 -0.517932
-0.00608614 0.0548168 0.908758
-0.0588124 -0.0758976 -0.10126
0.0584952 0.0666842 -0.654922
-0.019901 0.075846 -0.700298
-0.00420592 -0.00151636 -0.984221
-0.0177522 0.075846 0.648976
-0.0285649 0.0625984 0.726858
-0.0160613 -0.0758976 -0.662308
0.0192544 -0.0618202 -0.128846
-0.00420592 0.00092021 0.319311
0.00437957 -0.00576846 -0.7435
0.0589873 0.0757595 0.824851
-0.026393 0.075846 -0.797561
-0.00420592 0.000475377 0.101863
-0.00420592 0.0308763 -0.482901
0.00437957 0.0255712 -0.59299
0.0439128 -0.0639776 -0.803626
-0.00420592 0.00131047 -0.0394601
0.0506404 0.075846 0.0913968
0.00437957 0.0252706 0.246202
0.0087998 0.075846 0.12937
-0.00420592 -0.0343724 0.619888
0.00437957 -0.0477908 0.392687
0.012955 0.0606101 -0.946731
0.0482442 0.075846 0.501667
-0.00420592 -0.0390581 -0.380926
0.0209742 0.075846 -0.306622
0.0589873 0.0704189 -0.207292
0.00437957 -0.0376053 0.80656
0.00437957 0.0295697 -0.102056
-0.0129951 -0.0607463 0.203571
0.0550741 -0.064954 0.798361
-0.00420592 -0.0214974 0.842111
-0.00420592 -0.0274051 0.41925
0.0563837 0.075846 -0.317816
0.00437957 0.00192176 0.338377
-0.0271735 0.075846 0.626966
-0.0351662 -0.0632275 -0.907517
0.00494516 0.051781 0.410487
0.00402426 -0.0758976 -0.822096
0.0202888 -0.0619107 0.824425
0.00437957 0.0368047 0.564323
-0.0588042 -0.068277 0.116245
-0.0244956 -0.062294 -0.368427
0.033277 -0.063047 -0.783576
0.0476118 0.0642496 -0.779814
-0.00259324 -0.0758976 0.572286
0.00437957 0.0255596 -0.412664
0.0497155 -0.0644852 -0.687241
-0.00420592 -0.0335527 -0.13931
0.00437957 0.043304 0.24456
0.0589873 0.0745104 0.0215895
-0.0272973 0.0624875 -0.677359
0.00437957 -0.0204396 -0.406542
0.0339844 -0.0758976 -0.528563
-0.0214813 -0.0758976 0.902457
0.03098 -0.0758976 0.389194
-0.043195 0.0638784 -0.137252
0.0572012 -0.0654632 -0.904466
-0.0156952 0.0614315 -0.474997
0.00437957 0.0273178 0.509728
0.0117894 -0.0601244 0.0940805
-0.00420592 0.0380647 -0.543408
-0.033843 -0.0631118 0.509974
0.00437957 0.0450584 0.210459
-0.0376669 -0.0634463 0.523795
-0.0303044 -0.0628022 -0.648889
0.00316122 0.075846 0.936951
0.0169219 0.0615646 0.829952
0.0529184 -0.0758976 0.85589
0.00437957 -0.0407028 -0.892901
0.00437957 -0.0162262 -0.844995
-0.0310402 -0.0758976 0.956862
-0.0122533 0.075846 0.0660364
0.00437957 0.0152204 -0.582275
-0.00420592 -0.012224 0.12623
-0.0261942 -0.0758976 -0.358492
0.0426035 -0.0758976 -0.96932
0.0479675 -0.0758976 -0.574051
0.00437957 -0.042037 -0.22077
0.00437957 -0.0290729 0.945208
-0.00420592 0.022585 0.568127
0.00437957 -0.031587 -0.720548
0.00437957 -0.0405122 -0.187304
0.00721515 0.0562383 -0.577525
0.0578176 0.0658565 0.015811
0.0312995 -0.062874 0.318753
-0.00420592 0.0433565 -0.0778056
-0.00772507 -0.0571129 -0.244687
-0.0252491 0.0623083 0.775944
-0.0462778 -0.0641997 -0.869778
-0.00420592 -0.0139642 -0.570179
-0.0302767 0.075846 0.795106
-0.00420592 -0.00163254 -0.714077
0.00437957 -0.0189179 -0.140538
0.0120872 -0.0758976 0.737992
-0.0216137 0.0619903 0.0300569
0.00437957 -0.0232683 0.21923
0.00445901 0.049355 -0.684532
0.00437957 -0.0398938 0.221554
-0.0477987 0.0642812 -0.439824
-0.00420592 0.0126839 0.0832453
0.00437957 0.0439212 0.0485431
0.0558228 -0.0650201 0.844297
0.0324971 -0.0758976 0.565838
-0.000868936 0.075846 -0.74186
-0.00420592 0.00617125 -0.0484068
-0.0357609 0.075846 -0.929089
0.00437957 0.0379515 0.0383299
-0.0353067 -0.0758976 0.723958
0.00437957 0.0121126 0.262544
-0.00420592 0.0429755 0.97206
-0.0366882 0.0633091 0.900212
-0.00420592 0.045873 0.533205
-0.00420592 -0.0132697 -0.460427
0.0135798 -0.0758976 0.179533
0.00437957 0.0298061 0.114232
-0.0583258 0.0666915 0.183505
0.0508257 -0.0758976 0.647069
-0.0323491 -0.0629811 -0.846728
0.0148558 -0.0758976 0.909696
-0.0370184 0.075846 0.706886
0.0163967 -0.0615601 0.115994
0.0215528 0.075846 -0.580383
-0.00420592 0.0345069 0.300122
0.00437957 0.0128357 0.0982349
0.0183667 0.075846 0.348111
0.0507411 -0.0758976 -0.824285
0.0369312 -0.0633667 0.0544012
0.020252 0.075846 0.988618
-0.0526381 -0.0758976 0.977843
-0.00420592 -0.0448032 -0.688981
0.00526808 -0.0527915 0.47793
0.00437957 0.0170125 0.597296
0.0251719 0.075846 0.210549
-0.00688151 -0.0560769 0.723053
0.00437957 -0.0422909 0.57854
0.00437957 0.00478376 0.0352269
-0.0452706 -0.0641115 -0.888163
-0.00420592 -0.0100883 -0.430575
0.00437957 -0.0132538 -0.549719
0.0107142 -0.0595032 -0.231086
0.00437957 -0.03977 -0.927485
-0.0434683 0.0639023 0.738792
0.058641 -0.0670089 -0.0288225
-0.018307 -0.0617525 -0.606206
-0.00420592 0.0328008 0.170703
-0.00501087 0.0525131 0.240519
0.0589873 0.0692364 0.278652
0.00462071 -0.0758976 -0.312323
0.0585452 0.0667716 0.629742
-0.00572837 0.0541655 0.0175214
0.0439601 0.075846 0.794316
0.00437957 -0.0319071 -0.169877
-0.00420592 0.0359399 0.338578
-0.00420592 -0.0143252 -0.399376
-0.00420592 -0.00249029 -0.356395
0.055779 0.0649642 0.71525
0.00437957 -0.0333252 -0.156019
0.00760165 -0.0758976 -0.992363
0.0303406 0.075846 -0.0235498
0.00437957 0.0293736 0.87821
0.0589873 0.0755121 -0.61405
0.0501987 -0.0758976 -0.0509054
0.0291616 -0.062687 -0.37104
0.00437957 0.0346806 0.452771
0.012324 -0.0603873 -0.181435
-0.00420592 -0.0153931 0.11663
0.0585395 0.075846 0.262767
0.0229981 -0.0621478 0.262486
-0.0289859 0.075846 -0.228911
-0.038983 -0.0758976 -0.930729
-0.00420592 -0.0271524 -0.304583
0.0494919 -0.0644657 0.347406
-0.00420592 -0.0355632 0.358021
0.00437957 0.0416592 -0.857423
-0.0319955 -0.0629501 -0.244054
0.00437957 0.0310469 -0.403303
0.00437957 -0.0126643 -0.589788
-0.00420592 0.0453484 0.726902
-0.00420592 -0.00578702 -0.84757
-0.00420592 0.0267034 0.0299594
-0.0588137 0.071765 -0.515748
-0.035891 -0.0758976 0.27684
0.0269386 0.062441 0.379103
0.00437957 -0.0133458 -0.994412
-0.0391057 -0.0758976 -0.769297
-0.0294092 -0.0758976 0.0625474
0.00437957 -0.017244 -0.500734
0.00881581 -0.0758976 0.395463
0.0152444 -0.0613646 -0.963612
0.0116106 -0.0600299 -0.42332
-0.00420592 0.0375574 -0.660636
0.00437957 -0.0275265 0.242319
0.00487713 0.0515435 -0.790273
-0.0283473 0.0625794 -0.4344
0.0544471 -0.0758976 -0.91514
-0.00420592 0.0199487 0.421956
-0.00394214 0.075846 -0.466408
-0.00420592 -0.0137334 0.411138
0.00437957 -0.0351287 -0.246998
0.00493629 0.0517509 -0.834842
0.00437957 -0.0276918 0.349669
0.0105015 0.0593128 0.873353
-0.0510384 -0.0646162 0.773833
-0.0179443 -0.0758976 0.740726
-0.0150634 -0.061363 -0.798668
-0.0490881 -0.0644455 -0.553749
-0.00420592 0.0398784 -0.995526
0.0589379 0.0678941 0.427375
0.0353185 -0.0632257 -0.713913
-0.0120816 0.0603035 -0.982413
0.00437957 0.0313009 -0.265521
0.0494103 0.075846 -0.38461
0.00437957 0.0177461 -0.893257
0.0356895 -0.0758976 0.921173
0.0575831 -0.0657146 0.614994
0.00437957 0.0210462 -0.711442
-0.0198954 0.06184 -0.647906
-0.0272903 0.0624869 -0.857936
-0.00420592 0.0180631 0.09812
-0.026251 -0.0624475 0.282861
0.00437957 -0.00466259 0.723403
0.0353422 -0.0758976 -0.7676
0.00437957 0.0307419 -0.0781131
0.00471949 -0.0509684 -0.481725
0.00437957 -0.0224694 -0.631988
0.00437957 0.0359191 0.675002
-0.00420592 0.00909635 -0.152565
0.0451094 -0.0758976 0.242336
-0.00420592 0.0266101 -0.880178
-0.00420592 -0.0391294 0.829011
-0.00420592 0.0224245 0.464414
0.0366503 -0.0633422 0.779509
-0.00280334 0.075846 0.242702
-0.00420592 0.0477952 0.680104
-0.00420592 0.0167259 0.523444
-0.0403808 -0.0758976 0.554953
0.00437957 0.0472296 0.144972
0.051403 0.0645813 -0.74297
0.00437957 0.00027086 0.12644
0.0455229 -0.0641184 0.0980824
-0.0301469 0.075846 0.114631
0.0260179 0.0623604 -0.627882
-0.0058987 -0.0758976 -0.53373
-0.00420592 0.00489587 0.802304
0.00917643 -0.058361 -0.196451
0.0574568 -0.0656235 -0.47669
0.0154489 -0.0758976 0.209964
0.00437957 -0.0393284 0.535313
-0.00420592 0.0295482 0.932946
-0.00420592 0.026994 -0.456502
-0.014764 -0.0612953 -0.953566
0.00614411 0.075846 0.821462
0.0261364 0.0623708 -0.0587486
-0.00155929 -0.0758976 0.99984
-0.0049433 -0.0523715 -0.129391
0.00437957 0.0212586 0.915967
0.00437957 -0.0274651 -0.318325
0.00515328 -0.0524765 -0.139726
0.0386472 0.075846 0.0260296
-0.0443987 0.0639837 0.0725404
-0.0547644 0.0648906 0.450447
0.0236874 -0.0622081 -0.153531
0.00437957 0.0209856 -0.121076
0.0581641 0.0662159 -0.467234
0.00437957 -0.00843254 -0.0140437
-0.00423941 -0.04889 -0.296949
0.00438254 -0.0482166 0.0906436
0.0179562 -0.0758976 -0.00521213
0.0585284 -0.0758976 0.229022
0.00437957 -0.0118068 -0.924891
-0.0417739 -0.0758976 0.191527
0.0389009 0.0634875 -0.0616711
0.0586292 0.075846 -0.732434
0.0589873 -0.0757651 -0.251998
0.0464876 -0.0642028 0.255212
0.00437957 -0.021368 0.259335
-0.00420592 0.0385593 -0.843998
0.0220826 -0.0758976 -0.269765
0.0127617 -0.0758976 0.47588
-0.0148026 0.0612529 -0.321458
-0.00420592 0.0272012 0.211672
-0.00420592 0.0472541 -0.962002
0.00437957 -0.0122833 0.310265
0.00437957 0.0323841 0.267432
-0.0200079 -0.0619013 0.68999
0.0349493 0.0631418 -0.398154
0.00437957 -0.0308697 -0.852828
-0.00420592 -0.0241907 -0.284486
0.017016 -0.0616244 -0.434458
0.00437957 0.038446 0.917412
0.0589873 0.074214 -0.897682
0.00437957 -0.0197426 -0.384026
0.00437957 0.0354865 0.76576
-0.0534445 -0.0758976 0.764222
-0.0472611 0.075846 0.664063
-0.0271892 -0.0625296 -0.668912
-0.00420592 -0.0234581 0.428907
0.051471 0.075846 -0.801566
-0.00432327 -0.0497231 0.88411
0.00545636 0.0532112 -0.147282
-0.0335913 -0.0758976 -0.819695
0.00837306 0.0575632 -0.597393
-0.0438533 -0.0758976 0.872664
-0.00420592 -0.046359 0.457776
-0.00420592 0.0155234 -0.216385
-0.00420592 0.00353063 0.401541
-0.0573487 -0.0758976 0.91912
0.0561866 0.0650261 -0.312203
-0.0423391 0.075846 0.541801
0.0589179 -0.0678378 -0.85406
0.00528193 -0.052828 -0.28714
-0.052082 -0.0758976 -0.505222
-0.00420592 0.00153055 -0.590861
-0.0514204 -0.0758976 0.834234
0.00437957 0.0125936 0.652121
-0.0390096 -0.0758976 -0.527374
-0.0117761 -0.0602063 -0.147387
-0.0325082 0.0629434 0.633175
-0.0339336 -0.0758976 -0.262557
0.00437957 0.0213245 0.394501
0.0578486 0.0658848 0.358235
0.00437957 -0.0109693 0.572285
0.00437957 -0.0351387 -0.836179
0.00437957 0.00189421 -0.449699
-0.0316703 -0.0758976 -0.61877
0.00437957 -0.0291603 -0.749688
-0.000376206 -0.0758976 0.262653
-0.0362421 0.0632701 -0.684552
-0.0250517 0.075846 0.410762
-0.0559264 -0.0758976 -0.427359
0.00437957 -0.0366471 0.456655
0.0194288 0.0617839 -0.309125
-0.00420592 0.0151544 -0.818009
0.0527592 0.075846 -0.947161
-0.00420592 0.00740833 0.481477
-0.00420592 0.0315999 0.607355
-0.0251908 -0.0758976 0.685759
0.0420586 -0.0638153 -0.506815
0.00437957 0.00330989 -0.858425
-0.0182862 -0.0758976 -0.381693
-0.0517979 -0.0758976 -0.0940927
-0.0249317 -0.0623321 -0.759184
-0.0229244 0.075846 0.46333
-0.0281265 -0.0626116 0.23865
0.0339358 -0.0758976 -0.482579
-0.0576297 0.0658438 0.332944
-0.00420592 -0.0179111 -0.876321
0.0202887 0.0618592 -0.899396
-0.0190304 -0.0618158 0.817092
-0.0292029 0.075846 -0.527084
0.00437957 0.0423283 0.816102
0.00437957 -0.0467813 0.875726
0.0120586 0.0602088 0.239652
0.047287 -0.0758976 0.767708
-0.00420592 -0.00369463 0.239689
0.00437957 0.0335145 -0.451529
0.054963 0.075846 0.668444
0.00437957 0.0081146 0.707883
0.00437957 0.0112485 -0.673011
0.00437957 -0.0215201 -0.180856
0.00834735 -0.0758976 0.769306
-0.00202101 0.075846 -0.308246
-0.00058394 0.075846 -0.816849
0.00437957 -0.0315115 0.143949
-0.0222881 -0.0621008 -0.778923
-0.0298017 0.0627066 0.26448
-0.0330263 0.0629888 0.0384021
-0.00541422 -0.0535649 0.336411
0.00437957 -0.0373578 0.38828
-0.00420592 0.0245909 -0.297455
0.0256744 0.0623304 -0.675964
-0.00420595 0.0479084 -0.271284
-0.0335184 0.0630318 -0.536627
0.0236858 -0.0758976 -0.307521
0.0352963 -0.0632237 -0.561168
-0.0272058 0.0624795 0.345299
0.00437957 0.0194587 -0.79732
-0.00420592 -0.0423212 0.932414
-0.00420592 0.0351769 0.228459
-0.00420592 0.02904 -0.782933
0.0147564 0.0611994 -0.28906
0.00437957 -0.030327 -0.77362
0.0172982 -0.0758976 0.599364
0.0306179 0.075846 -0.879949
-0.00420592 -0.0292611 0.993021
-0.00420592 0.00255448 -0.756388
0.0579543 0.0659863 0.0530389
-0.0579396 0.0661565 -0.741511
-0.0464251 -0.0642126 -0.703137
-0.0285211 -0.0758976 -0.24129
-0.00881625 -0.0758976 -0.35075
0.0355076 -0.0758976 0.600418
-0.00420592 0.0127061 -0.482478
-0.0588111 -0.0684013 -0.21219
0.0291565 -0.0626865 -0.85787
0.052168 -0.0758976 -0.883354
0.0405789 -0.0758976 -0.581699
0.00437957 -0.0342262 -0.632989
0.03538 0.075846 -0.442898
0.0456764 0.0640803 0.448686
-0.0163085 0.0615191 0.584833
0.00437957 -0.0475266 -0.615725
-0.00420592 -0.0393276 0.401726
-0.0323871 -0.0629844 -0.686117
0.0298996 -0.0758976 -0.384285
-0.0264812 0.0624161 -0.598336
0.0362345 -0.0758976 0.299869
0.0144427 0.075846 0.213248
0.00499152 0.0519342 0.662726
0.05089 0.0645364 -0.532922
-0.00895475 -0.0758976 -0.0992692
-0.00420592 -0.0255084 0.155935
0.0110313 -0.0597001 -0.864055
0.00437957 -0.0424277 0.0170578
-0.0502689 -0.0758976 -0.330399
-0.00420592 -0.00232916 -0.689498
0.00437957 0.00647536 -0.898267
0.00437957 0.026641 0.947882
-0.0229945 -0.0621626 -0.64017
-0.0128362 -0.0758976 -0.0640216
-0.00420592 -0.00552713 -0.599748
0.0386758 0.0634678 0.941802
0.0589873 0.0752066 0.389926
-0.00456547 -0.0510537 0.566172
-0.00420592 0.0336824 -0.559906
0.00437957 -0.0338083 0.90628
0.052508 0.064678 -0.164697
-0.0580577 -0.0663503 -0.904649
-0.0505247 0.075846 0.944056
0.00437957 0.0337313 0.888148
0.00437957 0.0351663 0.989188
0.0190387 -0.0758976 0.962244
-0.0258661 0.075846 0.0608138
-0.0431274 0.0638725 -0.568425
-0.0265186 0.075846 0.300513
0.00437957 -0.0114148 -0.670906
-0.00420592 0.0357661 -0.943547
-0.00655943 0.0555688 -0.423684
-0.00420592 -0.0381876 0.637948
-0.0588137 0.0751887 -0.67322
0.00437957 0.0280726 0.302552
-0.00791826 0.0572719 0.601601
-0.0112428 -0.0758976 0.760003
0.00437957 -0.0144541 -0.173667
0.0538822 -0.0648498 -0.118181
0.0244486 -0.0622747 0.92936
0.00437957 -0.0384275 0.00085204
0.00437957 0.0129764 -0.806616
0.00437957 -0.00623205 -0.0771081
-0.0482414 0.075846 -0.571424
0.0510705 -0.0646038 -0.601553
0.0127061 -0.0605579 -0.250122
-0.0498303 0.0644589 -0.684066
-0.00420592 -0.000741224 0.420006
0.0374395 0.0633597 -0.529243
0.00437957 0.0431919 0.649906
-0.0250756 0.0622932 -0.519959
0.0327995 -0.0758976 0.615084
0.0105326 0.075846 0.332164
0.0203633 -0.0619172 0.559277
-0.0274195 -0.0625498 0.735409
-0.00420592 -0.042856 -0.158835
-0.00420592 -0.0447595 0.618476
0.0512548 0.075846 -0.72005
0.0497122 0.075846 0.72761
0.00461723 -0.0504755 -0.153432
0.0283151 0.075846 -0.742718
-0.0554528 -0.0758976 0.503123
-0.0158843 -0.0615131 0.483162
-0.0542416 -0.0648964 -0.359592
0.00437957 0.0162947 -0.023885
-0.00420603 -0.0479873 0.596347
0.0252786 -0.0623473 0.568964
-0.00420592 0.0437214 0.367581
-0.0351894 0.075846 0.617381
-0.0207795 -0.0619689 0.494022
0.0295265 0.075846 -0.984809
0.00437957 -0.0433702 0.676906
-0.00420592 0.0162178 -0.0682196
0.00449406 -0.0497012 0.223682
0.00437957 -0.038865 0.772656
0.0256321 -0.0758976 -0.509737
0.00437957 0.00723293 -0.744133
0.00437957 0.0346049 -0.833222
-0.00420592 -0.0345254 -0.0939477
0.00437957 0.0135949 0.0620854
0.0259669 -0.0758976 0.490361
-0.0114892 -0.0758976 0.592745
0.0124665 -0.0604525 -0.929526
-0.0309961 -0.0628627 0.568114
-0.00615807 -0.0758976 0.741308
0.0398366 0.075846 0.037429
0.0374043 -0.0758976 -0.897733
0.0141443 -0.0758976 0.441554
-0.0525423 0.075846 -0.337608
0.00437957 -0.0364143 0.51023
-0.00420592 -0.0340654 -0.841037
-0.00420592 0.00940387 -0.777464
0.0589873 0.0757362 0.988668
-0.00692995 -0.0758976 0.533238
-0.00420592 -0.00623622 0.525402
0.00550491 0.075846 0.979074
0.0500897 -0.064518 -0.256919
-0.04149 0.0637292 0.423164
-0.0199305 0.061843 -0.00589597
-0.00420592 0.0182788 -0.382845
0.0589246 -0.0678722 0.283237
-0.0576903 0.075846 0.300094
0.04163 0.075846 0.073018
0.0243659 -0.0622674 -0.800233
0.018666 0.075846 -0.272527
0.00437957 0.0432232 0.200254
0.00437957 -0.0458877 -0.354727
-0.00420592 0.0146195 -0.169114
-0.0174817 -0.0758976 -0.241241
-0.00420592 -0.0109494 0.638623
-0.00420592 -0.0390497 0.288476
0.0333169 0.075846 -0.259889
-0.00420592 -0.0238953 0.72167
0.0583703 -0.0665397 -0.187491
-0.00420592 0.0186064 0.767089
-0.0548629 0.075846 0.459239
-0.0495695 -0.0644876 0.236331
0.0395819 0.075846 -0.307809
-0.00420592 -0.0275406 -0.55374
-0.0161085 0.0614936 -0.525578
-0.00420592 0.0120242 -0.725214
0.00175258 -0.0758976 -0.587973
0.00444157 0.0491834 0.779851
-0.00456402 0.050996 0.036728
-0.0296095 -0.0758976 0.520402
-0.00420592 -0.0158257 0.827874
0.00437957 -0.0208493 -0.784717
-0.0422579 0.0637964 -0.0212186
0.0589873 0.0748716 0.242468
0.0340326 0.075846 -0.322397
0.00462036 0.0504406 0.948771
0.0446814 0.0639933 -0.182776
0.051855 -0.0758976 -0.535063
0.0122909 0.0603203 -0.546709
0.028874 0.075846 0.515651
-0.0270246 0.0624637 -0.251651
0.00496475 -0.0518981 -0.363471
-0.00420592 -0.0444229 -0.802437
-0.0588137 0.0750311 0.137575
0.0315388 -0.0758976 0.445093
0.00598144 -0.054369 -0.379419
-0.0323484 -0.062981 0.212218
0.0532305 0.0647412 -0.514243
-0.00420592 -0.00334046 0.899104
0.00437957 0.0169187 -0.0771763
-0.00420592 -0.00833197 0.219201
-0.00420592 0.034489 0.995967
0.0157439 -0.0614618 -0.953222
-0.0335807 -0.0758976 -0.547369
-0.0142573 -0.0611646 0.135374
-0.0538563 -0.0758976 -0.995886
0.00437957 -0.0377743 0.0989092
-0.00438188 0.0500715 -0.526172
0.00516038 -0.0524967 -0.00747597
0.00437957 -0.0144089 -0.27068
-0.0150161 -0.0758976 0.41537
-0.0260597 -0.0624308 0.352911
-0.00849904 -0.0579072 0.431613
-0.00420592 -0.0211206 -0.495982
-0.00420592 -0.027055 -0.413618
-0.0299903 -0.0758976 0.837983
0.005731 0.0538214 -0.321236
0.0172199 0.0615907 0.48397
-0.00420592 -0.0471083 -0.346414
-0.0201866 -0.0758976 0.427313
-0.00420592 -0.0280438 0.374318
-0.00648393 -0.0555074 0.856755
0.0238309 0.075846 0.703835
-0.00420592 0.0187119 0.0597179
-0.00420592 -0.000111021 -0.262882
0.0370328 0.075846 0.930371
-0.0573897 0.0656482 0.470509
0.00437957 0.024128 -0.865702
-0.0165279 0.075846 0.990793
-0.00420592 -0.00455102 -0.159696
0.00437957 -0.0249883 -0.121774
0.0264512 0.0623983 0.684201
0.0281265 -0.0625964 0.608836
-0.0204381 -0.061939 -0.568592
0.0475973 0.075846 0.140219
0.0509023 -0.0758976 0.967259
0.0164749 0.075846 0.907039
-0.00420592 -0.00407747 0.998851
0.0564518 0.075846 0.0367584
-0.0545111 -0.0758976 0.272363
0.00441626 0.0488831 -0.453099
-0.0587177 -0.0677169 -0.772114
0.0208018 0.0619041 0.663708
-0.00420592 0.00958357 -0.187713
-0.00420592 -0.0297029 -0.85773
0.00437957 0.00895669 0.294422
-0.0579603 0.0661803 0.583311
-0.00420592 -0.0218232 -0.83955
-0.00420592 -0.00154365 0.293094
-0.00420592 0.0179782 -0.351592
0.00437957 -0.0192661 0.518312
0.00437957 -0.0119004 -0.23037
-0.0527567 0.0647149 -0.705884
-0.00592407 -0.0758976 -0.0493265
0.0316726 -0.0758976 -0.417887
-0.00420592 -0.0199 -0.748994
0.00437957 -0.000574341 -0.638784
-0.0570837 0.0654443 -0.282071
-0.00420592 0.0277763 -0.309329
-0.00420592 0.0069621 0.999554
-0.0231439 0.0621242 -0.216061
-0.00420592 0.0381082 0.476663
0.0134104 -0.0758976 0.123867
-0.00420592 0.0211899 0.168073
0.0495429 0.075846 -0.193183
0.0501383 -0.0758976 -0.838612
-0.0392159 -0.0758976 0.620734
-0.00420592 -0.0198023 -0.121831
0.00437957 -0.0423463 -0.768799
0.0243418 -0.0758976 -0.702411
-0.00420592 -0.0382839 -0.408351
-0.0157902 -0.0614985 -0.972984
0.0492642 0.075846 0.419338
0.0510338 -0.0646006 0.445514
-0.0237004 0.0621728 0.91586
-0.0309488 -0.0758976 -0.40063
-0.00420592 0.0185966 -0.973157
0.00437957 0.0376906 0.353613
-0.0426274 -0.0638803 -0.782855
0.00437957 0.0258588 0.202267
0.0589873 -0.0754153 -0.59155
-0.0583168 -0.0667278 0.192944
0.0403745 0.075846 -0.228876
0.0589873 -0.0755383 0.32067
0.0107517 -0.0595271 -0.491088
-0.0581576 -0.0664838 -0.110076
-0.00956886 0.075846 -0.243982
-0.0526615 -0.0647582 0.675669
0.0200978 0.0618425 -0.806157
-0.00451481 -0.0508281 -0.643938
-0.0031268 -0.0758976 0.380701
-0.0433166 0.063889 0.0624597
-0.0369151 -0.0758976 -0.122674
-0.0144296 0.075846 0.789836
0.0526388 -0.064741 -0.440903
0.0382145 0.0634275 0.577628
-0.0370127 -0.0758976 0.80109
-0.0582866 -0.066678 0.902303
-0.0493585 -0.0758976 0.640227
0.0577399 0.075846 -0.484226
-0.00438431 -0.050138 0.383074
0.0207635 -0.0619523 0.762588
-0.0414349 0.0637244 0.572989
0.0285487 -0.0758976 -0.40627
0.0447364 -0.0640496 0.559469
-0.00420592 0.0208057 0.799339
0.0248304 0.075846 0.943539
0.00788503 -0.0570976 -0.806919
0.00437957 0.0349969 0.370742
-0.0123516 -0.0758976 -0.316929
-0.00420592 0.00396341 -0.630442
0.0467258 -0.0758976 0.620528
-0.0160816 -0.0615415 0.872548
-0.0492268 -0.0758976 -0.288564
0.00305107 0.075846 -0.325082
0.0589873 -0.0752317 -0.894058
0.00437957 -0.0112047 0.285968
-0.0502705 -0.064549 0.14674
-0.00420592 0.0440707 -0.145731
0.00437957 -0.0221668 0.778569
-0.00495192 -0.0523967 0.0683572
-0.00420592 0.0197132 -0.706466
-0.0206157 -0.0619545 0.336438
0.00437957 0.0310164 -0.189822
0.0456002 0.075846 0.174974
-0.00045322 0.075846 0.987951
-0.00420592 -0.0326083 -0.610738
0.0342389 -0.0758976 -0.365283
-0.0381992 0.0634413 -0.375153
0.0561871 0.075846 -0.429636
-0.0253263 -0.0758976 0.543936
0.0325941 0.075846 -0.0405811
0.0117084 -0.060082 -0.109274
-0.00420592 0.0254505 0.12902
0.00437957 0.03668 0.80798
-0.00423617 -0.0488425 0.193842
0.00437957 0.0396481 -0.0614659
-0.00420592 0.00804319 0.893759
0.00540315 0.0530831 0.31877
0.00437957 0.00423733 0.105392
-0.0571781 -0.0655539 0.170537
-0.0228991 0.0621027 -0.0690798
-0.00420592 -0.0160954 0.555618
-0.00420592 -0.0232932 -0.94086
0.00437957 -0.0214958 0.388859
-0.0109874 -0.0597772 0.607269
-0.00420592 0.0326844 -0.233206
-0.00420592 -0.045355 -0.754314
0.00437957 0.0418753 -0.751194
-0.00420592 0.00661714 -0.541386
-0.0452553 -0.0641102 -0.0805021
-0.0588137 -0.0686076 -0.530949
-0.0035728 0.075846 0.0910107
-0.00420592 -0.0232243 0.316354
0.00395352 0.075846 -0.846065
0.00437957 -0.0434107 -0.432851
0.0583624 0.0664767 -0.449004
0.0589417 0.0679176 0.324546
0.00437957 0.00323539 0.363476
0.0211036 0.0619305 -0.320023
-0.00421638 -0.0484673 -0.402103
-0.00420592 0.0116262 -0.800034
-0.0368391 0.0633223 -0.343173
0.0580955 -0.0661878 0.522495
-0.00420592 -0.0242646 0.048014
0.00437957 0.0100264 -0.162296
-0.0284551 0.0625888 -0.639114
0.00437957 -0.00835725 0.339725
-0.00420592 0.0442532 0.00532301
0.00437957 -0.0358645 0.292872
-0.0351215 -0.0632236 0.803142
0.00437957 0.0390173 0.139162
0.00461149 -0.0504449 0.251655
0.0580013 0.0660343 -0.265317
0.0589873 0.0701561 0.899707
-0.00422345 -0.0486251 -0.98443
-0.00420592 -0.0137774 0.944432
0.0296237 -0.0758976 -0.227009
-0.0397965 -0.0758976 0.531814
-0.0575697 0.0657915 -0.0371123
-0.00420592 0.0414021 0.953299
0.00437957 0.0219728 -0.695127
0.0129055 -0.0606415 -0.285931
-0.0324728 0.0629403 0.274621
-0.0324457 0.075846 -0.812414
-0.0121431 0.0603323 0.852731
0.00437957 0.0125729 -0.379899
0.0573079 -0.0655265 -0.00874657
-0.00420592 0.0402095 0.384871
0.0118228 -0.0601416 -0.452235
-0.00700502 -0.0758976 0.659113
-0.00420592 -0.00489969 -0.872913
-0.0478697 0.075846 -0.465321
0.0172958 0.075846 -0.832127
0.0354274 -0.0632352 0.394312
0.00437957 0.0360703 0.691613
0.00437957 -0.011137 0.958793
0.00437957 0.0431572 0.826152
-0.0212958 0.075846 -0.743566
0.00437957 -0.0273172 0.0590453
-0.0588137 -0.0734223 0.534401
-0.0498333 -0.0758976 -0.228137
-0.00420592 -0.0392073 -0.233083
-0.00420592 0.0351227 -0.719322
-0.00420592 0.0159335 -0.000933043
0.00437957 0.0474052 0.587864
0.00437957 0.0298323 -0.172036
0.00437957 0.0458555 0.722045
-0.0344934 -0.0631687 0.866699
0.0195089 0.075846 -0.495698
-0.0556904 0.075846 -0.611556
0.0254682 -0.0623639 -0.485185
-0.00420592 -0.000823029 0.0677664
0.000759575 0.075846 -0.14844
-0.00420592 0.0359842 0.63381
-0.00485583 -0.0521067 -0.827713
-0.00670007 0.075846 0.527594
0.0588187 -0.0674563 0.373278
0.0225664 -0.06211 -0.333458
0.0320271 0.075846 -0.560812
-0.0274368 0.075846 0.149098
-0.00420592 -0.0440956 -0.184531
0.00437957 0.0294969 0.228257
0.0499557 0.075846 0.91575
-0.00467884 -0.0515048 0.813439
0.0365655 -0.0758976 0.464705
0.00437957 -0.0223959 0.610638
0.00519353 -0.0525897 0.65109
0.00223503 0.075846 -0.724894
-0.0274679 0.075846 -0.395374
0.0267115 0.075846 0.403511
0.0232908 0.075846 0.821171
-0.0441285 0.0639601 -0.291437
0.0536271 0.0647759 -0.0389557
-0.017089 -0.061646 -0.202234
0.0287062 -0.0758976 0.542807
-0.0503333 -0.0645545 0.216168
0.00437957 0.0475602 0.174531
0.0589873 0.0754734 0.559264
-0.0324232 -0.0758976 -0.0602456
-0.0104934 0.0594214 -0.154412
-0.0588137 0.0712153 -0.0564817
0.0575431 -0.0758976 0.908152
-0.00420592 -0.00801468 -0.511409
-0.00420592 0.0474693 -0.478291
-0.0575592 -0.0658342 0.285994
0.00437957 -0.0117044 -0.862485
0.0547442 0.075846 -0.777045
0.00437957 0.017621 -0.846032
0.0281968 0.062551 -0.465397
-0.0428139 0.075846 0.270529
0.0280134 -0.0625865 -0.835225
0.0589873 -0.0757147 0.435765
0.00776468 -0.0569615 0.946318
0.0086462 -0.057882 -0.66584
-0.0462108 -0.0641938 -0.902514
0.00684905 -0.0758976 0.756951
-0.00420592 -0.0120125 0.666351
0.0369603 -0.0633693 -0.519121
-0.050659 0.075846 -0.868751
-0.0494375 -0.0758976 -0.575879
-0.00420592 0.0425143 0.105013
-0.00420592 -0.00651778 -0.306381
-0.0127416 0.0605939 0.29886
-0.0327315 -0.0758976 0.580834
0.034063 -0.0631158 -0.020196
0.00437957 0.010184 -0.512061
-0.00937226 -0.0586667 0.162599
-0.00420592 -0.00746155 -0.137899
0.0373534 0.0633521 0.984136
0.0250038 -0.0758976 0.572956
-0.0103976 -0.0758976 -0.623191
0.00437957 -0.0290592 0.770068
-0.00420592 0.0098205 -0.809773
-0.053757 -0.0758976 0.185908
0.00437957 0.00207772 0.501651
0.0321927 0.075846 -0.0725479
0.00437957 0.0140663 -0.452738
0.00437957 0.0299879 0.536759
0.0368109 0.0633047 0.163403
-0.00420592 0.00100673 -0.701483
