ply
format ascii 1.0
element vertex 8212
property float x
property float y
property float z
end_header
0.0370392 -0.126972 -0.448618
-0.0699059 0.126951 0.998652
0.0761201 0.121416 0.260654
-0.0758336 0.124436 -0.999605
0.0761201 -0.122517 0.645052
-0.0758336 -0.121706 -0.045699
0.0755926 -0.115749 -0.795959
0.0761169 0.117686 -0.22195
-0.0757978 0.117286 -0.63287
-0.0745447 -0.114701 0.379326
-0.0701322 0.11318 0.562591
0.0685991 -0.113043 0.930505
0.0698272 0.113129 0.783722
0.0124588 0.1055 0.0192793
-0.0708136 -0.113261 -0.987531
0.018613 -0.108452 0.168573
-0.00528187 0.0926363 -0.425302
-0.0052551 -0.0835877 -0.243459
0.00554161 0.0769693 -0.815701
-0.0206103 -0.108864 -0.630142
0.0161442 -0.107631 0.593334
-0.0475675 0.126951 -0.999933
0.073148 -0.126972 -0.227724
-0.0704871 0.126951 0.169653
-0.0705207 0.126951 0.998467
-0.0730143 0.126951 -0.55825
0.073425 -0.126972 -0.770891
0.074255 -0.126972 0.285544
0.0761124 -0.126972 0.899201
-0.0736817 0.126951 -0.137397
0.0720363 0.126951 0.428569
-0.0758336 -0.1222 0.0211384
0.0754569 0.126951 0.749552
0.0191894 -0.126972 -0.499826
0.0761201 0.123796 -0.347587
-0.0732081 -0.126972 -0.981318
0.0664474 0.126951 -0.770764
-0.0758336 0.123406 0.590853
0.0761201 0.119764 0.0149817
-0.0758336 -0.12628 0.416821
-0.0758336 -0.125117 0.773319
-0.0758336 -0.125754 -0.659665
-0.074682 -0.114849 -0.339929
-0.0758336 -0.122301 0.999132
0.00554161 0.00198659 -0.883581
0.00554161 -0.0325197 0.150891
0.00554161 -0.0248808 -0.100484
-0.0052551 0.0248036 0.865658
-0.0052551 0.0258106 0.313062
0.00554161 0.0188626 -0.662298
-0.0052551 0.0119948 -0.260868
-0.0052551 0.0256722 -0.449998
-0.0756899 -0.126972 -0.822483
0.0761201 0.12402 -0.185663
-0.0052551 -0.000747022 0.706684
-0.0757064 0.126951 -0.837142
0.0760618 -0.126972 -0.93582
0.00554161 -0.00657391 0.474187
0.0761201 0.123409 0.221496
0.0761201 -0.126922 -0.00788033
-0.0758336 -0.119394 0.249581
-0.0756685 -0.126972 -0.182737
0.0752773 -0.126972 0.743886
0.0761201 0.123161 0.951282
-0.0758336 0.126454 0.772988
-0.0758336 0.124106 -0.337495
0.0761201 0.125863 0.581505
-0.0758336 0.126922 0.0161591
0.0757552 0.126951 -0.529159
-0.0758336 0.126319 0.401618
0.075374 0.126951 -0.916421
0.0735275 -0.126972 0.43105
0.0710087 -0.113253 -0.36881
0.0761201 -0.119482 -0.629138
-0.0758336 0.126758 -0.697651
0.00554161 -0.0124628 0.998285
-0.0052551 0.0137354 0.0287397
0.00554161 -0.0365236 -0.999427
0.0745197 -0.126972 0.112938
0.0761201 0.12582 -0.649788
0.00554161 0.0242449 0.590084
-0.0052551 -0.0382186 -0.767211
-0.0417772 -0.110721 0.885962
-0.0052551 -0.0260759 -0.555912
-0.064337 0.126951 0.28546
-0.0672501 -0.126972 0.13528
0.00554161 0.0853265 -0.0671386
-0.0758336 -0.123442 0.658139
-0.0517187 0.126951 0.883757
0.0303893 0.109678 0.118007
-0.0166197 0.107907 0.495949
-0.0758336 -0.126767 0.529657
-0.0531687 0.126951 -0.448113
0.0478184 -0.126972 -0.119444
0.00554161 -0.0737884 0.361774
-0.0208583 0.126951 -0.238703
-0.0131526 0.106183 0.679671
0.0374989 0.126951 0.322483
-0.0758336 -0.124271 -0.551214
0.00554161 -0.0588955 0.796545
-0.0052551 -0.0361579 -0.359893
0.0342063 -0.126972 0.996109
-0.0753313 -0.115798 -0.446183
-0.0494524 -0.111393 -0.082984
-0.0052551 0.0513549 0.211387
-0.0052551 0.0544697 -0.16583
0.0466157 0.126951 0.852234
0.0156738 -0.126972 0.196261
-0.0052551 0.0580735 -0.800145
0.0176643 -0.108185 -0.855623
0.00554161 -0.0611266 -0.193905
0.00554161 0.0702862 -0.576547
-0.0052551 -0.0472212 0.248141
0.00554161 -0.0842814 0.0587222
0.00554161 0.0663461 0.778478
0.00554161 0.0596519 0.403245
-0.0052551 0.0606733 -0.356232
0.0104656 -0.103774 -0.698282
0.0412073 0.110625 -0.441701
-0.019719 -0.126972 -0.263166
0.00554161 0.0527369 -0.966445
-0.0052551 0.0729679 0.955172
0.00886606 -0.101885 0.496641
-0.0180655 0.126951 -0.909997
0.00554161 -0.0914409 0.689712
0.00554161 0.0904678 -0.715763
-0.00851408 -0.101795 -0.606858
0.0443652 0.126951 -0.998304
-0.0052551 -0.0618075 -0.446671
0.00554161 -0.0717857 -0.0275319
0.0761201 0.125643 -0.0967863
0.0761201 -0.124336 0.653399
0.00554161 -0.0460968 0.915545
-0.0108352 0.126951 -0.63828
-0.0588632 -0.126972 0.332902
-0.0063371 -0.0977141 -0.937924
0.0750181 0.114884 0.665416
-0.0571176 -0.126972 -0.741266
0.0593969 0.112216 -0.267405
-0.0077964 -0.126972 -0.387798
0.0436027 -0.126972 0.821645
0.0761201 -0.124023 0.53738
0.0230502 0.126951 -0.839702
-0.0443766 0.126951 0.0917529
-0.00247921 0.126951 -0.514562
0.00554161 0.091511 0.0408337
-0.0758336 -0.118273 -0.901059
0.00554161 0.0331497 0.106947
0.00676881 0.126951 -0.137395
-0.00365097 0.126951 0.232497
0.065256 0.112729 0.505373
0.0761201 -0.125526 -0.445611
-0.0052551 -0.0461066 0.550563
0.00173921 0.126951 0.604216
-0.0693396 0.113111 -0.0599732
-0.0372898 0.126951 -0.769093
-0.0052551 -0.0379456 0.634704
0.0310569 -0.126972 -0.998822
-0.00232252 -0.126972 0.271414
-0.000420931 -0.126972 0.757912
0.076094 -0.117391 -0.552307
0.00174018 0.126951 -0.318477
0.0464114 -0.111101 -0.296638
-0.000480344 -0.126972 0.417159
-0.0052551 -0.0594322 -0.290298
0.0669973 -0.112902 0.357399
-0.000837759 -0.126972 -0.786962
-0.0052551 -0.0127621 0.403124
-0.0268043 0.10939 0.349988
-0.00678866 0.126951 0.427281
0.0208875 0.126951 0.996953
0.0033289 -0.126972 0.120959
-0.00636875 0.126951 -0.391288
0.00554161 0.0181359 -0.0412529
-0.0207765 -0.126972 0.951548
-0.0182098 0.126951 0.813948
-0.0158709 -0.107636 -0.144987
0.00554161 0.0461809 0.521784
-0.0052551 0.0225818 -0.732399
0.00578486 0.126951 0.743734
-0.0052551 -0.0512565 -0.654853
0.0117218 0.126951 0.912769
0.0761201 -0.126884 -0.698377
-0.0052551 0.0695495 -0.871672
-0.0758336 0.126038 0.704016
-0.0052551 -0.0463565 -0.836346
0.00554161 0.0451568 0.655094
-0.0052551 0.0322456 -0.520587
-0.0162636 0.126951 -0.0178303
-0.0758336 0.126539 0.522851
-0.0562618 -0.111988 0.59261
0.0425266 0.126951 -0.591502
-0.00924619 -0.126972 0.00762076
-0.0052551 0.0879962 0.287931
-0.0758336 0.118336 -0.624549
-0.0305171 -0.126972 0.822681
0.00554161 0.0748894 -0.277466
-0.0758336 0.119727 -0.202371
-0.0052551 0.00527028 0.803258
-0.0758336 0.118921 -0.941571
-0.008796 0.102153 0.170624
0.075432 -0.115469 0.219443
0.0137286 -0.126972 -0.199654
0.0139824 -0.126972 -0.064038
-0.0052551 -0.0755642 0.989902
-0.0758336 0.124539 -0.27247
0.00554161 -0.064977 0.439038
-0.0495491 -0.111401 0.716908
0.00554161 -0.03479 -0.935855
-0.0052551 -0.0241411 0.0796998
0.00554161 -0.0765164 0.859921
0.0761201 -0.125987 -0.8722
-0.0484997 -0.111309 0.193443
-0.0384041 -0.126972 0.072822
0.00554161 0.0124103 0.938372
-0.0052551 -0.089558 -0.545565
-0.0052551 0.0013816 -0.198868
-0.0052551 0.0873256 0.865424
-0.0530122 -0.111704 0.473494
0.0496702 -0.126972 0.0501387
0.0648932 0.112697 -0.709321
0.0761201 0.121675 0.0779684
0.0465053 0.126951 -0.042412
0.00554161 -0.0239532 -0.494438
0.0761201 0.121337 0.158042
-0.0157795 -0.126972 -0.325433
-0.0052551 0.0387796 -0.106175
-0.0152602 -0.126972 0.642727
-0.0052551 -0.0356897 0.310475
-0.0445146 -0.110961 -0.499052
0.0218102 0.108928 0.548412
-0.0724337 0.113447 0.46134
0.0115611 -0.126972 0.332185
0.0333528 0.109937 0.38331
-0.0535497 0.11173 0.942391
0.00554161 0.0576959 0.71776
0.00554161 0.0126086 -0.600768
-0.0052551 0.0785002 -0.479051
0.0152013 -0.126972 0.8961
0.0744815 -0.114377 -0.0670756
-0.0161204 0.126951 -0.578465
-0.0758336 -0.120232 -0.243039
-0.0103861 -0.126972 -0.447627
-0.0052551 0.0123768 -0.320609
0.00554161 -0.0516904 0.73546
0.0114268 0.104663 -0.193038
0.00554161 0.0626391 0.462635
0.00554161 0.0119191 -0.392782
0.00554161 -0.00791832 0.20452
-0.0199986 -0.126972 0.548637
0.00554161 0.0730894 -0.413965
-0.0732871 0.113766 0.830769
-0.0716644 0.113314 0.228936
-0.0052551 -0.070722 0.19397
-0.0758113 -0.117427 0.933006
0.00554161 -0.0305179 -0.708367
-0.0747843 0.114947 -0.501172
-0.061473 0.126951 0.647117
0.0433752 0.110814 0.795005
-0.0758334 0.117821 -0.395608
0.0760587 0.117111 0.280556
0.0743669 -0.114285 0.95655
0.0761201 -0.125765 0.595121
0.0699115 -0.113157 -0.171749
0.00554161 0.0718207 -0.635179
-0.0052551 0.015028 0.256223
-0.0052551 0.0666128 -0.00965608
0.0257758 0.109275 -0.947138
0.0761201 0.11803 -0.858411
0.00554161 0.0546494 -0.224219
0.00554161 0.0030202 -0.805584
-0.063635 -0.112633 -0.60522
-0.0052551 -0.0651799 -0.889872
-0.0758336 -0.126932 -0.0348215
-0.0197969 -0.126972 -0.657008
-0.0052551 -0.0794903 -0.094701
0.0151631 0.107162 -0.778677
-0.0198731 -0.126972 -0.891959
-0.0052551 0.0279925 0.160952
-0.0217182 -0.108966 -0.990195
-0.0236725 0.126951 -0.0886607
0.0584231 -0.126972 0.484031
-0.0052551 -0.040937 0.024639
-0.0302777 0.126951 0.553344
-0.0374502 -0.110343 0.380534
0.0265657 -0.126972 -0.573643
-0.0640109 -0.112666 -0.393116
0.0756126 0.126951 -0.401726
0.0761201 0.118335 0.897363
-0.0052551 -0.0737018 0.11066
-0.0233266 0.109085 -0.818478
0.0619872 -0.126972 0.165471
-0.0745362 -0.126972 -0.128189
-0.0052551 0.0776131 0.582774
0.0595107 -0.112247 -0.820711
0.00554161 -0.0837806 -0.243485
0.0324644 -0.126972 -0.904423
0.00554161 -0.0878634 -0.750492
0.0745439 -0.11443 -0.498934
-0.0052551 -0.0253953 0.847243
-0.0052551 0.0397161 0.996905
0.0362737 -0.110215 -0.413826
0.0441482 -0.126972 0.698323
0.0312541 0.126951 0.467065
-0.0758336 0.125423 0.33729
-0.0731571 0.113704 -0.888162
-0.0052551 -0.0313725 -0.151839
0.0332388 0.126951 0.695057
0.0313892 0.109766 -0.893221
0.027675 0.126951 -0.673965
0.00554161 0.0620148 0.350859
0.00554161 0.0560528 0.906182
-0.0052551 -0.0741399 -0.395857
-0.00584797 0.0961618 -0.993021
0.028624 -0.109545 -0.649698
-0.0758336 -0.122244 0.847634
-0.0052551 -0.0494518 -0.602951
0.0321287 0.126951 0.190687
-0.0311127 0.126951 -0.174116
0.075817 0.126951 0.359504
0.00554161 -0.0754491 -0.496859
0.00554161 -0.0852264 0.302054
-0.0052551 0.0157221 -0.932535
0.0475139 0.111176 0.622302
-0.0284196 -0.109552 -0.831844
-0.0348602 -0.110116 -0.21423
-0.0216999 0.126951 -0.692688
-0.0316072 0.126951 0.0423946
0.0412696 0.11063 -0.494141
0.00554161 0.0213391 0.753421
0.00554161 -0.0800789 -0.335404
0.0550877 0.111839 -0.140802
0.00554161 -0.0327618 -0.239841
0.00554161 0.0121542 0.360493
0.0263863 0.126951 0.00991154
-0.0052551 0.0803129 0.0933824
-0.0035432 0.126951 -0.457543
-0.0052551 0.0749733 -0.922769
0.00554161 0.0147101 -0.999029
-0.0256409 -0.109309 -0.0384195
-0.0634673 -0.126972 -0.290997
0.00636106 0.126951 0.0777738
0.00554161 -0.0522368 0.494182
-0.0052551 0.00383681 0.54559
-0.0261601 0.109333 0.984578
0.037678 -0.126972 -0.732754
0.0309928 0.109731 -0.3636
-0.0422176 0.110738 0.740233
0.0297543 -0.126972 -0.344651
0.00554161 0.053462 0.826904
0.0264152 -0.109352 0.94706
-0.0409576 -0.110649 -0.698024
0.028396 -0.126972 -0.254131
0.00554161 0.0803728 -0.526699
-0.0052551 -0.0292499 -0.0531671
-0.0467722 -0.126972 -0.939189
0.0285515 0.126951 -0.232831
0.0256762 -0.109287 0.541657
0.00554161 -0.0747915 -0.798442
-0.0336196 0.126951 -0.863204
0.0300585 -0.109671 0.645364
0.0759507 -0.116647 -0.983431
0.0367973 0.110239 0.253081
0.00554161 0.0874833 0.631948
-0.0189097 0.126951 -0.958318
0.0761201 0.120243 0.999347
0.0312388 -0.109774 -0.0132784
-0.0475919 -0.11123 0.288976
-0.0115733 -0.105052 0.229801
0.0289832 0.126951 -0.0870266
-0.0243891 -0.126972 -0.56854
0.0414697 -0.110669 0.397852
0.0409828 -0.110627 0.255263
-0.0318789 0.109834 -0.349548
0.0729281 0.113507 -0.962644
-0.0052551 0.025167 0.435328
-0.03496 0.110103 -0.291991
-0.0052551 0.0868684 -0.114879
0.0253085 -0.109255 0.45284
0.00554161 0.0689353 0.140029
-0.0119357 0.126951 0.129723
-0.0052551 -0.0420388 0.683838
0.0428989 -0.110794 0.774096
0.00554161 0.035199 -0.839924
-0.00888236 -0.102287 0.159298
-0.0757777 0.117145 -0.743677
0.00554161 -0.0176452 -0.429133
0.00554161 -0.0618752 0.596061
0.0271727 -0.126972 -0.951219
0.0358084 -0.110174 0.0911218
0.00554161 0.0130361 -0.144332
0.0279887 0.126951 -0.739038
0.025003 0.109207 0.953178
-0.0118531 -0.126972 -0.732664
-0.0210614 0.126951 0.306733
0.00554161 0.0630107 -0.752724
-0.00525867 -0.0920477 0.91775
-0.0052551 0.0639032 -0.679946
0.0488549 -0.111315 0.865851
-0.0731613 0.113706 0.124791
-0.0052551 -0.0372252 0.961341
-0.0374283 0.126951 0.201698
0.0630913 0.112539 -0.814959
0.0314262 0.109769 -0.550231
0.00554161 0.0488663 0.0571302
0.0757625 0.126951 -0.469148
-0.0298577 -0.126972 0.996205
-0.054035 -0.111793 -0.785539
0.00554161 1.04945e-05 0.658583
0.0310987 0.10974 -0.631747
-0.0756557 0.116595 -0.790613
0.0077223 -0.100098 0.816083
0.00403114 -0.126972 -0.108366
0.030015 -0.109667 -0.459568
0.0510887 0.126951 -0.310268
-0.0521485 0.111607 -0.662138
-0.0052551 -0.0827421 0.637669
-0.0350457 0.110111 -0.54044
0.0261853 -0.109332 -0.160117
0.0142568 0.126951 0.651155
0.00554161 -0.0764884 -0.976141
-0.0327729 0.126951 0.391205
0.0759261 -0.126972 -0.327023
0.00554161 -0.0202011 0.768078
0.00554161 -0.00707749 0.895198
-0.0555765 -0.126972 -0.86171
-0.0052551 -0.0114414 -0.0106327
-0.0052551 -0.0306998 0.363068
0.0141826 0.126951 -0.276413
-0.0052551 -0.01805 0.585762
-0.0143259 -0.126972 0.459629
-0.0052551 0.0821112 0.244496
-0.0730685 0.113665 0.0614605
-0.00681036 -0.126972 0.712091
0.0106299 -0.126972 0.850498
0.00365758 -0.126972 0.0501978
-0.0353923 -0.110162 0.782978
0.0447917 0.110938 0.0501382
-0.0381681 -0.110405 0.675266
-0.0271487 -0.126972 0.50614
-0.0342165 0.110038 -0.487505
0.0742409 0.126951 -0.229844
0.00554161 0.0539508 -0.315242
0.00554161 -0.0713168 -0.137169
0.00554161 -0.0141166 -0.634895
-0.0052551 -0.0869836 0.401108
-0.0133287 0.106295 0.776819
0.0761201 0.123904 0.821634
-0.0052551 -0.0877583 0.562445
-0.0323256 0.109873 0.263319
-0.0052551 -0.0821658 0.0143735
0.00768061 -0.100023 -0.283337
0.0142936 0.106701 0.833205
0.0725237 0.1134 0.70768
0.0462221 -0.111085 0.313896
0.00554161 0.0852269 0.998757
-0.0353765 -0.110161 0.113176
0.00554161 -0.0852544 0.763578
0.0347338 -0.11008 -0.771779
0.00554161 0.0286962 -0.561751
-0.0345824 0.11007 -0.135613
-0.0758336 -0.126898 0.371497
-0.0399455 0.110539 0.608788
0.0761201 -0.125027 0.998798
-0.0323734 0.109877 -0.729593
-0.0728484 -0.113599 0.0928231
0.00791116 -0.126972 0.374006
-0.0149478 -0.126972 -0.524162
-0.0186075 0.126951 0.855813
0.0162265 0.126951 0.285322
0.0312304 0.109752 0.428083
-0.0052551 -0.00617548 0.120497
-0.0337192 -0.110016 -0.358926
-0.0466487 0.111126 0.427067
-0.00584289 0.0961429 0.38369
0.0761201 -0.125849 -0.271735
0.024463 0.126951 0.511178
-0.0382254 0.110389 -0.411785
0.00554161 -0.0142881 -0.290839
0.0346412 -0.110072 -0.534163
0.0282896 -0.109516 0.73409
-0.0052551 -0.0111664 -0.967763
0.0392221 -0.110472 0.135716
0.00554161 0.0511848 0.272074
-0.0525993 0.111646 -0.591529
0.0390153 -0.126972 -0.612598
-0.0542032 0.111787 -0.0164591
0.0760513 0.117068 -0.570324
0.000474975 0.126951 -0.0557954
-0.0331101 -0.126972 -0.176475
0.00600474 0.0956482 0.327883
-0.0366723 -0.110274 0.0326668
0.0761201 -0.11969 0.798247
-0.064116 0.112654 -0.100573
0.00571145 0.0940914 -0.239911
0.0579679 0.126951 0.542731
-0.0369542 -0.110299 0.422996
0.0318037 0.126951 -0.404643
-0.0230103 -0.109079 0.342862
-0.0197984 -0.126972 0.601232
-0.0052551 0.0381805 -0.897781
0.00554161 0.0824782 -0.835074
-0.0052551 0.0865958 0.528158
0.00885205 0.126951 0.356154
0.00554161 0.0240032 -0.771104
-0.0240498 0.109149 0.912806
-0.0430885 -0.126972 -0.42478
0.00554161 -0.0185703 0.276288
0.039945 0.110514 0.731857
0.00554945 0.0921954 0.20764
0.0207937 0.126951 0.152694
0.0760639 -0.126972 -0.406021
-0.0052551 -0.0850881 0.263955
-0.0062491 -0.0974718 -0.182435
-0.0355859 -0.126972 -0.116668
0.0754388 0.115459 0.467251
-0.036778 -0.126972 0.252002
0.0662933 0.126951 0.120204
-0.0052551 0.0859015 0.432669
-0.0052551 -0.0680718 -0.69258
-0.00709862 0.0994399 -0.605205
-0.0177919 0.126951 0.950368
-0.0052551 0.00967912 -0.0781494
0.00554161 0.0906707 -0.333181
-0.0052551 0.0868393 0.743688
-0.0506025 0.126951 0.491708
0.0732205 -0.126972 -0.590806
0.0427153 -0.126972 0.572116
0.00554161 -0.00793959 -0.843123
-0.0052551 -0.0150025 0.511423
-0.0052551 0.0478481 -0.0662675
-0.0052551 -0.00115565 0.620913
-0.00552687 0.0947271 -0.156586
-0.0052551 -0.0909025 -0.645088
-0.0052551 0.0540052 0.615295
0.0344425 0.126951 0.583157
-0.0556352 -0.111933 0.967556
-0.0230889 0.126951 0.639737
0.0367706 0.110237 0.888234
0.0761201 0.126715 0.31838
-0.0468662 -0.111166 -0.00596029
-0.0052551 -0.0231883 0.440501
-0.0052551 -0.0519671 -0.52701
-0.032898 0.126951 0.706237
0.00554161 0.031254 0.486077
-0.00803935 0.101079 -0.666922
-0.0597629 0.126951 -0.236811
0.00554161 -0.0496692 0.399499
-0.0749573 -0.126972 -0.706264
0.0169685 0.10793 -0.0227213
0.0491449 0.126951 0.923493
-0.0052551 0.0444872 0.559161
0.0170986 -0.107997 -0.815239
-0.0758336 -0.126684 -0.483157
0.0761201 0.126602 -0.610234
0.00554161 0.029975 -0.00425558
-0.0492214 -0.111372 0.633445
-0.0754357 0.126951 0.914962
0.00655195 -0.126972 0.675698
0.0761201 -0.117947 0.839523
0.00554161 0.012759 0.0694845
0.00554161 -0.0778617 0.952374
-0.0688641 -0.113091 0.811266
0.00554161 0.017432 -0.485522
-0.0052551 0.0894141 -0.381372
-0.0052551 -0.0793848 0.523828
0.040167 -0.126972 -0.686133
0.0760234 -0.116944 0.0755351
0.0423399 -0.126972 0.613902
-0.042737 0.110784 0.149464
0.0761201 -0.125261 0.392955
-0.0758336 -0.125557 0.893519
-0.0223481 0.126951 0.463719
0.00554161 0.0084181 -0.698982
-0.0052551 0.00251739 -0.357053
-0.0164155 -0.126972 0.306391
-0.0052551 0.0493848 -0.60695
-0.0052551 -0.0907654 0.728035
-0.0304716 -0.109732 -0.295433
-0.0519493 0.11159 0.800023
0.005605 -0.093175 -0.42696
-0.0052551 -0.0556183 -0.734139
-0.0319616 -0.126972 -0.621678
-0.0052551 0.0320888 0.688954
0.0112595 0.126951 -0.980709
0.0392082 0.126951 -0.181125
0.00554161 -0.0602967 -0.566093
-0.0615879 0.112433 0.370079
-0.0235459 -0.126972 0.914113
-0.0406499 -0.110622 -0.461957
-0.0052551 -0.0407575 -0.322474
-0.0052551 -0.00462688 -0.525301
0.000575403 0.126951 -0.87768
-0.0052551 -0.0358578 -0.398634
0.0467927 -0.111135 -0.205425
-0.0361171 -0.126972 0.747955
-0.0052551 -0.0195658 -0.674055
0.00554161 -0.0330711 -0.870344
-0.0294152 0.109618 -0.207106
0.00554161 -0.0110228 -0.744617
-0.0758336 -0.123334 0.171052
0.00554161 0.0893668 0.923949
-0.0381579 -0.126972 0.161727
0.0270354 -0.109406 0.0269718
0.0532689 -0.126972 0.928036
0.0717839 -0.113321 -0.734245
0.00554161 -0.0913471 -0.0607052
-0.068589 0.113045 0.556344
0.00554161 0.0614138 0.310876
-0.0334521 0.109971 -0.0527952
0.0430252 -0.110805 -0.0856894
0.0306152 -0.109719 -0.376972
0.00554161 0.0732166 0.678664
-0.0052551 -0.0448151 0.878298
0.046513 -0.126972 -0.0417494
-0.0119954 0.105366 0.0118999
-0.0052551 0.055598 -0.715815
0.00554161 -0.0332739 -0.801863
-0.0687912 -0.113084 0.0565711
-0.00870854 0.102038 -0.431448
-0.043657 -0.110886 -0.540705
-0.0510334 0.111509 -0.967156
-0.0052551 0.0859157 0.810641
-0.0052551 -0.0824095 -0.841176
0.0645724 -0.11269 -0.662929
-0.0052551 0.023234 0.398184
-0.0525366 -0.111662 0.553497
-0.00978241 -0.103355 0.0855041
0.00794312 -0.100483 -0.900944
-0.0052551 0.0404129 -0.283454
0.0123536 -0.126972 0.792293
-0.0052551 0.0617492 0.173964
-0.00526852 -0.0923774 -0.465982
0.00554161 -0.0677919 0.158598
-0.0739918 -0.126972 0.214334
0.0076362 0.0999199 0.463506
-0.0052551 0.0864806 -0.956919
0.0671672 0.112896 0.395411
0.0398393 -0.110526 0.217287
-0.0243143 -0.109193 -0.761341
-0.0728245 -0.126972 0.69379
-0.0486111 0.111297 0.677186
0.0416034 0.126951 0.0862709
0.0339054 -0.126972 0.511532
-0.0052551 0.0692227 0.496547
-0.0156734 -0.126972 -0.959806
0.00595014 0.126951 -0.807031
-0.0425216 0.110765 0.523879
-0.0052551 0.0458664 -0.389513
-0.0422791 0.110744 -0.930693
0.0155163 -0.126972 -0.308196
0.0761201 0.120857 0.784739
-0.0634833 0.112599 -0.169619
-0.0410353 0.110635 -0.62544
-0.0216893 -0.108964 0.852138
0.0668839 -0.112893 -0.904029
-0.0052551 0.0584257 -0.999888
0.0751666 0.115066 -0.025017
0.00554161 0.0137397 0.974283
0.00482466 0.126951 0.0380788
0.0118517 0.126951 0.793143
0.0711488 -0.113266 0.0255657
-0.0052551 -0.0916961 0.459563
0.00554161 -0.0147331 0.0466814
0.00554161 -0.00502097 0.326505
0.00241239 -0.126972 -0.629571
0.00630243 0.0967452 0.707465
0.00554161 -0.0550099 0.831605
0.0356765 0.126951 0.76471
0.00554161 -0.0383159 0.18554
0.00554161 0.0574394 0.0230842
-0.0758336 -0.126554 0.734466
-0.00898896 0.126951 0.525498
-0.00774248 -0.100627 0.883863
-0.0052551 -0.0104212 -0.463975
0.0756419 0.115824 -0.434912
0.0289282 -0.126972 0.287165
-0.0566596 -0.112023 -0.155352
-0.0167325 -0.126972 -0.485062
-0.041148 0.126951 -0.381111
-0.0517485 0.111572 0.316085
-0.0198431 -0.126972 -0.0729462
0.0761201 0.119158 -0.062496
-0.0057133 0.126951 -0.748047
0.00554161 -0.0407669 0.114383
-0.0139734 -0.106703 0.193655
0.00406996 -0.126972 -0.0306898
0.0031362 -0.126972 0.980506
0.0316634 -0.109811 0.170613
-0.00040738 0.126951 -0.357102
0.0394197 0.126951 -0.793638
-0.00299706 0.126951 0.197598
-0.0439135 0.126951 -0.321957
-0.00651536 0.0981521 -0.559966
0.0761195 -0.117806 0.688817
-0.0741293 -0.114323 -0.516597
0.0130898 -0.126972 0.239913
-0.0758336 0.124079 0.738469
0.00554161 0.019109 0.833423
0.0139481 0.126951 0.868581
0.0761201 -0.118053 -0.101994
-0.0410091 0.126951 0.770512
-0.0758336 -0.125292 0.451693
0.0319575 -0.109837 0.353889
-0.0758336 -0.126957 0.303133
0.00554161 -0.0192555 -0.588213
-0.0140625 -0.126972 -0.857565
0.00554161 0.0650463 -0.44721
0.00554161 -0.0280008 -0.185096
-0.0052551 -0.0246429 -0.905038
-0.0125301 0.105761 -0.266555
0.00554161 -0.0576733 0.281295
-0.00638421 0.0978179 -0.896532
0.0453879 -0.111012 -0.875333
0.00554161 -0.0143356 0.242441
-0.0052551 0.0369002 -0.197198
0.0143577 0.126951 -0.705325
0.00554161 -0.0742911 0.230624
0.007069 -0.0987984 -0.575868
0.00238309 -0.126972 -0.232285
0.00554161 -0.0623068 0.328523
-0.0052551 0.0404098 0.797513
-5.23039e-05 -0.126972 -0.921948
0.0755553 0.126951 0.632951
0.00251632 0.126951 0.569655
0.0761201 -0.123711 -0.137772
0.00554161 0.0146302 -0.228077
0.048607 0.126951 0.970535
0.00554161 0.0714108 -0.19351
0.00554161 -0.0263057 0.813812
0.0750542 -0.126972 0.327786
0.0411118 0.126951 0.223204
0.00554161 -0.0584032 0.0826236
0.012227 0.126951 -0.609782
-0.0744312 -0.126972 0.616653
-0.0523071 0.126951 -0.812958
0.0180038 0.126951 -0.918851
-0.0482908 0.111269 0.854006
0.0446801 0.110929 0.293127
0.030925 0.109725 -0.115731
0.044252 0.126951 -0.867486
0.00554161 -0.0667568 -0.921551
0.00554161 0.0232736 0.192305
-0.0758336 0.123458 0.965593
-0.0052551 -0.0193352 0.736432
-0.0052551 0.0244127 0.90533
0.00846868 -0.126972 0.566159
0.0761201 -0.119534 0.253017
0.0398367 0.110505 0.666791
0.00554161 -0.0574248 -0.0722006
0.0521706 0.111584 -0.207656
0.0672223 0.126951 0.189644
-0.0052551 -0.0443925 -0.968982
0.0556427 -0.126972 -0.471775
-0.0052551 -0.0187267 0.930889
0.00809723 0.126951 0.396473
0.0388018 -0.126972 0.426606
0.00554161 0.0558748 0.861464
-0.0052551 -0.00658639 0.168511
0.00554161 -0.0456251 -0.00716268
0.0463915 0.111078 0.352868
-0.0210531 0.108886 0.073317
-0.0444579 -0.110956 -0.24807
0.0583668 0.112126 -0.741758
0.00635592 -0.0969377 -0.213154
-0.0464074 0.126951 -0.514426
-0.0447469 0.110959 0.0151256
-0.0387455 0.126951 0.234637
-0.0738207 0.114075 -0.303597
0.00888866 -0.101916 -0.999715
0.00554161 0.0545494 -0.499071
0.056798 0.111989 -0.675993
0.00554161 0.0549671 -0.13258
-0.031179 -0.126972 -0.804216
0.0385575 0.126951 -0.522415
0.0092763 -0.126972 -0.675247
0.00684459 -0.126972 -0.419824
0.00109251 -0.126972 0.522629
0.0738203 0.113897 0.864804
0.0745036 0.114374 -0.997097
-0.074989 -0.115235 0.497409
-0.00615677 0.0971831 -0.300348
-0.0758336 0.126947 0.86176
0.00827504 -0.101022 -0.51687
-0.00546967 0.0943893 -0.748979
-0.00618225 -0.0972797 -0.370741
-0.0052551 0.0302349 -0.633774
-0.00740655 0.100024 -0.860494
0.00554161 0.0417315 0.240518
0.00504174 0.126951 -0.169872
0.000128403 0.126951 -0.213869
0.00554161 0.0060816 -0.112583
0.0617371 0.112421 -0.374421
-0.075132 -0.126972 -0.0953949
-0.0293029 -0.10963 -0.917763
-0.0052551 0.0425594 0.943717
-0.00779983 -0.100721 -0.0121202
-0.0052551 0.0548575 0.749143
-0.0052551 -0.043876 0.99686
0.00554161 0.0504896 -0.0358018
-0.0052551 0.0210953 -0.964802
0.045289 -0.126972 -0.84578
0.0220202 -0.126972 0.479703
-0.049463 -0.126972 -0.0534592
0.0546712 -0.111824 -0.958734
-0.0052551 -0.0488477 -0.476958
-0.00529002 -0.0927943 -0.872294
-0.0052551 -0.0522295 0.766899
0.00431789 0.126951 -0.547174
0.00554161 0.0304816 -0.344999
-0.0052551 -0.0526433 -0.112758
0.00554161 -0.0687171 0.664585
-0.0052551 0.029039 -0.417965
-0.0715147 -0.113323 -0.211881
-0.0448442 0.110968 -0.261371
-0.0751126 0.115396 -0.468615
-0.0464534 -0.11113 0.225553
-0.0052551 0.017132 0.513016
0.0423689 -0.110748 0.901884
-0.0467928 -0.11116 -0.664445
-0.0218372 0.108955 0.582314
-0.0758336 0.11892 -0.986134
0.0608436 -0.126972 -0.525792
0.0142528 0.106678 -0.474782
0.0102624 -0.126972 0.152314
-0.0052551 -0.0366165 0.217954
0.0182134 0.108325 -0.582353
0.0457873 0.111025 -0.922295
-0.0518849 -0.126972 -0.321165
0.0327633 0.109886 -0.330057
-0.00588099 0.0962828 0.123546
-0.0738057 -0.114086 -0.950045
0.00554161 -0.0705561 0.893573
-0.0052551 0.0844785 -0.0372242
-0.00563549 -0.126972 -0.356063
0.0725507 0.113406 -0.499132
-0.0052551 -0.0465262 0.462556
-0.0360708 0.1102 0.117599
-0.0758336 0.123761 0.0945043
0.0361089 0.126951 0.822219
0.0111082 -0.126972 -0.880983
0.00502417 -0.126972 0.931654
0.00650864 -0.126972 -0.5491
-0.0526853 -0.111675 -0.999986
0.0648679 0.126951 0.250897
-0.0052551 0.0829359 -0.778492
0.00554161 -0.0745335 -0.620235
0.0115767 0.126951 -0.428948
-0.0052551 0.0427268 -0.251946
0.048974 -0.111326 0.671316
0.0446647 0.110927 0.165747
0.0570511 -0.112032 0.453433
-0.0220384 -0.108994 -0.40964
0.0269327 0.109376 -0.06093
0.0757726 0.126951 0.0469078
0.00697768 -0.0985923 0.428449
0.00792416 -0.126972 0.616708
0.00554161 0.0262939 0.71906
-0.0052551 -0.0600379 -0.225974
0.0373591 -0.126972 -0.800539
-0.0665168 0.112864 -0.36529
-0.0594884 -0.126972 -0.364768
-0.0113043 0.126951 0.887231
0.00554161 0.0641858 -0.0907998
0.0234665 -0.109094 -0.127949
-0.0758333 0.11781 -0.428471
-0.0756663 -0.126972 0.573083
-0.0446544 0.126951 -0.893447
0.0572202 -0.126972 0.196414
-0.0052551 -0.0862493 -0.721165
-0.0100782 -0.10367 0.663081
-0.0052551 -0.0479421 0.055195
0.0469616 -0.11115 0.97127
-0.0685916 0.113046 0.197831
0.00554161 0.0421679 0.374882
0.0436637 -0.110861 -0.928619
0.00913007 -0.126972 -0.755654
-0.0275095 -0.109473 0.576673
0.00165063 0.126951 0.701569
0.0451547 0.11097 -0.00988708
0.00575016 0.0943511 -0.805421
-0.0463925 -0.111125 -0.888282
-0.0052551 0.0550608 -0.549309
0.00554161 0.0447511 -0.934711
0.0652035 0.112724 -0.89077
-0.0456427 -0.111059 0.929464
-0.0546817 -0.126972 -0.575252
0.00556238 -0.0925432 0.337116
-0.0101726 -0.126972 -0.701733
-0.0468175 -0.126972 0.857375
0.00554161 -0.0649574 0.705729
-0.00877727 0.126951 -0.844762
-0.0412975 -0.110679 -0.965487
0.00554161 0.0164132 0.285686
0.00894314 0.101968 0.263525
0.000311492 -0.126972 -0.591386
0.00554161 -0.0378184 -0.270913
0.0741856 -0.11415 0.62438
0.00822492 0.100922 0.895128
-0.00385946 -0.126972 -0.166838
0.0716492 -0.113309 0.508874
0.0761201 0.121478 -0.291481
-0.0177105 0.126951 -0.992652
0.00610566 -0.0960747 0.133211
-0.00861317 -0.101931 0.967174
-0.0287043 0.109556 -0.454917
0.0697357 -0.113142 0.567588
0.00554161 -0.0651723 -0.368594
-0.00631998 0.0976463 -0.504321
-0.0756304 -0.126972 -0.41761
0.0111315 0.104398 -0.406009
0.00554161 0.028851 0.628984
-0.0210949 0.126951 -0.608937
-0.0052551 -0.0717997 -0.165844
0.00681008 0.126951 0.319319
-0.0557734 -0.111946 -0.635277
0.0544985 -0.111809 -0.249952
0.00935071 -0.126972 0.0876742
-0.0052551 0.0169041 0.225813
-0.0455201 0.126951 0.827411
-0.0758336 0.124875 0.433324
-0.0730972 0.113678 0.259329
-0.0052551 -0.086052 -0.307067
0.00750243 -0.126972 -0.979591
0.00554161 0.0728711 0.55475
-0.0474111 0.126951 -0.709447
0.0457176 0.126951 -0.962164
-0.0052551 -0.0914834 0.607568
-0.00734083 -0.0999251 -0.674041
0.0752358 -0.11518 0.140881
-0.0072696 -0.0997922 0.787192
-0.00794987 0.126951 -0.778219
0.00554161 -0.00931284 -0.774703
-0.0052551 0.0557123 0.431087
-0.0231338 -0.126972 0.135329
-0.00866048 -0.101995 0.371195
0.0474676 0.111172 0.997642
-0.0501402 -0.111453 0.517832
0.00248734 0.126951 -0.107611
-0.0121263 0.105466 -0.930203
-0.0052551 -0.0680387 -0.770972
-0.00777242 0.126951 0.26723
-0.0384278 -0.126972 -0.386528
-0.0299424 0.126951 0.172623
0.00554161 0.0286068 -0.86975
-0.0157853 0.107579 0.724872
-0.0052551 -0.00214404 -0.169174
0.0265847 0.109345 -0.297147
0.0603732 -0.112323 0.718632
0.0156835 -0.10743 -0.727947
-0.00628345 -0.0975677 -0.782034
0.0520661 -0.111596 -0.573068
0.045311 -0.111005 -0.503465
0.0540928 0.111752 -0.0819946
0.000975865 -0.126972 -0.83157
-0.0052551 0.0304153 -0.811173
0.0761201 -0.12655 -0.0386687
0.00582361 0.126951 0.482534
0.0501432 0.111406 -0.842832
0.00554161 -0.0157683 -0.379621
0.0283791 0.109502 -0.256855
0.00554161 -0.0130396 -0.331472
0.00803219 -0.100632 -0.397028
0.0719895 -0.126972 -0.19811
0.00554161 -0.0623822 -0.860165
0.00640565 0.0970699 0.0719086
0.0490824 -0.126972 0.0113354
0.00785051 0.100303 0.409621
-0.00764194 0.100437 0.55423
-0.0494456 -0.126972 0.40188
-0.0052551 0.0352999 0.34427
0.00554161 -0.0331298 0.712489
-0.0052551 -0.0290184 -0.212634
-0.0052551 -0.0682245 -0.949952
-0.0108979 -0.104468 0.998202
-0.0758336 -0.125879 -0.771598
-0.0486667 0.126951 0.977496
-0.0663654 0.112851 -0.530804
0.00554161 0.050555 -0.655483
0.0439074 0.126951 0.406563
-0.0052551 0.0511952 0.0843486
-0.0749528 0.126951 0.67321
0.00554161 -0.0519648 -0.420684
-0.0341659 -0.110055 -0.590444
-0.00636813 -0.0977969 -0.119048
0.00554161 0.0181068 0.132879
0.00554161 0.0464895 -0.470885
0.0394925 0.110475 0.48984
0.0481859 -0.126972 -0.148731
-0.0499404 0.111414 -0.837671
0.00897723 0.102014 -0.0937236
0.0118765 -0.105066 -0.0857723
-0.0675408 0.112954 0.618193
-0.0727637 -0.113569 -0.0649586
0.00554161 0.0519125 0.972638
0.00554161 -0.00203447 0.861916
0.040345 -0.126972 -0.437335
0.00997178 -0.103248 -0.961425
0.0760375 -0.117014 -0.844493
-0.0052551 0.0887984 0.354485
0.0496275 -0.111383 -0.330218
-0.000150868 0.126951 0.97349
-0.0390907 -0.110486 0.316775
0.0425167 0.110739 -0.767602
-0.0360346 -0.110219 -0.730311
0.0258056 -0.109299 0.0564983
0.035989 0.110168 -0.714953
0.0298706 0.109633 -0.159813
-0.0509536 0.111502 0.579319
0.00554161 -0.051026 0.524119
0.00693712 0.0984769 0.602905
0.0201452 0.108742 -0.86242
-0.0410528 0.126951 -0.563742
-0.0052551 0.0359293 -0.687322
0.0473353 0.126951 -0.652139
0.0526334 -0.126972 -0.389108
-0.062503 0.126951 -0.863026
0.0508924 -0.111493 -0.712267
0.0536133 0.11171 0.566859
0.0544225 0.126951 -0.553089
0.0313393 -0.109783 -0.229744
0.0439237 -0.126972 0.374189
0.00638592 0.0970095 0.659156
-0.00174007 -0.126972 0.820541
0.0761201 -0.125815 0.867265
0.00554161 0.0145383 -0.290536
-0.0439318 -0.126972 0.357914
-0.0680883 0.126951 -0.913236
-0.0212449 -0.126972 0.212785
0.0758119 -0.11623 -0.298877
0.0467932 -0.126972 0.747985
0.0715089 -0.113297 0.770611
-0.0052551 -0.060208 -0.256496
-0.051941 0.126951 -0.0788402
-0.0393751 0.110489 -0.792532
0.0761201 -0.118067 -0.798048
-0.0476177 -0.126972 0.446921
-0.0458989 0.126951 0.919341
0.0210662 -0.108882 0.872412
0.0437941 0.126951 -0.465077
0.0150447 0.107103 0.764737
0.00554161 0.0256731 -0.170018
-0.0758336 0.12084 -0.033211
-0.0182512 -0.126972 0.880299
0.0761201 0.123429 -0.125329
-0.0427179 0.126951 -0.114061
0.0211438 -0.10889 -0.598776
-0.0174022 -0.108193 0.0545747
-0.0052551 0.0181642 0.463114
0.0093296 0.10247 -0.68953
0.0212076 -0.108896 0.706457
0.0546551 -0.126972 0.235763
0.0492872 -0.126972 -0.640605
0.0173021 0.108046 -0.52439
0.00554161 9.85071e-05 0.427128
-0.0248865 0.126951 -0.664369
-0.0052551 -0.0636369 -0.999164
-0.0052551 0.0025855 -0.558125
-0.0245558 -0.109214 -0.0973215
-0.00885589 -0.126972 0.174319
-0.0211288 -0.126972 0.397558
-0.0192328 -0.108654 0.485837
-0.0165581 0.126951 0.0977893
0.00554161 -0.0216672 0.539136
0.00967578 -0.10291 -0.487729
-0.0309611 -0.126972 0.697165
0.0437922 -0.126972 0.112549
0.0279339 0.109463 -0.814519
-0.0212177 0.108901 -0.321302
0.00554161 -0.046189 -0.628949
-0.0243556 -0.109197 0.272944
-0.0052551 -0.0376035 0.606411
0.00554161 -0.0334313 0.336517
-0.0565685 -0.112015 -0.837732
-0.0758336 0.126379 0.803212
0.022219 0.126951 0.624042
0.0476935 -0.126972 0.541381
0.0314796 -0.109795 0.842267
0.00554161 -0.00996716 0.0154171
0.00412163 0.126951 0.453304
0.00554161 0.0832802 0.0113434
0.0438064 -0.126972 -0.182276
0.0139988 -0.106551 0.392482
0.007164 0.0989839 0.972483
-0.0190482 0.108595 0.40787
-0.0052551 0.00548811 0.0944896
0.0226658 0.109003 -0.999573
-0.0207232 0.108855 0.215391
-0.0052551 -0.075488 -0.587212
0.00554161 -0.0145056 -0.131799
0.018181 -0.108338 0.312139
-0.0052551 -0.0777826 0.489449
-0.0205901 -0.126972 0.0962365
0.0482339 0.126951 -0.346098
0.00555024 -0.0922424 0.208349
0.0166531 -0.107834 -0.328641
0.0321493 -0.109854 0.802282
-0.0052551 -0.00501293 0.300128
-0.0758336 0.125106 -0.66972
-0.0758329 -0.117802 -0.00649186
0.0150609 -0.126972 -0.280239
0.0599066 0.126951 0.686659
0.0112979 0.126951 0.107125
-0.017182 -0.126972 0.797259
-0.0216602 0.10894 -0.110048
-0.0202848 0.126951 -0.426608
-0.0492238 0.126951 0.349723
0.00554161 0.0640678 -0.899491
-0.0445912 0.110946 0.458589
-0.0189568 -0.108598 -0.237061
0.0202579 0.108759 0.226266
0.046623 0.126951 0.142315
-0.0113278 -0.104847 0.53414
-0.00805206 0.126951 -0.48501
0.0167572 0.107852 -0.65552
0.0496135 0.126951 0.0252329
-0.0151096 -0.126972 -0.204236
0.0761201 0.12002 -0.157064
-0.0109313 0.126951 -0.293717
0.0427349 0.110758 0.5245
0.0490642 0.126951 0.445715
-0.0649027 -0.126972 0.273992
0.012278 -0.105384 0.105933
0.0561143 0.126951 0.601121
0.00591519 -0.126972 -0.140857
-0.0090797 -0.102537 -0.342617
0.00554161 -0.016506 0.682631
-0.0195358 0.108688 0.834752
0.00554161 0.0792823 0.836933
0.0125523 0.10557 0.302687
0.0513243 0.11151 -0.235884
0.0140932 -0.106607 0.260455
0.0529378 0.111651 -0.612287
0.00554161 0.018786 0.780956
-0.0756242 0.126951 -0.591061
-0.0543572 0.1118 0.714856
-0.0504401 -0.126972 -0.198012
0.00554161 0.00288014 0.571009
-0.0578056 -0.112123 0.756909
-0.0481142 0.126951 -0.196632
0.00554161 -0.0764281 -0.667587
0.0526742 0.126951 -0.111289
0.0503403 -0.126972 0.339896
-0.0052551 0.0578899 0.112266
0.0753031 0.115252 -0.321449
0.00373957 0.126951 -0.250948
0.0517454 -0.111568 0.282227
-0.0358388 -0.126972 -0.145466
0.00873121 0.101676 0.504443
-0.0523296 -0.126972 -0.226963
0.0221514 -0.126972 0.00622375
-0.0052551 0.0439002 0.137223
-0.0455663 -0.111053 0.14049
-0.0052551 -0.0562556 0.938574
-0.0052551 -0.0104142 -0.997568
-0.0153036 -0.107387 -0.504492
0.0191279 -0.108573 0.917215
-0.0052551 0.0910706 -0.209852
-0.00811673 0.101198 0.944417
0.00554161 0.0518176 0.590355
-0.0670764 -0.112934 -0.267906
0.00851593 -0.126972 -0.46726
-0.0107928 -0.104372 -0.808018
0.00626799 0.0966316 0.147918
0.0609515 -0.112374 -0.425118
-0.0052551 0.0671036 0.376504
-0.0052551 -0.0594062 0.133816
0.0540876 0.126951 0.65046
0.00554161 -0.0130943 0.967733
0.0519836 0.111567 -0.414404
0.0183571 0.108364 0.176415
-0.0475718 -0.126972 0.65564
0.00554161 -0.043412 -0.684448
0.0034221 0.126951 -0.942855
-0.00588398 0.0962936 -0.638044
0.023479 -0.126972 -0.396718
0.0761201 0.12406 0.924143
0.0317402 -0.109818 -0.977811
0.00554161 0.0912618 -0.45423
-0.050366 -0.111473 0.835397
-0.0231167 -0.126972 -0.017989
-0.0347347 0.110083 0.290479
0.0513777 0.111514 0.94731
0.00554161 -0.0365091 0.659593
0.00554161 -0.00836626 -0.941847
-0.0758336 0.11823 0.496231
-0.0489341 0.126951 0.0631786
-0.0743876 -0.114547 -0.312792
0.00554161 -0.0107073 0.378426
-0.0546936 -0.126972 0.791653
-0.0074463 -0.100117 -0.260577
0.0193208 -0.108614 0.759503
-0.0052551 -0.0816712 0.830873
0.00554161 -0.0651649 0.0322627
-0.0577605 -0.112119 -0.113042
-0.0324131 0.10988 0.875946
-0.0052551 -0.0340042 0.790379
0.00554161 -0.0366466 -0.455532
0.00554161 -0.0897381 0.178227
-0.0052551 -0.00725862 -0.0372065
-0.0052551 0.0675713 0.884409
0.0221635 -0.10898 -0.0391535
-0.0656685 0.126951 -0.766561
-0.0444179 -0.126972 -0.765581
-0.0508043 0.126951 -0.0413548
-0.0052551 -0.0616943 0.620628
-0.00930355 -0.126972 -0.297999
-0.0339105 -0.110033 -0.864567
0.00554161 0.0672094 -0.250264
0.0187399 -0.126972 -0.708859
0.00554161 -0.0142841 -0.0729435
-0.0423566 0.11075 -0.687329
-0.0078064 0.10071 -0.356938
-0.02019 0.126951 0.750083
0.00554161 -0.0403213 0.575653
-0.0235112 -0.109123 0.620781
0.0432028 0.126951 -0.282721
0.0761201 0.126198 -0.689201
0.0462721 0.126951 -0.696552
-0.0731185 -0.126972 -0.926155
-0.0169188 -0.108035 0.440999
0.0272066 0.1094 0.0301219
-0.0143609 0.106896 -0.185243
-0.0102263 0.126951 0.663196
-0.0100145 -0.103604 0.317527
-0.0052551 0.0652 0.929659
-0.0561648 -0.126972 0.10866
0.0495706 -0.126972 -0.271337
0.00554161 0.0126103 -0.907908
0.0761201 0.124879 -0.795403
0.0336773 0.126951 -0.136657
-0.05229 0.111619 0.400583
-0.0719706 -0.113373 -0.683697
0.0204626 0.126951 -0.490702
-0.0133191 0.106289 0.626312
-0.0052551 -0.0086022 -0.241225
-0.0052551 -0.00651212 -0.718005
0.00852646 -0.126972 0.442038
-0.0410077 0.110632 0.651862
-0.0052551 -0.044457 0.423065
0.0518664 -0.126972 0.643231
-0.0052551 -0.0462855 -0.0329745
-0.00715766 0.126951 0.159257
-0.0109932 -0.104554 0.0271211
-0.050595 0.111471 0.17809
-0.0207036 -0.108874 0.759363
-0.0155676 0.107485 0.447311
0.0601903 -0.126972 -0.348635
0.0550282 0.126951 0.375667
-0.0513089 0.126951 -0.736145
0.00560247 -0.0931452 -0.154913
0.0517388 -0.126972 0.0770573
0.0251141 0.126951 0.0569387
-0.0542176 0.126951 -0.485592
0.0570528 -0.112032 -0.018087
0.0501757 -0.111431 0.591887
-0.0052551 0.0724422 0.654776
-0.0362114 -0.126972 0.0124631
0.00978458 -0.103036 0.00717169
-0.00726828 0.0997683 -0.0132418
-0.0052551 0.0758896 0.0618541
0.0166419 0.126951 0.252939
-0.0465344 -0.126972 0.611737
0.0511346 0.126951 0.714874
-0.0755865 0.116376 0.885676
-0.0052551 -0.0297207 0.486449
-0.0052551 0.0324246 -0.587062
0.00554161 0.0161718 -0.538137
0.0246202 0.109173 0.926927
-0.0222045 0.108987 -0.377874
0.0755361 -0.126972 0.46427
0.0589158 0.126951 0.484047
0.00554161 0.0747451 -0.980505
0.00554161 0.0602772 -0.84879
-0.0111599 0.10468 -0.0723778
0.0166131 -0.107819 0.99823
0.075618 0.126951 -0.83274
0.00554161 -0.00695294 0.144228
-0.0052551 0.00755764 0.73411
0.00554161 -0.0576878 0.973331
-0.0489189 -0.126972 0.905037
0.0106648 -0.103975 0.62893
0.057102 -0.126972 -0.99831
-0.0052551 -0.0166831 -0.818795
-0.0052551 -0.0689564 -0.0515198
0.0569603 0.112003 0.765265
-0.0153202 -0.107395 0.690178
0.0560071 -0.126972 -0.751203
-0.0052551 0.0126361 0.997916
0.0761201 -0.125509 0.0509887
0.00554161 -0.0555229 -0.344457
-0.0740942 -0.126972 -0.624212
-0.0279318 0.126951 -0.272922
0.00554161 -0.0277193 -0.530282
0.0178034 0.108206 0.680284
-0.0758336 -0.126401 0.960119
0.00554161 -0.0657216 -0.822971
-0.0052551 -0.010391 -0.611658
0.0479607 -0.126972 -0.552682
0.0761201 0.125943 -0.729025
-0.0131137 0.126951 0.335774
-0.042056 -0.126972 -0.276532
-0.051205 0.126951 -0.348588
0.0388984 0.126951 0.272939
-0.0052551 -0.00705666 -0.408203
-0.0585857 0.126951 -0.641721
-0.068362 0.113025 -0.719303
-0.0267483 0.109385 -0.880807
-0.0675507 -0.112976 0.872577
-0.0228113 -0.109062 0.721492
0.0373948 -0.110313 0.492166
0.0181204 -0.108321 -0.923296
0.00554161 -0.0763752 -0.523892
0.0569673 0.112004 0.101394
0.0315284 0.126951 -0.206405
0.00218096 0.126951 -0.677688
0.0170704 0.107966 -0.752603
-0.0758336 0.122796 0.311678
-0.0276068 -0.109481 -0.439798
-0.0623313 0.126951 0.145247
0.00554161 0.0801175 -0.138008
0.00779895 0.100213 0.790184
0.00874717 0.101699 0.10303
-0.0052551 0.0234095 0.663482
0.000691643 -0.126972 0.494011
0.00554161 0.00866673 -0.434071
0.0252577 0.109229 0.338064
0.015386 0.10727 0.579901
-0.0124863 -0.126972 0.358467
0.0615387 -0.112425 -0.609283
-0.0052551 0.0268265 -0.372373
0.00951307 -0.102716 -0.625503
-0.0625784 0.126951 0.0415197
0.0552543 0.126951 0.882382
-0.0259206 0.109312 -0.975475
0.0632378 -0.112574 0.41259
0.00554161 0.0261219 0.539249
-0.0517986 -0.111598 -0.812627
0.0132654 -0.106091 0.287166
-0.0134137 0.126951 0.374533
0.0417703 0.126951 -0.38097
-0.0502702 0.126951 -0.147612
-0.00169396 0.126951 0.834175
-0.00904882 0.126951 -0.715517
0.0170594 0.107962 -0.217708
0.00554161 0.0542379 -0.822963
-0.0758022 -0.117344 -0.873853
-0.0212928 0.126951 -0.149295
0.00754665 -0.0997744 0.843386
-0.0485165 -0.126972 -0.521596
-0.0052551 -0.015294 -0.266078
0.00554161 -0.0853263 0.585369
0.0754688 -0.11553 0.923259
-0.0052551 0.0405452 0.885677
-0.0595149 -0.112273 -0.720112
0.00554161 -0.0649436 0.565451
-0.057671 0.126951 -0.410858
0.0111361 -0.126972 -0.524123
-0.0537071 -0.111765 -0.0335597
0.00554161 -0.0834683 0.0893073
-0.0052551 -0.0555489 0.375728
0.058111 0.126951 -0.937719
-0.0278304 0.126951 0.508394
0.0544818 -0.111808 0.998353
-0.0145648 0.107004 0.245483
-0.0122194 0.105535 -0.79105
-0.0507426 -0.126972 0.496994
-0.0545828 0.126951 0.540518
-0.0504275 -0.126972 -0.914175
0.00554161 0.00962897 0.684711
-0.0131715 0.106195 -0.528397
-0.0516458 0.126951 0.260834
0.00554161 0.0499432 -0.774349
-0.0320015 -0.126972 -0.68097
0.02538 -0.109261 0.680061
0.0261725 -0.126972 -0.82919
0.0274626 -0.126972 -0.0972238
-0.0687422 -0.11308 0.351503
0.00554161 -0.00611516 0.833606
-0.0496594 -0.111411 0.997241
-0.0052551 -0.0542213 0.350126
0.00779728 -0.126972 0.734095
0.0212545 0.126951 -0.453174
-0.0741683 -0.114355 0.394709
0.0223599 0.108976 0.80873
-0.018839 0.108551 -0.764899
-0.0052551 0.0412307 0.770283
-0.0243495 0.126951 0.00816144
0.013494 0.106218 0.00387552
0.0521163 -0.126972 -0.0662664
-0.0758336 -0.123882 -0.796667
0.000882581 0.126951 0.011796
0.0166411 0.126951 -0.380598
-0.0167653 0.10796 0.14591
-0.0134402 0.106365 0.0479003
-0.0530477 -0.126972 0.0418054
0.0551595 0.111845 -0.168981
0.00901255 -0.126972 0.650722
0.00554161 -0.0503752 -0.499543
-0.0052551 0.0367804 -0.146048
-0.0052551 0.0446389 0.295696
-0.0052551 0.0721727 -0.301096
0.0110612 0.126951 0.942332
0.0285376 0.109516 -0.975243
0.0309004 0.109723 0.862139
-0.022193 0.126951 0.787782
-0.0052551 0.0338333 -0.987066
0.022163 -0.126972 0.406566
-0.0522138 0.126951 -0.285421
0.0108825 0.104165 0.366939
-0.024105 0.109153 0.189146
-0.0559613 0.126951 -0.61096
-0.0198153 0.126951 -0.801374
0.0502453 0.111415 0.199303
0.0100996 0.103367 -0.129941
-0.0052551 -0.0794633 0.806015
-0.00993481 0.126951 0.926695
-0.0052551 0.0128545 -0.83458
0.0761201 0.126535 -0.254697
0.051862 -0.126972 0.846695
-0.0052551 0.042019 0.453742
0.00554161 -0.0764454 -0.271995
0.0605949 0.112321 0.837294
-0.0166989 -0.107957 -0.62956
-0.010956 -0.104521 0.93854
-0.0052551 0.0405935 -0.752393
0.00554161 0.0254855 0.0481051
0.0324476 -0.10988 -0.0631912
-0.00540354 -0.0939562 -0.0359403
-0.0481032 0.126951 0.62615
-0.0584882 0.112162 0.760821
0.0255245 -0.126972 0.969738
-0.0358374 0.126951 0.999169
0.031573 0.109782 0.643393
-0.0052551 -0.0524838 -0.790432
-0.022981 0.126951 0.601101
0.0504697 -0.111457 0.521683
-0.0286643 0.109552 0.324968
0.00554161 0.0778226 -0.611106
-0.0407831 0.126951 -0.220738
-0.0206302 -0.108866 -0.552022
-0.021032 -0.126972 -0.935602
-0.0324005 -0.109901 0.975895
-0.0107056 0.104269 -0.475434
-0.0122913 -0.126972 0.248347
0.0627532 -0.112531 0.0966535
0.0761201 0.120089 0.527385
0.00554161 0.0748579 -0.660022
0.00554161 -0.0701067 0.464873
0.0613301 0.112385 0.332017
-0.0350543 -0.126972 -0.341016
0.00554161 0.0488128 -0.428082
0.0127119 -0.105708 -0.35727
-0.0442164 -0.126972 -0.480296
-0.0738555 0.126951 -0.00840241
-0.0475086 -0.126972 0.575123
-0.0130411 -0.106132 0.827884
-0.0052551 0.0787954 0.611315
-0.0621269 -0.112501 0.431948
0.072661 0.126951 0.975816
0.00554161 -0.0706313 -0.469967
-0.00260205 0.126951 0.767291
-0.0413044 -0.11068 0.806853
-0.0107392 -0.104322 0.117303
-0.04327 0.126951 -0.949665
0.00102835 0.126951 -0.0803724
-0.0556815 0.126951 0.113688
0.0249887 0.109206 0.0824676
-0.0052551 -0.0106354 0.348877
-0.0753812 -0.126972 -0.588466
-0.0312752 -0.126972 0.185708
0.00554161 -0.063396 -0.317419
0.00554161 0.0749884 0.266194
-0.0333874 -0.126972 0.477766
0.0566024 -0.111993 -0.451678
0.00554161 0.000790616 0.598998
0.0230319 0.126951 -0.348091
0.030493 0.109687 0.980034
0.0168 -0.126972 -0.444105
-0.0052551 -0.0635258 0.305614
0.00554161 -0.0147525 0.638192
0.00554161 -0.0481201 -0.17113
0.0475377 0.111179 -0.570509
-0.0278485 0.126951 0.680198
0.0207652 0.126951 0.724374
-0.0052551 -0.0531895 0.853498
0.0505797 -0.126972 -0.779695
0.0136403 0.126951 -0.63832
0.0305196 -0.126972 -0.477971
0.00554161 0.0721471 0.193308
0.0274887 -0.109446 -0.187314
0.00554161 -0.0436025 -0.893909
-0.0118742 0.105272 -0.70137
0.0359899 -0.126972 0.15376
-0.0052551 0.0730726 -0.733248
0.00554161 0.0338299 -0.0848369
-0.0052551 0.0571288 -0.52082
0.0210209 0.126951 -0.042608
0.0557951 0.111901 -0.533915
0.00554161 0.0663749 0.22929
0.0163434 -0.107713 0.225292
-0.054962 -0.126972 0.947509
0.0206062 0.126951 -0.565324
-0.074796 0.114961 -0.815926
-0.0565232 -0.112011 -0.179726
0.0758415 0.116287 0.610669
0.0273996 -0.109438 -0.67503
0.00554161 -0.0654041 -0.714617
-0.0052551 0.00249995 0.915948
-0.0052551 0.00789122 -0.755493
0.00554161 0.0605563 0.636098
0.00554161 -0.000512443 -0.503885
0.0753796 -0.126972 -0.960108
0.00554161 0.0649499 0.804824
0.0118832 -0.126972 -0.373626
-0.0052551 0.0120751 -0.0165577
-0.0199409 0.126951 -0.0419701
0.0536714 -0.126972 0.95228
-0.0052551 0.00102762 0.761084
-0.0758336 0.12377 0.94135
0.0470652 -0.126972 0.884501
0.00554161 0.0680604 -0.385212
-0.0307652 0.126951 -0.833063
-0.0115387 -0.105024 0.509322
-0.0462566 -0.111113 0.0915578
-0.0052551 -0.0302318 0.897635
0.0486816 -0.126972 0.797819
0.0237735 0.126951 0.844208
0.0344753 0.126951 0.558458
0.00554161 -0.0320236 -0.732525
0.0321067 -0.126972 0.663807
0.0622164 0.126951 -0.00347103
0.0416259 -0.126972 0.723023
0.011224 -0.104504 0.522856
0.00554161 -0.0426594 -0.131959
-0.00994729 -0.126972 0.07019
-0.0758336 -0.122277 -0.849366
-0.0124587 -0.105732 0.415973
-0.0052551 -0.0427229 -0.0882688
-0.0317189 0.126951 0.437566
0.0505165 0.111439 0.467544
-0.0758336 0.124489 -0.0813801
-0.0052551 0.0755077 0.979189
0.0568283 0.126951 0.807431
0.0592193 -0.112222 -0.687754
0.0222701 -0.108989 -0.554874
0.0155605 -0.107373 -0.26165
0.00554161 -0.0286538 -0.654463
-0.0052551 0.0416149 0.845256
0.072541 -0.113426 0.183604
0.0576037 0.126951 -0.485038
-0.0192033 -0.126972 0.0395347
-0.0052551 0.0834108 0.47706
0.0568825 0.126951 0.0644474
0.00554161 -0.0238453 0.873375
-0.0320337 0.109847 0.961218
-0.0389691 -0.126972 -0.987407
0.0116011 -0.104836 0.472891
-0.0587635 -0.126972 -0.461103
0.0122637 0.105352 0.735296
0.0122575 0.105347 -0.909771
0.00814327 0.100792 -0.277822
0.0567743 0.111987 0.233674
0.00554161 0.0339218 -0.714155
-0.0100506 -0.103642 0.293488
-0.0159089 0.107631 -0.401937
0.0292716 -0.126972 0.929363
-0.00801108 -0.126972 -0.998279
0.00554161 0.0389945 0.41552
0.0623272 0.112472 -0.635336
-0.00969812 -0.103262 -0.0749298
-0.0052551 -0.00968696 -0.864491
0.00554161 -0.0387585 -0.301129
-0.0140958 0.126951 -0.125534
-0.0052551 -0.0683915 0.416249
-0.04766 0.111214 0.21658
-0.0124975 0.105738 -0.227317
-0.0240488 0.126951 -0.934949
0.00863497 0.101539 -0.0466286
-0.0288705 0.10957 -0.648449
-0.0355964 -0.11018 -0.063257
0.00554161 0.0793852 -0.551448
-0.0244984 0.126951 -0.504933
-0.0288616 0.10957 -0.588739
0.0282207 0.109489 -0.606739
0.0673614 0.112913 0.730979
0.0330272 -0.10993 0.194438
-0.0408259 0.110616 -0.751879
-0.0052551 0.0375023 0.0304785
-0.0291294 0.109593 -0.00779064
-0.0323279 -0.109894 -0.324038
-0.0204506 0.126951 -0.548843
-0.0228735 -0.109067 -0.383469
-0.00839426 0.126951 0.0590953
0.00554161 0.0340196 0.924205
-0.062669 -0.112549 0.677856
-0.0372477 -0.126972 0.532304
0.0415002 -0.126972 0.46611
0.00554161 0.0092209 -0.639299
0.00554161 -0.0617803 0.641776
0.00554161 0.0768037 -0.167533
0.00585412 -0.126972 0.295665
-0.00853871 0.101807 -0.836859
-0.0276588 -0.109486 -0.78857
0.0022351 -0.126972 0.216171
-0.0052551 0.001465 -0.582828
-0.0324912 -0.109909 0.45877
0.0386687 -0.126972 -0.316125
-0.00919052 -0.102673 -0.739296
-0.0216884 0.108942 0.535029
0.0326822 0.126951 0.363886
-0.0052551 0.080685 0.407514
0.0260225 -0.109318 0.571872
-0.0208862 0.126951 -0.336622
-0.0228298 -0.126972 0.668137
0.00554161 0.0820885 0.168466
0.0210457 0.126951 -0.76709
-0.0357614 0.110173 0.374805
0.00832574 0.126951 -0.011636
0.0158818 -0.107518 -0.791635
0.0398047 -0.126972 -0.66226
-0.0052551 0.0115341 0.339457
-0.0052551 -0.0406832 -0.574481
-0.0430821 -0.110835 0.0558457
-0.029042 0.109585 0.937466
0.0116379 -0.104867 0.075788
0.0276005 0.126951 -0.314644
0.075846 -0.116321 0.306503
-0.0052551 0.0634076 -0.112817
0.00722546 0.0991141 -0.973656
0.00554161 -0.0130929 0.791263
0.0162214 0.126951 0.422265
-0.0579384 -0.126972 -0.962018
-0.0052551 0.0522434 0.674774
0.0607319 0.112333 -0.457764
0.0473011 -0.126972 -0.222831
-0.0126434 0.105841 0.800399
0.0474451 -0.126972 -0.590626
-0.0142772 0.106851 0.651652
-0.0148936 -0.107192 -0.713539
-0.0052551 -0.0466756 0.166399
0.0669876 -0.126972 0.819334
0.0430949 -0.110811 -0.355258
-0.0052551 0.0808862 0.72036
-0.00526339 0.0922101 -0.582943
0.0186611 0.126951 0.211511
0.011763 0.104951 0.527487
0.0304167 -0.126972 0.592104
-0.0402986 0.11057 -0.0910985
-0.0052551 -0.0722321 0.779841
0.0039623 -0.126972 -0.946971
0.00554161 -0.0259544 -0.0255511
0.0466889 0.126951 -0.8977
-0.0052551 -0.0710974 -0.00628378
0.0110926 -0.104384 -0.766153
0.0295908 0.109608 0.607299
-0.0165133 0.126951 -0.197151
-0.0052551 0.0851338 0.767046
-0.0052551 -0.0821076 -0.907552
0.00554161 0.0708436 -0.701709
-0.0456137 0.111035 0.8998
0.0556528 -0.126972 -0.889089
0.0499467 0.126951 -0.72337
-0.0353197 -0.126972 -0.713804
-0.0734358 -0.113864 0.714965
-0.0596949 0.112267 -0.123529
-0.0052551 0.0678275 0.69869
-0.0052551 0.0224216 -0.125348
0.020991 -0.126972 0.829543
-0.0758336 -0.125297 -0.156867
-0.0052551 0.0692098 0.330078
-0.0052551 -0.0228878 0.559815
-0.016556 -0.126972 0.735117
-0.0052551 -0.0695731 0.745903
-0.0266391 0.126951 -0.470876
0.00554161 0.00770645 0.494582
0.0560684 0.111925 0.266428
-0.0052551 -0.0463534 -0.918152
-0.00864331 -0.126972 -0.0524804
0.00554161 0.0692712 -0.945456
0.0135698 0.106267 -0.31624
0.00554161 0.0808421 -0.360694
0.0754671 0.115505 0.559702
-0.0346308 0.126951 0.414434
-0.0739124 -0.126972 0.47485
0.00554161 0.0780804 -0.499944
0.00233352 -0.126972 -0.0851345
-0.0052551 0.0815782 0.903018
-0.0052551 -0.0725449 -0.421897
-0.0555203 0.126951 0.603374
0.00895432 -0.102005 0.0422279
-0.0376843 0.110342 0.481816
-0.0736283 -0.113974 0.63591
-0.0557284 -0.111942 0.168567
-0.0173183 -0.126972 0.773865
0.0554403 0.11187 0.422497
-0.0517968 0.126951 -0.543144
0.0571715 -0.126972 0.132275
0.0574409 0.112045 -0.981513
0.00554161 -0.0703683 0.923628
-0.00953217 -0.103075 -0.850835
0.0418801 0.126951 -0.820708
-0.0052551 0.0819469 0.310405
0.00846919 0.126951 0.542475
-0.0052551 -0.0171887 -0.311368
0.00554161 0.0645586 -0.0542368
0.0108614 -0.104166 -0.30649
0.0140178 -0.106563 0.969162
0.0604135 -0.112326 0.381336
0.00554161 0.0601156 0.999055
-0.0052551 0.0349034 -0.307674
-0.0557795 -0.111946 0.258445
-0.0185193 -0.126972 -0.423801
-0.0753067 -0.11575 0.549999
0.0179747 -0.126972 -0.174499
-0.021728 -0.126972 0.428013
0.0322699 -0.126972 -0.864932
-0.0124196 -0.126972 -0.124615
-0.0219032 0.126951 -0.0650056
-0.0554137 -0.111914 0.0177168
-0.0218758 -0.126972 -0.600266
-0.0229942 -0.109078 0.899519
-0.0052551 -0.0372464 -0.434836
0.0121283 0.105246 0.441491
-0.039391 -0.126972 -0.644793
0.00568248 -0.0938981 0.243118
0.00554161 -0.0886243 -0.820125
0.0294136 -0.126972 0.0712083
-0.0133482 0.126951 0.993997
-0.0489405 0.111326 -0.465855
-0.0052551 -0.0802899 -0.200858
0.00554161 0.0247163 -0.0636468
-0.0607299 -0.112379 -0.427579
0.0577982 0.112076 -0.789737
-0.0104406 0.104015 0.881955
0.00554161 -0.0770094 0.544056
0.0341503 -0.110029 -0.748735
0.0272549 -0.126972 0.26396
-0.0052551 0.04353 0.188081
0.0660566 0.112799 0.301539
-0.0754788 -0.126972 0.0736959
-0.0325577 -0.126972 0.331472
0.0759786 -0.116751 -0.466904
-0.0542627 0.126951 0.696023
-0.0751391 -0.115459 0.116981
-0.0529264 -0.126972 0.305266
0.0733458 -0.126972 0.976048
-0.032921 -0.109946 0.650719
0.0207713 -0.126972 -0.779127
0.00554161 0.0511563 -0.880239
-0.0342219 -0.126972 -0.845659
-0.00590842 -0.0964023 -0.976689
-0.0145367 -0.126972 0.839623
0.0456634 0.126951 -0.0653679
-0.0052551 -0.0282794 0.13035
0.0288391 0.109543 -0.389235
-0.00012102 0.126951 0.629267
-0.0453594 0.111013 -0.433573
-0.0246326 -0.109221 0.00371522
-0.0052551 0.0220777 0.563953
-0.0052551 0.0577715 0.252978
0.0344393 0.126951 0.90594
-0.0212388 -0.108924 -0.168928
-0.0052551 0.047759 0.00527193
-0.00684098 -0.126972 -0.809043
-0.0052551 -0.0145501 -0.794359
-0.0301204 0.126951 0.728944
0.00554161 -0.0760266 -0.114786
0.0335108 0.109951 -0.688067
-0.0757258 -0.116893 -0.749848
-0.0052551 -0.0654764 -0.545402
-0.0229723 0.126951 -0.363822
0.047047 0.126951 0.507963
-0.0540257 -0.126972 -0.688918
0.00554161 -0.01992 0.105139
-0.0052551 -0.0343134 0.386555
-0.0436191 0.110861 -0.237199
-0.0052551 0.0853952 -0.258748
0.0100207 0.103281 0.871008
0.0341572 -0.110029 -0.62761
-0.0734439 0.113847 -0.963876
-0.0568836 -0.126972 0.238137
-0.0390312 0.110459 -0.908078
0.00871904 0.101659 -0.621449
0.00554161 0.0242136 0.811257
0.0258949 -0.109306 -0.890126
0.0195557 0.126951 0.12999
0.0100512 0.103314 -0.371919
-0.0535818 -0.111754 -0.34805
0.00554161 0.0138794 0.886459
0.0135816 -0.126972 -0.652953
0.0231048 0.126951 -0.880501
0.00443336 -0.126972 -0.254888
0.0056462 0.093573 -0.937774
0.00554161 -0.0816134 -0.449013
-0.0052551 -0.00510187 -0.653176
0.00554161 0.0475473 0.157046
0.00554161 -0.0519522 0.205211
0.0348334 -0.110089 -0.274713
0.0443043 0.126951 0.113357
0.0316008 0.109784 0.709754
0.053611 -0.126972 -0.915808
-0.0758336 0.126948 -0.113665
-0.0052551 -0.0237799 0.464176
0.00554161 -0.0105003 -0.91932
-0.0483033 0.111271 -0.874253
-0.0052551 0.0355625 -0.788038
-0.0470902 -0.126972 -0.597998
-0.0052551 -0.0380973 0.284492
-0.0052551 0.0672979 0.0409707
-0.0148656 0.107156 0.471592
-0.0135221 -0.106437 -0.581044
-0.0052551 0.0851957 -0.68806
0.0154617 0.107306 -0.727014
-0.0052551 0.0119925 -0.857113
-0.0052551 -0.0469833 0.813509
0.00556874 0.0926428 -0.877378
-0.0650553 -0.126972 0.190498
-0.037863 -0.126972 0.275928
-0.0371456 0.126951 0.134815
0.0562395 0.126951 -0.432327
0.055817 0.111903 -0.294203
0.0338711 0.126951 -0.935807
-0.0052551 0.0288711 0.0871721
0.0127754 0.105732 -0.830811
0.00554161 -0.0475746 -0.382748
0.056353 -0.126972 0.299161
-0.0307164 -0.126972 -0.50785
-0.0052551 0.00269574 0.44668
0.00334821 -0.126972 0.0262454
-0.0250932 -0.126972 -0.225673
-0.0573906 0.126951 0.4494
0.00856934 -0.126972 -0.337197
0.00554161 -0.035964 0.940403
-0.0577429 -0.112118 0.37109
-0.0547449 0.111834 -0.390772
-0.0052551 0.0103041 0.640212
0.0550976 -0.126972 -0.0982173
-0.0120491 0.105407 0.275511
0.0276734 -0.126972 0.771013
-0.0052551 0.0704332 -0.325939
0.0289592 0.126951 -0.0216446
-0.0052551 -0.0807994 0.321385
-0.0746107 0.114749 -0.248335
0.024902 0.126951 0.442921
0.0593393 0.112211 -0.590087
0.00554161 -0.0706102 0.388308
0.00554161 0.067736 0.287379
0.00753069 0.126951 -0.19212
0.052674 0.126951 0.740365
-0.0196949 -0.108737 -0.691342
-0.0475987 0.126951 -0.0013982
0.0490259 -0.11133 0.0305642
0.0132186 -0.10606 0.365489
-0.0052551 0.0510589 0.478417
-0.0578538 0.112106 -0.331801
0.0554882 0.111874 0.903005
0.0213574 -0.10891 0.782545
-0.0052551 0.0224775 0.955138
-0.0052551 0.0348741 -0.23105
0.0635965 0.112583 0.137073
-0.013679 -0.106532 -0.312246
0.0590222 -0.126972 0.265274
-0.0052551 0.0367567 0.735531
0.0279552 -0.126972 -0.0270757
0.0189479 0.126951 -0.958876
0.0341962 0.126951 -0.428242
0.0278939 -0.109481 0.612185
-0.0052551 0.0336209 -0.498342
0.0367742 0.110237 0.837267
-0.0061733 0.126951 0.503154
0.00251714 0.126951 -0.899866
-0.0599885 -0.126972 -0.499213
-0.0237815 -0.126972 -0.369389
-0.0420278 -0.126972 0.769421
0.0119126 -0.105095 0.657423
0.0356434 -0.110159 -0.109352
0.00554161 -0.0571485 -0.754849
-0.0301084 -0.1097 -0.523103
0.00554161 -0.0177419 -0.353677
0.0101787 -0.103474 -0.660819
-0.0569656 0.126951 -0.681333
-0.0274036 0.109442 -0.562576
-0.0140455 0.106723 0.702728
-0.0293496 0.109612 0.760521
-0.0052551 -0.0276557 -0.851431
0.00554161 0.0682483 0.519246
-0.0052551 0.0472198 -0.335167
-0.0052551 0.00673155 -0.677452
0.00554161 0.0498901 0.498265
0.0483249 -0.111269 -0.16692
0.00554161 -0.0658835 0.253421
0.0649067 0.112698 0.0327732
-0.0676319 0.112962 -0.575268
-0.0065202 -0.126972 0.583462
-0.0052551 0.0538485 -0.91595
-0.0052551 -0.00662521 0.261013
0.0694926 0.126951 -0.206622
-0.0052551 -0.0793498 -0.354761
-0.0352874 0.110132 -0.157778
-0.0264624 -0.109381 0.170797
0.0214371 -0.108916 -0.432105
0.00554161 0.0414154 0.32452
0.0584095 -0.112151 -0.857434
-0.0599898 0.112293 0.084079
0.0322901 0.109845 0.140086
0.0554617 0.126951 -0.508097
0.0214691 -0.126972 0.692775
-0.0052551 -0.0366631 0.751142
-0.0052551 -0.0378294 0.507082
0.0645371 -0.112687 -0.122048
0.0164031 0.107715 -0.500877
0.0262075 -0.109334 0.422108
-0.0387468 -0.110456 0.953338
-0.0052551 -0.0597819 0.0130477
-0.0104756 0.104049 0.0923325
0.0245342 0.126951 0.967548
0.0539954 -0.126972 -0.942626
-0.0125676 0.105788 -0.0419806
0.0340909 -0.126972 0.860771
0.0454877 -0.126972 -0.975464
-0.072641 0.113507 -0.224888
-0.0690397 -0.113106 0.912411
-0.0052551 0.088487 0.690529
0.0736327 0.113795 -0.546827
0.0656232 -0.112782 0.885895
0.075407 0.126951 0.844697
0.0180563 0.108281 0.199103
0.0286152 -0.126972 0.318162
-0.0205425 -0.126972 -0.777006
-0.0301869 0.126951 0.898663
-0.0112074 0.104722 -0.726172
-0.00956818 0.103095 0.305886
-0.034826 -0.110113 -0.131298
0.009815 0.126951 -0.406974
0.00554161 -0.0291113 -0.957144
-0.0052551 0.0580759 -0.267742
0.0569675 -0.126972 -0.493759
0.00554161 -0.0434331 -0.545704
0.00554161 0.0789958 0.116118
-0.0540937 0.111777 -0.211973
-0.00566601 0.126951 0.722388
0.00554161 -0.0259863 0.417958
0.0166644 0.107817 0.482442
0.0107451 -0.126972 0.953455
0.00554161 -0.0718196 -0.642043
0.0473692 0.126951 -0.628297
-0.0251288 0.109243 -0.849203
-0.0052551 0.00633036 -0.786733
-0.0710839 -0.113285 0.152038
0.00554161 0.0832502 -0.433448
0.00554161 -0.00410647 -0.0924098
-0.036587 -0.126972 0.725994
-0.0052551 0.0459583 -0.0172216
0.0246542 -0.126972 0.630922
0.0761201 -0.120111 -0.248364
-0.0474045 0.111192 0.0431907
0.0550842 -0.11186 -0.797461
0.0412942 0.126951 -0.260031
0.00554161 -0.0483841 -0.0522132
-0.0134792 -0.10641 -0.887787
-0.0650845 -0.11276 0.316712
0.00554161 -0.0119066 -0.221081
-0.0191155 0.126951 0.485402
-0.0587208 0.112182 0.509192
0.00182853 -0.126972 0.871542
-0.0428151 -0.110812 -0.400643
-0.0612545 -0.126972 0.98348
0.0351163 0.126951 0.945319
-0.0052551 0.0735665 -0.8156
0.0405363 -0.126972 0.182265
0.0139532 0.106503 -0.436348
-0.0512437 -0.126972 -0.553435
0.0116311 0.126951 0.890328
-0.0052551 0.010862 -0.620354
-0.0324352 0.109882 -0.70721
-0.0320291 -0.126972 -0.310387
0.0277809 -0.126972 -0.929323
-0.0646493 -0.126972 0.829469
0.0650764 0.112713 -0.0447964
0.0609098 -0.11237 -0.049246
-0.0125727 -0.105813 -0.481682
-0.0584968 0.126951 0.471369
-0.0052551 0.00709663 -0.981668
-0.0482977 -0.126972 -0.098939
0.0250878 -0.109236 0.333203
-0.0101459 -0.10374 0.590211
-0.0176924 0.108259 -0.622093
-0.0460058 -0.126972 0.210589
0.0095604 -0.126972 0.542705
0.010399 0.126951 -0.29808
-0.0539553 0.126951 0.384391
-0.0274385 0.126951 -0.746628
0.0761201 0.120421 -0.751202
-0.0457865 0.11105 0.552463
-0.0052551 0.00782706 0.381989
-0.0129473 -0.126972 -0.756134
0.0611204 -0.126972 -0.310749
-0.0530449 0.111685 -0.775487
-0.0052551 -0.00284157 0.949457
-0.0052551 -0.0426738 0.0956319
-0.0458989 0.126951 0.301911
0.0370467 0.110261 -0.662874
0.0499096 0.126951 0.781094
-0.0268809 0.109396 -0.947391
-0.0052551 0.0871109 -0.0869213
0.00554161 0.00206103 0.185265
0.0458727 -0.111054 0.628194
0.0195843 -0.108666 0.145395
-0.023826 -0.109151 -0.190444
-0.00820195 -0.101347 -0.444986
-0.0052551 -0.0291769 -0.118769
-0.0052551 -0.00831277 0.223295
0.00554161 0.0491317 -0.633869
-0.0245735 0.126951 0.252496
-0.0758336 -0.123883 -0.729355
0.0443777 0.126951 -0.753401
0.0127127 -0.105708 0.893036
-0.0336041 0.109985 -0.518862
-0.0108656 -0.104439 0.637684
-0.0052551 0.0732576 -0.222121
0.0312073 -0.109771 -0.69737
0.00554161 0.0901998 0.567954
0.00580756 -0.126972 -0.00790469
0.00554161 -0.0298658 -0.607032
-0.0052551 0.00314552 0.0522053
0.00554161 0.0108867 -0.464936
-0.0344774 0.110061 -0.99689
-0.0238619 -0.109154 -0.950787
-0.0395022 0.126951 -0.0214057
0.00554161 -0.0307608 0.258479
-0.0052551 0.0594066 0.541794
0.00554161 -0.0434192 0.444138
-0.0052551 0.024136 0.610911
0.0542522 0.111766 -0.330324
0.0251432 -0.126972 0.221171
-0.0475923 -0.11123 0.694647
0.0761201 0.122263 0.0995113
0.0384889 -0.110408 -0.816237
-0.0290201 0.109584 0.0299046
0.0450198 -0.11098 0.557863
0.00749266 0.126951 0.67778
0.0264342 0.109332 0.273706
0.00554161 0.0814734 -0.857356
-0.0052551 -0.0773231 0.285187
-0.0459835 -0.111089 0.339637
0.0324366 0.109857 0.752008
-0.0052551 -0.0829005 0.0378892
0.0344903 -0.126972 -0.514946
0.0148148 0.106985 0.627085
0.00554161 -0.019157 0.616215
-0.0758336 -0.123696 -0.378943
0.0761201 -0.124312 -0.676847
-0.0052551 -0.027465 0.982976
-0.0742803 -0.11445 -0.57103
0.00554161 0.0486533 -0.578002
-0.00528714 -0.126972 0.902599
-0.034562 0.110068 0.812558
0.0237027 -0.126972 0.04247
0.00791686 -0.126972 -0.851952
0.00593783 0.126951 0.176282
-0.0052551 7.87893e-05 -0.0589386
-0.0489421 -0.111348 -0.306739
-0.0052551 0.0458691 -0.862465
0.0545763 -0.111816 0.152218
0.00554161 0.0469815 -0.368724
-0.0303139 -0.126972 -0.545494
-0.0309616 -0.109775 -0.270147
0.00979575 0.103028 -0.169055
0.00889948 -0.101931 0.739616
-0.0052551 0.0114593 0.00484711
-0.0145482 -0.107017 0.555198
0.0122713 -0.105379 -0.107174
0.042369 0.126951 -0.158382
-0.0423355 0.110748 -0.18393
-0.0541718 0.111784 0.24598
-0.0559359 0.126951 0.4161
0.0222679 -0.126972 0.13085
0.00554161 0.00843064 -0.339599
0.023171 -0.126972 0.103953
0.00554161 0.0435914 -0.734216
-0.0428655 -0.126972 -0.826141
-0.0134008 -0.106362 0.254856
0.00554161 0.042004 -0.536343
-0.0103106 -0.103907 -0.52854
-0.00562795 0.0952447 0.225552
-0.0153334 -0.107401 0.13867
-0.0125275 0.105759 0.857532
0.0172381 0.108024 0.0489286
0.0358809 0.110159 -0.193848
0.00793256 0.126951 -0.588893
-0.0375637 -0.110352 -0.566363
-0.0310219 0.126951 0.575521
-0.00972729 0.126951 -0.823469
-0.0546049 0.126951 0.729826
-0.0241842 0.126951 -0.405395
-0.00872174 -0.126972 0.998777
0.0446113 0.110922 0.0121436
0.0510175 0.111483 -0.39279
-0.0757571 0.126951 -0.179444
-0.0433304 -0.110857 -0.613668
-0.0052551 -0.0902683 -0.693437
0.00979766 -0.103051 -0.53869
0.0684799 -0.113032 -0.391777
0.0127067 -0.105704 -0.239164
0.0630531 -0.126972 -0.720471
0.0299573 -0.109662 0.378101
-0.0052551 0.0150461 0.113484
-0.0528945 0.111672 -0.310216
-0.0751589 0.126951 0.358476
0.0413896 -0.126972 -0.37082
-0.0052551 -0.0525883 -0.153041
-0.0052551 0.0362181 -0.0472554
-0.0052551 -0.018153 0.186331
0.00554161 0.0303476 0.267955
-0.0052551 0.081343 0.455921
0.00554161 -0.0153893 -0.691856
-0.0481638 0.111258 0.991911
-0.0052551 0.089664 -0.40569
0.00554161 0.0480714 0.698847
0.0305598 -0.126972 0.553892
0.0761201 -0.126148 0.371762
-0.0349297 -0.126972 0.634814
-0.0052551 -0.065949 0.87592
0.00565353 -0.0936597 0.986909
-0.0335044 0.109976 0.631562
0.00554161 -0.0823554 -0.562301
-0.0362644 0.126951 0.277768
0.0478937 0.11121 0.587563
0.035096 0.11009 -0.0366198
0.012293 -0.126972 0.173469
-0.0630394 0.11256 0.0260094
0.0560196 -0.126972 0.7778
0.0247829 -0.109209 -0.209639
-0.00549453 -0.0945626 0.859974
-0.0146459 -0.107067 0.394645
0.0549036 -0.126972 0.398343
-0.0600436 -0.112319 -0.134039
-0.0631309 0.126951 0.57126
-0.0583023 0.112145 0.337724
0.00554161 -0.0339747 -0.340199
-0.0161394 -0.107746 0.807079
0.0318971 0.10981 0.453032
-0.0129853 -0.106095 -0.284229
-0.0135687 -0.106465 -0.208875
-0.0231549 0.126951 0.973399
-0.0362757 -0.11024 0.401571
-0.037386 -0.126972 -0.446289
-0.0424005 0.126951 0.951744
-0.0375638 0.126951 -0.640371
0.00885051 -0.101864 0.555738
0.0214391 0.126951 -0.534657
0.0300153 -0.109667 0.116809
-0.0127366 0.105906 0.968737
0.0643675 -0.126972 0.670652
-0.0174555 -0.126972 0.972325
-0.0052551 0.0469959 -0.447744
0.0761201 -0.126246 0.719538
0.00554161 -0.0615487 0.684969
0.0753619 0.115339 -0.940907
0.0486553 0.126951 -0.221579
0.00554161 -0.0469664 -0.210742
0.0111013 0.10437 -0.550209
-0.0052551 -0.0486079 -0.708019
-0.0537792 -0.126972 0.880088
-0.054384 0.111803 -0.557855
0.0117241 0.104918 -0.350421
-0.00285767 0.126951 0.296239
-0.0618011 -0.126972 -0.0191845
-0.0586782 -0.1122 -0.930164
0.0462746 -0.111089 -0.481834
-0.0433616 -0.126972 0.12531
0.0458936 -0.111056 -0.898696
0.0761201 0.126364 0.449322
-0.0638241 0.126951 0.215031
-0.0252543 0.109254 -0.250225
0.0724045 0.126951 -0.980423
-0.0268234 0.126951 -0.309773
0.0572143 0.126951 0.171207
0.00554161 0.0501203 -0.698473
-0.0338222 -0.126972 -0.742735
0.00554161 -0.0257607 -0.981426
0.0586585 -0.112173 -0.541892
-0.047096 -0.111186 -0.37579
-0.00962888 -0.103185 -0.914465
-0.0280976 -0.109524 -0.647509
-0.0623338 -0.126972 -0.887591
-0.00922572 -0.126972 0.334851
0.00774994 0.126951 -0.731987
0.00554161 0.00329324 0.524461
-0.0052551 -0.0666711 0.723599
0.00554161 0.0722403 0.754115
-0.0559478 0.126951 -0.980414
0.0120841 -0.126972 -0.608688
0.0728956 -0.113519 -0.572767
0.00842991 0.101238 0.241795
-0.0052551 0.0190043 -0.889422
-0.0627829 0.112537 0.00260417
0.01153 -0.126972 -0.734129
-0.0231318 0.109068 -0.679278
-0.0758336 -0.118113 0.596677
-0.0052551 0.0554077 -0.411167
-0.0257161 -0.109316 -0.670712
-0.0573746 -0.126972 -0.251751
-0.0052551 0.067828 -0.596261
0.00554161 -0.0251507 0.000863808
-0.0758336 0.126923 0.631334
-0.00866105 0.101974 0.993302
-0.0631128 0.112566 0.662206
0.00554161 -0.0501931 0.229578
-0.0266363 0.126951 -0.528839
-0.0267391 -0.109405 0.0749441
-0.0548713 0.126951 0.786111
0.014536 -0.126972 -0.801071
0.0437507 0.110847 0.0731828
0.00554161 0.0296486 -0.949133
-0.0750888 0.115359 -0.647054
-0.0539768 0.111767 0.27494
-0.0758336 -0.126155 0.0419255
-0.0374352 0.11032 0.785104
0.00554161 0.0474864 -0.18284
-0.0052551 -0.0788903 0.144648
0.00961893 -0.102843 -0.455685
0.00554161 -0.0350872 -0.0717616
0.0631222 -0.112563 0.00592354
0.0543549 -0.126972 0.907084
0.00554161 -0.0518449 -0.985316
-0.0575841 -0.112104 -0.758887
-0.0052551 -0.0868433 -0.995174
0.0119331 0.10509 0.129741
0.065573 -0.112778 -0.21425
-0.0567701 0.112011 0.96548
-0.0052551 -0.0746855 0.3413
0.0565028 0.126951 0.28708
0.0510921 -0.111511 0.433157
0.00554161 0.0112421 0.154964
0.048536 -0.126972 -0.412531
-0.0308874 0.126951 0.529795
0.0708214 -0.126972 0.94047
0.00554161 0.0190339 -0.197063
0.00554161 -0.0851635 0.710532
0.0761201 0.125582 -0.877756
-0.0758336 -0.12533 0.796009
-0.0311397 -0.10979 0.598589
-0.0581763 -0.112156 -0.979977
0.0185293 -0.126972 0.716287
0.0587408 0.126951 0.210116
0.0761201 -0.126374 -0.825978
-0.0332747 -0.126972 0.934379
0.0250596 0.109212 0.783013
0.0208264 -0.126972 0.35743
-0.0585273 -0.112187 -0.47783
0.0276294 0.126951 0.672901
0.00554161 -0.0855065 -0.601781
0.0357317 0.110146 -0.474086
0.0514084 -0.111539 -0.7374
0.0426889 -0.126972 -0.0121076
0.00554161 -0.0619394 -0.0965652
-0.0305704 -0.109741 0.238738
-0.0052551 0.0330596 0.0669179
-0.0675956 0.112958 0.686538
0.0116263 -0.104857 -0.0178561
0.00784087 -0.100308 0.947778
0.00554161 -0.0290473 0.0627688
-0.00534472 0.0934324 0.189041
0.0376857 0.126951 0.538043
-0.0369104 0.126951 -0.969327
-0.00143429 -0.126972 -0.50106
-0.0052551 -0.0617222 0.51013
0.0310571 0.109737 -0.417276
0.00554161 0.032661 -0.914479
0.0116427 0.126951 -0.471987
-0.0384842 0.126951 0.863135
0.0128336 -0.105795 0.193738
0.0300822 0.109651 0.314059
-0.0626314 0.112524 0.870101
0.00554161 0.0533794 -0.203494
-0.0052551 -0.0848128 0.671596
0.00554161 0.00473611 0.401815
-0.0540648 -0.126972 -0.407347
-0.0052551 0.0376028 0.578572
0.0542917 0.111769 -0.951202
-0.0052551 0.0649503 -0.146996
0.0294719 -0.109619 0.27482
-0.0422771 0.126951 -0.0603823
0.0185806 0.126951 -0.790782
0.0551492 0.126951 0.311749
-0.0129027 -0.126972 0.622284
-0.0689037 0.113073 -0.447245
-0.0052551 -0.0505795 -0.814194
0.0344117 -0.126972 -0.201096
-0.0052551 -0.0176357 0.665167
0.034171 -0.110031 0.00706706
-0.0575662 -0.126972 0.0850054
0.0701402 -0.126972 -0.649246
-0.0395683 -0.126972 -0.877124
-0.0052551 0.0826338 0.787437
0.0608418 -0.112364 0.743767
0.00554161 -0.000461272 -0.306009
0.0312413 0.126951 0.799873
0.015327 0.107242 0.998184
0.0226677 -0.126972 -0.632757
-0.0052551 -0.066571 0.0637597
0.00554161 0.0671402 0.0769263
-0.0052551 -0.0851826 -0.225281
-0.00479336 -0.126972 0.196842
-0.0124885 0.126951 0.401607
0.0542548 -0.111788 0.0635641
0.00224394 0.126951 0.813263
-0.0134871 0.106394 0.516116
0.00554161 -0.0836262 -0.889598
-0.0145911 0.107017 -0.138662
-0.0280469 0.126951 0.0667606
0.0312074 0.10975 -0.277232
0.0742573 -0.114202 0.486074
0.0310561 -0.126972 -0.0752833
0.00554161 -0.0340952 -0.824056
0.00554161 0.0706206 -0.0267868
0.00131242 -0.126972 0.396804
-0.0542643 0.111792 0.132299
0.00554161 0.0307182 -0.213812
-0.00641221 -0.126972 0.691683
0.0294767 -0.126972 -0.760667
-0.000787495 0.126951 -0.0349331
-0.00925 0.102723 0.339432
0.0612701 0.11238 0.637309
0.0386071 -0.126972 0.204747
0.031759 -0.126972 -0.291945
-0.0272422 -0.109449 0.522254
0.0442761 0.110893 0.548733
-0.016309 0.107791 0.603047
-0.0052551 0.0111332 0.204609
0.029723 -0.126972 -0.140107
-0.0052551 -0.0833212 0.434137
-0.0370346 0.110285 0.695268
0.0613252 -0.112406 0.118305
-0.0052551 -0.05058 0.898633
0.024894 0.109197 -0.926082
0.00554161 -0.0260051 -0.472902
-0.0112529 -0.126972 -0.675499
0.0190955 0.126951 -0.0676063
0.0751206 0.115008 -0.667626
0.0515803 0.111532 0.86458
0.00879774 -0.126972 0.464213
-0.0052551 -0.0222156 -0.883766
-0.0626175 0.112523 0.92418
0.0556143 -0.111907 0.690852
0.00554161 0.0309597 -0.609557
0.0448983 -0.110969 -0.995322
-0.03171 0.126951 0.360072
0.0566185 -0.111994 -0.76733
0.0273625 -0.126972 -0.421138
0.0250392 0.126951 0.303652
-0.0052551 0.0877282 -0.187979
0.00369732 0.126951 -0.657413
0.0252884 0.126951 0.488403
0.00554161 0.0299443 -0.0247046
-0.0052551 0.0269937 -0.471003
0.00554161 0.0231251 -0.247743
0.0111749 -0.104459 -0.874651
0.0312857 -0.109778 -0.838719
0.0409761 -0.110626 0.926513
-0.0435448 0.126951 0.665288
0.0221629 -0.10898 -0.943259
0.0536323 -0.126972 0.506734
-0.0052551 0.0365165 0.824065
0.0217182 -0.126972 -0.118514
0.00554161 -0.089811 0.37904
-0.0330874 -0.109961 0.210334
0.0628837 -0.112543 0.548373
0.00554161 -0.0806119 -0.938053
-0.0052551 0.0719747 0.213054
0.0761201 0.121942 0.379614
0.0746765 -0.11455 -0.754278
0.0550166 -0.111854 0.833562
-0.0398665 0.126951 -0.587748
-0.0642526 -0.112687 -0.539288
-0.0583209 0.126951 -0.792238
-0.00414813 -0.126972 -0.567931
-0.0052551 0.0307998 0.975774
0.0731883 -0.126972 -0.0840646
-0.012828 0.105968 0.744827
-0.0163137 -0.126972 0.154378
-0.00174777 -0.126972 -0.900944
0.00554161 0.0252495 -0.271684
-0.0390146 -0.110479 0.489626
-0.0258779 -0.126972 0.861572
0.00554161 0.0164615 -0.0952364
0.00554161 0.0814558 -0.761469
0.00554161 -0.0826282 -0.858592
0.00554161 -0.0767069 -0.292197
0.0339721 0.126951 0.877235
-0.0335502 0.10998 0.0901726
0.0581746 0.126951 0.348788
0.0282491 0.126951 0.393834
0.00554161 -0.0185733 -0.16464
0.0657844 -0.112796 -0.15201
-0.00301422 0.126951 -0.923418
-0.0758336 -0.11861 -0.999478
-0.0250898 -0.109261 0.924966
-0.0576061 0.112084 -0.946764
0.00554161 0.0297802 -0.323887
0.00554161 0.0842873 -0.905493
0.0642074 -0.112658 0.336892
-0.0600452 -0.126972 0.00518743
-0.0576111 -0.126972 -0.0731916
-0.0134426 0.126951 0.0259341
0.0360323 -0.126972 0.243394
-0.0503242 0.126951 0.749887
-0.0052551 0.00420842 -0.953257
0.00554161 -0.0135752 0.720461
0.00554161 0.00573093 -0.730448
-0.0507544 -0.111506 -0.285987
0.0228489 0.126951 -0.106174
-0.0526513 -0.126972 0.421728
-0.0406047 -0.126972 -0.0327128
0.00554161 -0.0342431 0.0418959
-0.0307639 -0.126972 -0.407611
0.0410422 -0.110632 -0.600885
-0.0324073 -0.126972 -0.246824
-0.056717 0.112007 0.81957
-0.0718743 -0.113359 0.288904
0.019826 -0.126972 0.751408
-0.0052551 -0.00677676 -0.44424
0.0761194 0.117778 0.489275
-0.0610026 -0.112403 0.409724
-0.0052551 0.0691558 0.851001
0.041926 0.126951 0.243236
-0.0052551 -0.0880484 -0.508109
0.032621 -0.126972 0.9096
-0.0751214 0.11541 0.384562
0.064633 -0.112696 -0.281574
-0.0429145 0.110799 -0.369381
-0.0482909 0.111269 -0.502098
-0.0170697 -0.126972 -0.635857
0.00554161 0.017849 0.417843
-0.0052551 -0.0593012 -0.673197
-0.0213462 -0.126972 0.376427
-0.0052551 0.0450533 0.3948
0.00554161 -0.0196311 0.914049
0.0578999 0.126951 -0.0259508
-0.0325353 -0.109913 0.361132
0.0123764 0.126951 -0.859463
-0.0546191 -0.111845 0.737154
0.0294063 -0.126972 -0.54351
-0.0593483 -0.126972 0.926828
0.0487412 0.111284 -0.879085
0.00554161 -0.025871 0.29606
-0.024944 -0.109248 0.871866
-0.0127971 0.105947 0.427567
-0.068255 0.126951 -0.515771
-0.0347123 -0.126972 0.22886
-0.0410331 -0.126972 0.97008
-0.0187202 -0.126972 -0.828166
-0.0052551 0.000966291 -0.377977
0.0238975 0.126951 0.233676
-0.0737252 0.126951 0.244412
-0.024746 -0.126972 -0.466764
-0.0662413 0.126951 -0.379444
0.00554161 -0.0915875 -0.133828
0.0290731 0.109563 -0.792796
-0.0052551 -0.0345813 0.527516
0.00554161 -0.0296082 -0.752796
0.0742188 0.126951 -0.368828
0.00557072 -0.0926989 -0.922013
0.0321835 0.109835 0.569451
-0.0052551 0.0874569 0.504708
-0.0052551 0.0435617 0.6384
-0.0052551 -0.00771743 -0.150025
0.00554161 -0.0141141 -0.567662
0.00554161 -0.0125368 0.494838
-0.045813 0.126951 0.330083
0.0391146 -0.126972 -0.707913
-0.0274189 0.126951 0.835775
0.00554161 -0.0780508 -0.078036
-0.00576963 0.0958597 0.828263
-0.056142 -0.126972 0.0631409
-0.0052551 -0.0521142 0.666526
-0.0185192 0.126951 -0.885213
0.0636039 0.112584 0.965469
-0.0146092 -0.107048 0.739496
-0.029863 -0.126972 -0.0501185
-0.0052551 -0.0481346 0.70276
0.0475734 0.111182 0.818387
-0.0052551 -0.000499631 -0.279328
-0.0559058 -0.111957 -0.447709
0.00554161 -0.0123345 -0.546478
-0.0213064 0.126951 -0.216862
0.0205895 0.126951 -0.156938
-0.0593208 0.112234 -0.69753
-0.0562742 0.126951 -0.264188
0.0618342 0.126951 -0.847024
-0.0052551 0.0683447 -0.0704541
0.0394395 -0.126972 -0.457231
0.00554161 0.0808188 -0.999389
-0.0052551 -0.0026514 -0.899561
-0.0135405 0.106426 0.368578
-0.0566739 -0.126972 0.536294
-0.0758336 0.117984 -0.15507
0.00590042 0.0951775 -0.488606
0.00554161 0.0908778 0.954464
-0.0052551 -0.0523643 -0.938058
-0.0580096 -0.126972 -0.669503
0.02257 -0.126972 -0.225224
0.0336977 0.109968 0.4067
-0.0269193 0.126951 -0.44528
-0.0112594 0.104767 -0.961627
-0.0052551 0.0640638 -0.620487
-0.0465198 0.126951 0.0266839
-0.0052551 -0.0757961 0.968846
0.0258916 -0.109306 -0.512474
-0.0052551 -0.00331027 0.981143
0.00554161 0.0246851 0.0162764
-0.0052551 -0.00118189 -0.48148
0.0287053 0.126951 -0.620745
-0.0328648 -0.109941 0.541381
0.0761201 0.122695 -0.589717
-0.0052551 0.00121685 0.782884
0.00554161 -0.0729253 -0.732918
-0.0052551 -0.0208754 -0.514013
0.00554161 -0.0880136 0.876401
0.0489281 0.1113 0.700336
-0.0052551 0.00104996 0.279474
0.0465345 0.111091 -0.101197
0.00554161 0.0756549 -0.798988
0.0363472 0.110199 -0.221424
0.0113291 0.126951 0.375766
0.0169783 0.126951 0.774058
-0.0168084 -0.126972 -0.101192
-0.00853659 -0.101826 0.709907
0.0571927 -0.112045 -0.628552
-0.00684633 -0.0989383 0.351771
0.063688 -0.126972 0.701126
-0.0672088 -0.112946 0.228848
0.0156619 0.126951 0.33696
-0.0367722 0.110262 0.502826
0.0139298 0.106489 0.3919
-0.0253337 0.126951 0.151588
-0.0211104 0.126951 0.223332
0.0250562 -0.126972 0.809021
-0.00982171 0.103376 -0.451836
0.0422963 -0.110741 -0.393353
0.0596044 0.126951 -0.577011
-0.0052551 0.0795803 -0.889158
-0.0052551 0.0132675 -0.714724
-0.0236981 -0.126972 0.567979
0.0245945 -0.109193 0.820581
0.0125753 -0.105608 -0.173842
0.0662543 -0.112837 0.855764
0.0403278 -0.110569 -0.0317594
0.0756168 -0.115796 -0.51916
-0.0295372 -0.10965 0.299595
0.00554161 0.0853803 -0.00925833
0.0304779 -0.126972 0.340292
-0.040693 0.126951 -0.422103
0.00554161 -0.076752 -0.181518
0.0577665 0.126951 0.992019
0.0560577 -0.126972 0.32
-0.0052551 0.0398651 -0.667949
0.00554161 0.0830364 0.372548
-0.0052551 -0.0857096 0.937957
-0.0529719 -0.126972 -0.800451
-0.0545784 -0.126972 0.704098
-0.0678308 0.112979 0.534589
0.00554161 0.0293757 0.215181
0.00554161 0.0695615 -0.342302
-0.0683597 0.126951 -0.319576
0.00554161 0.0586305 0.946908
0.0280728 -0.126972 -0.0484563
0.00554161 -0.03787 0.859291
-0.0633928 -0.126972 0.511986
-0.0052551 0.0169471 0.1772
0.0124619 -0.126972 0.999053
-0.0495917 0.126951 -0.919759
0.00554161 0.0837273 0.881797
0.00554161 0.0170749 -0.577918
0.035819 -0.126972 0.445981
-0.0052551 -0.0201436 0.698583
0.00554161 -0.0232509 0.170788
0.0291133 -0.109588 0.981279
-0.0158178 -0.126972 0.116816
-0.0105714 -0.104163 -0.0518333
-0.0432622 0.11083 -0.0714542
0.0196977 0.108666 -0.239328
0.00554161 0.0588326 -0.288664
-0.0151866 -0.126972 -0.980074
0.00554161 -0.0329562 -0.416047
-0.0471458 -0.126972 0.680529
-0.0562454 -0.111987 0.121228
-0.0273266 0.109435 0.561527
0.0373462 0.110287 -0.734905
0.00554161 -0.0600159 0.176531
-0.0172951 0.108137 0.112579
-0.0052551 -0.0372848 0.831732
-0.0733442 0.113794 0.722042
-0.0143364 0.106883 -0.339477
-0.0382189 0.126951 0.803431
-0.0587323 -0.126972 0.72431
-0.0612445 -0.126972 -0.646494
0.0753298 -0.115313 0.447389
-0.0406729 -0.110624 -0.168215
-0.0574287 0.112069 0.29675
-0.0569042 -0.126972 0.383855
-0.00742018 0.126951 -0.975092
0.00554161 -0.0843272 0.504449
-0.000983011 0.126951 -0.566193
0.0656845 -0.112788 -0.927407
-0.0261378 0.126951 0.114752
-0.0600446 0.112298 -0.754488
-0.0309754 -0.126972 -0.909077
0.00554161 -0.00626417 0.0653879
0.00554161 -0.0478866 0.298111
0.0761201 -0.126851 -0.894111
0.0240431 -0.109144 -0.29093
-0.0604271 0.112331 -0.193039
-0.0052551 0.0653213 -0.431038
-0.0758336 0.126588 -0.485638
-0.0052551 0.0583595 0.575572
-0.0580869 0.112127 -0.900328
0.0603944 0.112303 -0.655241
0.0481347 -0.111252 0.476002
0.0727043 0.113443 -0.415855
-0.0591251 0.112217 -0.99476
0.0572465 -0.112049 0.811609
-0.0195087 0.108683 -0.745494
0.00554161 0.0366099 -0.403716
0.00554161 -0.0871312 0.653191
0.00554161 -0.00953478 0.0886225
-0.036143 -0.126972 -0.956296
0.0587145 -0.112178 0.654559
0.00554161 -0.0652811 -0.599914
-0.0406923 -0.126972 0.552213
0.00554161 0.0826302 -0.315411
0.0761201 -0.125183 -0.610094
0.0749406 -0.126972 0.0923028
0.0400106 -0.110541 -0.14049
0.0494381 0.111345 -0.357849
-0.0582456 0.126951 0.848452
0.00554161 -0.0600076 0.994038
0.0316085 0.109785 -0.836921
0.0519536 -0.111586 -0.376028
0.00554161 -0.00132934 -0.824466
0.00554161 -0.0535456 -0.240693
0.0620812 0.112451 0.364926
0.0629603 0.112528 0.452592
-0.00744052 -0.100107 -0.758531
0.0103748 0.103659 0.93921
-0.0052551 -0.0302424 0.236237
-0.0746835 -0.126972 0.754081
-0.0568695 0.11202 0.635687
-0.0052551 -0.0914349 -0.957994
0.0383442 -0.110396 0.753318
0.00690956 0.0984122 0.849058
0.0535309 -0.111724 0.180419
0.0281111 0.126951 0.744049
-0.0643592 -0.112697 0.782883
0.0293892 -0.109612 -0.492575
0.00554161 -0.082964 0.621165
-0.0709642 0.113253 0.786256
0.0389228 -0.110446 -0.857115
0.0696307 0.113111 0.801224
0.0571287 -0.112039 -0.979361
0.0571077 -0.112037 0.940503
0.00554161 -0.0871027 -0.00710785
-0.0052551 -0.0323982 -0.285995
0.0595915 -0.126972 0.605196
-0.0337179 -0.110016 -0.0208805
-0.0350233 0.110109 0.244016
-0.010505 0.126951 0.546116
0.00820071 0.100884 0.28282
-0.0052551 -0.0552868 -0.400076
-0.0052551 -0.0489178 -0.872674
0.00554161 -0.0569724 -0.273388
-0.0577272 0.126951 0.189985
0.00554161 0.0728964 0.442007
-0.0106069 0.126951 0.906526
-0.0579202 -0.112133 0.896581
0.00554161 -0.0812327 -0.780245
-0.0052551 -0.00959969 -0.116569
-0.035488 -0.126972 0.841332
-0.0557485 -0.126972 0.153781
0.023986 -0.109139 0.242959
0.0728999 -0.126972 -0.916451
-0.0052551 0.0649014 -0.768605
0.0742092 0.114146 0.684728
0.0639662 0.126951 0.411046
-0.0317533 -0.126972 -0.0889958
-0.052111 0.111604 0.101667
-0.0052551 -0.0491688 0.267326
-0.0593788 -0.112261 0.649812
0.0237617 0.126951 -0.90045
0.017201 0.108012 -0.455777
-0.00603947 0.0968212 0.584111
-0.0546728 -0.111849 -0.950286
0.00554161 0.0187968 -0.512006
0.00554161 -0.0858557 -0.40915
0.0146244 -0.106905 -0.747163
-0.0619211 -0.112483 0.618681
-0.0052551 -0.0895078 -0.488917
0.00554161 -0.0324883 -0.782078
-0.0277454 0.126951 -0.720051
-0.0607817 0.126951 0.902511
0.00554161 -0.0767855 0.128878
0.0321295 -0.109852 -0.310329
0.0354921 0.126951 -0.979329
-0.0735068 0.113881 -0.851039
0.00554161 0.0143064 -0.412046
0.0561926 -0.126972 0.986704
-0.00536405 0.126951 -0.26785
-0.0052551 0.0752366 -0.459374
-0.00538357 0.0937779 -0.541317
-0.0052551 -0.0444609 0.0750667
0.00726174 0.0991897 -0.848157
0.0656603 0.126951 -0.080223
-0.0052551 -0.0436929 -0.187325
-0.0514285 0.126951 0.166806
-0.0731946 0.113722 0.984849
-0.0423488 0.11075 -0.816754
-0.0590942 -0.126972 -0.168028
0.0263828 -0.126972 -0.971155
-0.0393073 0.110484 -0.606355
0.0486282 -0.111295 -0.652403
0.0314261 -0.10979 0.519627
0.0546009 0.126951 -0.916344
0.00554161 -0.0505559 -0.953768
-0.0052551 -0.0224346 0.0313889
-0.0052551 -0.00193174 0.880263
-0.0729115 -0.113623 0.976281
0.00889129 0.101898 -0.954806
0.034339 -0.110045 0.294234
-0.0052551 -0.0637983 0.535427
0.00193051 0.126951 -0.337594
0.00554161 -0.0542822 -0.584278
-0.0504537 -0.126972 0.81667
-0.0210782 0.108889 -0.901705
0.0217727 0.108924 0.659777
-0.0616844 -0.112463 -0.58621
0.00554161 -0.0439341 -0.854622
-0.00190329 -0.126972 -0.18868
0.0348262 -0.126972 0.0269442
0.00554161 0.0634138 -0.535481
-0.0370321 -0.126972 0.592701
0.0597631 -0.126972 0.585354
-0.0143932 -0.126972 0.479649
0.0498224 -0.1114 -0.522671
-0.0374028 0.110317 0.0594193
0.074706 0.114556 0.261554
0.0310183 -0.109755 -0.716852
0.0755748 0.115694 0.23984
0.04475 0.110935 -0.803591
0.00554161 0.0065408 0.819088
0.0237052 0.126951 -0.654511
-0.0052551 0.0682471 0.82161
0.0331786 -0.126972 0.949691
0.0364237 0.110206 -0.513573
0.0474596 -0.126972 -0.821728
0.0397614 0.110498 -0.31086
0.013227 -0.106065 0.167656
-0.0617552 0.112447 -0.143104
-0.0335428 -0.126972 0.0525159
-0.0374803 0.126951 -0.247986
0.018506 0.108403 -0.70636
-0.0052551 -0.0308487 -0.63217
0.00554161 0.0718453 0.420454
-0.0638603 0.112632 0.159018
0.0100487 -0.103333 -0.19562
0.0302859 -0.109691 -0.580674
-0.0102851 -0.103882 -0.830908
0.0598763 -0.126972 0.0323861
-0.0052551 0.0793037 0.151746
-0.0418089 0.110702 -0.0309904
0.0602491 -0.112312 -0.18809
0.0586021 -0.112168 0.247
0.0382488 -0.110387 0.881636
-0.075813 -0.117445 -0.36101
0.0413474 0.126951 0.613714
0.0115175 -0.126972 0.59025
0.0757955 -0.116188 -0.349519
0.0761201 -0.126607 0.411896
-0.0383366 -0.126972 -0.783634
0.00554161 0.041232 0.436932
-0.0285921 -0.109568 -0.812061
-0.0052551 -0.0222425 0.949709
-0.0591216 -0.112239 0.211486
0.015343 0.107249 -0.147865
0.0581493 0.126951 -0.180279
0.00554161 -0.0219791 0.318027
-0.0331089 -0.126972 0.41225
-0.0052551 0.0292582 0.366171
-0.00258681 0.126951 -0.232623
-0.0052551 -0.0550938 0.580581
0.0122419 -0.105356 -0.37853
-0.0052551 0.0507491 0.361892
0.00554161 -0.0580663 0.95439
-0.0052551 -0.0384402 0.727122
-0.0052551 -0.0468776 0.325762
0.0389336 0.110426 0.0958143
0.0556589 0.126951 0.043182
0.00554161 -0.0115932 0.749926
-0.0052551 -0.0837308 0.163879
0.0561297 0.11193 -0.861667
-0.0052551 0.0030146 -0.132444
0.0528159 0.126951 0.578282
0.0326103 0.126951 0.0346833
0.00996326 0.103217 0.347435
0.0721086 0.113331 0.174705
-0.0052551 -0.0690152 0.216016
0.005573 0.0927159 -0.653676
-0.038737 -0.110455 -0.934697
-0.0052551 0.0665809 0.734307
0.0252083 -0.126972 0.387905
-0.0052551 0.0127301 0.85112
0.0341552 -0.126972 -0.885602
-0.0655897 0.126951 0.0735642
-0.0466401 0.111125 0.196555
-0.0597085 0.112268 0.484086
-0.0636389 -0.112634 -0.701503
0.00554161 0.0632257 -0.481572
-0.00898654 0.102399 0.921952
-0.0311672 0.109771 0.670157
0.0662687 0.126951 -0.142343
0.0627471 0.126951 -0.278689
0.00554161 0.0232817 0.382399
0.0205612 -0.126972 -0.591847
0.0607031 -0.126972 0.217
-0.0623942 -0.126972 0.559704
0.0412685 0.11063 0.918219
-0.0483887 0.126951 -0.166608
0.016992 0.126951 -0.509207
0.00554161 -0.0410295 -0.515883
-0.0052551 -0.0180865 -0.197325
-0.0052551 0.014706 -0.180808
0.0585467 -0.126972 -0.165447
-0.0469634 -0.111175 0.867903
0.0338554 0.126951 0.341659
-0.0052551 0.0390073 0.598859
-0.0052551 -0.0141341 -0.760107
0.0654427 -0.112766 -0.881666
0.0649982 0.112706 0.0527159
0.0569337 0.126951 0.523984
0.0126299 0.105627 0.912922
-0.000827209 -0.126972 0.318066
0.0595968 -0.126972 0.559965
0.0328959 0.109898 0.212443
0.0637665 0.126951 -0.387175
0.0235424 0.126951 0.603471
-0.0516175 0.126951 0.518326
-0.0052551 -0.0318766 -0.378156
0.00799936 -0.100578 0.574746
0.05016 0.111408 0.124056
-0.0337915 -0.110022 -0.483709
-0.0624005 0.112504 -0.277556
-0.0373964 -0.126972 0.29478
0.0232122 -0.126972 0.876795
-0.0663101 -0.112867 -0.0473801
0.00554161 0.0385891 0.173593
0.0381762 0.126951 -0.361947
0.0377039 -0.11034 -0.79027
0.043414 0.126951 0.425282
0.0606201 0.126951 0.0870467
-0.017087 0.126951 0.61887
0.0273272 0.10941 -0.0933406
0.0640421 -0.126972 -0.80922
0.00554161 0.0655327 0.0972264
-0.0566122 -0.112019 0.453651
0.0604083 0.112305 0.926373
-0.00578264 -0.095933 0.753215
-0.0256674 0.10929 -0.434504
0.00554161 -0.0703541 0.842272
0.0581399 -0.112128 0.791541
-0.0052551 -0.0651982 0.818084
0.0483334 -0.11127 -0.672605
0.0652306 0.112726 -0.923022
0.0209539 -0.126972 0.527913
0.0258901 0.109285 0.356718
0.0161184 -0.126972 0.504515
0.0761201 -0.125464 0.346355
-0.0758336 -0.11926 0.332044
-0.0176589 -0.10827 -0.463901
-0.008516 0.126951 -0.53327
0.0612122 0.112375 -0.760368
-0.0295082 0.126951 0.928238
0.00884976 -0.126972 0.0690363
-0.0738384 -0.126972 -0.224357
0.00554161 -0.0861094 0.476758
0.0247996 0.126951 -0.995078
-0.0422044 -0.110758 -0.192972
0.0106576 0.103946 -0.255514
0.0594454 -0.126972 0.526726
0.00554161 0.0443009 0.543249
-0.0208238 -0.108887 0.100632
0.075037 -0.126972 -0.380726
-0.0340385 0.110023 0.722196
0.0604373 0.126951 0.464077
0.0752334 -0.115176 0.159852
0.00335413 0.126951 0.143906
-0.0740139 0.126951 0.545195
-0.0627595 -0.112557 0.0741538
0.0560516 0.126951 -0.80195
0.00554161 -0.0738929 -0.215202
0.00558857 -0.0929693 0.0263404
-0.0136582 0.126951 0.447294
-0.0567344 0.126951 -0.845269
-0.0657699 -0.11282 0.0337912
-0.0390722 -0.110484 -0.749502
-0.0178952 -0.126972 -0.0359099
0.0055813 0.0928453 0.543627
-0.0151983 -0.107338 0.465015
-0.0052551 -0.0882913 0.0732712
0.0760223 0.116917 0.204116
0.0389353 -0.110447 0.715033
-0.038392 0.126951 -0.677081
0.00554161 0.0302479 0.505577
0.0620639 -0.126972 -0.566014
0.0751964 0.115105 0.766538
-0.0159912 -0.126972 0.529821
0.0410706 0.110613 0.962682
-0.0706653 0.113227 0.849223
-0.0662281 -0.11286 0.951646
0.0608306 -0.126972 0.623783
0.0350094 0.110082 0.686878
-0.0052551 0.00415802 0.241233
0.0761201 0.126048 -0.89756
0.073578 -0.11379 0.270426
0.068126 0.11298 -0.478583
0.0600183 -0.126972 -0.24089
-0.0324736 0.109886 0.164835
0.0258416 0.126951 -0.808847
0.00554161 0.0208491 0.242372
0.0305056 0.109688 0.508419
-0.0052551 -0.0341505 0.405352
0.0092833 0.126951 0.522648
-0.0578977 -0.112131 -0.562773
0.037158 0.126951 -0.546469
0.0432666 -0.126972 0.275493
0.0134441 0.106186 -0.89058
0.00554161 -0.0516152 -0.773974
-0.032073 -0.126972 -0.195931
-0.0753113 0.126951 0.479041
-0.0388446 -0.126972 0.0991261
0.0591931 0.126951 -0.601229
-0.0283175 -0.109544 0.703134
0.0464205 0.126951 -0.670593
0.00554161 -0.031088 0.204022
-0.0108493 0.126951 0.687421
0.0373798 -0.110311 0.0712194
0.0105368 0.103825 -0.601951
0.0700063 -0.113166 -0.709112
0.0543714 -0.126972 -0.291588
-0.0174555 -0.126972 -0.143876
0.00554161 0.0488329 0.784282
0.00554161 0.0209222 0.701412
0.0391574 0.126951 -0.484899
0.0750286 -0.126972 0.201219
0.0498813 -0.111405 -0.836415
-0.0161041 -0.107732 -0.868772
0.0276448 0.109438 0.15881
-0.0052551 -0.0733735 -0.873354
0.0292698 0.126951 -0.718566
0.0572849 0.126951 -0.405754
-0.0335757 -0.110004 0.741249
0.0761201 -0.125688 -0.99948
0.00554161 -0.041296 0.777356
-0.0052551 -0.0335396 -0.592567
-0.0052551 -0.0711446 -0.74967
-0.00579901 -0.0959971 -0.325134
-0.011855 -0.126972 -0.617927
0.00562962 0.0934165 -0.734318
-0.0052551 0.0598548 -0.981351
0.00812941 0.100769 0.0206223
-0.0758336 -0.118526 -0.111889
-0.0418269 -0.110725 0.909979
-0.0129976 0.126951 0.0797342
0.0580119 0.126951 0.621513
-0.0570966 0.126951 0.23589
0.0392473 0.126951 0.992982
0.0530898 -0.126972 -0.198512
0.00554161 0.0740929 0.391859
0.0323559 -0.109872 -0.248105
0.00848239 -0.101338 0.796548
-0.059578 0.126951 -0.468008
-0.0052551 0.0790197 -0.241217
-0.0473463 0.111187 -0.719011
0.00554161 0.0271217 0.450064
0.00554161 0.0352422 0.674431
0.0578268 -0.126972 0.869271
0.0440854 0.126951 0.635057
0.0390631 0.110437 -0.991432
-0.0613422 -0.126972 0.629932
0.0519759 0.126951 -0.129626
0.00554161 -0.0658856 -0.842153
0.00554161 0.012324 0.476751
0.0541997 0.126951 0.828255
0.000319652 0.126951 0.856297
-0.0185953 0.108496 -0.283651
0.0222698 0.126951 -0.250061
0.0659051 -0.112807 0.905694
0.00587293 -0.0950635 0.537628
-0.0490048 0.111332 -0.642014
0.038313 0.126951 -0.571874
-0.0748107 0.114979 0.417946
0.00554161 0.0112329 0.310549
-0.0052551 -0.0682041 -0.511567
0.00554161 -0.0543172 -0.460289
0.0145255 -0.106852 -0.143754
0.00554161 0.0265431 -0.746628
-0.0052551 0.0531744 -0.946837
-0.0569585 -0.126972 -0.144539
0.0761201 0.126707 0.877649
-0.0052551 -0.0626475 -0.970046
-0.00608479 -0.0969858 -0.562251
0.00554161 -0.00387203 0.929252
0.0553948 -0.126972 -0.697852
-0.0052551 0.0429581 0.717375
-0.0433746 -0.126972 -0.294748
0.0737018 0.113831 0.346979
-0.0614911 0.126951 -0.933609
0.0554728 -0.111894 0.494179
0.0109675 0.104246 -0.0681498
-0.0616725 0.126951 -0.959089
0.00554161 -0.00702684 0.555519
0.0615201 -0.126972 -0.836914
-0.0431495 -0.126972 -0.0142917
0.0734106 -0.126972 0.236576
-0.0052551 -0.0251123 -0.924779
0.00554161 0.0317475 -0.434531
0.056932 0.112 0.67298
-0.0052551 -0.0624471 -0.630715
0.0225261 -0.126972 -0.325036
-0.0388836 -0.110468 -0.772229
0.0400535 -0.126972 0.680556
0.0717275 -0.113316 -0.947094
-0.0052551 -0.0371272 -0.669164
0.0263937 -0.10935 -0.99888
0.00810498 -0.100751 0.451095
-0.0052551 0.0640495 0.598464
-0.0404322 0.126951 0.469025
-0.0052551 -0.0578924 -0.131272
-0.0052551 0.0432574 -0.563442
-0.0052551 0.087701 -0.284835
-0.0052551 -0.0768741 0.907701
0.0376934 -0.110339 0.694749
0.0525373 0.126951 -0.197919
-0.0321549 0.126951 -0.129278
0.00554161 -0.0880303 0.113612
-0.0366361 0.11025 -0.391018
-0.0556501 -0.111935 -0.514285
0.00554161 0.0799218 -0.102013
0.0368992 0.126951 -0.00529597
0.0515594 -0.111552 -0.231452
-0.0615964 0.112434 0.738221
-0.0194551 -0.126972 0.755197
-0.0052551 -0.0890476 -0.621864
-0.00588902 -0.126972 -0.874586
0.00554161 -0.0333103 0.592406
-0.0641237 0.112655 0.439895
0.0109478 -0.126972 0.913748
-0.0052551 0.048431 0.92193
0.0371844 0.126951 0.169796
-0.0052551 -0.0373146 -0.256346
-0.0052551 0.0305257 -0.65191
0.00554161 0.0209471 -0.788978
-0.00609765 0.0970041 -0.915342
0.000707894 0.126951 -0.995455
0.010175 -0.10347 -0.981164
0.0325161 -0.109886 -0.337166
-0.0108288 0.126951 0.356594
-0.0052551 0.0870169 -0.622392
0.0384635 0.110385 -0.856652
0.0433312 0.11081 0.333431
-0.0745191 -0.114675 -0.498488
-0.0279989 0.109494 0.89435
-0.0589664 0.112203 -0.622099
0.0365085 0.110214 -0.588085
-0.0052551 -0.0412302 -0.226009
-0.0052551 -0.0128948 0.81941
0.0422875 0.110719 0.775786
-0.0604059 0.112329 -0.920637
-0.0052551 -0.0629793 -0.488266
0.0485177 0.126951 -0.773224
0.0130658 0.126951 -0.823671
-0.0345055 -0.110085 -0.422709
0.0358412 -0.126972 -0.237643
0.0749885 0.126951 -0.628283
0.0115148 -0.104761 0.410306
0.00718678 0.0990325 0.810261
0.0761201 0.125012 -0.813481
0.064612 0.112672 -0.518158
0.0290383 -0.109582 0.472808
0.0553399 0.111861 -0.99946
0.0589122 0.112174 -0.0617721
0.00554161 -0.00291469 0.0320444
0.053426 0.111694 0.181522
0.0421532 -0.110729 0.0477595
-0.0624752 -0.112532 -0.0954327
-0.055733 -0.126972 -0.613846
0.0446451 0.110925 -0.644282
-0.0675468 0.126951 0.755821
0.00554161 -0.00104303 -0.0241471
-0.0586414 -0.126972 -0.337898
-0.075315 -0.126972 -0.325845
-0.0383866 0.126951 -0.61505
0.00554161 0.0224677 -0.823782
-0.0591077 -0.126972 -0.992892
-0.0052551 -0.0805544 -0.258138
-0.0756548 -0.116614 -0.64325
-0.0566819 -0.126972 -0.382589
0.0659202 0.112787 -0.114929
-0.0430688 0.126951 -0.400266
-0.0249291 -0.126972 -0.160293
0.0620583 -0.11247 0.206367
0.00554161 0.0907384 -0.674723
0.05304 0.11166 -0.188377
-0.0336465 -0.126972 0.804602
-0.0052551 -0.0303774 -0.690649
0.00554161 0.0423724 0.122434
-0.0682519 0.126951 0.819552
-0.0052551 0.0638122 -0.181245
0.00554161 -0.0535766 0.147525
-0.0052551 0.0676475 0.0128917
-0.0388037 -0.126972 -0.0724179
0.0316797 -0.109813 -0.91153
-0.0052551 0.0429263 -0.353181
-0.00777441 -0.100679 0.272599
0.0293699 0.126951 -0.294624
-0.0052551 -0.00129439 0.365645
-0.0052551 -0.00637681 0.848
-0.0035511 0.126951 -0.154062
0.0465373 0.126951 -0.0909723
-0.0446362 0.11095 -0.856642
-0.00697776 0.0991949 -0.819127
-0.0673752 0.126951 -0.0483526
0.00554161 0.0677962 -0.782808
-0.0052551 0.0622704 -0.647133
-0.0052551 0.0396823 -0.960405
-0.0699009 0.11316 -0.681779
0.00897398 -0.102031 0.610653
0.00554161 0.0300673 0.146297
0.028477 -0.109532 -0.960078
-0.00544029 0.0941977 0.0584362
-0.0394381 -0.110516 0.849823
0.0572749 -0.126972 0.421527
0.039011 -0.126972 -0.494027
-0.0480851 -0.111273 -0.853538
0.00554161 0.0819794 -0.592981
-0.0599287 0.126951 -0.880787
-0.0178028 -0.108312 -0.970474
-0.0621308 0.11248 -0.0827444
0.0710739 0.113238 -0.218727
0.0278333 0.126951 0.0977614
0.0761201 0.126294 0.719615
-0.0052551 0.0682316 -0.833664
-0.073343 0.126951 -0.539407
-0.0052551 0.00446612 -0.217996
0.0186683 -0.126972 -0.154224
-0.0758336 -0.12303 -0.464908
0.0095897 -0.102808 -0.830668
0.0481192 -0.126972 0.0951535
0.00554161 0.0380288 0.859817
-0.0329922 0.126951 -0.789232
0.0125557 -0.126972 -0.354664
-0.0123002 0.126951 0.586722
0.00674709 0.0980149 -0.422158
0.0491161 -0.111338 0.358793
0.00556995 0.0926641 0.487915
-0.0485159 0.111289 0.835557
0.00554161 0.0190526 -0.307863
-0.0052551 0.0536438 0.338925
0.00554161 -0.0907278 0.903543
-0.0656256 -0.126972 -0.528601
-0.0052551 0.0499488 -0.091674
-0.0263353 0.126951 -0.106889
0.00554161 -0.0827298 -0.371986
-0.0300334 -0.109694 -0.899896
0.0161352 0.126951 0.824521
0.00554161 0.0763815 0.0299923
-0.0451758 0.126951 -0.0963397
-0.00632411 0.126951 -0.414662
0.0108166 -0.104123 -0.679043
-0.0237605 -0.109145 -0.613189
-0.0052551 -0.00921162 0.53224
-0.0052551 0.0608229 -0.237541
-0.0757986 0.126951 -0.727663
0.0247625 0.126951 0.925199
-0.0135494 0.126951 0.179694
0.00554161 -0.0448874 0.362146
0.00554161 -0.00109662 -0.184869
-0.00636097 0.126951 0.112438
-0.0488592 0.126951 0.560549
0.0635939 0.126951 -0.329584
0.00554161 0.0439777 -0.269488
0.0290515 0.126951 -0.69188
0.00554161 0.0487329 -0.679047
0.00927312 -0.126972 -0.693087
-0.0398643 0.110532 0.922839
0.0370331 0.110259 -0.533303
-0.0334983 0.109975 0.396628
0.060484 0.112311 0.785446
-0.0190768 0.126951 -0.764283
-0.0052551 -0.0630043 0.479468
-0.0052551 -0.0760606 0.596484
-0.0257616 -0.126972 -0.291138
0.0642012 0.112636 -0.248164
-0.0647945 -0.126972 -0.437139
-0.0615877 0.126951 -0.302132
0.0190547 0.108535 -0.675886
-0.0052551 0.0325049 0.281964
-0.0052551 -0.0680844 0.0929753
-0.0203036 -0.108827 -0.117796
-0.0301906 -0.109707 0.149388
0.00554161 0.0170456 -0.356697
-0.0692529 -0.113125 -0.192139
-0.0285722 0.126951 -0.291247
-0.0052551 0.00972388 0.583413
-0.0573753 0.126951 -0.579294
0.00554161 0.0013166 -0.251576
0.0550299 -0.126972 -0.871301
-0.0587278 -0.126972 -0.776392
-0.0317511 -0.109844 0.82736
0.00554161 -0.0458334 0.0106701
-0.0758331 0.117793 -0.870454
0.0754136 0.126951 -0.711012
-0.0217145 0.126951 0.28895
-0.00920555 -0.102691 -0.424367
0.00554161 -0.0831023 0.419811
0.0579897 0.126951 -0.36154
0.0436074 -0.126972 -0.532795
0.0296935 0.109617 -0.13661
-0.0323948 0.126951 0.341756
-0.019584 -0.126972 0.267134
0.0747376 0.126951 -0.510446
-0.0161602 0.107733 -0.54586
0.000894641 -0.126972 -0.211985
0.00554161 -0.0540385 0.867598
0.0702998 -0.113191 0.986859
0.0679537 -0.112986 -0.262582
-0.00526088 0.0921219 -0.0532708
0.0319079 0.109811 0.471724
-0.0486975 0.126951 -0.755464
-0.018718 -0.126972 0.288769
-0.00268578 -0.126972 -0.281183
0.0376109 0.126951 -0.850279
0.0068184 -0.0982143 0.152041
-0.0107341 -0.104317 -0.655369
0.00554161 0.0489732 0.0393664
0.0661559 -0.112829 0.469487
0.058273 -0.126972 -0.328902
0.00614755 0.0962101 0.753912
0.00554161 -0.0128843 -0.0501202
-0.0108613 -0.126972 0.228147
0.0595808 0.112232 0.747477
0.037813 -0.110349 -0.443004
-0.0739333 -0.114175 -0.170571
0.0112838 -0.104558 -0.414019
0.0633607 0.126951 0.858083
0.0583042 -0.112142 -0.0767818
-0.0125022 0.126951 -0.862102
-0.0309109 0.109749 0.857179
0.0576471 -0.112084 -0.591987
0.00554161 0.0438392 0.812011
-0.0572266 -0.126972 0.746027
-0.0190291 0.108591 -0.496536
0.0707189 -0.126972 -0.427513
-0.0242736 0.126951 0.873729
0.0268203 0.109366 -0.177271
-0.0524804 -0.111657 -0.213113
-0.0543385 0.111799 -0.801938
0.00671718 -0.0979601 0.930248
-0.0552912 -0.111903 -0.872979
0.00554161 0.03786 0.956956
-0.0052551 -0.0873075 -0.280896
0.0551398 0.111844 -0.693943
0.0452406 0.126951 0.671031
-0.0052551 0.0259503 -0.393155
-0.0052551 0.0565177 0.511544
0.0167961 -0.126972 0.426386
-0.00896624 -0.102394 -0.392154
-0.00889795 0.102286 -0.245624
0.0532877 -0.111703 0.573952
0.073829 0.126951 -0.308259
0.00554161 0.0862158 0.132554
-0.0617548 0.126951 -0.0244181
-0.0178589 0.108306 -0.167962
-0.0443771 0.110927 -0.572409
-0.0380416 -0.110394 -0.630535
-0.00585249 -0.0962001 -0.100443
-0.0468507 -0.126972 0.464583
0.0526472 0.111626 -0.904191
-0.0052551 0.0119296 -0.158284
-0.0052551 0.0799881 -0.566467
-0.0212486 0.108904 -0.303067
-0.0758336 -0.126085 -0.96387
-0.065846 0.126951 -0.215025
0.0749031 -0.126972 0.0150737
0.055919 -0.126972 -0.678139
0.00554161 -0.0489125 0.614968
0.00712467 0.126951 0.587397
-0.0052551 0.0264938 -0.547557
0.00554161 -0.00418857 -0.668735
-0.0264402 0.109358 -0.0802238
0.00554161 0.0262377 0.993255
0.0415236 -0.110674 -0.550564
-0.0540491 -0.126972 -0.712012
-0.0052551 -0.0366351 -0.502024
0.00554161 -0.0602402 0.114337
0.00870544 0.10164 -0.111361
-0.0176896 0.108258 0.388552
0.0345233 0.126951 -0.501907
0.0476703 0.11119 0.393515
-0.0052551 -0.0578681 -0.0179311
0.0756533 0.126951 0.505925
-0.037573 -0.110353 0.257817
-0.0418634 -0.110729 -0.0465706
0.0330357 -0.126972 0.789712
0.00554161 0.0402189 -0.999442
0.0353273 0.126951 -0.915665
0.00554324 -0.0919339 0.964038
-0.0429025 0.126951 0.642974
0.0193897 -0.108628 -0.473571
-0.0199284 -0.108774 -0.932641
-0.0052551 -0.0621642 -0.908429
0.0569536 -0.126972 0.444127
-0.0622148 0.112488 0.595903
0.0740337 -0.114048 -0.0222568
-0.0052551 0.0499661 -0.839469
0.0698452 0.11313 0.543194
0.0132041 0.106028 -0.638383
0.0761201 0.125712 -0.449459
-0.0052551 0.0709644 -0.371626
0.019292 0.126951 -0.125046
-0.0511214 0.111517 -0.521416
-0.00526085 -0.0921422 0.10014
0.0192577 0.126951 0.706853
0.00554161 -0.0830888 -0.705314
-0.0283831 -0.126972 0.348551
-0.0737424 -0.126972 -0.39622
0.00726329 -0.126972 0.256685
0.0457948 -0.111048 0.734282
0.0459683 -0.126972 -0.254091
-0.012176 -0.126972 -0.552304
-0.0052551 -0.0240775 0.648439
0.0406018 -0.126972 0.487619
-0.0756599 0.11661 0.646615
0.0565521 -0.111989 0.226801
0.0585062 -0.126972 -0.44272
-0.0052551 0.02787 0.646265
0.00554161 -0.0152722 0.57221
-0.0322797 0.109869 0.441536
0.0278549 -0.126972 -0.847723
-0.0052551 0.0859021 0.66614
-0.0142771 0.126951 0.564593
-0.0295829 0.126951 0.322988
-0.075155 0.126951 0.18805
-0.00527819 0.0925678 0.259424
-0.0052551 0.0419424 0.905499
-0.00584891 -0.126972 -0.405218
0.00554161 0.0226273 0.331241
0.011833 -0.10503 0.34769
0.00554161 0.000414074 0.108371
-0.0052551 -0.003756 0.675862
-0.0280989 -0.109524 0.992876
-0.0052551 0.0351307 0.227723
-0.0052551 -0.0420446 -0.746817
0.00554161 -0.0811242 0.450695
-0.0612642 0.126951 0.956517
0.00554161 0.073527 -0.962447
-0.0612992 0.126951 -0.660121
-0.0727518 -0.113565 -0.0239304
-0.00415952 -0.126972 0.102303
0.00554161 -0.0828497 0.792648
-0.0473307 0.111185 -0.107997
-0.0052551 -0.0788255 0.698291
-0.0052551 -0.0666256 0.0459693
0.0733005 -0.113664 0.731539
-0.0052551 -0.0138786 0.42453
0.036893 0.110247 0.23149
-0.0052551 0.0623072 -0.565326
0.0423195 -0.110743 0.339826
-0.0758336 -0.124749 -0.0780593
-0.0433801 0.126951 0.590783
-0.0613344 -0.126972 0.359639
0.00554161 -0.0911757 0.225803
-0.0114443 -0.126972 0.442386
0.0586611 -0.126972 -0.368139
0.00394918 0.126951 0.99149
-0.0658813 0.112808 -0.347826
-0.0652111 0.11275 -0.48666
0.00554161 0.0359437 -0.122915
0.0637338 -0.126972 0.757003
-0.042255 -0.110763 -0.105111
0.0330012 -0.126972 0.646366
-0.03941 -0.126972 -0.213849
-0.0522461 -0.126972 -0.1219
-0.0052551 0.0199966 0.926938
-0.0320136 -0.126972 0.786222
0.0761201 -0.126332 0.519593
-0.0254289 -0.109291 -0.253248
0.00554161 0.00390325 0.720902
-0.0561563 -0.111979 0.572947
0.00554161 -0.00970348 0.452509
-0.0204204 -0.108842 0.956361
0.0655037 0.11275 -0.832228
-0.0424752 -0.110782 0.616784
0.0205951 0.126951 -0.330607
-0.0052551 0.00384904 -0.919772
-0.0749241 -0.115146 -0.142657
0.0645265 0.112665 -0.0959383
0.060939 -0.126972 -0.0301372
-0.0257623 0.109298 0.307527
0.00554161 0.0434286 -0.296793
-0.0745629 -0.126972 -0.0534031
-0.0689712 -0.1131 0.520907
0.0532155 -0.111697 0.610595
-0.0448284 0.110967 0.0751465
0.0735044 0.113732 -0.00433099
0.0492299 0.126951 -0.448253
0.00554161 0.0558572 0.446615
-0.0068684 -0.0989859 0.010152
-0.0052551 -0.0645029 -0.331012
-0.036634 -0.126972 -0.664206
0.0350669 -0.126972 0.842178
0.0637568 -0.126972 0.0631323
-0.0467696 -0.111158 -0.907934
-0.0077473 0.126951 -0.182133
-0.0690404 -0.113106 -0.808501
-0.0052551 -0.0624091 0.452412
0.0310528 -0.126972 -0.273073
-0.0735341 0.113897 0.576093
0.0421182 -0.110726 0.41526
-0.009852 0.103409 -0.0985666
-0.0575737 0.126951 0.932435
-0.074617 -0.114778 -0.285636
-0.0603 0.11232 -0.422972
0.00554161 -0.0481475 -0.721608
0.0443133 0.110896 -0.374872
-0.0707353 0.113233 0.32524
-0.0364388 -0.126972 0.880867
-0.0052551 0.0806506 -0.645536
0.00767144 -0.126972 0.775581
-0.0594752 -0.126972 0.765729
0.00554161 -0.007538 -0.984298
0.0738428 0.126951 -0.0401762
-0.0617186 -0.112466 0.856248
0.0452453 -0.110999 0.105943
-0.0632982 -0.126972 0.585241
0.0707498 0.126951 0.334868
-0.0520272 -0.126972 0.176385
-0.00897418 0.102383 -0.121671
-0.0052551 0.0217455 0.794194
-0.070279 0.113193 -0.600153
-0.0744943 0.114629 0.0441044
-0.0052551 -0.031286 -0.169364
-0.0155571 0.126951 -0.732377
0.00570918 -0.0940967 -0.732736
0.023062 -0.109059 -0.398827
0.0733656 -0.126972 0.498368
0.0422956 -0.110741 0.537008
-0.0418057 -0.110724 -0.798517
0.00554161 -0.0851457 0.745792
-0.0244662 0.126951 -0.627608
-0.0609829 -0.112401 -0.238817
0.0739696 0.126951 0.295487
-0.0716363 -0.113333 0.198873
0.00554161 -0.0416246 -0.104918
0.064134 0.126951 0.269306
-0.0414092 -0.110689 0.762212
0.0242874 -0.109166 0.209337
0.00554161 -0.0684148 -0.434894
0.0285731 0.109519 0.903436
-0.0302935 0.109695 -0.270982
-0.0747893 0.114953 0.292204
-0.0351209 0.126951 -0.814762
-0.0739925 -0.126972 0.433989
0.0626224 -0.126972 -0.972626
-0.0052551 0.00724331 0.899334
-0.0052551 0.0733603 0.631856
0.000980941 0.126951 -0.625681
0.0579324 0.126951 -0.239909
0.00554161 0.0666506 0.160723
0.00554161 -0.0347926 0.695304
0.00554161 -0.0272148 0.0180047
-3.17305e-05 0.126951 0.955561
-0.0052551 0.044889 -0.214934
-0.0052551 0.0592912 -0.465986
0.0104655 0.103753 -0.567447
-0.0052551 0.0872443 0.645411
-0.0052551 0.0215367 -0.108114
-0.0417699 -0.126972 0.515652
0.0057195 -0.0941692 -0.346518
-0.000178617 0.126951 -0.696038
-0.0052551 -0.0333661 -0.484562
-0.0052551 0.0405826 0.254394
0.0649473 0.112702 0.585493
-0.0622059 -0.112508 -0.655829
0.0586795 0.126951 0.756847
-0.0156449 -0.126972 -0.242792
-0.0052551 -0.0327822 0.917371
-0.0287464 0.10956 -0.778967
-0.069849 0.113156 0.106698
0.0377464 0.126951 -0.332199
-0.0052551 0.0211109 0.495069
-0.0423012 0.126951 -0.30163
0.00554161 -0.0236888 0.830824
-0.0664292 -0.112878 -0.914426
0.012001 0.126951 -0.752449
0.00554161 0.0556459 0.198695
0.066506 0.112838 0.983489
-0.0052551 0.0607186 0.129454
0.00554161 0.089606 -0.223158
-0.0559827 -0.111964 0.393283
-0.00969041 -0.103254 0.176445
0.0565077 -0.126972 -0.620058
-0.0052551 -0.0609445 -0.383846
0.0255883 -0.126972 0.570694
0.0488298 0.111292 -0.824467
-0.0052551 -0.0241878 -0.446003
-0.041409 0.126951 -0.363731
0.0590415 0.126951 -0.876595
-0.0535233 0.126951 -0.129937
-0.00803186 0.101068 0.0324939
-0.0052551 -0.0770159 -0.14949
0.0317116 -0.126972 0.737035
0.0260733 0.126951 -0.586632
0.00554161 0.083971 -0.393542
0.0254298 0.126951 0.0805555
0.0759241 0.116534 -0.275058
0.0343191 -0.110044 0.662169
0.0163081 0.126951 -0.219553
-0.0366636 0.126951 -0.48888
0.0736746 -0.126972 -0.119564
0.0465962 0.111096 -0.125941
-0.0052551 0.0371377 0.753648
0.00554161 0.0399623 -0.158959
-0.0052551 -0.024426 -0.0815408
-0.0517499 0.126951 0.367409
0.00554161 0.0916805 -0.788502
0.0761201 0.117989 0.64753
-0.0145031 0.126951 0.707235
-0.0565128 0.111989 -0.0474041
0.0597636 0.112248 -0.311536
-0.00446884 -0.126972 0.142022
0.00095484 0.126951 0.216013
-0.0731906 0.11372 0.904344
-0.0574245 0.126951 -0.181139
-0.0412909 0.126951 0.846208
0.0432611 0.126951 0.298921
0.0638047 -0.126972 0.148474
0.0307228 0.126951 -0.638837
0.0564838 -0.126972 0.731458
0.00554161 0.0741264 0.86642
0.0133453 -0.106143 -0.0534982
0.00554161 -0.0138298 -0.396846
-0.0353115 -0.110155 0.506286
-0.0206334 -0.126972 0.0225269
-0.0614417 -0.126972 0.6666
-0.0052551 0.0678364 -0.0409899
0.00554161 -0.0632391 0.757494
-0.0052551 -0.0189807 -0.729648
0.0761201 0.123756 0.134023
-0.0158008 0.126951 -0.165931
0.048623 0.111273 0.313326
0.00923295 0.126951 0.268491
-0.0435891 0.110858 -0.982482
0.00554161 0.0657687 0.483811
0.0644546 0.112659 0.881051
0.00554161 0.0203291 -0.982933
0.00554161 0.0700982 0.915836
0.00554161 0.0111345 0.269481
-0.0430829 -0.126972 -0.160892
0.0516731 -0.126972 -0.511428
-0.0052551 -0.0257911 -0.834297
-0.0374522 0.110321 -0.32628
-0.0052551 -0.0911937 -0.798746
-0.0277331 0.109471 0.460571
0.0105679 -0.126972 -0.962675
-0.00955878 0.103084 0.202432
0.00425738 -0.126972 -0.718727
-0.0162709 0.107776 -0.999833
-0.0720284 0.126951 -0.803633
0.00554161 0.0740603 -0.120554
0.00554161 -0.0385424 0.473025
-0.0052551 -0.074454 -0.811599
0.0749272 -0.126972 0.782909
0.0167093 -0.126972 -0.241467
0.00710696 -0.098882 0.320938
-0.0168706 -0.126972 -0.342411
0.0745111 0.126951 -0.486929
-0.0758336 -0.123288 0.676971
-0.0585739 -0.112191 0.500664
-0.0238657 0.109133 -0.0297211
-0.0052551 0.0564138 0.06788
0.00554161 0.0824099 0.597522
0.0645404 0.126951 -0.953458
-0.0306273 -0.109746 0.131632
-0.0520899 0.111602 -0.293239
-0.0413025 0.110658 0.341211
0.0547733 0.126951 0.953551
-0.0549415 -0.111873 -0.67934
0.041315 0.126951 0.482754
-0.0649446 0.112726 -0.829804
0.00554161 0.0431508 0.467949
-0.0727826 0.126951 0.610115
0.00729688 -0.126972 0.63382
0.00554161 0.00425724 0.21957
-0.0130626 0.106124 -0.204134
0.0489448 0.126951 0.187487
-0.0052551 -0.0199111 0.602642
0.0377269 0.11032 -0.959154
0.0100486 -0.103333 0.859789
-0.0052551 0.00189209 -0.422873
-0.0052551 0.0128411 -0.497777
0.0728766 -0.113513 -0.782032
-0.0519035 -0.126972 0.024883
0.00554161 0.0685407 0.968118
-0.0052551 -0.0208055 -0.945891
0.00554161 0.0770007 0.537578
0.00554161 0.000275799 -0.00193426
-0.0564871 0.126951 0.67624
-0.0393653 -0.126972 0.377843
-0.0563578 -0.111997 -0.327735
0.0629983 0.126951 0.934506
-0.0293792 0.109615 0.42127
0.0541543 -0.111779 -0.40754
-0.00896942 -0.126972 0.508991
0.00688126 -0.0983665 -0.716379
-0.0355536 0.126951 -0.909769
0.00660765 0.0976495 -0.767577
0.00554161 -0.0509605 -0.439414
-0.0052551 -0.0809731 0.243149
-0.0674194 -0.126972 -0.201709
0.0371755 -0.126972 0.303555
-0.0052551 0.0756459 -0.713832
0.0426676 0.110752 -0.458658
0.00554161 0.0178406 0.0997341
0.0651461 -0.112741 -0.33683
0.064662 0.126951 -0.676693
0.0593738 -0.112236 -0.105945
0.0379367 0.126951 0.728408
-0.0583053 -0.126972 -0.271845
0.00554161 0.0262108 -0.678682
-0.0728567 0.126951 -0.60962
0.0133288 -0.106133 0.723861
0.0481086 0.111228 0.652006
0.0579231 0.126951 -0.825986
0.00554161 0.0809479 0.701549
-0.0052551 -0.0512523 0.186558
-0.0052551 -0.0863746 0.364916
-0.0753141 -0.126972 0.234515
-0.0346722 0.110078 -0.664283
0.00554161 -0.0218939 0.226322
-0.0052551 -0.0130001 -0.365735
-0.0593722 0.126951 0.312054
0.0504279 0.111431 -0.0297265
-0.0052551 0.0213537 -0.698358
0.0572886 -0.112053 0.76148
-0.0052551 0.0549038 -0.740504
-0.0594579 0.112246 -0.73734
-0.070098 0.113177 0.17976
0.0455799 0.111007 0.441512
-0.0159025 0.107628 -0.578144
-0.0341613 -0.110055 -0.713567
0.00554161 -0.041601 0.801748
0.0638039 0.126951 0.148021
0.00554161 0.0490872 0.225369
0.00554161 -0.0186262 -0.249382
0.00554161 0.0532801 0.887862
0.0594457 0.126951 -0.162907
-0.00733658 -0.126972 0.920223
0.0427482 0.110759 -0.0689235
0.00554161 -0.0797705 -0.685919
-0.00890226 -0.102313 0.57034
0.00554161 0.0283993 0.522305
-0.00697095 -0.0992023 -0.165711
-0.0288057 0.109565 -0.225713
-0.0722524 -0.126972 -0.607024
0.00567509 0.0938183 -0.516584
-0.0052551 0.0486078 0.31247
0.00634633 0.096886 -0.0296706
-0.00563292 0.126951 0.645162
-0.0393665 -0.126972 -0.893946
0.000268608 -0.126972 -0.320391
0.00554161 0.0368035 0.613345
-0.0388246 -0.110463 0.01535
-0.0758336 0.1244 -0.289287
-0.0052551 -0.021802 0.330954
0.027851 -0.109478 -0.0944673
0.0631202 -0.112563 -0.319174
0.0611487 0.126951 0.898199
-0.0304723 -0.109732 0.192661
-0.0052551 0.0565846 0.649166
0.00554161 -0.0776026 0.730396
0.0227453 -0.126972 0.60705
0.0346144 -0.126972 -0.159511
-0.0730709 -0.126972 -0.260896
0.0505393 0.126951 0.333832
0.0490282 0.111309 0.21688
0.0639552 0.112615 0.0695824
-0.0236208 -0.126972 0.712265
-0.040653 -0.110623 -0.147035
0.0193645 0.108601 0.885189
0.036886 -0.110268 0.152358
-0.0308412 -0.126972 0.446356
-0.00784448 0.126951 0.472791
0.00554161 0.0702513 0.249917
0.0720776 -0.126972 0.63624
0.0435291 -0.126972 0.356341
-0.042859 -0.126972 -0.367002
-0.036201 -0.126972 0.0342381
-0.0745199 0.126951 -0.454816
0.0457294 0.126951 -0.611233
0.00554161 0.0477158 -0.0534323
0.0119266 0.126951 0.500035
0.0629641 0.126951 0.668354
-0.0052551 0.0667558 -0.505982
-0.0645061 -0.11271 0.696733
-0.0407288 0.126951 -0.694065
0.0366146 0.126951 0.206842
0.0286482 0.126951 0.641599
0.0414317 -0.126972 0.978755
-0.0052551 -0.0604392 -0.209215
0.032577 -0.109891 0.962754
0.00554161 0.0380114 0.200814
-0.0052551 -0.00162613 0.0785298
0.0266533 0.109351 -0.567907
-0.0698719 0.113158 -0.548275
0.0757681 0.126951 0.69543
0.0626356 -0.112521 0.0404091
0.00554161 0.053178 0.765646
-0.0321304 -0.126972 -0.52509
-0.0052551 0.0369695 -0.881071
0.0624809 -0.112507 -0.476735
-0.0052551 -0.0871934 -0.385365
-0.0705998 -0.113243 0.745404
0.0328886 0.109897 -0.873877
0.00554161 0.0495293 0.736307
-0.00125194 0.126951 -0.375348
-0.065411 -0.112789 -0.858396
0.0445692 -0.11094 -0.945327
0.00554161 0.0141853 -0.374266
-0.0752392 -0.126972 0.863668
0.0562095 -0.111959 -0.13658
0.062918 0.126951 -0.0533002
-0.00581281 -0.0960505 0.483965
0.0209766 0.126951 -0.174948
-0.0601013 -0.126972 0.290168
-0.0423297 -0.110769 -0.229169
-0.00367074 -0.126972 -0.77049
-0.0397343 -0.126972 0.141623
-0.0748683 0.126951 0.449874
0.0637751 0.112599 -0.348745
-0.00807993 -0.126972 -0.469136
0.0466156 -0.126972 -0.0835356
-0.0505678 0.126951 0.434158
-0.0052551 0.0506652 -0.483666
0.0180374 0.126951 0.0243683
0.0102465 -0.126972 -0.577162
-0.0052551 0.00551335 0.414705
-0.00868015 -0.102021 0.335471
0.00554161 -0.0290392 0.996342
-0.0052551 0.0843166 0.076259
-0.071655 0.113314 -0.774083
-0.0361193 -0.110226 -0.981339
0.00554161 0.0510027 -0.115738
0.0556286 0.126951 0.560386
0.0270369 0.109385 0.53249
0.0604455 0.126951 -0.993909
0.00554161 -0.0735784 0.273055
-0.0546834 -0.126972 -0.844834
0.0230277 -0.109056 0.505259
0.0654824 0.112748 0.436127
-0.0235937 -0.10913 0.325422
-0.0527368 -0.126972 0.841812
0.0365814 0.126951 0.129033
-0.00528946 -0.0927855 0.190854
-0.0052551 -0.0851296 -0.765442
0.00554161 0.0101045 0.627557
-0.0504717 0.11146 0.355653
0.00554161 0.0666552 0.615448
0.0449437 0.110952 -0.256537
0.00419906 -0.126972 0.357263
-0.00695742 0.126951 0.250622
0.0378052 -0.126972 0.137203
-0.0156868 -0.107558 -0.361774
0.0087115 0.101648 0.643363
0.0155227 -0.107356 0.12461
-0.0052551 0.00638929 0.137606
-0.030876 0.126951 -0.00712274
0.0761201 -0.125268 -0.155725
-0.00589052 0.126951 0.790993
0.0378736 -0.126972 0.40116
-0.0052551 -0.0723454 -0.569997
-0.0261099 -0.10935 -0.849916
0.00554161 -0.0219457 0.394461
-0.0052551 -0.0835035 0.892471
0.0186315 -0.108457 0.0904187
0.00556993 -0.0926852 -0.267731
0.0747265 -0.126972 -0.179603
0.00554161 -0.0187712 0.358963
0.00554161 0.0833916 0.939648
0.0490776 0.111313 -0.551526
-0.0317323 0.109821 -0.833984
-0.0258601 -0.109329 -0.344325
0.00554161 -0.0392369 0.978498
0.0102804 -0.103582 0.676195
0.071797 -0.126972 -0.743665
0.00554161 0.0575451 0.386798
0.0716964 -0.126972 -0.479237
0.0141273 -0.106627 -0.642206
0.064072 -0.112647 0.317571
-0.017174 -0.126972 -0.181002
-0.00615259 -0.0971921 0.0493923
-0.0052551 -0.00395783 -0.701149
-0.0284366 -0.126972 -0.697145
-0.0324819 -0.126972 0.900168
-0.0589773 -0.126972 -0.0374598
0.00666655 -0.0978284 0.778467
0.00944703 -0.126972 -0.816825
-0.0726252 -0.113524 0.268198
0.0151277 0.107144 0.716847
0.00946991 0.102643 -0.30053
0.00554161 0.0862256 0.341485
-0.00734953 0.0999196 -0.77626
0.0348471 0.126951 -0.119392
0.056565 -0.126972 -0.660518
0.00554161 -0.0314971 0.739482
-0.0052551 0.0805661 -0.938341
-0.0268801 0.109396 0.131334
0.0320908 0.109827 0.0606827
-0.0638655 0.126951 -0.711166
-0.0052551 0.0872401 0.848114
-0.0052551 0.0214826 -0.334419
-0.0080739 0.126951 -0.593067
-0.0052551 0.0322635 -0.932608
-0.0052551 -0.0612317 -0.355613
0.00554161 0.0159838 0.553004
0.058282 0.112119 -0.441408
0.0444934 -0.110934 -0.0478347
0.0115263 -0.126972 -0.483519
-0.0052551 0.0529878 0.985112
-0.0758336 0.124838 -0.354008
0.0682944 -0.113016 0.526507
0.00554161 0.0836249 0.221901
0.00995754 0.10321 0.558772
0.0569925 0.126951 -0.974244
0.0622664 0.112467 0.156484
0.0761201 0.126072 0.0304121
-0.0052551 -0.0583655 -0.178303
0.0430856 -0.126972 -0.573914
-0.0506512 -0.111497 -0.268932
0.0581077 -0.112125 0.0805044
0.00554161 0.0773644 0.0494398
0.00554161 -0.0662989 -0.405992
0.0167171 -0.126972 -0.899438
-0.0726502 0.126951 0.271188
0.00554161 0.0911213 0.448137
0.0195416 -0.108658 0.437199
0.00554161 0.0133853 0.439475
0.00554161 -0.0506711 0.0402593
0.0203631 0.108775 0.252528
-0.037229 -0.126972 -0.924355
-0.0723409 -0.126972 0.105378
-0.0352374 0.126951 0.615816
-0.051404 -0.126972 -0.629768
0.058802 0.112164 -0.724646
-0.0752416 0.126951 0.840492
-0.0052551 0.0499926 0.959854
-0.00900465 -0.126972 0.657992
-0.0146374 0.126951 -0.254207
-0.0052551 -0.0396702 -0.616234
0.00046611 0.126951 -0.441141
0.00825819 0.100974 0.691628
0.0481518 -0.126972 -0.959096
-0.0175125 0.108205 0.290813
0.0414198 -0.110665 0.458487
0.00554161 -0.044962 -0.285765
-0.00841119 0.101629 0.32259
-0.0086109 0.101906 0.905485
-0.00865854 -0.101992 0.620943
0.000894017 -0.126972 0.804123
0.00554161 0.0439968 -0.810064
0.00509099 0.126951 -0.496615
0.00797819 -0.100542 -0.593465
-0.0141427 -0.126972 -0.911786
0.00554161 -0.0778668 -0.959734
0.058491 -0.126972 0.366518
-0.0052551 0.0575159 0.146476
0.00554161 -0.026798 0.51783
0.0687777 0.113037 -0.603547
0.00963424 0.10284 -0.389695
0.00554161 -0.0420576 0.537916
0.0438986 -0.110882 -0.186905
-0.0052551 0.0656359 -0.205491
0.0291306 -0.10959 -0.870302
0.00554161 -0.0540485 0.886578
-0.0739781 0.126951 0.115085
-0.0052551 -0.0616137 -0.614298
0.00554161 -0.0801067 -0.0417063
-0.0334722 0.126951 -0.204096
0.00554161 0.00947638 -0.969508
0.0724151 0.113378 -0.390492
-0.0052551 0.0249265 0.768242
0.0433601 0.110813 0.370311
0.0340995 0.110003 0.196019
0.0600432 0.112273 0.608648
-0.0052551 -0.0506573 -0.304533
-0.0233652 -0.126972 -0.00156736
-0.0317172 -0.126972 -0.583236
-0.0052551 -0.0674282 -0.657699
-0.0409389 0.110626 0.592401
-0.0603956 -0.11235 -0.896759
0.00554161 0.0294253 0.301241
0.034425 0.110031 -0.347555
0.0445814 -0.110941 0.238567
-0.0213676 0.126951 0.198349
0.00554161 0.0550126 -0.397808
-0.0581383 0.126951 -0.364694
0.00795361 -0.100501 0.0587667
0.0761201 -0.126201 0.611512
0.0189025 0.126951 0.570197
-0.00294286 -0.126972 0.55439
-0.0734194 -0.113855 -0.782469
0.00554161 -0.0160781 -0.894459
-0.0052551 -0.0622825 0.553193
0.00554161 0.0194072 -0.805586
-0.0052551 0.00896071 -0.241907
0.0671626 -0.126972 -0.542462
-0.0331451 -0.109966 -0.0822711
-0.0397306 -0.126972 0.314977
0.00554161 0.0426544 -0.593926
-0.0504872 -0.111483 0.355381
0.0642536 0.112641 0.820839
0.0334017 0.126951 0.78093
-0.0109322 -0.126972 0.9362
0.0615609 0.112405 0.0135848
-0.00673508 0.0986708 0.399837
-0.0052551 0.0892192 -0.977426
-0.0652173 0.126951 0.97755
-0.0052551 -0.0209013 0.212836
-0.0619442 0.126951 -0.0646229
0.0597617 -0.126972 -0.00740417
0.0632451 -0.112574 0.970486
0.00554161 0.0239887 -0.851837
-0.0351825 0.126951 -0.0770388
-0.0052551 0.00109994 0.965393
0.0474112 0.111167 -0.278893
0.00983676 -0.126972 -0.995769
0.00554161 0.0270563 0.353788
-0.00254833 -0.126972 -0.655567
-0.0052551 -0.0255544 -0.328454
-0.0052551 -0.0506218 -0.370876
-0.0052551 0.0440259 0.101296
-0.00745532 0.100112 -0.320974
-0.0242659 -0.109189 -0.742731
-0.0385549 -0.126972 0.949834
0.0407327 -0.110605 0.822607
-0.0052551 -0.0498186 -0.559764
0.00554161 -0.0188929 0.122503
0.0490976 0.111315 -0.0477727
-0.0153522 0.126951 0.043743
-0.0052551 0.0376326 -0.17561
0.032192 -0.126972 0.891188
-0.0052551 0.0137227 0.532629
0.00554161 -0.0916015 0.287053
0.0758014 0.116182 -0.781622
0.0382519 0.126951 0.654767
-0.0425333 -0.126972 -0.462578
0.00593747 0.0953519 0.773031
-0.0303099 0.109696 -0.471693
-0.0581401 0.126951 -0.501401
0.00716505 -0.0990076 -0.805815
-0.000983844 -0.126972 -0.434329
0.0313984 0.126951 0.858598
0.0449699 -0.126972 -0.354549
-0.00409896 -0.126972 -0.536745
-0.0471471 0.126951 0.714116
0.0761201 -0.125942 0.553548
-0.0529698 -0.1117 0.664807
0.00723353 -0.0991525 -0.846357
-0.0293517 0.126951 0.0854874
0.00554161 0.0491056 -0.241566
0.0522838 0.111594 -0.482053
0.0568143 0.11199 0.532567
-0.0567792 -0.112034 -0.0623203
-0.0522921 -0.111641 0.242553
0.00554161 0.0906843 0.51669
0.0613232 0.126951 -0.752989
0.064254 0.126951 0.232051
-0.0052551 0.00744649 0.322118
-0.0758336 -0.126566 -0.301923
-0.0366485 -0.110272 -0.997646
0.00554161 0.0127662 0.87023
-0.0052551 -0.05714 0.920653
0.0471756 -0.111168 0.953355
0.00532405 -0.126972 -0.124579
-0.054273 0.126951 0.999188
-0.0423505 0.11075 -0.952235
-0.0052551 -0.0717287 0.649629
-0.0052551 0.0242812 -0.758571
0.070993 0.126951 -0.556001
-0.0479886 0.111243 0.881876
-0.0647399 0.126951 -0.436054
-0.0438628 0.126951 0.217951
-0.0107028 -0.126972 0.855774
-0.0214879 -0.108946 0.675231
0.00554161 0.0248205 0.850069
-0.06006 0.126951 -0.394463
-0.00689085 -0.126972 -0.0185084
-0.0317392 -0.126972 0.652052
0.0532013 0.111674 0.722572
-0.0750011 0.11523 0.213173
-0.0642917 0.112669 -0.405781
-0.0052551 -0.0525055 0.747643
-0.0758336 0.121151 0.152146
0.0424642 0.126951 0.0570158
0.00554161 0.0586927 0.563473
0.00554161 0.0321206 0.876992
0.0336179 0.126951 -0.0528189
0.0703082 0.113171 -0.198126
0.0482895 -0.111266 0.848504
-0.0052551 -0.0794355 -0.926025
0.0317787 0.1098 0.62719
-0.0052551 0.0143616 0.712535
0.00554161 -0.0143192 -0.708431
0.00554161 0.0134372 0.910366
-0.0052551 -0.0844958 0.847298
-0.0052551 -0.0798365 -0.323348
-0.0162034 -0.107771 -0.0253635
0.0696133 -0.113131 -0.966196
0.0256862 0.109267 0.293996
-0.0052551 -0.075632 0.578224
0.0395259 0.126951 -0.883199
0.00554161 -0.0284881 -0.139922
-0.0052551 0.0360273 -0.770588
-0.0110803 0.10461 0.760897
0.0164519 0.107735 0.421847
-0.0314909 0.126951 -0.348819
0.0376538 0.126951 0.379261
-0.0433463 0.110837 -0.889618
-0.0052551 0.059964 0.837002
-0.0584592 -0.112181 0.301889
0.0359632 -0.126972 -0.386028
-0.0586766 0.112178 -0.248803
-0.0052551 0.0732431 0.358813
0.0718018 -0.113323 0.707276
0.00554161 -0.0591669 -0.802494
0.0761201 -0.12561 0.0348512
-0.0052551 -0.0565356 0.784789
0.0598175 -0.126972 0.460632
-0.0444297 0.126951 0.149211
0.00554161 0.0147545 0.651342
0.00554161 0.0661476 -0.721503
-0.0372793 0.126951 -0.987511
-0.0535284 0.126951 0.812971
0.00779652 -0.10023 0.704194
-0.0052551 -0.0137682 0.803216
0.0642319 -0.112661 0.295939
-0.0052551 0.0734306 0.996726
0.0284312 0.126951 -0.472867
-0.0052551 0.0771824 0.18245
-0.0703929 -0.113225 0.467205
0.00554161 -0.0681813 0.500058
0.00554161 -0.00508454 0.735184
-0.00942953 -0.102957 0.0680638
-0.0473402 0.126951 0.400384
-0.0052551 0.0119217 -0.818144
0.0471596 0.126951 0.00931096
0.0547695 0.126951 -0.528262
0.0694239 0.113093 0.940638
-0.0052551 0.0508672 0.414134
0.00554161 0.0521487 -0.0799253
-0.063725 0.126951 -0.0917114
-0.0052551 -0.0642157 0.398401
0.00554161 0.0301022 0.894827
0.00554161 0.0901543 0.393839
-0.0514677 0.111547 -0.158956
-0.00928536 0.126951 0.319016
0.0758247 0.116242 0.409088
-0.0107374 -0.10432 0.771155
-0.0052551 -0.00383228 -0.628833
0.00554161 -0.0348661 0.622828
0.00554161 -0.0594255 -0.878339
0.0537994 -0.111748 0.26539
0.00554161 -0.043683 0.37916
-0.0598113 -0.112299 0.103142
0.000637665 0.126951 0.0928155
0.0564264 -0.111978 0.92222
0.0286001 0.109522 0.0129362
0.0603477 0.126951 -0.464537
-0.0052551 -0.00518978 -0.322086
0.00554161 0.0383728 -0.487403
-0.0052551 0.0640918 0.271034
-0.0052551 0.0723199 -0.849716
-0.0052551 -0.0392836 -0.949893
-0.0665263 -0.112886 -0.736502
0.00554161 0.000815821 0.345586
-0.0513217 -0.126972 0.480027
0.07054 0.126951 -0.424302
0.0421261 -0.110727 0.507664
-0.0251264 0.126951 -0.849554
0.0158409 -0.1075 -0.223499
-0.0052551 -0.0658387 -0.0853115
0.0166408 0.107808 0.324569
0.0600606 0.126951 0.390932
0.0262947 -0.126972 -0.812193
-0.0052551 -0.00221877 0.501686
-0.00254909 -0.126972 0.965478
-0.0121586 -0.105511 0.912349
-0.0478494 0.111231 -0.344335
0.00554237 0.0918374 0.678703
-0.0052551 -0.0226533 -0.775399
-0.0112681 -0.104796 0.213748
0.022404 0.10898 0.0983136
-0.0052551 -0.0726357 0.376598
-0.0052551 -0.0767877 0.179106
-0.0052551 -0.0215153 0.146423
-0.0052551 0.042411 -0.824005
0.00554161 -0.0290712 0.453549
0.0408924 -0.126972 0.224241
-0.0632866 -0.126972 -0.760835
-0.0326755 -0.126972 -0.491437
0.00227968 0.126951 -0.958854
-0.050371 -0.126972 -0.181973
0.0292588 -0.109601 0.858149
0.0025434 0.126951 -0.790898
-0.0647813 0.126951 0.717435
0.0627921 -0.126972 -0.853166
0.0441592 -0.126972 -0.33761
-0.0747975 -0.114984 0.82625
-0.0647472 0.126951 0.503849
0.00554161 0.0912385 0.301121
0.0368704 0.126951 0.521325
-0.0576759 -0.112112 0.799833
0.00554161 -0.0312296 -0.201004
-0.0260381 -0.126972 -0.868546
0.00554161 -0.0539385 0.415982
-0.0052551 0.081608 -0.021465
0.0569744 0.126951 -0.256759
-0.0298922 0.126951 0.0231885
0.00554161 0.0102062 0.0427128
-0.00801731 0.101045 -0.88093
0.00554161 0.052168 -0.00570141
0.00554161 -0.0130938 -0.482673
-0.0052551 0.0847221 0.966042
0.00671989 0.0979456 0.172902
0.0178155 0.10821 0.0677432
0.00554161 0.00542838 -0.76848
0.0660673 -0.112821 0.589353
0.00554161 -0.0654324 -0.782727
0.075628 -0.126972 0.17569
-0.0598508 0.126951 0.0159513
0.0278474 0.126951 -0.604787
0.0241979 -0.126972 -0.685679
0.0731637 0.126951 0.063185
-0.0606619 0.126951 0.0906753
0.00554161 0.0900289 0.421653
-0.0052551 0.0791554 -0.670969
0.0459105 0.111036 0.034213
0.0376023 -0.110331 -0.566035
0.00554161 -0.00843738 -0.205499
0.0388718 0.11042 0.933993
-0.0132844 0.106267 -0.649318
0.0567804 -0.126972 0.968148
-0.06533 0.126951 0.128995
0.00554161 0.0316073 0.55621
0.0725332 0.113403 -0.620237
0.0693038 0.113083 -0.176232
-0.0359724 0.126951 -0.545066
-0.0052551 -0.0425852 0.137381
0.00554161 0.0762086 -0.210773
-0.0121415 0.105477 0.570151
0.00554161 0.0886307 -0.820374
0.06026 0.112292 0.490149
-0.0639783 0.126951 -0.998392
-0.00668925 -0.0985879 0.679467
0.0487123 -0.111303 -0.465496
-0.0052551 0.0240257 -0.283677
-0.0529804 -0.111701 0.533692
-0.0279528 -0.126972 -0.131631
-0.041389 0.126951 -0.933403
0.00554161 -0.0556048 0.0982944
0.00554161 0.0893261 -0.473809
0.00554161 0.0396414 -0.508367
-0.0052551 0.0692682 -0.40292
-0.0652769 -0.126972 0.403467
0.00554161 -0.0577018 -0.697963
-0.0207618 0.126951 -0.384514
-0.0363457 0.110224 -0.307899
-0.0052551 0.0169831 -0.0548935
0.00554161 -0.0297659 -0.0415017
0.00554161 0.0836379 0.799066
0.00554161 0.0869171 0.732016
0.0215656 -0.126972 0.453026
-0.0673422 0.126951 0.877135
0.00554161 0.0356894 -0.97137
-0.0322277 -0.126972 -0.971703
-0.058049 0.126951 -0.828131
-0.0052551 0.0601228 0.788344
-0.0568858 0.112021 0.778989
0.00554161 -0.0346034 0.0848383
-0.0603267 0.126951 -0.595684
-0.0705859 -0.113242 -0.411409
0.0022977 -0.126972 0.835904
0.00554161 -0.089043 -0.47713
-0.0052551 -0.0852053 -0.659931
0.0730159 0.126951 0.599245
-0.0461014 -0.126972 0.194484
-0.0052551 0.0352016 0.531754
-0.0052551 -0.0526739 0.218205
-0.0052551 -0.0392613 -0.0169089
0.0701477 -0.113178 -0.411184
-0.0052551 0.00593176 0.8307
-0.0739439 -0.126972 0.918359
0.00554161 0.0497786 0.933475
-0.0052551 0.0293935 0.130133
0.0761201 -0.124517 0.579312
0.00554161 -0.0143139 -0.875254
-0.0052551 0.074642 -0.54085
-0.0480822 0.111251 0.622519
0.00554161 0.0592649 0.662306
0.0288212 0.109541 0.823581
-0.0758336 0.126892 -0.238233
0.00987855 0.126951 0.437897
-0.00907098 0.126951 0.738237
0.00554161 -0.0845188 0.817873
-0.0674056 -0.112963 0.183507
0.0690786 -0.126972 -0.0591513
-0.0052551 0.0799431 -0.515135
-0.0052551 -0.0121757 0.867486
-0.0052551 -0.0773863 -0.460574
0.0452981 -0.111004 -0.262798
-0.00733903 -0.0999218 -0.299347
-0.0156813 0.126951 -0.321684
-0.0052551 -0.0912041 -0.591725
-0.0052551 -0.0367067 0.000922857
0.0250295 0.109209 -0.00917583
0.00554161 -0.0709999 -0.0638806
-0.0441881 0.126951 -0.877641
-0.0052551 -0.00984418 -0.497079
0.024795 -0.126972 -0.00936403
0.00554161 0.0391718 -0.456236
-0.00740002 0.100012 0.458629
0.00554161 0.0395135 0.0826958
-0.0052551 -0.0694665 0.676567
0.0440369 -0.110894 -0.427577
-0.0639743 -0.126972 0.602217
0.00554161 -0.061376 -0.160904
-0.0052551 0.014897 -0.649602
-0.061469 0.126951 0.327983
-0.0725383 -0.113498 -0.973102
0.0604997 0.126951 0.10551
0.0536736 0.111715 -0.503854
-0.0052551 0.00729413 -0.512657
0.0640094 -0.112641 0.6775
0.0280642 -0.126972 -0.362356
-0.0672497 -0.11295 0.00732417
-0.0178964 -0.126972 -0.718082
-0.0258579 0.109307 0.230305
0.00554161 0.0716343 0.572943
-0.0052551 -0.0876781 0.125191
-0.0622879 -0.126972 -0.830796
-0.0118746 0.126951 -0.100607
-0.0052551 0.0168847 -0.590106
0.0624752 0.126951 -0.660684
-0.0712467 -0.113299 0.579557
0.00554161 -0.0192587 -0.619999
-0.0314866 0.109799 -0.865784
0.0583458 -0.126972 -0.604141
-0.0052551 0.0853293 -0.868164
0.00554161 -0.0334833 -0.912354
0.00554161 -0.0751066 -0.998854
-0.0597994 -0.126972 -0.307543
0.028014 -0.109492 0.406459
0.0245715 0.109169 0.847171
0.047907 -0.111232 -0.000548139
0.0224471 0.108983 0.696316
0.00554161 -0.0868984 -0.0230943
-0.0660237 -0.112842 -0.298691
0.0481603 -0.111254 -0.314431
-0.0052551 -0.0667737 -0.304228
0.00554161 -0.0520025 0.719721
0.0077747 -0.100191 -0.944441
-0.047789 -0.126972 0.995799
0.00554161 0.0203939 -0.626698
-0.0236381 0.109113 -0.605882
-0.0052551 -0.0237954 -0.232725
-0.0737121 0.126951 -0.972773
-0.0052551 0.0177046 0.0581665
0.0322111 -0.109859 0.998023
-0.035003 0.126951 -0.15701
0.00942207 0.126951 0.0580541
0.048562 -0.11129 -0.120421
0.045449 -0.111017 -0.615979
-0.0237358 -0.126972 -0.998114
0.00554161 -0.0679598 0.524219
-0.0052551 0.00248005 0.464219
-0.0419371 -0.126972 -0.728066
-0.0052551 -0.04313 0.650278
-0.0757983 0.117291 -0.925934
0.0146225 0.126951 -0.0280943
0.0065221 0.126951 -0.841164
0.00554161 -0.022478 -0.274949
0.00554161 -0.034375 -0.841819
0.00648507 -0.0973272 -0.25138
-0.0052551 -0.0835569 -0.125571
-0.0676358 0.126951 0.37669
-0.0052551 -0.0463374 -0.0695844
-0.00848135 -0.101749 -0.998881
0.00554161 -0.0499992 -0.666173
-0.0758336 0.120583 -0.413025
-0.0434465 0.110846 -0.00150258
-0.0747247 0.126951 -0.574975
-0.0166288 0.126951 -0.677705
-0.0052551 0.00223371 -0.101855
0.00554161 -0.0518217 0.315517
0.0599863 -0.112289 -0.559554
0.0619001 -0.112457 -0.994832
-0.06793 0.112988 0.403982
-0.00748367 -0.126972 0.0856679
0.00554161 0.0800715 0.326226
0.00554161 0.053447 -0.344666
0.0185635 0.108418 -0.336521
0.00554161 -0.0158527 -0.807468
0.0511777 -0.111518 -0.782208
0.0474855 -0.111195 0.200339
-0.0512292 -0.111548 0.0397638
-0.0052551 0.0904059 -0.344525
-0.0052551 -0.00614871 0.645588
-0.00552776 0.0947321 0.00239693
0.00554161 0.0142644 -0.555674
0.00554161 -0.0731577 0.00749759
-0.0052551 0.0564581 -0.931383
-0.0052551 -0.0275961 0.269437
-0.0518386 -0.126972 0.260355
0.00554161 0.00927222 -0.869729
0.0113265 0.126951 0.190976
-0.060303 0.126951 -0.111737
-0.050291 -0.111466 0.776143
-0.073789 0.114054 -0.906454
0.0070873 -0.126972 0.699584
0.0430204 -0.126972 0.767999
-0.0052551 -0.0551177 0.605511
0.00554161 0.0641451 -0.158276
-0.0518181 0.111578 0.38251
-0.0052551 -0.0188781 0.0572012
-0.00529412 0.0928355 0.0184154
0.0574032 0.112042 0.282
-0.0052551 0.00199859 -0.294979
-0.0052551 -0.00913623 -0.930537
-0.0598302 0.112279 0.0532712
-0.0105472 0.104118 -0.387071
-0.0052551 0.0684487 0.472321
-0.0472625 0.126951 0.0445969
-0.0573855 -0.112087 -0.0174834
0.00554161 0.0818121 -0.0486963
0.00554161 0.0447518 0.35234
0.0659052 -0.112807 -0.0904023
0.00554211 -0.0918282 -0.670572
0.00554161 -0.0297165 -0.567853
0.00554161 0.0809725 -0.745875
-0.00725559 0.0997443 -0.6828
0.00554161 -0.0838873 -0.167465
0.0209571 -0.126972 -0.91495
-0.0531556 0.111695 0.692989
0.00554161 -0.0496131 0.127225
-0.0442342 -0.126972 0.342327
0.0130026 0.105891 -0.794064
-0.0452867 0.111007 0.975971
0.00554161 0.00441178 -0.932925
-0.0052551 -0.0162749 -0.175744
0.0378859 -0.126972 -0.629405
0.0172112 0.126951 -0.934408
0.0183308 0.108357 0.596611
0.00554161 0.0589637 -0.864308
-0.0052551 -0.0137508 -0.0990397
-0.0437994 0.126951 0.183019
-0.0320806 -0.109873 -0.882277
-0.0573513 0.126951 -0.559892
-0.0052551 -0.0189911 0.883488
-0.0052551 0.010295 -0.447562
0.00554161 -0.0485227 -0.256784
-0.0574717 0.126951 0.76769
-0.0190726 0.1086 0.952689
-0.0427297 -0.110804 -0.436363
-0.0632765 -0.112602 -0.620778
0.0656907 0.126951 -0.541371
0.0176103 -0.126972 0.276172
-0.0052551 -0.00286474 -0.393057
-0.0723891 0.113436 0.351284
-0.0467921 -0.11116 0.981666
-0.0453832 0.126951 -0.663186
-0.0052551 -0.0508034 0.98216
-0.0651329 -0.112764 0.483177
-0.0052551 0.0110628 0.299361
-0.0052551 -0.0288027 0.347636
-0.0055368 -0.126972 0.78401
0.0632 0.126951 -0.787012
-0.0052551 0.00749509 0.607948
-0.0052551 0.0410011 -0.622566
-0.0052551 0.0390028 0.494132
0.0761201 -0.126321 -0.362132
0.0488127 0.11129 0.510221
-0.0052551 0.0196076 -0.212769
0.0483631 0.126951 -0.839079
0.0482329 0.111239 -0.628948
-0.0172937 0.126951 0.772304
0.0351402 0.110094 -0.2369
0.00278468 0.126951 0.414492
-0.0052551 0.0840165 0.554741
-0.0052551 0.0274418 -0.158683
-0.0052551 -0.0218092 -0.413013
0.0609776 -0.126972 -0.138688
-0.0370649 0.110287 0.538396
0.00554161 -0.04774 -0.360112
0.00554161 -0.0555603 -0.641314
0.00853599 0.101395 -0.0114567
0.00121486 -0.126972 0.601848
-0.0052551 0.0200369 -0.43549
-0.0052551 -0.0589301 0.428643
-0.0052551 0.0871627 -0.423023
-0.00794249 -0.126972 0.384226
0.0330935 0.109915 0.591999
0.00554161 -0.0343735 0.430998
-0.0659782 0.126951 -0.750606
-0.0052551 -0.0374947 -0.982859
-0.0304543 -0.126972 0.461839
0.00621113 -0.0964591 -0.501977
0.0706789 -0.126972 0.91399
0.00554161 0.000582785 -0.453378
0.00554161 0.0405618 0.98584
0.0735698 0.113764 0.912865
-0.0747691 -0.126972 -0.676852
-0.0052551 -0.0896645 -0.0808443
-0.0336981 0.109993 0.99808
0.0680479 -0.112994 0.0566579
0.0272439 -0.109425 0.896831
-0.0248886 0.109222 -0.803088
-0.0052551 -0.0235455 -0.343936
-0.0052551 -0.0221134 0.250329
0.0570443 0.126951 -0.707652
0.00554161 -0.0904113 -0.530856
0.00554161 0.0912805 0.0918498
0.00554161 -0.0916029 -0.29736
0.0335834 0.126951 0.258422
0.00554161 0.00541593 0.0169435
0.0573128 -0.126972 0.687044
-0.0741884 0.11435 0.761812
-0.0140134 -0.126972 -0.795356
-0.025041 0.126951 -0.593997
-0.00638617 0.097823 0.716214
0.00554161 -0.0617766 -0.532096
0.00554161 0.089559 -0.198908
-0.043809 0.110877 0.765805
-0.0436785 -0.110887 0.178173
-0.0131197 0.106162 -0.417232
-0.0317663 -0.126972 -0.325928
-0.0052551 0.0460918 0.867355
-0.0665151 -0.126972 -0.94567
0.0101609 0.103433 -0.926786
0.0669606 0.112878 0.0867555
-0.0052551 0.0412581 -0.705047
0.00554161 0.0343235 0.77902
-0.0657157 0.126951 -0.162515
-0.0235155 -0.126972 -0.390503
0.00554161 -0.0416625 -0.155794
-0.0478542 0.126951 -0.780901
0.00554161 -0.0559274 -0.0383158
0.0587499 0.126951 -0.295932
-0.035158 0.126951 -0.0444942
-0.0052551 -0.00226217 0.691214
0.0570995 -0.112037 0.136129
-0.0052551 0.0872138 -0.845717
-0.00760197 0.100368 0.534685
-0.0052551 -0.03174 0.162565
-0.0052551 0.0403235 0.510013
0.00554161 0.0862373 -0.700868
-0.0052551 -0.0496565 0.565564
0.00554161 -0.0286703 -0.388681
-0.0253358 0.109261 -0.923226
0.0431822 -0.126972 -0.929922
-0.0054529 0.0942817 0.157802
0.0501504 0.126951 0.86723
0.0492204 -0.126972 0.667836
-0.0052551 0.0151205 0.0802259
-0.0512857 -0.111553 -0.740174
-0.0052551 0.0559614 0.81114
-0.0332272 -0.109973 0.556779
0.0741573 0.114109 -0.079964
-0.0432019 -0.126972 -0.537068
0.0158571 0.126951 0.466916
-0.0287351 -0.10958 0.473758
-0.00166321 -0.126972 0.886537
-0.00670235 0.0985965 -0.172239
-0.0563189 -0.111993 0.273831
0.00554161 0.053426 0.845817
-0.00752872 -0.100263 -0.223189
0.0197423 0.108674 -0.0387123
0.00554161 0.046161 -0.790871
-0.0052551 -0.025982 -0.579039
0.0286024 -0.109543 -0.360283
0.00659932 0.0976268 0.989701
0.040555 0.126951 0.597282
0.00554161 0.0751021 -0.0790932
-0.063842 -0.112651 -0.369411
0.00554161 0.0261731 0.574126
0.0745381 0.114404 -0.139031
-0.0394847 0.126951 0.786035
0.00554161 0.000354436 -0.157439
-0.0694552 -0.126972 -0.348841
-0.00554403 -0.0948427 0.806208
0.0676114 -0.112956 0.604658
0.0729221 -0.126972 0.131279
-0.0052551 0.0609855 -0.664848
0.0732801 -0.113656 -0.434764
0.0489934 -0.111327 0.0151877
0.00554161 -0.090604 -0.634103
-0.0052551 0.0540242 -0.589487
-0.0520084 -0.111616 0.945643
-0.0147854 0.107116 -0.0571371
0.00554161 0.0714335 0.89465
0.00554161 -0.0155166 0.854529
-0.0052551 0.000508875 -0.742011
-0.0052551 -0.0384918 -0.883968
0.0735411 -0.113771 0.824958
0.00554161 0.0528022 -0.147796
-0.0052551 0.0912175 0.109049
0.0200684 0.10873 -0.847014
-0.0298085 -0.126972 -0.760815
-0.0052551 -0.0258861 -0.996895
0.0232173 0.126951 0.532882
0.0493393 -0.111358 -0.281072
0.0761201 0.125617 -0.0138958
-0.0052551 0.000526052 0.486354
0.00554161 -0.0185069 -0.858056
0.0286607 0.109527 -0.908328
-0.0052551 0.0405698 -0.723727
0.012156 0.105268 0.213701
0.0482395 0.126951 0.698286
0.0445677 0.110919 0.850946
0.00554161 -0.0395096 0.891482
0.0477312 -0.111217 -0.0630049
0.0436398 0.126951 -0.414405
0.00554161 -0.0504983 0.339881
-0.0052551 0.082011 0.199283
0.0564894 -0.126972 0.179793
-0.0203326 0.108809 -0.360518
0.0333975 0.109941 0.178982
-0.0052551 -0.0216566 0.754298
-0.00528231 0.0926443 -0.132924
-0.0052551 0.00535523 -0.53935
0.0059066 -0.0952287 0.26671
-0.0219174 -0.126972 0.0797656
0.0428905 0.126951 -0.242855
-0.0358419 -0.126972 0.49341
0.0709703 -0.11325 0.663698
0.0310088 -0.126972 -0.645612
0.0640213 0.112621 -0.561939
-0.0322599 -0.109888 0.939473
0.0291989 0.126951 0.410841
0.00655093 0.126951 -0.773284
0.0284239 0.126951 -0.270776
0.00554161 0.0849013 0.466301
-0.00551626 -0.0946889 0.523366
0.0712746 -0.113277 -0.642489
-0.0052551 -0.0332546 -0.541924
-0.0423213 -0.110769 0.586395
0.0592808 -0.112227 -0.509611
0.00554161 -0.0665806 0.610937
0.0459913 0.111043 0.97717
0.0465156 0.111089 -0.156372
-0.0052551 -0.00838093 0.00460038
0.0576437 -0.112084 -0.35983
-0.0342607 0.126951 0.37516
-0.0602973 0.11232 -0.979335
0.00554161 -0.07398 -0.231734
-0.0467348 0.126951 -0.628124
-0.071819 -0.113352 0.377365
-0.0706154 0.113223 -0.263596
-0.0645918 -0.126972 -0.908399
0.00685526 -0.098304 0.0931245
0.0186303 0.126951 0.554904
0.00554161 0.00306695 0.992837
-0.0052551 0.0360748 0.703727
-0.0713147 -0.126972 0.945529
0.0628283 0.126951 -0.619025
-0.0052551 -0.0786889 -0.633097
-0.0260248 0.126951 -0.566491
-0.0052551 -0.0220929 0.713734
-0.0655987 -0.112805 -0.459483
0.0578621 -0.126972 0.832649
-0.022853 -0.126972 0.168213
0.0609358 -0.112372 0.397496
-0.064364 0.112676 0.997261
0.0597762 -0.126972 -0.581108
-0.0660077 0.112819 0.953228
0.0580501 -0.126972 -0.734893
0.0190733 -0.108561 -0.52611
0.00554161 -0.0344068 0.761691
0.0723868 -0.113395 -0.863429
0.0618222 0.126951 0.728153
0.0626026 -0.126972 -0.255928
0.0103703 -0.126972 -0.404525
-0.0052551 -0.080787 -0.438265
-0.0743134 0.114458 -0.0171471
-0.0413628 0.126951 -0.844035
-0.0178498 -0.108325 -0.331382
0.0665754 0.126951 0.774521
0.00554161 0.00211397 0.127717
0.00554161 -0.00519815 0.583946
0.0535405 -0.126972 -0.426936
-0.0052551 0.0193066 0.146651
-0.0749894 0.126951 -0.6371
-0.0052551 -0.000690778 0.152978
-0.0585936 0.112171 -0.863047
0.00554161 -0.0671545 -0.247553
-0.0487133 -0.126972 -0.352935
-0.0052551 0.0650939 -0.128978
0.00554161 -0.0304585 0.552196
0.00554161 -0.0492963 -0.824954
-0.0052551 -0.00671181 -0.685531
0.0200798 0.126951 0.170638
0.0380034 0.110344 -0.938132
-0.0251234 -0.109264 0.794181
-0.067736 -0.126972 0.490975
-0.0052551 0.0406373 0.664924
-0.0052551 -0.0248842 0.62689
-0.0052551 0.0334748 -0.264801
0.00732681 0.126951 -0.528963
-0.0326022 -0.109918 0.635505
0.00554161 0.0679589 0.587707
-0.0196823 0.108713 0.815428
0.00554161 0.0644219 0.366126
-0.0320157 -0.109867 0.440581
-0.00627245 -0.0975372 0.4438
0.0452736 -0.111002 0.381984
0.00554161 0.0104967 -0.275388
0.0143124 -0.126972 -0.0419342
0.00554161 0.0474154 -0.903209
-0.0401523 -0.126972 0.917465
0.00554161 0.00469724 -0.0686672
0.0668004 0.112864 -0.87246
0.0185755 -0.126972 0.940171
0.0735417 0.126951 -0.170349
0.0442732 0.126951 -0.738197
0.0365961 -0.110243 0.437564
0.0266299 -0.126972 -0.721855
0.00554161 -0.00368145 -0.265928
-0.0176997 -0.108282 -0.596637
-0.0125958 -0.105829 0.981311
-0.0426765 0.110778 -0.122772
-0.0052551 0.0336 0.475649
-0.0588855 0.126951 -0.529707
-0.0613462 0.126951 0.587967
0.00554161 0.0241397 -0.643344
0.0761201 0.126837 0.800782
0.0414366 0.110645 0.271732
0.00554161 -0.0142056 0.942672
0.00554161 0.0710389 -0.232569
-0.0052551 0.0600462 -0.0252833
0.0178544 0.108222 -0.268815
0.00554161 -0.0901853 -0.968616
-0.043108 -0.110838 -0.337099
-0.0537245 -0.111766 -0.411156
-0.0699554 0.113165 0.139619
-0.0241101 -0.109175 -0.537036
-0.0447285 0.126951 -0.47115
-0.028285 0.109519 0.517384
-0.0052551 0.0576214 -0.378857
0.00968168 -0.102917 -0.439598
-0.0052551 -0.0442386 -0.337302
0.030896 -0.109744 0.590466
0.0215718 -0.126972 -0.985547
-0.0658818 0.112808 0.805903
0.00554161 0.0653994 0.059969
0.0486448 0.126951 0.360592
-0.0604222 0.126951 -0.333577
0.00554161 0.0585568 0.329469
-0.0214815 0.126951 0.273783
-0.0142423 -0.106853 0.604479
0.0242109 -0.126972 0.163315
0.0757502 0.116057 -0.843292
0.0687819 -0.126972 -0.50522
-0.00640701 -0.0978989 -0.198612
-0.0253873 0.126951 0.654727
0.045819 -0.11105 0.122078
-0.0600256 -0.126972 0.894301
-0.0182596 -0.126972 0.813761
-0.0476379 -0.111234 0.0702982
0.0503123 -0.111443 -0.753557
0.00554161 -0.0339754 0.496199
-0.0052551 -0.0567406 -0.430189
-0.0545515 0.111817 -0.607605
0.0234958 -0.126972 0.985386
0.0183817 -0.108392 0.486802
-0.00629434 0.0975762 0.13864
-0.0052551 -0.0269064 0.685021
0.0472742 0.126951 0.158491
-0.0212296 0.126951 0.421506
-0.0052551 -0.0252432 0.0959368
-0.0606858 -0.126972 -0.483235
0.0462512 0.126951 0.895446
-0.0269157 0.109399 0.796777
-0.0052551 0.0625306 -0.885096
0.0543485 -0.126972 -0.796731
0.0188652 0.126951 0.981594
0.0171713 -0.108023 0.935137
0.0330773 -0.126972 0.537425
-0.0582725 0.112143 0.468218
0.00279885 -0.126972 0.479018
-0.073677 -0.126972 0.814919
-0.0514766 0.111548 -0.543
-0.0585068 0.112163 0.0687722
-0.0052551 -0.0383021 -0.645345
0.0114132 0.104651 0.958039
-0.0052551 0.0425161 0.0477796
-0.0052551 -0.0434271 -0.411736
-0.046499 0.111113 -0.198822
-0.0052551 -0.0207797 0.374492
0.00554161 0.0393879 0.0127079
0.00554161 0.0477646 0.575385
-0.0052551 -0.0713084 0.942583
-0.0413853 -0.126972 -0.564906
0.0597927 -0.126972 -0.181998
-0.0731088 -0.113704 -0.71364
0.00554161 0.00678938 0.953858
0.00554161 0.0449174 0.627902
0.00152134 0.126951 0.281496
-0.00537278 -0.0937094 -0.144532
-0.0700307 -0.126972 0.644636
-0.00870079 0.102027 -0.371969
0.00554161 0.0275219 0.938136
-0.0275114 0.109452 0.744102
0.00554161 0.0892782 -0.921094
-0.0619526 -0.126972 0.464224
0.00554161 0.0852128 0.823041
0.048157 -0.111254 0.165879
0.00554161 -0.0121998 0.521705
0.00554161 -0.00128084 -0.856665
0.00554161 0.0347298 0.39693
-0.0052551 -0.0298632 0.574359
0.0464426 -0.126972 0.254311
0.0150521 0.126951 -0.092809
0.0476722 -0.126972 -0.901944
0.0665789 -0.112866 -0.231067
-0.0052551 -0.00558021 -0.0819841
-0.073886 0.126951 0.0543734
0.0485387 0.111266 0.409038
-0.0352341 0.110127 0.574345
0.00554161 -0.0739184 0.312025
-0.0052551 0.0629331 0.296738
-0.0052551 0.0112169 -0.0333298
-0.0052551 0.058901 0.526426
-0.011609 0.126951 -0.943949
-0.0143264 0.106878 0.260686
-0.0052551 -0.0384067 0.196054
0.0417582 0.126951 0.750922
0.00554161 -0.0536941 0.474585
0.00554161 0.0435183 0.285243
0.0681415 -0.113003 0.429339
-0.0161999 -0.126972 0.494608
-0.0331837 0.109948 0.841009
0.0473609 0.111163 -0.752002
0.0307138 0.109707 -0.77782
-0.0052551 -0.0275013 -0.742073
-0.0251844 -0.126972 0.582971
-0.0634628 0.126951 -0.195018
-0.00769835 0.100532 0.0758997
-0.0052551 0.0613443 0.189019
-0.0646085 0.112697 -0.51256
-0.00962696 0.126951 0.8679
0.0639442 -0.126972 0.803282
0.0576239 -0.126972 -0.766208
-0.0052551 0.0517405 0.237381
0.0730064 0.113533 0.12142
-0.0597674 0.126951 -0.898327
0.0736235 0.126951 0.39746
-0.00916274 0.102617 -0.946878
0.0474601 0.126951 -0.144222
-0.0652774 -0.112777 0.989219
0.00554161 -0.0810054 0.978776
0.0678796 0.112958 0.851017
0.00554161 0.0326803 -0.699039
0.0274564 -0.109443 0.5569
0.00554161 0.00638142 0.842793
-0.0218887 -0.108981 0.372747
-0.0052551 0.0616241 0.870595
0.00554161 0.0545533 0.685281
-0.0629551 -0.126972 -0.543793
-0.0687689 -0.126972 0.878934
-0.0052551 0.0287345 -0.0733042
0.00554161 -0.0482791 0.633095
-0.00720901 -0.099677 -0.899669
-0.0052551 0.0640017 0.768296
0.021385 -0.108912 0.181533
0.00554161 -0.0027217 -0.36759
0.00554161 -0.00688741 -0.596738
-0.0539597 0.111765 -0.451705
0.0159512 -0.126972 -0.265246
0.00554161 0.0764304 -0.682399
0.0125031 -0.105555 0.0219642
-0.0052551 0.0666492 0.240129
-0.0563082 0.111971 0.41521
-0.0052551 0.0268045 -0.0939407
-0.00808364 0.101147 0.666478
0.00554161 0.0720459 -0.469291
0.0195869 -0.108667 -0.00389228
0.0458332 -0.126972 0.599216
-0.0052551 -0.0130153 0.134063
-0.00770842 0.100549 0.486393
0.0639445 0.112614 0.216071
-0.0618046 -0.112473 0.335346
-0.0608133 -0.112387 -0.25381
-0.0413389 -0.126972 -0.258867
0.0761201 -0.12327 -0.312111
-0.0052551 -0.0478268 -0.452086
-0.0540086 -0.126972 -0.816112
0.00554161 0.0332598 -0.385756
0.00554161 -0.0272763 -0.368829
0.0227559 -0.126972 -0.744062
-0.0631621 0.112571 0.893263
0.0716495 0.126951 -0.931289
-0.039435 -0.126972 0.709526
-0.0152747 -0.126972 -0.5068
-0.0506882 -0.111501 -0.597767
0.00554161 -0.0665705 0.347771
0.0761201 -0.123279 0.883915
0.0434078 -0.126972 0.0637425
0.00554161 -0.080738 0.198761
-0.0052551 0.0471655 0.167413
0.0701283 0.113155 -0.684944
-0.0052551 -0.0273725 0.115409
-0.0052551 0.0195602 0.743053
-0.0052551 -0.0612944 -0.832861
-0.0752949 -0.115728 -0.4283
-0.0052551 0.0706849 0.430747
-0.00556332 0.126951 -0.001706
-0.0112077 0.126951 -0.656125
0.00788925 0.10037 0.188313
0.0201949 0.126951 -0.549565
-0.074491 0.126951 0.896199
0.0403373 0.110549 -0.405074
-0.0052551 0.0762049 -0.0577328
0.00554161 -0.0452386 0.84628
0.0219461 0.126951 0.758792
-0.0758336 0.126813 0.223934
-0.0263211 0.109347 0.277583
-0.0052551 -0.0126204 0.777228
-0.0613693 -0.126972 -0.110064
-0.051294 -0.111554 0.154283
0.00554161 0.0849645 -0.300652
0.0224015 -0.109001 -0.613665
0.00554161 0.0293978 -0.138823
0.00554161 -0.010975 -0.516958
-0.0052551 0.0299902 0.00741383
0.00554161 0.0051851 -0.654098
0.0439948 -0.11089 0.98591
-0.0052551 -0.0819154 -0.0649066
0.0254485 0.109246 -0.204499
0.0759225 -0.11655 -0.536318
0.00554161 0.0648774 -0.554999
-0.0052551 -0.0905023 0.772604
-0.0718776 0.113338 -0.326813
0.00554161 0.0903725 0.615371
-0.0052551 0.0191694 0.823107
0.0575479 -0.112076 -0.491577
0.0199163 0.126951 -0.362695
-0.0758336 -0.125386 0.346895
0.0116382 0.126951 -0.238277
0.00554161 0.0695481 -0.914002
-0.0052551 -0.0102481 0.101573
-0.0515117 0.126951 0.275759
0.00554161 -0.0794778 0.216533
-0.0733716 -0.11383 -0.668293
-0.0052551 -0.086781 -0.739732
0.00554161 -0.00132588 -0.616549
0.0208543 -0.126972 -0.458869
-0.0368464 -0.11029 -0.683689
0.00554161 -0.0262662 -0.31622
0.00554161 0.0620348 -0.610397
0.00554161 -0.0375771 0.32136
0.0130307 0.126951 0.69193
-0.0407103 0.110606 0.229968
-0.0119623 -0.105362 -0.0903285
-0.0052551 -0.00690084 0.316394
-0.0052551 -0.0109223 -0.833192
0.00554161 -0.0534249 0.656329
0.043367 -0.126972 0.630987
0.0472899 -0.126972 0.167924
-0.0429966 -0.110828 -0.829036
-0.0289456 -0.126972 0.363611
0.00554161 -0.041888 0.274956
0.0187495 0.126951 0.809857
-0.0420843 0.126951 -0.336813
-0.0052551 0.0858446 -0.492008
-0.0609177 -0.126972 -0.0909527
-0.0052551 0.0542421 0.707657
-0.00648166 -0.0980896 0.898746
-0.0052551 -0.037324 -0.465764
-0.0052551 -0.00643132 -0.339312
-0.0052551 0.0277749 0.839774
-0.0052551 0.0184195 -0.91673
0.00554161 0.0116975 -0.745558
-0.0682866 -0.11304 0.537159
0.0075048 -0.0996948 -0.0311923
0.0460257 -0.111068 -0.697727
-0.0052551 0.0755532 0.343537
0.00554161 -0.0739313 -0.762602
-0.0434002 0.110842 -0.277926
-0.0538763 0.111758 0.539597
0.00840953 -0.126972 0.0119122
-0.0052551 0.0448584 -0.131033
0.00554161 0.0803289 -0.375722
0.00554161 -0.063633 0.294915
0.00665832 0.126951 0.1226
-0.0741797 0.114343 -0.126142
0.0612008 0.112374 -0.0195328
0.0161035 0.107592 0.983099
0.00554161 -0.0772984 -0.538723
-0.0579847 0.112118 0.115581
-0.0701791 -0.113206 0.444411
0.00569192 0.0939489 -0.0795727
-0.0052551 0.0557204 -0.785481
-0.00789504 0.100853 -0.0282593
-0.0665405 -0.112888 0.840807
0.0732673 0.113629 -0.910209
0.00589319 -0.0951639 -0.553667
0.0321851 -0.109857 -0.731653
0.00554161 -0.070197 -0.898734
0.0534969 0.1117 0.251816
0.0678238 -0.112975 0.638711
0.00554161 -0.0377418 0.244442
0.0448817 0.126951 0.461205
-0.0052551 0.0660965 -0.955119
0.071142 -0.126972 0.85019
0.00554161 -0.0257775 0.79899
0.0632022 -0.126972 0.544036
0.00554161 -0.00326717 -0.471535
-0.0052551 0.0166415 -0.567769
-0.0366825 0.126951 0.965421
0.0657477 0.112772 -0.232702
0.00554161 0.00103245 -0.0430735
-0.0052551 -0.0429365 0.92817
0.00554161 -0.0758082 -0.38584
-0.0733095 0.126951 0.56
-0.0690218 -0.113105 0.130356
-0.031734 -0.126972 0.610973
0.00554161 -0.0267217 0.671897
0.0137632 0.126951 -0.68693
-0.0376469 -0.126972 0.668225
0.0395712 -0.126972 -0.400399
-0.00669551 -0.126972 -0.370841
0.0222124 -0.126972 0.304801
0.0614956 -0.126972 0.383294
-0.0052551 0.0685742 -0.285829
-0.0722811 0.126951 -0.256402
0.00554161 0.0666954 -0.992936
-0.0626002 -0.126972 0.682504
0.00613818 0.0961755 -0.181662
-0.0052551 0.0228646 0.728596
0.0424353 0.110732 -0.426945
-0.0727978 -0.126972 -0.509016
-0.0431418 0.126951 0.506185
0.061235 -0.112398 -0.304491
-0.0052551 0.0280769 0.205136
-0.0735834 0.113925 -0.186449
0.00554161 -0.0201038 -0.45933
-0.0586136 -0.126972 -0.929278
0.0449942 -0.126972 0.557152
0.0637893 0.1126 -0.153637
-0.0609871 -0.112402 0.924859
0.00554161 0.0873224 0.277545
0.00554161 -0.0524349 -0.92623
-0.0728342 -0.126972 -0.691626
-0.0052551 -0.0638465 0.270319
0.0595878 -0.126972 0.351769
-0.0223075 -0.109018 0.0359385
0.0759096 -0.116509 0.754311
-0.0664202 -0.112877 0.561601
-0.0052551 -0.0529227 -0.849588
-0.0279506 -0.126972 0.682695
0.00554161 -0.00451635 0.290049
-0.0052551 0.0615865 -0.6977
-0.0692293 -0.113123 0.766224
0.00554161 -0.0913014 0.354315
-0.0301496 0.109682 0.0132528
0.0074652 0.099597 -0.5875
-0.0408194 -0.126972 -0.861184
-0.035798 0.110176 -0.766009
0.0443957 0.110904 -0.974692
0.00554161 0.0638198 0.00357761
-0.0498788 0.126951 0.127346
-0.0582113 0.126951 -0.697357
-0.0052551 -0.0546082 0.0301999
0.00554161 0.0259971 0.119856
-0.0052551 -0.0150482 -0.0629113
0.0610686 0.126951 -0.90308
0.00554161 0.009735 0.66968
0.00554161 -0.00285361 -0.790814
-0.0052551 -0.00418464 0.391126
-0.0052551 0.0752877 0.125456
-0.0052551 0.00366211 0.560995
0.0526496 0.126951 0.125795
0.0550591 -0.126972 0.284344
0.00554161 -0.0788294 -0.831146
0.00554161 -0.0600272 0.0535372
0.0386884 0.126951 0.839803
0.0616063 -0.126972 -0.214639
-0.0052551 -0.0704706 0.764456
-0.0105261 -0.126972 -0.22341
-0.006105 0.126951 0.941393
0.00554161 -0.00823045 0.414973
0.023747 -0.126972 0.371871
-0.0473622 -0.11121 0.433384
0.00743834 0.126951 0.161256
-0.0600783 0.126951 0.863069
-0.0052551 0.0328064 0.329651
0.0461218 0.126951 -0.0171036
-0.0281263 0.109505 -0.632444
0.00554161 0.00816868 0.455073
0.0313156 0.109759 -0.755887
-0.073728 0.114014 0.515394
0.00554161 -0.0207365 0.478214
-0.0052551 -0.0531004 0.964434
0.073189 0.113598 -0.721557
-0.0283699 -0.126972 -0.355402
-0.0052551 0.0332827 0.382653
-0.0052551 -0.0376862 -0.724281
0.0210387 -0.108879 -0.0724297
0.00554161 -0.0870633 -0.105056
0.0149692 -0.107086 0.832998
-0.0446119 -0.126972 -0.503017
-0.0728788 -0.126972 -0.863123
-0.059072 -0.126972 -0.977252
0.0757284 -0.116029 -0.81261
-0.00536454 -0.0936379 0.954319
0.0101454 0.103417 -0.816527
0.0123269 0.1054 -0.87457
0.00554161 -0.0123816 0.704858
0.0622891 -0.126972 0.894196
0.00554161 0.0829006 -0.152442
0.0611255 0.126951 0.914978
-0.0564171 0.11198 -0.031993
-0.0656705 0.11279 0.705527
0.0266194 -0.126972 -0.66875
0.063836 0.126951 -0.737028
-0.0052551 0.0853394 -0.443193
0.0636784 0.112591 0.475862
0.0643127 0.112646 0.654452
-0.0052551 0.0287155 -0.356905
0.00554161 0.0284732 -0.295182
0.00554161 -0.0293651 -0.675831
0.00554161 0.066739 -0.51594
-0.0688161 -0.113087 -0.768298
-0.0234124 0.109093 0.616019
-0.00998127 0.103547 -0.590998
-0.00204712 -0.126972 -0.517147
-0.0624089 0.126951 0.620507
-0.0052551 -0.0322825 0.542016
-0.0052551 -0.0783121 -0.60865
-0.0244308 -0.109203 -0.0537767
0.0495362 0.126951 0.255785
-0.0214739 -0.108945 -0.0117191
0.0582209 0.112113 -0.966862
0.00554161 -0.0765828 -0.310071
0.00711554 -0.126972 -0.296168
0.0458215 -0.11105 -0.637765
-0.0052551 0.0239923 0.882694
0.0738578 -0.11394 -0.60095
0.00554161 -0.032709 0.643138
-0.075256 -0.126972 0.317788
0.0267948 0.126951 0.11239
-0.0619032 0.11246 -0.787641
0.00554161 -0.051416 -0.325876
0.0428155 -0.110787 -0.219531
0.0415763 -0.126972 0.937678
-0.0052551 -0.0862272 0.547871
0.0158303 -0.107496 -0.501387
0.00554161 0.0483871 -0.987279
0.00930686 -0.126972 -0.933333
0.00554161 0.00628009 0.168745
0.00554161 -0.0451915 0.064698
-0.0423843 0.126951 0.68197
0.00554161 0.0204752 -0.722736
-0.0052551 -0.0710701 0.0243356
-0.0400428 -0.110569 0.276455
-0.0052551 0.0197227 -0.874047
0.0579218 0.126951 0.432403
0.00744901 -0.099587 0.30406
-0.0573478 0.112062 0.231623
0.0556025 0.111884 -0.774018
0.0589069 0.112173 -0.000788577
0.00554161 0.00364507 0.751585
0.0631593 0.126951 0.788731
0.00554161 0.0140314 -0.952536
-0.0052551 0.00295894 -0.602733
-0.0052551 0.0192342 0.984703
0.00554161 0.0518719 0.182853
0.0459808 -0.111064 0.642804
0.0628974 0.126951 0.0133368
-0.0058018 -0.096008 0.141675
-0.0052551 0.0656786 0.904133
0.0142755 0.126951 0.00174168
0.0148147 -0.126972 0.864843
-0.0052551 -0.0152252 0.28554
-0.0052551 0.0768018 -0.351724
-0.0284178 -0.109552 0.224293
0.0616894 0.126951 0.703965
0.0547832 -0.126972 0.716698
0.00554161 -0.0733577 0.0787769
-0.00743448 0.100074 0.813444
-0.0758336 -0.126637 0.386091
0.0104974 0.126951 0.227055
-0.0052551 -0.0298093 -0.812418
-0.0544585 -0.111831 0.821394
0.00554161 0.0906566 0.906756
-0.0510667 -0.126972 0.640292
-0.0606725 -0.126972 0.864507
0.074653 0.114506 -0.336006
-0.0313822 0.126951 -0.189656
0.00554161 0.0660622 0.985732
0.000501046 0.126951 -0.284653
-0.0602567 0.112316 -0.815263
0.0141532 0.10662 -0.984072
0.00554161 0.00132137 -0.712098
-0.0052551 -0.0500464 0.111198
0.00584291 -0.0949087 -0.61293
0.00554161 -0.00689024 -0.958937
0.0707966 0.113213 0.316936
0.0285424 0.109517 -0.646101
0.021744 0.108922 -0.619789
0.00554161 -0.0567485 -0.551642
-0.0618977 0.126951 -0.627523
-0.0052551 0.0297117 -0.0149108
0.00554161 0.0485309 -0.759842
-0.0400731 0.126951 0.105676
-0.0052551 -0.0227792 0.969148
-0.0052551 -0.087152 -0.572973
-0.0634467 0.126951 0.346557
0.0431751 -0.126972 -0.990732
-0.0151221 0.107281 -0.153688
-0.0052551 -0.0744577 -0.709914
-0.0163336 -0.107822 -0.566821
-0.0052551 -0.0429966 -0.903981
-0.0752267 0.126951 0.204537
-0.0052551 -0.0192642 -0.600117
0.0234069 0.109067 0.372507
-0.0052551 0.0526241 0.377999
0.00554161 -0.0455561 0.673758
-0.0620084 0.126951 0.000733988
0.00554161 0.0325759 -0.575779
0.00554161 0.0377098 0.836311
0.0697137 -0.126972 -0.291184
-0.073354 -0.126972 -0.277797
0.00554161 -0.0123949 0.306504
-0.0052551 0.0351465 0.424482
0.00554161 -0.0761423 0.401764
0.00737129 -0.0994338 0.644814
-0.0486225 -0.11132 -0.710368
-0.0704192 0.126951 0.658585
-0.075222 0.115576 0.0824968
0.00584321 -0.0949103 -0.789609
-0.0747005 -0.126972 0.263079
0.0503778 0.126951 -0.392962
0.00556673 0.0926061 -0.265244
-0.0052551 -0.00223043 0.196623
0.0539579 -0.126972 -0.456524
-0.0455338 0.126951 0.576288
0.00670884 -0.0979386 -0.332431
0.0721104 0.113331 -0.80326
0.00554161 0.0874764 -0.632104
-0.070201 -0.126972 0.709597
-0.0052551 0.0177174 0.691089
-0.0616901 -0.126972 0.443318
0.0274421 0.126951 -0.825751
0.00554161 -0.0680861 -0.454297
-0.0101452 -0.10374 -0.543382
-0.0052551 -0.074585 -0.67712
0.00554161 0.0869515 -0.573232
0.0653923 -0.112762 -0.835581
-0.00544966 -0.0942818 0.387407
0.0513893 -0.111537 -0.150602
0.00554161 -0.0670104 0.139843
0.0314255 -0.10979 0.627574
-0.0245885 0.109196 -0.695018
0.0622623 0.126951 0.500329
0.00554161 0.0684442 -0.312353
0.00554161 -0.045751 0.258255
0.00554161 -0.0614541 -0.122257
0.00554161 0.0536495 0.136074
-0.0389453 -0.126972 -0.232551
-0.0052551 0.0458246 -0.977675
-0.0052551 0.0378057 -0.850411
-0.0352878 0.126951 0.263299
0.00554161 0.00970289 -0.209853
-0.0052551 -0.0544152 -0.00310508
0.0358638 0.126951 -0.76514
0.00554161 0.0294723 -0.186998
-0.029888 0.109659 0.204184
-0.0214401 0.126951 -0.490577
-0.0679272 0.112987 -0.659433
0.00554161 -0.0710033 -0.349871
0.0356178 0.126951 0.0697929
0.0609951 -0.126972 0.118153
0.00554161 -0.0844341 0.998088
-0.0052551 0.0503441 -0.508015
0.0613446 0.126951 -0.63344
-0.0052551 -0.00778782 -0.88509
-0.0052551 -0.0500821 -0.512519
-0.0052551 0.0192458 0.274722
0.0119679 -0.10514 0.691221
-0.0628401 -0.126972 0.223577
0.0642713 -0.126972 0.249271
0.0406157 -0.126972 0.962118
-0.0052551 -0.0654505 0.979536
-0.0680481 0.126951 0.300195
-0.0052551 -0.0158579 0.899403
-0.0535351 0.111728 0.260447
0.00554161 0.00477122 -0.52749
-0.055037 0.11186 -0.0630893
0.00554161 -0.0109846 0.158134
0.0673254 -0.112931 -0.0362825
0.0129857 -0.126972 -0.562045
0.0589579 0.112178 0.689937
0.0243373 0.109149 0.728275
-0.0719114 -0.126972 0.0591718
-0.00347665 -0.126972 -0.606131
-0.0052551 -0.0217418 -0.296932
0.00554161 0.0400215 -0.550672
-0.0109084 0.126951 -0.347154
0.00554161 0.0138823 -0.129789
-0.0052551 -0.0574354 -0.0603108
0.0229375 0.126951 0.352874
0.06223 -0.126972 0.0992004
0.0283148 -0.126972 0.085628
0.00554161 -0.0135937 0.338151
-0.00527332 0.0924682 0.888961
0.00554161 -0.0654409 -0.940752
-0.0137633 0.126951 -0.0769495
-0.00792726 0.100904 0.614034
-0.0628708 -0.112567 -0.824742
-0.0052551 0.0396481 0.151589
-0.0443227 0.126951 0.904983
-0.0052551 -0.04427 -0.243148
0.0427142 -0.110778 0.788537
0.00554161 -0.0847993 0.924169
0.00554161 -0.0191859 -0.116847
0.00562056 -0.0933461 -0.232667
-0.0108894 -0.10446 0.870301
0.0321967 0.126951 0.142945
0.00554161 -0.0144316 -0.650965
-0.012199 0.10552 0.354231
0.0590506 -0.126972 0.657229
-0.0176449 -0.126972 0.320773
0.00554161 0.0246194 0.0777102
0.00554161 -0.0825377 0.570473
-0.0052551 -0.021978 -0.702689
-0.0705986 0.113221 -0.0442868
0.0230345 0.109035 0.967703
-0.0180181 -0.126972 0.895817
-0.0052551 0.0264171 -0.601141
-0.00722334 0.126951 -0.613821
0.0637715 -0.126972 -0.903878
-0.00293835 -0.126972 0.161172
0.00554161 0.0288372 -0.886078
-0.0052551 0.0732479 -0.756593
-0.0418674 0.126951 -0.725256
0.011752 0.104941 0.0862475
-0.0320597 -0.126972 0.981355
0.0195275 -0.108655 -0.903526
0.0751472 0.115041 -0.45909
0.0609867 -0.126972 -0.0445438
-0.0052551 -0.0641973 0.364208
0.00554161 -0.0486597 -0.0212432
-0.0382097 -0.110409 -0.950788
0.00554161 0.0649536 0.505226
0.0592482 0.126951 0.841742
0.00671683 -0.126972 -0.387067
0.00554161 0.0339793 -0.760721
-0.0262991 0.126951 0.912527
0.00554161 -0.0828522 0.603163
-0.00608565 -0.0969884 -0.706143
-0.0052551 0.014938 -0.402543
0.00554161 -0.0828897 -0.873127
0.0210703 -0.108883 -0.569654
-0.0172237 -0.126972 0.98717
-0.0052551 -0.0711299 -0.037018
-0.0052551 -0.0661977 0.319849
-0.0360076 -0.126972 0.429727
-0.0271544 0.10942 0.645786
-0.0108483 0.126951 -0.500406
-0.0052551 0.0854835 -0.724322
0.0439171 0.110862 0.608382
0.00554161 0.0605405 0.216147
-0.0052551 -0.0182318 -0.539037
0.0110504 0.126951 0.299882
-0.03602 0.110196 0.82686
-0.0114509 0.126951 0.145537
0.00554161 -0.0838648 -0.582748
0.00554161 -0.0663242 0.205253
-0.0366429 0.126951 0.455162
-0.0420242 0.110721 -0.219703
-0.00602959 -0.126972 -0.0689817
0.0761201 -0.126435 0.767053
0.00554161 0.0484392 0.604911
0.00554161 -0.0412402 0.823112
-0.005529 0.094739 0.977704
0.0356634 -0.126972 -0.111787
0.0332214 0.126951 0.710222
-0.011037 -0.126972 -0.945918
-0.0052551 0.0899151 -0.464357
-0.0052551 0.000965782 -0.846345
0.00554161 -0.0280935 -0.767651
0.00554161 -0.0262498 -0.221681
0.00768675 -0.100034 -0.120924
-0.0052551 -0.0718588 -0.98439
-0.00530448 0.0929803 0.798003
0.0409891 -0.110627 0.603151
-0.0052551 -0.0694881 -0.724107
-0.0220313 0.108972 0.690598
-0.0052551 -0.036291 0.669047
-0.0052551 0.0684917 0.564028
0.0070784 0.0987977 0.117795
-0.0052551 -0.044458 0.590209
0.00852044 0.126951 0.716366
0.0629494 -0.126972 -0.926784
-0.0109838 -0.104546 -0.956979
-0.0261239 0.126951 0.987479
-0.0707592 0.113235 0.278548
-0.0052551 -0.061577 0.838799
0.00554161 0.0719479 0.723394
-0.0052551 0.0683411 0.399561
0.00554161 0.0739801 0.641272
-0.0235234 0.126951 0.237466
-0.0481431 -0.111278 -0.123641
-0.0145147 -0.126972 0.414231
0.00554161 0.0441913 -0.326235
-0.0511699 -0.126972 -0.441596
0.0274786 -0.126972 0.493379
0.00554161 0.0769153 0.30063
0.00554161 0.088717 -0.124392
0.0439028 -0.126972 -0.758875
-0.0442287 -0.110936 0.303019
-0.0052551 -0.0671603 0.23934
0.0451849 0.110973 -0.600261
0.00554161 -0.0699047 -0.579542
-0.0414005 0.110667 0.409839
-0.0052551 -0.0460228 -0.693931
0.0634596 0.112571 0.519895
0.0498975 0.126951 -0.324621
0.0204165 0.108782 0.461529
0.0589951 0.112181 0.378904
0.0208284 0.108835 -0.960566
0.0615418 -0.126972 -0.111964
-0.0052551 -0.0376523 -0.526819
-0.0424854 0.126951 0.934281
-0.0052551 0.0732047 -0.0954416
-0.0675663 0.112956 -0.384514
0.00554161 -0.0551893 0.458926
-0.0052551 0.0783047 -0.989194
0.00554161 -0.0431853 0.954086
0.00554161 -0.0816089 0.153634
0.0761201 -0.12575 -0.72615
0.0735819 0.11377 -0.736082
-0.00583071 -0.0961186 0.697006
-0.0536442 0.111738 0.911607
-0.0437168 0.110869 0.953042
-0.0282777 0.126951 -0.0303571
-0.0279846 0.109493 -0.0660128
0.00554161 -0.0459471 -0.399342
-0.0619791 -0.126972 -0.72767
0.0128783 -0.105826 0.984577
-0.0052551 -0.05193 0.289662
-0.00527617 0.0925279 -0.527079
0.00554161 0.0308673 0.655328
-0.0269634 -0.126972 -0.730199
0.0207579 -0.126972 0.674162
0.00554161 -0.0676353 0.62786
0.0761201 0.12583 0.541334
0.00554161 0.0844073 0.976306
0.00782574 -0.100281 0.914464
-0.067758 0.126951 0.028209
-0.0184107 0.108451 0.162145
-0.0137483 -0.106573 -0.79023
-0.0755022 -0.126972 0.982492
0.00554161 0.00399183 0.508672
-0.0301642 0.126951 -0.896545
-0.0474244 -0.126972 0.735291
0.00554161 -0.0347826 -0.970247
-0.0621341 -0.126972 0.206383
-0.0052551 0.0428218 -0.644659
-0.0128642 0.105993 -0.513872
0.0716801 0.113291 0.627587
0.00554161 0.0701877 -0.824302
0.00554161 0.0291471 0.464191
-0.0052551 0.0720074 0.798717
-0.0052551 0.0673138 0.0874929
-0.0052551 0.0312725 0.409968
0.00352063 0.126951 0.780275
0.00554161 0.0648081 0.118512
-0.0681879 -0.113032 -0.0808282
0.0696802 -0.126972 0.96107
0.00661259 -0.0976843 -0.0734329
-0.0722046 0.113394 0.475902
0.063264 -0.126972 0.00641683
0.00554161 -0.00347821 -0.348141
0.00776034 -0.100166 0.754589
0.00554161 0.00776614 0.767504
-0.0120718 0.105424 -0.984154
0.0647329 -0.112704 -0.527827
-0.0571781 0.112047 -0.886105
-0.0747817 -0.126972 0.1506
-0.069841 0.126951 0.688003
-0.0052551 0.0520106 -0.300364
-0.0758336 0.124732 -0.955001
-0.0052551 0.080489 0.00227756
-0.0296315 -0.126972 0.121512
0.0160793 -0.126972 -0.538477
0.0399623 0.126951 -0.949134
0.023195 0.126951 -0.437289
0.0347307 -0.126972 -0.781954
-0.0732712 0.113758 -0.702871
0.00554161 0.0345891 0.763793
0.00554161 0.0135069 0.798975
-0.0332741 0.126951 0.483897
-0.0052551 0.0208711 -0.946129
0.0692335 -0.126972 0.314614
-0.0516497 0.126951 -0.211547
-0.0288885 0.126951 -0.705865
0.00554161 0.00695226 0.251685
0.0728068 0.113471 -0.303846
-0.034084 -0.126972 0.391695
-0.0052551 -0.0754628 0.613511
-0.0245475 -0.109214 0.773838
0.0761037 0.117471 -0.241229
0.0647955 -0.126972 -0.633339
-0.0736135 -0.113965 0.610739
0.0725167 0.113399 -0.364904
0.00554161 0.089341 -0.986664
0.0285616 -0.126972 0.706227
-0.0461434 0.126951 -0.600691
-0.0665497 0.126951 -0.421965
-0.0052551 0.0833297 0.0360691
-0.0052551 -0.0910865 0.311592
-0.0052551 -0.071945 -0.283585
-0.0757065 0.126951 -0.857803
0.00793031 0.10044 -0.531868
-0.0052551 -0.0692055 -0.189474
-0.0183561 0.108438 0.870191
0.0283458 0.109499 -0.435812
0.0242806 0.126951 -0.392612
0.0181207 0.126951 -0.201761
-0.0052551 -0.0331984 -0.791257
-0.0623148 -0.112518 -0.962222
0.0147211 0.106935 0.153517
0.0137007 -0.126972 0.316151
-0.0480452 0.126951 -0.863989
0.00554161 3.30982e-05 -0.228741
0.00554161 0.0269589 0.967413
0.0715006 0.126951 0.568137
-0.0263403 -0.126972 0.0653593
-0.0052551 -0.024932 -0.972264
0.0329368 0.126951 0.979822
0.00554161 0.0589186 -0.103967
0.0503645 -0.111447 0.890194
-0.0299734 -0.126972 0.20161
-0.0481669 -0.11128 -0.527268
-0.0052551 0.0844772 -0.604766
-0.0052551 -0.0687644 0.854987
-0.0052551 0.0749096 -0.902544
-0.0052551 -0.0880976 -0.339911
0.0708396 0.126951 0.474157
0.0446084 0.110922 -0.784678
0.0759537 0.126951 0.178479
-0.0303427 0.109699 0.103975
-0.0052551 -0.021402 0.304724
-0.0052551 0.0650242 0.682809
0.0060181 0.0957043 -0.861851
0.0761201 0.124843 0.675432
-0.0052551 -0.021838 -0.643101
-0.0464927 0.111112 -0.704872
-0.0138742 -0.126972 -0.578228
0.070185 -0.126972 -0.458996
0.0717574 0.113297 -0.5328
0.0374818 -0.11032 -0.66108
0.0400498 0.110523 -0.0833178
-0.0052551 0.0221809 -0.145539
-0.0465415 -0.126972 0.00094782
0.0448979 -0.126972 -0.303417
0.00606312 -0.095909 0.594747
-0.0583282 0.112148 0.982109
-0.041315 0.126951 0.24855
0.0491247 0.126951 0.937641
0.00554161 0.0544585 -0.456591
0.0605129 0.126951 -0.862527
0.00554161 0.0360135 -0.0381205
0.0268156 0.109366 -0.485038
-0.0326178 -0.10992 0.689666
0.0702746 0.113168 0.1905
0.0230796 -0.10906 -0.0250091
-0.0564759 -0.126972 0.97017
-0.0758336 0.118279 0.00259183
-0.0661643 -0.126972 -0.567004
0.00610303 -0.0960647 0.397732
0.0732756 -0.113654 -0.193547
-0.023212 -0.126972 0.237081
-0.0633704 -0.126972 0.780493
0.0119952 -0.126972 -0.865487
0.000519997 0.126951 0.339504
-0.0558343 0.111929 -0.681142
-0.0496827 -0.111413 -0.648019
-0.0052551 0.0252044 -0.668847
-0.0172518 -0.126972 -0.309682
-0.0687502 0.113059 -0.803297
-0.0214188 0.126951 -0.976996
0.00554161 -0.0717647 0.10176
0.00585177 -0.0949552 0.830217
-0.047983 0.111243 -0.140213
-0.0052551 -0.0243824 0.499523
0.0396018 0.110484 -0.617797
-0.0052551 0.0296375 0.185565
-0.0052551 0.010609 0.190501
-0.0643961 0.126951 0.488708
-0.0758336 0.118725 -0.0955632
-0.0396732 -0.110537 0.569324
-0.0052551 -0.0115575 -0.577383
0.00557959 -0.0928413 -0.313054
0.00554161 -0.0756102 0.0446003
0.00554161 0.0812235 0.657113
-0.0052551 -0.0897584 -0.0517622
0.0196515 0.108657 0.406917
-0.0707044 0.126951 0.789624
0.0347184 0.126951 -0.448963
0.00554161 0.0308483 0.743005
0.0650031 0.112707 -0.402472
-0.0616848 -0.126972 -0.591827
-0.0171734 -0.126972 0.185831
0.0591651 -0.112217 0.62363
-0.0052551 0.0265743 -0.617498
-0.0052551 0.0256874 0.54934
0.00554161 0.0380977 -0.418356
-0.0052551 0.082933 0.917051
-0.0052551 0.0820623 0.38404
0.049124 0.111317 -0.343757
-0.00665705 -0.0985134 -0.246425
0.0456481 0.126951 0.549673
-0.0511771 0.111522 -0.486957
-0.00525536 -0.0917911 -0.415983
0.0761201 -0.126942 -0.565067
-0.0758336 0.124869 -0.368096
-0.0047303 -0.126972 0.742773
-0.0052551 -0.073404 -0.787009
0.00554161 -0.0119052 0.983968
0.00554161 -0.0465877 -0.196661
-0.0401558 0.110558 -0.446779
0.0622162 0.112463 -0.425204
0.00554161 0.0142531 -0.00375436
0.00967306 0.126951 0.61585
-0.0052573 -0.0919722 0.978169
0.074206 -0.114165 0.378904
0.00554161 -0.0891536 0.00682262
-0.0744623 0.126951 0.464772
0.00554161 -0.0518388 -0.48554
-0.0052551 -0.0509186 0.389023
-0.0473489 -0.126972 0.934379
0.00554161 0.0726836 -0.263566
0.00554161 -0.00408985 -0.758114
-0.0052551 -0.0620719 0.167749
-0.00667328 -0.0985511 -0.632544
0.04155 0.110655 0.152036
-0.0351611 -0.110142 -0.309268
-0.0617981 0.112451 -0.472049
0.00554161 -0.06539 -0.679836
0.00554161 -0.0425186 -0.5972
0.00554161 -0.0717611 0.481579
0.0284254 0.126951 -0.860922
-0.0476634 0.111215 0.727205
0.0335063 0.109951 0.996536
-0.0757276 0.126951 0.139342
0.063554 0.11258 -0.280824
-0.0052551 -0.0446018 -0.140736
0.00554161 -0.0314858 0.372193
-0.0152736 -0.107373 0.35919
-0.00660967 -0.098402 0.845893
-0.0659982 -0.126972 0.0319369
0.00555652 -0.092414 -0.771753
-0.00851893 0.10178 0.639896
-0.0637538 -0.126972 -0.789499
0.0430099 -0.126972 -0.135578
-0.0052551 -0.0195249 -0.13955
-0.0052551 0.0834311 -0.794519
-0.0174796 0.126951 -0.45921
-0.0748988 0.126951 -0.881048
-0.0079466 -0.100956 -0.13263
-0.0621922 -0.126972 0.910693
0.0554631 -0.111893 0.705498
0.0675406 -0.126972 -0.393034
0.0155098 -0.10735 -0.342614
0.0267624 0.109361 -0.0749554
-0.0240738 -0.109172 -0.223145
-0.0689469 -0.126972 0.544492
-0.0592112 0.112225 -0.436954
-0.0235876 0.126951 -0.777562
0.00554161 0.00255318 -0.326866
-0.0052551 0.0254513 -0.903661
0.00554161 0.0715615 -0.885192
0.0226548 0.126951 0.317468
0.0475477 0.126951 -0.496532
-0.0678393 -0.113001 0.727782
-0.0227392 -0.109055 0.428295
-0.00857486 0.126951 0.388154
-0.0252578 0.109254 -0.193727
0.00554161 0.043577 -0.952375
-0.0052551 0.0640889 -0.492232
0.00554161 -0.038128 0.168952
-0.00520466 -0.126972 0.726003
-0.000687752 -0.126972 0.43116
-0.0052551 -0.0419771 0.342893
-0.0052551 0.0719466 0.510756
-0.0052551 0.0567104 -0.251232
-0.0384802 0.126951 0.541557
0.0465799 0.111095 0.137586
0.0749538 -0.126972 0.480381
-0.0713848 0.126951 -0.823828
-0.0052551 -0.0260636 -0.716483
0.0317748 0.126951 0.290931
-0.0052551 -0.0802735 -0.475618
0.00554161 -0.0755186 0.684213
-0.00187158 -0.126972 0.238866
0.00554161 0.0629497 -0.364832
-0.00716425 -0.0995904 0.429991
0.0646226 0.112673 -0.129316
0.00554161 0.0800897 0.235835
0.0677375 -0.112967 -0.00727478
-0.0052551 0.0541634 0.727868
0.00613846 -0.0961981 -0.0468109
0.072635 -0.113447 0.785625
-0.0052551 -0.0616398 -0.591808
-0.0417103 0.126951 -0.270538
0.00554161 -0.0137533 0.596237
-0.0052551 -0.0429857 0.480718
0.00554161 -0.00596194 0.611593
-0.0052551 -0.0546628 -0.574546
-0.0387569 -0.110457 -0.843159
-0.0052551 0.0756272 0.107903
0.0222768 0.108968 -0.76652
-0.0758336 0.11789 0.92867
0.0718142 0.126951 -0.966459
-0.0214176 -0.10894 0.310948
-0.0147735 -0.107132 -0.27019
-0.0052551 -0.0896759 0.216832
0.0367971 0.126951 -0.105329
-0.0756527 -0.116607 -0.836596
0.0686604 -0.126972 -0.757281
-0.0052551 -0.0839707 -0.176365
-0.000770743 0.126951 -0.121337
-0.0052551 0.0533958 0.031685
-0.0052551 0.0360749 -0.73891
-0.0558602 0.111932 0.649615
-0.0052551 0.02735 -0.835822
-0.00844585 0.101678 -0.490605
0.00583968 -0.0948916 -0.362811
0.0102105 0.103486 0.0341574
0.00554161 0.0399334 0.310432
-0.0758336 0.118103 -0.761656
0.0375974 -0.126972 0.0411741
0.00554161 0.0117672 -0.172472
0.0264316 0.109332 0.495081
0.00554161 0.00392309 0.697519
0.0466305 0.126951 0.794652
0.00554161 0.00205872 -0.57402
0.00554161 -0.0568848 0.929476
0.00554161 0.0881028 -0.891455
0.00554161 -0.0531305 -0.611868
-0.0052551 0.0402977 -0.432349
-0.00421168 -0.126972 0.0386875
-0.0251643 0.126951 0.69388
-0.0344194 0.110056 -0.502753
-0.0402612 -0.110588 0.729031
-0.0052551 0.056573 -0.324459
-0.0052551 0.0406292 -0.920371
-0.0052551 0.0569675 0.284145
0.00554161 -0.0122707 -0.415303
0.00554161 0.0496066 0.798194
0.018608 0.126951 0.0401164
-0.0052551 -0.0751507 -0.241747
0.00554161 -0.0202985 -0.932149
-0.0447952 0.110964 0.304031
-0.0052551 0.0182772 0.353211
-0.0052551 -0.0744855 -0.377144
0.00554161 0.00275201 0.374806
-0.0405555 0.110593 -0.553219
0.00554161 -0.00122098 -0.996706
-0.0052551 -0.0764761 0.300503
0.00228991 0.126951 0.900651
0.0362253 0.110189 0.809036
0.0471045 -0.126972 -0.0278426
-0.0052551 -0.0693548 -0.850219
-0.0127609 0.126951 0.843187
0.0753706 -0.115374 0.402716
0.00554161 -0.062183 0.191944
0.0173908 0.108076 0.751059
-0.00657962 0.126951 0.75296
-0.047649 -0.126972 0.756116
-0.0052551 0.045912 0.687393
0.0459534 0.11104 0.87782
-0.0052551 0.0187277 -0.298235
-0.0758336 -0.126101 0.284988
0.0510406 0.111485 -0.709261
0.0300144 0.109645 0.769342
0.00554161 0.0250511 0.0629893
0.00554161 -0.0175845 -0.785874
-0.0052551 -0.00161665 -0.814999
0.0056054 0.0931581 0.836139
-0.0758336 0.126736 -0.0650796
-0.0052551 0.0216514 -0.235327
-0.0693834 -0.113136 -0.227771
-0.0429189 0.126951 -0.532454
0.00554161 -0.0542984 -0.13955
0.0221176 -0.126972 0.0213254
0.00554161 -0.0402244 -0.475505
0.0293995 -0.126972 0.05514
-0.0052551 -0.0273052 -0.246669
0.0741392 0.114097 -0.76799
0.0197386 0.108673 -0.285083
0.00554161 0.0792168 0.851566
-0.0461091 0.111079 0.441219
-0.0052551 -0.052755 0.442436
-0.0052551 0.082649 0.491686
0.00554161 -0.0170218 -0.150847
-0.0252149 -0.109272 0.411802
-0.0052551 -0.0764072 0.713707
0.00611782 -0.0961209 0.51174
0.0304542 0.109684 -0.452022
0.00554161 -0.00399619 0.910137
-0.0638924 0.126951 0.529906
-0.0221716 -0.109006 -0.0729503
-0.0052551 -0.00236403 0.517144
0.0140457 -0.126972 -0.836219
-0.015427 -0.126972 -0.0860965
-0.0052551 -0.0406381 0.123092
-0.0425866 0.126951 0.738379
-0.0288547 0.109569 -0.180338
0.022704 -0.126972 0.249906
0.00725583 0.0991774 0.0559261
-0.0605578 -0.112364 -0.501323
0.0727747 0.113462 0.424355
-0.0155421 0.107473 -0.871218
-0.0052551 0.014758 -0.365547
0.00554161 -0.0598162 -0.513845
0.00554161 0.0307185 -0.109425
-0.0494244 0.111369 -0.403561
-0.0404045 -0.110601 0.527658
-0.0052551 0.0272922 0.24977
0.00554161 0.0225246 -0.498659
-0.0076752 0.100493 0.844871
0.00554161 -0.0077735 0.5408
-0.0052551 0.0123271 -0.473495
0.00554161 -0.0392908 0.412338
0.0465786 -0.111116 -0.100768
-0.0052551 0.0209749 -0.530917
-0.0052551 -0.0265779 0.865146
0.0141139 -0.126972 -0.0924123
-0.0052551 -0.0210941 -0.0327281
-0.0052551 -0.0831834 0.229487
-0.064351 -0.126972 0.251082
-0.0052551 0.0137274 -0.383332
0.0420507 0.110698 -0.293457
-0.0052551 0.0687437 0.450196
0.00554161 0.0154771 0.604602
-0.0052551 0.0773538 0.257869
-0.0716926 0.113317 0.243228
0.04049 -0.110583 0.580533
0.0761201 0.1225 0.735752
0.00819208 -0.100891 0.880693
0.00341788 -0.126972 0.185716
-0.0273386 -0.109458 0.885483
0.0686132 0.126951 -0.114265
-0.0628804 0.112546 -0.235639
0.00587677 0.0950613 -0.440622
-0.0706871 -0.126972 0.0893519
-0.00525862 0.0920239 0.603721
-0.0352052 -0.110146 -0.509236
-0.0052551 -0.00674174 0.726716
0.0463822 0.111077 0.751411
0.0638949 -0.126972 0.335937
0.0177988 -0.108226 0.847179
-0.00958677 0.126951 -0.138594
-0.0052551 -0.0719592 -0.531292
-0.0052551 -0.0204159 -0.391155
-0.0027251 -0.126972 -0.746843
-0.0219253 -0.108984 -0.492476
-0.0706773 0.113228 0.631641
0.00554161 -0.0913404 0.633775
0.0409959 0.126951 0.571002
-0.0399971 0.126951 -0.452258
-0.037486 0.126951 0.886946
0.0684777 -0.126972 -0.783777
-0.00974278 0.126951 -0.471313
-0.008908 -0.10232 -0.405954
-0.0165373 0.107877 -0.46346
-0.0052551 0.0426173 -0.799896
-0.0052551 0.0600751 0.969575
0.00554161 -0.0452759 0.511353
-0.0052551 -0.0309846 0.181076
0.00554161 -0.0102083 -0.53285
-0.0736457 -0.113984 0.424509
0.0734672 0.113715 -0.643737
-0.00638609 -0.126972 -0.266689
0.0610172 0.126951 -0.100309
-0.00373303 -0.126972 0.539039
0.038624 -0.126972 -0.91691
0.00554161 0.049952 0.25649
-0.0315016 -0.109822 -0.178476
0.0293497 -0.109609 0.229445
0.00554161 -0.0424002 -0.652869
-0.0052551 -0.0676232 0.955863
0.00554161 0.00220675 -0.405455
0.0295504 -0.109626 0.0405157
-0.0052551 0.0793255 -0.17571
-0.0052551 -0.0746979 0.472186
0.0287551 0.109535 0.796543
0.00554161 -0.058182 0.541877
-0.00224415 -0.126972 -0.483748
-0.0379444 -0.110386 0.160749
0.00554161 -0.0709153 0.805943
0.00420679 0.126951 0.664407
-0.0641258 -0.126972 -0.873938
-0.00536659 0.0936344 0.931933
-0.00955161 -0.126972 0.671773
0.0223541 0.126951 0.950481
0.00554161 -0.0823249 0.251579
0.031131 -0.126972 0.120321
-0.0052551 -0.0332894 -0.310914
-0.0142236 0.106822 0.126581
0.0215837 -0.126972 -0.618644
-0.0605445 0.112342 0.211886
0.00554161 -0.054166 0.243205
-0.0710009 0.113256 -0.112805
0.00554161 0.0786168 0.503661
0.0699849 0.113142 0.107775
-0.0339397 0.126951 0.750341
0.00554161 0.0310001 0.910791
-0.0550352 -0.111881 -0.197784
0.00554161 -0.00301853 0.801316
-0.0196381 0.126951 0.720047
0.00554161 -0.0107253 0.180213
0.0320334 0.109822 0.0451392
-0.00534673 0.0934519 0.413991
0.0195475 -0.108659 -0.688643
-0.0052551 -0.0530511 0.407521
0.00554161 -0.0757937 -0.48285
0.00554161 0.0667094 0.830561
0.00761347 0.0998779 -0.995237
0.00554161 0.00449063 -0.490141
-0.00563811 0.0952924 0.240633
0.0742043 0.114142 0.837812
0.0309766 -0.109751 0.766687
0.00554161 0.0571888 -0.732251
-0.0483889 0.111278 0.867744
-0.0526704 0.126951 0.202758
-0.00525647 0.0918929 0.624053
0.025138 0.126951 0.887828
0.0129684 0.105868 -0.942304
-0.0052551 -0.0464707 -0.993256
-0.0052551 0.0412084 -0.376593
-0.00546296 -0.0943682 0.412729
0.00554161 0.023151 0.167922
0.00554161 0.0590655 -0.0680616
0.0339951 0.126951 -0.0367534
-0.0052551 -0.0501015 0.534469
0.00441452 -0.126972 -0.454157
0.0623741 0.126951 -0.221047
0.00554161 -0.013108 0.654539
-0.0488829 0.111321 0.0295448
0.0330182 -0.10993 0.31746
0.0348891 -0.126972 0.0132209
-0.0507057 0.126951 0.0795777
0.0429158 -0.110796 -0.585923
0.00554161 0.0447006 -0.521122
-0.0052551 -0.0763433 -0.0203961
-0.0273153 0.109434 0.595022
-0.0052551 0.053606 -0.897437
0.0343459 0.110024 -0.0192105
0.00555481 0.0923501 0.362452
0.0266749 -0.109375 0.103511
-0.0403405 0.110574 0.133679
-0.0350531 0.110111 0.360918
-0.0221626 0.108984 -0.0962562
-0.0499107 -0.111433 -0.361255
-0.0758336 0.122367 -0.526734
0.0454846 -0.126972 0.518862
0.045431 -0.126972 -0.48091
0.0423106 0.110721 -0.179908
-0.0052551 0.0340382 0.115334
0.021513 0.108902 -0.739677
0.0684365 -0.126972 -0.948298
-0.0758336 -0.125538 -0.885758
0.00554161 -0.0240125 0.959462
0.00554161 -0.0516363 -0.225328
0.00554161 -0.0905136 -0.182753
-0.0691966 0.126951 -0.783916
0.0131321 0.126951 -0.889879
0.0716826 0.113291 -0.979967
-0.0734138 0.113831 0.603648
0.0734472 -0.126972 0.266763
-0.0709061 0.113248 -0.561917
-0.00557546 -0.0950079 -0.885789
-0.0715784 -0.113328 -0.934566
-0.0736263 -0.113972 -0.595979
0.0534399 -0.111716 -0.437471
-0.0185908 -0.108516 -0.450238
-0.0425379 0.126951 -0.501314
0.00554161 -0.0102128 0.669069
-0.0729784 -0.113649 -0.124337
-0.0052551 0.0253487 0.036736
-0.0528507 0.111668 -0.360034
0.00554161 -0.0548155 -0.9044
0.00705258 0.0987404 -0.753752
-0.0052551 0.0416384 -0.0808252
-0.0414209 -0.126972 -0.701402
0.0194501 -0.10864 -0.709666
-0.0684198 0.113031 -0.290841
-0.0052551 -0.00449653 0.0238251
0.0352399 -0.126972 -0.216422
-0.0115101 -0.126972 -0.844148
-0.0052551 0.018174 -0.347669
-0.0565819 0.126951 0.661221
-0.0052551 0.0252573 -0.860361
-0.0594439 0.126951 0.917599
-0.0052551 0.0666468 0.413112
0.073062 -0.113573 -0.4853
-0.0517054 -0.126972 -0.899792
-0.0052551 0.0528518 -0.046839
-0.0346111 -0.110094 -0.5509
-0.00659533 -0.126972 0.949144
-0.0052551 0.0127688 0.369264
-0.0052551 0.0494956 -0.532648
-0.0130593 0.126951 -0.053758
0.0117902 0.104973 0.613884
0.067229 0.126951 -0.265766
-0.0052551 0.000477872 -0.874229
-0.0052551 0.0768894 -0.158234
0.00554161 -0.0369186 -0.584756
0.00739096 0.0994515 0.587721
0.00554161 0.0804564 0.35436
-0.0052551 -0.0622855 -0.928691
-0.0530957 0.126951 -0.248712
0.00554161 0.0153468 -0.686928
0.00554161 0.0865792 0.0611483
-0.0328625 -0.109941 0.0938421
-0.0052551 0.0889258 0.175521
0.00554161 -0.0563191 0.0218877
0.0352654 -0.110126 -0.170663
0.061599 0.126951 0.323759
-0.0052551 -0.0823251 0.753808
-0.0052551 -0.0590443 0.336176
-0.0186146 -0.126972 -0.27675
0.00559429 0.093023 -0.142384
0.0399929 -0.126972 0.3877
-0.0445562 -0.126972 -0.675675
0.00554161 -0.0419361 0.562126
0.0243907 0.126951 -0.945985
-0.0052551 -0.0539737 0.690403
-0.0052551 0.0133989 -0.77509
0.00554161 0.0434299 -0.0968162
-0.0195016 -0.126972 -0.686377
0.00554161 0.00528137 -0.837973
-0.0052551 0.058386 0.0512661
-0.0312823 0.126951 0.822718
0.00554161 0.0906813 0.249894
-0.0589656 -0.126972 0.319288
-0.0193565 -0.108677 -0.730043
0.00554161 0.0690729 0.936979
0.0430918 0.126951 0.684466
0.0493261 -0.126972 0.144439
0.00554161 -0.0191291 -0.665789
0.0117632 -0.104972 0.238071
0.00554161 0.0382199 0.589952
0.00554244 -0.0918661 0.667276
-0.0315491 -0.126972 -0.818598
0.00554161 -0.0258651 0.191465
0.00554161 -0.0309843 -0.641065
-0.0052551 0.00492451 -0.662359
0.00554161 0.0438442 0.748825
-0.0563811 0.111977 0.526238
0.00554161 -0.0229785 0.890715
-0.0703813 -0.113224 -0.887576
0.00554161 0.057064 -0.259554
-0.0052551 -0.0819681 -0.969323
0.00554161 0.0640366 0.532877
-0.00760157 0.126951 -0.807974
0.00554161 -0.0599472 0.00300701
0.017452 0.108096 0.111265
-0.0052551 -0.0864271 -0.159626
-0.0052551 0.0691337 0.713554
0.00554161 -0.0291586 -0.888197
-0.000704477 -0.126972 0.451997
-0.0052551 0.0228259 -0.997641
-0.0239844 0.109143 0.713115
-0.0469594 0.111153 0.493902
-0.0052551 0.0743337 0.227217
0.0375949 0.126951 0.958662
-0.0052551 0.004693 0.868419
0.0655997 -0.126972 -0.706948
0.00554161 -0.0599128 -0.393281
-0.0343989 0.126951 0.309232
-0.0052551 -0.00358357 0.334595
0.00554161 -0.0407203 -0.559917
-0.0052551 0.0746885 0.164904
-0.0052551 0.0774505 -0.970681
-0.0052551 0.0696442 -0.526048
0.00151775 0.126951 0.87563
0.0409729 -0.126972 -0.946413
-0.0052551 0.0880429 -0.810215
0.0631563 0.126951 -0.445686
-0.0052551 -0.0628239 0.890853
-0.0052551 0.0765486 0.276378
-0.0302051 0.109687 0.0479521
0.0193524 -0.10862 -0.972444
0.0760843 -0.117308 0.103565
-0.0052551 -0.0808309 0.737926
0.0761201 -0.126553 -0.973739
0.00561522 -0.0932894 -0.0881536
0.0538664 -0.111754 -0.0376912
0.00554161 -0.0757226 0.641866
-0.0052551 -0.0335178 0.703381
0.00554161 -0.0371416 0.394353
0.0214994 -0.108922 0.66639
-0.0052551 0.0506175 -0.190391
-0.041534 0.126951 -0.802835
-0.0052551 0.0557585 -0.814932
0.0306856 0.126951 0.429903
-0.074203 0.126951 -0.68421
-0.0052551 -0.0212134 0.523796
0.00554161 -0.0348262 0.925283
-0.00647554 0.0980527 0.438515
0.0295803 -0.126972 0.190218
0.0228005 -0.109036 -0.540644
-0.0052551 -0.0637298 -0.644192
0.00554161 -0.0884553 -0.200884
-0.0580808 0.112126 0.189352
-0.0052551 -0.0198972 -0.487355
0.00554161 0.0208322 -0.0766107
-0.0052551 -0.021304 0.0086153
-0.0241946 0.109161 -0.962054
0.00554161 0.0901235 -0.163884
0.0408685 -0.126972 -0.0990596
0.0621915 0.126951 0.635071
0.00554161 -0.0325352 -0.622607
-0.0052551 -0.00351457 0.997649
0.00961566 -0.102839 0.380235
-0.0052551 0.00407816 0.931028
0.00554161 -0.0448378 -0.79324
0.00980133 0.103034 -0.228001
-0.028711 0.109556 0.77403
0.0130974 -0.126972 -0.019295
-0.0452544 -0.126972 -0.13576
0.0681036 -0.126972 -0.988666
0.053493 0.1117 0.0867051
-0.0052551 -0.0581447 0.154256
-0.0052551 -0.0291565 0.048424
-0.0052551 -0.0297038 0.80611
-0.00536925 -0.0936791 0.253522
-0.0052551 -0.0411778 -0.803763
0.0201172 -0.108759 -0.274292
0.0180216 0.108271 0.515986
0.060959 0.126951 -0.647262
0.00554161 -0.0570851 0.817844
0.00554161 -0.0655803 0.423992
0.00554161 0.0557161 0.420635
-0.0052551 -0.0637227 -0.474213
0.00554161 -0.0715437 0.823129
0.00554161 0.045961 -0.854359
0.00554161 0.0182827 -0.7082
-0.0668393 0.126951 0.259002
0.00554161 0.0773749 -0.330109
0.00554161 0.00308281 0.643876
-0.0052551 -0.00599579 -0.25505
-0.0052551 -0.0745188 0.793136
-0.0582186 -0.126972 -0.214828
-0.0052551 0.0125615 0.43053
0.00689854 0.126951 0.730293
-0.0052551 0.0106096 -0.802812
-0.0661431 -0.112853 0.242866
-0.0052551 -0.0460723 -0.35076
0.0247622 -0.126972 -0.186145
0.0429193 -0.126972 0.316987
0.0221076 -0.108975 0.0129876
0.00554161 0.022479 -0.928123
0.00554161 -2.5424e-05 0.973383
-0.0435331 -0.126972 0.0864919
0.0740488 -0.114058 0.232773
0.00835801 0.101129 0.380863
0.00554161 -0.0329222 0.354566
-0.0651741 0.126951 0.104125
0.0258188 -0.126972 -0.377161
-0.0052551 -0.00409679 0.575044
-0.0052551 -0.00159553 0.745464
0.0480547 0.126951 -0.985347
-0.07456 -0.126972 0.123964
0.00554161 0.0869301 -0.964962
-0.0519939 -0.111615 0.607289
0.0112737 -0.126972 0.138633
0.00554161 0.0786681 -0.449454
0.00554161 0.0528019 -0.441601
0.00554161 0.0603362 -0.689697
0.0561115 -0.11195 0.776434
0.0761201 -0.126526 -0.855046
-0.0052551 0.0865871 0.333446
0.00554161 0.0533677 0.0753278
-0.0598219 -0.126972 0.124049
0.0118234 -0.105022 0.212292
-0.0052551 -0.011843 0.916052
0.0183046 -0.126972 -0.212314
0.0160087 -0.126972 0.555012
-0.0052551 0.00678157 -0.996014
0.0247844 0.126951 -0.521623
-0.00563121 0.126951 -0.763761
-0.0123434 0.105627 -0.00158472
-0.0052551 -0.0471599 -0.58798
0.00554161 -0.014061 0.439782
-0.00574234 0.0957489 -0.274067
0.0249599 -0.109225 -0.781856
0.00554161 -0.0295796 -0.440061
-0.060881 -0.112392 0.709683
-0.0052551 0.0673496 0.316273
-0.0052551 -0.0139294 -0.280078
-0.0052551 -0.0441439 0.864279
-0.0189047 -0.108587 -0.773633
-0.0666604 -0.112898 -0.795272
0.0621676 -0.11248 -0.747307
0.0183505 0.126951 0.0685548
-0.0052551 -0.0588926 0.71095
-0.00329632 0.126951 -0.200081
0.00554161 0.062937 0.741431
-0.0052551 -0.0785946 0.388835
0.0180993 0.108293 -0.120335
-0.0052551 -0.0428704 0.153514
-0.0682749 -0.113039 -0.552102
-0.0638132 -0.112649 -0.992522
-0.0455479 -0.126972 -0.308005
0.0307279 0.126951 -0.752727
-0.0572158 -0.126972 0.346854
0.0687858 0.126951 0.517468
0.00554161 0.0187282 -0.454032
-0.0052551 -0.0492118 -0.636468
0.00554161 0.0454733 -0.613913
-0.020707 -0.126972 -0.114043
0.0577967 0.112076 0.345849
0.00554161 -0.0522317 -0.971897
-0.0052551 -0.0148052 -0.213649
0.0164923 -0.126972 -0.430685
-0.0688361 -0.113088 -0.486377
0.00554161 0.0175531 -0.613245
0.00791595 -0.100437 -0.860629
-0.0591215 -0.126972 0.804318
-0.0497673 -0.126972 -0.658919
0.0435159 0.126951 0.809077
0.00554161 -0.0569932 0.265571
-0.0052551 -0.0686663 -0.102621
-0.0111151 0.126951 0.208273
-0.0738953 -0.114148 -0.628822
-0.0052551 -0.0562895 -0.762756
-0.0550521 -0.126972 0.522485
-0.0052551 0.057316 0.555263
-0.0481413 -0.111278 0.413336
-0.0052551 -0.0502226 -0.269196
-0.0437837 -0.110897 0.446915
-0.0180611 -0.126972 -0.540061
0.0159394 -0.126972 0.764536
-0.0719372 0.113346 -0.998523
0.00554161 0.070845 0.177673
0.00554161 -0.0623709 -0.962116
-0.0434142 -0.126972 -0.39922
-0.0052551 0.00845093 -0.690841
0.00554161 -0.0285098 0.566547
0.0121218 -0.126972 0.812503
-0.0052551 -0.0655273 0.0775456
-0.0052551 -0.0430043 0.49473
-0.0209906 0.108881 0.0586701
-0.0052551 0.0605949 -0.633847
-0.0052551 0.0837127 -0.324216
0.0455721 0.126951 -0.926233
0.043638 -0.110859 0.809538
0.0170471 0.107958 -0.0840629
-0.0226544 -0.126972 -0.442263
-0.0612754 0.112405 0.839459
0.01271 0.126951 -0.263105
0.0490687 -0.111334 0.300818
-0.0052551 -0.0161277 0.234163
-0.0512453 0.126951 -0.0142778
-0.0052551 -0.0449223 -0.779387
0.00554161 -0.0647671 0.375779
-0.0223831 0.109003 0.549097
-0.0292399 -0.109624 -0.470469
0.00554161 -0.0493016 0.754866
-0.0565739 0.126951 -0.946051
0.0761024 0.126951 0.659743
0.00554161 0.0156822 0.736171
0.030239 0.126951 -0.966047
0.0178937 0.108233 -0.419083
-0.0052551 -0.0518972 -0.545422
0.059307 0.126951 -0.693572
0.0642943 0.112645 0.996674
0.0434908 -0.110846 -0.0187724
0.0349511 -0.126972 0.75419
-0.0228789 0.126951 0.1374
-0.0504574 -0.11148 0.323739
0.00148102 -0.126972 0.342853
-0.00892619 -0.102343 -0.724472
0.00554161 -0.0455349 -0.761464
0.00554161 0.0329523 -0.664177
0.0188229 -0.108503 0.801055
-0.00852708 0.101791 -0.759748
-0.0758336 -0.126347 0.198371
-0.0052551 -0.0351714 0.769524
0.00554161 -0.047726 0.430531
0.00556927 0.0926522 0.31487
-0.0436642 0.126951 -0.829583
-0.00545034 -0.0942863 0.504211
-0.0052551 -0.0893235 -0.854459
-0.0052551 -0.0735371 0.565031
-0.0052551 0.0808656 -0.827376
0.0651736 0.126951 -0.193591
-0.0052551 0.0889912 -0.661935
0.0611498 -0.112391 0.956346
0.0553948 -0.111887 0.508621
0.0311023 0.126951 -0.193059
0.00554161 0.000884899 -0.683548
0.00554161 -0.00419986 -0.140284
0.00554161 0.066203 -0.67244
0.00554161 -0.00314097 0.629212
0.00554161 0.00913713 -0.0546648
0.00554161 -0.0886968 -0.981881
0.00554161 0.0607945 0.702876
0.0672237 -0.112922 0.170286
0.0513271 0.11151 -0.517678
0.00554161 -0.0458004 -0.879868
-0.0052551 0.0399259 0.62186
-0.049176 -0.126972 0.598223
0.0336429 -0.109984 0.915388
0.00554161 -0.00450539 -0.431968
0.00561803 -0.0933196 -0.686339
-0.0052551 -0.0348468 0.446976
0.0266561 0.109352 0.239986
0.00554161 0.0513569 0.104026
-0.0052551 0.0882456 -0.765347
-0.0052551 0.0814272 0.567817
0.00554161 0.0584157 -0.953665
-0.0052551 -0.069616 -0.124931
-0.0422322 0.110739 0.709427
0.00554161 -0.0671262 0.583812
-0.0052551 0.0554469 0.628543
-0.0052551 0.0256387 0.100178
-0.0175679 -0.108243 -0.904376
-0.0295506 -0.109651 -0.158539
0.0761201 -0.12263 -0.210009
0.074367 0.114263 0.595413
0.00554161 -0.0125465 -0.031472
-0.0052551 0.0568781 0.224985
0.00999976 0.126951 0.847149
0.0300771 0.126951 -0.78406
-0.0052551 -0.0254584 -0.0069256
0.00554161 -0.0578682 0.777109
-0.0052551 -0.0641447 -0.270342
0.0367905 -0.126972 -0.59861
-0.054388 0.126951 0.799416
-0.0333341 0.126951 -0.143621
0.0549681 -0.11185 0.327346
0.0454673 0.126951 -0.296759
0.00554161 -0.076015 0.935677
0.0359753 0.126951 -0.0744891
-0.0052551 -0.0174965 0.547655
-0.0052551 -0.0254109 -0.615255
0.051365 0.126951 -0.0773851
-0.0467648 -0.126972 0.829927
-0.0456486 0.111038 -0.170905
-0.00532223 0.0931965 0.370731
-0.0474078 -0.111214 0.748666
0.00554161 -0.0799826 0.023474
0.0715138 0.126951 0.554208
0.0296077 -0.109631 -0.806371
0.0455578 -0.126972 0.125799
0.00554161 0.0782848 -0.929789
0.00554161 0.0368675 0.642324
0.00554161 -0.0143868 -0.185253
0.0538403 0.126951 -0.375399
-0.0212254 0.126951 0.519929
0.00554161 -0.0256211 -0.546097
0.00554161 -0.011162 -0.316243
0.00554161 -0.0590133 -0.656406
0.0115352 0.126951 0.926486
-0.0052551 -0.0324857 -0.13164
-0.00529271 -0.0928358 -0.523171
-0.00632302 0.0976546 -0.80096
0.00568215 0.093874 -0.609297
0.0353843 0.110115 0.001528
-0.0052551 0.0677914 -0.79109
0.0184115 -0.1084 -0.841674
-0.0052551 -0.0266884 0.821533
0.0489268 -0.126972 0.0248737
0.0731015 0.126951 0.909242
0.00554161 0.0437361 0.0259075
0.00554161 0.0348314 -0.778789
0.0193023 0.126951 0.901869
0.00554161 -0.0142825 -0.442408
0.00554161 -0.0475068 -0.74136
0.00554161 0.0847205 -0.249308
0.00554161 0.0552896 0.299102
0.025855 -0.126972 0.466998
0.00554161 -0.0341106 0.102903
-0.0052551 0.0485902 -0.2324
0.00554161 -0.0611508 0.914068
0.00554161 0.0302415 -0.733267
-0.0052551 -0.0145669 -0.847053
-0.0052551 -0.0266286 -0.426887
0.00554161 -0.0350717 0.227814
-0.0052551 0.0384456 -0.478513
0.0298897 0.126951 -0.372301
-0.0052551 -0.087849 -0.679109
0.00554161 0.0624942 -0.171434
-0.0052551 -0.0870813 0.34605
-0.075487 -0.126972 0.557605
0.0739573 0.113978 0.751847
-0.0744204 0.114557 -0.0727107
-0.0391849 -0.110494 -0.0329494
0.0641345 0.126951 -0.723458
-0.0052551 -0.0569446 0.633
0.0170246 0.10795 -0.103201
-0.0052551 0.0347957 -0.533682
0.00106321 0.126951 -0.644113
-0.0052551 -0.042231 0.369597
-0.0751062 0.126951 0.577739
0.0388239 -0.110438 0.679788
0.0467543 0.11111 0.454843
-0.0052551 -0.00851538 0.0421728
0.0205701 0.126951 -0.138575
-0.0052551 -0.0746255 0.507134
-0.022507 -0.109035 0.503071
-0.0052551 0.0879628 0.70466
-0.0052551 0.0377042 -0.947308
-0.0052551 0.045254 0.266784
0.00554161 -0.035583 -0.0849923
-0.0474684 -0.111219 -0.575104
0.00554161 0.0577078 -0.0179935
-0.0292398 0.126951 -0.947124
-0.065124 -0.126972 -0.234316
0.0379194 -0.126972 0.329238
0.00554161 -0.01855 -0.0864365
-0.0052551 0.076543 -0.384436
-0.0732695 -0.126972 0.00556946
0.0224963 0.108988 0.872342
0.00554161 0.0386751 -0.0147673
-0.0408175 0.110616 0.275614
-0.0557199 -0.111941 0.878399
0.00554161 -0.036019 -0.0569034
0.00554161 0.0273958 -0.0506938
-0.0052551 -0.0818046 -0.824117
0.0623495 -0.126972 -0.280203
0.0240311 -0.109143 -0.826439
0.00554161 -0.00707504 0.766493
-0.0052551 -0.0116293 0.479901
-0.00525842 -0.0920352 0.577814
-0.0052551 0.0447105 -0.461481
-0.0052551 0.0900828 -0.233717
0.067311 -0.126972 0.0758602
-0.0052551 0.0168541 0.967329
0.00554161 0.00951737 0.0880257
-0.0178878 0.126951 -0.281506
0.0615779 0.126951 0.363291
0.00554161 -0.0327947 0.841843
-0.000935753 0.126951 0.916552
-0.0473317 -0.111207 0.107327
0.00554161 -0.0693283 -0.260875
-0.0052551 0.0718258 0.529119
-0.0525477 0.111642 0.748404
0.00554161 -0.0267546 -0.509202
-0.0052551 0.0101771 0.657403
-0.0757787 0.117151 0.814909
-0.0052551 -0.0542584 0.0889866
0.0761201 -0.119828 -0.0505724
0.0727915 0.113467 0.572463
0.0680892 -0.112998 -0.620724
-0.0052551 -0.0897274 0.624602
-0.0758336 -0.126269 0.516327
0.0385344 -0.110412 -0.153601
-0.0547327 -0.111855 0.912479
-0.0366934 0.110255 0.185357
-0.0386223 -0.126972 -0.608112
-0.0141694 0.126951 -0.521356
0.00554161 0.0470476 -0.715423
0.00554161 -0.0167717 -0.23555
0.0580391 0.112097 -0.220346
-0.0052551 0.0915398 -0.0714513
-0.0758336 0.117999 0.371553
0.00554161 0.0333151 0.696696
0.0712696 -0.126972 -0.0219581
0.00554161 0.0332728 0.0367352
-0.0563492 -0.111996 -0.772418
-0.00539369 -0.126972 -0.641958
0.041598 -0.11068 -0.959887
-0.0052551 0.0669229 0.666736
-0.0755934 0.126951 0.0394964
-0.0052551 0.0462332 -0.316301
0.0416528 0.110664 0.902407
0.00554161 -0.0183634 -0.996361
-0.0052551 0.0138042 0.162056
0.00554161 0.0746061 -0.292522
-0.00536362 0.0936083 -0.700579
-0.0052551 -0.0849417 0.685903
0.00663605 0.0977259 -0.360499
-0.0752527 -0.126972 -0.0216705
-0.00416612 0.126951 0.616358
0.00554161 0.0428392 -0.890441
0.00554161 -0.0891592 0.0420707
-0.00162161 -0.126972 -0.861857
0.00554161 0.00439396 -0.896917
0.0131136 -0.126972 -0.0775858
0.0476253 -0.126972 -0.71795
-0.0052551 0.0912435 -0.100577
0.00554161 0.0329414 0.796606
-0.0052551 0.0172158 0.622103
0.00554161 0.0331603 -0.795163
0.00554161 0.0209984 -0.897607
-0.0556314 0.111912 0.611768
-0.0052551 -0.0807892 0.874346
-0.0448277 -0.126972 -0.967936
0.0612114 -0.112396 0.873514
0.00554161 0.0428503 0.724879
-0.0052551 0.0238329 -0.489439
0.00554161 -0.079906 -0.423356
0.0357506 0.110147 -0.0512077
0.00554161 -0.00085326 0.942222
-0.0052551 0.0513092 -0.689503
-0.0052551 -0.00137092 -0.765316
-0.018104 -0.108395 -0.299681
0.00554161 0.07118 0.337312
0.00554161 0.0794969 -0.872868
-0.0749403 -0.115167 0.407803
-0.0052551 -0.0211963 -0.959273
0.059673 0.126951 -0.88972
-0.0136766 0.126951 -0.897428
-0.0052551 0.0791745 -0.581305
-0.021829 -0.108976 0.660569
0.00554161 0.0861027 0.188504
0.00554161 -0.074384 -0.156491
-0.0380582 0.110374 -0.968842
-0.0052551 -0.00904725 -0.911031
0.00554161 0.0774501 0.623475
-0.00411813 -0.126972 -0.966045
0.00554161 0.0321593 -0.238213
-0.0721244 0.126951 -0.65246
-0.0052551 0.0159166 -0.632676
0.00554161 -0.00573094 0.357446
-0.0162087 -0.107773 0.0136784
0.00554161 -0.0068631 0.253233
0.00554161 0.0209724 -0.0150288
0.00554161 0.062972 0.877935
-0.018503 0.108474 -0.830668
-0.0052551 -0.0282801 -0.267971
0.00554161 0.0812388 -0.950839
0.00554161 0.0627532 -0.805952
-0.0312026 -0.126972 -0.832889
-0.0161343 0.126951 -0.923199
0.0500616 0.111399 -0.664748
-0.00746206 0.100124 -0.620939
0.0761201 -0.120292 -0.664358
-0.0340064 -0.110041 -0.118206
-0.0052551 -0.0775761 0.925989
-0.0052551 -0.0540273 -0.045517
0.0417338 -0.126972 0.290002
-0.0052551 0.0239061 0.678704
0.0512273 0.126951 0.768046
0.00554161 -0.0460601 0.989693
-0.00563217 0.126951 0.490055
-0.0214254 0.126951 -0.871706
0.0284851 -0.109533 -0.261299
0.00554161 -0.0181336 -0.303997
-0.0052551 -0.0513488 -0.0981338
0.00554161 0.0642488 -0.589756
0.00554161 0.0607618 -0.418403
0.00693453 0.0984709 0.725504
-0.0377291 0.110345 0.315045
-0.0758336 0.125978 -0.901431
-0.0052551 -0.0411767 0.945674
0.00554161 0.0429205 -0.139201
0.0570305 -0.112031 0.985374
-0.0052551 -0.0633931 0.4944
0.0587119 0.112156 0.550015
0.00554161 0.00885145 0.389388
-0.0052551 0.0135336 0.757218
-0.0052551 -0.0330429 0.884851
-0.0216742 -0.108962 0.203995
-0.0605321 -0.126972 0.998786
-0.0758336 -0.119204 -0.531198
0.0375684 -0.126972 0.805184
-0.0052551 -0.0256786 -0.870536
0.00132282 0.126951 0.366855
-0.0229618 -0.126972 0.518535
-0.00641119 0.0978883 0.96056
-0.00744014 0.126951 -0.552909
0.00554161 -0.0186102 -0.72227
0.00554161 -0.0549768 -0.998017
-0.0452276 -0.111023 0.646419
0.0413383 -0.110658 -0.683641
0.0507427 0.111459 0.0617743
0.00554161 -0.0164141 0.0774981
0.00554161 0.00783795 0.32949
0.0761201 0.124358 -0.383755
-0.0052551 -0.0390743 -0.929851
0.0066986 0.0978906 0.432036
0.00554161 -0.00932345 -0.104936
-0.00693428 0.0991043 -0.1942
-0.00601097 -0.0967505 0.739634
-0.0201648 0.108787 0.663163
-0.0052551 0.0269626 -0.711725
0.00554161 0.0180041 0.207277
-0.0258367 0.109305 -0.146478
0.0550901 -0.126972 0.813918
-0.0052551 0.0910811 -0.930578
0.00562206 -0.0933617 0.440349
0.0557657 -0.11192 0.53743
-0.0052551 0.0169658 0.80909
-0.0280614 -0.109521 0.389583
-0.0052551 0.0838338 -0.912835
-0.0464229 -0.126972 -0.243261
0.00554161 0.0847748 0.584431
0.0146615 0.126951 0.0879476
-0.0150411 0.107242 -0.89003
-0.0052551 -0.0813579 -0.945362
0.0621076 -0.126972 -0.41708
-0.0378985 0.126951 0.160519
-0.0052551 -0.0600671 0.803796
0.00554161 -0.0477533 -0.118238
0.00785989 0.100319 -0.21247
0.00554161 -0.0783358 0.328302
0.0257529 -0.126972 0.207035
0.00554161 0.066387 0.690797
0.0749812 -0.114863 -0.685782
0.00554161 0.0323992 -0.257548
-0.0621635 -0.126972 -0.132342
-0.0052551 -0.0201626 0.787878
-0.0052551 0.0326752 -0.0315963
0.026131 0.109306 -0.376473
-0.0052551 0.079502 -0.125649
-0.0052551 -0.0896749 0.296233
0.00554161 0.0241579 -0.589232
0.0352945 0.126951 0.450809
0.0420266 -0.110718 0.271445
0.0388566 -0.126972 -0.832231
-0.00528737 -0.0927519 0.993952
-0.0338733 -0.11003 -0.00611063
0.00554161 -0.0258641 0.137254
0.0687337 -0.113054 -0.456711
-0.0129004 0.126951 -0.790319
-0.0052551 0.0100991 -0.0914554
0.00463619 -0.126972 -0.153833
-0.0587731 -0.126972 -0.512195
-0.0468759 0.111146 -0.734104
-0.0052551 -0.00295404 -0.800318
0.0544874 -0.111808 0.345539
0.0160935 0.126951 -0.578245
-0.0052551 -0.0589142 0.734076
0.0532914 0.126951 -0.269716
-0.0052551 0.0656389 0.944392
0.0275342 0.109428 0.940393
-0.0607411 -0.126972 -0.18987
0.00626696 0.0966282 -0.321611
0.00554161 -0.0484112 0.596345
0.0662471 -0.126972 0.926854
-0.0684087 -0.113051 0.164789
-0.0052551 0.0582419 0.0970039
0.00554161 -0.0505258 -0.183934
-0.0434344 0.110845 0.32836
0.0196435 -0.108677 0.298227
0.0464417 0.111083 -0.683843
-0.0052551 0.0532425 0.0170872
0.0301251 -0.126972 0.416891
-0.0177814 0.126951 0.166791
0.00554161 -0.0876345 -0.95112
0.00554161 -0.0593916 -0.29758
0.0612174 -0.112397 0.482503
-0.0052551 -0.0611438 -0.238949
0.00554161 -0.0857271 -0.652671
-0.0560438 -0.111969 0.0589794
-0.02309 0.126951 -0.822547
0.0104863 -0.103795 -0.913275
0.00554161 0.0240059 0.687434
-0.0052551 -0.0894811 0.594552
-0.0619347 0.112463 -0.64789
0.00554161 -0.0632991 -0.0130986
-0.0052551 0.00996476 0.945215
0.00554161 0.0267687 -0.525356
0.0741733 -0.126972 -0.528727
0.00554161 -0.0849751 0.490444
0.0477206 0.126951 -0.171286
-0.0052551 -0.0786285 -0.40983
-0.0363619 -0.110247 0.898183
-0.0052551 0.0350925 0.931382
0.0761201 0.124389 0.857431
0.0259306 0.109288 -0.405329
0.00554161 0.0389642 0.33801
-0.0192116 0.108628 -0.666884
-0.0052551 -0.0193874 0.387422
-0.0167054 -0.126972 0.701253
0.0761201 -0.123643 0.810698
0.0253795 -0.126972 0.438231
0.0748641 -0.114736 0.938743
-0.0535517 -0.111751 -0.693348
0.0350115 -0.110104 -0.200028
-0.0052551 0.0529079 0.998376
-0.0677143 0.112969 0.309131
-0.00848737 -0.101758 -0.620078
-0.072968 -0.113645 0.363783
0.00554161 0.0588501 -0.70935
-0.0052551 0.00395952 0.227576
-0.0531585 -0.111717 -0.550678
-0.070786 0.126951 0.389298
-0.0496628 -0.111411 0.681244
0.0496223 0.126951 0.0984015
0.00554161 -0.0749596 0.186101
-0.0488319 0.126951 -0.650659
0.00554161 0.0343209 -0.625326
-0.00586483 -0.0962455 0.653287
-0.0052551 0.0902794 -0.312776
-0.0052551 0.0773579 -0.33733
-0.0052551 0.0771885 0.021705
0.0267783 -0.109384 0.130764
0.0761201 -0.126023 -0.493296
0.0335177 -0.109973 -0.479675
-0.0052551 -0.0590847 -0.417416
-0.000324026 0.126951 -0.305404
-0.0252775 0.126951 0.403857
0.00554161 0.0908839 -0.502109
-0.00531308 -0.0931107 -0.814588
-0.0121813 -0.105528 0.000273905
0.0205603 0.108802 -0.595367
0.00554161 0.0782119 0.205409
0.0388713 0.126951 0.497879
0.00554161 0.0502031 -0.383756
-0.0752499 0.126951 -0.302829
-0.0052551 -0.0156606 0.838662
-0.0052551 -0.0377924 0.297464
-0.0052551 0.0601473 -0.392783
-0.0483759 -0.126972 0.28463
-0.0052551 0.00437643 0.0385212
0.00554161 0.042711 0.21408
0.0169944 0.126951 -0.722897
0.0704029 -0.1132 0.284551
-0.0606464 -0.126972 0.653579
0.0261573 0.109308 -0.315656
0.00554161 -0.0640368 -0.979744
0.0237565 0.126951 0.59049
0.0497818 0.111375 0.482014
0.0255257 0.126951 0.374698
0.00554161 0.0559837 -0.922779
0.00554161 0.0844841 0.759921
0.0708751 -0.126972 0.35995
0.0551503 -0.111866 -0.392249
0.0283401 -0.126972 -0.560815
0.0172077 0.108014 0.85776
0.0413116 -0.126972 0.8729
-0.0042564 -0.126972 -0.33898
0.0107455 -0.104054 0.334234
-0.00857585 0.101858 -0.713417
0.00554161 -0.0120178 0.217183
0.00554161 -0.0638736 -0.284342
-0.0052551 0.0776467 0.935403
0.00554161 -0.0802092 -0.918611
0.0270224 -0.109405 -0.145954
0.00554161 0.00912504 0.236106
0.00554161 -0.0791182 0.530958
-0.049653 0.126951 -0.96388
0.028416 -0.126972 -0.3072
0.0287041 0.126951 0.245687
-0.0052551 -0.0501769 0.517044
0.0653322 0.112735 -0.576126
0.0501513 -0.126972 -0.808964
0.00554161 0.0797694 -0.73083
0.00554161 -0.0163086 -0.606591
-0.0052551 -0.057944 -0.718282
0.00554161 0.0742414 0.456362
-0.0212632 -0.126972 -0.0600947
0.00554161 -0.0159659 -0.907603
0.0474 0.111166 0.110048
0.0262445 -0.109337 0.080008
0.00554161 0.0857953 -0.538431
0.0758968 0.116447 0.964472
-0.00991827 -0.103502 0.727989
0.0295794 0.109607 0.674596
0.0418178 0.126951 0.0441118
0.00554161 -0.0314354 0.726027
-0.0428605 -0.110816 0.966024
0.0746685 -0.126972 0.299295
0.0758287 0.116253 0.329716
0.0154882 -0.126972 0.055376
-0.00983875 -0.126972 0.128261
0.037454 0.110296 -0.702125
-0.0052551 -0.0307841 -0.0661415
0.00554161 -0.0838309 -0.46532
-0.0052551 -0.0487815 0.622041
-0.0258128 0.109303 -0.122264
-0.0052551 -0.0073713 0.593188
-0.00709481 0.0994323 0.293761
0.0599915 -0.11229 -0.700636
0.0144829 0.106807 -0.487844
0.00554161 -0.00932043 0.873949
0.00554161 0.0172592 -0.759346
0.0212992 0.126951 -0.420466
0.00554161 0.0619615 -0.213128
-0.0052551 -0.0377559 0.257497
-0.0653561 -0.112784 0.661362
0.00554161 0.0413623 -0.310529
-0.0052551 0.0591483 0.488489
-0.017521 0.108208 0.0242253
0.00554161 -0.0320728 0.904447
0.00554161 -0.0413228 0.457581
-0.0325949 0.126951 0.18974
0.0301116 -0.126972 0.618001
0.0573565 -0.112059 -0.917587
0.0492662 0.126951 0.909913
-0.0615834 -0.112454 -0.167283
0.0071862 0.126951 0.756552
-0.0052551 -0.058941 0.254634
-0.032638 -0.109922 -0.375093
-0.0596505 -0.112285 -0.00471867
0.00554161 -0.00607022 0.229975
-0.0606927 -0.112376 0.144461
-0.0603196 0.112322 0.0403885
-0.033279 0.126951 -0.231221
-0.0298755 0.109658 -0.421577
-0.0052551 0.0846806 0.139424
-0.0052551 0.0620412 -0.579395
-0.0052551 -0.0579572 0.650944
-0.0188112 0.126951 0.534296
-0.0669505 -0.126972 -0.407318
0.00554161 0.0219111 -0.154341
-0.0582286 0.126951 -0.725278
0.00554161 -0.0885597 0.853028
-0.0619795 0.112467 0.390375
-0.0052551 0.0251536 0.597046
0.00554161 -0.0582116 0.36054
0.00554161 -0.0859094 -0.393825
-0.060162 -0.126972 0.165877
-0.00674235 0.0986872 0.786551
-0.0426187 -0.126972 -0.999754
-0.0052551 0.0756351 0.544455
0.00755084 0.0997608 0.476378
-0.0150174 -0.107252 0.841264
-0.0247189 0.109207 -0.719267
0.00554161 0.000378226 -0.544472
-0.0568597 -0.126972 -0.419906
-0.0568396 0.112017 0.454799
0.00554161 0.0741089 0.314463
0.00554161 0.03526 -0.359381
-0.0328873 -0.109943 -0.603242
0.0660898 -0.126972 -0.669249
-0.0387318 0.126951 0.603439
-0.0052551 -0.0701924 -0.342931
-0.00742375 0.100055 0.503312
-0.0274873 0.126951 0.76146
0.00554161 0.0224324 0.368213
0.00554161 -0.00714522 0.954944
-0.00755835 0.126951 0.458665
-0.01131 0.126951 -0.435806
0.00554161 -0.0161311 -0.0157865
0.00554161 -0.0410593 -0.70102
-0.0052551 0.040069 -0.00580174
0.00554161 -0.0462893 -0.941587
-0.0564354 0.126951 -0.313902
-0.0326936 0.126951 -0.390783
-0.0704677 0.11321 -0.212054
-0.0052551 -0.0548188 -0.74829
-0.026717 -0.126972 -0.789108
0.00554161 -0.0168249 0.464362
-0.0052551 -0.0314434 0.935115
0.0619253 -0.126972 -0.153056
0.0743846 -0.114299 -0.325621
0.0761201 -0.124962 0.675423
0.0217261 -0.126972 0.842363
0.00554161 0.00637905 0.53912
0.0353657 0.126951 -0.703327
0.00554161 -0.0157811 0.033391
0.0590352 0.126951 -0.0396168
-0.00565757 0.0953821 0.472442
0.00564551 -0.0935883 0.890939
0.0434729 0.126951 -0.683087
-0.0052551 -0.0768804 0.353946
-0.0610224 0.112383 -0.848469
-0.0328334 0.126951 0.295359
-0.0700629 -0.126972 -0.744278
0.0241152 -0.109151 -0.764634
0.00554161 -0.071105 -0.549961
0.0761201 -0.125017 0.566492
-0.0467386 -0.126972 0.781354
-0.0433863 -0.126972 0.693973
-0.0020616 -0.126972 -0.687079
0.00554161 -0.0215902 -0.839802
0.0593099 -0.126972 -0.08537
0.0132982 0.126951 -0.0561675
0.0594026 -0.112238 -0.892963
-0.0118702 0.126951 0.013114
0.00554161 -0.0479876 -0.0808781
0.0247155 -0.109203 0.159856
-0.0160762 -0.126972 0.0519676
-0.0756429 0.116552 0.66396
0.00554161 0.0673044 -0.138292
0.0169444 -0.107943 0.645229
-0.00868897 -0.126972 0.570832
0.00548546 -0.126972 0.715694
-0.0631943 -0.126972 0.957327
0.00554161 -0.0815916 -0.510538
-0.0224304 0.126951 0.383634
-0.0413045 0.126951 0.0097597
-0.0633167 0.126951 0.431554
-0.0052551 -0.0526171 -0.31763
-0.0391087 -0.110488 -0.2597
0.00554161 0.0441917 0.387962
0.01689 0.126951 0.4073
-0.00856053 0.101837 -0.288662
0.00554161 0.0278673 0.824081
-0.0755461 -0.126972 0.502497
0.00554161 0.0111118 0.0561913
-0.0286901 -0.109576 0.808824
0.00554161 0.0817385 -0.346256
-0.0612331 0.126951 0.555756
-0.0392793 0.126951 0.0546028
0.000189378 0.126951 -0.855549
-0.0468779 -0.126972 0.32841
-0.0052551 -0.00859389 -0.949725
0.00554161 -0.0286331 -0.125619
0.00554161 0.00865687 -0.670857
-0.0052551 -0.00718503 -0.511228
0.0483517 0.11125 0.83191
-0.0052551 -0.0409448 -0.82354
0.00554161 -0.0746555 0.770744
-0.0758336 0.123143 -0.713603
0.00554161 -0.0767822 0.1677
-0.0661614 0.126951 -0.281312
0.00554161 -0.0533456 0.16479
-0.0374349 -0.110341 0.712071
-0.0052551 0.011961 0.775945
0.043143 -0.126972 -0.169042
0.00554161 -0.0638806 0.742082
0.00554161 0.0267025 0.427072
-0.0052551 -0.0727258 0.253047
-0.0052551 0.00875727 0.396268
-0.00351072 0.126951 -0.0187564
0.00554161 0.0374959 -0.0632464
-0.0650988 0.11274 -0.87522
0.00554161 -0.00141224 -0.289042
0.00554161 -0.0742247 -0.194125
-0.011182 0.126951 0.803271
-0.0191435 0.108615 -0.239017
-0.0756351 0.116526 -0.170143
0.00554161 -0.0761494 0.431179
0.0242686 0.126951 -0.00724603
0.067851 -0.126972 -0.0974063
-0.0052551 0.0491742 0.464718
-0.0147213 0.107084 0.893596
0.0738373 -0.113928 0.895609
0.00554161 0.0248344 -0.42334
0.0438838 -0.126972 -0.0565012
-0.0719938 -0.113376 0.89343
0.0709261 0.126951 0.889495
0.00554161 0.0217804 0.255248
-0.0052551 -0.0731754 0.441892
-0.0436009 -0.110881 -0.47558
-0.0052551 0.0896796 0.992787
-0.00830157 -0.101493 -0.49559
0.0130583 0.10593 0.819258
-0.0052551 -0.00674211 -0.225523
0.00554161 0.0798923 0.961241
0.0442324 -0.126972 0.412228
0.00595058 0.126951 0.240907
0.0755174 -0.115613 -0.585461
0.00654005 0.0974628 0.222407
-0.0412167 -0.126972 0.240038
0.00807845 -0.126972 -0.777825
0.00554161 -0.0912759 0.162671
0.0501202 -0.126972 0.433355
0.00554161 0.0717122 0.407699
0.0669755 -0.126972 -0.689485
-0.00938646 -0.126972 0.610023
0.0621334 0.126951 0.301077
-0.0745265 -0.114683 -0.475075
0.0440379 0.110872 0.712355
0.0707117 0.126951 0.620357
0.0122957 -0.126972 0.38598
0.00554161 -0.0560035 -0.890946
-0.0052551 0.0680503 -0.258614
0.00554161 -0.0717341 0.999214
-0.0300001 -0.109691 0.0558379
0.00554161 0.0386593 -0.203746
0.0605196 -0.112336 -0.941101
-0.0221308 -0.109002 -0.131565
0.00554161 0.0476512 -0.282548
0.00554161 0.0524521 0.485042
-0.074681 0.114827 0.020001
0.00554161 -0.0880796 0.521608
0.00554161 -0.0485131 -0.571725
-0.0705954 0.113221 0.972386
0.00554161 0.0468959 -0.74652
0.00554161 -0.0818698 -0.809323
-0.0735461 -0.126972 -0.452035
0.0590715 -0.112209 -0.200774
-0.0052551 0.073805 -0.693762
0.00554161 0.0111069 0.591526
0.00554161 -0.0266827 0.786096
-0.0052551 -0.033044 -0.106634
0.0293945 -0.126972 -0.408565
0.00554161 0.0197616 0.0329443
-0.0052551 -0.0258224 0.614191
-0.0634347 -0.126972 -0.0595917
-0.0052551 0.0227881 0.579964
-0.0440834 -0.126972 0.89326
0.00554161 -0.0597133 0.0699602
-0.0052551 0.0751527 0.293168
-0.0052551 -0.063301 0.120347
-0.0052551 -0.0351698 0.059942
-0.00728767 -0.0998262 0.202726
-0.0052551 -0.0331446 0.0132854
0.00554161 0.0906957 -0.557283
-0.0491201 -0.126972 -0.951697
-0.0052551 -0.00874613 -0.023069
-0.0052551 -0.0111551 0.961285
-0.0244738 0.109186 0.253158
-0.0052551 0.0585791 -0.0594342
-0.0052551 0.0812214 -0.144643
0.0468252 -0.126972 0.997696
0.00554161 -0.0624515 0.404884
-0.0255139 -0.109298 -0.205563
-0.0052551 0.0298333 -0.247936
0.0125884 0.105596 0.540156
0.00554161 0.0310107 0.0944209
0.0356977 -0.126972 -0.584253
0.00186299 0.126951 -0.70858
-0.0413826 -0.110687 -0.921557
0.0316535 -0.126972 -0.446601
-0.0052551 -0.0609277 -0.461331
-0.0416248 0.126951 0.694746
0.00554161 -0.00437825 -0.385242
-0.0052551 -0.0844195 -0.111201
0.00554161 0.0588298 0.924565
0.0435679 0.126951 0.286224
0.0435776 -0.126972 0.896807
0.00554161 0.0822744 0.688074
0.00554161 0.0502025 0.0909545
-0.0052551 0.0567069 0.854836
0.0737898 -0.113901 0.870976
-0.0318858 0.126951 -0.577877
0.0612658 0.126951 0.58952
0.0759678 -0.11671 -0.286195
-0.0308193 0.109741 -0.574794
0.00554161 -0.00203453 0.0480063
-0.0052551 -0.0667152 0.694501
0.0761201 -0.126789 0.624214
-0.0756325 -0.126972 -0.211797
0.0749633 0.126951 -0.995491
0.00554161 -0.0311072 0.604941
0.0213772 -0.108911 -0.115438
-0.0737245 0.114012 0.448073
-0.0052551 -0.0154363 0.201391
-0.0179253 0.108325 0.332074
-0.0052551 0.0620737 -0.0844948
0.00554161 -0.0252498 0.582619
-0.0337544 0.126951 -0.515235
0.00554161 0.00116973 -0.0808815
-0.0052551 0.0485601 -0.766487
-0.0052551 -0.0897461 0.0871314
0.00554161 0.018605 -0.837907
0.00554161 0.0842426 -0.0301187
-0.00655421 0.0982473 -0.258277
0.0336005 0.109959 -0.675391
-0.0052551 0.025718 -0.509721
-0.0052551 0.0726464 0.833537
-0.0052551 0.0744247 -0.420469
-0.0284307 0.126951 -0.999414
0.00554161 0.0482463 0.669476
-0.0052551 0.00225503 0.178632
0.0353477 -0.126972 -0.328503
0.00554161 0.00420731 0.198215
-0.0052551 -0.0141011 -0.985248
-0.0062363 0.0974141 0.770132
-0.0706671 0.126951 0.418064
0.0641729 0.126951 -0.588827
0.0735594 -0.11378 -0.72171
-0.0052551 0.0357252 0.785744
-0.0052551 -0.0123971 0.0680839
-0.0052551 0.00639344 -0.890603
0.00554161 0.0879643 -0.414545
-0.0052551 -0.0228313 0.998648
0.00554161 0.0172593 -0.880193
-0.0741805 -0.114365 -0.325625
0.0759101 0.116489 0.36663
0.00554161 0.0472461 0.915275
0.0143561 -0.106758 -0.584472
-0.0052551 0.0114331 0.125998
0.0651941 -0.126972 0.573418
-0.0052551 0.000994024 0.815167
-0.0052551 0.0252717 -0.795399
-0.0052551 -0.00928723 -0.300698
-0.0121838 0.105509 0.187014
0.0503801 0.126951 -0.541107
-0.0052551 0.030517 0.0545307
-0.00729853 -0.0998465 -0.356291
-0.0052551 -0.0407463 -0.860378
0.0708052 -0.126972 0.445533
0.0140545 -0.106584 0.77249
0.0570399 -0.112031 -0.870535
0.0761201 -0.118367 0.122588
0.00554161 0.053013 -0.543061
0.00554161 0.0619694 -0.836264
-0.0052551 -0.0791702 0.457871
0.0382283 -0.110386 -0.514999
0.0113315 -0.104601 -0.562832
-0.0052551 -0.0419234 -0.0510317
0.00554161 -0.0698713 0.717371
-0.0204555 -0.108846 0.544178
0.0758349 0.126951 0.762186
-0.0052551 0.0763929 -0.197784
0.0337929 -0.109997 -0.0771009
-0.0475025 0.111201 0.567168
0.00554161 0.00369381 -0.588998
-0.0476592 -0.111236 -0.42474
0.00554161 0.0542909 0.170455
-0.0525151 0.126951 -0.432877
0.00554161 -0.0223756 -0.261443
0.0430178 -0.126972 0.780629
0.0574209 0.126951 -0.418383
-0.0739553 -0.126972 0.630541
0.0267767 -0.109384 0.718272
0.00554161 0.0816317 0.0822302
-0.0052551 -0.077653 0.206807
0.00608767 -0.0960055 0.725961
0.00554161 0.0738577 0.948663
-0.0052551 -0.00978437 -0.555612
-0.0554699 -0.126972 -0.00797456
-0.0654835 0.126951 -0.125906
0.00554161 -0.0104256 0.813358
-0.0052551 -0.0162082 0.451885
-0.0052551 0.054927 -0.423882
-0.0052551 0.0845937 0.213108
-0.0052551 -0.0568703 -0.165633
0.0258311 -0.126972 -0.795407
-0.0490723 -0.111359 -0.727134
0.0761199 0.117811 -0.824057
0.0173649 0.108067 -0.362803
-0.0751272 0.115419 0.167505
0.00554161 0.0719813 -0.769791
0.00554161 0.0282697 -0.994064
0.0105822 -0.126972 0.104662
0.00567969 -0.0938763 0.077418
0.00554161 0.0371922 -0.647927
0.00571554 -0.0941416 -0.879411
0.00554161 -0.0147434 -0.827926
-0.0052551 -0.0402427 -0.199449
0.00554161 0.0331893 -0.472974
-0.0052551 0.0252044 -0.191902
-0.0745658 0.126951 0.953475
0.0647679 0.126951 0.44389
-0.0052551 0.0760933 -0.269091
-0.0238004 0.126951 0.667225
-0.0052551 -0.0568746 0.230082
-0.0052551 0.0141459 -0.419949
-0.0449881 -0.111002 0.370462
-0.0052551 -0.0716076 -0.0721385
-0.00674258 -0.0987092 0.547162
0.00554161 0.0587484 -0.274182
0.00554161 0.0346404 0.133926
-0.0137557 0.106556 -0.808325
0.00554161 -0.0478909 -0.842635
0.00359354 -0.126972 -0.0554248
0.00554161 -0.0662257 0.963972
-0.00742798 -0.100084 -0.511074
0.00554161 0.0497137 -0.563102
-0.0490536 0.111336 0.369935
0.0055459 -0.0920812 -0.381151
0.00951392 0.126951 -0.559258
-0.0639553 -0.126972 0.852363
-0.029606 0.126951 -0.650114
-0.0052551 0.0283136 0.0216154
-0.0193351 0.126951 0.435358
0.00554161 -0.0673951 -0.336781
-0.0052551 -0.0195974 -0.655478
-0.0315987 -0.126972 -0.429896
-0.00902474 -0.102468 -0.689099
-0.0753885 -0.115913 0.067707
0.00554161 0.0783753 0.741241
-0.0391655 0.126951 -0.43458
0.00554161 -0.0358103 0.0285284
-0.0457982 0.111051 0.161651
0.0395701 0.110481 -0.145916
-0.0757559 -0.11704 -0.613881
-0.043069 -0.126972 0.110962
0.00554161 0.0351787 0.710094
-0.0240855 -0.109173 -0.397243
-0.0129952 -0.106102 -0.944673
0.0626248 0.112498 -0.49148
0.0761201 -0.123439 0.701201
-0.0619776 0.112467 0.675312
-0.0146916 -0.107091 -0.182069
0.00554161 0.0799164 0.430339
-0.000264317 0.126951 0.0243061
0.0735024 -0.113753 0.196125
-0.0052551 -0.0104437 -0.429528
0.0438136 -0.126972 -0.876956
0.00554161 -0.0620871 -0.495003
-0.00216061 -0.126972 0.644984
-0.0052551 -0.0551518 -0.196244
0.0652035 0.126951 0.160696
-0.0312274 -0.109798 0.287153
0.0455295 -0.126972 0.835009
-0.0052551 -0.006941 -0.187492
0.00554161 0.0612833 0.0455563
-0.0052551 0.00133243 0.352662
-0.0052551 0.0346884 -0.340175
-0.0636575 -0.126972 -0.807035
0.0761201 -0.126687 0.145814
0.00554161 -0.0763594 -0.745477
-0.0052551 -0.0780628 -0.5506
0.0477116 -0.126972 0.213706
0.00554161 0.0366815 -0.224854
-0.0189931 -0.126972 -0.81562
0.00614814 0.0962123 -0.83602
0.074853 -0.114724 -0.914571
0.00890218 -0.101934 -0.929821
-0.0484885 -0.111308 0.791331
-0.0582753 -0.112164 0.0881273
-0.0149271 -0.107208 0.521502
0.0733185 -0.126972 0.188797
-0.0052551 0.0593178 0.914939
-0.0290653 0.109587 0.144124
0.00554161 -0.0605448 -0.215578
-0.0052551 -0.0396255 0.714646
0.0199278 0.108706 -0.691941
0.0141812 -0.126972 0.211843
0.00554161 -0.0869096 0.556142
0.0133481 0.106124 0.66862
-0.0052551 -0.00523164 0.436977
-0.00892498 0.126951 0.964385
0.0358789 0.126951 -0.657468
-0.0052551 -0.0405023 0.040808
0.00554161 -0.0492896 0.696517
-0.000115403 0.126951 -0.0928433
0.00554161 0.0726882 0.789275
-0.0052551 -0.0461584 0.797337
-0.0052551 0.0591688 0.161711
0.0120929 0.126951 -0.872767
0.00554161 0.0585306 0.960598
0.00554161 -0.0376446 -0.0300323
-0.0052551 -0.0632592 0.183014
0.0227906 -0.109035 -0.416081
-0.00198054 0.126951 0.442375
0.0320562 -0.126972 -0.12557
0.0620214 -0.126972 0.0188708
0.00554161 -0.0582637 0.390352
-0.0179388 -0.126972 -0.401995
-0.0052551 0.0460773 -0.997067
-0.0088295 -0.126972 -0.93284
0.0288057 0.126951 0.22095
0.0308851 -0.126972 -0.171541
-0.0322061 0.109862 -0.0204257
0.00797655 -0.100539 -0.472842
-0.0052551 0.0260836 -0.31654
0.0489889 0.111305 0.635213
-0.0052551 0.0337004 0.961696
0.00554161 -0.0127503 0.192988
0.00554161 -0.0416026 0.0520039
-0.0594214 0.126951 0.634784
0.0652089 0.112725 0.246164
-0.05127 -0.126972 -0.881779
0.00554161 -0.0701415 -0.886001
-0.0052551 -0.0129134 0.615437
-0.0752947 -0.115728 0.648324
0.0124606 -0.105523 -0.779785
0.00554161 0.0724765 -0.179254
-0.0052551 0.028132 -0.975126
-0.0143733 0.126951 -0.308728
-0.00710072 -0.0994655 0.12974
0.0318199 0.126951 -0.559823
0.00554161 -0.0286725 -0.0133621
0.0691203 -0.113088 0.999291
0.00554161 0.0368047 -0.826823
-0.0119719 0.126951 -0.62537
-0.0371868 -0.110319 0.348466
-0.0752475 0.11562 -0.585828
-0.0417057 -0.126972 -0.752418
0.00554161 0.013159 0.578096
-0.0253822 -0.109287 -0.702443
0.00554161 -0.0879696 -0.118425
0.0509102 0.126951 0.472143
-0.00588256 -0.09631 0.236656
0.0216183 0.126951 0.454963
0.0443233 0.126951 -0.560422
-0.0373065 -0.11033 -0.28088
0.0748557 -0.114727 -0.128761
-0.00721859 -0.0996953 -0.062991
-0.0052551 -0.0592671 -0.0303299
0.0737047 0.113833 -0.105234
0.00554161 -0.0362609 -0.492396
-0.0052551 0.0439134 -0.406322
0.0761201 0.118905 0.305659
-0.0052551 0.0307226 0.918905
0.00554161 -0.0539463 -0.473249
0.0217576 -0.126972 -0.517589
0.00554161 0.0628107 -0.324567
0.0151056 -0.126972 0.491833
0.00554161 -0.0711442 0.059518
-0.0052551 -0.075565 -0.648115
0.0269885 -0.126972 0.234812
0.00554161 -0.0856233 0.838479
-0.0052551 0.00834423 -0.121173
0.0644794 -0.126972 -0.0707395
-0.0348199 -0.110112 -0.239097
0.0270051 -0.126972 -0.490115
0.0683128 -0.126972 0.509763
0.00554161 -0.0768943 0.882031
0.00621155 0.0964391 -0.900693
-0.0052551 0.0549428 -0.871006
0.00554161 0.0613193 -0.30213
-0.0052551 0.0126714 -0.193596
-0.0052551 -0.0808315 0.00149251
-0.00775288 0.126951 -0.0651508
0.00554161 0.00144406 0.885699
-0.070059 -0.126972 -0.718187
0.0285536 -0.109539 -0.322258
-0.0550987 0.111865 0.148372
-0.00791036 0.100878 -0.972977
0.0625088 -0.126972 0.997439
0.0591138 -0.112213 0.560239
0.0137795 -0.106419 -0.890152
0.00554161 -0.0788097 -0.71701
0.0761201 0.122521 -0.952287
0.0380695 -0.110372 -0.127065
0.0605651 -0.126972 0.856763
-0.0052551 -0.0205525 -0.158001
0.0632568 0.112554 -0.940043
0.0197315 -0.126972 0.730546
-0.0589097 -0.126972 -0.395878
0.00554161 0.0875479 0.782723
-0.0477574 -0.126972 0.222913
0.0212149 0.108875 -0.802928
-0.00580948 -0.0960377 0.284538
0.00554161 0.0353179 -0.279944
-0.0688736 0.126951 -0.40491
0.00554161 0.000699494 0.789046
0.00554161 -0.0897057 -0.838447
-0.0052551 -0.0515659 0.199051
-0.0758336 0.126854 -0.504605
-0.0052551 -0.0249264 -0.464795
-0.00574153 0.0957455 0.517996
-0.0247108 -0.126972 0.255004
0.00554161 0.0626514 0.650285
-0.0052551 0.01222 -0.901588
-0.0463377 0.111099 0.472919
-0.00657818 -0.126972 0.295677
0.0755425 0.126951 0.261097
0.0114078 -0.126972 0.413525
-0.0052551 -0.077615 0.818654
-0.0052551 0.0782828 0.752923
-0.0382863 -0.110416 0.329178
0.0428025 0.126951 -0.808313
-0.0052551 0.00204673 -0.00921502
-0.0052551 0.0478735 0.125195
-0.0389596 0.126951 0.98714
-0.0052551 0.0372617 0.31805
-0.0052551 0.0764424 -0.107439
-0.0052551 0.0475749 0.537999
-0.00952271 -0.126972 0.208665
0.0133481 0.126951 -0.665238
0.00677027 -0.0980949 0.974757
-0.0154935 0.107452 -0.0858867
-0.0758336 -0.124844 0.58624
0.00554161 0.0311203 0.232368
-0.0052551 -0.0650999 0.28738
-0.0465113 0.111114 0.662983
-0.0052551 -0.0347778 -0.0376385
0.0444682 -0.126972 0.653203
0.061976 -0.112463 -0.0649248
0.00554161 -0.0590067 0.855438
-0.0625134 0.126951 0.890217
-0.0493635 0.126951 -0.0290247
0.0395098 -0.126972 0.499984
0.0299134 -0.126972 0.820443
-0.0052551 -0.0405985 0.739371
0.00554161 -0.0204502 -0.208614
-0.0746884 -0.114856 -0.0980407
0.00554161 -0.0407856 0.213484
0.00554161 -0.00713883 0.398222
0.0471886 -0.126972 0.455085
-0.0052551 0.00317486 -0.640173
0.0410059 -0.126972 0.0832775
-0.0052551 -0.0765684 -0.488909
0.00577908 -0.126972 0.280806
-0.0177375 0.108272 -0.0189727
0.00554161 -0.0319955 -0.403682
-0.0268142 0.126951 -0.260571
-0.0242237 -0.126972 0.628555
0.0598801 0.112258 0.809241
-0.0583136 0.112146 -0.262461
-0.0052551 0.0635873 -0.907599
-0.019759 -0.108747 0.645173
-0.0052551 0.00389942 -0.967049
0.00575038 0.0943525 -0.401128
-0.0420492 0.126951 0.725569
0.0265449 -0.109363 0.255087
-0.0526656 0.126951 -0.226647
0.00554161 -0.0348444 -0.428299
0.063814 -0.126972 0.41045
0.0453528 -0.111009 -0.341847
0.0570777 -0.112035 -0.642858
0.0758322 -0.116283 0.418744
0.0412887 -0.110653 0.178831
-0.0077452 -0.100631 0.926333
-0.0475337 0.126951 0.479704
-0.0105059 0.126951 -0.112919
0.00554161 0.036317 0.0578428
-0.00591129 -0.0964124 0.818486
-0.0052551 -0.0903059 0.713746
-0.0281622 -0.10953 0.0215766
-0.0665707 -0.11289 -0.349076
0.00800577 -0.126972 0.746473
0.0112636 -0.10454 -0.604832
-0.0745074 -0.114663 0.302573
0.0219177 0.108937 -0.881992
0.00554161 -0.0201194 -0.735903
0.00554161 -0.00628995 -0.173638
-0.0533277 0.126951 -0.384082
-0.00781794 -0.126972 -0.889175
-0.0693245 0.126951 -0.149568
0.0611217 0.112367 -0.545071
-0.0468775 0.111146 -0.996132
-0.0240514 0.126951 0.886097
0.0627655 0.126951 0.0535669
0.0342286 -0.126972 -0.982191
-0.053687 0.126951 0.836954
0.00979284 -0.103046 -0.319531
-0.00526518 -0.0922866 -0.00343806
-0.0052551 -0.0537759 -0.0825637
-0.0052551 -0.0182056 -0.0472987
0.00554161 -0.0709843 0.906454
-0.0582293 0.112139 -0.224193
0.0282258 -0.10951 0.365863
-0.0417506 -0.126972 0.795269
0.00554161 0.07289 0.767992
0.0177974 0.126951 0.635681
-0.00117226 -0.126972 -0.0969863
-0.0304546 0.109709 -0.892593
0.00528533 0.126951 0.55761
0.0749646 -0.114845 0.547154
-0.0052551 0.0546714 0.777253
-0.0052551 0.0543041 -0.284709
0.0688487 -0.113064 -0.770359
-0.0386007 0.126951 -0.284028
0.0743044 -0.114237 0.0109069
0.00565854 -0.126972 0.663376
0.0190452 -0.126972 -0.29296
-0.0618146 0.112453 -0.319704
0.00554161 0.0200317 0.949658
0.00554161 -0.0167371 -0.972991
-0.0052551 0.0499909 -0.142495
-0.0615198 -0.112448 0.633051
0.0211519 -0.126972 0.783624
0.00934633 0.126951 -0.456449
0.00554161 -0.0392118 -0.220365
-0.0619694 -0.126972 -0.698372
-0.0052551 -0.0047677 0.605258
-0.0052551 -0.00365092 0.663325
0.00554161 -0.00654736 0.273478
0.034942 0.126951 0.932186
0.0248966 0.109198 -0.535305
0.0659556 0.126951 0.073208
0.0726646 -0.126972 -0.344389
-0.0548396 -0.111864 -0.225228
-0.0451186 0.126951 0.423082
-0.0261256 0.126951 0.212053
0.00554161 0.0805605 0.288837
0.027107 0.126951 0.832324
0.0188868 -0.108518 0.74265
-0.0262634 0.109342 0.731757
-0.0399854 -0.126972 0.869046
-0.0647069 0.112706 -0.155873
-0.0052551 0.0599554 -0.450342
0.00554161 -0.0359486 0.681503
-0.0412546 0.110654 0.936055
0.0703995 0.126951 0.987947
-0.0052551 0.0205699 -0.74647
-0.0052551 -0.0623126 -0.807574
0.0753827 -0.126972 0.213553
0.0753823 0.11537 -0.703398
-0.0308024 0.109739 -0.935106
-0.0311538 -0.126972 -0.101318
-0.00524531 -0.126972 -0.0406218
0.00554161 0.00680668 -0.195431
-0.0426594 0.126951 -0.184657
-0.0052551 0.0625619 -0.969317
-0.0666746 0.126951 -0.346021
-0.0052551 0.0844951 -0.365408
0.0731677 -0.113612 -0.893441
0.0272826 -0.126972 -0.699965
0.0377709 0.126951 0.0217959
-0.0052551 -0.035856 -0.70392
0.0673598 -0.112934 0.150631
-0.00538875 -0.0938412 0.32361
0.0190568 -0.108557 -0.249341
-0.0052551 -0.0700601 -0.365193
-0.0052551 -0.0420441 -0.119926
-0.0052551 -0.0225017 -0.527416
-0.0227204 0.109032 -0.481386
-0.0052551 -0.0238249 -0.0199933
0.0658021 0.126951 -0.51894
-0.0052551 0.0575151 -0.217084
0.00554161 0.0817011 -0.487737
-0.0593117 -0.112255 -0.380869
-0.0633975 0.112591 0.497794
0.00554161 0.014919 0.922602
0.00554161 -0.0286487 -0.290607
-0.0641734 -0.126972 -0.320249
0.00554161 0.037056 0.36367
0.00554161 -0.00345812 -0.695077
0.00554161 0.0227243 -0.119422
0.0484799 0.126951 -0.47676
-0.0052551 -0.019563 0.160698
-0.0052551 -0.0654812 -0.557721
-0.0052551 0.0877838 0.540676
-0.0251049 0.109241 -0.79073
0.00554161 -0.0583669 -0.110333
0.0333176 -0.126972 -0.000471642
0.0142433 -0.106694 -0.161566
0.0138564 0.106444 0.778714
-0.0645553 -0.112714 -0.526977
-0.0052551 0.0707798 -0.555486
0.0227455 0.126951 -0.97627
-0.0152551 0.126951 -0.22774
-0.0052551 0.048837 0.585244
-0.0721448 0.113381 0.861444
0.030309 0.126951 -0.164494
0.00554161 0.0471914 -0.168924
-0.0052551 -0.0401209 -0.276408
0.00562815 0.126951 -0.388528
0.00554161 -0.0857841 -0.218377
0.0760957 0.117386 -0.51807
0.0428609 0.110769 -0.322767
0.00554161 -0.0628629 0.217063
-0.0052551 -0.0643779 0.998011
0.0749348 0.126951 0.111442
0.0462342 -0.111086 0.659272
-0.0052551 -0.01603 0.988194
-0.0052551 0.0263099 -0.575382
0.00554161 -0.0856901 0.31561
0.0761201 -0.118833 -0.882697
-0.022971 0.109054 -0.535265
0.00554161 0.0608099 -0.0424984
0.0495725 0.126951 -0.00529536
-0.0052551 0.0488213 0.199349
-0.0137192 -0.106555 0.24182
-0.0660319 -0.126972 -0.6335
-0.0052551 0.000807376 0.21129
-0.0052551 -0.0800172 0.0980839
-0.0052551 0.0213028 0.475769
-0.0126534 0.105848 -0.634287
0.00554161 -0.0693289 -0.702963
-0.0337292 -0.110017 -0.389167
0.00554161 -0.0480972 -0.534326
-0.015493 -0.126972 0.682539
0.00554161 -0.079275 -0.846157
0.0730695 0.113554 -0.447062
-0.0052551 0.0907705 -0.47985
-0.0172428 -0.108142 0.784809
-0.00572055 -0.126972 0.76978
-0.0324821 0.109886 -0.616565
-0.0493207 0.126951 0.961906
-0.00978075 -0.103353 -0.986059
-0.0523492 -0.126972 0.141968
-0.0638622 0.126951 0.517245
-0.0052551 -0.024055 0.908716
0.00554161 -0.0120147 -0.00189557
-0.00850513 0.101761 0.215537
-0.0052551 0.0797075 0.877518
-0.0133096 0.106283 -0.566192
0.0245298 0.126951 0.789434
-0.0052551 -0.088719 -0.45425
-0.0052551 -0.0507982 -0.621448
0.0184537 0.126951 0.856068
-0.0052551 0.0280155 -0.40572
0.052658 0.126951 0.227406
0.00554161 0.062464 0.2654
-0.0379236 0.110362 0.910708
-0.0052551 0.0674864 -0.936797
-0.0052551 0.0271845 0.263021
0.00554161 0.085026 0.153003
-0.0758336 0.125895 -0.441222
-0.0628678 0.126951 0.160019
0.00554161 -0.0538313 0.574866
0.0509316 -0.111497 0.750988
0.00181364 0.126951 -0.829823
0.0166044 -0.107816 0.0644923
0.0375779 0.110307 -0.206085
0.00554161 0.0452179 0.404936
-0.00537683 -0.0937436 -0.211455
0.0458288 0.126951 0.982494
0.00602373 -0.0957492 -0.645258
0.00554161 -0.0231195 0.505227
-0.00253141 0.126951 -0.57837
-0.0112628 0.126951 0.604752
0.00636681 0.126951 -0.0449043
0.0752015 -0.126972 0.163237
-0.0601907 0.112311 0.565262
0.00554161 -0.0579023 -0.625289
-0.0757781 -0.117169 0.783324
-0.0356924 -0.126972 0.565391
-0.0750308 -0.126972 0.83601
-0.0052551 0.0525315 0.8993
-0.0747685 -0.114949 0.216655
-0.0170472 -0.108078 0.284438
0.00554161 -0.0231223 0.346338
-0.00565553 -0.126972 0.258666
-0.0364033 -0.126972 0.173869
0.0594244 0.112218 0.625051
-0.0371007 0.11029 -0.804585
-0.00840762 -0.126972 -0.00461674
-0.0244086 0.126951 0.799845
-0.0052551 0.0141674 -0.460132
-0.0052551 -0.0529608 0.951605
-0.00884138 0.102213 0.733438
-0.035522 -0.126972 -0.00443324
-0.0052551 0.0853386 0.592503
-0.0052551 -0.087256 0.533228
-0.0052551 -0.0485236 -0.388479
-0.0555267 -0.111924 -0.490152
-0.0052551 -0.0272978 -0.0934584
0.00554161 0.070569 -0.42596
-0.0052551 -0.0478655 0.309071
-0.0168 -0.107993 -0.51898
-0.0228142 -0.126972 0.849706
-0.0052551 -0.0536375 0.825972
0.00554161 0.0244158 0.616701
0.0615511 -0.112426 0.274929
0.00554161 -0.0575954 0.671479
-0.0156143 -0.107527 -0.679852
-0.0119364 -0.126972 -0.591048
0.0173497 -0.126972 -0.129961
-0.0052551 0.0526469 -0.754589
0.036718 0.126951 -0.728293
-0.0052551 0.0510108 0.44345
-0.00527054 0.0924053 0.274842
0.0451651 -0.126972 0.194242
-0.0052551 -0.0713859 -0.220414
-0.0198796 0.108745 0.924315
0.0735899 0.113774 0.148747
0.00554161 -0.0750645 -0.0909817
-0.0529028 -0.126972 -0.284802
0.0139216 0.106484 0.798737
-0.0507827 0.111487 0.600531
0.00554161 0.0731944 -0.0388261
0.0748931 0.126951 -0.0721797
0.0641218 -0.112651 0.4409
0.00554161 -0.0046335 -0.12456
0.0534824 -0.11172 0.906924
0.038734 -0.11043 -0.367096
-0.0597878 -0.112297 0.285566
0.00554161 -0.0883605 0.464268
0.00554161 -0.0294334 -0.157269
-0.0347656 0.110086 -0.378486
-0.030031 0.126951 0.85142
0.074396 0.114286 -0.882139
0.00529158 -0.126972 0.577978
0.0758633 0.116348 0.0407972
-0.0052551 0.0207633 0.325794
0.0200568 0.108728 -0.557314
0.00562088 0.0933279 0.865418
-0.0265036 -0.126972 -0.948763
0.0654117 0.112742 -0.0325685
0.00554161 0.0730797 -0.564073
0.0243838 -0.109174 -0.448722
-0.0052551 0.0714182 -0.80287
-0.0052551 0.0442876 0.976518
-0.0135357 -0.106445 -0.0372236
0.0731495 -0.113605 0.346626
0.00554161 0.0625516 -0.626023
0.00554161 -0.0618375 0.127465
0.00554161 0.0793499 0.0990375
-0.0052551 -0.0650399 -0.147031
0.0177371 0.108186 -0.161325
-0.0052551 -0.0472575 -0.291386
-0.0052551 -0.0392913 0.434143
0.00554161 -0.0493919 -0.866964
0.00480307 0.126951 -0.0687471
-0.0052551 0.00502468 0.309988
-0.0758336 -0.12164 0.185252
0.00620601 0.0964198 -0.290531
0.0323713 -0.109873 -0.0458127
-0.0409684 0.110629 -0.587457
0.0218316 -0.108951 -0.302947
-0.0580201 0.126951 0.0550067
0.00554161 0.063251 0.547217
-0.0052551 -0.0845737 -0.188568
0.00554161 -0.0284414 -0.900763
-0.0284702 -0.126972 0.768875
-0.0052551 0.0199863 -0.169439
0.00921129 0.10232 -0.71778
-0.0052551 0.0143597 -0.607115
-0.0106865 0.126951 0.28114
0.00554161 -0.0262975 0.63242
-0.00580701 0.0960067 0.565754
-0.0568122 0.112015 0.0135689
-0.0052551 0.0802896 0.889841
0.00554161 -0.00162667 -0.910934
-0.0052551 0.00174557 -0.462962
-0.0270863 -0.126972 0.961998
0.00689066 0.0983674 -0.665292
0.00554161 0.0424679 0.069838
-0.0181089 -0.108396 0.154151
-0.00210055 0.126951 0.309151
-0.0479088 -0.126972 -0.585822
-0.000617657 0.126951 -0.428482
-0.036286 0.126951 -0.736108
0.0674217 -0.11294 0.258473
-0.0052551 -0.0150369 0.269853
-0.0122053 -0.105546 -0.643318
0.00554161 -0.0772108 0.516062
0.0455135 0.111001 -0.113788
-0.0257566 0.109298 -0.041773
0.0409289 0.1106 -0.900778
0.00554161 0.00540837 0.299829
-0.0758336 0.117965 0.694007
-0.0052551 0.0543411 0.880375
0.00554161 0.0499419 -0.412662
0.00554161 0.0165669 0.342061
-0.0439767 -0.126972 -0.809183
0.00400991 0.126951 0.255946
-0.0680986 0.113002 -0.952952
0.0761201 0.125732 -0.331491
-0.0758336 0.126138 0.722505
0.0220172 -0.108967 -0.627553
-0.011094 0.104623 -0.907249
-0.0722074 0.113394 0.773798
0.00554161 -0.0392374 -0.351189
0.0142432 -0.106694 0.566256
-0.0121962 -0.10554 0.041781
-0.00735707 -0.126972 -0.418922
0.00554161 -0.0384962 -0.178597
-0.0758336 0.118082 0.873619
0.0137742 -0.126972 0.225539
-0.0052551 0.0837893 0.0521175
-0.0755808 0.11636 0.0321
-0.0052551 0.00699244 -0.0479317
-0.0052551 0.0783813 0.41947
0.00554161 -0.0307449 -0.113022
0.00554161 0.00581704 0.614674
-0.0052551 -0.0529791 -0.958846
0.0428161 -0.126972 -0.281466
0.0602594 -0.126972 -0.957825
-0.0052551 0.0557988 -0.828365
-0.0758336 -0.120469 0.905498
-0.0052551 0.0265099 0.711776
0.00554161 -0.0311074 -0.327604
0.00554161 -0.00248935 0.683585
0.023014 0.126951 0.200146
0.0367956 -0.11026 -0.286722
0.0170347 -0.107975 0.904183
-0.0052551 0.0734622 -0.445836
0.0679061 0.126951 0.202114
-0.0478942 -0.111256 -0.0709188
0.0178648 -0.108246 0.0367824
-0.0758336 -0.119625 0.484354
-0.0052551 0.0581599 -0.311546
0.0433462 0.126951 -0.0289787
0.00554161 -0.0661204 0.868979
-0.00599825 -0.0967087 0.470616
-0.0052551 -0.0170064 -0.748293
-0.0052551 -0.0707424 0.63572
-0.0495141 -0.126972 -0.082259
0.0304637 0.109685 0.740014
0.00554161 -0.0884161 0.803454
0.0373229 -0.110306 0.941783
-0.0571157 0.112042 -0.179957
0.0761201 -0.122114 0.064537
-0.0465664 0.126951 0.314045
-0.0665074 -0.112885 -0.0352295
0.075281 0.115221 0.0660331
0.0751344 0.126951 -0.848639
-0.0052551 0.00404464 -0.332237
-0.0052551 -0.0410118 0.849911
-0.0052551 0.00978187 -0.525055
0.0201246 0.108739 0.562463
-0.0052551 0.0117829 0.67794
0.0209537 0.126951 0.271665
0.00575418 -0.126972 -0.179259
-0.0645463 0.126951 -0.0764805
0.00554161 -0.0618872 -0.737971
0.00554161 -0.0196336 0.406378
-0.0725214 -0.113493 -0.256817
-0.0052551 0.0236795 -0.0413664
-0.0710305 -0.126972 0.723328
0.0595507 0.11223 0.171058
-0.00553996 -0.0948207 0.0356287
-0.062723 -0.112554 -0.284274
0.0189119 0.126951 -0.288467
-0.0220402 -0.108994 0.182088
-0.0167056 0.107938 0.939126
0.0466354 -0.111121 -0.535642
0.00554161 -0.0381778 -0.31393
-0.0052551 -0.0262475 -0.760732
0.00554161 0.0439926 0.87947
-0.0052551 -0.0258119 0.725277
0.0128545 0.126951 0.964285
0.00554161 0.0226408 0.639399
0.0551074 0.126951 0.19793
0.0686635 -0.113048 -0.674336
0.00554161 -0.00222141 0.24197
-0.0538656 0.126951 -0.0555856
0.0640575 0.112624 0.20395
0.0490945 0.126951 -0.856374
-0.0052551 0.0777413 -0.433536
-0.0052551 0.0158588 -0.274129
-0.0548383 -0.111864 0.182799
-0.0646816 -0.126972 0.178384
0.00554161 0.0518368 -0.60202
-0.00691846 0.099071 -0.0841376
-0.0052551 0.0269919 0.634161
0.0240524 0.109124 0.131229
-0.0211154 0.108892 0.484741
-0.0052551 0.0607973 -0.854263
-0.0052551 -0.05745 -0.776855
0.00554161 0.06308 -0.657193
-0.0240827 -0.109173 0.565059
-0.0052551 -0.0338734 0.329963
0.0221074 0.108954 -0.189273
-0.00533657 -0.0933722 -0.436335
-0.0052551 0.0517046 -0.672627
-0.0749002 -0.115114 -0.695317
-0.00198673 0.126951 0.0480907
0.00554161 -0.0741016 0.11707
0.0259893 0.109293 0.39662
-0.0052551 -0.0276192 0.29087
-0.0052551 0.0545797 0.325708
0.00554161 -0.00857052 -0.278977
-0.0564496 0.111983 -0.93207
-0.0237052 0.109119 0.374941
-0.0309764 0.109755 0.682483
-0.0677959 -0.126972 -0.579038
0.00554161 0.055165 0.241636
-0.00680712 -0.0988527 0.398825
0.0184298 -0.126972 0.0764247
0.000666172 0.126951 0.514161
-0.0497894 -0.126972 -0.0243993
-0.068728 -0.126972 0.972475
-0.0466712 -0.111149 -0.0234762
0.00554161 -0.0766076 -0.0149609
0.00554161 0.0348111 -0.859027
0.00645548 0.0972192 0.00918964
-0.00689152 0.0990139 0.868022
-0.0052551 -0.0800918 -0.893719
0.00554161 0.0298269 -0.543272
-0.0052551 0.0389829 0.358595
0.0435082 -0.110847 -0.240436
0.00554161 0.0704766 -0.397052
-0.00551788 -0.0946981 0.112191
0.00554161 0.0543817 -0.666944
0.00767942 0.099999 0.883096
-0.0052551 0.0834116 0.679569
-0.0052551 -0.0755465 0.538227
0.0434109 0.110817 0.422656
-0.0641538 0.126951 0.778389
-0.0309237 -0.126972 0.736658
0.0368815 0.110246 0.283936
-0.0746421 -0.126972 -0.168762
-0.0052551 -0.0737858 0.662729
0.0364055 0.110205 0.654775
-0.0052551 -0.0558194 -0.979998
0.00554161 0.0145968 -0.326092
0.00554161 -0.084713 -0.355299
-0.033988 -0.11004 -0.451912
-0.0052551 0.00902029 -0.305403
-0.0052551 0.0161442 0.915503
0.0447895 0.110938 -0.723172
0.0422986 0.11072 0.562787
0.00554161 -0.0852603 0.776494
0.0567324 0.111983 -0.804505
0.00554161 -0.0789839 0.290303
-0.0172974 0.126951 0.936901
-0.0279582 0.126951 0.625431
0.00554161 -0.0678755 0.453023
0.0687161 -0.113053 0.457706
-0.0052551 -0.0128553 0.627722
-0.0753693 0.115852 0.797175
-0.0052551 0.0110193 -0.735809
-0.0758336 0.125018 -0.191541
-0.00532614 -0.0932615 0.834396
0.00554161 0.0726356 -0.0672465
-0.0291835 -0.109619 0.909845
-0.0521033 -0.126972 0.435737
-0.0489672 0.111329 0.0900379
0.00554161 -0.0079965 0.50746
-0.0052551 -0.0879139 0.790933
-0.0416527 -0.11071 0.126871
-0.0052551 -0.0507557 -0.490773
0.00554161 0.00683868 -0.781414
-0.0422859 -0.110766 0.818859
0.0660955 0.126951 0.815125
0.00554161 0.0860218 0.407346
0.00554161 -0.022942 0.934381
0.017706 -0.126972 0.659057
-0.0391438 -0.110491 -0.655167
0.00554161 -0.0656068 -0.0473669
-0.0052551 0.0646422 -0.747589
-0.0052551 0.0380181 0.44119
-0.0439795 -0.126972 0.623505
0.0384528 0.126951 0.353317
-0.0758336 -0.125029 -0.938297
-0.00525905 0.0920446 -0.942647
-0.0218373 0.126951 0.737679
0.0342021 -0.126972 0.363951
-0.0273975 0.109442 -0.754554
-0.0744984 -0.114654 0.862894
-0.0219277 -0.126972 0.337115
-0.0052551 -0.0506119 -0.218472
0.0427635 -0.110782 -0.916116
-0.0052551 0.0662504 0.75307
-0.0710343 0.126951 -0.227199
0.00254934 -0.126972 0.859531
0.0595281 0.126951 -0.814061
-0.022615 0.126951 0.497551
0.00554161 -0.0537296 -0.709409
0.0370176 0.110258 0.0214997
0.00554161 0.0810814 0.481828
-0.0052551 -0.00755747 0.243966
0.0761201 0.12612 0.707424
0.00554161 0.0658288 0.846874
-0.0281592 -0.126972 0.303795
-0.0613803 -0.126972 0.0174803
0.0745295 0.126951 0.937916
-0.0052551 0.0366088 0.213609
-0.0355984 -0.126972 0.263968
0.00707595 0.126951 -0.366513
0.00554161 -0.0177009 0.428185
0.00554161 0.0793544 0.523847
-0.0052551 0.0862497 0.944094
-0.0480985 0.126951 0.87035
0.00554161 0.0423903 0.900234
0.00554161 -0.0913408 -0.910071
0.011852 -0.105046 -0.0655079
-0.0323557 -0.126972 -0.269436
-0.0052551 -0.000889383 -0.56963
0.00991419 -0.103183 0.178842
0.0585519 0.126951 -0.564374
-0.02942 0.126951 0.953399
-0.0052551 -0.0546988 0.0683274
0.00554161 0.0498967 0.457047
0.0761201 0.122978 -0.677627
0.00681413 0.0981823 -0.701008
0.0661028 0.126951 0.740666
-0.019019 0.108589 0.636633
0.00554161 -0.0789202 0.349091
0.0131743 -0.10603 0.956894
0.041774 -0.126972 -0.422458
-0.00872934 -0.102087 -0.15289
0.00554161 0.0319349 0.289496
-0.0495052 -0.126972 -0.492049
-0.0052551 0.0216555 0.942464
-0.0207059 0.108853 0.995267
0.00554161 0.0149308 0.989207
0.0744393 -0.114342 0.0391558
0.0230928 0.10904 -0.351399
0.0367477 -0.110256 0.328868
-0.051941 -0.11161 0.490673
0.00554161 0.0712909 0.0166694
0.00554161 -0.046204 -0.8113
-0.0052551 -0.00926983 -0.64192
-0.0464583 0.111109 0.811349
-0.0110028 0.126951 -0.362938
-0.0289765 0.10958 -0.404185
0.00554161 -0.00577163 -0.558968
-0.0607556 -0.112381 0.0470062
-0.0052551 0.02296 0.23759
-0.0052551 -0.0129022 -0.475711
0.00554161 -0.00583098 0.778423
0.00554161 -0.0371169 0.305449
0.00766613 0.126951 -0.348233
0.0355051 0.126951 0.156183
0.00554161 0.0631513 -0.876642
0.00554161 -0.0226516 0.091406
0.00755834 0.0997749 -0.157066
-0.0052551 0.091634 -0.569946
0.00554161 -0.0886975 0.945888
0.0592211 -0.112222 0.366492
-0.0130385 0.106109 0.591642
0.0703271 0.126951 -0.699663
-0.0263275 -0.126972 -0.670315
0.00961855 -0.126972 -0.220566
0.00554161 0.090018 0.0252313
0.00639613 0.126951 -0.915887
-0.0052551 0.0541722 -0.728027
-0.0676786 0.112966 -0.63739
-0.0052551 0.0595628 0.45789
-0.00308704 0.126951 -0.726884
-0.0285617 -0.126972 0.154559
-0.0052551 0.047465 -0.156116
0.0186108 -0.126972 0.341901
-0.0052551 0.0243565 0.780204
0.00554161 0.0137878 0.181296
-0.0300458 -0.126972 -0.45603
0.00554161 -0.0469219 -0.0640942
-0.0200282 0.108768 0.0979718
0.00554161 0.0519343 0.644953
-0.0677349 -0.126972 -0.841906
-0.0148208 0.107134 -0.688414
0.00554161 -0.00208526 0.46174
0.00554161 0.0753418 0.000341512
-0.0368138 -0.110287 0.0813429
-0.0052551 0.0846098 0.83324
0.0614419 -0.126972 -0.381012
-0.0579966 0.112119 0.550861
-0.0052551 0.0312269 0.172468
0.055786 0.1119 0.796437
0.0745178 0.114386 0.455043
-0.0469906 -0.126972 0.983866
-0.0203957 -0.126972 -0.92366
0.0593014 0.126951 0.135733
0.00554161 -0.0353624 0.967185
-0.0052551 0.085344 0.444613
0.0388166 0.110416 -0.562365
0.00677213 -0.0980995 0.119941
-0.0052551 -0.0672097 0.604521
-0.064011 -0.126972 -0.682347
-0.0216016 -0.108956 0.968255
0.00554161 0.03471 0.186323
-0.0052551 0.00875463 0.886261
0.00882196 0.126951 -0.483602
-0.0366475 0.126951 0.12044
0.00554161 0.0318081 -0.371183
0.00554161 0.0304417 0.731063
-0.07548 0.116096 -0.143277
0.00554161 -0.069688 0.791418
-0.0586512 -0.126972 0.618292
-0.0524756 -0.126972 -0.471664
-0.0496911 0.111392 -0.760379
0.0661295 -0.112827 0.0702553
0.0735171 -0.11376 0.71909
-0.0331099 0.109941 -0.106796
0.00554161 0.0745411 -0.62259
0.0663827 -0.126972 0.79159
-0.0321551 -0.109879 0.862368
-0.0510123 0.111508 -0.0962884
0.0761201 0.12664 0.233345
0.0505284 -0.111462 -0.812884
0.0684877 -0.126972 -0.554328
0.0276972 0.109443 -0.50546
0.0632846 -0.126972 0.472057
-0.0758336 -0.118298 0.0818924
0.00554161 0.0136653 0.518551
0.00557697 -0.0928012 0.366158
0.00554161 -0.068141 -0.419343
-0.0052551 -0.0836494 -0.753348
0.0761201 -0.125725 -0.167814
-0.0052551 0.0481422 0.821363
-0.0524279 0.126951 0.291921
-0.0052551 -0.0360729 -0.604228
0.0648613 -0.112716 0.931459
-0.0220452 -0.108995 -0.657777
-0.0052551 -0.0369564 -0.0769544
0.06737 0.112914 0.273544
0.00554161 -0.0532062 0.942623
-0.0052551 0.0144222 -0.135925
-0.0377387 0.126951 0.0737097
-0.0052551 0.0654064 -0.33941
-0.0052551 0.0304727 0.516729
0.00554161 -0.0855587 0.1388
0.0654965 0.11275 0.41391
0.0594478 0.126951 -0.342053
-0.0052551 0.0149352 -0.550474
-0.0691641 0.126951 -0.475093
0.00941187 -0.102593 -0.00518218
-0.0052551 -0.0446545 -0.678406
0.0614152 -0.112414 0.194466
0.0557139 0.126951 0.419645
-0.0718325 -0.113353 0.509341
0.0333163 0.109934 0.106313
0.0641635 -0.112655 0.841158
-0.075403 -0.115944 0.667597
-0.00711404 0.126951 0.820639
0.0212313 -0.126972 0.145176
0.0395078 0.126951 0.438599
-0.0308387 0.126951 0.0981514
0.00557582 0.0927616 -0.375151
-0.0758336 -0.125292 -0.914682
0.0285927 -0.109543 -0.928832
-0.0418708 -0.110729 0.477582
-0.0745446 -0.114701 0.0462723
-0.0052551 0.0150318 0.0440984
0.0568066 0.126951 -0.210522
-0.0052551 0.0453423 -0.494316
0.00643335 0.0971535 -0.464537
0.0258469 -0.126972 -0.0601518
0.0291972 -0.126972 0.723327
0.00554161 -0.0605325 0.485528
-0.0379959 0.110369 0.985357
0.0602615 0.112292 -0.623616
0.0728677 -0.11351 -0.826352
0.0419566 -0.126972 0.924342
0.0494579 0.126951 0.533242
0.00554161 0.0738991 0.812664
0.0658442 0.126951 -0.317902
0.00554161 -0.0282244 0.751527
-0.0052551 0.0385191 0.0774875
0.0360556 -0.110195 0.547398
-0.0351636 -0.126972 -0.596732
0.0754639 0.1155 0.510811
-0.024728 -0.109229 -0.800818
-0.0749573 -0.115191 -0.39729
0.0214213 -0.126972 0.543554
0.00554161 -0.046514 0.0825578
0.00554161 -0.0692578 -0.870557
-0.0740826 -0.126972 -0.141795
0.0747015 -0.114573 0.322531
0.00524905 -0.126972 -0.706882
-0.0163255 -0.107819 0.702014
0.00880381 -0.126972 -0.512296
0.00308649 0.126951 0.468126
0.0711357 -0.113265 0.650121
-0.0604861 0.112336 0.791787
-0.0306825 -0.10975 0.752971
-0.00854471 -0.101837 -0.45958
-0.0676776 0.112966 0.0931146
0.0671746 -0.126972 -0.864444
-0.0592802 -0.112252 -0.668287
-0.0300325 -0.126972 -0.6334
0.0366029 -0.110243 0.0186927
-0.0052551 0.0701988 0.200537
0.00554161 0.0736823 -0.0114205
0.038416 0.126951 -0.83207
-0.0730533 -0.11368 0.688542
0.0233388 -0.109083 0.884068
-0.0185147 -0.126972 0.924871
0.00554161 0.0181567 -0.734607
-0.0052551 -0.0813203 0.411546
-0.0052551 -0.04476 0.780884
0.00554161 0.0549584 0.473435
0.00554161 -0.0468301 -0.094246
-0.0660579 -0.126972 0.423525
0.0721569 0.126951 0.832404
-0.0052551 -0.0334554 -0.298874
0.00554161 -0.0593695 0.51447
0.00554161 -0.0695975 -0.810727
0.0638789 0.126951 0.0346182
-0.0321032 -0.126972 -0.557507
0.0727793 0.126951 -0.437893
-0.0052551 0.0044209 -0.411276
0.00554161 0.0630632 0.0335351
0.0542432 -0.126972 -0.538058
0.00554161 -0.0388629 0.140604
-0.0366327 -0.110271 0.0657901
0.00554161 -0.0573915 0.553751
0.00811714 -0.126972 0.0392051
-0.0052551 -0.00976692 -0.130497
-0.0052551 -0.0628461 -0.867888
-0.0052551 -0.0331209 -0.896742
0.00554161 -0.0455768 0.709751
0.074592 -0.114472 0.973369
0.00554161 -0.000973857 0.315357
-0.00958652 0.126951 0.415757
-0.0601025 -0.112324 0.196309
0.00554161 -0.0844185 0.389601
-0.0213692 -0.108936 0.81813
-0.0145149 -0.106999 -0.751969
0.0109282 0.104208 -0.742229
-0.00349438 -0.126972 -0.820589
0.0440309 -0.110893 -0.728142
0.0594278 -0.126972 0.496393
0.050689 -0.111476 0.407107
-0.0052551 0.032867 0.294314
0.00554161 9.65676e-05 -0.418327
0.00554161 0.0796047 -0.783817
0.0500357 0.111397 0.88894
-0.071364 -0.11331 -0.382492
-0.0640987 0.126951 -0.814133
0.0476839 -0.126972 -0.237235
0.0705164 0.126951 0.963417
0.00554161 0.0558762 0.753916
-0.0753828 -0.115901 -0.984933
-0.0052551 0.056854 0.395838
-0.0052551 -0.0855693 -0.292614
0.06351 0.112576 0.950887
0.00554161 0.0643262 -0.974873
-0.0656774 -0.112812 -0.846556
-0.00677997 0.0987713 -0.219634
0.0586319 -0.112171 -0.176359
0.00554161 -0.0351046 0.877046
-0.0672261 0.126951 -0.984858
0.00554161 -0.00591336 -0.728298
-0.0052551 0.0558 0.351183
-0.0052551 -0.0300661 0.420599
-0.0170335 -0.126972 -0.169115
-0.0496473 0.111388 -0.0838817
0.00554161 0.0330934 -0.937391
-0.0753613 -0.126972 -0.338582
0.00751878 0.0997 -0.340664
-0.0052551 0.089166 -0.247376
0.00554161 -0.00348869 -0.870472
-0.0052551 0.0296166 0.459368
-0.0052551 -0.0445871 0.910941
0.0193072 -0.126972 -0.472115
-0.0052551 -0.0836966 -0.0300473
0.0463992 -0.126972 -0.74075
0.0291582 0.126951 -0.148779
0.00554161 -0.0627217 0.233102
-0.0648185 0.112715 0.935803
0.022588 -0.126972 -0.878122
-0.0052551 0.00276925 -0.434671
0.0248618 -0.126972 -0.602867
0.00554161 0.0579498 -0.789896
0.00554161 -0.0470897 -0.913377
-0.0052551 -0.083369 -0.365885
-0.0052551 0.0334298 -0.869536
-0.0715225 0.113302 -0.730696
-0.0052551 -0.073383 0.427224
0.0387011 -0.126972 -0.674034
0.0374795 0.126951 -0.534191
-0.0758336 0.125149 0.983334
0.00554161 0.000708812 -0.631091
0.0569424 -0.126972 -0.984761
0.0500906 0.111402 -0.470436
0.0213557 0.108888 -0.0505156
0.0583181 0.112122 0.711923
0.0674495 0.112921 0.775914
-0.0641644 -0.11268 -0.439283
-0.0735693 -0.113939 0.960847
-0.00633489 -0.126972 -0.147877
0.00134945 -0.126972 -0.200042
0.0108361 -0.104142 -0.294674
-0.0052551 0.0459485 -0.0342503
-0.0284735 -0.109557 -0.961656
0.0418549 -0.126972 -0.468795
-0.0534628 -0.111743 -0.0485664
-0.0052551 -0.0585583 0.592601
-0.0587264 0.126951 0.247589
0.00554161 -0.077137 0.378464
0.0509241 0.111475 0.497337
-0.0052551 0.0901639 0.0868683
0.00144401 -0.126972 -0.616865
-0.0052551 -0.0839829 -0.425854
0.0331272 -0.109939 0.871006
-0.0052551 0.0742203 -0.0310599
-0.0052551 0.0295261 -0.21917
0.0159593 -0.107552 -0.185644
0.0507832 0.126951 -0.790453
-0.0052551 0.0229248 -0.682132
0.0161403 0.126951 -0.597372
0.00554161 0.0417132 -0.873162
0.00554161 0.0541253 0.373482
-0.0325169 -0.109911 0.610516
0.0168029 -0.107891 0.549304
-0.0052551 -0.0542655 -0.899668
-0.0171183 -0.108102 -0.434581
-0.0052551 -0.0157761 0.491367
-0.0052551 0.0519148 -0.958563
-0.0497893 -0.111422 -0.938695
-0.0052551 -0.0795316 0.0653757
0.00554161 -0.0207319 0.693639
0.00554161 0.0228819 -0.467248
0.010507 0.103795 0.924374
-0.0535966 -0.111755 0.846732
0.00554161 0.0584951 0.434915
0.00738463 -0.0994604 0.278462
-0.0052551 -0.0420062 0.972116
0.075556 0.11566 -0.92789
0.0676408 0.112937 0.289862
0.00554161 0.0196304 0.499554
0.0376045 -0.126972 -0.748915
-0.0052551 0.0133726 0.596768
-0.0382004 -0.110408 -0.347802
-0.0052551 0.0345926 0.856587
0.00554161 0.0627952 -0.43502
-0.0052551 0.00694723 -0.9418
-0.0052551 0.0440657 -0.57693
-0.0164203 -0.107855 0.880517
-0.00962821 -0.126972 0.280652
-0.0052551 0.0875521 0.321708
-0.0052551 0.0708111 0.0739842
-0.0672161 -0.126972 -0.471896
0.0156131 -0.107398 0.0503018
0.0130228 0.105905 -0.513633
-0.046464 0.11111 0.285933
0.00554161 0.0409184 0.298554
-0.034445 0.126951 -0.411164
0.0702534 -0.126972 0.225237
-0.0108772 -0.104449 0.497586
-0.0171481 -0.108111 -0.842391
0.0270398 0.109385 0.416385
-0.0758336 0.12446 0.285309
0.0698876 -0.113155 -0.0785599
-0.0052551 -0.0161991 0.764718
0.00766092 -0.126972 -0.663596
-0.0052551 -0.057484 0.908156
-0.0052551 -0.0638001 0.522103
0.00554161 0.0597177 0.600194
-0.0052551 0.0195304 0.410636
-0.0052551 -0.0321206 -0.190944
-0.0355386 0.126951 0.518994
0.0761201 -0.124939 -0.259086
-0.0052551 -0.0778786 -0.519484
0.00554161 -0.00930809 0.130506
0.00554161 0.0609644 -0.639693
-0.0052551 -0.0840548 -0.982215
0.00554161 -0.0102324 -0.679725
0.00554161 -0.065515 0.940964
0.0758345 -0.11629 -0.40035
0.0369359 0.110251 0.0842313
-0.00740301 -0.126972 0.0214963
0.00610228 -0.0960618 0.486583
-0.0450905 -0.126972 0.541314
