ply
format ascii 1.0
element vertex 8210
property float x
property float y
property float z
end_header
-0.0113974 0.169484 0.310209
0.191829 -0.301826 -0.999946
-0.195759 0.306581 -0.523559
0.193205 -0.304286 1
0.201763 -0.305402 -0.242021
-0.203792 0.300721 0.999544
0.204197 0.301677 -0.980514
-0.203792 -0.304415 0.577481
-0.201709 -0.277003 -0.621588
0.202415 0.278182 -0.172411
0.204197 -0.298304 0.268643
0.011802 0.0384892 0.724217
-0.203632 0.278182 -0.0501626
0.198703 -0.277003 -0.621035
-0.0185346 -0.27611 0.015184
0.0123257 0.270029 -0.744116
0.0145615 -0.272913 0.77063
-0.0207606 0.277965 0.576713
0.199439 -0.305402 -0.568673
-0.195424 0.306581 0.999439
-0.1952 0.306581 0.0459182
0.204197 -0.305037 0.523634
-0.202412 0.306557 -0.999946
-0.20054 -0.305402 -0.0867962
0.204076 0.306581 -0.438739
-0.201399 -0.305402 0.983052
0.192177 0.306581 0.520298
-0.203792 -0.289274 -0.99977
0.011802 -0.0459745 0.219056
-0.0113974 0.0454744 -0.710459
0.011802 -0.000728534 0.763848
-0.203735 0.278182 -0.372012
-0.203792 -0.301591 0.464301
0.204197 -0.297354 -0.155529
0.204197 0.300066 -0.952025
-0.203792 -0.27746 -0.495283
0.204197 -0.284972 -0.977664
0.204197 0.285956 -0.0298621
0.204197 -0.283715 0.998182
-0.203792 0.282076 0.449027
0.204197 0.302516 0.959861
-0.0113974 0.0135912 -0.180129
0.203811 -0.305402 0.172898
-0.201708 0.306581 -0.684758
0.0472866 0.278182 0.241465
-0.0436483 0.306581 0.723559
-0.0297695 -0.305402 0.727904
-0.00225034 -0.0554334 -0.999946
-0.0385317 -0.305402 -0.746867
0.011802 0.0811448 0.481952
0.011802 -0.0888548 -0.449418
-0.108813 -0.305402 0.185722
0.0941057 0.306581 -0.695391
-0.0282238 0.306581 -0.16667
0.000776682 0.124234 1
-0.0266595 -0.305402 -0.297029
-0.0113974 -0.132779 0.988864
0.011802 -0.172821 -0.00583665
-0.0113974 0.160332 -0.484125
0.011802 -0.169523 0.436804
0.011802 0.131715 0.0415526
-0.0113974 0.191206 -0.905265
0.204197 -0.291149 0.760974
0.175073 0.278182 0.738327
0.170889 -0.277003 -0.364546
-0.00307362 -0.305402 -0.952101
0.171183 -0.277003 -0.773904
-0.000230361 -0.305402 -0.513768
-0.15888 0.278182 0.247254
0.168804 0.278182 -0.232559
-0.00188667 0.306581 0.456451
0.00655946 0.306581 0.917338
0.011802 -0.123405 -0.814345
0.0532227 -0.305402 0.301315
0.0204475 0.306581 -0.354955
0.0267432 -0.305402 0.912647
0.011802 -0.142418 0.633563
-0.203792 -0.286274 0.653255
0.011802 -0.154994 -0.624818
-0.203792 0.282672 0.814256
0.203277 0.306581 0.334284
-0.203792 0.305818 0.630557
0.011802 0.147204 0.652011
-0.0113974 0.116519 0.30475
-0.203792 -0.283488 -0.81818
0.204197 0.282896 0.151334
-0.0517463 0.306581 -0.58461
-0.203792 0.282245 -0.133561
-0.0357223 -0.305402 0.545165
0.0500332 0.306581 0.0614346
-0.203792 -0.277895 -0.283048
0.011802 -0.168299 -0.185233
0.011802 0.137545 -0.303379
0.130971 -0.305402 0.00440982
-0.120052 0.306581 -0.836231
0.011802 -0.164013 0.816628
0.011802 0.159133 0.830385
-0.0326872 -0.305402 -0.0987734
-0.1772 -0.277003 0.817287
-0.179717 -0.305402 -0.656518
0.204197 -0.283939 0.361028
0.0450304 -0.277003 0.142188
0.0488552 0.306494 -0.999946
-0.0113974 -0.0265304 0.0562713
-0.0993383 -0.277003 0.342544
0.011802 0.158294 -0.114676
0.011802 0.0300773 -0.865862
0.0995299 -0.277003 0.64224
-0.0113974 0.199173 -0.742098
-0.203792 0.280398 -0.530337
0.0651792 0.306581 0.610469
-0.203792 -0.278381 0.0661318
-0.0113974 0.0224857 -0.55501
0.0949076 0.278182 -0.543317
0.0890777 0.306581 -0.850221
-0.0113974 -0.0221449 0.371001
-0.0113974 -0.0760039 -0.302225
0.011802 -0.00430968 0.913173
0.0716639 -0.305402 -0.642592
-0.0113974 0.00745152 0.607021
-0.0676901 0.278182 -0.0203013
-0.0113974 -0.177673 0.276852
-0.0592632 -0.305402 0.0457684
0.0843885 -0.305402 0.442524
-0.0781242 0.306581 0.13102
-0.072348 0.278182 0.582982
0.00846324 0.0870269 -0.999946
-0.0873384 0.278182 -0.451127
0.011802 -0.21856 -0.398757
-0.0113974 0.166824 0.174195
0.0712958 -0.305402 -0.198333
0.011802 0.0469242 -0.40887
-0.100973 0.306581 -0.284011
0.0721435 0.278182 -0.076436
0.204197 0.281124 -0.773687
-0.0113974 -0.153548 0.129418
-0.0541819 0.306581 0.331141
0.011802 0.143532 -0.619478
-0.107849 -0.305402 -0.404026
0.204197 0.301819 -0.61758
-0.0714796 -0.277003 0.999572
-0.0113974 -0.173998 -0.936599
0.011802 -0.0602654 -0.0737248
0.121676 0.306581 0.854641
0.0595997 -0.305402 -0.834083
-0.076968 0.278182 -0.988063
0.0813913 -0.277003 0.797824
-0.0113974 -0.0551756 0.495086
-0.203792 -0.299935 0.271088
-0.0113974 0.18717 0.410974
-0.114841 -0.277003 -0.191885
-0.0607091 -0.277003 -0.623846
0.0848032 0.278182 0.368811
0.116897 -0.277003 -0.478357
0.011802 0.196694 0.536994
-0.0863041 -0.277003 -0.859813
-0.070448 0.306581 -0.718726
-0.112856 0.278182 0.899315
0.174506 -0.305402 0.879847
0.011802 0.0517391 0.150146
-0.0113974 -0.0728781 -0.707456
0.0907157 0.300931 1
0.011802 0.0558843 -0.0574438
-0.0624746 -0.277003 0.842238
0.133227 0.278182 -0.349068
-0.0113974 -0.182933 -0.514501
0.011802 0.239668 -0.251529
-0.0271421 -0.277003 0.432573
0.0606056 0.278182 0.762427
0.204197 0.304377 0.63228
-0.0113974 -0.197091 -0.726685
-0.0703667 0.305308 1
-0.203792 0.28435 -0.247445
0.0799873 -0.277003 -0.0903701
0.0956026 -0.280273 -0.999946
0.0194776 0.306581 -0.465826
-0.00757549 0.306581 -0.90478
0.0940733 -0.293112 1
-0.0113974 -0.196636 -0.290735
-0.0947482 -0.277003 0.642581
0.163202 -0.277003 -0.254965
0.011802 -0.207751 0.53909
0.0664966 -0.305402 -0.353708
0.204197 -0.305351 0.6495
-0.0113974 0.20487 -0.385224
-0.160404 0.306581 0.352534
-0.0113974 0.0312233 -0.291331
0.151534 -0.277003 0.26236
-0.150342 0.278182 0.719227
0.149561 -0.277003 -0.884908
0.011802 0.127885 -0.822245
-0.201998 0.278182 0.149456
0.0770901 0.306581 -0.184796
-0.0958703 -0.277003 -0.996651
0.0860478 0.278182 0.509486
0.011802 0.251943 -0.650167
-0.0113974 -0.0991214 0.72794
-0.107254 0.306581 0.486047
-0.0113974 0.199825 0.925617
0.196147 -0.305402 -0.674373
-0.15389 -0.305402 0.559929
0.204197 0.298573 -0.134457
-0.201967 0.278182 -0.895577
-0.0113974 -0.0824974 -0.552171
0.148134 0.306581 0.236785
-0.0182664 -0.275994 0.230553
-0.104001 -0.305402 -0.526609
0.0699369 -0.305402 0.546304
-0.0043546 0.306581 -0.800494
-0.0113974 0.226071 0.0848749
-0.0113974 0.0985045 0.744623
0.0983142 0.278182 0.148678
0.153822 0.306581 0.0583696
-0.0113974 -0.206399 0.915884
-0.0343887 0.278182 0.822786
0.011802 -0.208953 0.712673
-0.0113974 0.207675 0.7323
0.0289926 -0.277003 -0.000910737
-0.0113974 0.112714 -0.2067
-0.114223 -0.277003 -0.0399783
-0.0113974 -0.0749739 -0.900681
-0.0113974 0.217616 0.301528
-0.124358 -0.305402 0.916969
-0.0113974 -0.0671242 0.836381
-0.0601538 0.278182 0.227132
0.167387 0.278182 0.426439
-0.203458 0.278182 -0.781303
-0.202025 -0.277003 -0.383979
-0.135568 -0.305402 0.730742
0.204197 -0.296311 0.0732229
0.011802 0.213434 -0.0297785
0.0737732 -0.277003 -0.738237
0.011448 0.212336 -0.999946
0.011802 -0.218386 -0.850699
-0.0113974 0.0977233 0.904512
-0.133717 -0.277003 -0.748904
-0.162086 0.306581 -0.0470584
-0.200061 -0.277003 0.368791
-0.122921 0.278182 -0.191538
0.20276 -0.277003 -0.0596342
0.011802 0.227165 -0.552473
-0.203792 -0.293864 0.162808
-0.171374 -0.305402 -0.908992
0.00599182 -0.305402 0.632758
-0.0113974 -0.210958 -0.0945583
0.111957 0.278182 -0.445183
-0.1385 0.278182 -0.617601
0.011802 -0.121367 0.353898
0.011802 -0.0305569 -0.790286
0.011802 -0.224411 0.358245
-0.0113974 -0.258859 -0.211136
-0.10949 -0.277003 0.480615
-0.00829909 0.0289676 1
-0.180773 0.278182 0.540674
-0.0113974 0.023663 0.288296
0.187692 0.278182 -0.527705
-0.0113974 -0.227202 0.0678899
-0.0113974 -0.0795382 -0.204023
0.204197 -0.304495 -0.458969
0.182118 0.306581 -0.861435
-0.115469 -0.277003 -0.313612
-0.0113974 0.0702664 0.385934
-0.203792 -0.304514 -0.185166
-0.0113974 0.245196 0.646938
-0.203792 0.301141 0.906974
-0.014168 -0.305402 -0.419073
0.011802 0.0926266 0.577058
0.00922892 0.25728 1
0.0100979 0.306581 0.158217
0.113975 0.278182 -0.94118
0.0812687 0.306581 -0.276848
0.011802 -0.0341842 -0.62688
0.011802 -0.237084 -0.584618
0.011802 -0.239759 0.997576
0.204197 0.279958 0.828954
-0.0664233 0.278182 -0.363234
-0.0945618 0.306581 -0.105791
0.118933 -0.305402 0.100783
0.0597154 -0.305402 0.716569
-0.117339 0.306581 0.809576
0.106364 0.306581 0.690179
0.011802 -0.135894 -0.362817
0.0825399 -0.305402 -0.554494
0.169017 -0.277003 0.441597
0.011802 0.106579 -0.914035
-0.0113974 -0.0656939 0.135965
-0.0113974 0.0577558 0.825488
0.011802 -0.0369114 -0.377285
-0.120611 0.306581 -0.527199
-0.04583 -0.277003 0.132439
-0.0113974 -0.0756815 0.580676
-0.0934259 0.278182 0.404839
-0.0113974 0.0152264 -0.94819
0.011802 -0.0300526 0.681397
-0.111421 0.278182 0.0542315
0.204197 0.305105 -0.307769
0.118263 -0.277003 0.366535
0.011802 -0.111556 0.906637
0.00198357 0.306581 0.549679
-0.00548201 -0.233758 -0.999946
-0.0113974 0.092421 0.222101
-0.0113974 -0.009147 -0.47549
-0.177631 0.306581 -0.448341
-0.168827 -0.277003 -0.574587
-0.0113974 -0.113133 0.0540985
0.117587 0.278182 -0.772382
-0.0151946 -0.305402 0.352316
-0.0113974 0.250524 -0.104598
0.012538 0.306581 -0.0170667
0.122276 -0.277003 0.182399
-0.125632 -0.277003 0.102938
0.011802 0.0787762 -0.490846
-0.0113974 0.225571 -0.827484
-0.124118 0.306581 -0.921081
-0.203792 -0.280209 0.9018
0.011802 -0.202612 0.194335
-0.101037 0.306581 0.657111
0.011802 -0.0522979 0.988706
-0.0113974 -0.222809 0.633095
0.0724883 -0.277003 -0.919647
0.178399 0.306581 -0.696972
0.011802 0.0645054 0.663784
0.011802 0.0537549 -0.628637
-0.0113974 -0.245558 0.784627
0.0309798 0.306581 -0.589115
-0.0113974 0.203667 -0.179962
0.0756369 -0.277003 -0.276469
0.011802 0.0481373 0.0291514
0.142429 0.278182 0.584127
0.0444562 0.278182 0.847546
-0.0340944 0.306581 0.0595501
0.106786 -0.277003 0.917325
0.011802 0.124468 -0.708846
0.011802 0.125994 -0.385769
0.011802 -0.254094 -0.665844
-0.119697 -0.277003 0.26208
0.0114418 0.306581 -0.711706
-0.0113974 -0.13068 -0.110043
0.129427 0.278182 0.930876
0.104952 0.306581 -0.00728404
-0.0113974 -0.12361 0.210914
0.120816 0.306581 -0.618738
0.152571 -0.305402 0.587105
0.139102 -0.277003 0.712792
0.011802 -0.0578222 0.298962
0.0259152 0.306581 0.321686
-0.0113974 0.0111898 0.449391
0.011802 -0.13149 0.513569
0.011802 0.0539903 -0.789387
-0.0113974 0.266554 0.3856
-0.0180588 0.306581 -0.283464
0.011802 0.0784027 -0.134074
0.011351 -0.305402 0.8322
0.011802 -0.0812278 0.422758
0.011802 0.133397 -0.0380724
-0.197115 -0.277003 -0.0129268
0.0553196 -0.305402 0.222312
-0.116859 -0.305402 -0.118182
-0.0133335 -0.305402 -0.867333
0.0263204 0.306581 0.687709
-0.0376629 0.278182 -0.512773
-0.0465887 -0.277003 0.925112
-0.144484 0.278182 -0.730375
0.0105929 -0.134495 -0.999946
0.0269315 -0.305402 0.0720818
-0.135056 -0.305402 0.0293288
-0.203792 -0.305271 -0.732006
0.129753 -0.277003 -0.149657
-0.0113974 0.0138522 0.529822
0.011802 -0.261758 -0.785959
-0.139907 -0.305402 0.415618
0.017616 -0.305402 0.488655
0.1361 -0.277003 -0.602139
0.100229 0.306581 0.296912
0.0243901 -0.277003 -0.14332
0.150202 0.306581 -0.080352
0.011802 0.230264 -0.46269
0.011802 -0.133299 -0.253244
0.0648071 -0.305402 -0.430091
0.133314 -0.277003 0.514818
-0.0113974 -0.0122028 -0.0183945
-0.094084 -0.305402 -0.685943
0.011802 0.16231 0.248763
-0.0657197 -0.277003 -0.467071
-0.0113974 0.10592 -0.558061
-0.134805 0.306581 -0.386089
-0.203792 -0.277635 0.746664
0.011802 0.229424 0.468887
0.0710248 0.306581 0.437812
0.011802 0.120215 0.119318
-0.0401896 -0.277003 -0.029738
-0.0113974 -0.159188 -0.441355
0.011802 0.23669 0.184957
-0.0869658 -0.305402 -0.928525
0.204197 -0.303278 -0.842229
0.011802 -0.239344 -0.472355
0.148375 -0.305402 0.81089
0.011802 0.156155 0.473737
-0.141097 0.306581 0.17892
0.011802 0.239939 -0.324726
0.135837 0.278182 -0.150758
-0.164295 0.278182 -0.310418
-0.0717425 0.278182 -0.651634
-0.0489983 -0.277003 -0.361997
0.011802 0.00581585 -0.109814
0.0049735 -0.305402 -0.613087
0.011802 -0.227758 0.85067
-0.0544995 -0.305402 0.285624
0.149649 0.299946 -0.999946
-0.0498351 -0.305402 -0.168782
-0.05607 0.278182 -0.226677
-0.0712608 0.278182 -0.881397
0.011802 -0.026259 -0.246291
0.124357 -0.277003 -0.682247
-0.0735453 0.278182 -0.789589
0.011802 -0.248151 0.289566
-0.0113974 -0.106473 -0.0195452
-0.0835008 -0.305402 0.779832
-0.0674187 -0.305402 -0.238585
0.139119 -0.305402 -0.949533
0.123491 0.306581 0.783555
0.011802 -0.240036 -0.918415
-0.203106 0.306581 -0.609351
0.126995 -0.305402 -0.316383
-0.0124621 0.271437 -0.410228
0.011802 -0.234185 0.473074
-0.149102 0.306581 0.108734
-0.0113974 0.221912 0.858688
-0.140159 0.278182 0.605873
-0.203792 0.306359 0.293592
-0.112533 0.278182 0.300251
-0.139429 0.278182 0.967754
0.0268127 0.306581 -0.122916
0.011802 0.233442 0.793399
-0.00872809 -0.305402 0.983391
-0.141844 -0.305402 -0.250135
-0.133237 -0.305402 -0.816487
-0.0113974 0.189326 -0.670595
0.0433088 -0.277003 0.393765
0.011802 0.0267464 0.2199
0.128404 -0.305402 -0.823175
0.011802 0.0706491 -0.343647
0.011802 -0.248827 -0.330131
0.011802 0.168823 0.348252
0.011802 -0.132069 -0.735017
-0.161289 -0.277003 -0.439938
-0.0113974 0.174344 -0.249644
0.142935 -0.305402 -0.0877
0.191345 0.306581 0.891404
0.204197 0.28231 0.269044
-0.0113974 0.148492 -0.975516
-0.0530782 0.278182 0.937287
-0.0113974 0.25553 -0.95085
-0.134711 -0.304556 1
-0.0925735 -0.277003 0.573828
0.0803471 0.306581 -0.391114
-0.0113974 -0.0526751 -0.138012
0.0172461 0.306581 -0.218588
0.161087 -0.305402 0.948209
0.0492472 0.278182 -0.767638
-0.0491014 0.278182 0.508435
0.011802 -0.264333 0.577524
0.198652 -0.305402 -0.306063
-0.00511615 0.306581 0.617733
0.011802 -0.140009 -0.880494
0.130293 -0.305402 -0.411675
-0.122223 -0.305402 -0.617876
0.0817603 -0.305402 0.859552
0.204197 0.279184 -0.376675
-0.0305216 0.306581 -0.071612
0.0179562 -0.305402 -0.709463
-0.0113974 0.155412 0.586304
-0.0113974 0.253887 0.0189787
0.204197 -0.305051 -0.912764
0.155859 0.278321 1
0.204197 -0.290986 0.0062198
-0.1541 -0.305402 0.315916
-0.0113974 -0.18365 -0.795912
0.0255349 0.278182 -0.853402
0.011802 -0.0047566 0.844652
-0.125314 -0.305402 0.848872
0.011802 0.190587 0.995706
0.0822178 -0.277003 0.0402442
0.0597489 0.306581 -0.910083
0.011802 0.0530381 -0.228296
0.0722748 0.306581 0.907785
0.204197 -0.302482 0.293621
-0.203792 0.304324 0.748071
0.0171079 -0.275147 -0.0675578
0.147781 0.306581 0.369738
-0.0471838 -0.277003 -0.549981
-0.0113974 -0.00870902 0.168671
-0.0727386 -0.277003 -0.795128
0.134328 0.306581 0.475445
-0.141267 0.282204 -0.999946
0.148898 -0.277003 -0.53539
-0.0113974 -0.221447 0.134554
-0.000613331 0.306581 0.774564
-0.0113974 -0.150248 0.573014
0.011802 -0.122661 -0.50578
-0.0228917 0.306581 0.27237
-0.0113974 0.0259069 0.0948006
-0.187252 0.306581 -0.837356
0.011802 0.125143 0.411494
-0.0113974 -0.0321564 -0.850762
0.011802 0.24722 0.577455
-0.203423 -0.277003 0.52947
-0.0779532 -0.305402 0.396985
-0.0558901 0.306581 0.879231
-0.0113974 -0.0892448 0.664086
-0.182784 0.306581 -0.190574
-0.0113974 -0.161796 0.750097
0.0133101 -0.271123 0.687999
0.011802 -0.0111279 -0.690661
-0.0113974 0.123948 0.52608
0.0177357 -0.305402 -0.244319
-0.0954565 0.278182 0.752434
0.0769295 -0.305402 -0.0330565
0.011802 -0.101876 0.788049
-0.0832447 -0.277003 0.707759
-0.0204031 0.305011 -0.999946
-0.172276 -0.277003 0.220676
-0.0113974 0.0344045 0.714914
-0.148246 -0.305402 -0.968303
0.150973 0.306581 -0.403194
-0.203792 0.301764 0.208829
-0.157199 0.306581 0.863587
0.0453222 0.306581 -0.651048
0.103778 0.278182 0.0853062
0.131642 0.306581 -0.500017
-0.0113974 -0.114254 0.276065
-0.122935 0.306581 0.547452
0.0265089 -0.305402 0.770456
0.161714 0.278182 0.676517
0.116103 -0.305402 0.307816
0.011802 -0.0986534 -0.653431
0.011802 0.195371 0.0307392
0.0564732 -0.277003 -0.496622
0.011802 0.155169 0.759883
-0.150874 0.306581 0.414859
-0.17027 -0.305402 -0.337612
0.00142695 -0.305402 0.178528
0.170591 -0.277003 0.122592
0.011802 0.143288 0.940847
0.011802 0.164854 -0.545281
0.204197 0.278406 0.0821233
0.0715815 0.278182 -0.331536
-0.0113974 0.2598 -0.75651
0.011802 -0.148071 -0.562541
0.011802 0.0643109 0.953071
0.204197 0.278408 0.575895
-0.203792 0.280812 0.687297
-0.0335199 -0.305402 -0.672821
0.14588 0.306581 0.120818
0.0360293 -0.302003 -0.999946
0.15342 0.278182 0.311105
-0.0113974 0.10179 -0.438303
0.158305 -0.305402 -0.200252
-0.121926 0.306581 -0.680292
-0.122092 0.306581 0.000441696
0.204197 -0.283464 0.82506
-0.0256228 0.278182 0.115684
-0.0113974 -0.154571 -0.682273
0.130732 -0.305402 -0.737472
-0.144555 0.306581 -0.141242
-0.0113974 0.197583 -0.602299
0.011802 -0.207412 -0.234984
-0.0113974 -0.231364 0.00677787
-0.0113974 0.109869 -0.768598
-0.0113974 -0.224277 -0.15424
-0.0157715 0.306581 -0.648614
0.011802 -0.0182009 -0.318757
-0.0113974 -0.155001 0.689417
0.011802 0.259617 -0.172417
-0.155362 -0.277003 0.617411
0.0820352 0.306581 0.200072
-0.0459081 -0.305402 0.665283
0.145842 0.306581 -0.290862
-0.0113974 0.248472 0.249198
0.0257342 0.306581 -0.526244
-0.0482426 -0.305402 0.604615
0.0375191 0.306581 0.969469
0.204197 -0.293499 0.233683
-0.15997 -0.277003 -0.149904
-0.202699 0.278182 -0.0122977
0.011802 0.180982 0.117881
0.151309 0.278182 0.180316
0.0462105 -0.277003 0.964801
0.011802 -0.168779 0.0549079
-0.0113974 0.0951259 -0.267408
-0.0396565 -0.303758 -0.999946
-0.143657 0.278182 -0.248068
0.011802 -0.109065 -0.945393
0.106799 0.278182 -0.230312
-0.0113974 -0.164709 0.872154
-0.056561 -0.305402 0.484092
-0.203662 -0.305402 0.595588
-0.203792 0.285355 0.389005
-0.0113974 -0.084323 -0.775258
0.134356 0.278182 -0.883804
0.159587 0.306581 -0.80447
-0.0113974 -0.22221 0.41338
-0.0113974 -0.0635317 0.933803
0.195808 -0.277003 -0.621709
-0.150083 -0.305402 0.671305
0.011802 0.262681 0.730213
0.011802 -0.187559 0.968906
0.204197 0.297694 0.208976
-0.0113974 -0.209085 -0.633315
0.146977 0.278182 -0.571995
-0.0113974 -0.252897 -0.271705
0.011802 -0.0590396 -0.500764
-0.170537 0.278182 -0.948548
-0.0113974 0.0890269 -0.860414
0.200678 -0.277003 0.701335
0.204197 -0.277731 -0.514368
0.204197 -0.277706 0.594774
0.011802 0.0474944 0.878809
0.070088 -0.277003 0.492202
0.011802 0.0539199 0.334292
0.0876548 0.306581 -0.126835
0.204197 0.301239 0.0278301
-0.0113974 -0.0882397 -0.394498
-0.0113974 -0.174585 0.335649
-0.152027 0.306581 -0.784652
0.00793956 -0.305402 -0.359518
-0.0113974 -0.193169 -0.351289
-0.0113974 0.105827 -0.0842147
0.0259097 0.278182 0.504419
-0.0113974 -0.155539 -0.0571376
-0.0113974 0.105959 -0.6585
0.011802 -0.0385522 -0.945814
-0.0113974 0.148617 0.70669
-0.175968 -0.305402 0.111239
0.011802 -0.0621333 0.0104153
-0.0113974 -0.255304 -0.724189
-0.0568591 0.306581 -0.935838
0.037468 0.278182 0.115437
0.0658721 0.278182 -0.486319
0.011802 -0.0448535 0.625231
-0.107516 0.306581 0.244945
-0.120131 -0.305402 -0.469306
-0.0420379 0.306581 0.414624
-0.0113974 0.258818 -0.597511
-0.159612 0.278182 0.776396
0.204197 -0.300391 -0.731481
0.011802 0.00112607 -0.99931
-0.156361 -0.305402 0.499228
-0.0113974 0.0953225 -0.00120833
0.155142 -0.277003 0.0486074
0.202059 0.306581 -0.194728
-0.0113974 -0.140737 -0.310107
0.154588 0.278182 0.000927358
-0.0685744 -0.305402 0.227146
-0.0366879 0.306581 -0.452479
0.120815 0.306581 0.634291
0.0301754 0.306581 0.38694
-0.0113974 -0.00372651 -0.744759
0.011802 0.110561 0.796497
0.011802 -0.0294351 -0.564805
0.011802 0.199218 0.621124
-0.0113974 0.0868592 0.0692595
0.0999876 -0.305402 -0.877574
0.011802 0.162168 -0.431477
0.204197 0.30241 0.463438
0.011802 -0.109275 -0.160655
0.0902655 -0.277003 0.258014
-0.00745076 0.306581 0.217049
0.131386 0.306581 0.535442
0.203598 0.306581 0.391673
-0.0113974 0.0190603 -0.355726
-0.164295 0.306581 0.492003
-0.147065 -0.277003 -0.864284
-0.0113974 -0.258514 0.523098
-0.160738 0.306581 -0.567984
0.0580068 0.278182 0.561365
0.011802 0.242574 -0.707209
0.0557051 -0.305402 0.601646
-0.0113974 0.174936 -0.793811
0.109241 -0.277003 -0.230174
-0.0113974 0.248878 -0.885591
0.102441 -0.277003 0.585232
-0.0761695 0.278182 -0.151741
-0.021249 -0.305402 0.881855
0.203611 -0.277003 0.923189
-0.166736 -0.277003 0.947999
0.121137 -0.305402 0.758672
-0.0113974 -0.108397 0.466973
-0.0113974 0.197836 -0.0792737
0.011802 0.105662 0.853256
0.011802 0.249216 0.909819
-0.0113974 -0.0513172 0.776593
-0.0533695 0.278182 0.675347
-0.0324094 0.306581 -0.851241
-0.142919 -0.277003 -0.691631
-0.0177887 -0.305402 -0.806918
-0.0113974 0.154746 0.890363
0.011802 -0.0372216 0.543621
0.0764979 -0.305402 -0.139187
-0.134237 -0.277003 0.779561
-0.0113974 0.188511 -0.327365
0.160355 -0.305402 0.39362
-0.160368 -0.305402 -0.52499
0.154731 0.278182 -0.653628
0.0326917 -0.277003 -0.549422
-0.0174997 0.306581 0.980958
-0.0893992 0.278182 0.17815
0.011802 0.227057 0.351742
0.204197 -0.300484 -0.403077
0.0461678 0.278182 -0.425237
-0.0113974 0.148918 -0.868649
0.011802 0.0747725 0.269811
0.15607 -0.277003 0.648382
-0.0113974 -0.237739 -0.532727
-0.151188 -0.277003 0.154704
0.0560468 0.278182 0.00334454
-0.114302 0.278182 -0.0517642
-0.0316563 -0.277003 -0.911574
0.011802 -0.116153 0.848914
-0.0113974 -0.181042 0.496115
0.0643033 0.278182 0.658634
-0.154456 0.278182 0.661771
0.0973197 0.279317 -0.999946
-0.104915 0.278182 -0.573384
0.011802 0.196098 0.678213
0.0158639 0.306581 -0.955393
0.03647 -0.277003 -0.875622
0.0292854 0.278182 -0.287737
-0.0113974 0.102775 0.626298
-0.161724 -0.305402 -0.0473111
0.0864684 -0.305402 -0.78403
-0.0820073 -0.277003 -0.0859781
-0.201675 0.278182 -0.0784584
-0.0113974 0.056482 -0.911028
-0.198925 0.278182 0.0931576
-0.0113974 0.0690267 0.532047
-0.0113974 -0.132193 0.402795
0.011802 -0.0234721 0.109069
-0.0261978 -0.305402 0.791854
0.0136503 0.272864 -0.0606491
0.011802 0.14685 -0.168584
-0.104726 -0.277003 -0.573803
0.134855 0.278182 -0.72018
0.164754 -0.277003 0.322199
0.011802 0.109573 0.173237
-0.0113974 -0.0023955 -0.415386
0.011802 0.0576093 0.77292
0.124271 -0.277003 -0.042002
-0.080495 -0.305402 -0.0057881
-0.0113974 0.119481 0.361972
0.0278469 -0.305402 -0.308557
0.154273 -0.284013 -0.999946
0.178126 0.306581 0.784957
0.116239 -0.277003 -0.364582
-0.147569 0.278182 -0.484052
0.011802 -0.254552 0.899643
0.150056 -0.277003 0.99762
-0.0244544 -0.305402 0.0911506
0.0734548 0.278182 -0.607947
-0.0619282 0.306581 0.784596
-0.0113974 -0.152781 0.934077
-0.0786177 -0.305402 0.099615
0.204197 -0.277669 -0.2093
-0.109176 0.278182 -0.329713
-0.041838 0.306581 0.175034
4.66636e-05 -0.305402 0.272356
-0.203792 -0.277572 -0.87201
0.011802 -0.101264 0.101489
0.011802 -0.226241 -0.0451238
0.0178935 -0.305402 -0.462832
0.101199 0.278182 0.245418
0.157611 0.306581 -0.923431
-0.0113974 -0.250179 0.183607
0.116798 0.278182 0.734853
0.011802 -0.049503 0.881776
0.065913 -0.305402 0.353731
0.0597783 -0.277003 -0.596042
0.127551 -0.277003 0.860882
-0.149481 0.278182 -0.882953
0.140619 0.306581 -0.196278
-0.145406 -0.277003 -0.375963
0.000941148 -0.305402 -0.187117
-0.0113974 -0.11455 -0.598123
0.201309 0.306581 0.699106
-0.0708957 0.278182 0.458596
0.113063 0.278182 0.420279
-0.00597989 -0.305402 0.0281659
-0.110976 -0.277003 0.96041
0.0814517 0.306581 0.816773
0.0726535 -0.277003 0.0929546
0.011802 0.0582113 0.432684
-0.0113974 0.016303 0.6611
0.0185508 -0.305402 0.435109
-0.179248 -0.277003 -0.224439
-0.0113974 -0.22192 0.246747
-0.0701906 -0.277003 -0.284293
0.204133 0.278182 -0.0850146
0.011802 -0.0100319 0.324366
0.168176 0.278182 -0.473284
-0.0113974 0.240905 0.517979
0.011802 -0.185992 -0.983575
-0.0113974 0.0407018 -0.456518
-0.0113974 0.20806 -0.508533
0.011802 -0.033979 -0.185813
-0.0113974 -0.00696398 -0.89984
-0.0988144 0.306581 0.948437
-0.0113974 -0.0265169 0.262824
-0.101145 0.306581 0.356011
-0.0113974 -0.0121922 0.960269
0.011802 -0.0674697 0.35599
0.0900882 -0.305402 0.151364
0.011802 -0.179562 -0.130223
0.18521 -0.277003 -0.110585
-0.0113974 -0.0878788 -0.849424
-0.0320385 0.278182 -0.690113
-0.203792 -0.288649 -0.612457
-0.0822464 -0.305402 0.885052
0.0535085 -0.305402 0.664107
-0.0798307 0.306581 -0.405671
-0.0113974 0.201676 0.22234
-0.0568444 0.306581 0.62789
-0.194736 0.306581 -0.736939
0.011802 -0.255085 0.738075
-0.0125866 0.271699 0.313651
0.132656 -0.305402 0.466762
-0.20158 -0.305402 0.854177
0.00338149 0.306581 0.8638
-0.0613026 -0.277003 -0.413011
0.011802 0.0401457 0.569211
0.011802 -0.185995 0.603577
0.161086 -0.305402 0.206311
0.0361187 -0.305402 -0.761126
-0.083468 0.278182 0.844915
-0.111404 -0.305402 0.529305
0.0312692 -0.277003 -0.401678
-0.203792 -0.289216 -0.946721
-0.195376 0.278182 0.953165
-0.151732 -0.277003 -0.0915688
0.158176 -0.277003 -0.446322
0.0621076 0.278182 -0.958087
0.0119997 0.268715 0.0632683
-0.168341 -0.305402 -0.775694
-0.0628804 0.278182 -0.305554
0.011802 0.260783 -0.50566
-0.195985 -0.305402 0.41293
-0.106342 0.306581 -0.756451
0.201965 0.278182 -0.904831
-0.0926478 -0.305402 -0.350809
0.011802 -0.101353 0.169962
-0.056731 -0.305402 0.174642
-0.0113974 -0.187511 -0.886389
0.011802 0.215213 -0.134857
-0.203109 0.306581 0.578623
0.011802 0.0241643 0.380278
0.121443 0.278182 -0.0474809
-0.156933 -0.277003 0.878663
-0.0795406 0.306581 -0.495681
-0.138806 0.278182 -0.429204
0.011802 -0.199837 0.777557
0.0486592 0.306581 -0.810838
-0.0401438 0.306581 -0.760596
0.011802 -0.0529929 0.728097
-0.0113974 -0.249383 0.950852
-0.0113974 0.0085061 -0.814722
-0.203449 0.306581 -0.328214
0.011802 -0.0233091 0.418939
0.162616 -0.305402 -0.489355
0.0783338 0.278182 0.955482
0.0836687 -0.305402 -0.696532
0.170179 -0.305402 -0.0319265
0.011802 0.0305997 -0.508438
-0.0113974 0.012033 -0.64731
-0.0113974 0.201898 -0.955274
-0.203319 0.278182 0.338375
0.146645 0.278182 0.819218
-0.193931 -0.305402 0.699599
0.011802 -0.264709 0.0989941
-0.16387 0.278182 -0.665576
-0.158316 0.306581 0.929804
-0.137638 0.278182 0.45512
0.156797 -0.305402 -0.641943
-0.0113974 0.162886 -0.000988109
-0.0113974 -0.188322 -0.583519
0.197796 -0.305402 0.472597
0.011802 -0.17391 0.380976
-0.0751348 0.306581 0.0294202
0.112227 0.278182 0.034336
-0.203792 -0.305003 -0.44035
-0.0113974 0.00954492 -0.0646986
-0.0667909 0.278182 0.278051
0.011802 -0.20515 -0.67945
-0.198995 -0.277003 0.31616
0.011802 0.264927 0.430854
-0.0260193 0.306581 -0.334513
0.0616099 0.278182 0.710621
-0.0852604 -0.277003 -0.146087
0.200287 0.283848 -0.999946
-0.15607 0.278182 0.0251288
-0.103327 -0.305402 0.300811
-0.087102 -0.277003 -0.727269
-0.127187 -0.277003 -0.916887
-0.0113974 -0.264958 -0.837008
0.011802 0.155528 -0.752854
-0.141941 -0.305402 0.364985
-0.0113974 0.159393 0.0785418
-0.0113974 0.0937037 -0.607073
-0.0113974 -0.252903 -0.427613
-0.15535 -0.277003 0.457488
0.011802 -0.161759 0.234452
0.0518502 0.278182 -0.692241
-0.0113974 0.0641567 -0.176547
-0.203792 -0.304651 -0.551015
0.0494842 0.278182 0.174112
0.200205 0.306581 -0.567373
-0.0113974 0.229598 0.14094
0.204197 0.305151 -0.255909
0.011802 0.182492 -0.838923
0.011802 0.0128685 -0.598511
0.011802 0.105819 0.694356
0.104967 -0.305402 0.689392
0.0567256 0.278182 -0.233468
0.011802 -0.109622 -0.0649222
-0.0742672 0.278182 0.0899293
-0.0113974 0.238587 0.95735
0.120004 0.278182 -0.822916
0.100953 0.306581 0.575144
-0.0113974 0.0376754 -0.0146256
-0.161588 0.278182 0.309972
0.0162118 -0.305402 0.549471
0.204197 -0.304219 0.417278
0.172556 -0.277003 0.550008
0.0598935 0.278182 0.289957
0.025976 -0.277003 0.344788
0.011802 0.163832 0.298702
-0.20287 0.278182 -0.480476
0.011802 -0.0398491 -0.438392
0.011802 0.0686878 -0.953243
0.0983109 0.278182 -0.652707
0.167786 -0.277003 -0.707108
-0.00855237 -0.305402 -0.562738
-0.0113974 0.189613 0.792894
0.0388998 -0.305402 -0.100154
0.167753 0.306581 -0.751884
0.011802 -0.18684 0.659457
0.0844792 -0.305402 -0.958245
0.0218872 -0.305402 -0.659484
-0.0984609 0.306581 0.712146
-0.0459898 -0.277003 0.325091
-0.0488562 -0.305402 -0.505298
0.011802 0.22165 -0.784145
0.065348 0.306581 -0.0365914
-0.0858264 -0.277003 0.437474
-0.0983054 -0.277003 0.0551794
0.0863571 0.306581 -0.743954
0.011802 -0.0864733 -0.344269
-0.106709 0.306581 -0.232491
0.107543 -0.305402 0.22184
-0.0668699 -0.305402 0.959677
-0.0113974 0.113943 0.45372
-0.203501 0.278182 0.863581
0.198057 0.278182 -0.822263
-0.0987799 0.306581 -0.622112
0.011802 -0.195608 0.0973522
0.116996 -0.277003 0.419468
-0.0113974 0.261329 -0.362343
0.0119957 0.268694 -0.994952
0.204197 -0.304231 -0.250297
-0.140003 0.278182 -0.0932851
0.20405 0.306581 -0.491514
-0.0113974 -0.161375 0.180017
0.154434 0.278182 0.87694
-0.118664 0.278182 0.139193
-0.0725651 -0.277003 0.521674
0.011802 0.0762322 -0.740197
-0.0113974 0.0135591 0.804142
-0.0750057 0.306581 0.539564
0.0430286 -0.277003 0.866406
0.00466372 -0.305402 -0.0318126
-0.0389257 -0.277003 0.383588
0.0421241 -0.277003 0.263676
0.115801 -0.305402 -0.268862
-0.197166 -0.277003 -0.693241
0.011802 -0.0947401 0.962633
-0.0113974 0.0440174 -0.990036
-0.0113974 -0.0144706 -0.523593
0.011802 0.120838 -0.514722
-0.0546561 0.278182 -0.10242
0.011802 -0.214583 -0.765294
-0.0113974 -0.133257 -0.210883
0.011802 -0.0742041 -0.251918
0.011802 -0.0458024 -0.740431
0.011802 0.158281 -0.934369
0.155851 0.306581 0.960914
0.00888899 0.0750453 1
0.011802 -0.00315516 0.491149
0.0275856 0.278182 0.801847
-0.0995939 -0.277003 0.143433
-0.0113974 -0.256978 -0.621817
0.011802 -0.141067 0.308535
-0.0113974 0.145056 -0.347774
-0.203414 -0.305402 0.0252546
-0.0113974 0.0534069 -0.100309
-0.0113974 0.19381 0.492203
0.011802 -0.189288 -0.470466
-0.0113974 -0.0585103 -0.0312813
-0.0159087 0.306581 0.664353
0.011802 -0.170734 -0.400095
0.011802 -7.03998e-05 0.0216211
-0.0410558 -0.277003 -0.960354
0.011802 0.132911 -0.244176
0.0518294 0.278182 -0.154071
-0.0113974 0.0838432 -0.383236
-0.203792 -0.300973 -0.13758
0.011802 -0.0721179 0.0615959
-0.0113974 -0.253584 -0.116635
0.0732722 -0.305402 0.935757
0.011802 0.067208 -0.675029
0.011802 0.0678537 -0.538062
0.013438 0.306581 0.0310112
-0.0113974 0.262286 -0.216686
-0.181306 -0.305402 0.778081
-0.0108801 0.306581 0.35183
0.00771183 -0.305402 0.126186
-0.0288139 0.306581 0.00639903
-0.0113974 -0.0759024 0.247742
0.011802 -0.0889926 -0.117771
0.011802 -0.262076 -0.966039
0.159523 -0.277003 0.77457
-0.0113974 -0.0890609 0.528277
-0.0113974 -0.263847 0.830107
0.0285974 0.306581 0.736476
-0.0549772 -0.305402 -0.836323
-0.1567 -0.277003 -0.487274
-0.0113974 -0.157427 -0.84316
-0.0651311 -0.305402 -0.583214
-0.0113974 -0.250515 -0.372531
0.011802 -0.0735058 -0.59979
0.011802 0.046611 0.619386
-0.0113974 0.0875915 -0.813277
0.00690595 0.306581 0.0934859
-0.02387 0.278182 0.576987
-0.0219504 0.306581 -0.548184
-0.10467 -0.277003 -0.245085
0.011802 0.263015 -0.807769
-0.152739 -0.277003 0.0645111
-0.0113974 0.0149573 -0.243162
-0.0113974 -0.0478078 -0.667732
-0.157003 -0.277003 -0.286181
-0.163553 -0.277003 0.278678
0.011802 -0.130419 0.0171996
0.011802 0.0676401 0.105189
0.114 0.278182 -0.100429
-0.0168679 -0.275251 0.478251
-0.20219 0.278182 -0.418832
0.011802 -0.262959 0.0485965
-0.0113974 0.12059 -0.12956
0.178222 0.278182 -0.335729
0.0191554 0.306581 -0.17193
-0.0113974 0.203397 0.580814
-0.116783 0.278182 -0.960466
0.0357595 -0.305402 -0.915437
0.061866 -0.277003 0.185643
-0.0175136 -0.275625 -0.468378
-0.151408 -0.305402 -0.186654
-0.0683213 0.306581 -0.541088
0.158912 -0.305402 0.157598
-0.0113974 -0.21652 -0.95555
-0.112947 -0.277003 -0.653569
0.119567 -0.277003 0.962068
-0.159127 -0.277003 -0.625988
0.0747921 0.306581 0.10797
0.101314 -0.277003 -0.434335
0.0601499 -0.277003 0.753286
-0.0113974 0.0356489 0.917332
0.200994 0.278182 -0.725851
0.104002 -0.305402 -0.513445
0.011802 0.207532 0.262744
-0.134345 -0.305402 0.224344
-0.0113974 0.122714 0.258875
-0.0113974 -0.0958692 0.323031
0.12194 -0.305402 0.552426
0.204197 0.284382 -0.665632
0.0911998 0.278182 0.874767
-0.0113974 0.137219 0.210567
-0.176683 0.306581 -0.104995
-0.0364772 0.306581 -0.389692
-0.0815625 0.278182 -0.835074
-0.0113974 -0.0636827 0.183204
-0.056135 0.278182 0.37777
0.099468 0.278182 0.465373
0.169765 -0.305402 0.732194
-0.164445 0.306581 0.813632
0.173632 0.278182 0.487912
0.0362286 -0.304888 1
0.12631 -0.277003 -0.784014
-0.0113974 0.215547 -0.28308
-0.0113974 -0.134938 -0.776355
-0.0113974 0.203069 -0.431119
-0.134378 0.278182 0.37753
-0.175024 0.306581 -0.276018
-0.0722943 0.306581 -0.19451
-0.0113974 0.159873 -0.206114
0.176689 0.278182 0.924312
-0.0113974 0.0997004 -0.314934
0.0265191 0.306581 0.270866
0.011802 0.24752 0.686959
0.145955 0.306581 0.713242
-0.203792 0.279309 0.25625
-0.105724 -0.305402 -0.771462
-0.150194 0.306581 0.0629716
0.169309 -0.277003 -0.819635
-0.118985 0.306581 0.997231
0.155508 0.306581 -0.0348906
-0.155747 0.306581 -0.345212
0.0534748 -0.277003 -0.229373
0.0964332 -0.305402 -0.604205
-0.0113974 -0.105157 0.620899
0.0763152 -0.277003 -0.394322
-0.0113974 0.108072 -0.953313
-0.11322 -0.305402 -0.883307
-0.113102 -0.305402 0.603052
0.0513726 -0.277003 -0.679585
0.0328288 0.278182 0.625509
0.0558032 0.306581 0.480794
0.0504116 0.278182 -0.553266
0.108933 0.306581 0.342587
-0.167182 0.306581 -0.522932
0.011802 0.178681 -0.708761
0.161699 0.306581 0.613941
-0.15191 -0.277003 -0.00814738
0.0964586 -0.277003 -0.842259
0.011802 0.229765 -0.919666
-0.0231845 0.278182 -0.0346901
-0.0586525 -0.277003 -0.203011
-0.0190666 0.277496 0.892432
0.16713 -0.305402 0.681916
0.119933 -0.305402 0.0508444
-0.0113974 -0.234042 0.67993
0.011802 0.224023 0.39856
0.104228 0.306581 -0.31822
0.116281 0.278182 -0.39701
0.201215 -0.305402 -0.792339
-0.0359188 0.278182 -0.816156
0.0144964 -0.305402 0.717673
0.011802 -0.125164 -0.422481
-0.0113974 -0.098276 -0.984296
0.119692 -0.277003 -0.920269
0.0954702 -0.277003 0.724377
0.178178 0.278182 -0.166386
-0.0115428 -0.267234 0.649219
0.166992 0.278182 0.544647
-0.203792 0.28426 0.494069
-0.0113974 -0.226693 0.586316
0.162434 -0.305402 -0.137132
-0.0807105 0.306581 -0.0614242
-0.171949 -0.305402 -0.401755
0.0917937 -0.305402 0.395309
0.011802 -0.208053 0.316327
0.011802 0.0679265 0.192119
0.0501538 0.278182 -0.373673
0.191249 0.306581 0.114676
-0.137645 0.278182 0.514393
-0.0113974 -0.00965639 0.723553
-0.00875495 0.306581 0.500819
-0.0113974 0.0436965 0.494986
-0.100898 0.306581 0.441039
0.011802 -0.115002 0.557726
-0.168479 0.306581 -0.913859
-0.0113974 -0.206589 0.818626
-0.139409 0.306581 0.278279
0.0924343 -0.277003 -0.319405
0.0136637 0.306581 -0.400624
-0.0179675 0.306581 -0.121063
0.161369 0.306581 -0.123991
0.13124 -0.305402 -0.567843
0.121634 -0.277003 0.135293
0.0776645 0.306581 -0.453782
0.0911601 0.306581 -0.577721
-0.106363 0.306581 0.589351
-0.117583 0.278182 -0.797568
-0.130272 0.278182 0.841903
0.160275 -0.277003 -0.307176
-0.116451 -0.277003 0.38827
-0.0628205 -0.305402 -0.0572931
0.0900744 0.306581 -0.7941
-0.203792 -0.278767 -0.77037
-0.0125529 0.271629 -0.466238
-0.159912 -0.277003 0.705002
0.151197 -0.277003 0.912891
0.1644 0.306581 0.278322
-0.0119186 -0.305402 -0.138222
0.0867356 0.278182 -0.884462
-0.106185 -0.305402 0.678802
-0.105044 -0.277003 -0.438533
0.011802 -0.225126 -0.193688
-0.0113974 0.151598 -0.580847
0.181211 0.278182 0.362388
0.011802 0.151648 -0.666232
-0.010934 -0.305402 0.939012
-0.134737 0.306581 0.753029
-0.0370641 0.278182 0.761221
-0.0113974 -0.047729 0.447785
0.010227 0.306581 -0.758617
-0.0133316 0.272996 0.188504
0.011802 -0.0736036 -0.81141
0.0417044 0.278182 0.893047
-0.0398349 -0.277003 0.760814
-0.0421779 -0.277003 0.016506
0.162595 -0.305402 0.0850041
-0.173652 -0.305402 -0.843347
-0.0113974 -0.1724 -0.253809
0.046887 -0.277003 0.453579
-0.0113974 -0.0323306 -0.284055
-0.0113974 -0.0897456 0.386112
0.119855 0.278182 0.97474
0.011802 0.0525423 -0.579571
0.011802 -0.201729 -0.546756
0.00725376 -0.305402 0.390097
-0.0105134 -0.0886927 1
-0.104396 -0.277003 0.747321
0.0346058 -0.277003 0.80811
0.0159378 0.275462 0.946843
0.170127 -0.277003 -0.936928
-0.0550749 -0.305402 -0.88768
0.204197 -0.301737 -0.350245
-0.109586 -0.277003 0.815841
0.021747 0.278064 -0.920608
-0.0113974 -0.22432 -0.813993
-0.118503 -0.305402 -0.0730655
-0.061518 0.306581 -0.265049
0.172659 -0.277003 0.495655
-0.126766 0.278182 0.208976
-0.0113974 -0.0265456 0.579145
0.204187 0.28514 1
-0.0113974 0.041465 -0.754546
0.114874 0.306581 0.898122
0.011802 0.233979 -0.410846
-0.153158 0.278182 -0.834924
0.011802 -0.256928 0.425973
0.203071 -0.305402 0.116413
0.104837 -0.277003 -0.636179
-0.0113974 0.101162 0.954803
0.0578181 0.278182 0.334609
-0.0113974 0.264961 -0.295839
-0.169681 -0.278664 1
0.136905 0.306581 -0.683958
0.0543189 -0.305402 0.0227559
0.0988442 -0.277003 -0.180313
0.0415739 -0.277003 -0.184245
-0.202363 0.278182 -0.645452
0.167579 0.278182 -0.960198
-0.0747751 -0.277003 0.259772
0.011802 0.218491 -0.213513
0.118851 0.306581 0.175544
0.0430021 -0.277003 0.63303
0.0213045 -0.276812 0.20437
-0.0255068 -0.305402 -0.249653
-0.0113974 0.265337 0.476038
-0.0113974 -0.135255 -0.916791
0.0898371 -0.277003 -0.00239584
0.0525314 0.306581 0.529124
-0.100705 -0.277003 0.221086
-0.109767 0.306581 -0.878298
-0.17932 0.306581 -0.395484
0.011802 -0.0301752 0.80639
0.011802 0.0355089 -0.150911
-0.0113974 -0.1933 0.0273486
0.011802 0.169616 -0.375785
-0.106095 0.306581 0.0970024
0.0845962 -0.305402 -0.474101
-0.0113974 0.173099 -0.0438634
0.0573361 0.278182 0.408338
-0.203792 -0.302784 0.2064
-0.0113974 -0.12036 -0.467606
0.0124355 0.270364 0.349508
0.011802 0.257397 0.866602
0.0337288 0.306581 0.20248
0.011802 -0.119423 -0.691531
0.011802 -0.168552 -0.757999
0.0799724 0.306581 0.0278474
-0.203792 0.304472 -0.956336
-0.0189126 0.277439 0.703681
0.036214 -0.277003 0.523987
-0.0113974 -0.138147 0.786621
0.011802 -0.144582 0.0942537
0.118204 0.278182 -0.271841
-0.0113974 0.15875 0.977304
-0.19929 -0.305402 -0.249823
-0.0736996 -0.305402 -0.973107
0.0515422 0.278182 0.998607
-0.119094 0.306581 -0.45723
-0.0282382 -0.277003 0.0590535
-0.102094 -0.305402 -0.279367
-0.0113974 -0.255788 0.340243
0.159774 0.278182 0.0917389
-0.0113974 -0.00939214 0.220858
0.13045 0.306581 -0.542948
0.108922 0.306581 -0.909362
0.163065 -0.277003 0.00172839
0.011802 0.125246 -0.465783
0.0400118 0.306581 -0.0743274
0.0495616 -0.277003 -0.799549
0.0933212 0.306581 -0.965893
-0.106066 0.278182 -0.711284
-0.0113974 0.265558 -0.554974
-0.0865061 0.278182 -0.923397
0.203523 0.278182 0.666943
-0.203792 0.28191 -0.574321
0.011802 0.191889 0.446688
-0.123131 -0.305402 -0.717429
0.00613125 -0.305402 0.315169
-0.184744 -0.277003 0.568611
-0.0113974 -0.00926977 -0.143926
-0.0920338 0.278182 0.626367
0.163949 0.306581 0.846352
-0.2036 0.278182 -0.290474
-0.0247851 0.306581 -0.210514
0.104513 -0.305402 -0.0689347
0.0258779 0.306581 0.585139
-0.0110655 0.306581 -0.606133
0.0311576 -0.277003 -0.27329
0.011802 0.176528 -0.285882
0.165116 0.306581 -0.60099
-0.0113974 0.0515659 -0.837221
-0.0207314 -0.276779 -0.330067
-0.0113974 -0.143853 -0.151513
-0.0113974 -0.265417 -0.16902
0.0708748 0.306581 -0.517685
-0.0113974 -0.254917 -0.881305
-0.0584727 -0.305402 -0.325348
-0.145971 -0.305402 0.811607
-0.161013 0.306581 -0.697315
-0.0113974 -0.0570102 0.093934
0.0809861 0.306581 0.735726
0.011802 -0.264993 -0.508036
-0.112661 -0.277003 -0.957589
-0.165881 -0.277003 0.394066
-0.155236 0.278182 0.89608
-0.203792 -0.30447 0.940634
0.011802 0.214619 -0.875926
-0.142687 -0.277003 -0.999404
0.011802 0.00824857 0.0637592
0.011802 0.0667648 -0.292675
-0.200845 -0.277003 -0.32538
0.202981 -0.305402 0.955017
-0.162952 -0.277003 -0.940407
0.011802 -0.17648 -0.0859562
-0.0113974 0.0108533 0.87656
0.011802 -0.0406472 -0.888572
0.00618782 -0.0118722 1
-0.1145 -0.305402 -0.160438
0.108298 0.278182 -0.188026
0.011802 0.255448 -0.0221364
0.011802 -0.182163 0.150188
0.0768573 -0.277003 0.324387
0.13085 -0.305402 0.629863
0.011802 0.26543 0.146468
0.168103 0.278182 -0.429347
-0.00224872 -0.305402 0.587451
-0.0113974 -0.0265515 -0.095781
0.157114 -0.305402 -0.854131
-0.109212 -0.277003 0.00650047
0.142978 -0.305402 0.347436
0.011802 -0.110812 0.694681
-0.0525231 -0.277003 -0.697573
-0.0420789 -0.277003 0.698651
0.011802 -0.0902042 -0.73988
-0.0113974 0.23612 -0.0566739
-0.0113974 0.242079 0.758669
0.0959948 0.278182 0.614236
-0.101614 0.306581 -0.359819
-0.17065 0.306581 0.689994
0.156849 0.278182 -0.843201
0.163745 -0.277003 0.837838
-0.0113974 -0.208136 -0.440895
0.133976 0.278182 0.271729
-0.170494 0.278182 -0.162136
0.17579 0.278182 -0.273991
-0.137906 -0.305402 -0.573297
-0.114296 0.278182 -0.134185
-0.155606 0.306581 0.579102
-0.0320792 -0.277003 -0.777071
0.142577 0.306581 -0.248857
-0.0113974 -0.084893 0.874339
0.011802 0.190136 0.873061
-0.169518 -0.305402 -0.707138
0.0515522 0.306581 0.142818
-0.16809 0.278182 0.202213
0.198838 -0.277003 -0.882146
0.011802 0.155819 0.546008
0.011802 -0.150764 0.476424
-0.0113974 -0.0742591 -0.945763
-0.0113974 -0.191308 -0.035321
-0.190873 -0.277003 -0.0576896
0.011802 0.251366 0.286478
-0.032017 -0.305402 0.838741
0.072325 0.306581 0.261974
0.0333903 -0.305402 -0.580034
-0.103916 0.306581 0.8677
0.108433 -0.305402 0.823015
-0.119514 0.278182 0.684516
-0.0113974 0.151149 -0.0808197
0.162391 0.306581 -0.361754
0.0179849 -0.305402 -0.833456
0.127094 -0.305402 0.8913
-0.0113974 -0.0523297 -0.339
-0.169834 0.306581 -0.23259
0.011802 0.0223215 0.961481
-0.161566 0.278182 0.136464
0.011802 -0.108718 -0.29124
-0.14517 0.278182 -0.0218311
-0.0113974 -0.204095 0.456204
-0.0401785 0.278182 -0.624594
0.011802 0.105292 -0.167995
-0.164561 0.306581 -0.63308
0.011802 0.0981356 0.334933
-0.0113974 -0.221741 0.746597
0.102942 0.306581 -0.0722711
-0.106137 0.306581 -0.166372
0.104299 -0.305402 0.506368
0.0383511 -0.277003 -0.631497
0.011802 0.196533 0.156278
-0.0113974 0.155429 0.382437
-0.10483 -0.277003 -0.495171
-0.048204 -0.305402 -0.442477
-0.171406 -0.305402 0.906398
0.0509466 0.306581 -0.869284
0.011802 -0.122427 0.435843
0.011802 -0.126357 0.74853
-0.0113974 0.0544659 0.239773
-0.15815 -0.277003 0.530341
-0.186738 0.278182 0.603609
-0.112096 -0.277003 0.886047
0.17059 -0.277003 -0.576372
0.0385621 -0.305402 -0.958974
-0.0113974 0.155949 0.437836
0.0855778 0.306581 0.398768
0.011802 0.192879 -0.635988
-0.0835089 -0.305402 -0.643035
-0.131095 -0.277003 -0.538988
-0.0375328 -0.277003 0.576828
0.132619 0.278182 0.505693
-0.0902279 0.278182 0.793673
-0.0113974 0.0754802 0.307029
-0.0390792 0.278182 -0.971086
0.146861 0.306581 -0.452606
0.0629874 -0.305402 0.821128
0.011802 -0.171662 -0.325088
-0.0683666 -0.305402 0.344567
0.011802 0.0923134 -0.0385422
0.011802 -0.171175 0.905656
-0.162023 -0.277003 -0.804626
-0.131192 -0.305402 0.132966
-0.0398668 0.306581 0.471753
0.120401 -0.277003 -0.1098
-0.0891495 0.306581 0.208369
-0.0113974 0.0822246 0.135788
0.0505131 -0.305402 0.113264
-0.0249989 0.278182 -0.25328
0.160655 -0.277003 -0.405518
0.0945881 0.278182 0.788958
0.011802 -0.252482 0.617239
-0.0113974 0.0881761 -0.701339
-0.104242 -0.277003 -0.823116
-0.122323 -0.305402 0.452477
-0.0733806 -0.305402 0.735378
0.162385 -0.277003 -0.0657637
0.011802 0.0677811 0.731082
-0.0770826 0.278182 0.970244
-0.0113974 0.0325098 0.186889
-0.0232019 -0.277003 0.291315
-0.155316 0.306581 0.632573
0.163425 -0.305402 -0.336318
0.000425126 0.306581 0.414736
-0.0113974 -0.140116 -0.959175
0.122526 -0.305402 0.265461
0.0780139 0.278182 -0.820663
-0.0537292 -0.277003 0.633258
-0.0249496 -0.277003 -0.0706778
0.0219744 0.306581 -0.259544
-0.173064 -0.277003 0.029331
-0.132539 0.306581 -0.309586
0.204087 0.306581 0.739774
-0.0544018 -0.277003 -0.118031
0.011802 0.00758861 0.135223
-0.0113974 0.215885 0.00344677
-0.00945531 0.306581 -0.494304
-0.203008 0.306581 -0.049515
0.011802 -0.21716 -0.506602
0.0308368 0.278182 -0.625827
-0.0870827 -0.277003 0.923273
0.109177 0.278182 0.66077
-0.0681197 0.306581 -0.333992
0.011802 0.00322026 -0.211677
-0.139604 -0.277003 0.195946
0.0446267 -0.277003 -0.451964
-0.168733 -0.305402 0.250291
-0.075304 0.278182 -0.747148
-0.0113974 -0.161796 0.534239
0.0555562 -0.277003 0.912461
-0.0343941 -0.277003 -0.58836
0.121102 0.278182 0.207181
-0.0113974 -0.109192 0.137815
0.151577 0.278182 0.771179
0.011802 -0.0203463 -0.050572
0.177829 -0.305402 0.618917
0.185362 -0.305402 0.793715
-0.182467 -0.305402 -0.474651
0.0182483 0.306581 -0.314208
0.011802 0.199486 0.830937
0.0543407 -0.277003 -0.0507087
-0.0113974 0.18024 -0.147113
-0.185693 -0.277003 0.493231
0.133882 0.306581 -0.96176
-0.175223 -0.305402 0.738239
0.0606388 -0.277003 -0.980125
-0.0113974 0.0182908 0.341087
-0.0113974 0.194376 -0.559779
-0.132508 -0.277003 0.582158
0.109191 -0.277003 -0.541907
-0.0112567 -0.206873 1
-0.057569 -0.305402 0.440909
0.196259 -0.305402 0.565748
-0.0393316 -0.277003 0.966825
0.0425138 0.278182 -0.195866
-0.0356422 0.278182 -0.909291
-0.10823 0.278182 -0.492164
0.201612 0.278182 0.768475
-0.0113974 0.229022 -0.677355
0.011802 0.244852 0.111745
0.0470209 0.306581 -0.735857
-0.0113974 -0.121381 -0.538528
-0.000508448 -0.279699 -0.999946
0.011802 -0.254873 0.151201
-0.0891204 -0.277003 -0.38275
0.0494016 -0.277003 -0.326927
-0.0555077 0.278182 0.148053
0.176895 0.278182 0.230927
0.184496 -0.305402 0.0380283
-0.0538842 0.278182 -0.429053
0.0551003 0.278182 -0.114128
0.011802 -0.110867 0.243567
0.011802 -0.138549 -0.0265626
-0.168804 0.306581 -0.978165
-0.0474638 -0.277003 0.201282
-0.0855324 0.306581 0.906267
-0.145291 0.278182 -0.540792
0.011802 -0.0758209 0.466595
-0.0113974 -0.0904498 -0.510566
-0.0885215 0.278182 -0.257159
0.182653 0.306581 0.175267
-0.195491 0.306581 0.122119
0.011802 0.110401 -0.34762
-0.0890074 0.278182 0.510006
0.0528372 -0.305402 -0.524463
0.138418 -0.277003 0.224672
-0.044789 -0.305402 -0.390374
0.202459 -0.277003 0.88149
-0.0115108 0.268201 -0.141235
-0.167769 -0.305402 -0.121093
-0.0113974 0.200818 0.370777
0.160771 -0.305402 -0.910567
0.011802 0.118723 0.0792324
-0.111806 0.306581 -0.987944
0.129704 0.306581 -0.849748
0.011802 0.172098 -0.997665
-0.166133 0.306581 -0.000912244
-0.0113974 0.00834365 0.408483
-0.0113974 -0.0198772 -0.597908
0.011802 0.0154624 -0.773709
0.186942 0.306581 -0.0631797
-0.122837 0.278182 0.338645
-0.0113974 0.179376 0.649709
-0.0113974 0.263132 -0.848508
-0.0113974 -0.0680063 0.697658
0.169086 -0.277003 -0.666836
-0.168407 0.278182 -0.762071
0.108388 0.278182 0.829851
-0.0113974 0.246063 0.826825
0.011802 0.0884117 0.0370913
0.011802 0.0360741 -0.323167
-0.182321 0.306581 0.168969
-0.0664923 -0.277003 0.802774
-0.00409842 -0.305402 -0.908955
-0.159324 -0.277003 0.343453
-0.172775 0.306581 0.452054
0.011802 -0.228696 -0.292973
-0.110799 0.278182 -0.399792
0.011802 0.191824 0.079764
-0.159849 0.288816 1
0.115638 -0.305402 -0.203306
-0.0365877 0.278182 -0.732083
-0.0306226 -0.305402 -0.630439
-0.0295821 0.278182 0.632082
-0.0113974 0.232854 0.430642
-0.0294931 0.278182 0.439177
0.00818195 -0.305402 0.232007
-0.0893338 -0.277003 -0.901072
0.0235557 0.306581 0.829097
-0.0609889 0.306581 -0.676981
-0.0113974 -0.0218559 -0.973153
0.152139 0.306581 0.911901
0.011802 0.180558 0.715283
0.161133 -0.305402 0.524993
0.140199 0.306581 0.415835
-0.168817 -0.305402 0.177165
-0.125842 0.306581 -0.591188
-0.0617072 0.306581 0.825703
0.011802 -0.239944 0.214862
0.0547254 -0.305402 -0.258112
-0.0113974 -0.0498991 0.401253
0.164846 -0.305402 0.294616
-0.0780075 -0.305402 0.550337
0.011802 -0.0994128 -0.880217
-0.180416 0.306581 -0.876289
0.0948799 -0.277003 0.535121
0.0175953 -0.275445 -0.743434
0.123009 -0.305402 -0.986898
0.011802 0.00114126 0.559012
0.0988447 0.306581 0.936863
0.174784 0.278182 0.0408941
0.011802 0.0516272 0.068376
0.0791321 -0.277003 0.680664
-0.0113974 -0.0203246 0.645484
0.115013 0.306581 -0.36936
0.0128279 0.271352 0.223692
0.011802 0.0108917 -0.445456
-0.0841478 -0.305402 -0.188057
-0.131163 -0.277003 0.30103
0.190337 0.306581 -0.401867
-0.0481706 0.278182 0.0331494
-0.203792 -0.281512 0.125429
0.011802 0.00136935 -0.280527
0.011802 -0.188458 0.849737
-0.17665 -0.277003 -0.735092
-0.0594586 0.306581 -0.130321
0.194038 0.278182 0.308774
0.00238335 -0.305402 0.672262
0.108603 -0.277003 0.479243
-0.0113974 0.229652 -0.624934
-0.130808 -0.305402 -0.341726
-0.086915 -0.305402 0.830644
-0.0113974 -0.0412434 0.32939
0.011802 0.202716 0.958424
0.204197 -0.304092 -0.0896183
-0.0113974 -0.0388578 -0.217366
0.105223 0.278182 -0.505376
0.011802 0.238689 0.616095
-0.0113974 -0.0638592 -0.468622
0.011802 -0.168026 -0.714515
0.0723035 -0.305402 0.0652366
0.107558 -0.277003 -0.717559
0.0469889 0.278182 0.455439
0.178588 -0.277003 0.185958
-0.0144759 -0.305402 0.512374
-0.039408 0.280431 1
0.177199 0.306581 0.577825
0.098997 0.278182 0.54839
-0.0113974 -0.19241 -0.205392
0.011802 -0.0438346 0.158882
-0.0716893 0.278182 0.712488
-0.186002 -0.305402 0.345545
-0.0737913 0.278182 -0.599751
-0.0113974 0.150823 0.796963
0.0190533 0.277336 0.661955
-0.0400146 -0.277003 -0.860553
-0.0868919 0.306581 0.307581
0.011802 0.0667451 0.913934
0.170045 -0.305402 -0.605321
-0.187324 0.278182 -0.707181
-0.0113974 -0.249182 0.385299
0.011802 0.0953269 -0.234043
-0.0949867 0.278182 -0.5344
0.011802 0.0691359 -0.44358
0.011802 0.188281 -0.470206
0.011802 -0.25545 0.251372
0.190886 -0.305402 0.331462
-0.047056 -0.305402 -0.933209
-0.0113974 -0.10462 -0.237178
-0.0113974 0.0298536 0.75785
0.0661691 -0.305402 -0.302361
-0.0363023 -0.305402 0.24872
-0.0113974 0.121288 0.564799
-0.110617 -0.305402 -0.219319
0.011802 0.215615 -0.356039
0.0622333 0.306581 0.867107
0.011802 -0.0817586 0.754888
0.166374 -0.277003 0.36598
-0.139019 -0.305402 -0.665536
-0.142752 -0.305402 0.958963
0.011802 0.0265461 -0.919325
-0.0113974 -0.188548 0.563428
0.176623 -0.277003 0.969451
0.0611867 -0.305402 -0.88624
-0.0113974 0.145281 0.137541
0.113832 0.278182 -0.593395
0.162163 0.278182 -0.777566
0.011802 0.227472 -0.591144
-0.181731 -0.305402 0.627953
-0.0827111 0.278182 0.337437
0.0158346 -0.305402 0.871091
-0.0342285 0.306581 0.529954
-0.118043 0.278182 -0.654442
-0.0975488 -0.305402 0.983095
-0.121916 -0.305402 0.0662642
-0.0113974 -0.0986154 0.0181986
0.155056 -0.305402 -0.795326
0.112773 0.306581 0.0608673
-0.0205672 -0.305402 -0.709163
0.14666 0.278182 0.637236
0.142116 -0.305402 -0.235192
-0.0318651 -0.305402 -0.211675
-0.0277838 0.306581 0.943312
-0.0191785 -0.276356 0.6126
-0.0113974 -0.150647 -0.493105
-0.0993627 0.278182 0.0130491
-0.0031386 -0.16866 1
0.011802 -0.223147 -0.1227
-0.0113974 0.184435 0.321378
-0.132459 -0.277003 0.65241
0.152516 -0.305402 -0.28253
0.0524958 -0.277003 0.565358
0.140728 -0.305402 -0.372798
-0.160017 0.278182 -0.37833
-0.0113974 0.162645 0.514547
0.011802 0.00365505 0.25835
0.143998 -0.305402 0.428239
0.011802 0.12779 -0.997841
-0.0508584 0.278182 -0.473838
-0.0723565 -0.277003 -0.51553
0.011802 0.13772 0.61104
0.135029 0.278182 0.347514
0.104428 -0.305402 0.344987
-0.0464631 -0.277003 0.877428
-0.0113974 0.120049 0.825366
0.136519 -0.305402 -0.459937
0.011802 0.0149931 -0.71856
-0.0113974 0.0754797 0.693314
0.164403 0.306581 0.451812
0.011802 -0.0933266 0.208987
0.129956 0.306581 0.998112
-0.0113974 -0.0312044 -0.713315
0.110294 -0.305402 -0.661024
-0.0113974 0.239394 -0.98583
0.0470914 -0.277003 0.0566019
0.011802 -0.221741 0.0381856
-0.124607 -0.277003 -0.788384
0.192455 -0.277003 -0.279326
-0.167962 0.306581 0.967343
0.0589795 0.306581 -0.307687
0.204197 0.287785 0.426406
-0.00961622 -0.271095 1
0.011802 -0.160753 -0.226013
-0.137413 0.306581 0.317403
0.189063 -0.277003 0.269793
-0.0113974 -0.185098 -0.159836
-0.170818 0.278182 -0.597569
-0.177398 -0.305402 0.0704058
0.011802 0.0100648 0.697216
-0.0113974 -0.257179 0.869668
-0.0113974 0.0768845 0.87236
-0.193049 0.306581 0.784441
0.011802 -0.124717 0.598064
0.151602 -0.305402 -0.684992
-0.146429 0.306581 -0.2015
0.011802 -0.167267 0.720582
0.18104 -0.305402 -0.526085
-0.0113974 -0.126646 -0.392501
0.011802 0.0104618 -0.388276
-0.188157 -0.277003 0.436819
-0.178642 0.278182 0.416453
-0.0113974 -0.218248 0.287439
0.011802 -0.0337747 0.939482
0.0641997 -0.305402 0.779556
0.011802 0.187343 0.196037
0.060332 0.306581 0.363331
0.011802 0.228892 0.0483853
0.129785 -0.277003 0.675658
0.0132376 0.295348 1
0.0118343 0.267448 0.537867
0.00641663 0.306581 -0.869431
-0.0487735 0.306581 -0.0365551
-0.124256 -0.305402 -0.0171463
-0.047531 0.306581 0.585326
0.0155437 0.275115 -0.734904
-0.0113974 0.0936457 0.421877
-0.0113974 -0.23297 -0.690111
0.0955622 -0.305402 -0.378599
0.011802 0.123887 0.493301
0.0398582 0.278182 0.0374194
0.199735 -0.277003 -0.433527
0.011802 0.20068 0.765306
-0.185416 -0.305402 -0.301126
0.0811367 -0.277003 0.884775
0.011802 0.14607 -0.898209
0.040672 -0.305402 0.172847
0.011802 -0.209504 -0.325371
-0.116486 0.306581 0.394591
0.202931 0.278182 0.869587
0.113744 0.306581 -0.163958
0.115722 -0.277003 -0.963324
-0.0621695 0.306581 0.253819
0.123793 -0.305402 0.937776
0.011802 -0.250152 -0.24224
-0.0113974 -0.11575 -0.34005
-0.00468872 -0.305402 -0.771687
0.011802 0.0664081 -0.00735784
-0.143015 0.306581 0.228446
-0.0640373 -0.277003 0.0705372
0.0837693 0.278182 -0.719556
0.011802 0.12317 0.88959
-0.203376 0.278182 -0.855844
-0.0115912 -0.267515 -0.557121
0.0330563 0.306581 0.433227
-0.0113974 0.13516 -0.27356
-0.0113974 0.0614096 0.589604
0.0231267 0.278179 0.763456
0.187906 0.278182 0.610975
0.011802 0.0381435 0.464348
0.1167 -0.277003 0.0242685
0.138246 -0.277003 0.0820584
-0.0113974 -0.0802415 -0.628435
0.148389 -0.277003 0.611176
0.199889 -0.277003 0.145932
-0.0979698 -0.277003 -0.615055
0.139102 0.306581 0.666975
0.011802 -0.142211 0.156545
0.191859 -0.305402 -0.948116
0.0528719 0.306581 0.785572
-0.0414578 0.278182 -0.192203
-0.171975 0.306581 -0.485798
-0.101418 -0.305402 0.366832
0.185005 0.306581 -0.00523559
-0.0113974 -0.109924 0.937508
-0.203792 -0.304795 -0.35899
-0.13934 -0.305402 -0.429382
0.118801 -0.277003 0.79774
-0.0709779 0.306581 -0.857057
0.011802 -0.149464 0.963223
-0.0113974 0.165884 0.0417168
0.0521718 -0.305402 -0.389244
0.011802 0.0653903 -0.883092
0.168657 0.306581 -0.512572
0.0371278 -0.277003 -0.362241
-0.0113974 -0.151712 -0.594074
0.011802 0.232215 -0.746611
-0.0152262 -0.274015 -0.682264
0.18497 0.278182 -0.586301
-0.0162212 -0.305402 0.454274
-0.197887 -0.277003 -0.908908
-0.0649059 -0.277003 -0.662327
0.0201605 -0.276541 0.938037
0.011802 0.136364 -0.784911
0.011802 -0.226386 -0.729868
-0.16972 -0.305402 -0.998847
0.121406 -0.277003 -0.292436
-0.125156 0.278182 -0.285489
0.145403 0.278182 -0.523891
-0.0774526 -0.277003 -0.0316348
-0.142234 -0.277003 -0.21975
0.011802 0.123075 -0.5871
0.011802 -0.174146 -0.658735
-0.0856068 0.306581 -0.961424
0.176501 0.306581 -0.643179
0.0546668 -0.277003 -0.118441
-0.195162 -0.277003 -0.110371
0.011802 -0.145036 0.271476
0.185251 -0.277003 0.400267
-0.15972 0.278182 0.0851467
-0.0360195 -0.305402 0.407514
0.011802 -0.215875 0.944768
0.011802 0.178996 -0.507387
-0.0113974 0.0824394 0.78801
0.011802 -0.239568 -0.0798295
-0.0113974 -0.0180371 -0.353436
0.126298 0.278182 -0.308851
-0.20314 -0.277003 -0.651407
0.0658232 -0.305402 0.260137
-0.0113974 -0.149674 0.365009
0.011802 -0.0181068 0.457142
0.015852 0.275389 -0.335039
-0.0972216 -0.305402 0.251461
-0.0718235 0.306581 0.747753
0.0340711 -0.305402 -0.210974
-0.0406087 -0.277003 -0.814058
-0.0113974 0.219833 0.695507
-0.0113974 -0.202727 0.377977
-0.0113974 -0.0936336 -0.0890554
0.134495 0.306581 0.0257544
0.0758471 -0.277003 0.375428
-0.0233625 -0.305402 -0.00459392
-0.0781671 -0.305402 -0.119797
0.082901 0.278182 -0.420256
0.132062 0.278182 0.388452
-0.05068 0.306581 0.0932297
0.0924115 0.278182 0.319389
0.114388 0.306581 0.444027
-0.0113974 -0.181785 0.408755
0.138925 -0.277003 -0.186485
0.0750192 -0.305402 0.63396
0.011802 -0.181894 -0.827841
-0.0113974 -0.22659 0.504356
-0.0852229 0.306581 -0.81162
-0.0113974 0.222666 0.896496
0.103227 -0.277003 -0.578431
0.083169 -0.305402 0.747585
-0.0113974 -0.0398879 -0.405945
0.0418462 -0.277003 -0.715328
0.0697087 0.306581 0.685238
-0.00846787 -0.305402 0.758461
-0.0412256 -0.299502 1
-0.0113974 -0.0524719 -0.528789
0.166085 0.306581 -0.553147
0.0824891 0.278182 -0.921814
0.011802 0.226266 -0.0837252
-0.0113974 -0.129363 0.659194
-0.0113974 -0.0441003 -0.815655
0.011802 0.136327 0.330681
0.011802 -0.221108 -0.361903
0.086169 0.278182 -0.0216139
0.167646 -0.305402 -0.738389
-0.105644 0.306581 0.158852
-0.203792 -0.301095 0.808643
0.0834778 -0.305402 -0.234989
-0.170768 0.278182 -0.798922
-0.0113974 0.126456 0.769265
-0.174508 0.306581 0.26695
0.0254436 -0.305402 -0.42674
0.015774 0.275322 -0.10208
-0.0113974 0.0977044 0.662818
0.0665743 -0.305402 -0.0710576
-0.0113974 0.144099 -0.407976
-0.0113974 -0.253993 -0.0291742
-0.133895 -0.305402 -0.297988
0.181913 -0.277003 -0.176626
-0.186668 0.278182 -0.215442
0.0553524 -0.305402 0.510474
0.011802 -0.164011 -0.289077
0.015689 0.306581 -0.675143
0.144179 0.278182 -0.617329
-0.203792 -0.281057 0.239503
-0.068904 -0.305402 0.136269
-0.13381 0.306581 -0.0705834
0.0985495 0.306581 0.488725
0.0787891 -0.277003 0.414721
-0.0116014 0.268749 0.79551
0.011802 -0.218141 -0.88747
-0.0113974 -0.139253 0.898681
0.130158 0.306581 -0.752706
-0.0497906 0.306581 -0.89057
0.113425 -0.305402 -0.132078
0.173543 0.278182 0.129859
-0.0113974 -0.101015 0.82218
-0.0430997 0.278182 0.859764
-0.045735 0.278182 -0.551774
-0.0113974 0.152161 -0.719082
-0.184164 -0.277003 -0.536948
0.203515 -0.277003 -0.698712
-0.0199037 0.306581 -0.94728
-0.0759851 -0.277003 0.296423
-0.0199943 0.277787 0.0794597
-0.00345866 0.306581 -0.433036
-0.0113974 0.155878 -0.82686
0.177727 0.278182 0.96852
-0.169862 0.306581 0.731692
0.204197 0.285707 -0.224855
-0.196592 0.306581 0.841495
-0.0113974 -0.13893 0.829834
-0.0661918 -0.305402 -0.717376
-0.0121729 0.306581 0.816353
-0.0113974 -0.0423711 -0.917348
-0.0113974 0.179865 0.275363
0.011802 0.0153338 -0.0320089
0.011802 -0.0974377 0.496123
0.0879904 -0.277003 0.833817
-0.0113974 -0.203382 0.879422
0.163207 0.306581 0.336576
0.0184892 0.277091 0.00656716
-0.0113974 -0.0370465 0.907145
0.0150609 -0.273464 -0.586237
0.00158275 0.306581 -0.0533622
0.011802 -0.205116 -0.92917
0.011802 0.00137014 -0.84328
-0.0113974 -0.0209068 0.513049
0.0654356 -0.305402 0.977284
-0.0334788 0.278182 0.252028
-0.0113974 -0.183258 0.216263
-0.0113974 0.0230704 0.840366
0.0399411 0.278182 -0.0359255
0.108139 0.306581 0.122752
-0.0113974 -0.0755319 -0.166433
-0.0942101 0.278182 0.552
-0.0113974 -0.131422 -0.640182
-0.0113974 -0.170302 0.629886
-0.0113974 0.187456 -0.866594
-0.195695 0.306581 0.523393
-0.0113974 0.0506094 -0.25629
0.137627 -0.277003 0.569849
0.0223234 -0.305402 -0.796136
0.011802 0.132337 0.0051266
0.011802 0.1303 0.733272
0.175313 -0.305402 0.993527
-0.0113974 0.0201635 -0.684284
-0.0254952 -0.305402 0.154016
0.0558361 0.278182 0.0834611
0.0681601 0.306581 -0.35405
-0.0113974 0.148884 -0.52222
0.0142429 0.306581 -0.833632
0.011802 -0.238543 0.815922
-0.171658 -0.277003 -0.976209
0.0777077 -0.277003 0.218381
0.204197 0.279298 -0.46747
-0.136068 0.306581 0.70157
-0.180654 0.278182 -0.343927
0.204197 0.304716 -0.344118
-0.0624643 0.306581 -0.620329
-0.177961 0.278182 -0.998922
-0.0523932 0.278182 -0.0657503
0.0588567 -0.305402 0.888809
0.0832845 0.306581 -0.635786
-0.148433 0.306581 -0.858883
-0.120787 -0.305402 -0.993724
0.011802 -0.208671 -0.0115698
-0.0113974 -0.0700866 -0.428743
0.0934781 0.278182 -0.153923
-0.0113974 0.0759712 0.454215
-0.0200554 0.306581 0.138026
0.0846025 0.306581 0.64872
-0.0770366 -0.305402 0.628594
0.000530278 -0.305402 -0.0787598
-0.163758 -0.305402 0.594828
-0.128105 0.278182 -0.361113
0.170596 0.278182 -0.884377
0.164442 0.278182 -0.0628417
0.179228 0.306581 -0.979446
-0.167306 0.278182 0.835935
0.0127838 -0.270074 0.773387
-0.0113974 -0.0345607 0.0140474
-0.201192 0.306581 -0.803658
-0.0113974 0.23418 -0.160461
0.0312523 -0.277003 -0.93773
-0.0920203 0.278182 -0.215499
-0.0901033 0.306581 -0.0210672
-0.00928331 0.306581 0.739432
-0.0228635 -0.305402 0.205328
-0.0795061 -0.305402 -0.484723
-0.161499 -0.305402 0.856736
0.186701 -0.277003 0.667574
-0.0113974 0.243348 0.211844
-0.197219 0.306581 0.359858
-0.194381 0.278182 0.0228486
0.0982271 0.306581 -0.484201
0.094843 0.278182 -0.359877
0.011802 -0.243675 0.547921
0.0176389 0.276649 -0.239843
0.011802 -0.0622137 0.658265
-0.0650949 -0.277003 -0.755869
0.116529 0.306581 -0.423405
0.0176812 -0.275494 -0.107909
-0.123853 -0.277003 0.704405
-0.0272752 -0.277003 -0.510432
-0.154109 -0.305402 -0.740176
-0.0113974 0.138208 0.856489
0.154001 0.306581 -0.326713
0.0902349 0.278182 -0.297126
0.0828877 -0.277003 0.955706
-0.0113974 -0.0563489 -0.578259
0.138617 -0.277003 0.297461
-0.0510359 0.306581 0.29478
-0.0846501 0.306581 0.0681214
-0.139637 0.306581 -0.95353
0.142224 0.278182 0.454845
-0.0777546 -0.277003 0.181303
-0.0794834 0.306581 0.384705
0.011802 -0.100757 -0.574375
0.011802 -0.166518 -0.904774
-0.127783 0.278182 0.103191
-0.0475246 -0.277003 -0.249041
0.160937 0.278182 -0.0995812
-0.0249032 -0.277003 -0.39982
-0.0623312 0.278182 0.423147
0.0410864 -0.305402 -0.0308595
-0.133336 0.278182 0.932366
-0.0113974 0.226881 0.991297
-0.201902 0.278182 0.723528
0.0716977 -0.277003 0.288734
-0.056 0.306581 -0.995864
0.011802 -0.0502273 -0.11078
0.011802 0.118228 0.231913
-0.13951 -0.305402 0.271349
-0.119362 -0.277003 0.424891
-0.17019 -0.277003 0.662812
-0.0113974 -0.173195 -0.548966
-0.0773055 -0.277003 0.375187
0.171246 -0.305402 -0.424567
0.0941212 -0.305402 0.0220332
0.204197 0.278678 -0.857749
0.173025 0.306581 0.655676
0.011802 -0.0850616 -0.0370988
0.011802 0.0972533 0.377594
-0.203093 0.306581 -0.161183
-0.0113974 0.132252 0.674666
0.204197 -0.27797 0.450683
0.011802 0.121839 -0.869991
-0.0552239 0.306581 0.966113
-0.0113974 0.165844 -0.637864
-0.118414 0.278182 0.263577
0.128493 -0.305402 0.996741
-0.0113974 0.212873 -0.709147
-0.0113974 0.0232838 0.0412391
-0.0794703 -0.277003 -0.333746
0.189886 -0.277003 -0.47659
0.0464292 0.306581 0.642228
0.155502 0.306581 0.509202
-0.116879 -0.305402 0.766828
0.0743883 -0.277003 0.612297
-0.0721383 0.306581 0.492033
0.145076 0.306581 0.750693
0.0440569 0.278182 -0.515017
-0.190375 -0.277003 -0.417631
0.133601 -0.277003 -0.844003
0.011802 0.0946587 0.523594
0.011802 0.0799992 -0.0957577
0.011802 0.0824553 -0.196364
0.011802 -0.0861916 0.272665
-0.184051 0.278182 0.641124
0.011802 -0.072326 -0.680501
-0.058941 0.278182 0.900415
-0.0113974 -0.203142 0.167096
-0.0324219 0.278182 0.351291
0.143874 -0.305402 0.847089
0.0195514 -0.305402 0.96187
-0.0113974 0.240636 -0.437856
-0.0113974 0.0743602 -0.769777
0.191552 -0.277003 -0.025921
0.166655 -0.305402 0.247304
0.011802 0.172392 0.920504
-0.0524492 0.306581 -0.797954
0.101776 -0.305402 0.606537
-0.116502 -0.277003 -0.0959823
0.177505 -0.305402 0.915221
-0.0956242 -0.305402 0.496777
0.0599041 -0.305402 0.470431
0.014396 0.273894 -0.578349
-0.0633506 -0.305402 0.698228
-0.172562 -0.277003 -0.188789
-0.0114226 -0.266167 -0.938624
0.0887716 0.306581 -0.219046
0.011802 -0.0611707 -0.851983
0.0538839 0.278182 0.929794
0.0968049 -0.277003 -0.806802
-0.119505 -0.277003 0.549188
-0.168744 -0.305402 0.00472267
0.142311 -0.277003 -0.340589
0.011802 0.0379584 -0.196241
0.011802 -0.0761512 0.9077
-0.171567 -0.305402 -0.608875
-0.144939 -0.277003 0.912158
-0.20361 -0.305402 0.508344
-0.0113974 0.00883615 -0.318747
0.04032 0.278182 -0.46014
0.011802 -0.198158 0.258952
-0.177032 0.278182 0.365919
-0.146218 0.278182 0.560259
-0.0113974 0.0432788 -0.382449
-0.0113974 -0.199075 0.685053
0.158225 0.278182 -0.688793
0.0734865 -0.277003 -0.528431
0.011802 -0.158403 -0.524882
-0.0162413 0.276012 0.961388
0.0949244 -0.305402 0.188864
-0.0678346 -0.305402 -0.546398
-0.0113974 0.220524 0.548756
0.115247 0.306581 0.26244
-0.101161 0.278182 -0.0859602
0.105994 -0.277003 0.0664104
-0.13776 0.278182 0.805197
0.138466 0.278182 0.140333
0.152117 0.306581 0.201163
-0.0121624 -0.269546 0.125193
-0.0113974 0.133395 -0.925202
-0.0113974 -0.248622 0.712359
-0.0113974 -0.153971 0.029372
-0.203792 -0.304211 0.556922
0.0327798 -0.305402 0.365635
0.191903 0.306581 0.0603833
0.149788 -0.305402 0.12228
0.01701 -0.275083 -0.905598
0.0583354 -0.305402 0.418468
0.011802 -0.140935 -0.0809869
-0.0548257 -0.277003 0.463385
-0.0895503 0.278182 0.926648
-0.0169429 0.306581 0.31253
-0.203261 0.306581 -0.92124
0.011802 -0.110967 -0.196694
0.199889 0.306581 -0.801614
-0.0113974 0.212056 -0.239134
-0.0113974 0.0595766 -0.508981
0.0392364 -0.277003 0.713459
0.0974567 -0.305402 -0.748795
-0.118198 0.278182 -0.859412
0.011802 -0.0754592 0.608003
0.0443287 0.306581 -0.494369
-0.127919 0.278182 0.638788
0.154805 0.278182 -0.382924
0.011802 -0.19592 -0.608728
-0.0113974 -0.125288 -0.857247
-0.048952 0.306581 0.209833
0.0132708 0.272232 -0.688554
-0.0261863 -0.305402 -0.0501536
0.166861 -0.277003 -0.218934
-0.0113974 0.238511 -0.487632
0.011802 0.184533 -0.222182
-0.0301754 -0.305402 -0.347932
-0.173451 0.278182 0.473671
-0.0113974 -0.0246459 0.298554
0.0363587 -0.305402 -0.492778
0.0276389 -0.277003 0.301499
0.011802 -0.0396634 0.848179
0.011802 0.207587 -0.30938
0.174388 -0.277003 0.225755
0.015162 0.274747 -0.774693
0.12753 -0.305402 -0.899696
-0.183454 0.278182 -0.043668
0.0942537 -0.305402 -0.912065
-0.132628 0.306581 0.904308
-0.0113974 -0.244239 0.44893
-0.0788761 -0.277003 -0.947233
0.011802 0.192823 -0.108016
0.011802 0.0429364 0.533511
-0.159939 -0.277003 0.755888
-0.13327 -0.305402 0.88289
-0.160552 0.306581 0.542727
0.129046 0.306581 0.599422
0.011802 -0.0657584 0.7983
0.193595 -0.277003 -0.547603
0.011802 0.0896642 -0.408627
0.0623719 0.278182 0.804344
-0.133092 0.306581 -0.265319
-0.0113974 0.0504038 -0.654438
-0.150942 -0.277003 -0.33175
-0.0809383 -0.305402 -0.430542
-0.0113974 -0.0252742 0.872388
-0.194178 -0.277003 -0.160944
-0.117242 -0.305402 0.639221
-0.0113974 -0.039532 -0.765615
0.011802 0.122204 -0.422296
0.0134943 -0.271436 0.494967
0.0594332 0.306581 0.312368
0.175872 0.306581 0.996707
-0.0959606 0.306581 -0.656782
0.011802 -0.109301 -0.782141
-0.0666225 -0.305402 0.924339
-0.118219 0.306581 -0.41841
0.18547 0.306581 -0.0989586
-0.096157 0.278182 0.999274
0.101516 -0.277003 0.762516
0.12629 0.306581 -0.794593
-0.0113974 -0.158084 -0.349574
0.127389 0.306581 -0.131126
0.1964 0.306581 0.245474
-0.0924637 -0.305402 0.0356221
-0.0162671 -0.274851 0.90192
-0.178832 0.306581 0.23247
-0.198541 0.306581 0.41788
-0.0113974 0.245488 -0.526663
0.0132011 0.272105 -0.434193
0.011802 -0.177424 -0.862645
0.011802 -0.163542 0.781939
0.0686612 -0.277003 -0.157507
0.0653619 0.278182 0.210981
0.112598 0.278182 -0.687973
-0.0113974 -0.173833 0.0835361
-0.17638 0.306581 0.389984
-0.0113974 -0.239026 -0.757097
0.0479311 -0.305402 -0.614061
0.011802 0.172402 -0.596851
0.0383935 0.278182 -0.890202
0.203002 0.306581 -0.750198
-0.0793069 0.278182 -0.685457
-0.17745 -0.277003 0.0902667
0.0159614 0.275482 -0.385515
0.0345982 -0.305402 -0.160346
0.011802 -0.0493866 -0.303326
-0.0113974 -0.0181685 0.135357
-0.0681514 0.306581 0.688548
0.204197 0.303799 0.923439
0.175829 -0.305402 -0.38384
0.204197 -0.279513 -0.763785
-0.132896 0.278182 -0.766519
0.107919 0.306581 0.226796
0.011802 0.2183 0.505765
0.13368 0.306581 0.312423
-0.0869496 0.306581 -0.581665
-0.141234 0.278182 -0.578788
0.176965 -0.305402 -0.983807
-0.0113974 0.110976 -0.491033
-0.0383345 0.278182 -0.781651
0.011802 0.0880147 -0.640166
0.0805096 -0.277003 -0.880797
0.183986 -0.277003 -0.332354
0.011802 0.0240342 0.313938
-0.0114546 -0.266554 0.00458145
-0.129829 0.306581 0.0350413
-0.0113974 0.209133 0.182556
0.0910617 0.306581 0.530381
-0.0113974 -0.138262 0.724802
0.104373 0.306581 -0.251168
0.0722213 -0.305402 -0.99625
-0.102476 0.306581 0.778334
-0.0113974 0.026193 0.152749
0.198071 -0.305402 -0.494671
0.0896514 -0.277003 -0.0561445
0.011802 -0.175286 0.304162
-0.0367241 0.306581 0.380198
-0.202161 0.278182 -0.184639
-0.0113974 -0.187373 0.122732
-0.115755 -0.277003 -0.354196
-0.0976287 0.278182 0.228087
-0.122382 0.306581 -0.725959
0.110264 -0.305402 -0.0244177
0.011802 -0.158544 -0.791756
-0.0113974 0.107939 -0.734219
0.193784 -0.277003 0.630067
-0.142221 -0.305402 -0.92925
-0.0294058 0.306581 0.908922
0.0563921 -0.277003 0.999013
-0.0113974 -0.166444 -0.999844
-0.124903 0.278182 0.423141
0.011802 -0.0729616 -0.973872
0.011802 0.041776 0.803471
-0.142653 -0.277003 0.97877
0.011802 0.00176053 0.632939
-0.18048 0.278182 0.922159
-0.135765 0.306581 0.666888
0.141317 -0.305402 -0.165205
0.199868 0.306581 0.850454
0.0617016 0.278182 -0.267483
-0.141976 0.278182 -0.929416
-0.179969 0.306581 0.089183
0.124619 0.278182 0.696615
0.151625 0.306581 -0.163723
0.127388 -0.277003 0.333409
0.146233 -0.277003 -0.501137
0.089471 -0.277003 0.123222
0.011802 0.16277 -0.32967
-0.141463 -0.277003 0.830392
0.0568216 -0.305402 -0.728988
0.0824378 0.306581 0.165745
-0.112581 -0.305402 -0.848986
-0.20067 0.306581 -0.504613
-0.0113974 -0.112442 -0.715826
0.204197 0.278784 0.718994
0.011802 0.241171 -0.287359
0.0889223 0.278182 0.917395
0.192664 -0.305402 -0.192534
0.011802 -0.00641299 0.193803
0.0136187 -0.271636 0.974803
-0.0113974 -0.137899 0.242654
-0.179666 0.306581 0.324187
-0.0113974 0.0972952 0.101902
-0.111235 0.278182 -0.899684
-0.067493 -0.305402 -0.776701
0.164803 -0.305402 -0.558119
0.204197 -0.30065 0.854672
-0.0113974 -0.191082 0.730396
0.011802 -0.154225 -0.468201
0.0640115 0.278182 -0.654882
0.125914 -0.305402 0.392848
-0.164244 0.278182 -0.128505
-0.0336699 -0.277003 -0.145788
0.011802 -0.0633482 -0.647511
0.204197 -0.277875 0.0427449
-0.202327 -0.305402 -0.791736
0.135406 0.278182 0.0677749
-0.123918 -0.277003 -0.277636
-0.133022 -0.277003 -0.592946
0.0944756 -0.277003 -0.132875
-0.0113974 0.0442787 0.123586
0.204197 -0.300373 0.725984
0.0524448 0.306581 -0.212016
0.146598 -0.277003 -0.747836
-0.0113974 0.0803918 0.353339
0.011802 -0.0664574 0.517548
-0.196659 -0.305402 -0.0318347
0.011802 0.0408832 0.265918
-0.022679 -0.276998 -0.647573
0.011802 0.0320501 -0.0873189
0.011802 0.179787 0.591797
-0.0435366 0.306581 -0.493702
-0.190061 -0.277003 0.608617
0.151772 0.306581 0.160872
0.110677 0.278182 -0.859311
-0.0575112 -0.277003 0.417139
-0.0113974 0.0886897 -0.896652
0.011802 0.0436297 0.691402
-0.154951 0.306581 -0.419556
-0.0256503 0.278182 -0.875685
-0.182789 -0.305402 0.381535
-0.0113974 0.16937 0.737532
0.0704452 0.278182 0.129169
-0.0868891 -0.305402 -0.816091
0.0145893 0.274125 0.261367
0.011802 0.102567 0.929988
0.0806364 -0.277003 -0.660046
-0.0113974 -0.2405 0.106407
0.011802 0.158819 0.683951
-0.0113974 0.0678731 -0.0341261
0.12814 0.278182 -0.475053
0.011802 0.174272 -0.0715189
0.100525 -0.305402 0.962518
-0.0956026 -0.305402 -0.0394014
-0.0760422 -0.277003 0.0139398
0.011802 -0.0376026 -0.0179472
0.011802 -0.232209 -0.622513
0.0668185 0.278182 -0.856995
-0.203792 -0.277769 0.963526
0.0644086 0.306581 -0.421615
0.204197 0.302378 0.551906
0.011802 0.033162 -0.816685
-0.0113974 0.137386 -0.441813
-0.126431 -0.277003 -0.145004
-0.0113974 0.212462 0.656988
-0.134758 -0.277003 0.503176
0.011802 0.108331 0.281466
0.200827 0.278182 -0.417056
0.011802 -0.00493326 -0.500832
0.011802 0.0804755 0.815887
-0.0149762 0.306581 -0.736017
0.186365 0.306581 -0.895039
-0.00142516 0.306581 -0.0888803
-0.0113974 0.240005 0.326892
-0.0113974 0.197766 0.0552437
0.0692127 -0.277003 -0.772029
0.00179257 -0.305402 -0.274138
-0.0445404 0.306581 -0.304951
0.100462 -0.305402 -0.33734
0.125962 0.306581 0.817269
0.167867 0.278182 -0.732573
-0.0113974 0.129715 0.92035
0.011802 0.142005 0.182683
0.0953916 -0.305402 -0.412376
-0.0743468 0.306581 -0.767268
0.00759674 0.306581 -0.56475
0.102815 -0.305402 0.787037
-0.0113974 0.0338699 -0.611192
-0.0142912 0.274248 -0.658214
0.123402 -0.305402 0.15683
-0.00298256 -0.305402 -0.327578
0.0224687 0.306581 0.486078
-0.0113974 0.0633349 -0.316946
0.0362107 -0.277003 -0.83342
0.0751957 0.278182 -0.20523
-0.0113974 -0.0975558 -0.806298
-0.0113974 0.177537 0.559162
-0.192413 -0.277003 0.869893
-0.0113974 0.0691899 0.167311
0.139158 -0.277003 -0.65129
0.121185 -0.305402 -0.628222
0.011802 0.0669052 0.848182
0.0867825 -0.305402 0.575999
-0.0113974 -0.0731492 0.632356
-0.0113974 0.167479 0.94448
-0.0928678 -0.277003 0.856827
-0.142589 -0.277003 -0.059133
0.0439974 0.278182 0.371216
-0.0638225 -0.277003 0.668025
-0.0113974 0.07223 -0.565114
-0.14239 -0.277003 -0.411532
-0.203541 0.306581 0.665619
-0.0733877 -0.277003 0.763623
0.011802 0.13054 -0.546962
-0.0113974 -0.223101 -0.563046
-0.121044 0.306581 -0.0349874
-0.0880267 -0.305402 0.455408
0.151788 -0.277003 0.411942
0.011802 0.079102 0.632106
0.011802 -0.145631 0.200498
-0.123144 0.278182 0.172533
-0.161431 0.306581 -0.745448
-0.203255 0.306581 0.0071611
-0.0439153 0.278182 -0.142202
-0.126377 -0.305402 -0.375059
0.0238681 0.278182 0.302776
0.152725 0.306581 -0.890175
0.0350274 -0.277003 0.598251
0.011802 0.199007 -0.259645
0.115583 -0.277003 -0.398178
-0.126321 0.278182 0.771847
-0.0113974 -0.217638 -0.257029
-0.0625368 0.306581 -0.00186462
0.117694 0.306581 -0.656404
-0.0113974 -0.0700872 0.0359286
0.0223666 0.306581 0.125096
0.138565 -0.305402 -0.0528076
-0.148149 0.278182 -0.0598571
-0.0113974 -0.0711929 0.968448
-0.177231 -0.305402 0.535814
-0.162587 -0.277003 -0.661527
-0.102009 -0.305402 0.944982
-0.0876321 0.306581 -0.903487
-0.0348279 -0.277003 0.170224
-0.126036 0.306581 -0.492891
0.0265824 0.306581 0.237341
-0.0113974 0.262014 0.603569
-0.0136085 0.273395 0.925242
-0.19878 0.306581 -0.550638
0.201295 -0.277003 0.317049
-0.179367 -0.277003 -0.25793
-0.0113974 0.246193 -0.787103
-0.105932 0.306581 0.278826
0.201678 -0.277003 -0.811091
0.0406841 -0.305402 0.848334
-0.185365 -0.305402 0.298492
0.011802 -0.222069 0.658985
-0.0431636 0.278182 0.545203
-0.17422 -0.305402 0.447686
0.011802 0.2241 -0.96462
0.011802 0.0347326 -0.962317
0.011802 -0.0693802 0.552782
0.011802 -0.0487482 0.253569
-0.0460574 0.278182 0.311708
-0.00933525 0.306581 -0.370139
-0.112864 0.306581 0.625853
0.0723644 0.306581 -0.0940487
-0.0435725 0.278182 -0.335903
0.192329 -0.305402 0.383715
0.0121211 -0.268105 0.461753
-0.193558 0.278182 0.76686
-0.0467575 -0.305402 -0.134042
0.133187 0.306581 0.0899219
0.011802 -0.248526 -0.819476
-0.103796 0.278182 0.464316
0.0172482 -0.275236 -0.216259
-0.00796458 0.306581 -0.240482
0.190055 -0.305402 -0.638975
0.0216227 0.278045 0.567977
0.011802 -0.113743 0.38648
0.202444 -0.305402 -0.123183
-0.0158255 0.2757 -0.0760511
-0.195948 -0.305402 -0.583448
-0.0812201 -0.305402 0.593198
0.151504 -0.277003 -0.121885
-0.0113974 0.176487 0.84694
0.164838 -0.305402 0.477813
0.011802 0.095802 -0.78799
0.204188 0.278182 0.507604
-0.142839 -0.305402 0.0999087
0.0899402 -0.305402 0.900865
-0.0113974 0.028654 -0.12797
-0.0113974 0.0500573 0.974366
0.011802 0.0816291 -0.837646
0.120892 -0.277003 -0.0751361
-0.0113974 0.159567 0.620701
-0.0899965 -0.277003 -0.543754
-0.0501077 0.278182 0.190288
0.011802 0.237243 -0.851521
-0.130533 0.306581 -0.633006
0.169715 -0.277003 0.584529
0.11233 0.306581 0.378988
-0.159539 -0.305402 -0.220342
0.011802 -0.220562 0.438994
0.0194713 0.277496 -0.541111
-0.0113974 0.204073 0.112042
-0.176869 -0.305402 -0.165283
0.0198945 -0.305402 -0.86712
0.0140698 -0.272293 -0.439804
0.178203 0.278182 -0.928723
-0.0865302 0.278182 0.680575
0.0572952 0.306581 -0.615102
0.117239 0.306581 -0.996997
-0.0636243 0.278182 0.643767
-0.0113974 -0.0232287 0.756266
-0.0113974 -0.192757 -0.408964
0.142129 -0.277003 0.74631
-0.0113974 0.084073 -0.930404
-0.188932 -0.277003 0.18721
-0.0113974 -0.0237577 0.830464
-0.0264659 -0.305402 -0.534818
-0.173489 -0.277003 -0.358321
0.178062 0.278182 -0.199541
0.0176396 0.306581 -0.988776
0.040111 0.306581 0.9158
-0.160527 -0.305402 -0.87767
-0.0113974 0.0548445 0.641583
-0.0113974 0.238646 -0.193455
0.0720049 -0.305402 -0.105466
-0.0113974 0.144115 0.285622
-0.0962685 -0.277003 0.609479
0.0907232 0.278182 0.185449
0.0860445 -0.305402 0.104387
0.011802 -0.0326789 -0.473857
-0.0337618 -0.277003 -0.28162
-0.117274 0.278182 0.718711
0.101316 -0.305402 -0.162847
-0.0113974 0.12452 -0.845556
0.011802 0.190691 -0.772578
0.011802 -0.111809 -0.621484
-0.120299 -0.305402 0.339726
0.204157 -0.277003 0.505581
0.011802 -0.186305 -0.432196
-0.103491 -0.305402 0.419262
0.0317455 -0.305402 0.688934
-0.0113974 -0.107929 0.763081
0.0763182 0.278182 0.838951
0.011802 0.176997 -0.190055
0.122434 0.278182 -0.00647656
-0.0395157 0.306581 -0.705148
-0.109956 -0.277003 -0.692615
0.0928474 0.306581 0.766494
0.0450003 0.306581 0.0214624
0.131841 0.278182 -0.982743
0.011802 0.130493 -0.0969691
-0.0973528 0.306581 -0.317899
-0.0202764 -0.305402 -0.482203
0.011802 -0.0197862 -0.656506
-0.0748682 0.278182 0.0546127
-0.107653 -0.277003 0.996348
-0.0113974 -0.0505705 -0.256641
-0.132752 -0.277003 -0.458468
-0.0988773 -0.305402 -0.31298
0.011802 0.20082 -0.531999
0.185197 -0.277003 0.0918795
0.0143375 0.273821 -0.960039
0.0102995 -0.305402 0.799066
-0.184103 0.278182 0.0582215
0.00348618 -0.305402 -0.738983
0.011802 -0.0169584 0.600372
0.011802 -0.263311 -0.697598
0.188468 0.278182 0.800161
-0.190905 -0.305402 -0.506757
-0.0659504 0.306581 0.442875
-0.0113974 -0.21615 -0.473653
0.0838099 0.278182 0.0592492
0.025223 0.278182 0.704583
-0.189098 0.306581 -0.358043
0.011802 -0.062715 -0.401739
0.011802 0.177606 0.389829
-0.107452 -0.305402 0.564809
0.011802 -0.141577 0.873833
0.158777 -0.277003 0.875145
-0.0113974 -0.100285 -0.13928
0.0835341 -0.277003 -0.36208
-0.0881752 0.278182 -0.18226
0.136704 0.278182 -0.917551
0.0253141 0.306581 0.354533
-0.0113974 0.00680675 0.933571
0.0951616 -0.305402 -0.823058
0.0287484 0.278182 -0.660029
0.180169 -0.305402 -0.884178
-0.0113974 0.11692 0.0237994
0.011802 0.0914297 -0.578683
-0.0355354 -0.277003 -0.728497
-0.176948 0.278182 -0.549148
0.186295 -0.277003 -0.850018
-0.0113974 -0.0243568 0.479369
-0.0113974 -0.146037 0.606926
-0.203792 -0.302165 0.0943093
-0.00636195 -0.305402 0.0638806
-0.0191636 -0.305402 0.696946
-0.0113974 0.0677628 0.0164293
-0.0195496 0.277658 0.153304
-0.033605 -0.305402 0.310791
-0.103923 -0.305402 -0.590008
0.011802 0.196539 -0.932853
-0.0720956 0.306581 -0.229136
0.168883 0.306581 0.0258018
0.0996154 -0.305402 -0.298513
0.0449837 0.278182 0.591354
-0.0613374 0.306581 -0.162959
0.171671 0.278182 -0.0309687
0.0146885 0.306581 -0.626667
-0.0761883 -0.277003 0.115601
0.011802 0.00661268 -0.538359
-0.0641264 -0.277003 0.601684
-0.0113974 -0.175947 -0.635806
0.011802 0.222142 0.232819
-0.011955 -0.268956 0.554039
0.011802 -0.141089 -0.663653
-0.0113974 0.134093 -0.687973
-0.169049 -0.305402 -0.556471
-0.0966314 -0.277003 0.0879267
-0.0113974 0.0460175 0.407801
0.011802 0.243163 -0.376406
-0.182177 0.278182 -0.505726
0.011802 -0.176631 -0.367992
-0.0113974 0.0977547 0.500847
0.011802 -0.0905489 -0.487614
-0.113299 0.306581 -0.558996
-0.0113974 0.169274 0.218593
0.011802 0.0524881 0.297997
0.117056 -0.277003 -0.882417
0.011802 0.0226933 0.426321
-0.0566524 -0.305402 0.520081
-0.0113974 -0.0500825 -0.610425
0.0220702 0.278106 -0.140824
0.133763 0.306581 -0.580935
0.180716 -0.305402 -0.226832
0.1402 0.278182 -0.21701
0.0133028 0.306581 0.648855
0.0213654 -0.305402 -0.538238
0.011802 0.233275 0.716247
0.148451 -0.305402 0.0341687
-0.0113974 0.0743655 -0.977474
-0.0519631 -0.277003 0.547648
0.0124175 -0.269131 0.373314
0.0174712 0.276552 0.396826
-0.0576737 -0.305402 -0.274488
0.011802 0.101596 -0.682875
0.178105 -0.305402 -0.0681079
0.101787 0.306581 0.969935
-0.134895 -0.305402 -0.498291
0.011802 -0.10887 0.649202
-0.193846 -0.277003 -0.453578
0.011802 0.128134 0.969624
0.011802 -0.00749093 -0.936185
-0.0113974 -0.120155 0.0887468
0.176996 0.278182 0.395375
0.00833834 0.306581 0.952409
-0.0113974 -0.141967 0.447541
-0.149995 -0.305402 0.769342
0.122721 0.278182 0.111724
-0.185976 0.306581 -0.774932
0.011802 0.207059 0.323901
0.0473077 0.306581 -0.967483
-0.152248 -0.277003 0.246269
-0.0113974 0.0741725 -0.0737689
-0.0113974 0.232665 0.377201
-0.193176 -0.277003 0.715357
0.0628029 0.306581 -0.775696
-0.0113974 -0.118139 -0.270552
0.0606964 0.306581 -0.24872
-0.0113974 -0.230413 -0.226807
0.011802 -0.217716 0.610543
0.0502634 -0.305402 -0.695289
0.144341 -0.305402 -0.520344
-0.0178544 0.27698 0.517124
-0.0113974 -0.10516 0.42075
0.0952626 0.278182 0.710424
-0.0113974 0.0212644 -0.486786
0.0578709 0.306581 0.578864
0.0314124 0.306581 -0.430531
0.130581 -0.277003 0.451225
-0.172472 -0.277003 -0.887803
0.011802 -0.247762 -0.15481
0.122661 0.278182 0.884564
-0.188179 0.278182 0.290033
0.202737 -0.305402 -0.0367951
0.0147127 -0.305402 -0.396169
-0.0912668 0.278182 0.368682
0.022305 -0.276951 -0.47768
-0.0845326 0.278182 0.880558
-0.0113974 -0.231632 0.895269
0.011802 -0.149893 -0.933995
-0.0113974 -0.252789 -0.307895
0.011802 -0.10535 -0.912026
-0.0113974 0.024048 -0.887596
-0.0113974 -0.216693 -0.599059
0.011802 0.0960658 0.767583
-0.0677121 0.306581 -0.443345
-0.0113974 0.134904 0.102241
-0.0913469 0.278182 0.121898
-0.20276 -0.277003 -0.202102
-0.192011 0.306581 0.938115
0.011802 -0.19503 -0.268313
0.0709246 0.306581 -0.00315975
0.11923 0.306581 -0.715679
0.103922 -0.277003 0.290764
0.011802 0.221414 0.932103
-0.0894136 -0.277003 -0.212798
-0.0106618 0.306581 0.183396
0.179012 0.278182 0.19688
-0.0113974 -0.129623 0.536826
0.011802 0.0479639 -0.47775
0.0455862 -0.277003 0.681814
-0.140709 -0.277003 -0.829866
0.0706488 -0.277003 -0.564157
0.120824 0.278182 0.304094
0.0772735 0.278182 -0.785687
0.011802 -0.204248 0.066264
-0.0759732 -0.277003 0.487754
-0.200447 0.306581 -0.2224
0.011802 0.203867 -0.811065
0.011802 -0.0713166 -0.92355
-0.203792 0.279455 -0.976688
-0.138376 0.278182 -0.15923
-0.0113974 -0.243155 -0.494429
0.12118 -0.305402 0.726437
-0.195981 -0.277003 0.78223
0.011802 -0.184365 0.466749
-0.0113974 -0.190789 -0.760354
0.0192807 -0.276246 0.654823
0.011802 0.180817 -0.962725
-0.0485665 -0.305402 0.369985
0.011802 -0.226652 0.166727
-0.115261 -0.305402 0.801758
0.011802 -0.130594 0.807635
0.011802 -0.110261 0.298034
-0.15871 0.278182 -0.192096
0.0320982 -0.305402 0.579773
0.0124614 -0.305402 -0.000594497
-0.0113974 0.109057 -0.985794
0.0113812 0.1584 1
-0.0361786 -0.277003 -0.4334
-0.0546321 -0.277003 -0.990285
-0.0113974 -0.21201 -0.0622255
-0.163141 0.278182 -0.452426
0.111795 0.306581 -0.286902
-0.0113974 0.020921 0.241341
-0.0177584 -0.275752 0.73081
0.011802 -0.165503 0.556865
0.141784 -0.305402 0.660062
-0.171675 0.278182 0.867882
-0.10246 -0.277003 0.784206
-0.0688783 0.278182 -0.395251
0.095556 0.278182 0.282673
0.0743752 -0.277003 0.156072
-0.0113974 0.0755517 -0.464823
-0.192158 0.278182 0.180969
0.011802 -0.104436 -0.379334
0.0987194 -0.277003 0.447331
0.0445025 -0.277003 -0.0862912
0.1835 0.278182 -0.624093
0.148708 -0.277003 -0.960975
-0.199251 0.306581 0.470171
0.181833 0.306581 -0.467318
0.011802 -0.0606642 -0.221185
-0.0113974 -0.233794 -0.657041
-0.0113974 0.188868 0.895489
-0.0113974 -0.136501 0.330175
0.011802 -0.060304 -0.549453
0.0747463 -0.277003 -0.625175
-0.0945191 0.306581 0.835037
0.182509 -0.305402 -0.705467
0.0343221 -0.305402 -0.339924
0.13238 -0.277003 -0.0103198
0.183115 0.306581 0.816584
-0.0113974 -0.229276 0.975766
-0.0113974 0.110592 0.150611
0.0639279 0.306581 0.226459
0.107642 -0.305402 0.654561
0.0712229 0.278182 0.480408
0.011802 0.183077 -0.0196666
-0.144838 -0.305402 -0.150277
0.011802 0.115624 0.646913
0.011802 -0.0437558 0.0365717
0.058926 0.306581 -0.141239
0.011802 -0.251964 -0.405574
-0.0391014 -0.277003 0.0911012
-0.181856 0.306581 -0.136527
-0.169039 -0.305402 -0.0814732
-0.15779 0.306581 -0.816061
0.011802 -0.0538072 0.582332
-0.0113974 -0.214421 -0.909306
0.011802 0.00202501 0.355803
-0.0113974 0.176892 -0.400603
-0.129758 0.306581 -0.103659
0.011802 0.0269088 -0.663413
-0.0150113 0.274996 0.668833
0.011802 -0.00264277 -0.165413
-0.0113974 -0.14219 -0.00128018
-0.203792 -0.305086 -0.399779
0.105377 0.306581 -0.877654
0.0655076 0.306581 0.948637
0.011802 0.25071 -0.617841
0.011802 -0.100679 -0.531432
-0.156854 0.278182 0.172372
-0.0317729 -0.277003 0.506993
0.011802 -0.149247 0.668329
-0.168704 -0.305402 -0.267709
0.0161704 -0.274473 0.842051
-0.0113974 0.264109 -0.710842
-0.0113974 0.0181784 0.57265
0.011802 -0.0906617 -0.41701
-0.137809 0.306581 0.469529
0.011802 -0.203784 0.227611
-0.0113974 0.106029 0.594263
0.204197 -0.301265 -0.599883
0.011802 0.0776802 0.407047
-0.202007 -0.277003 -0.566678
0.011802 -0.225081 0.390064
0.011802 -0.0305241 -0.148695
-0.132935 0.306581 0.137638
0.194008 -0.305402 0.205987
-0.143213 -0.305402 0.529448
0.0760294 0.278182 -0.576243
-0.194029 -0.305402 -0.972302
0.0640719 0.278182 -0.989829
-0.0113974 0.255032 -0.919052
0.0165 -0.305402 -0.122726
0.011802 -0.132048 0.126175
-0.0113974 -0.163209 -0.735715
-0.0365743 -0.277003 0.813533
0.011802 -0.206799 -0.167708
-0.169001 0.278182 -0.417025
0.0283988 0.306581 -0.900386
-0.0113974 -0.122752 0.179144
0.0196016 0.306581 0.51773
0.011802 0.174707 -0.884426
-0.0374304 0.278182 -0.00496921
-0.0988147 -0.277003 -0.756812
0.0786465 0.278182 0.585513
0.011802 0.209312 -0.687747
-0.168891 0.278182 0.508694
-0.0113974 -0.11211 -0.671113
-0.0113974 0.0434055 0.360524
-0.0536837 -0.305402 -0.0252814
-0.0113974 -0.161791 -0.103681
0.174346 0.306581 -0.219491
-0.126941 -0.277003 0.0409741
-0.0519246 -0.305402 0.810457
0.011802 0.136564 0.447525
-0.0451517 0.278182 0.604423
0.171085 0.278182 0.265841
-0.140097 0.306581 0.787465
0.011802 -0.137355 0.0633639
-0.0494149 -0.305402 -0.80303
0.182288 0.278182 -0.123982
-0.0113974 -0.227502 0.325756
-0.0113974 0.18284 -0.358691
-0.0113974 0.030051 -0.791467
-0.0113974 -0.191712 0.943961
0.13855 -0.305402 -0.768174
0.105616 0.306581 -0.523284
0.187122 0.278182 -0.305329
-0.157506 0.306581 -0.601986
0.011802 -0.193776 0.350207
0.011802 -0.111561 0.992594
0.179717 -0.277003 0.74202
0.1146 -0.305402 -0.70548
-0.0113974 0.113138 -0.0453737
0.135744 0.278182 0.549696
-0.0751997 -0.305402 -0.381472
-0.116949 0.306581 0.0672695
-0.0113974 0.179233 0.693792
0.0188658 0.277259 0.182069
0.137221 0.306581 -0.00905974
0.011802 -0.204992 0.577316
0.00279705 0.306581 0.062121
-0.167614 -0.277003 0.312212
-0.0679834 0.278182 -0.503438
0.201594 0.306581 -0.527826
-0.175566 0.278182 0.574039
-0.0113974 -0.107015 0.584843
-0.029185 0.306581 0.842989
-0.0113974 0.177444 0.46256
0.132057 -0.277003 -0.427017
-0.0668395 0.306581 0.935818
0.011802 -0.0552895 0.117215
0.201689 0.278182 0.905008
0.011802 -0.122277 -0.129758
-0.0113974 0.131124 -0.0167635
-0.00847949 0.306581 0.697432
-0.176443 0.278182 -0.262298
-0.0255567 -0.305402 0.626563
0.204197 -0.27839 0.540552
0.0765585 -0.277003 -0.453913
0.0736214 -0.277003 -0.705949
-0.150369 0.306581 -0.662892
0.011802 0.112911 -0.283664
0.011802 0.202567 -0.407926
0.011802 0.24823 0.49421
-0.0113974 0.0680095 -0.412317
0.0804516 -0.277003 -0.208548
0.185728 -0.305402 -0.764225
0.204197 -0.280179 0.791865
0.011802 0.0952909 0.975328
-0.0113974 0.214005 0.812861
-0.0113974 -0.013945 -0.386056
0.0420663 0.306581 0.0919324
-0.0725572 -0.305402 0.31333
0.0637542 -0.277003 -0.848734
0.0826114 0.278182 0.430579
-0.00109188 0.306581 0.383041
-0.0362001 -0.305402 0.120386
-0.0176655 0.306581 -0.680059
-0.203792 -0.3052 -0.887143
0.011802 -0.00536877 0.288528
0.011802 -0.138209 -0.33126
0.173762 -0.305402 -0.103222
-0.0113974 -0.178363 0.797232
0.011802 0.0318738 -0.266398
0.0201264 0.27771 0.473473
-0.0113974 0.110394 -0.400245
0.0874639 -0.277003 -0.489512
0.0343543 -0.305402 0.334128
-0.109005 0.306581 -0.201109
-0.0589577 0.278182 0.797813
-0.190256 0.278182 0.986921
0.011802 0.0679134 -0.709856
-0.0113974 -0.143596 -0.807727
-0.0113974 0.17953 -0.529317
0.124795 -0.305402 -0.858232
0.106563 0.306581 -0.821525
-0.0113974 0.21143 0.454988
-0.145367 0.278182 -0.698942
-0.0113974 0.122919 -0.624471
-0.151468 -0.277003 0.422531
0.172178 0.306581 0.0865032
-0.0113974 -0.21884 0.212697
-0.172933 0.306581 0.605311
-0.0301319 -0.277003 0.260675
-0.0113974 0.057551 -0.145837
-0.0534386 -0.305402 0.865962
-0.0113974 0.0784404 0.933125
-0.104246 0.278182 -0.607409
-0.0972977 0.278182 -0.300649
-0.0113974 -0.0378915 -0.500178
-0.0113974 -0.00895782 0.682974
-0.0652908 0.306581 -0.377237
0.191719 -0.277003 -0.240917
-0.187187 0.306581 0.872833
0.011802 0.238617 0.0043446
0.0387468 0.306581 -0.380594
-0.0680322 -0.277003 -0.172311
-0.0404281 -0.305402 0.907071
-0.0113974 -0.0698004 0.213975
-0.0113974 -0.0193282 0.0883597
-0.0113974 0.0753401 -0.227229
-0.0113974 -0.149894 0.499845
0.0606811 0.306581 -0.561745
0.114242 -0.305402 0.861324
-0.088373 -0.277003 0.406213
-0.103345 0.278182 -0.0222914
-0.0113974 -0.00720056 -0.565102
-0.0113974 0.177313 -0.449
0.0668621 0.306581 -0.673828
0.110505 -0.277003 -0.751215
-0.0113974 0.0961528 -0.528281
-0.0926631 0.306581 -0.691509
0.011802 -0.154775 0.342789
0.011802 -0.0826075 0.71283
0.011802 0.0399952 -0.357736
0.170196 -0.277003 0.709132
0.011802 -0.025727 -0.825866
0.011802 -0.0590964 -0.773291
-0.173946 -0.305402 0.961572
0.175704 -0.305402 0.00538465
0.011802 0.131587 0.379141
0.011802 -0.243348 -0.0104719
0.011802 0.0288721 0.0044896
0.176832 -0.277003 0.809416
-0.11854 0.278182 0.583266
-0.0364478 0.278182 -0.28257
0.011802 -0.231105 0.769433
0.0393921 -0.277003 0.0909009
0.011802 0.0273862 0.734666
0.011802 0.158258 0.417017
0.0284582 -0.305402 -0.0594442
0.011802 0.160873 0.0198503
-0.203792 0.284517 -0.449386
0.011802 -0.205268 -0.805339
-0.203174 0.278182 -0.93425
-0.160137 -0.305402 0.145283
-0.0341837 0.278182 -0.375459
-0.129534 -0.277003 0.352803
0.0335109 -0.305402 0.253982
0.011802 0.00426588 -0.340415
-0.110572 0.278182 -0.742161
-0.0639672 0.306581 -0.09345
0.011802 -0.221908 -0.976829
-0.16672 -0.277003 0.120251
0.011802 0.10337 0.204349
-0.0113974 -0.0860988 0.0826828
-0.0131761 -0.271576 -0.752876
-0.0740819 0.278182 -0.955704
0.130558 -0.305402 -0.490533
0.011802 -0.249517 -0.852238
-0.0113974 0.115393 0.393103
0.107694 -0.305402 -0.448098
0.011802 0.162058 0.149834
-0.106851 0.278182 0.961044
0.011802 0.00399029 -0.968294
-0.0788527 -0.305402 0.197744
0.14705 0.278182 -0.806998
0.011802 -0.0397949 0.383101
0.167078 -0.305402 0.763211
0.0474069 0.306581 -0.277498
0.011802 -0.180734 0.516869
-0.0202745 0.277858 0.284125
-0.0113974 0.251657 0.051853
-0.143108 0.306581 -0.893978
-0.0113974 0.0284488 -0.215115
0.193362 0.306581 0.289681
0.0273149 -0.277003 0.234887
0.0599643 -0.305402 0.387408
0.147402 0.306581 0.568928
-0.0112478 0.306581 0.578062
-0.102028 -0.305402 -0.557637
-0.172125 0.278182 -0.0932464
0.011802 -0.0754907 0.855953
-0.0113974 0.126033 -0.893216
0.0818235 0.278182 -0.683797
-0.0763891 0.306581 0.571104
-0.0113974 -0.198538 -0.845137
0.0963349 -0.305402 0.47638
-0.173589 -0.305402 -0.94694
0.119166 0.278182 0.765783
-0.191514 0.306581 -0.65161
0.011802 -0.0511285 -0.708226
0.011802 -0.0206175 0.238079
-0.0113974 -0.186316 -0.687681
0.13509 -0.305402 0.236623
-0.0395343 0.278182 -0.582134
-0.0113974 0.0639665 0.0483794
-0.0583166 0.306581 -0.828778
0.0365991 0.278182 -0.818496
0.163926 -0.277003 -0.631814
-0.131343 -0.277003 0.861199
0.0622599 0.306581 0.989133
0.178199 0.306581 0.420416
0.0616865 -0.305402 -0.80318
0.201139 -0.277003 -0.371183
0.011802 -0.231178 0.0880156
0.011802 0.140263 -0.198837
-0.0632139 -0.277003 -0.920526
-0.0292498 -0.305402 -0.968631
-0.0113974 -0.162106 -0.0249817
0.180719 0.306581 -0.285285
0.202345 -0.305402 0.262191
0.0264641 -0.277003 -0.0372782
-0.0113974 0.0477337 -0.946504
0.199092 -0.277003 -0.924785
-0.0113974 -0.170836 -0.967374
0.203364 -0.305402 0.898243
-0.0113974 -0.0841728 -0.0596055
0.0863136 0.306581 -0.93345
0.0689611 -0.305402 -0.931513
0.028663 0.306581 -0.783419
-0.0113974 -0.169066 0.836665
-0.0113974 -0.228046 -0.333884
-0.0113974 0.23335 -0.0254224
-0.0280276 0.306581 0.788783
-0.0113974 -0.116511 0.869285
-0.107658 -0.277003 0.173236
-0.0789585 -0.277003 0.960442
0.0167955 0.276117 0.830697
0.13128 -0.305402 0.190474
0.180138 -0.305402 0.436574
-0.0113974 0.239185 -0.571005
0.011802 0.0346787 0.652347
-0.0771941 0.306581 0.170813
-0.0113974 0.064412 0.753746
-0.124708 0.306581 0.965214
0.042205 -0.305402 0.74197
0.0556353 0.306581 0.833664
0.011802 0.0251392 0.596163
0.204197 0.305586 0.60146
0.115154 -0.305402 0.440396
0.0668724 -0.305402 -0.586346
-0.193939 0.278182 -0.675113
-0.203792 -0.302764 -0.675599
0.011802 0.197966 -0.160476
0.011802 -0.00763368 -0.879575
-0.0936213 -0.305402 0.154661
-0.101071 -0.305402 -0.738932
-0.19285 -0.277003 0.931667
0.144881 0.306581 -0.641941
-0.0113974 0.159268 -0.296474
-0.0113974 -0.0803372 -0.363556
-0.0570457 -0.305402 0.572884
-0.0113974 -0.247057 -0.0591623
-0.0113974 -0.00351491 -0.786387
-0.0496577 0.278182 -0.856426
-0.0113974 -0.034225 0.701163
-0.13069 -0.305402 0.164099
0.011802 0.022987 0.898995
0.204197 0.278791 0.0498599
-0.0113974 0.145247 -0.148462
-0.0576526 -0.305402 0.0150608
0.204197 -0.277745 -0.663617
-0.0113974 -0.0532699 -0.96949
0.103116 0.278182 -0.329943
-0.153783 -0.305402 -0.638573
0.011802 -0.227618 -0.435678
-0.03694 0.278182 0.404032
0.0480053 0.278182 0.964173
-0.203792 -0.298765 -0.849755
0.011802 0.142729 0.518205
-0.0147942 -0.273605 0.404639
0.011802 -0.260179 -0.188475
0.167222 -0.305402 -0.458726
0.202178 -0.305402 0.689752
0.0555047 -0.277003 -0.423043
-0.149226 -0.305402 0.640618
-0.0113974 0.0640738 -0.599068
0.155977 0.278182 -0.297425
0.011802 -0.250368 0.0206156
0.0809164 0.306581 0.0704995
0.135975 0.278182 -0.426095
0.142481 -0.305402 0.700167
0.174211 -0.277003 -0.903144
0.178917 -0.277003 -0.735831
0.0914747 -0.305402 0.276915
0.011802 -0.0386344 0.189303
0.1848 0.278182 0.00626778
0.011802 -0.206513 0.500316
0.169669 0.306581 -0.833399
0.011802 0.0653156 -0.375684
-0.177466 -0.277003 -0.854181
0.076267 0.278182 -0.749404
0.011802 0.0707176 0.551964
-0.0754572 0.278182 -0.559141
0.0518279 -0.277003 -0.295877
-0.0113974 -0.199534 -0.130434
0.112209 0.306581 -0.0407465
0.0576606 -0.277003 0.0118376
-0.0113974 -0.0210041 0.788659
0.175285 0.278182 0.845104
-0.0197763 -0.276547 0.67718
-0.143168 -0.305402 -0.849836
-0.0213009 0.278058 0.734997
-0.0113974 -0.0940968 0.353572
-0.203717 -0.277003 0.404595
0.204197 0.288777 -0.695903
0.165134 0.306581 0.687351
0.011802 -0.151942 0.405504
0.047536 0.278182 -0.312639
-0.0113974 0.233242 0.591653
-0.195484 0.278182 0.226423
0.011802 0.0895627 0.242539
0.0120724 -0.267893 -0.295422
-0.0148315 0.274821 -0.32606
-0.0145994 0.274585 0.849329
-0.116563 -0.277003 -0.866163
-0.0113974 0.0338001 -0.423817
0.145345 0.278182 0.0327042
-0.0113974 0.0521452 -0.867765
-0.0724773 -0.305402 -0.614547
-0.176336 -0.305402 -0.807789
-0.0479227 -0.305402 0.75299
0.164425 0.278182 0.709696
0.011802 -0.0921335 -0.000586294
-0.0821852 -0.305402 -0.873611
-0.137196 0.306581 -0.234312
-0.0113974 -0.0179911 0.548595
0.011802 0.0646095 0.507623
0.110497 -0.305402 -0.938899
0.153835 -0.277003 -0.0343776
-0.144729 -0.305402 -0.10032
0.011802 0.127555 -0.957096
-0.10353 -0.277003 0.521343
-0.0113974 0.250456 0.554729
0.011802 -0.00373523 -0.628987
-0.112424 -0.305402 0.102374
-0.173134 -0.305402 0.209553
-0.0113974 -0.0774233 0.296049
-0.0677783 0.278182 0.765272
0.177248 0.306581 0.144088
-0.185774 0.306581 -0.0746866
-0.0170538 -0.275365 0.932568
-0.0539186 -0.305402 0.0817174
0.178537 -0.305402 -0.825837
0.011802 -0.105082 -0.838725
-0.0113974 -0.223003 0.551707
0.011802 -0.0404562 0.0703365
-0.0113269 -0.305402 -0.453054
-0.03134 0.306581 -0.420692
-0.162769 -0.305402 0.0420429
0.011802 0.125046 -0.752358
-0.0113974 0.205989 -0.0499017
-0.0967859 0.278182 -0.769872
-0.168444 -0.277003 -0.764641
0.011802 0.170521 0.798408
-0.0113974 -0.0714529 -0.746076
0.172204 -0.305402 -0.165989
0.011802 0.233733 0.84287
-0.0113974 0.208015 -0.469565
0.13448 0.278182 0.241279
-0.202102 -0.305402 -0.2195
-0.0113974 0.221265 -0.89843
0.011802 -0.229549 0.917562
-0.150358 0.278182 0.277476
-0.12448 0.306581 -0.806117
-0.0609859 0.278182 -0.713217
0.0242479 -0.305402 0.518348
-0.0113974 0.124219 0.059741
0.176364 0.306581 0.75229
0.172291 0.306581 0.935326
-0.0166263 -0.275097 0.789583
0.18236 -0.305402 -0.275329
-0.200396 -0.305402 -0.919416
0.011802 0.215602 -0.490423
-0.101907 0.306581 0.743531
0.164928 -0.305402 0.559359
0.0653848 0.306581 -0.705267
-0.13439 -0.305402 0.697304
0.0690221 0.278182 -0.447397
-0.0159389 -0.305402 -0.378273
-0.0305984 0.306581 0.241695
-0.066109 -0.277003 -0.593891
-0.122739 0.306581 0.512148
0.172692 -0.277003 -0.147715
-0.0881114 0.278182 -0.11432
-0.0113974 0.233316 0.27557
-0.0113974 0.0604506 0.087016
-0.0113974 0.116395 0.710786
0.011802 -0.183954 -0.0565605
0.19935 0.306581 -0.163307
-0.154078 0.278182 0.343966
0.0134493 0.272541 -0.202439
-0.0113974 -0.147585 -0.277802
-0.188623 0.306581 -0.0212524
0.011802 -0.0203887 -0.404964
-0.0113974 0.21766 -0.102209
0.011802 0.0148474 0.172195
-0.130652 0.278182 0.00861114
0.011802 -0.0777111 -0.145904
-0.0113974 -0.0554288 0.53663
0.0910117 0.278182 -0.258458
-0.134818 -0.305402 -0.779901
0.18691 0.278182 0.457814
-0.0113974 0.219737 -0.764334
0.011802 0.0222293 0.860759
0.176306 -0.305402 0.82261
-0.0113974 -0.244523 0.267475
0.146354 -0.277003 0.942777
0.011802 -0.140484 0.918087
-0.0113974 0.111209 -0.367047
0.0951852 0.278182 -0.474188
0.0499006 -0.277003 0.781996
-0.119704 -0.305402 -0.949863
0.011802 -0.0977595 0.0375964
-0.0113974 -0.224143 -0.0242593
-0.2007 -0.305402 0.884414
-0.0631817 -0.277003 0.733298
0.011802 0.0572162 0.220562
0.143798 -0.277003 0.16116
0.011802 -0.0898038 0.137799
-0.128275 -0.277003 -0.627512
0.169832 0.278182 -0.99423
-0.0113974 0.0399264 -0.0456397
0.011802 0.0417883 -0.691442
-0.173432 0.278182 -0.859905
0.185914 -0.305402 0.144036
0.178078 0.306581 -0.78058
-0.194338 0.306581 -0.299411
0.177763 -0.277003 0.939267
-0.029892 -0.305402 -0.597599
-0.0113974 0.0398529 0.439886
-0.0113974 -0.0368297 -0.0673861
0.011802 -0.0938017 -0.7099
-0.143594 0.306581 0.836633
0.0227393 -0.276984 0.174212
-0.0113974 -0.111767 -0.756999
0.0313074 -0.277003 0.894468
0.0565982 -0.305402 -0.462859
-0.149355 0.306581 -0.465835
-0.0188536 -0.276238 -0.239686
0.011802 -0.151136 -0.119754
0.0567266 -0.277003 0.349394
0.011802 0.0927592 0.444767
0.176393 0.278182 0.642254
0.0174164 0.306581 0.799576
-0.0689272 0.306581 0.658409
-0.0113974 0.0901152 0.841899
-0.115018 0.278182 0.492523
-0.0113974 -0.146777 -0.183942
0.011802 0.159312 -0.807925
0.023029 0.306581 0.890969
0.0881129 0.278182 0.00845956
-0.170953 0.306581 0.140104
0.011802 -0.176955 0.692052
-0.0631528 -0.305402 -0.678268
-0.0113974 -0.211251 -0.380978
0.114948 0.306581 0.724973
-0.0211337 0.306581 0.106693
-0.203792 0.304669 0.709316
0.11555 -0.305402 -0.100237
0.00955676 -0.305402 -0.985997
-0.0113974 0.0211463 -0.848864
-0.0113974 0.239752 -0.728549
0.150619 -0.277003 0.197146
0.011802 -0.0639886 -0.188222
0.011802 -0.20075 0.416327
0.011802 -0.187025 0.749143
-0.0425179 -0.305402 -0.563358
0.011802 -0.0750392 0.323632
-0.0113974 0.114706 -0.238246
0.083694 -0.277003 -0.948388
-0.0113974 0.249896 -0.267697
0.011802 0.154058 0.871246
0.011802 0.198676 -0.578417
0.011802 -0.257624 0.318157
0.0338104 -0.277003 -0.770716
0.0562502 -0.305402 0.14715
0.14062 -0.277003 0.48567
0.0662453 -0.277003 0.52302
0.011802 -0.00269409 0.794068
0.184692 -0.279947 -0.999946
-0.0458063 0.278182 0.968754
-0.0113974 -0.0473742 0.673407
0.0395352 0.278182 0.533475
-0.00364395 -0.305402 -0.675857
-0.0113974 0.0984401 0.542278
0.182686 0.306581 0.484376
-0.0113974 0.0463038 -0.5359
0.011802 -0.0342537 -0.518863
-0.201451 0.306581 -0.470886
-0.0113974 -0.217221 -0.78413
0.152015 0.278182 0.950616
-0.111104 0.278182 -0.829893
-0.119684 0.278182 -0.230065
0.0128133 -0.27014 -0.379071
-0.0113974 -0.0370785 0.976983
-0.0113974 -0.142132 -0.71171
-0.135564 0.306581 -0.172063
0.0823341 -0.277003 0.562531
0.172945 -0.305402 0.359033
0.200772 0.278182 -0.554661
0.011802 0.153841 0.103128
0.011802 0.0539439 0.376278
-0.0113974 -0.147724 0.290789
0.172604 0.306581 -0.189282
-0.171593 -0.277003 -0.39224
0.174255 -0.305402 0.649722
-0.0542597 -0.277003 -0.0645769
-0.0113974 -0.0220741 -0.444877
-0.0668478 -0.277003 -0.837066
-0.18901 0.278182 -0.828072
0.02902 -0.305402 0.0387477
0.108384 -0.277003 0.231248
-0.0113974 0.0887317 -0.112527
-0.0113974 0.15016 0.345258
-0.0113974 -0.0114522 -0.19977
-0.179455 -0.305402 0.661174
-0.0113974 -0.183885 0.246172
-0.0250956 0.306581 -0.822051
-0.0113974 -0.0662091 0.741579
-0.0113974 0.192337 -0.983614
-0.163742 -0.305402 -0.448963
0.011802 0.159434 -0.462361
-0.0554062 0.278182 0.113118
-0.0113974 0.14458 -0.377658
-0.0113974 0.141803 0.485939
-0.0670536 0.278182 0.00999195
-0.0113974 0.0903899 -0.156483
0.011802 0.0485566 -0.118499
0.150991 0.278182 -0.178768
-0.171378 0.306581 0.761526
0.117886 -0.277003 -0.259839
0.0482898 0.278182 -0.591858
0.011802 0.166781 0.0612443
-0.144051 0.306581 0.377524
-0.127764 0.278182 0.871661
0.011802 -0.243012 -0.555351
-0.0997713 0.306581 -0.137199
-0.198968 0.278182 -0.320161
0.011802 0.21587 0.12667
-0.0953011 0.278182 -0.370796
-0.0113974 -0.0583848 0.372418
0.123525 0.278182 0.166162
-0.0237315 -0.277003 -0.100686
0.011802 0.121705 0.583949
0.0672848 -0.277003 0.650359
-0.0113974 0.198967 -0.210213
-0.0752653 -0.305402 0.660008
0.011802 0.0780854 -0.258376
0.133595 0.306581 0.93895
-0.172852 0.278182 0.745413
0.029374 -0.305402 0.201883
-0.115292 -0.305402 -0.916463
-0.0165613 0.276233 0.224754
-0.0113974 6.38899e-05 -0.707273
0.0924893 -0.277003 0.180148
0.100413 -0.277003 0.392558
0.011802 -0.244476 0.509853
0.0356728 -0.305402 0.638275
-0.11208 -0.305402 -0.251286
0.011802 0.123676 0.546275
-0.0113974 -0.117174 -0.885975
0.0346022 0.306581 -0.0431162
-0.17831 0.278182 -0.626381
0.069877 -0.305402 -0.168211
-0.202744 -0.305402 0.757427
-0.0113974 -0.127879 -0.0418468
0.011802 0.0404544 -0.733967
0.011802 0.127734 -0.64852
0.011802 -0.169458 0.111544
-0.0113974 0.0504218 0.858768
-0.193153 0.306581 -0.421818
-0.0113974 0.128219 -0.803642
0.0428935 0.278182 -0.0660112
0.110934 0.306581 -0.197915
0.011802 0.00252458 0.0946453
0.101459 0.278182 -0.969229
0.197181 0.306581 -0.923881
0.011802 0.257269 0.970384
-0.154565 -0.305402 -0.365623
0.153145 0.278182 0.213052
-0.116776 -0.277003 0.924644
0.011802 0.173928 0.497563
0.138325 0.278182 0.851963
-0.0806412 -0.305402 -0.158548
-0.20307 0.278182 -0.739516
0.204197 0.286665 -0.279163
0.0169272 0.276207 0.0915877
0.171481 0.278182 -0.502817
-0.0113974 -0.0122748 -0.231304
0.113847 0.278182 -0.623938
0.011802 0.0269457 0.776163
0.0785325 0.305945 -0.999946
-0.133819 -0.277003 0.741793
-0.0167989 -0.275208 0.362026
0.011802 -0.219402 0.11617
0.12565 0.278182 0.614836
0.111155 -0.277003 0.0972378
0.011802 -0.028367 0.353605
-0.127556 0.278182 -0.458419
-0.13044 0.306581 0.438445
-0.0113974 0.0150481 0.478788
0.0877385 0.278182 0.750474
0.011802 -0.156633 -0.979451
0.142371 -0.277003 -0.567289
0.138455 0.278182 -0.751058
-0.170452 0.306581 -0.316942
0.011802 -0.036758 0.494654
0.0367132 0.278182 0.734391
0.0721628 -0.277003 -0.0261657
-0.0113974 -0.11377 0.508622
-0.0413595 0.306581 -0.52323
-0.0473551 -0.277003 -0.317117
0.172488 0.306581 -0.436474
-0.0849648 -0.305402 -0.0769416
-0.0086836 -0.305402 0.41887
-0.00644009 -0.305402 -0.227012
-0.0113974 -0.112219 -0.435522
0.17743 0.306581 0.716587
0.011802 0.108853 -0.0140042
-0.0113974 -0.0420692 0.604336
-0.0113974 0.147751 -0.769488
0.011802 -0.0696058 0.39555
-0.11778 -0.277003 -0.723761
0.14065 -0.277003 -0.812294
0.167891 0.306581 -0.951919
0.011802 0.0924537 -0.971058
-0.0928343 -0.305402 0.713093
0.100353 0.306581 0.607214
-0.158789 -0.277003 -0.120351
0.176574 0.306581 0.222671
-0.0113974 -0.219463 -0.869012
0.011802 -0.10692 0.0724631
0.011802 -0.133652 -0.59093
-0.0932923 -0.305402 0.0739459
-0.0386026 0.306581 0.687573
0.0911094 0.278182 -0.119136
-0.150775 0.278182 0.402126
-0.0113974 0.216958 0.61659
-0.0113974 -0.0863751 0.443566
0.011802 0.226827 -0.517966
0.011802 0.217416 -0.659329
-0.0832342 -0.277003 0.893162
-0.0113974 -0.0584554 -0.870081
-0.203792 0.281091 0.563694
0.204197 0.278337 0.111664
-0.0113974 0.0888686 -0.345175
0.011802 -0.0492592 0.758427
0.204197 -0.277679 0.206236
0.0533661 0.306581 0.756041
0.011802 0.0951127 -0.069415
0.011802 0.102307 0.723896
0.122055 0.306581 -0.100511
-0.0113974 -0.102621 -0.180463
-0.0113974 0.0975907 0.996366
-0.0113974 -0.0189554 0.436649
0.011802 -0.0154923 -0.722564
0.011802 -0.0216805 -0.761914
-0.0113974 -0.190673 -0.00216907
-0.0113974 -0.0851383 0.795253
-0.070108 0.278182 0.53324
-0.125641 -0.277003 0.611976
-0.0113974 -0.158178 -0.883527
0.011802 0.171585 0.964436
-0.0593617 0.306581 0.36133
-0.0113974 -0.103718 -0.312243
-0.124503 0.306581 -0.34126
-0.175205 0.278182 0.696388
0.0484876 0.306581 -0.169164
-0.190893 -0.305402 0.138965
-0.00781452 -0.305402 0.909719
0.0689878 0.278182 0.533864
0.011802 -0.103094 -0.25766
0.011802 -0.169795 -0.592575
-0.116558 -0.277003 -0.393456
-0.0113974 0.230506 0.490433
0.011802 0.251828 0.37504
0.011802 -0.00281614 0.66593
-0.0113974 0.0576723 0.275781
-0.0557913 -0.277003 0.355111
-0.0113974 -0.0944932 0.18735
0.110299 -0.277003 -0.509013
0.03128 -0.305402 0.461636
-0.160436 0.306581 0.202986
0.011802 -0.0624917 0.951862
-0.0113974 -0.254717 -0.588593
-0.0687013 -0.305402 -0.747317
-0.164708 0.306581 0.901102
0.011802 -0.00477865 0.396063
-0.0152305 0.306581 -0.0267211
0.0442097 0.278182 0.144769
-0.0488504 0.306581 0.128351
-0.0411527 0.306581 0.752846
0.011802 0.0394774 0.937356
-0.147977 -0.277003 -0.254551
0.125127 0.306581 0.504731
-0.104032 -0.277003 0.671584
-0.0113974 0.0913363 0.262722
0.113861 -0.277003 0.6166
0.011802 -0.158125 0.589209
0.0520876 0.306581 0.718859
0.204197 0.298949 0.363327
0.178635 -0.277003 -0.965622
-0.0484774 0.306581 -0.646141
0.011802 -0.197962 -0.708716
0.011802 -0.152759 -0.823205
0.152927 0.306581 -0.711561
-0.0113974 0.222115 -0.322338
-0.0320393 0.278182 -0.942595
0.0367415 0.278182 -0.979161
-0.180777 -0.277003 0.155977
-0.016089 0.275901 -0.999418
-0.144109 0.278182 0.0588701
0.011802 0.266152 -0.895718
0.011802 0.226996 0.875899
-0.0635812 -0.277003 0.232506
-0.14859 -0.277003 -0.723635
0.126667 0.306581 0.145727
-0.0113974 0.190402 0.977779
-0.0113974 -0.154463 -0.412421
-0.0417807 -0.305402 0.944511
-0.0521053 -0.277003 -0.493027
0.110918 0.306581 -0.452353
0.184938 0.278182 -0.796055
0.16847 0.306581 0.537562
-0.12616 0.278182 0.997987
-0.0113974 0.264881 -0.628768
-0.0113974 -0.123085 -0.0766931
-0.0113974 0.0400202 0.551331
0.174987 0.306581 0.380577
0.0579203 -0.305402 -0.00689837
0.0651205 -0.305402 -0.757075
0.171533 0.306581 -0.253154
0.011802 0.228097 0.74757
-0.0113974 0.052858 -0.344951
0.155747 0.306581 0.806244
-0.169403 0.306581 0.658201
0.0464754 -0.277003 0.424342
-0.195092 -0.277003 0.840777
0.0932814 0.278182 -0.0553435
0.011802 0.085145 0.153321
-0.0933975 0.306581 0.515331
0.011802 0.149356 -0.498084
0.079333 -0.277003 -0.247489
0.011802 -0.03362 0.281097
0.17849 0.278182 0.164382
-0.0113974 -0.0556868 -0.0937111
0.0772894 0.278182 -0.515426
0.054761 0.306581 0.1784
-0.0113974 0.044671 0.31916
-0.150317 0.278182 -0.969616
0.137628 -0.305402 0.965593
0.011802 -0.0346776 -0.347321
-0.0113974 -0.252973 0.755673
0.011802 -0.138195 -0.168436
-0.0113974 0.174395 0.134333
0.011802 -0.19951 0.898662
-0.0642434 -0.305402 0.258118
-0.0501031 0.306581 0.554774
-0.150919 -0.305402 0.470565
-0.0113974 0.239975 -0.393806
0.121172 -0.277003 0.832416
-0.0693518 -0.305402 0.990573
-0.0113974 -0.0550649 0.862943
0.0741748 -0.305402 0.691236
0.164931 0.278182 -0.546629
-0.0113974 -0.0381205 0.235702
-0.017432 0.27676 -0.168471
-0.139975 -0.277003 -0.511222
-0.0113974 -0.167895 0.960769
-0.063522 -0.277003 0.0407668
-0.0113974 -0.246906 0.231078
0.148185 -0.277003 0.804038
0.0709739 0.278182 -0.176041
-0.179578 0.278182 0.79868
-0.122883 -0.305402 0.387496
0.119864 -0.277003 0.991195
0.0298905 -0.277003 -0.986321
0.0458808 0.278182 -0.729503
0.129547 -0.305402 -0.596916
-0.0113974 -0.0511284 0.808084
-0.203792 -0.278551 0.994038
0.128015 0.306581 -0.222517
0.204197 0.278523 0.341981
0.011802 -0.0279584 -0.99819
-0.0113974 -0.121309 -0.567631
-0.0192894 0.277574 -0.111873
0.011802 -0.0183444 0.738824
-0.0243667 0.306581 0.87257
-0.0876059 -0.277003 -0.114534
-0.0113974 0.0967278 0.188098
0.0858202 0.278182 -0.387962
-0.0712285 0.306581 -0.292467
0.011802 0.24067 0.0751759
-0.0636856 -0.305402 -0.353946
-0.164411 -0.305402 0.989895
-0.0113974 -0.0945952 0.912814
0.011802 0.227412 0.973738
-0.0431473 0.306581 -0.357987
0.12496 0.278182 -0.545706
-0.0972254 0.306581 0.977978
-0.0113974 0.0193265 -0.521802
0.203932 0.278182 0.181951
-0.0827118 0.278182 0.303139
-0.0113974 0.224631 -0.937194
0.011802 -0.216906 -0.64894
0.0985482 0.278182 0.395127
0.196614 0.306581 -0.72167
0.203723 -0.305402 0.605781
0.139905 0.278182 -0.119589
-0.0540993 -0.305402 -0.647509
-0.0931129 -0.277003 -0.411497
0.011802 0.137926 0.783223
-0.0138068 -0.305402 0.483364
0.0836523 0.306581 0.328342
0.176011 -0.277003 -0.522939
-0.199227 0.278182 -0.604867
-0.18466 0.306581 -0.586964
-0.121936 -0.277003 0.0721441
0.011802 -0.0719609 0.167898
0.011802 0.0734585 -0.914837
0.0642058 0.278182 0.62964
-0.0113974 0.188887 0.0139888
0.011802 -0.168207 -0.497609
0.0323681 -0.305402 -0.278908
0.0459117 -0.277003 -0.906042
0.011802 0.227873 0.647761
-0.0136569 0.273461 -0.49727
0.15065 0.306581 0.872082
-0.0257334 -0.305402 -0.834767
-0.0113974 -0.0938491 0.558126
0.011802 0.0928375 0.606015
0.011802 0.0265834 0.497678
0.203813 0.278182 -0.186324
-0.0113974 -0.261186 0.0764889
0.0517874 0.278182 -0.931045
0.187292 -0.305402 0.499566
-0.104311 0.306581 -0.0781718
0.011802 -0.173482 0.192657
0.0807048 0.278182 0.68246
0.011802 0.0321166 0.111327
0.0543133 -0.277003 0.829276
-0.125297 0.306581 0.932283
-0.134819 0.306581 0.604734
0.14612 -0.305402 0.914865
0.0882806 0.306581 0.854549
0.011802 -0.0221948 -0.117873
-0.109865 -0.305402 -0.441039
-0.0414252 0.306581 -0.244258
0.128119 -0.305402 -0.345767
0.0154572 0.275035 -0.480782
0.011802 0.242043 -0.119606
-0.0113974 -0.148095 -0.238168
-0.143828 -0.305402 0.192649
0.011802 0.191434 0.236195
-0.0420343 0.278182 0.476592
-0.0113974 -0.191757 0.309158
-0.142987 -0.277003 -0.968745
-0.145546 -0.277003 -0.178571
0.011802 -0.130619 -0.451562
-0.102399 -0.277003 0.313826
0.139888 -0.277003 -0.714558
-0.0113974 0.175631 -0.108161
0.0570864 0.306581 -0.938826
-0.000824016 0.306581 0.253765
-0.0113974 -0.246855 0.919792
-0.119883 -0.305402 -0.190828
-0.112248 0.278182 -0.993065
0.011802 -0.080955 0.680205
-0.175474 0.306581 -0.947271
0.011802 0.196904 0.475101
-0.0113974 0.249942 0.712206
-0.171069 0.278182 -0.00211234
-0.158675 0.306581 0.0347249
-0.162585 0.278182 0.440414
-0.105043 0.306581 -0.388457
-0.0113974 -0.153474 0.218379
-0.0113974 -0.0813911 0.482799
-0.033396 -0.277003 0.843573
-0.0113974 -0.172445 -0.473545
-0.16394 0.306581 -0.166948
-0.135344 -0.277003 0.130269
-0.0113974 -0.255624 -0.981886
0.011802 -0.0468653 -0.274612
-0.0841518 0.306581 0.607721
-0.164615 -0.305402 0.706419
0.109533 -0.277003 0.699223
0.011802 0.00782742 -0.138565
-0.0331358 0.306581 -0.91948
-0.174395 -0.305402 0.821285
-0.200541 -0.277003 -0.973902
-0.0113974 -0.186152 0.0574873
-0.0113974 -0.0121317 -0.673612
0.0484789 -0.305402 0.950404
-0.0113974 -0.0931788 -0.924063
-0.0113974 0.00581455 0.377864
0.0784599 -0.305402 0.319962
0.011802 -0.041701 -0.590845
-0.0113974 -0.255608 -0.803987
-0.15374 0.278182 -0.282188
-0.0903551 -0.277003 -0.0584423
-0.0436679 0.306581 0.032091
-0.191037 0.278182 0.120882
-0.0859057 0.306581 0.465592
0.011802 0.203047 0.418238
-0.0332579 -0.305402 -0.907332
-0.114084 0.278182 -0.683666
0.0277291 -0.277003 -0.658884
-0.08845 0.306581 -0.463264
-0.0113974 0.00490758 0.315639
0.011802 -0.0911897 -0.226782
0.12496 -0.279856 -0.999946
0.0554146 0.306581 0.412377
0.0916925 0.278182 0.982451
-0.0113974 -0.19099 0.530398
0.011802 -0.214362 0.98412
-0.0113974 -0.0774502 -0.664356
0.0195632 -0.276349 -0.327407
-0.0113974 -0.25481 -0.910135
0.0738943 0.278182 0.257976
0.040815 0.306581 -0.331975
-0.104308 0.278182 -0.427765
-0.112273 -0.305402 0.00943642
0.011802 0.0828626 -0.316585
-0.202234 -0.277003 0.68811
0.011802 0.217511 0.571486
-0.0113974 -0.169946 0.660311
0.100114 -0.277003 0.506761
0.0888815 0.306581 0.460291
0.148437 -0.277003 -0.918121
-0.0113974 0.163545 -0.897582
0.0990944 -0.305402 0.0755322
0.079715 -0.305402 -0.857267
-0.0113974 -0.0614992 -0.79264
0.011802 0.104095 -0.121318
0.137162 -0.277003 -0.236747
-0.0113974 -0.0777972 -0.00946698
-0.0847212 0.306581 -0.997379
0.011802 -0.0193954 0.709787
0.000382132 0.306581 -0.193611
-0.202397 -0.277003 0.0214138
-0.124134 -0.305402 0.499855
0.011802 0.0898683 0.889603
-0.136451 -0.305402 0.582683
-0.0113974 -0.0749924 -0.235096
-0.0113974 -0.0914195 0.115151
-0.148163 0.278182 0.487169
0.0426648 -0.277003 -0.521741
-0.0113974 0.0116959 -0.983243
-0.0970393 -0.305402 0.222114
-0.0113974 0.128893 -0.317786
0.0124504 -0.305402 0.0967983
0.123165 -0.277003 0.25843
-0.18017 -0.277003 -0.085969
-0.11138 0.306581 0.683808
0.115522 -0.305402 -0.785182
0.130265 -0.277003 0.889613
-0.11254 0.278182 0.819443
-0.0113974 -0.167614 -0.383649
-0.162553 -0.277003 0.792717
-0.0113974 -0.00630775 -0.265666
0.049273 0.278182 0.684819
-0.0113974 -0.236264 -0.399841
-0.0113974 -0.0353733 0.206137
-0.0113974 -0.196635 0.64459
-0.0113974 0.017533 -0.097927
0.011802 0.14437 -0.0655775
0.011802 -0.0184757 -0.0811845
-0.0113974 -0.212409 0.101025
-0.135545 0.278182 -0.513936
-0.0113974 0.186725 0.610086
-0.0113974 0.244011 0.876792
0.011802 -0.00885355 0.524565
-0.160938 0.306581 -0.37362
-0.163692 0.278182 -0.907727
0.178566 -0.277003 0.904752
-0.145674 0.306581 -0.54372
0.011802 0.235228 0.540959
0.11179 -0.305402 -0.543265
-0.142951 -0.305402 -0.696689
-0.176209 -0.277003 -0.602164
0.175731 0.278182 0.517473
0.0410418 0.306581 -0.690363
-0.0277266 -0.305402 0.574589
0.114191 0.278182 0.580015
0.011802 -0.233404 0.696506
0.011802 -0.140658 0.708395
-0.0113974 0.0226209 -0.584998
-0.169662 0.278182 0.965544
0.0186989 -0.276007 -0.810965
0.0889271 0.306581 -0.549324
-0.0600463 -0.305402 -0.20467
0.011802 -0.177511 0.935516
-0.0119132 0.270003 0.41489
-0.0837562 -0.277003 -0.640908
0.0180516 0.276875 0.912461
0.011802 0.0133963 0.820646
0.197228 0.306581 0.670668
-0.0113974 0.175494 -0.763131
0.111048 0.278182 -0.905235
-0.0373678 0.306581 -0.971378
-0.040923 0.306581 0.502302
-0.0113974 -0.0340161 -0.314171
0.175862 0.278182 0.578656
0.203038 0.306581 0.768204
0.0632064 0.278182 0.869773
0.0962929 -0.305402 0.535382
-0.0113974 -0.206118 -0.996874
-0.0102132 0.27802 1
-0.0296598 0.306581 0.636201
0.011802 -0.0236648 -0.912811
-0.0113974 -0.0691288 0.339652
0.011802 -0.073466 0.0931663
0.142384 -0.305402 0.318622
0.120511 -0.305402 0.585174
0.011802 0.147286 -0.843004
0.0991412 -0.277003 0.861078
-0.0113974 -0.257651 0.592473
0.011802 0.182906 -0.74029
-0.199203 -0.305402 -0.760023
-0.0113974 -0.0583933 -0.38155
0.011802 0.151493 -0.272523
0.0416942 0.306581 -0.00671924
-0.12582 -0.305402 -0.0456506
-0.0740366 -0.277003 0.329359
0.0401949 0.306581 0.554663
0.108605 0.306581 0.416266
0.204197 -0.277104 0.117836
0.0258309 -0.305402 0.611682
-0.0113974 -0.170604 -0.308821
-0.0833099 0.306581 0.807348
0.0339214 -0.305402 0.814737
0.0153056 -0.27371 0.4034
-0.147012 0.278182 -0.219932
0.0327094 -0.277003 0.746239
-0.0113974 0.14687 0.24367
-0.0455153 0.278182 0.0671692
0.011802 -0.195995 0.806296
-0.0209861 0.278007 0.0410905
-0.0113974 -0.174638 0.453746
-0.087707 0.306581 0.411799
-0.0944411 -0.305402 0.859511
-0.0113974 0.0767056 0.615284
0.0758006 0.306581 -0.882818
-0.136268 -0.277003 0.945158
-0.0113974 -0.237903 -0.183724
-0.0113974 0.0115934 0.119526
0.175542 0.278182 0.334669
-0.0113974 0.255001 0.0938569
0.0160725 -0.274394 0.131178
-0.128191 0.306581 0.347733
0.183462 -0.277003 0.0235302
-0.0113974 0.214695 0.779827
0.197905 0.278182 0.943011
-0.111615 -0.305402 -0.646165
-0.15789 -0.277003 -0.548027
-0.140282 -0.305402 0.610854
-0.0422377 0.278182 -0.65997
0.011802 0.0385387 -0.550072
-0.156972 -0.305402 0.393077
-0.18018 -0.277003 0.636368
0.011802 0.205955 0.896485
-0.0113974 0.172555 0.815423
-0.0113974 -0.0403313 -0.170988
0.011802 -0.197083 -0.108059
-0.0525312 -0.277003 -0.892542
-0.160136 -0.305402 0.936699
0.149127 0.278182 -0.325723
0.011802 0.0600517 -0.984865
-0.203792 -0.303817 0.726014
0.011802 0.159214 -0.402439
-0.203792 -0.277634 -0.726233
-0.00496814 -0.305402 -0.642227
0.129511 -0.305402 0.519069
0.117129 -0.305402 0.129308
0.121988 0.278182 0.795729
-0.203792 0.301667 -0.111093
0.011802 0.152581 -0.698041
-0.191412 -0.277003 0.283117
0.011802 -0.0643075 -0.362856
0.011802 -0.053574 0.432845
0.0853171 -0.305402 -0.274204
0.011802 -0.18635 -0.780108
-0.135012 0.306581 -0.755308
-0.0113974 0.161971 -0.683732
0.198442 -0.277003 -0.580717
-0.152754 0.278182 -0.33613
0.202136 -0.277003 -0.133115
-0.158753 -0.305402 -0.311251
-0.188649 -0.277003 -0.794063
0.139833 0.278182 -0.955307
-0.0113974 0.226108 0.0296978
-0.0113974 -0.11859 0.371255
0.202623 0.278182 -0.503824
0.124517 0.306581 -0.337753
0.011802 -0.231 0.878646
0.011802 0.21962 -0.179528
0.148619 0.278182 0.910282
-0.0113974 0.00772588 0.98179
-0.0113974 -0.0609696 0.2716
-0.0113974 0.0447721 0.787819
0.011802 -0.236238 -0.9463
0.1663 -0.305402 -0.308323
0.112672 0.278182 0.364952
0.0969503 -0.277003 -0.903711
0.200958 0.278182 -0.0570644
-0.0113974 -0.157871 0.423566
-0.0114908 0.268052 -0.00893437
-0.0113974 -0.0237744 -0.939984
0.0679053 0.278182 0.0354413
-0.0113974 -0.0318354 -0.64259
-0.0459654 0.306581 -0.732539
-0.0745906 -0.277003 -0.437781
0.011802 -0.103961 -0.999106
-0.133814 -0.305402 -0.534185
0.011802 0.0618382 -0.816367
-0.0113974 0.215122 -0.538833
0.100427 -0.305402 -0.576162
0.011802 0.248032 0.941099
-0.111741 0.306581 -0.95031
0.141042 0.278182 0.416719
-0.0712097 -0.297534 -0.999946
0.011802 0.173593 0.632596
-0.0113974 -0.1344 0.958421
-0.0113974 0.140898 0.412809
-0.0113974 -0.0551379 0.0644799
-0.0113974 0.255705 0.351773
-0.0629625 -0.305402 -0.0962038
0.011802 0.0926133 -0.876259
-0.0925762 -0.305402 0.911146
0.204197 0.279447 -0.155951
-0.203792 -0.304772 -0.00279562
-0.0501582 0.278182 0.73048
0.011802 0.132321 0.146519
0.182001 -0.277003 0.522766
0.011802 -0.0945071 0.934334
-0.0113974 0.162262 -0.608884
0.011802 -0.124398 0.466906
-0.102702 0.306581 0.0421005
0.011802 -0.241686 0.9661
0.011802 0.135099 0.298502
-0.0113974 -0.217813 0.780721
0.102916 0.278182 0.94204
0.011802 -0.140939 -0.399002
0.0694091 0.278182 0.897179
-0.0113974 -0.172911 0.594453
0.0767196 -0.305402 -0.507137
-0.0113974 0.205629 -0.7955
0.011802 -0.263536 -0.639497
0.011802 0.03954 0.831368
-0.0113974 -0.0924903 -0.465076
0.011802 -0.125422 0.941671
-0.160513 -0.277003 0.589907
0.010771 0.306581 -0.92788
0.139222 -0.305402 0.780011
0.160456 0.278182 0.605605
-0.0113974 0.111498 0.879204
-0.0147416 0.274731 -0.438527
-0.0113974 0.256719 -0.681204
0.011802 0.108448 -0.618646
-0.0113974 0.00596386 -0.61278
-0.0113974 0.0757645 -0.63054
-0.18388 0.278182 0.893021
0.0661392 0.278182 -0.0456218
0.160647 -0.277003 0.682883
-0.143191 0.278182 0.749586
0.011802 -0.229275 0.261118
-0.0113974 0.183391 0.0932706
-0.108447 0.306581 0.188177
-0.0113974 0.133421 0.169714
0.011802 0.246738 -0.217054
-0.140414 -0.305402 -0.399201
-0.0113974 -0.2089 0.346642
-0.0113974 0.0783116 -0.664171
-0.0207151 -0.305402 -0.1695
0.011802 0.135278 -0.334496
0.18034 -0.305402 0.589926
-0.141395 -0.305402 -0.897991
-0.0113974 0.231097 -0.355178
-0.189232 0.306581 0.554415
0.195042 -0.277003 0.477022
-0.0505869 -0.277003 0.284874
-0.0113974 0.216859 0.250377
-0.0113974 0.137355 -0.180808
-0.203792 0.305616 0.265505
-0.0113974 -0.232535 0.835954
0.0795657 -0.277003 0.92664
0.011802 0.255354 0.458635
0.0681909 -0.305402 -0.670252
0.011802 -0.247096 0.646718
-0.0113974 0.211001 0.344835
0.011802 -0.0996691 0.452177
0.011802 0.0553133 -0.852674
-0.0113974 0.239672 -0.235487
0.011802 -0.234183 -0.789885
0.127045 0.278182 -0.650609
0.0236825 -0.305402 0.150793
-0.0113974 -0.203828 0.849055
0.197874 -0.277003 0.567674
0.0890606 0.306581 0.885583
0.0527715 0.306581 -0.467856
0.11184 0.306581 -0.94452
0.011802 -0.0335797 0.653223
0.011802 -0.0909536 0.5792
-0.167537 -0.277003 0.844559
0.011802 -0.0527781 0.699338
0.123987 0.306581 -0.396515
0.011802 0.191249 -0.440855
-0.0742678 0.278182 0.486445
0.168532 0.306581 0.305804
-0.0113974 -0.0803981 -0.329658
0.011802 0.183956 0.743126
0.011802 -0.206561 -0.0799291
0.011802 0.0458152 0.990855
-0.114336 -0.277003 0.452199
-0.157554 0.278182 0.632832
-0.0834256 0.278182 -0.341285
0.0130232 -0.270584 0.537831
0.011802 -0.000958843 -0.0081012
-0.0113974 0.234359 0.169901
0.167775 -0.277003 0.2876
0.177814 0.278182 -0.367405
0.011802 0.0281669 -0.058573
0.198439 0.278182 -0.252928
0.011802 0.0753596 -0.609252
-0.0113974 -0.124079 0.687262
-0.0113974 -0.221256 -0.306219
-0.0207215 -0.276777 -0.357794
0.0680355 -0.305402 0.195623
0.011802 0.0965843 -0.939893
0.011802 0.212056 -0.727583
0.041332 0.306581 -0.839503
0.011802 -0.19108 -0.636787
0.011802 0.265054 -0.267994
0.142915 -0.277003 0.540812
0.072342 0.306581 -0.825223
0.143129 0.278182 -0.0302335
0.011802 -0.17188 -0.951594
-0.0767877 -0.305402 -0.520182
0.204132 -0.305402 -0.870283
0.011802 0.0972021 -0.372781
0.12927 -0.277003 0.394637
0.204197 0.281199 0.234445
0.011802 -0.132501 0.226284
0.011802 0.122904 -0.144494
-0.0113974 0.078885 0.568129
-0.0113974 -0.0722226 -0.118409
-0.0113974 0.0314338 0.620848
-0.0113974 0.129204 0.64031
-0.0893221 -0.277003 0.545098
-0.0142911 -0.273069 0.203319
0.0840999 0.306581 -0.604481
-0.0113974 0.203158 -0.843717
-0.0113974 -0.0239983 -0.878032
0.011802 -0.0154002 0.150622
-0.0159669 -0.27463 0.320514
0.011802 -0.111125 -0.325652
0.011802 -0.209872 -0.579673
0.011802 0.103039 -0.543294
0.011802 0.255192 0.810466
-0.0132795 0.272917 -0.793925
-0.0336584 -0.305402 0.0353466
-0.0113974 0.0532308 0.892702
-0.0886707 0.306581 -0.253436
0.011802 0.0238425 -0.630858
0.011802 0.0910963 0.123668
-0.0890866 0.306581 -0.934014
-0.0264107 0.306581 0.437408
-0.160284 -0.277003 -0.912596
-0.142257 -0.277003 0.683759
0.011802 0.092407 0.0876031
0.187056 -0.277003 0.852638
-0.00179429 0.306581 -0.52834
-0.0774838 0.278182 0.252598
0.0131726 0.272052 0.595972
0.0216075 -0.279587 1
-0.139234 0.278182 -0.40161
0.204197 0.27975 0.53611
-0.0972579 -0.277003 -0.289657
0.179654 0.278182 0.888399
-0.0516331 -0.305402 0.781158
0.011802 -0.0765289 0.232821
0.0370542 0.306581 0.460525
0.147839 0.278182 0.733942
-0.0113974 -0.205863 0.484093
-0.0402986 -0.305402 0.337538
0.011802 -0.123022 -0.974906
0.182082 0.278182 -0.756193
0.0571111 -0.305402 -0.226947
-0.0113974 -0.206068 -0.529487
-0.0113974 -0.177236 0.365365
-0.0113974 -0.163951 -0.776632
-0.0113974 0.0481357 0.668317
0.011802 -0.139073 -0.761675
0.146301 -0.277003 -0.47119
-0.0113974 -0.242713 0.0333645
0.105511 0.306581 -0.771275
0.0887473 -0.277003 0.349238
0.011802 -0.0240081 0.969234
-0.0113974 -0.197401 0.759735
-0.0921792 -0.305402 -0.901064
-0.0113974 0.175329 -0.175324
-0.0113974 0.132797 0.951317
-0.164519 -0.305402 -0.67947
-0.0592366 0.306581 -0.471092
-0.0826367 -0.277003 -0.700109
-0.0176674 -0.305402 0.653418
-0.0113974 -0.185706 -0.0743925
-0.0199739 -0.305402 0.37941
0.0317637 -0.305402 0.284101
0.011802 0.253549 -0.936208
-0.0113974 0.208675 0.516975
0.135844 0.306581 -0.822945
0.044285 0.278182 -0.346811
0.0569893 -0.277003 0.117435
0.0370278 0.278182 0.429825
-0.0378109 0.306581 -0.102053
-0.0518825 0.278182 -0.258929
-0.0113974 -0.0383269 0.172522
0.047059 0.306581 0.669703
0.0687511 0.306581 -0.0668235
0.011802 -0.199879 -0.741105
0.184408 0.306581 -0.0358423
-0.0113974 0.230304 -0.864456
0.011802 0.0443085 -0.027701
-0.0320548 -0.305402 -0.773724
0.0654055 -0.277003 0.704425
0.0256977 -0.305402 -0.631073
0.011802 0.262215 0.63296
-0.125632 -0.305402 -0.751151
0.0777965 0.306581 -0.328369
0.0223673 -0.276957 -0.247308
0.011802 0.155254 0.214416
-0.201331 -0.277003 -0.241508
-0.0113974 -0.230501 -0.84251
-0.104977 0.278182 0.660284
0.0121412 0.269367 0.0358573
-0.0350522 0.306581 -0.620908
-0.203574 -0.305402 -0.643005
-0.203792 -0.305337 0.0611313
0.011802 -0.0626982 -0.328711
0.0692256 -0.277003 0.858329
0.0675186 0.306581 0.552468
-0.0113974 -0.2316 -0.930664
0.0831346 -0.305402 0.238888
0.200691 -0.277003 -0.0873727
0.011802 0.0306847 -0.99595
0.011802 -0.0750679 -0.287671
0.165423 -0.305402 -0.24959
0.203499 0.306581 0.0852012
0.011802 0.230425 0.308457
-0.0113974 0.258148 0.443809
-0.0113974 -0.151499 0.0599037
0.110858 0.278182 -0.733381
-0.0113974 -0.177437 0.920588
0.123327 -0.277003 -0.319754
0.011802 -0.112425 0.722053
-0.0113974 -0.200033 0.599777
0.011802 -0.176947 0.0212293
0.011802 0.214598 -0.615305
-0.0113974 -0.0655423 0.89777
-0.0113974 0.141612 0.742373
0.146075 -0.277003 -0.280591
-0.0845056 0.278182 0.148394
0.011802 -0.0972362 0.881969
-0.180422 -0.277003 -0.307169
-0.0113974 0.209066 -0.149606
0.109664 -0.277003 -0.609141
0.011802 0.140595 0.9108
0.011802 0.149633 0.572643
0.011802 -0.195705 0.63015
-0.0113974 -0.0966782 0.691594
-0.203792 0.278679 0.66004
-0.0113974 -0.159663 0.392704
-0.169992 -0.277003 -0.696141
-0.202365 0.306581 -0.273292
0.175345 -0.305402 0.112621
0.011802 -0.0264093 0.896368
0.204197 0.282098 -0.328234
-0.0113974 -0.0875797 -0.593795
0.166268 0.306581 -0.672501
0.011802 0.000336458 -0.800277
0.193583 0.306581 -0.369212
0.011802 0.0549118 -0.759699
-0.0113974 -0.252132 -0.455891
-0.203792 -0.303066 -0.704798
0.144817 0.278182 -0.265777
0.204197 0.304927 -0.845473
0.011802 0.0974071 -0.451998
0.011802 0.176076 -0.678405
0.011802 -0.0131297 -0.432502
0.086685 -0.305402 -0.723721
0.011802 0.248238 -0.769171
0.0553114 -0.305402 -0.552754
-0.0113974 0.0461193 0.211475
0.107992 0.306581 0.662743
0.011802 -0.0884789 0.829086
-0.0113974 -0.0910982 -0.265465
-0.0668593 0.306581 0.854281
0.0805913 -0.305402 0.660636
-0.0113974 0.141345 -0.106274
-0.0592567 -0.305402 0.838019
0.011802 0.258006 0.777843
-0.0113974 -0.0498954 0.565117
-0.0426664 -0.305402 -0.863431
0.011802 -0.159165 -0.261775
0.011802 0.00636865 -0.572064
-0.188387 -0.277003 0.466131
-0.130409 0.306581 0.204275
-0.0113974 -0.103452 0.229216
-0.131361 0.278182 0.239629
-0.0114348 -0.266333 0.161278
-0.0316609 -0.277003 -0.21224
0.171476 -0.277003 0.149797
-0.0113974 -0.168108 0.152452
-0.162994 -0.277003 -0.041131
-0.0113974 0.0758608 0.965766
-0.101589 0.306581 -0.789909
-0.0113974 -0.199636 -0.663979
-0.103216 -0.305402 -0.498023
-0.00380779 0.306581 -0.15473
-0.0286982 -0.278886 -0.999946
0.011802 -0.245004 -0.214018
-0.0297111 0.306581 0.606203
-0.0780918 0.306581 0.0944804
0.011802 0.143116 -0.363617
0.107123 0.306581 0.0284209
0.011802 0.217954 0.0995951
-0.0113974 -0.0993891 -0.957165
0.011802 0.154295 -0.222081
-0.143341 0.278182 -0.806137
0.011802 -0.193219 -0.899902
0.011802 0.0444478 0.176287
-0.175919 0.306581 0.297311
0.011802 0.22326 0.440931
0.0174468 0.306581 -0.498019
0.0510265 -0.277003 0.316108
0.146312 -0.277003 0.107952
0.0528869 0.278182 0.507169
0.011802 -0.264768 -0.53515
-0.17811 -0.277003 -0.503962
0.103356 -0.277003 0.318651
-0.0942203 0.306581 -0.431024
-0.109004 0.278182 0.0836384
-0.0113974 -0.039686 0.73251
-0.104141 -0.277003 -0.465617
-0.0653836 0.278182 -0.533114
0.0171778 -0.275192 0.0745936
-0.0113974 -0.144629 -0.522474
0.20385 0.278182 0.39892
-0.140938 0.306581 -0.988145
-0.124533 0.306581 0.726073
-0.0113974 -0.0659793 0.42575
0.011802 -0.105887 -0.0957653
0.011802 0.0928187 -0.514001
-0.0113974 0.00659254 0.199002
0.011802 -0.121557 -0.552481
-0.0113974 0.0965926 -0.184952
-0.0113974 -0.0114498 -0.833014
0.011802 -0.178065 0.876123
0.0381885 0.306581 0.854343
-0.0777511 0.278182 -0.478207
-0.0113974 0.00304825 0.749823
-0.0113974 0.182568 0.350397
-0.0113974 -0.0182982 0.618514
0.011802 0.257733 0.3157
0.011802 0.223546 0.155397
-0.185832 -0.277003 -0.630113
-0.0113974 0.135668 -0.659864
-0.0874246 0.278182 -0.628548
0.147605 -0.305402 -0.114306
0.0913104 -0.305402 0.712694
-0.0113974 -0.0112989 0.346269
-0.0113974 -0.059241 -0.838296
0.011802 0.113331 -0.317079
0.135681 -0.305402 0.0727659
0.011802 -0.157044 -0.425971
-0.203792 -0.304849 0.318205
-0.0970227 0.278182 0.599849
-0.0113974 -0.1206 -0.827834
0.204197 -0.277856 0.423012
0.011802 0.257165 -0.460668
0.177611 0.306581 -0.312091
-0.203792 -0.304546 -0.278884
-0.0113974 0.180748 0.248406
0.0385111 0.278182 0.215968
0.204197 -0.278568 0.957333
0.011802 0.0127921 -0.746881
-0.1905 -0.277003 0.341747
0.011802 -0.102774 0.52896
0.103878 -0.277003 0.204581
0.203764 0.278182 0.638625
-0.14741 -0.305402 0.44262
-0.145373 0.306581 -0.0233904
0.0363797 0.306581 0.296854
0.011802 -0.251972 -0.358901
0.116242 0.278182 0.52769
-0.0113974 -0.202563 0.968613
0.0608687 -0.277003 0.239396
0.128552 -0.277003 0.639168
-0.0113974 -0.123946 0.0294365
-0.0113974 -0.135223 0.758923
0.011802 -0.254115 -0.99655
-0.133201 -0.305402 0.297517
0.125042 0.306581 0.206042
0.011802 0.166752 -0.145236
-0.0113974 -0.0104572 0.0304236
0.011802 0.135039 0.253112
-0.0113974 0.134412 -0.475833
0.011802 -0.0674121 -0.886047
-0.0113974 -0.174328 -0.225642
0.011802 -0.0530344 -0.0478367
-0.0113974 -0.0377865 -0.551299
-0.0822206 0.278182 -0.0429049
-0.0487658 -0.277003 -0.090925
0.185318 -0.277003 -0.392899
0.158234 -0.277003 -0.854725
0.011802 -0.00256623 0.874725
0.162884 -0.277003 -0.604142
0.011802 0.0980889 -0.724613
0.011802 -0.210559 0.14254
-0.0113974 0.0199193 -0.397898
-0.0113974 -0.257858 -0.14327
0.011802 0.131238 0.817852
-0.0113974 0.177121 0.769151
-0.155385 -0.305402 -0.0185396
-0.0113974 0.0254459 0.68963
0.011802 -0.0498164 0.912775
0.011802 -0.162862 -0.157913
-0.203792 0.301321 0.0707665
0.011802 -0.14809 -0.696589
0.0746186 -0.277003 0.459075
-0.177541 -0.277003 0.255159
0.127707 0.278182 -0.0735484
0.148338 0.278182 -0.455255
-0.203792 0.301007 -0.386073
-0.0113974 0.0164982 0.00969424
0.011802 0.0971309 -0.756979
0.011802 0.238246 0.257888
-0.0133525 0.306581 0.0302909
-0.146888 0.306581 0.984687
0.011802 -0.0753972 -0.521987
-0.0113974 0.0272205 -0.731823
0.0388369 -0.277003 0.488287
-0.0853638 -0.277003 0.827288
0.011802 -0.25496 -0.759699
0.109789 -0.305402 0.371234
0.154399 0.306581 -0.860129
-0.194743 0.306581 0.967852
-0.178479 -0.277003 0.0571073
0.100907 -0.277003 0.152409
-0.0113974 -0.253331 0.301905
0.179018 0.306581 -0.145876
-0.0750992 0.306581 0.283027
0.0850548 -0.305402 -0.00754388
-0.0973667 0.306581 0.0107102
0.094809 0.306581 -0.351489
-0.121814 0.278182 0.549252
0.011802 0.190427 0.295657
0.011802 -0.194312 -0.192178
-0.0113974 0.0604501 -0.735681
-0.171247 0.278182 -0.730497
0.011802 -0.137523 -0.292874
0.011802 0.250547 0.408291
0.011802 0.0392613 -0.435964
0.011802 -0.142931 0.847117
-0.0113974 0.055808 -0.681889
-0.201307 0.306581 -0.894568
-0.18323 -0.305402 0.480968
-0.0113974 0.15844 -0.9507
0.157551 0.306581 -0.488254
-0.136982 -0.277003 0.327123
0.17509 0.278182 0.0698307
0.0560527 -0.305402 0.0864554
-0.111986 -0.305402 0.273736
0.011802 0.236407 -0.819835
0.011802 0.256318 -0.0837208
0.011802 -0.0270365 0.773263
0.147354 0.278182 0.483114
0.0186465 -0.275983 0.0238426
0.011802 -0.145676 0.991751
0.204197 0.278871 -0.97401
0.011802 0.200727 -0.0620137
-0.0897653 -0.277003 -0.672044
-0.0113974 0.241654 0.67339
0.167396 -0.305402 -0.958773
-0.0113974 0.18336 -0.932524
0.0677067 -0.277003 -0.819109
-0.097461 0.278182 -0.87638
0.011802 -0.070021 0.194742
-0.0734545 -0.277003 -0.255297
0.0411256 0.278182 0.267409
-0.00723757 -0.305402 -0.110584
0.133606 0.306581 -0.0566416
0.204197 0.281467 0.481157
0.0954623 -0.277003 -0.776632
0.011802 0.0636371 -0.163442
-0.0173231 -0.27552 -0.0451878
-0.0694924 0.278182 -0.278925
-0.0617627 0.306581 0.054482
-0.196032 0.278182 0.518836
0.011802 0.00189022 -0.24382
-0.0396756 -0.277003 -0.670845
-0.0113974 0.0970818 0.811893
-0.0319495 -0.305402 0.970365
0.0466487 -0.305402 -0.187526
-0.0113974 0.145858 0.0194529
0.011802 -0.0896268 -0.179628
0.011802 0.195328 0.352973
-0.0113974 0.0473269 0.947739
-0.0113974 0.145811 0.312168
0.011802 -0.260287 -0.609232
-0.0113974 0.205873 -0.63685
-0.0113974 0.191803 -0.271095
-0.0113974 0.158863 0.666633
-0.0712879 0.306581 0.228071
0.011802 -0.173278 -0.688059
0.011802 -0.22929 -0.262775
0.0239972 0.278182 0.981362
-0.0113974 0.145825 -0.245444
-0.151711 0.306581 -0.288782
-0.0294256 -0.305402 0.276827
0.011802 0.237353 -0.891486
-0.0113974 0.0650285 0.718441
-0.0774736 0.278182 0.81697
0.150541 0.306581 0.780201
-0.203792 0.299721 -0.710326
0.011802 0.171867 -0.910826
0.011802 -0.24547 0.12637
0.184849 0.278182 -0.394824
0.0198842 -0.305402 -0.938773
-0.107957 -0.277003 -0.521528
-0.0855092 0.306581 0.334086
-0.178795 -0.305402 -0.194032
0.10768 0.278182 -0.796999
-0.0113974 0.182617 -0.721026
0.034643 -0.305402 0.395335
0.011802 -0.0556994 0.822839
-0.0113974 0.131625 -0.598294
0.0307097 0.278182 -0.17143
-0.0113974 -0.0901576 0.161191
-0.203792 -0.300151 0.437827
0.011802 0.251193 0.660365
0.0632302 0.278182 -0.899463
0.011802 -0.172584 -0.0323694
-0.0979978 0.306581 -0.850932
-0.0113974 0.0465713 -0.0712952
0.011802 0.102621 0.308816
0.011802 -0.121358 0.326244
0.011802 0.00845996 0.467335
-0.0113974 0.028717 0.0684586
-0.0113974 -0.00508249 0.247257
0.011802 -0.00550494 -0.365035
0.011802 -0.147825 -0.851597
-0.0784306 -0.277003 -0.567578
-0.0113974 0.0810942 -0.289856
-0.184246 0.278182 -0.395386
-0.0113974 -0.105528 -0.20902
0.011802 -0.0828938 0.640554
0.011802 -0.239393 0.0606349
0.176481 -0.277003 0.999012
0.0979516 -0.305402 0.926216
0.0464564 -0.277003 0.212573
-0.0113974 -0.00386012 -0.292117
0.0359318 0.278182 -0.261522
-0.110418 -0.305402 0.741185
-0.195409 -0.305402 -0.325606
-0.0113974 -0.0530347 -0.195048
0.204197 -0.279199 -0.950634
0.011802 -0.0372867 0.317353
-0.0113974 -0.241244 -0.0923869
-0.16399 -0.305402 -0.583555
-0.0596001 -0.277003 -0.0118028
0.202724 0.306581 0.79463
-0.100123 -0.305402 -0.972778
-0.0422714 0.278182 -0.400614
0.0433708 -0.305402 -0.126193
0.0131519 0.306581 -0.284445
-0.0113974 0.0662403 -0.794912
-0.0968953 -0.277003 -0.927921
0.203225 -0.277003 0.17644
0.188556 0.278182 0.688704
0.0377403 0.278182 0.0637433
-0.0113974 -0.123309 0.307299
-0.0113974 0.23157 0.924631
-0.197576 -0.305402 -0.0582215
-0.0113974 -0.140207 0.106072
-0.0113974 -0.11295 -0.366301
-0.187332 0.278182 0.317369
0.0888276 0.306581 0.359689
-0.0845724 -0.305402 0.274949
-0.0113974 0.183821 0.530294
0.147353 -0.277003 -0.382728
0.011802 -0.0786815 0.988757
0.011802 -0.0500663 0.460124
-0.169919 -0.305402 0.416975
-0.112291 -0.305402 -0.800456
0.129889 0.306581 -0.311861
-0.13793 0.278182 -0.310579
0.0316799 0.278182 0.331202
0.011802 -0.253835 0.794452
0.0537478 -0.305402 0.444803
0.011802 0.185473 -0.346477
0.011802 -0.137848 0.571531
0.171736 0.278182 -0.821112
0.111558 -0.277003 -0.203934
0.011802 -0.257128 -0.0490973
-0.0113974 0.173884 0.998857
-0.0055827 0.306581 0.893981
0.011802 0.0120339 -0.478449
-0.0640987 0.278182 -0.909585
0.011802 -0.0110955 0.0459137
-0.0113974 0.195161 -0.0168194
0.011802 0.0223025 -0.300749
0.0419129 0.306581 0.810253
0.011802 -0.0271701 -0.213218
0.011802 -0.0977487 0.34172
0.011802 0.164225 -0.777676
-0.129569 0.306581 0.861907
0.011802 0.215468 -0.83678
0.0901798 0.306581 -0.661155
-0.0113974 -0.263666 0.973487
-0.180342 -0.305402 -0.370854
0.0106721 -0.305402 0.347638
-0.0113974 -0.198645 -0.493262
-0.0113974 -0.0141806 -0.173617
-0.0113974 -0.139517 -0.986459
0.204197 -0.277307 -0.302834
0.011802 0.0985566 0.0128506
-0.0113974 0.217518 0.409046
0.011802 0.19231 0.564049
0.0437152 -0.305402 0.544651
-0.115721 0.278182 -0.928589
-0.0113974 -0.220111 0.707476
0.134339 -0.305402 0.493255
0.011802 0.259669 -0.865962
-0.163928 -0.305402 -0.493228
0.0919399 -0.277003 -0.683726
0.011802 0.0332099 0.350399
-0.0113974 0.147322 -0.548404
0.0824695 0.278182 0.100583
-0.0113974 0.147469 0.554911
-0.104313 0.306581 0.132155
-0.0113974 0.0603158 -0.20575
-0.0794496 -0.305402 -0.84571
0.011802 -0.250505 0.354889
0.138203 0.278182 0.662038
0.198239 -0.305402 -0.433469
0.173426 -0.277003 0.0673672
-0.0113974 0.122545 -0.526748
-0.203792 -0.284237 -0.521197
-0.0113974 -0.0158753 -0.999295
0.011802 -0.127692 -0.221656
0.0392641 -0.305402 -0.8176
-0.0151016 -0.273901 0.0294398
0.0417563 0.306581 0.503774
-0.0113974 -0.106455 -0.489857
-0.0113974 -0.2448 -0.958058
-0.0958709 -0.277003 0.275258
-0.0113974 0.239974 -0.651985
-0.185643 -0.305402 0.576614
-0.154504 0.278182 0.11127
-0.0967761 0.306581 -0.537992
-0.0129172 0.306581 -0.402117
-0.0113974 -0.0808288 0.769449
-0.0555312 0.306581 0.907569
-0.0113974 -0.183964 -0.912305
-0.0347541 -0.277003 -0.620602
0.0488612 -0.305402 -0.857933
-0.151247 -0.305402 0.0701512
0.034769 0.306581 -0.558217
0.011802 0.207098 0.720254
-0.038995 0.278182 -0.450549
0.011802 -0.0454489 -0.978772
0.0315904 0.306581 0.61064
0.0580469 -0.277003 0.941461
0.0311485 -0.305402 -0.733838
-0.0113974 0.0943963 0.289007
-0.144207 -0.305402 -0.0666899
-0.0972347 0.306581 -0.718902
-0.187724 -0.305402 0.232362
0.168801 -0.305402 -0.665136
0.011802 0.209953 -0.902404
0.0470866 -0.305402 -0.652648
-0.0559755 -0.277003 -0.387452
-0.203792 0.301722 0.238384
0.011802 0.259445 -0.307385
-0.0113974 -0.167914 -0.817201
0.011802 0.198057 0.801356
-0.0113974 -0.154944 0.264037
0.168777 -0.277003 0.469859
0.011802 0.0754804 0.319608
-0.0113974 0.249656 0.298282
-0.0113974 -0.21085 -0.186956
0.011802 0.1073 0.466407
-0.102515 0.306581 -0.507982
-0.0113974 0.253719 -0.81515
-0.126618 -0.277003 0.236965
-0.0113974 0.103123 -0.464319
-0.0113974 0.264878 -0.975165
0.0514134 0.278182 -0.793588
0.141825 -0.277003 0.355456
0.011802 -0.0416696 -0.677813
0.011802 -0.212856 -0.459419
0.011802 -0.198354 -0.382329
0.178 -0.305402 0.0632281
-0.0705396 0.306581 0.721762
0.135073 -0.305402 0.288258
-0.178895 -0.277003 0.894965
0.174401 -0.277003 0.611124
-0.0396246 -0.277003 0.655109
-0.0113974 -0.100572 0.848181
0.0317315 0.306581 0.940415
-0.00961328 0.306581 -0.458299
-0.0831181 -0.305402 -0.216661
0.0118524 0.267663 -0.833351
0.204197 -0.304067 -0.543149
0.011802 -0.011405 -0.458822
0.011802 -0.181177 -0.569204
0.011802 0.170357 0.523381
0.116031 -0.305402 -0.229296
0.110528 0.278182 -0.567614
0.011802 0.253239 -0.535811
-0.16206 -0.277003 0.178307
0.011802 0.223861 0.67621
0.110374 -0.277003 0.555979
0.011802 -0.116568 0.1489
0.011802 -0.130412 0.774192
0.0124156 0.270305 0.116904
-0.0113974 -0.0182249 0.396677
-0.153735 0.278182 -0.641666
0.011802 0.214422 0.374432
-0.0113974 0.138296 -0.745304
0.0909542 0.306581 -0.418944
-0.0113974 -0.0437443 0.11861
-0.0113974 -0.244757 0.485834
-0.0113974 -0.147307 -0.55062
0.0143758 0.273869 0.886964
0.011802 -0.0637696 -0.456003
0.0531543 -0.277003 -0.653714
-0.0361733 0.306581 -0.141732
0.0242508 0.306581 0.762039
-0.0127721 0.306581 -0.312223
0.011802 -0.23428 0.577572
0.011802 0.259568 -0.406687
0.011802 -0.232097 -0.701646
0.011802 0.066724 0.578041
0.011802 -0.246694 0.939608
0.136081 -0.305402 -0.0221146
-0.0113974 0.212101 -0.578678
0.154156 0.278182 0.36499
0.204197 0.298496 -0.874436
0.011802 -0.154707 0.525152
-0.0113974 0.198085 -0.302881
-0.132689 0.306581 0.252185
-0.0137179 -0.305402 0.814529
-0.0113974 -0.215757 -0.745764
-0.0113974 -0.194789 -0.819528
-0.192075 0.278182 -0.110845
0.169853 -0.305402 0.181052
0.011802 -0.226399 -0.534387
0.011802 -0.0515901 -0.825057
-0.0113974 -0.248804 0.411189
-0.0449717 0.278182 0.705131
0.011802 -0.114126 -0.0351024
-0.0624326 -0.305402 -0.412461
-0.0113974 -0.102681 -0.113294
-0.0113974 -0.0681672 -0.277444
-0.0113974 0.122503 0.799612
0.011802 0.151563 0.275937
-0.0747515 -0.305402 -0.459305
-0.167407 0.306581 0.787742
0.136093 -0.305402 -0.662481
-0.0113974 -0.0908877 -0.688926
0.0152413 -0.273647 -0.861284
0.011802 -0.258237 -0.130799
0.050348 -0.277003 -0.749129
0.176907 0.306581 0.868696
-0.11641 -0.277003 -0.220222
-0.139957 -0.305402 -0.599099
0.011802 0.19585 0.65239
-0.0113974 -0.00128694 -0.925022
0.011802 -0.0853547 -0.080122
-0.0300657 -0.277003 -0.182559
-0.0113974 -0.0630589 0.997157
0.137112 0.278182 -0.499242
-0.0113974 -0.177278 -0.606834
-0.0113974 -0.171206 -0.137798
0.011802 -0.119054 -0.478807
0.0038736 -0.305402 -0.587316
0.055759 -0.277003 -0.257958
0.197146 0.278182 -0.442586
-0.0113974 0.113236 -0.707911
0.126987 -0.277003 -0.452304
-0.101405 0.278182 -0.15705
-0.176847 -0.277003 0.00382334
0.011802 -0.0320756 -0.862008
0.011802 -0.206794 0.290578
-0.0114215 0.267329 0.769778
-0.0113974 0.0961707 0.322394
-0.0426461 -0.305402 -0.467642
-0.0113974 -0.23016 -0.715725
0.204197 -0.302994 -0.215447
0.011802 0.0272664 -0.239373
-0.0113974 -0.229049 0.861785
-0.0113974 0.147391 -0.0423149
0.0303712 0.278182 -0.708943
-0.0113974 0.237276 -0.129721
-0.0113974 -0.124174 0.565639
0.011802 -0.263035 0.712398
-0.0611265 -0.277003 -0.72184
0.147353 -0.305402 0.744859
0.011802 0.220322 -0.432662
-0.0424329 -0.305402 0.46258
0.203735 0.278182 -0.93194
-0.0113974 0.0550744 -0.281671
0.145115 -0.305402 0.872932
-0.0113974 -0.0326366 -0.739006
-0.0113974 -0.196762 -0.241994
0.011802 0.205241 0.595532
0.0848782 0.306581 0.133741
0.0399913 -0.305402 -0.366591
-0.0631525 -0.305402 -0.913153
-0.151812 0.278182 0.22253
0.204197 -0.304828 -0.0624614
0.100407 -0.277003 -0.0258363
0.0213428 -0.276819 0.43939
0.011802 -0.249637 -0.891041
-0.0113974 -0.00637581 0.895635
-0.0113974 -0.237224 0.15484
0.011802 0.239037 -0.15054
0.147962 0.306581 -0.771226
-0.173173 -0.305402 0.27588
0.144455 -0.305402 0.373445
-0.0113974 0.167382 -0.849826
0.0261328 0.306581 -0.09594
-0.0113974 0.0849304 -0.504874
-0.0113974 0.115761 -0.160461
-0.0113974 -0.239567 0.360152
0.011802 -0.195917 -0.521029
0.0616307 -0.305402 0.570875
0.00979842 0.306581 0.715452
-0.0963195 -0.277003 -0.17412
-0.0113974 0.204799 0.147534
-0.00963361 0.156127 -0.999946
0.011802 -0.250233 -0.106206
0.202062 -0.305402 0.923863
-0.0113974 -0.185319 0.189222
0.011802 0.113586 -0.845402
0.160011 0.278182 -0.594069
0.016904 -0.275012 -0.168209
-0.0113974 -0.162797 0.476472
-0.0113974 -0.0390785 0.951436
-0.158282 -0.277003 0.56438
0.011802 0.125056 -0.219459
-0.0113974 -0.223049 0.187423
-0.074313 -0.305402 -0.293968
0.011802 0.159338 0.733401
-0.051004 0.278182 -0.755226
-0.139858 0.278182 -0.120694
-0.203792 0.306415 0.155023
-0.128879 -0.277003 -0.888606
0.0592995 0.306581 0.285457
0.011802 -0.0566067 -0.160386
-0.0113974 -0.154513 -0.651215
-0.156948 0.306581 -0.256057
0.129628 0.278182 -0.375177
0.180965 -0.305402 0.968056
0.011802 -0.216471 0.0127995
0.110053 0.278182 0.0605045
-0.0113974 -0.0832798 -0.876209
-0.119431 0.278182 -0.256241
0.0878457 0.278182 -0.946807
-0.0113974 -0.112408 0.790086
-0.160336 0.306581 -0.0771644
0.011802 0.104037 -0.25807
-0.0113974 -0.122635 -0.93901
0.127425 0.306581 0.284904
0.011802 -0.138315 0.373013
-0.203792 -0.302195 0.914801
0.011802 -0.20098 -0.300494
0.081713 -0.277003 0.984509
-0.0456625 0.306581 -0.185324
0.0517563 0.306581 -0.534606
0.127455 0.278182 -0.245314
0.011802 0.214902 -0.38165
0.011802 0.213413 0.208833
-0.12328 -0.277003 0.15305
-0.186267 -0.305402 -0.868589
-0.0944146 0.278182 -0.66409
0.0370438 0.304529 1
0.011802 -0.136035 -0.0519469
0.011802 0.240685 -0.350216
0.161225 0.278182 -0.909698
0.202517 0.306581 0.9863
0.011802 0.0140124 0.995268
0.011802 -0.243513 0.673099
0.0858145 0.278182 0.814363
-0.0113974 -0.134302 -0.614854
0.143858 -0.277003 0.018487
0.011802 0.0672671 0.604452
-0.0113974 -0.000358599 0.0538226
-0.0113974 -0.190428 0.433743
0.135085 0.306581 0.337867
0.0853473 0.306581 0.710621
0.064345 -0.305402 -0.327774
0.011802 0.0507704 -0.93513
0.11606 0.278182 0.329114
0.0583128 -0.277003 -0.946311
-0.203792 0.288934 -0.34704
-0.0230434 0.306581 -0.783199
-0.118132 -0.305402 0.968105
-0.174424 -0.277003 -0.826863
-0.0113974 0.0642269 0.476802
-0.0974695 -0.277003 0.248241
-0.0113974 0.0755797 0.202265
0.011802 0.197658 0.00119549
0.011802 0.162929 -0.041394
0.011802 0.21893 0.998084
0.011802 -0.211552 0.68347
0.011802 0.110873 -0.196416
0.0906516 0.306581 -0.153293
-0.0113974 -0.133191 0.146227
-0.0113974 0.0465995 -0.563069
0.182597 0.278182 -0.704122
0.151604 0.306581 0.637269
0.011802 0.163963 -0.249653
-0.100672 0.278182 0.430802
-0.0113974 -0.0456828 0.647132
0.011802 0.243288 -0.995439
-0.0113974 -0.00230185 0.854722
0.011802 -0.0940602 0.370413
0.011802 0.138504 0.704475
0.203434 0.278182 -0.603741
-0.0238103 0.306581 0.553114
0.112093 0.278182 0.860334
-0.15768 -0.277003 0.482771
0.0307025 -0.277003 -0.605921
0.116615 -0.277003 -0.825134
-0.0113974 0.0259004 -0.15465
0.011802 -0.0223148 0.00938964
-0.0954679 0.278182 0.281194
-0.0113974 -0.0311837 -0.1229
0.117751 0.28441 1
0.203099 -0.277003 0.290936
-0.147086 0.278182 0.69406
-0.01437 0.306581 -0.708549
0.0102428 -0.302579 1
-0.0152892 -0.274072 0.702025
0.0730189 -0.277003 0.0675922
0.149183 0.278182 0.526586
0.011802 -0.066747 0.492191
0.011802 0.16951 -0.570204
-0.0950293 -0.305402 0.341684
-0.0113974 0.263659 -0.189371
-0.0113974 0.263313 0.130472
0.011802 0.121887 0.671461
-0.153483 0.306581 0.518399
-0.0113974 -0.00111693 -0.117266
-0.0113974 0.0678465 0.42941
-0.0206881 0.306581 -0.883119
-0.112898 -0.277003 -0.0699693
-0.0113974 0.102032 0.0475648
0.011802 0.152179 -0.962911
-0.0151091 -0.305402 -0.994051
-0.0161976 -0.274801 -0.964468
0.011802 -0.0035324 0.436476
0.011802 0.226893 -0.0526564
0.0978694 -0.305402 -0.998253
0.106807 0.306581 0.833778
-0.0113974 -0.258526 -0.517206
-0.0113974 0.240346 0.786111
-0.116274 0.278182 0.616352
-0.0105402 -0.305402 0.54302
-0.196234 -0.277003 0.212645
-0.0740502 -0.277003 0.156308
0.011802 0.0915446 0.673516
-0.0378423 0.306581 0.817459
0.011802 0.0743586 0.361246
-0.0113974 0.24068 -0.305238
-0.174499 0.278182 0.268828
-0.127536 -0.277003 -0.484163
0.00680986 -0.078984 -0.999946
0.011802 0.0154113 -0.692981
-0.13774 -0.277003 -0.66588
-0.000812075 0.306581 -0.335418
0.156076 -0.277003 -0.166691
-0.0113974 -0.107147 -0.633342
-0.0113974 -0.214181 0.0445481
0.110787 0.306581 0.549983
0.13346 -0.305402 -0.9242
0.011802 0.120348 0.352143
-0.0113974 -0.22942 0.807936
0.011802 -0.250336 0.86248
-0.189477 -0.277003 -0.134925
0.011802 -0.00370444 0.938368
-0.0703434 -0.277003 0.868114
0.0146314 -0.272995 0.876013
0.0564754 0.306581 0.338447
0.0979433 -0.305402 0.421304
-0.130295 -0.305402 -0.272509
0.011802 0.00262756 -0.911465
-0.203792 0.304775 -0.867126
-0.110407 -0.277003 -0.125591
-0.0562546 0.306581 -0.417115
-0.203792 -0.302454 0.363104
-0.0113974 -0.213232 0.663501
0.185596 -0.277003 -0.646694
-0.0601797 -0.277003 -0.147969
-0.0875733 -0.305402 -0.256906
0.011802 0.00727763 -0.414811
0.0772784 0.306581 0.791606
-0.153437 0.278182 0.533955
-0.0113974 -0.166593 0.308419
0.036458 0.278182 -0.402071
-0.0113974 0.23337 -0.598731
-0.0469132 -0.305402 0.198107
0.011802 -0.22439 0.795182
-0.0459436 0.306581 0.994321
0.011802 0.0411024 -0.60489
-0.0113974 -0.22779 -0.423471
0.134996 0.278182 -0.674417
-0.124416 0.278182 -0.557583
-0.0206534 0.306581 0.399476
0.011802 -0.0184781 -0.538927
0.011802 -0.168079 0.495201
0.186254 -0.277003 0.774616
-0.0113974 0.101385 -0.834236
0.011802 0.192905 0.934952
-0.0514276 0.278182 0.569131
0.011802 0.041315 0.399489
0.150078 -0.305402 -0.720479
0.10528 -0.277003 -0.340951
0.156198 -0.305402 -0.399453
0.011802 0.248711 -0.571364
0.0568571 -0.277003 -0.378498
-0.149498 0.306581 -0.930248
0.011802 0.0176891 0.538533
0.126813 0.306581 0.971488
0.011802 0.247588 0.234634
0.178122 -0.305402 0.411597
-0.0113974 -0.09213 -0.730497
-0.0113974 -0.172022 -0.283336
-0.0243997 -0.277003 -0.880144
-0.128378 -0.305402 0.549633
0.011802 -0.151343 0.746948
0.011802 0.129174 0.861848
-0.0953237 -0.277003 -0.784333
-0.196445 0.306581 0.815099
0.182407 0.278182 -0.845451
-0.016197 0.306581 0.078415
-0.0365649 -0.305402 0.500612
-0.0113974 -0.203468 0.0758213
-0.0113974 -0.0263563 -0.0390307
0.011802 -0.0122761 -0.592419
-0.0113974 0.201867 0.873659
0.0387562 -0.277003 0.366798
-0.0113974 -0.224379 0.933278
-0.0113974 0.0224781 -0.26702
0.011802 -0.235687 0.334735
0.175295 -0.277003 -0.496906
-0.148163 -0.277003 -0.779979
-0.0113974 0.00782535 0.77437
-0.0113974 0.04229 0.524203
-0.0744067 -0.277003 -0.35823
-0.141067 0.278182 0.152987
-0.0532687 0.306581 -0.0612402
-0.1745 0.278182 -0.884882
-0.0471407 -0.277003 0.784721
0.011802 -0.254716 0.191731
-0.0136833 0.273497 -0.89831
-0.118158 -0.277003 0.839411
0.011802 0.167078 0.449659
-0.0113974 0.150685 0.834201
0.0842732 -0.277003 -0.600897
0.011802 -0.0629824 -0.0145411
-0.203792 0.286711 0.928634
0.204197 0.306212 0.497029
0.0365954 -0.277003 -0.962282
-0.0713907 0.278182 0.204852
0.011802 -0.230671 0.743234
0.204197 -0.302311 -0.378196
0.0250977 -0.277003 0.56064
0.011802 -0.193549 0.443507
-0.0113974 -0.116499 0.443385
0.0108803 -0.305402 0.742348
0.0869104 0.278182 0.639944
-0.167371 -0.277003 0.367045
0.011802 0.148018 -0.591695
-0.0113974 -0.200653 -0.327514
-0.0113974 0.216795 -0.410333
-0.179104 -0.277003 -0.473646
0.011802 -0.183342 -0.241359
-0.0113974 0.0383547 -0.177557
-0.0113974 -0.11796 -0.158169
0.0835247 -0.305402 0.371327
-0.0616986 0.306581 0.516019
0.0498228 0.306581 0.251349
-0.0113974 0.112395 -0.582085
0.0340124 0.278182 -0.221172
-0.0113974 -0.168358 -0.19632
-0.0844673 -0.277003 -0.971475
0.011802 0.104814 0.821039
-0.203792 0.296212 0.605301
-0.0113974 0.0914944 0.0238772
0.0642626 0.278182 0.737825
0.197808 0.306581 -0.656412
0.011802 -0.114998 0.6251
-0.0113974 -0.180596 0.895922
-0.132412 0.306581 0.642251
0.011802 0.183009 -0.313057
-0.120423 0.278182 0.3987
-0.152555 0.306581 -0.11353
-0.0113974 -0.229614 -0.358674
0.0965473 0.306581 -0.0997201
0.0628093 0.278182 -0.292297
-0.203792 0.281735 0.789211
-0.0113974 -0.188435 -0.106123
-0.0113974 -0.0534889 -0.00439257
-0.203792 0.301603 0.321068
-0.0217459 0.306581 -0.573014
0.0471964 0.278182 -0.840951
0.0966861 -0.305402 -0.187272
-0.0766824 0.278182 -0.0900878
-0.0113974 0.165827 0.914607
0.17391 -0.277003 -0.427127
0.0860713 0.306581 0.238571
-0.158964 -0.305402 0.884929
0.011802 0.0408068 0.240344
0.011802 0.0202884 0.28018
-0.0113974 0.0608921 -0.440544
0.081509 0.278182 -0.234547
0.18603 -0.305402 0.540519
0.0267309 -0.305402 -0.890964
-0.0113974 -0.102856 0.965975
-0.0113974 -0.241904 0.656406
-0.0113974 0.153888 -0.3246
0.011802 0.157816 -0.725776
-0.0113974 0.242821 -0.080549
0.144684 0.306581 0.261341
0.011802 0.225407 0.284173
0.011802 0.221993 0.816448
0.176021 -0.305402 -0.580231
-0.00935755 0.0582596 1
-0.17601 0.278182 -0.473615
-0.0113974 0.255775 0.579217
-0.0525411 0.278182 -0.039923
-0.138105 -0.305402 -0.207632
-0.0113974 0.0081364 0.502591
0.011802 -0.203454 0.870705
-0.0113974 0.10863 -0.92434
-0.0113974 0.107614 -0.29146
-0.0113974 0.196541 -0.818538
0.180529 -0.305402 0.226762
0.011802 -0.0303317 0.571357
-0.139548 -0.305402 0.00497767
0.171487 0.306581 -0.384784
0.179927 -0.305402 0.853462
-0.0113974 -0.0469445 -0.45054
-0.0354258 -0.305402 0.0652563
-0.13768 -0.277003 0.400995
-0.115147 0.278182 0.793921
-0.17553 0.278182 -0.23758
-0.0879039 -0.277003 0.462121
0.0373225 0.306581 -0.233033
0.011802 -0.24686 0.402842
-0.0113974 -0.254564 -0.336481
-0.0338346 -0.305402 -0.323271
-0.13417 -0.277003 0.475115
-0.0744448 -0.305402 0.372513
0.011802 0.00766368 -0.083259
-0.0113974 -0.243972 0.61687
0.011802 -0.049425 -0.911672
0.129967 0.306581 -0.880065
-0.0113974 0.184222 0.435499
-0.0113974 0.0129766 0.266026
0.011802 -0.128047 -0.902099
0.011802 0.217223 0.0192431
-0.0113974 0.0834007 -0.746801
0.202057 0.278182 0.97641
0.204197 0.305525 0.163265
-0.0649019 0.278182 -0.124875
0.011802 0.0634942 0.706051
-0.0113974 -0.168647 0.712274
-0.0244298 -0.277003 0.532964
0.011802 0.0769673 0.294903
-0.0113974 -0.135958 -0.742457
-0.0113974 0.16842 -0.423772
-0.203792 0.306383 0.444845
0.011802 0.212412 0.856014
-0.150319 0.306581 -0.497593
0.0428396 0.306581 -0.408681
0.0669437 0.278182 0.156703
0.011802 0.105431 -0.0925501
0.0101315 -0.305402 -0.163346
0.158062 0.278182 -0.13626
0.144183 -0.305402 -0.973656
0.011802 0.0230264 0.676253
0.00918035 0.306581 0.97704
-0.0113974 0.0152851 -0.760439
-0.177698 0.306581 -0.715448
-0.0113974 0.257593 0.978671
0.0121426 -0.268193 -0.0192832
-0.109966 0.306581 0.891572
0.0699407 0.306581 0.500954
-0.0859253 0.306581 -0.742689
0.011802 0.14334 0.0797112
-0.0113974 0.131509 0.977144
0.011802 0.180971 0.267209
0.011802 -0.122041 0.409653
-0.0113974 -0.0487639 0.293656
0.174122 0.278182 0.820156
0.124808 -0.277003 0.770453
0.011802 -0.00125706 0.221843
-0.00219356 -0.305402 -0.29963
0.144446 0.278182 0.974059
0.011802 -0.0842977 -0.860362
0.100163 -0.277003 -0.278282
-0.0113974 -0.150567 0.807846
-0.0537088 -0.277003 0.900928
0.011802 -0.148738 0.0406592
-0.0231585 -0.305402 0.178837
-0.175024 -0.277003 0.731941
0.011802 -0.124932 -0.645057
0.204197 -0.302459 0.982284
0.011802 0.0294955 -0.894925
-0.0113974 0.198383 -0.117454
-0.0113974 0.159635 -0.926123
0.204197 0.288274 -0.00494519
0.0422057 -0.277003 0.03094
0.204197 0.299193 -0.591025
0.131546 -0.277003 -0.941791
-0.0441444 -0.305402 -0.702249
0.011802 -0.20225 -0.0398231
0.011802 -0.135438 -0.19453
0.187113 0.278182 -0.648391
0.130928 -0.277003 -0.626153
0.011802 0.153199 -0.0078309
-0.0119187 0.270021 -0.525704
0.00937185 -0.193562 1
-0.203289 -0.305402 -0.113439
-0.0113974 -0.0731156 -0.983934
-0.175469 -0.277003 -0.332587
-0.00242775 0.306581 -0.26438
-0.146403 0.306581 0.953765
-0.0113974 -0.194744 -0.972862
-0.118573 -0.305402 -0.679085
-0.0113974 0.002251 -0.0382048
-0.203792 -0.295675 -0.465979
-0.144568 0.306581 0.0107469
-0.0388776 0.284907 -0.999946
0.011802 -0.203481 0.923228
-0.101347 -0.305402 -0.380397
0.011802 0.17571 0.324738
0.204197 -0.288128 -0.179539
0.011802 0.0625133 0.461871
0.0565925 -0.305402 -0.975554
0.141261 0.306581 0.836397
0.011802 0.167946 -0.647949
0.011802 0.00265217 0.720557
0.011802 0.242376 -0.682726
-0.119444 0.278182 -0.107178
0.177909 0.306581 0.971535
0.011802 -0.0834939 -0.789015
0.188923 0.278182 0.556765
-0.019508 -0.305402 0.230916
-0.160319 0.278182 -0.516735
-0.202907 0.278182 0.419622
-0.032638 0.278182 -0.309622
0.011802 0.101066 0.419589
0.0502665 0.306581 0.893544
-0.194584 0.306581 0.497998
0.0226387 -0.305402 -0.685459
-0.0113974 0.111133 0.0807393
-0.0113974 0.0279752 -0.926928
0.181338 -0.305402 -0.360015
0.0452453 0.278182 0.47983
0.011802 -0.0451469 0.407944
0.159679 -0.305402 0.449958
0.011802 -0.084566 0.298953
-0.009846 0.306581 0.528295
-0.0113974 -0.145848 0.640415
-0.103175 0.278182 0.202628
0.0189565 0.277297 -0.604503
-0.0113974 -0.139472 -0.369567
-0.119307 0.306581 0.839206
-0.0113974 0.128257 -0.0645538
0.0305552 0.306581 -0.147046
-0.0257375 0.278182 -0.22843
0.011802 0.095122 0.552607
0.16926 -0.305402 0.706235
0.182462 0.278182 -0.674851
-0.0113974 -0.074973 -0.490346
0.00203333 0.306581 0.297193
0.0177268 0.306581 0.00677298
0.200933 0.306581 0.13824
-0.0113974 0.232055 0.733125
-0.0662223 -0.277003 0.577383
-0.0113974 0.00834971 -0.43837
0.204197 0.305885 -0.777619
0.204197 -0.301809 -0.518867
-0.0113974 0.0411581 -0.815167
0.011802 0.0270222 0.0477573
-0.0113974 0.156714 0.116004
0.011802 0.125748 -0.672821
0.011802 -0.125283 0.96634
0.159055 0.306581 0.478396
-0.0113974 -0.226901 -0.112997
-0.148441 0.306581 -0.724824
-0.0249883 -0.305402 -0.510206
-0.139608 -0.277003 0.02016
0.011802 -0.172612 0.271392
-0.181799 -0.277003 0.544432
-0.0113974 0.0698145 -0.362429
0.011802 -0.209133 -0.955078
-0.0169355 -0.275293 -0.300427
-0.203792 0.300747 0.184503
0.161031 0.306581 0.403154
0.011802 -0.0657792 0.143343
0.204197 -0.277041 -0.345919
-0.0113974 -0.111001 0.892994
0.011802 -0.0972872 -0.973017
-0.201093 -0.277003 0.810782
0.011802 -0.0231282 -0.965912
0.16676 -0.277003 -0.552345
-0.0113974 0.0534979 -0.482557
-0.0113974 0.102583 0.687783
0.0382808 -0.277003 -0.573098
0.102686 -0.305402 -0.848092
-0.0113974 -0.223789 -0.509679
-0.0113974 0.117341 0.126037
-0.13777 0.278182 0.305044
-0.0113974 -0.223739 -0.280572
0.011802 -0.199132 0.384329
0.011802 -0.0680314 -0.725711
-0.086005 -0.305402 0.804018
0.103095 -0.277003 0.942182
-0.0113974 -0.246745 0.995529
-0.073143 0.278182 0.738407
0.011802 0.125042 -0.490094
-0.0883052 -0.305402 -0.791821
0.011802 -0.166888 0.636302
0.011802 -0.19052 0.556436
0.011802 -0.159155 0.139113
0.145601 -0.305402 -0.437388
0.011802 0.0142832 -0.187346
0.152556 -0.305402 -0.825884
-0.0113974 0.205105 0.951591
-0.0113974 0.00757355 0.706097
-0.178415 -0.305402 -0.729752
0.185127 -0.277003 0.347658
-0.163458 -0.277003 -0.523345
0.113041 -0.277003 -0.659048
0.011802 0.108379 0.954774
0.0593777 -0.277003 -0.352483
0.0728527 -0.277003 0.588051
0.011802 -0.123008 0.0437612
0.203133 -0.277003 0.732511
0.011802 0.172724 -0.622447
-0.104313 -0.277003 0.119615
-0.0113974 -0.242167 -0.783767
-0.0113974 0.00889804 0.632581
-0.0113974 -0.264672 0.250897
-0.0339282 0.278182 0.794181
-0.201148 -0.277003 -0.591326
-0.203413 -0.277003 0.628884
-0.0509853 0.306581 -0.217164
-0.185935 -0.277003 -0.932624
-0.0113974 -0.0400011 0.145945
-0.13844 0.306581 0.0869388
0.050335 0.306581 -0.116971
0.135077 0.306581 -0.91444
-0.140105 0.306581 0.493854
0.154576 -0.305402 0.611999
0.178373 0.306581 -0.343518
0.011802 -0.243967 -0.381789
0.148887 0.306581 -0.52661
-0.0113974 0.0708559 -0.531704
0.0146193 -0.272981 0.629864
0.148149 -0.277003 -0.0853793
-0.0113974 -0.141809 0.194638
0.0293074 -0.305402 0.662908
0.011802 0.057369 -0.50235
-0.177498 -0.305402 -0.42902
0.011802 -0.0207724 -0.270711
-0.181131 -0.305402 -0.231617
-0.128179 -0.277003 0.526578
0.011802 0.248292 -0.484916
0.011802 -0.229049 -0.67556
-0.0113974 -0.0777574 0.506866
0.011802 -0.199322 -0.144213
-0.00365054 -0.305402 -0.844683
-0.0113974 0.205523 0.757425
-0.177262 0.278182 0.159363
-0.129278 -0.277003 -0.0210294
0.011802 0.175352 0.853738
-0.112353 -0.277003 0.196976
0.011802 0.12987 -0.931105
-0.0113974 0.255697 0.899604
-0.0113974 -0.20482 0.263863
0.0887054 -0.305402 0.80669
-0.0113974 0.237569 -0.702514
-0.0129218 -0.271151 -0.491857
-0.114489 -0.305402 0.477669
-0.00369675 -0.037553 1
0.0711656 0.278182 0.454634
-0.127468 0.278182 -0.0725967
-0.013954 -0.272668 -0.707544
-0.0540964 -0.305402 0.636259
-0.0113974 -0.234919 -0.896378
0.011802 -0.189889 -0.218078
-0.1354 -0.277003 -0.114216
-0.0113974 0.181147 -0.584564
0.204197 0.280247 -0.352522
-0.0113974 0.215055 -0.991874
-0.0968004 -0.305402 -0.140574
-0.203319 0.278182 -0.805471
-0.14062 -0.305402 -0.455994
0.136501 0.306581 -0.47444
-0.0634328 0.306581 0.150952
-0.0766803 -0.277003 0.625715
-0.0113974 0.147197 0.460353
0.011802 0.251775 0.203824
-0.140547 0.306581 -0.443343
-0.0113974 -0.255728 0.80736
-0.0113974 -0.226614 0.465439
-0.0113974 0.132914 -0.953069
-0.179892 0.278182 -0.0680356
-0.0113974 0.115305 0.484262
-0.0113974 -0.166554 -0.00103149
-0.0113974 -0.253314 -0.236341
0.00255747 -0.305402 0.208529
0.0450108 0.278182 -0.0900603
-0.0113974 0.04365 0.0176057
0.102489 0.306581 0.804937
0.127792 -0.305402 0.681013
-0.0113974 0.186579 0.720575
-0.0113974 0.251361 -0.33056
0.128045 -0.277003 0.0566054
-0.111407 -0.305402 0.896055
-0.0113974 -0.0973964 0.25871
-0.0113974 -0.00873993 -0.633346
0.011802 0.222966 -0.271522
-0.0635362 0.280643 1
-0.0113974 0.170835 -0.553818
-0.0113974 0.241117 0.468765
-0.0113974 -0.130949 -0.419255
-0.070858 0.278182 0.614806
0.174514 0.278182 0.778643
-0.111009 0.306581 0.307667
0.0195825 0.306581 -0.734404
0.011802 0.0982135 0.0642011
0.0646114 0.278182 0.605358
0.185616 -0.305402 -0.326346
0.10014 -0.277003 -0.461025
0.011802 0.0556004 0.126075
-0.171968 0.306581 0.844537
0.0609476 0.278182 -0.406197
0.011802 -0.258766 -0.268844
0.011802 -0.0322969 0.518975
-0.0810674 -0.277003 -0.49117
-0.0113974 0.247609 -0.464702
-0.0139689 -0.272686 -0.443582
0.011802 -0.00999605 -0.191532
-0.167533 -0.277003 0.920524
0.011802 -0.0972915 0.404077
0.143054 -0.305402 0.0991586
0.011802 0.110289 0.257466
-0.0113974 0.130045 0.592525
0.115669 -0.305402 -0.392548
1.96869e-05 0.306581 0.330362
-0.157873 -0.305402 0.346936
0.162428 -0.305402 -0.771214
0.011802 -0.190268 -0.345574
0.204197 0.282711 0.742856
-0.203792 -0.280355 -0.0828037
-0.0113974 0.165165 -0.739334
-0.0113974 0.180941 -0.501293
-0.0310987 0.306581 0.338787
0.011802 0.0557233 -0.0916163
-0.144964 -0.305402 0.246569
-0.0113974 0.00210262 -0.877557
0.011802 -0.207768 0.472308
0.011802 -0.193645 0.123667
0.040259 -0.305402 0.974098
0.011802 -0.230397 0.307436
0.0619987 0.306581 0.389248
-0.191768 0.278182 0.83459
-0.0113974 0.20915 0.279022
-0.0733332 -0.277003 -0.880482
-0.128553 -0.277003 -0.433486
0.0411903 0.278182 0.652022
0.011802 0.0435744 0.20031
0.011802 0.107786 0.144977
-0.0511146 0.278182 -0.170191
0.082423 -0.305402 0.496413
-0.0113974 0.0907166 -0.0540268
0.011802 -0.080411 -0.946988
0.011802 0.113217 -0.0536305
-0.0113974 -0.0597604 0.468572
0.0874566 0.278182 -0.842745
-0.01161 -0.305402 0.111927
-0.0412123 -0.305402 -0.0763255
-0.0449495 -0.277003 0.99249
0.200286 -0.277003 -0.722501
0.0310707 -0.277003 -0.693429
-0.185264 -0.299144 1
-0.123244 -0.277003 -0.982388
0.011802 0.202602 -0.978016
0.011802 0.250585 0.165394
-0.0984381 -0.305402 -0.621043
-0.0113974 -0.259387 -0.66276
0.011802 -0.0754265 -0.624697
-0.0885169 -0.305402 0.522127
-0.174988 0.306581 0.422403
0.0217394 0.278062 0.855231
0.114915 0.278182 0.907257
-0.173838 0.306581 0.0589984
-0.0113974 0.230895 -0.963412
0.111535 0.306581 0.748702
-0.105735 -0.305402 0.133974
0.104393 -0.277003 0.890571
-0.196781 -0.305402 0.183634
-0.168342 -0.277003 0.971905
0.198531 -0.277003 -0.786928
0.161451 -0.305402 0.270689
-0.0255744 -0.305402 -0.943813
0.011802 0.248433 0.520981
-0.0113974 -0.0468684 -0.695201
0.011802 0.0867193 0.792119
-0.0568372 -0.277003 0.950486
-0.0119144 0.270007 0.823849
0.204197 -0.298407 -0.282199
-0.161049 0.300385 -0.999946
-0.0553595 0.278182 -0.68474
0.011802 0.00519763 0.582933
0.0486564 -0.305402 0.0615864
0.011802 -0.131119 -0.104215
0.011802 -0.176418 0.406451
-0.0113974 -0.146286 -0.0833042
-0.104347 -0.277003 0.0299201
-0.0118124 -0.268478 0.0995197
-0.0392824 0.278182 0.215455
-0.0905247 0.278182 0.0352718
0.182519 0.278182 0.992651
0.0362912 0.306581 0.163209
-0.0113974 -0.123023 -0.511564
0.0551804 -0.277003 0.887
0.011802 -0.227669 0.190918
-0.0113974 0.0306652 0.594429
-0.178396 0.306581 -0.679441
-0.0113974 -0.0707804 0.604628
0.0198238 0.277617 -0.0181784
-0.203792 -0.279314 0.10132
-0.0113974 0.208213 -0.341781
0.143607 -0.305402 -0.999927
-0.0102296 -0.305402 0.297747
0.0885485 -0.277003 -0.977349
0.154674 -0.305402 0.635893
-0.0113974 -0.00851227 0.28093
0.131345 0.306581 -0.269934
0.011802 0.161574 0.609878
0.011802 0.240803 0.138888
-0.0113974 -0.165897 -0.709277
-0.197591 -0.277003 -0.349035
-0.0795211 0.306581 0.635365
-0.0113974 -0.131603 -0.69028
0.160812 0.278182 -0.406612
0.204197 -0.289097 -0.323586
-0.0113974 0.0386282 -0.318179
0.011802 -0.137364 0.541547
0.153968 0.278182 -0.936078
-0.0927095 0.278182 -0.813975
-0.0113974 0.116508 -0.868372
-0.0113974 0.207481 0.835806
-0.0113974 0.0601609 0.144847
0.15911 -0.305402 -0.934357
0.011802 0.209719 -0.758213
0.0756831 0.280208 1
-0.014167 0.274105 0.553556
-0.0166329 0.27628 -0.575803
-0.0113974 0.0401187 0.471421
-0.0450262 -0.305402 0.223462
-0.0113974 0.0152621 -0.463724
-0.109628 0.278182 0.856206
0.011802 0.195464 0.512561
-0.0113974 0.0178144 0.90061
-0.0113974 0.107681 0.931753
-0.0113974 -0.059438 -0.640033
0.011802 -0.059132 -0.573238
0.011802 0.193052 -0.554509
0.0291551 0.278182 -0.754198
-0.203792 0.279097 0.627849
0.011802 -0.0832184 -0.557464
0.011802 -0.128085 0.17926
0.100363 -0.277003 0.666025
0.011802 -0.214491 0.82127
-0.0062032 0.306581 -0.00240281
0.011802 -0.121552 0.669336
0.103764 -0.277003 -0.0927895
-0.170917 -0.278418 -0.999946
-0.0113974 -0.122323 -0.295045
-0.0113974 0.105782 -0.792033
0.011802 -0.154561 -0.377561
-0.0113974 -0.129116 0.920197
-0.0114674 0.267855 -0.0540287
0.011802 -0.0461869 0.0934127
-0.203792 0.29219 0.540499
-0.0113974 -0.116811 -0.791738
-0.0113974 -0.0443598 -0.89219
0.011802 0.24284 -0.189257
0.011802 0.168595 0.179063
0.0507403 0.306581 0.119065
0.011802 0.00405727 -0.672115
-0.0113974 -0.189812 -0.457344
-0.114497 0.278182 0.519706
-0.0401817 -0.277003 -0.754748
0.011802 -0.145092 -0.958196
-0.0113974 -0.0256754 -0.794916
0.0123007 -0.268768 0.819331
0.074388 0.278182 -0.135983
0.139761 -0.305402 -0.25881
-0.0113974 0.222756 -0.216148
0.0672594 0.278182 0.312833
-0.0113974 0.00313251 0.0806934
-0.0870768 -0.277003 -0.00707043
0.144631 -0.305402 -0.621567
-0.18658 -0.305402 -0.530091
0.0754173 -0.305402 0.170013
-0.203792 0.295122 -0.764241
-0.0113974 -0.122608 0.603196
0.016171 -0.305402 0.933885
0.011802 -0.168877 0.0837371
-0.0800282 0.306581 -0.604354
-0.153088 -0.277003 0.100842
-0.0770789 -0.277003 0.205006
-0.0113974 0.0700686 0.910327
0.011802 0.156273 0.377611
0.011802 0.0190176 0.195534
-0.0476091 0.306581 -0.552623
-0.0743658 0.306581 -0.647004
0.0318247 -0.305402 0.0152096
0.011802 0.1039 -0.476086
0.0551529 0.278182 -0.623005
-0.0113974 0.0993104 -0.633202
-0.111495 0.306581 0.218542
0.011802 -0.0743074 0.0336379
0.054508 -0.305402 -0.780603
0.0697601 0.306581 -0.975032
0.011802 0.250693 -0.731792
0.0753088 -0.305402 -0.39982
-0.0113974 0.0286316 0.964287
0.011802 0.0921452 -0.812052
-0.200657 0.278182 0.364434
0.011802 -0.123745 0.490566
-0.179945 -0.305402 0.507926
0.0961703 -0.305402 -0.627872
-0.147398 -0.305402 0.911564
-0.17248 0.306581 0.990571
0.111608 -0.305402 -0.966163
-0.11149 0.306581 0.419881
-0.179581 0.306581 0.576145
0.011802 -0.148849 0.00236727
-0.0113974 0.103316 -0.0238576
-0.0113974 -0.0665661 -0.404245
0.011802 0.19319 0.0548366
0.011802 0.130576 0.203379
0.143341 -0.305402 0.540556
-0.0877475 -0.305402 0.756579
-0.069739 -0.277003 -0.309533
-0.0262432 0.278182 -0.756127
0.156437 0.306581 -0.973202
-0.11443 0.306581 0.460411
0.0347531 0.306581 -0.715571
-0.0113974 0.0260868 0.392884
0.011802 -0.173645 -0.928038
0.0200089 0.277675 0.448965
-0.0981408 0.278182 -0.944362
0.011802 -0.202276 -0.869975
0.0939497 -0.305402 -0.212654
0.011802 0.0480185 0.485799
-0.0113974 -0.200274 -0.557005
-0.0417134 0.278182 0.168221
0.179275 0.306581 0.629702
0.011802 -0.220202 -0.827166
-0.0113974 0.0455032 0.167186
-0.132319 0.278182 0.0793149
-0.0416191 0.306581 -0.0134255
0.011802 0.0433933 -0.286996
-0.0113974 0.256338 0.9418
0.0562849 0.306581 -0.443765
0.011802 0.0329277 -0.380245
-0.145436 -0.277003 0.22274
0.0907584 0.306581 -0.0505584
0.011802 -0.212371 -0.483002
-0.0113974 -0.0819973 -0.0341536
-0.195695 0.306581 -0.250671
-0.0552738 0.278182 0.83374
0.151185 -0.305402 0.984886
0.011802 0.246309 0.0266334
-0.139752 -0.277003 -0.563086
-0.0466231 -0.277003 -0.937273
-0.154066 -0.305402 -0.800059
0.110823 0.306581 -0.590722
-0.0559896 -0.277003 -0.778542
0.0461434 -0.305402 -0.415473
0.011802 -0.1448 -0.494873
-0.0113974 0.136184 -0.204345
-0.0113974 0.140553 -0.500178
-0.0113974 -0.106317 0.644433
-0.0113974 -0.174886 -0.33199
0.011802 0.212616 0.185287
0.011802 0.0884688 -0.283511
-0.0983062 -0.302095 -0.999946
0.0635764 -0.277003 0.729978
0.00519255 -0.305402 0.464087
-0.0113974 0.0933946 0.372978
-0.150932 0.306581 0.157521
0.0273432 0.278182 -0.363167
-0.0554673 -0.277003 -0.572796
-0.0113974 -0.0321611 -0.469862
0.011802 -0.0666866 0.774773
0.101521 0.278182 0.220252
0.154133 0.278182 0.28389
0.011802 -0.0686909 -0.751794
-0.0660311 -0.305402 0.418943
0.011802 -0.162828 0.612274
0.011802 -0.0540903 -0.614316
0.194699 0.306581 0.437195
-0.143808 0.306581 -0.520217
-0.0276847 0.278182 0.0185365
0.0857155 -0.305402 0.211143
-0.000542523 0.306581 0.119753
-0.0629655 -0.277003 0.0961455
-0.0113974 -0.0978422 -0.534343
-0.0500341 -0.305402 -0.299659
-0.0113974 0.248639 0.400842
0.0708788 0.278182 -0.541676
0.0834741 -0.277003 -0.416725
-0.0299746 -0.305402 -0.272741
-0.0113974 0.0364383 0.264457
-0.0499427 -0.277003 0.440385
-0.00177911 0.306581 0.837442
0.0128538 -0.305402 -0.493166
-0.0113974 0.193159 0.298186
-0.0113974 0.0883026 -0.207643
0.011802 -0.0421585 -0.0886835
0.0739555 -0.305229 1
-0.0843924 -0.305402 0.687552
-0.164741 -0.277003 -0.0669275
-0.186145 0.278182 -0.914601
0.0187265 -0.276019 0.26197
-0.203547 -0.305402 0.636633
0.011802 -0.144648 0.44512
-0.0113974 -0.0616259 0.313418
-0.202682 -0.305402 0.533502
0.0794655 -0.305402 -0.53122
-0.00958236 0.205154 1
0.184752 -0.305402 -0.144401
-0.203627 -0.277003 0.26262
-0.149296 0.278182 0.860811
0.0736541 -0.277003 -0.304497
-0.0113974 0.185955 0.202088
-0.177465 0.278182 0.342121
0.0052769 0.306581 0.67734
-0.0113974 -0.0656254 -0.922196
-0.00452503 0.306581 -0.848681
-0.0948875 0.278182 0.709069
0.011802 0.190383 -0.864852
-0.0113974 -0.0160953 -0.330069
-0.0113974 0.198971 0.67998
-0.0113974 -0.234198 -0.616288
0.011802 -0.0553749 -0.79643
-0.0113974 -0.089099 0.0496284
-0.0688184 0.306581 -0.566822
-0.0584126 0.278182 -0.831467
0.0127007 -0.26988 -0.559344
0.011802 -0.262151 0.222318
0.204197 -0.280361 0.652365
-0.0113974 0.221173 0.0543434
-0.104327 0.306581 -0.0513945
0.102078 0.306581 0.152984
0.147036 0.278182 0.118536
0.011802 0.132199 -0.120328
0.0388426 0.278182 0.823068
0.20396 0.278182 -0.115103
0.011802 -0.218948 -0.601342
0.011802 -0.0496634 -0.247073
-0.0113974 -0.182107 -0.863605
-0.0113974 0.157662 -0.26709
0.162181 0.306581 -0.0104568
0.011802 0.1021 -0.659467
0.140879 -0.277003 0.97175
0.204197 -0.303512 -0.696869
-0.0113974 0.0676289 -0.124714
0.011802 0.052531 -0.253876
0.0216231 0.306581 0.182451
0.011802 0.138421 -0.568998
-0.0113974 0.0506475 -0.230206
0.0956089 0.306581 0.913688
0.011802 0.151882 -0.86924
0.147718 -0.277003 -0.683512
-0.129069 -0.305402 0.661024
-0.0113974 -0.167819 0.109032
-0.0538865 0.278182 -0.934241
-0.0113974 -0.150622 -0.126695
-0.0113974 0.113873 0.209233
0.0747117 0.278182 0.389905
0.011802 0.0279892 -0.793499
-0.0113974 -0.143319 0.0818024
-0.0114727 -0.266723 -0.781083
0.011802 -0.116633 -0.717471
-0.203792 0.28381 -0.0547088
-0.0178175 -0.305402 0.32802
0.0595644 0.278182 0.106527
0.158617 -0.277003 0.729424
-0.0113974 -0.258436 0.0532933
0.011802 -0.245946 0.45103
-0.0375179 -0.305402 -0.419572
-0.133058 -0.305402 0.785417
0.011802 0.100398 0.500739
0.011802 -0.0506667 -0.136312
0.011802 0.0666857 0.168093
-0.0119506 0.270122 -0.735577
0.011802 0.0477304 -0.652855
0.140463 0.278182 -0.859829
0.011802 -0.228751 0.237781
-0.0113974 -0.183766 -0.432631
0.0386305 -0.305402 0.876098
0.0818827 -0.305402 -0.45092
-0.0558259 -0.305402 0.889533
-0.0113974 0.119065 -0.345074
-0.170663 0.278182 -0.687899
0.204197 -0.296658 0.0289073
0.180129 -0.277003 -0.0462615
0.011802 -0.233505 0.72008
0.185084 0.278182 0.0954941
0.011802 0.0694832 0.01814
-0.0113974 -0.0394698 0.0368637
-0.0113974 0.0641013 -0.00801117
0.011802 0.209748 -0.2385
-0.177874 -0.277003 0.517895
-0.0113974 -0.163366 -0.570116
-0.0113974 -0.225265 -0.979051
0.011802 0.135719 -0.443416
-0.203792 -0.278585 0.581953
-0.0113974 -0.232295 0.526956
0.114479 -0.277003 0.743147
0.0830196 0.278182 0.345574
0.011802 0.254887 -0.975235
0.0637321 -0.277003 -0.0731406
-0.0113974 0.179165 0.388429
0.191674 0.306581 -0.236323
-0.0113974 -0.00374016 -0.502486
0.011802 -0.255368 -0.726227
0.169893 0.306581 0.255692
-0.0343298 -0.277003 -0.00720137
-0.0684262 0.306581 0.19707
-0.0113974 -0.0807493 -0.822409
-0.0184332 0.277247 -0.609873
-0.125763 0.278182 -0.881428
-0.0113974 0.167841 -0.378548
0.011802 -0.265335 -0.942961
-0.0113974 -0.0398014 0.352622
0.0666196 -0.277003 -0.474961
0.011802 0.0328247 0.0880656
0.011802 0.0139601 -0.946868
-0.188869 0.306581 -0.627759
0.011802 0.05038 0.746533
-0.0422272 0.278182 0.654918
-0.0456831 -0.277003 -0.524665
0.10564 0.306581 0.319542
0.021768 0.306581 -0.652685
0.011802 -0.224136 0.522575
0.011802 0.0747722 0.0660534
0.0264077 -0.305402 -0.51553
0.00676147 0.306581 -0.111128
-0.203792 -0.290701 -0.306816
-0.0113974 -0.244982 0.129229
0.011802 0.0805132 0.22112
0.0454366 -0.277003 0.169166
-0.187414 -0.305402 0.0421237
0.011802 -0.069215 -0.429912
-0.0647523 0.278182 -0.623422
-0.149266 0.306581 0.720919
0.011802 0.0559567 0.640695
0.011802 0.179513 0.893728
-0.138612 -0.305402 -0.126347
0.011802 -0.0263471 0.871691
-0.0998706 -0.305402 0.654647
-0.0151501 -0.273946 -0.606399
0.107064 -0.305402 0.985172
-0.0113974 0.181708 -0.69598
0.0788794 -0.277003 0.76771
-0.0113974 0.148754 0.0573988
-0.0610056 -0.305402 -0.953661
0.011802 0.249428 -0.429396
0.011802 0.192194 -0.137912
0.011802 -0.100298 -0.138287
-0.0441126 0.278182 0.283022
-0.0113974 -0.193515 -0.264982
-0.143144 -0.304822 -0.999946
0.026066 0.306581 0.075115
-0.141375 0.278182 -0.85492
-0.0113974 -0.0804321 0.40759
-0.123333 -0.305402 0.825748
0.148664 -0.305402 -0.583171
0.142112 0.306581 0.690264
0.114983 0.278182 0.490611
-0.0113974 -0.119805 -0.998694
-0.0113974 0.128507 0.617124
0.18343 0.306581 -0.583807
-0.121718 0.306581 -0.149193
0.011802 -0.221997 -0.216955
-0.0113974 0.168203 0.492034
0.151118 0.306581 -0.220571
-0.181784 -0.277003 -0.675897
-0.0113974 -0.117842 0.116309
-0.144471 -0.277003 0.807217
0.180179 0.278182 0.287156
-0.123027 0.306581 0.573247
-0.117508 0.306581 -0.703306
-0.186196 -0.277003 -0.0349983
0.011802 0.22837 0.594194
-0.140108 0.278182 -0.661502
-0.121051 0.306581 0.369772
-0.192663 0.278182 -0.956411
-0.0113974 0.256175 -0.0293781
-0.0113974 0.0740916 0.331047
0.011802 0.0396098 0.714215
0.165281 0.306581 0.892826
-0.0113974 -0.0305347 -0.573297
-0.0163555 -0.274913 -0.815786
0.126378 0.306581 0.359328
0.011802 0.0623484 0.24884
0.011802 0.194268 -0.659935
0.074065 -0.305402 -0.610185
-0.17507 0.306581 -0.549802
0.136104 0.306581 -0.359821
0.155512 -0.305402 0.057755
-0.120456 0.306581 -0.776504
-0.171161 0.306581 -0.85452
0.011802 0.21259 0.0695591
-0.0315215 -0.277003 -0.122472
-0.17022 -0.305402 -0.975539
0.185668 -0.277003 -0.451891
0.011802 0.180764 -0.417721
0.011802 -0.00954225 0.817703
-0.0113974 0.127162 0.231573
0.149588 -0.277003 0.38188
-0.0113974 -0.157352 -0.909989
-0.176876 -0.277003 0.41664
-0.17242 0.278182 -0.976386
-0.0113974 -0.141903 0.868396
-0.0113974 0.0840519 -0.956491
0.049337 -0.277003 -0.0225643
0.116533 0.278182 -0.138058
-0.0259532 -0.277003 0.866785
0.204196 -0.305402 0.817809
-0.125085 -0.305402 0.943831
-0.0591253 -0.305402 0.112017
-0.0113974 0.0783051 -0.835177
-0.0113974 0.25481 0.739398
-0.0113974 -0.0118669 -0.0733551
-0.161732 0.278182 0.592531
-0.122933 -0.305402 0.204269
0.0232227 -0.305402 -0.0830003
0.154617 -0.305402 -0.888318
0.011802 -0.193156 0.0460207
0.130449 -0.305402 -0.289302
-0.0113974 0.146995 0.997167
-0.00139625 -0.305402 0.147392
-0.0200207 0.277794 0.493447
0.181909 -0.305402 0.310202
-0.103035 0.278182 -0.275097
-0.081791 0.278182 0.903623
0.0970682 -0.305402 -0.254347
0.011802 0.219131 -0.105665
0.18704 -0.277003 0.376232
0.0171714 0.306581 -0.0710913
0.174655 -0.277003 -0.797196
0.011802 -0.163819 0.857981
0.0475813 -0.277003 -0.206512
-0.203792 0.299784 -0.200617
-0.0162702 0.306581 0.161027
0.0172397 0.306581 -0.808585
-0.0113974 0.15121 -0.801859
-0.0113974 0.0366008 0.816311
-0.0113974 0.240001 0.617231
-0.0631248 0.306581 -0.966495
-0.0517538 -0.305402 -0.980407
0.204197 0.279921 -0.749987
0.204197 0.302528 0.578629
-0.0113974 -0.106591 -0.0506431
0.0405131 -0.305402 0.491149
-0.0014396 0.306581 -0.970593
-0.0275849 -0.277003 0.340257
-0.0113974 -0.0175259 0.112336
0.184902 -0.305402 0.0907266
0.0343951 0.278182 -0.949603
0.162049 0.306581 0.734254
-0.0113974 -0.00348703 0.580448
0.114073 0.306581 -0.680992
-0.0113974 0.103486 0.77076
0.011802 0.0697132 0.871028
-0.0235621 0.306581 -0.0496739
-0.10248 0.306581 0.536903
-0.087054 -0.277003 0.730456
0.011802 0.152714 -0.0910016
0.159963 0.278182 0.148533
-0.0452254 -0.277003 0.484293
0.105837 -0.277003 -0.942154
0.185899 -0.277003 -0.683925
-0.0353562 0.278182 0.13661
-0.0113974 0.156361 -0.46148
-0.0113974 -0.249863 0.566828
0.011802 -0.156035 -0.351743
-0.0810392 -0.277003 -0.818988
-0.154961 -0.305402 -0.286126
0.011802 -0.0229766 0.172484
-0.0113974 -0.00869514 0.81311
0.011802 0.0598998 -0.317438
-0.15545 0.306581 0.247758
0.202887 0.306581 0.310582
-0.0113974 0.151565 0.191363
0.041349 0.306581 -0.191912
0.190617 0.306581 -0.999385
-0.0113974 -0.0298988 -0.246023
0.111251 0.306581 0.875098
-0.0215254 -0.276909 -0.532659
0.011802 0.159585 0.126201
0.138832 0.306581 -0.428842
0.0792567 -0.305402 0.611399
-0.0113974 -0.116083 0.346977
-0.126233 0.278182 0.0311338
0.011802 -0.0134485 0.0781649
-0.203073 0.278182 0.587488
0.0261178 0.306581 -0.85766
0.011802 0.116056 -0.978121
0.011802 0.0985106 -0.145117
-0.203792 -0.293045 0.384759
0.011802 0.0274433 0.153025
0.180849 0.306581 0.358403
-0.0113974 0.0540919 0.611478
0.011802 -0.0834861 -0.205183
0.0774069 -0.305402 0.295024
0.0557886 -0.305402 -0.149016
-0.203792 0.301186 0.101446
0.0424791 -0.277003 -0.161347
0.0477031 -0.282288 -0.999946
-0.0113974 -0.200383 0.5095
0.011802 0.0262293 -0.123631
-0.0868712 0.306581 -0.8789
-0.102039 0.278182 0.32515
0.0540203 0.306581 -0.592435
-0.15429 0.278182 0.941607
0.011802 -0.204197 -0.997468
0.0255502 0.306581 0.0504453
0.118588 -0.305402 0.912559
-0.175846 0.278182 0.102975
-0.037055 0.278182 0.920933
0.011802 0.122451 0.754767
0.011802 -0.120393 -0.0126355
0.068456 -0.305402 0.127452
0.011802 -0.0117981 -0.0282439
0.011802 0.143915 -0.52841
0.011802 0.212158 -0.331789
0.011802 0.0601601 -0.201721
-0.111501 0.306581 0.332101
-0.082607 0.278182 -0.857917
-0.13258 -0.277003 0.173929
-0.202535 -0.305402 0.831342
-0.134644 -0.277003 0.889772
-0.0113974 0.194412 0.631604
-0.156782 -0.305402 0.79116
-0.1491 -0.277003 -0.307617
0.0267118 -0.305402 -0.601881
0.170487 -0.277003 -0.285587
0.0351365 -0.305402 0.419405
0.19911 -0.305402 0.352769
0.0246602 0.278182 -0.796533
-0.0113974 -0.105892 -0.413577
-0.0113974 0.180657 0.582934
-0.0113974 0.215899 -0.657366
-0.0113974 0.185305 -0.471941
0.011802 0.146944 0.354772
-0.0113974 -0.043432 0.843301
0.140026 0.306581 -0.732123
0.148328 0.306581 -0.105257
0.0103303 0.306581 0.435353
0.124087 0.278182 0.468698
0.157135 0.278182 0.798951
0.114802 0.278182 -0.16205
0.0657778 -0.305402 -0.487115
-0.0113974 0.208009 -0.920697
0.200404 -0.305402 -0.0141007
-0.184942 -0.305402 -0.629844
-0.157921 0.278182 0.378374
-0.0407168 -0.305402 -0.189691
0.0800463 -0.305402 0.0399832
-0.0113974 -0.0941747 -0.288437
0.011802 -0.0999884 0.741184
-0.120401 0.278182 0.748756
-0.0113974 0.103743 -0.681196
0.011802 0.0430684 -0.173288
0.0922788 0.278182 0.122611
0.011802 0.0261433 0.629425
-0.203792 -0.281779 0.507182
0.011802 0.18634 -0.391914
0.123709 0.306581 0.568763
0.0613762 0.306581 -0.377894
0.204197 -0.281559 -0.835326
0.175278 -0.277003 -0.0900769
-0.0850859 -0.305402 -0.40301
0.201468 0.306581 -0.974491
0.106269 -0.305402 -0.684273
0.011802 0.0662456 -0.0338444
0.00453642 -0.305402 -0.81145
0.011802 -0.127451 -0.930089
0.204197 0.278936 0.0181794
-0.0113974 -0.061422 -0.0606538
0.088651 0.306581 -0.717503
-0.184979 0.278182 0.672861
-0.0113974 0.0442233 0.73546
0.184096 0.306581 -0.122585
0.011802 0.0715526 -0.0739553
0.00721826 0.306581 -0.134819
-0.0113974 -0.260996 -0.0795162
-0.0113974 0.161975 0.537379
0.071523 -0.279507 -0.999946
0.011802 -0.144958 -0.143876
0.011802 0.179674 0.819236
-0.0118194 0.269683 0.871367
-0.0113974 0.242849 0.849797
-0.0113974 0.034461 -0.964974
-0.0114105 -0.265954 -0.859729
0.11903 -0.277003 -0.169712
0.011802 -0.193563 -0.40456
0.0337494 -0.305402 -0.00933734
-0.0113974 0.264605 0.633494
-0.0113974 -0.0148585 0.984411
-0.0804688 0.306581 -0.518396
0.204197 0.304196 0.872644
-0.0113974 0.0950808 0.466523
-0.0118915 -0.305402 0.6084
-0.112859 0.278182 -0.515283
-0.0832524 0.278182 -0.318564
0.105131 0.278182 -0.0795115
-0.0427568 -0.305402 -0.366849
-0.203792 0.292553 -0.031665
-0.0572923 0.306581 -0.913127
-0.0113974 0.0939575 0.71431
0.011802 -0.0820954 -0.3899
-0.0800166 0.306581 -0.835467
-0.0779892 0.278182 0.946191
-0.152124 -0.277003 0.728361
-0.0113974 0.16913 -0.227553
0.011802 -0.0558183 0.275137
-0.0113974 0.0780542 -0.249763
0.011802 -0.17179 0.326586
0.136225 0.278182 -0.0958462
0.011802 -0.176509 -0.546999
0.0977064 -0.305402 0.633582
-0.0113974 -0.114609 0.00210647
0.177704 -0.277003 0.250154
-0.0956917 -0.305402 -0.468826
-0.183963 0.306581 0.19892
0.0882788 0.306581 0.049048
-0.0113974 -0.140135 0.477345
-0.086493 0.306581 0.675221
-0.00816055 -0.305402 0.718474
-0.0113974 -0.0516917 -0.726724
0.011802 -0.082604 -0.83579
-0.203304 -0.305402 0.249095
0.011802 -0.117992 -0.348915
-0.0821464 -0.277003 -0.234267
0.189138 -0.277003 -0.00334215
-0.0231765 -0.305402 -0.0272581
-0.170508 0.278182 -0.570878
0.204197 -0.301649 0.781059
0.0727784 0.278182 0.782801
-0.0148994 -0.273709 0.764113
-0.10171 0.278182 -0.470464
0.011802 -0.263258 -0.460451
0.167199 -0.305402 0.337124
0.011802 0.174782 0.00197421
0.147881 0.306581 -0.379166
0.125675 0.306581 0.242337
0.011802 -0.0327647 0.136085
0.011802 0.0712081 -0.566749
-0.147264 0.306581 -0.836273
0.116147 -0.305402 -0.0495134
0.0955626 -0.277003 -0.157916
-0.12683 0.306581 0.112755
-0.0713467 0.278182 0.555836
-0.0920005 0.278182 -0.0633086
0.0328856 -0.305402 0.311221
0.114896 -0.305402 -0.36412
0.0602415 -0.305402 0.757286
-0.0410666 -0.277003 0.738037
-0.177913 0.306581 -0.80574
-0.099731 -0.305402 0.621289
-0.069672 0.278182 0.862832
0.0289351 0.278182 0.161843
-0.0113974 -0.0469342 0.884042
0.180532 0.306581 -0.49333
-0.100359 -0.305402 -0.0935003
0.0137413 -0.271824 0.284435
0.0279616 -0.305402 0.114839
0.011802 0.161572 -0.305884
0.12696 -0.305402 0.803653
-0.138268 -0.277003 -0.352194
0.0181695 -0.275756 0.915537
0.0310068 -0.277003 -0.425606
-0.0113974 0.0430946 0.573717
-0.109444 -0.305402 -0.334382
-0.0113974 0.0767565 0.111301
-0.0113974 -0.0174892 0.319973
0.00791595 -0.305402 0.892238
0.0130101 -0.270558 -0.839027
-0.0113974 0.250888 0.154521
-0.0113974 0.170443 0.303659
0.158763 0.278182 -0.355291
-0.0113974 0.0247147 0.218645
-0.0334623 0.306581 -0.663934
0.0202372 0.277742 -0.517938
0.181954 0.306581 0.911913
0.15238 0.305236 1
-0.0126132 -0.270573 0.448565
0.0702071 -0.277003 -0.134764
0.17927 -0.305402 -0.848361
0.011802 0.110719 -0.88967
0.011802 0.227051 0.904395
0.011802 0.151292 0.497367
0.011802 0.117306 0.620555
-0.102983 0.278182 0.774969
0.011802 0.171675 -0.167208
-0.0249691 0.306581 -0.477985
-0.0454422 -0.305402 -0.233709
0.011802 -0.156167 -0.0644122
0.0589439 -0.277003 -0.887689
-0.0504598 -0.277003 0.251011
-0.0113974 -0.133332 -0.443323
-0.0456908 -0.277003 0.52468
-0.0271256 -0.277003 0.144955
-0.0113974 0.247934 0.999244
-0.0469581 0.306581 0.270401
0.0654616 0.306581 -0.846645
0.011802 0.050998 -0.901548
0.0789234 0.278182 -0.629771
0.011802 -0.122439 0.0902722
-0.203792 0.27971 -0.155912
-0.0144749 0.274452 -0.275691
0.0567699 -0.277003 0.804341
-0.109581 0.278182 -0.632361
-0.199691 0.306581 0.382203
-0.0508233 0.278182 0.448474
-0.0113974 0.103967 0.241388
-0.0842769 0.306581 0.25788
0.0348466 0.306581 -0.616233
0.011802 -0.177994 -0.735988
-0.0226928 0.278178 -0.836215
0.126636 -0.305402 0.607788
0.011802 0.0859519 0.706893
0.0572365 0.306581 0.200735
-0.165516 0.278182 0.0455188
0.011802 0.254227 0.556036
0.200576 -0.277003 -0.409386
0.0456547 0.278182 -0.868946
0.156925 0.278182 0.242139
-0.0113974 0.191225 0.168999
0.011802 0.114294 0.91022
-0.0313218 -0.277003 -0.377591
-0.172233 -0.305402 -0.143101
-0.0113974 0.0454681 -0.632531
0.0704372 0.306581 -0.163349
0.011802 -0.177581 0.218521
-0.0434403 0.306581 -0.278361
0.0683058 -0.277003 0.262672
0.0250926 0.278182 -0.312842
0.190195 0.278182 -0.956483
0.011802 -0.252365 -0.429736
0.011802 0.174545 0.667946
0.204197 0.301643 -0.465462
-0.18316 0.278182 -0.14136
0.127442 0.306581 -0.0787408
-0.0113974 -0.0365776 -0.376351
-0.183947 0.306581 0.915891
0.0236104 0.288079 -0.999946
0.011802 -0.0939105 0.550127
0.0400321 -0.305402 0.788332
0.0209172 0.277913 -0.876172
-0.12127 0.278182 -0.592837
-0.0774218 0.278182 -0.431034
0.0919724 -0.277003 -0.556245
0.11226 -0.277003 -0.860538
-0.0113974 0.133104 0.330741
-0.0113974 -0.0733126 -0.0796421
-0.0226253 -0.276997 -0.261747
-0.203792 -0.291497 0.48429
0.011802 -0.0731955 0.878225
-0.0113974 0.149014 0.931817
0.011802 -0.102452 0.600361
-0.137276 -0.277003 0.37862
0.204197 0.301258 0.185231
-0.144883 -0.284633 1
0.011802 -0.134127 -0.783485
-0.0113974 -0.0622559 0.719569
0.0194988 -0.276327 -0.715769
-0.0113974 -0.21404 0.436178
0.0135891 -0.305402 -0.56585
-0.0654428 0.306581 0.409745
0.121084 0.278182 0.446552
-0.0113974 -0.239314 0.732675
-0.0113974 -0.0562514 -0.316398
-0.0299282 -0.305402 0.76624
0.153781 0.278182 0.56288
0.011802 0.201985 -0.087641
-0.0315007 -0.277003 -0.839902
-0.0218209 0.306581 0.718815
-0.0479096 -0.277003 -0.452408
-0.0374958 -0.305402 0.431114
0.204197 0.30464 0.269343
0.139862 0.278182 -0.773968
0.0657999 -0.305402 -0.909408
-0.203338 -0.305402 0.116388
-0.0113974 -0.22766 0.379391
0.0366837 -0.305402 -0.450791
-0.109299 0.306581 0.916724
-0.0113974 0.246679 -0.00251634
0.011802 0.259893 0.708073
0.011802 0.224278 -0.638098
0.011802 -0.135619 0.895335
0.011802 -0.108225 -0.403255
0.011802 -0.125176 -0.530468
-0.00357016 0.0658757 -0.999946
-0.092528 0.278182 0.0686024
0.140972 0.306581 -0.93828
0.011802 -0.0855351 -0.307362
-0.0817218 -0.305402 0.173513
-0.0113974 0.0583804 0.188082
0.204197 -0.302927 -0.81994
-0.112568 0.306581 -0.900408
0.0443557 -0.305402 -0.935993
0.167127 0.306581 0.108204
0.0244797 0.278182 -0.0793762
-0.108234 -0.277003 0.720288
-0.0113974 0.130315 -0.99245
-0.0113974 -0.209597 -0.707167
0.118108 -0.305402 -0.757129
0.127868 -0.277003 0.924499
-0.0113974 -0.0678851 -0.512722
-0.13884 0.306581 -0.695303
0.134556 0.306581 0.887716
-0.114952 -0.305402 0.0451238
0.0979567 0.278182 -0.754389
-0.0575089 0.278182 0.330789
-0.0113974 -0.182863 0.984992
0.011802 0.264606 -0.710324
0.0764013 0.306581 -0.479883
-0.0626034 0.278182 -0.58052
-0.0113974 -0.0427042 0.517492
-0.137215 0.278182 0.12692
0.146194 0.306581 -0.61268
0.011802 0.239796 0.328851
-0.0113974 0.175328 -0.969291
-0.0113974 -0.033474 0.41624
0.011802 0.183701 -0.801701
0.0953666 -0.305402 0.124756
0.011802 0.0176777 0.93228
0.011802 0.0569303 -0.139817
-0.0113974 -0.198036 0.142232
0.186542 -0.305402 -0.472432
-0.177886 0.278182 0.72377
-0.0113974 0.233522 0.105809
0.0965523 -0.277003 -0.385156
-0.0113974 -0.0153621 0.19561
-0.0113974 0.120315 0.282863
0.204197 -0.292975 -0.998385
0.0443157 -0.277003 -0.474693
0.0338895 0.306581 -0.298438
-0.0713547 0.278182 -0.196763
-0.0910808 -0.277003 -0.591326
-0.0676301 0.278182 0.35374
0.011802 -0.096961 -0.675574
0.129212 0.306581 0.915077
-0.148156 -0.305402 -0.762151
0.011802 -0.153209 0.93628
-0.0151184 0.275096 0.335444
0.011802 -0.0260921 -0.298006
0.0118167 0.267167 -0.632736
-0.10216 -0.305402 0.395446
-0.111531 -0.277003 0.589392
0.011802 0.253471 0.7504
0.011802 -0.195006 0.168282
0.011802 0.178139 0.216223
0.011802 -0.0227357 0.623557
-0.0511338 -0.277003 -0.338972
-0.14636 0.306581 0.882937
0.011802 0.117816 0.51463
-0.103199 0.278182 0.348944
-0.0113974 -0.156437 -0.616173
0.0496968 -0.277003 0.543362
0.011802 0.199647 -0.189155
-0.113437 0.278182 0.368691
-0.203432 -0.305402 0.679569
0.0539887 -0.277003 -0.400926
-0.185335 0.306581 0.0260673
-0.15174 0.306581 0.445079
-0.0113974 -0.228946 -0.455561
-0.203792 0.28724 0.0524819
0.011802 -0.158927 0.175951
0.128742 -0.305402 -0.185443
0.0297212 -0.305402 0.224033
-0.128791 -0.305402 0.319226
0.181131 -0.305402 -0.919295
-0.0552929 0.278182 0.255881
-0.0262926 0.278182 0.372577
-0.203792 -0.297395 0.778563
0.0903136 0.278182 0.0312162
-0.203792 -0.282175 0.554858
-0.0113974 0.178363 0.876012
0.011802 -0.109859 -0.442467
0.0879269 -0.305402 -0.657588
-0.0113974 0.0460634 -0.889759
0.0929198 0.306581 0.270044
-0.202967 0.278182 0.20561
-0.201472 0.306581 -0.572594
-0.0113974 -0.00245874 -0.96253
-0.0113974 0.193511 -0.775956
-0.131473 0.278182 -0.908601
-0.203792 0.298356 -0.0872612
-0.0343385 0.306581 -0.598245
0.204197 -0.284846 -0.902113
0.0572124 -0.277003 0.474231
0.104064 0.306581 0.198214
0.182274 0.278182 -0.0883095
0.011802 -0.119989 -0.855048
-0.0113974 0.232639 -0.804565
0.011802 -0.262817 0.0021472
0.0929624 -0.305402 0.838781
0.117171 -0.277003 0.720265
0.011802 0.0662289 0.0418201
-0.0116796 0.269126 -0.388277
0.154183 0.278182 0.387075
-0.0113974 -0.121727 0.709219
0.204197 -0.284071 -0.861924
0.011802 -0.108106 0.818968
0.126969 -0.277003 0.205794
-0.0113974 -0.246737 -0.82454
-0.201906 -0.305402 -0.820059
-0.0113974 -0.073856 0.548778
0.011802 0.188186 -0.041134
0.00128628 0.306581 -0.585892
0.011802 -0.104271 -0.76066
0.169976 -0.277003 -0.876546
0.204197 -0.277657 -0.260664
-0.0653565 -0.277003 0.694871
0.13998 -0.277003 -0.98122
-0.0113974 0.0517308 0.70086
0.144639 -0.277003 0.432794
-0.161855 -0.305402 0.295284
0.011802 0.262917 -0.126683
-0.0434956 -0.305402 -0.724277
0.149145 -0.277003 0.855324
-0.158624 0.278182 0.815682
-0.0113974 0.159675 0.86146
-0.0113974 -0.00614643 0.462989
-0.110977 0.278182 0.931764
-0.0888795 0.306581 -0.34136
-0.140935 -0.277003 -0.939708
0.011802 -0.259497 -0.486061
-0.11281 -0.305402 0.871666
-0.0113974 0.181515 -0.622391
-0.0268609 -0.305402 0.860151
-0.0113974 -0.0214304 -0.693574
0.204197 0.299298 -0.0787674
0.011802 0.00493911 0.974997
0.106543 -0.305402 -0.472351
0.0586251 -0.305402 0.910824
-0.120886 0.306581 -0.859299
0.011802 -0.0210852 0.212281
0.011802 0.230785 0.420244
0.011802 0.00977754 -0.649591
-0.143151 -0.277003 0.546451
0.011802 -0.0421263 -0.653353
0.011802 0.042611 0.908962
0.204197 -0.289402 0.67253
-0.0600047 0.306581 -0.510295
0.011802 0.151243 -0.990641
0.195592 -0.277003 0.0671135
0.0094172 -0.305402 -0.441813
-0.0113974 -0.0308157 -0.148375
-0.124097 0.278182 -0.0295817
0.011802 0.0846373 0.745212
-0.183002 0.278182 0.388783
-0.0923045 -0.277003 -0.266628
0.011802 -0.185153 0.827997
-0.0713053 -0.305402 0.068257
0.011802 -0.132456 -0.612881
-0.116668 -0.277003 0.284504
0.166359 0.306581 -0.623677
0.1172 0.306581 -0.560487
-0.0113974 0.115635 0.431805
-0.180749 0.278182 -0.37103
0.011802 -0.0580352 -0.477221
0.130111 0.278182 0.187131
0.0629785 -0.305402 -0.953713
0.130069 -0.305402 -0.689366
-0.0113974 0.0877502 0.399237
0.108195 0.278182 -0.709496
-0.199271 0.306581 -0.444588
-0.0113974 0.0758341 0.502181
-0.197152 0.278182 0.745195
-0.0119654 -0.268989 0.498718
-0.0113974 0.0834048 -0.724844
-0.182647 -0.305402 -0.0995222
-0.0113974 -0.0610691 -0.769881
-0.0113974 -0.109261 0.992372
0.0880852 0.306581 -0.0213309
-0.0113974 -0.0385536 0.929043
-0.0113974 -0.125721 -0.131424
0.166868 -0.277003 -0.196987
0.204197 -0.287741 0.389084
-0.203792 0.291082 -0.837904
0.0102289 -0.305402 -0.212739
-0.082641 -0.305402 0.479087
0.011802 -0.25372 0.836462
0.0217777 0.306581 0.409732
-0.0113974 -0.0112261 0.917022
0.0831212 0.306581 -0.765644
0.132989 0.306581 -0.0337388
-0.159132 -0.277003 -0.46459
-0.0988185 -0.277003 0.370939
-0.0113974 -0.138368 -0.257906
-0.0816028 -0.305402 -0.664875
0.011802 0.247379 -0.0448538
-0.0113974 0.177675 -0.829699
0.204197 -0.284381 -0.493484
-0.0764979 -0.305402 -0.0273365
-0.186991 0.306581 0.645127
0.011802 0.122888 0.839713
-0.163386 -0.277003 -0.4178
-0.0113974 0.0534083 0.341029
-0.0441331 -0.305402 0.708753
-0.13454 0.306581 -0.36418
0.0463494 0.278182 0.7894
-0.0113974 0.00391282 -0.54339
-0.0741402 0.306581 0.977164
-0.0707846 0.278182 -0.242904
-0.0113974 0.224831 -0.376166
0.17459 0.278182 0.946112
-0.0113974 0.0730398 0.807788
-0.0113974 -0.218795 0.61157
0.011802 -0.18997 -0.495202
-0.0113974 0.0832592 0.591022
0.011802 0.0724761 0.684271
0.191181 0.306581 -0.54743
-0.203792 0.284085 0.886109
-0.0113974 0.234224 0.569793
0.0904594 0.306581 0.0901904
0.0615152 0.306581 0.0395979
0.011802 0.157848 0.896771
0.17153 0.306581 -0.723065
0.0636398 0.306581 0.083912
-0.0113974 0.23231 0.230726
-0.109271 -0.277003 -0.844401
0.011802 -0.238313 0.600583
-0.181626 -0.305402 0.865278
0.011802 -0.00756604 -0.779891
-0.0113974 -0.157674 0.982996
0.011802 0.0409184 -0.527712
-0.068702 0.278182 -0.810905
0.203444 0.278182 0.3701
-0.0233609 0.306581 -0.187978
-0.0816122 0.306581 -0.154805
-0.0937548 -0.277003 -0.316047
-0.0113974 -0.12827 -0.488649
-0.00781635 0.302 1
0.011802 -0.262532 0.954651
0.0379076 -0.277003 0.985693
0.0192476 0.306581 0.563053
-0.0113974 -0.0770089 0.0150348
0.0482885 -0.277003 0.294402
-0.0782638 0.278182 0.386222
-0.0482448 0.306581 0.651413
0.140611 -0.305402 -0.136515
0.011802 -0.251373 0.0797228
-0.0113974 -0.165614 -0.172915
0.011802 -0.227012 -0.148042
0.011802 -0.0724804 -0.702323
0.0162279 -0.305402 -0.965221
-0.0640858 0.306581 0.465759
0.151476 -0.305402 -0.0066596
-0.191707 -0.277003 0.669004
-0.0113974 -0.0941436 0.209488
-0.177942 0.306581 -0.212342
-0.191487 -0.277003 -0.751077
-0.118472 0.306581 -0.125979
-0.127556 0.306581 -0.212574
-0.0113974 -0.257494 0.466835
0.0408318 -0.277003 0.191383
0.0156379 -0.274022 0.607755
-0.0113974 -0.0991377 0.294155
-0.0113974 0.0776152 0.637061
-0.186618 -0.277003 -0.71231
0.011802 -0.080286 -0.903628
0.123189 -0.305402 0.328936
-0.0333784 0.278182 -0.489303
-0.179792 -0.277003 -0.955998
0.164127 -0.277003 -0.341313
0.011802 -0.124075 0.265562
0.0235059 -0.277003 0.322882
-0.0113974 0.0972173 0.862486
0.129922 -0.305402 0.826535
-0.0113974 -0.0646267 0.16145
-0.0113974 0.136116 0.506952
0.0779082 0.306581 0.587359
0.011802 0.230624 0.77182
0.139642 -0.277003 -0.259405
-0.0184145 -0.276059 -0.42087
0.163469 -0.277003 0.0907377
0.0897983 0.306581 0.555712
0.011802 0.0734471 0.528427
-0.0113974 -0.12652 -0.235451
0.038547 0.306581 -0.755882
0.0882629 0.306581 -0.503527
-0.157483 -0.277003 -0.843697
0.0168542 -0.274978 0.79474
-0.172906 0.278182 0.227779
0.0725118 -0.305402 0.0102091
-0.0113974 0.0615717 0.554158
-0.0420485 -0.277003 -0.473758
-0.0113974 -0.246233 -0.561532
0.0319092 -0.277003 -0.309531
-0.0113974 0.176762 -0.07396
-0.139402 -0.305402 0.0519297
0.11409 0.306581 0.101851
0.011802 -0.230236 0.633007
0.011802 0.150062 0.805727
-0.0113974 0.0200951 0.736355
-0.0113974 0.255901 -0.160884
0.011802 -0.114901 0.206444
-0.0113974 0.0133329 -0.90758
-0.0810502 -0.305402 -0.325389
-0.0113974 -0.170306 0.777062
-0.185786 -0.305402 -0.692748
0.011802 -0.0447044 0.339296
-0.00826276 -0.305402 0.249494
0.011802 -0.0791122 0.114133
-0.0113974 0.0474512 -0.403758
-0.0113974 0.206791 -0.876472
0.101828 0.278182 0.687477
0.0920366 0.306581 0.432348
0.0594143 0.278182 0.0554222
-0.0113974 0.134569 0.882355
-0.0252987 -0.305402 -0.399913
0.204197 -0.301905 -0.753126
-0.00050741 -0.305402 0.856818
0.0785401 0.306581 0.296373
-0.0182708 -0.275996 0.957014
-0.0113974 0.239765 -0.415498
0.011802 -0.218352 0.560227
0.191417 0.278182 -0.878294
-0.0289517 -0.277003 0.113663
-0.161534 -0.305402 0.616398
0.011802 0.178436 0.693188
-0.0113974 0.0520404 -0.778528
0.011802 -0.177356 0.538285
0.0678905 0.278182 0.234721
0.011802 0.0640637 0.974746
-0.0113974 0.219648 0.967891
0.107916 -0.305402 -0.00287141
-0.106125 0.278182 0.878682
0.0806126 -0.277003 0.743375
0.113783 -0.305402 0.245635
0.0881686 -0.305402 0.771071
0.154198 -0.277003 0.50905
0.011802 0.0372738 0.442342
0.0431823 0.278182 -0.132215
-0.203792 -0.296378 -0.159828
-0.156789 0.306581 0.307464
-0.199832 0.278182 -0.551509
0.011802 -0.238523 -0.647694
0.0127324 -0.305402 0.414254
0.114874 0.278182 -0.524757
0.011802 0.110061 0.0370982
0.123452 -0.277003 -0.732254
-0.0970078 -0.277003 -0.878622
0.011802 -0.10434 0.47502
0.011802 0.200312 -0.708269
0.011802 0.0737571 -0.235731
0.0361148 0.306581 -0.920599
0.135387 0.278182 -0.591552
-0.172014 -0.305402 -0.752315
-0.0195155 0.306581 -0.513454
-0.181982 -0.277003 0.765743
0.011802 -0.0415828 -0.323496
-0.023279 0.306581 -0.258644
-0.149511 -0.305402 0.832941
0.0960681 0.278182 -0.611631
-0.0861445 -0.305402 0.119879
-0.119542 -0.277003 0.762744
-0.164739 -0.305402 -0.246461
0.0570234 -0.305402 0.322728
0.011802 0.164846 0.942382
0.169672 0.278182 -0.450899
-0.0113974 -0.209329 -0.683291
-0.0565587 -0.305402 0.393955
0.184933 -0.305402 0.274986
-0.146033 0.306581 0.558729
0.11367 0.306581 -0.736558
0.172322 -0.277003 0.634154
0.10268 0.306581 -0.400053
0.191638 -0.305402 0.709151
-0.0113974 -0.186413 -0.184472
-0.121114 -0.305402 0.241411
0.0775736 0.306581 0.973907
0.0081322 -0.305402 0.0478757
-0.0113974 -0.247063 0.542708
0.00347316 -0.305402 -0.888734
-0.0278376 -0.305402 0.677174
0.0675131 -0.277003 -0.179067
0.198441 -0.305402 0.451018
0.0902238 0.278182 -0.44333
-0.0113974 -0.23207 -0.134108
0.011802 0.0311529 -0.582472
0.154003 -0.277003 0.239604
-0.17452 0.306581 0.513577
0.011802 0.0943888 -0.703217
0.0882969 -0.277003 0.906195
0.0592246 0.278182 -0.0251794
-0.121248 0.306581 -0.652483
0.011802 -0.00192786 -0.0618083
0.011802 0.223597 -0.943053
0.011802 -0.0890799 -0.0583424
-0.0671954 -0.305402 0.460981
0.011802 -0.263466 -0.0891839
-0.177 -0.277003 0.691858
-0.0607904 -0.277003 0.972042
0.011802 0.181539 0.416862
-0.140763 -0.277003 0.0831639
-0.0113974 0.154438 0.775723
0.011802 0.0910012 -0.898325
-0.0113974 -0.189885 -0.951135
-0.131217 0.278182 0.910565
-0.203792 0.291032 -0.624228
0.0921958 -0.305402 -0.124452
0.011802 0.197571 -0.599918
0.0515149 -0.277003 0.613262
0.011802 0.168303 0.0827124
-0.182454 0.306581 0.711366
-0.0698506 -0.305402 0.501018
0.0118021 0.266635 -0.667827
-0.121877 -0.277003 -0.766871
-0.0113974 -0.122067 -0.192508
-0.106935 -0.305402 -0.703197
0.042702 0.306581 0.222951
-0.101854 -0.277003 -0.337779
-0.0277507 0.278182 0.940728
-0.0175056 -0.305402 -0.751406
-0.0942076 0.278182 0.73096
-0.0113974 -0.0296521 -0.617151
-0.091379 -0.293621 1
0.011802 0.0964519 0.996805
0.183808 0.278182 -0.145628
0.011802 0.140554 0.988004
0.011802 0.0728078 -0.778976
0.011802 -0.230712 -0.172921
0.011802 0.114026 -0.770825
0.140925 -0.305402 0.562524
-0.0113974 -0.1851 0.474998
-0.0113974 -0.183675 0.86203
-0.199375 0.279792 -0.999946
-0.138417 0.306581 0.813792
-0.126871 0.306581 0.162229
-0.110529 -0.277003 -0.553109
0.000394763 0.299594 -0.999946
-0.0113974 -0.0646142 -0.683078
-0.18371 0.278182 0.248685
0.011802 0.205416 0.744198
-0.0113974 -0.111507 0.397002
0.00121112 -0.305402 0.56625
-0.0113974 -0.111806 -0.906773
-0.0113974 0.134516 0.377309
0.011802 0.265944 -0.55751
-0.015688 -0.27441 0.579749
0.142223 -0.305402 0.40684
-0.0592758 -0.277003 0.504808
0.011802 -0.174161 0.358942
0.011802 -0.155296 -0.202684
-0.0793138 0.278182 0.436274
0.011802 0.216642 0.529073
0.0674043 0.306581 -0.729136
-0.0113974 -0.0797482 0.816023
-0.16168 0.306581 0.470708
-0.115167 -0.305402 0.706824
-0.0113974 -0.214964 -0.402379
0.011802 0.0185657 -0.356951
-0.0113974 0.120792 -0.100159
0.011802 0.031868 -0.21843
0.161143 0.306581 -0.0555785
0.0630887 0.278182 0.361456
0.185979 0.306581 -0.605928
-0.0113974 0.111458 0.342093
0.011802 0.0147546 -0.320935
0.011802 -0.127027 -0.274185
-0.0239498 0.306581 0.203367
-0.0113974 0.0212344 0.429267
0.202512 -0.305402 0.876828
-0.0207988 0.277972 -0.205511
-0.0946557 -0.305402 -0.948526
0.0536689 -0.277003 -0.545057
-0.139793 0.306581 -0.5725
0.011802 0.0695616 -0.651052
-0.203792 -0.287092 -0.263699
-0.0113974 0.000751157 -0.85542
-0.0113974 -0.0940439 -0.570215
-0.000481902 0.306581 0.481059
0.011802 -0.219407 -0.912647
-0.165047 0.306581 -0.892717
0.011802 0.137811 -0.407627
-0.0113974 0.00781772 -0.00988516
-0.0113974 -0.137522 -0.892652
0.097869 0.306581 -0.17833
-0.173888 0.306581 0.118893
0.011802 0.254911 -0.913943
-0.203792 0.281429 -0.268657
0.141036 -0.277003 0.824221
-0.034385 -0.277003 0.455095
0.199014 -0.277003 0.248086
-0.00755083 0.306581 -0.627252
-0.0113974 -0.128505 0.805736
0.011802 0.0407725 -0.457585
0.158844 0.278182 -0.713164
-0.0113974 -0.211572 -0.00694099
-0.109103 -0.305402 -0.821617
0.101815 -0.277003 0.977176
-0.124503 0.306581 -0.970723
0.204197 -0.284214 0.901558
-0.203792 0.282089 0.304275
-0.0113974 0.190343 -0.230314
0.0296752 -0.277003 0.109958
-0.0645481 0.278182 -0.328943
-0.0275022 0.278182 0.460474
-0.0113974 -0.148999 -0.75941
-0.0113974 0.138468 0.814495
-0.0113974 -0.117909 0.835659
0.15529 0.278182 -0.199716
0.203283 0.306581 0.416256
-0.018605 -0.305402 -0.891763
-0.18191 -0.305402 0.158366
0.204197 0.280794 -0.575602
-0.0113974 0.12035 0.731787
0.0635973 -0.277003 0.437123
0.012413 0.270298 0.681003
-0.0744742 0.278182 0.662937
-0.0113974 -0.0402898 -0.987972
0.0148327 -0.305402 -0.759331
0.12166 -0.305402 0.413779
-0.181854 0.278182 -0.442133
0.0861504 -0.277003 -0.757415
-0.0113974 0.055808 -0.96691
-0.0113974 0.027159 0.940028
-0.151113 -0.277003 -0.604286
-0.151456 -0.277003 -0.891551
0.011802 0.0843375 0.941096
-0.0113974 -0.150405 0.848815
0.0789489 0.306581 0.480277
-0.0113974 -0.253181 0.890633
0.011802 0.0337745 -0.762749
-0.0113974 0.156984 0.268598
-0.0664457 0.306581 -0.697612
0.011521 0.306581 0.20728
0.011802 -0.236369 -0.869043
-0.0113974 -0.138994 -0.665857
-0.114933 -0.305402 -0.357062
-0.0113974 -0.140183 -0.337981
-0.0601759 0.283793 -0.999946
0.121878 -0.277003 0.537353
-0.180203 -0.305402 0.925817
0.069 0.306581 0.634195
-0.119987 0.306581 -0.611685
-0.0113974 0.117998 0.186702
-0.133262 0.278182 0.664027
-0.0113974 -0.204208 0.577882
0.147921 -0.277003 0.129201
0.128269 -0.305402 -0.0722403
-0.166007 -0.277003 -0.241135
0.0307936 0.278182 -0.498342
0.0776412 -0.277003 -0.797493
-0.0458704 0.278182 0.0940664
0.011802 0.176167 -0.0947353
0.011802 0.0120014 -0.819101
-0.0692945 0.306581 -0.025591
-0.0113974 -0.17723 0.680319
0.011802 -0.0551567 -0.528592
0.100114 -0.305402 0.732079
-0.0113974 0.178946 -0.196654
0.0646548 0.306581 0.656152
-0.125513 -0.277003 -0.249408
-0.203792 0.291831 -0.661721
0.102839 -0.305402 0.561814
-0.0113974 -0.188893 -0.384078
0.148797 0.278182 -0.997443
0.011802 0.0186484 -0.166526
-0.0437888 -0.305402 -0.613705
0.011802 -0.183021 0.239082
0.011802 -0.173374 -0.456362
-0.0530049 -0.277003 0.153282
-0.125276 0.278182 -0.721259
-0.0113974 -0.0828741 0.950683
0.107253 -0.277003 0.816347
-0.0113974 0.0121776 -0.201341
0.15424 0.278182 0.332344
0.011802 0.148384 -0.134541
-0.0113974 0.19797 0.546155
-0.148201 -0.305402 -0.478939
-0.0517322 0.306581 -0.866061
0.140132 0.306581 0.619388
0.104841 0.278182 -0.0317463
0.143105 0.306581 0.436879
-0.155617 -0.277003 0.647355
0.0827997 -0.305402 -0.80551
-0.0113974 -0.199187 0.230315
-0.0122266 -0.26971 -0.383354
-0.0113974 0.00140645 -0.58595
-0.0113974 -0.234561 0.766465
0.204197 -0.294615 0.624395
0.011802 -0.0547839 -0.959706
-0.0113974 -0.144727 0.52043
-0.0113974 0.0688455 0.848232
-0.135657 -0.277003 -0.809255
-0.0113974 0.138063 -0.295706
-0.0423064 -0.277003 0.0406796
-0.0113974 0.256637 0.688409
0.204197 -0.295549 0.490259
0.204197 -0.279349 -0.600999
0.16395 -0.305402 0.784189
0.153657 0.306581 0.011036
0.204197 0.297771 -0.0474727
-0.0113974 -0.0582133 -0.556985
-0.0113974 -0.109121 0.671468
-0.138147 0.278182 0.191089
-0.122976 -0.277003 0.633449
-0.10621 0.306581 -0.485383
-0.0731137 0.306581 -0.112575
-0.0113974 -0.262753 0.626876
0.187518 0.278182 0.435289
0.011802 -0.205975 -0.424298
-0.0113974 -0.203495 0.403432
0.130813 -0.277003 -0.761976
0.0636264 -0.305402 -0.0495522
-0.108797 0.278182 -0.350899
0.186635 0.306581 -0.818142
-0.132282 0.278182 -0.830379
-0.0113974 0.00229651 -0.368674
-0.0113974 0.0922703 -0.574258
-0.113597 -0.277003 -0.416886
0.204197 0.302011 -0.417218
0.105266 -0.305402 0.170382
-0.203792 0.282425 0.470202
-0.0504562 -0.277003 -0.29465
-0.0809947 -0.277003 0.787344
-0.0900977 0.278182 -0.898413
0.202196 -0.277003 -0.161023
-0.0755319 0.306581 0.955125
0.194801 -0.305402 0.748453
0.011802 -0.0232909 0.299797
-0.0113974 0.134626 0.441157
0.0159013 0.275431 0.282453
0.204197 -0.301594 -0.655178
-0.0113974 0.221305 -0.0717808
-0.0113974 0.215745 0.324216
0.141801 -0.277003 -0.216106
0.108128 0.278182 -0.424379
-0.0113974 -0.0821163 0.273338
0.0798044 -0.277003 0.016225
0.011802 0.173579 0.0367599
-0.0563817 -0.277003 0.306669
-0.0871406 -0.305402 -0.761363
-0.0113974 0.0326133 -0.665872
-0.0875973 -0.277003 0.687065
-0.0113974 0.0695971 -0.879707
0.0634865 -0.277003 0.400134
-0.0113974 -0.210117 -0.930002
-0.157455 -0.305402 -0.829764
0.145717 0.278182 0.695309
0.086894 -0.277003 -0.113144
0.011802 -0.160522 -0.875337
0.0934839 0.278182 0.485643
0.182742 0.306581 0.462317
-0.117741 0.278182 -0.379532
0.011802 -0.22979 0.415303
-0.0534541 0.306581 0.607032
0.195631 0.278182 0.132602
-0.0113974 -0.00415851 -0.0963562
-0.0113974 -0.141935 0.165461
-0.102816 0.306581 -0.595611
0.045913 -0.277003 -0.140504
0.136069 -0.305402 -0.876094
0.011802 0.0974744 0.356042
-0.0113974 -0.24862 0.849638
-0.108365 0.278182 -0.448489
0.0166547 0.306581 -0.604627
-0.0113974 -0.192963 0.781979
0.011802 -0.150812 -0.309278
0.011802 -0.120874 0.877961
0.011802 -0.229728 -0.319323
0.119284 -0.305402 0.705418
-0.0113974 0.0964386 -0.227676
-0.0722787 0.278182 -0.768031
-0.0452829 -0.305402 0.146704
0.011802 0.23139 -0.0187077
-0.0113974 0.166797 0.416429
0.204197 -0.285381 -0.641345
0.204197 -0.295752 0.135132
-0.0224942 0.278171 -0.356179
0.0625516 -0.305402 -0.281584
-0.0113974 0.0492086 0.0634736
0.123831 -0.305402 -0.153418
0.011802 -0.152669 -0.730515
-0.203792 0.29459 -0.592023
0.185204 0.306581 0.323428
-0.0113974 -0.0285918 0.458723
-0.0113974 -0.115196 -0.971104
-0.0113974 -0.0836204 0.713662
0.138031 0.306581 0.185499
0.0909586 0.306581 0.00846268
0.179457 -0.305402 -0.404589
0.011802 0.0459794 0.593107
0.011802 -0.165529 -0.103948
-0.0113974 -0.0489325 0.755667
-0.18272 0.306581 -0.337975
0.204197 0.279923 0.289963
0.130158 -0.305402 0.211497
-0.0113974 -0.209615 -0.223545
-0.129636 0.278182 -0.334671
-0.0113974 -0.264194 -0.190773
-0.0113974 0.0381972 -0.512478
0.011802 0.00902165 0.50928
0.10763 0.278182 -0.881924
0.08051 0.278182 -0.971252
0.011802 0.110057 0.0990672
0.011802 -0.0197117 0.259105
-0.0470748 0.306581 -0.333997
0.0754099 0.278182 -0.367942
-0.0496326 0.306581 0.232732
-0.140259 0.278182 0.326851
-0.0910511 0.306581 0.927194
-0.0116445 -0.267785 0.276347
0.0969665 -0.305402 -0.0407179
0.011802 0.105939 0.399127
-0.083457 0.306581 -0.0855425
0.204197 -0.278179 0.337847
-0.0363557 -0.277003 0.404461
0.181738 -0.277003 -0.594203
0.111563 -0.305402 -0.42743
-0.0113974 -0.233672 -0.206038
-0.089163 0.306581 -0.208055
-0.00922613 0.306581 0.641127
0.011802 0.151915 0.631529
0.011802 -0.0285917 0.830317
0.0370801 -0.305402 0.931792
-0.0285842 -0.305402 0.924427
0.158789 0.278182 0.655718
0.111752 -0.305402 -0.726286
0.0698274 0.278182 0.187516
-0.17735 -0.305402 0.682063
-0.0231062 -0.305402 -0.652798
0.184313 0.306581 0.0400369
-0.0874424 0.278182 -0.00423133
-0.181309 0.278182 -0.298122
-0.074927 -0.277003 0.649491
-0.0862454 0.306581 -0.376026
0.204197 0.295293 -0.637529
0.011802 0.213382 0.787014
-0.0474219 -0.305402 -0.533708
0.096007 0.278182 -0.207913
0.160627 -0.305402 -0.363382
-0.0123647 -0.305402 -0.20334
-0.087457 0.306581 -0.557192
-0.0113974 -0.18839 0.619258
0.075367 0.278182 -0.097165
-0.0113974 -0.172275 -0.494522
0.0609409 -0.305402 0.853773
0.011802 -0.0407227 -0.399829
-0.077326 -0.277003 -0.772904
-0.0496628 -0.277003 -0.647926
-0.0113974 0.255377 0.502804
0.11195 -0.277003 -0.00559484
0.160794 -0.277003 -0.978691
-0.00139193 -0.305402 0.95768
-0.0117257 0.269323 0.251345
-0.203792 0.303166 -0.979305
-0.080307 -0.305402 0.434291
-0.077268 0.306581 0.887004
0.0417834 0.278182 0.392056
0.196569 0.278182 0.208558
0.011802 0.131998 -0.732591
0.011802 -0.0958039 -0.819518
-0.0113974 -0.130744 0.262342
0.0595534 0.306581 -0.755004
0.011802 0.221653 -0.706217
0.183794 -0.277003 -0.307554
0.0829673 -0.305402 0.340413
0.0728053 0.306581 0.92872
0.011802 -0.110091 -0.235788
-0.0113974 0.149048 -0.125742
0.173638 -0.305402 -0.805482
-0.0265489 -0.277003 0.632183
0.011802 0.0741384 -0.463905
0.161101 -0.277003 0.17293
-0.00922717 -0.305402 0.835995
-0.0118952 0.306581 0.927193
-0.0837632 -0.277003 0.03366
0.011802 -0.0673787 -0.123731
0.0337101 -0.277003 0.76713
0.011802 0.107128 -0.563804
-0.150147 0.278182 -0.786364
0.121167 0.278182 -0.208348
-0.0823532 0.306581 0.772654
-0.0113974 0.221239 -0.453369
-0.12483 0.295123 -0.999946
-0.0865278 -0.305402 -0.571663
-0.162694 -0.305402 0.519729
0.011802 -0.0780974 0.733237
0.204197 -0.283908 -0.463018
0.011802 0.253899 0.837406
0.120027 -0.277003 0.161629
-0.203792 -0.29689 -0.487609
0.0118648 -0.305402 -0.102131
-0.0113974 0.135619 0.0772431
0.204197 -0.296725 0.0517395
0.204197 -0.285625 0.0928061
0.147979 -0.305402 -0.54091
0.155531 -0.277003 -0.788805
0.164903 0.278182 0.0224961
0.0964632 -0.277003 -0.298835
-0.0272163 0.278182 -0.542123
0.119861 0.306581 0.398678
-0.0113974 -0.16925 0.0436026
0.011802 0.194794 -0.492138
-0.0607754 0.306581 -0.751403
0.0951893 0.278182 0.848084
-0.10262 0.278182 0.104329
-0.118125 0.278182 -0.169544
-0.0113974 -0.1704 -0.755307
-0.0515548 -0.305402 -0.11368
0.11232 -0.305402 0.462075
0.0724113 0.306581 0.770723
-0.180119 -0.305402 0.556474
-0.0113974 -0.211664 -0.0413702
0.011802 0.151396 0.849752
0.117362 0.278182 0.0137515
0.00158351 -0.305402 0.52606
0.0630113 0.306581 0.806802
-0.203792 -0.285937 0.297308
0.137542 0.278182 0.0970707
-0.0113974 -0.0957358 -0.160793
0.011802 0.12605 -0.903998
-0.0113974 -0.0293447 -0.00654453
-0.0552607 0.306581 -0.77563
-0.0113974 0.1853 -0.650156
-0.0383145 -0.277003 -0.0511743
-0.0938646 -0.277003 0.974991
0.0270071 -0.305402 -0.1806
-0.1093 0.306581 -0.264922
-0.151369 0.306581 0.332861
-0.0518353 0.278182 -0.892755
-0.157474 -0.277003 0.509531
0.011802 0.144432 0.0580361
-0.0113974 0.195985 -0.410941
-0.0113974 0.229132 -0.266204
-0.0817161 -0.305402 0.0149926
0.011802 -0.044838 0.601117
0.162379 0.278182 -0.627431
-0.0113974 -0.154665 0.341683
0.011802 0.0809596 0.4276
0.121934 -0.277003 0.280339
0.183453 -0.277003 0.688129
0.204197 0.285836 -0.396392
0.188577 0.278182 0.254582
-0.194658 0.278182 -0.876109
-0.0349879 0.278182 -0.71135
0.185614 -0.305402 -0.0485875
-0.0491377 0.278182 0.625031
0.174751 -0.305402 -0.506272
-0.0113974 -0.100009 0.49204
0.011802 0.163406 -0.521192
0.011802 0.0138594 -0.881232
-0.0740316 -0.277003 -0.998372
0.149722 0.306581 -0.839236
0.0398078 -0.305402 0.710601
0.0118617 -0.266579 -0.344054
-0.0113974 0.086731 -0.421336
-0.0800974 0.278182 -0.721364
-0.0113974 0.0765494 -0.0956984
0.0232252 0.306581 0.869948
0.0742284 0.306581 -0.954745
-0.0322383 -0.277003 0.554164
0.0684115 -0.305402 -0.710629
0.204197 0.288199 0.448287
-0.0113974 0.131408 -0.718212
-0.0113974 0.00852689 0.141825
-0.0422593 0.306581 0.148045
-0.162419 0.306581 -0.766672
0.011802 -0.0430219 0.786519
-0.0113975 0.266637 -0.242653
-0.0113974 -0.130155 0.62254
-0.0113974 0.119808 -0.427994
-0.0113974 0.110751 0.980313
0.0967145 -0.305402 -0.0881693
0.0594341 0.278182 0.826882
-0.0113974 0.130347 0.0399142
0.134045 0.306581 0.0520981
0.163255 -0.305402 0.504355
-0.0342306 0.278182 -0.0522509
-0.203792 0.295961 0.0279137
0.011802 -0.227144 -0.342058
0.162132 0.278182 -0.252194
-0.0113974 -0.141318 -0.828715
-0.0113974 0.178252 0.0622511
-0.151016 0.306581 -0.324159
-0.126818 -0.277003 -0.705103
0.168023 0.278182 -0.317194
0.011802 0.0176638 0.754282
0.011802 0.0428196 0.964581
-0.0113974 0.139865 -0.636413
0.011802 0.256431 -0.590603
-0.0113974 -0.0444682 -0.941181
-0.0113974 -0.196966 -0.613313
0.204197 0.299835 -0.903163
-0.0113974 0.102861 0.791537
0.170519 -0.277003 -0.0220849
0.011802 -0.0677699 0.931822
-0.0113974 0.170611 0.368336
-0.0113974 0.176752 -0.307591
0.10346 -0.305402 -0.803974
0.0430124 0.280819 -0.999946
0.011802 -0.102916 0.0175369
-0.0113974 0.0889329 -0.484553
-0.0938862 0.298755 1
0.011802 -0.18735 0.715531
-0.153928 -0.305402 0.749011
-0.00129736 0.306581 0.276757
0.152355 0.306581 0.595464
-0.0113974 0.0444536 -0.592454
-0.0540131 -0.305402 -0.484947
0.0510158 -0.305402 0.274608
-0.0113974 -0.0863127 0.140847
0.011802 0.149103 0.397033
0.0200768 0.277695 0.205366
0.204197 -0.284195 -0.106466
0.011802 0.191101 -0.371767
0.146294 0.306581 -0.139562
0.162057 -0.277003 0.754024
-0.177805 0.278182 -0.528466
0.011802 0.165272 -0.350991
-0.14709 -0.305402 -0.618529
-0.198563 -0.277003 0.145393
-0.153762 -0.277003 -0.743767
0.0934835 0.306581 -0.894585
-0.0113974 -0.0388205 0.0814231
-0.0113974 -0.211547 0.727389
0.187165 0.306581 0.195692
0.0311346 -0.277003 0.469095
0.011802 -0.091768 -0.275483
-0.066297 -0.277003 -0.542101
-0.0113974 -0.101303 -0.865146
-0.0240781 -0.305402 -0.731371
0.123847 -0.277003 -0.558114
0.100086 0.278182 0.44162
-0.127495 0.278182 0.28599
0.164171 -0.305402 0.137123
-0.0194164 -0.276436 -0.0246466
0.115379 -0.305402 0.485029
0.175151 -0.277003 0.421862
-0.0113974 0.200532 -0.488826
0.204197 0.305859 -0.107659
0.0461813 -0.305402 0.620487
0.011802 0.18144 0.138535
-0.0113974 -0.0973242 -0.349391
-0.0425445 -0.277003 0.675558
-0.0960316 -0.305402 -0.233946
0.0834277 -0.305402 0.880138
0.134292 -0.305402 -0.803379
0.0915438 -0.305402 -0.977652
0.204197 -0.299575 -0.625101
0.123267 0.285716 -0.999946
-0.181507 0.278182 -0.0199232
0.150467 -0.277003 -0.361529
0.011802 0.0214819 -0.837438
0.011802 -0.209072 0.759097
-0.203459 0.278182 -0.227752
-0.0113974 -0.230173 -0.0720258
0.011802 0.253213 -0.789607
-0.0113974 -0.113474 0.16071
-0.0113974 0.179601 0.672862
0.011802 -0.00850851 0.685764
-0.0113974 -0.118033 0.736185
-0.0259723 -0.277003 -0.797656
-0.0113974 0.19774 0.0326195
-0.0727182 -0.305402 -0.697809
0.011802 0.262792 -0.751015
0.0484239 -0.305402 -0.312874
-0.0113974 0.0153662 0.175425
-0.0113974 -0.0524568 -0.23287
0.0259288 0.306581 0.104773
0.011802 0.259023 -0.359648
-0.0113974 0.0626353 -0.93071
-0.0248455 0.278182 0.600847
-0.203792 0.278928 -0.693208
0.0287672 -0.277003 0.0465755
0.011802 -0.219439 0.21272
0.011802 -0.191408 0.486124
-0.203792 0.294116 0.981549
-0.0966546 0.278182 -0.235583
0.103936 0.306581 0.514285
0.011802 0.207009 0.699643
-0.0113974 -0.0899235 0.746385
-0.0958466 0.278182 -0.979803
-0.126063 -0.305402 -0.321674
0.0631377 0.278182 -0.709478
-0.0739678 -0.305402 0.86421
-0.0113974 0.168928 0.334943
0.0859757 0.278182 0.165176
0.096077 0.278182 -0.582297
-0.184985 -0.305402 -0.448748
-0.0245006 -0.287476 1
0.0577338 -0.305402 -0.090612
0.0414191 -0.305402 -0.242388
0.204197 0.281452 -0.802587
-0.0113974 -0.256019 0.430477
-0.0890557 0.278182 -0.134888
-0.0113974 -0.200755 0.327732
0.011802 -0.184952 -0.802002
0.204197 0.29744 0.818082
-0.00367295 -0.305402 -0.6974
0.011802 -0.224843 -0.565029
-0.0113974 0.0325971 0.869066
-0.0685829 0.278182 0.181214
0.129777 0.278182 0.0461682
-0.108052 0.278182 0.982481
0.011802 -0.144793 -0.540316
0.011802 -0.128332 -0.834323
0.0342912 -0.277003 -0.0563944
0.0178382 -0.275582 -0.88505
0.109302 -0.277003 0.348021
0.101351 -0.277003 0.786852
-0.102703 -0.305402 -0.0200979
0.137083 0.278182 -0.289304
-0.0113974 -0.25345 -0.691976
-0.121516 0.306581 -0.283092
-0.0113974 0.0252865 -0.706547
0.011802 -0.103651 0.121913
0.0135322 0.272677 0.369911
0.0923656 0.278182 0.897125
-0.0113974 0.247123 0.806293
-0.0113974 -0.2115 0.529009
-0.0359027 -0.305402 0.521158
0.1452 -0.277003 -0.0544849
-0.203792 0.295449 0.137275
-0.0785812 0.306581 -0.792168
0.011802 0.0868947 -0.00899954
-0.0113974 0.260865 0.528124
0.011802 0.121058 -0.365821
-0.0178062 -0.305402 -0.0689164
-0.0358983 -0.277003 0.220048
-0.0113974 -0.0251747 -0.424565
-0.172642 0.306581 0.369039
-0.0113974 -0.12958 -0.017502
-0.0123712 0.271235 -0.931647
-0.00210798 -0.305402 -0.249635
0.011802 -0.0790805 -0.0997855
0.0910508 -0.277003 -0.517791
-0.203792 -0.286075 -0.432385
0.182203 0.278182 0.868024
0.011802 -0.155659 0.888776
0.152974 -0.305402 0.226536
0.011802 0.218418 0.629537
-0.159322 0.306581 0.283274
-0.0546099 0.278182 0.880349
0.181867 0.278182 -0.562652
0.011802 0.0931556 0.647062
-0.0113974 0.055356 0.457681
-0.100708 0.306581 0.569632
0.181468 0.306581 0.553432
0.0861147 0.306581 0.952948
0.18198 -0.277003 0.880335
0.114685 -0.305402 0.286014
0.150648 0.306581 0.0786334
0.0997137 0.306581 -0.985382
-0.186911 -0.277003 0.951686
0.0317904 0.278182 -0.568378
-0.0113974 -0.21176 -0.888978
0.011802 -0.0502814 0.678069
0.0901994 -0.305402 -0.355087
-0.199573 -0.305402 0.960674
0.011802 0.119228 0.436583
-0.0113974 0.210107 -0.688835
-0.113413 -0.305402 -0.297217
-0.0113974 0.159128 0.689101
0.011802 0.259518 -0.150987
-0.00732343 0.179075 -0.999946
-0.191721 -0.305402 -0.996052
0.123165 -0.305402 -0.520684
-0.147846 -0.277003 -0.643084
0.146685 0.278182 -0.0526331
-0.158492 -0.305402 0.124867
0.114828 0.278182 -0.667613
-0.0113974 0.135438 -0.22481
-0.0113974 -0.168682 -0.666
-0.203792 -0.293772 0.617139
0.011802 -0.215318 0.336812
0.011802 -0.0141095 0.646892
-0.164598 -0.277003 0.439224
0.011802 0.120102 -0.803311
-0.0113974 0.086911 -0.994988
-0.0113974 -0.151449 -0.864195
-0.139689 0.278182 -0.380729
0.011802 0.0819038 -0.172675
0.0274775 0.278182 0.236319
-0.0113974 -0.0406289 0.382595
-0.0713567 -0.277003 0.557572
-0.0675097 0.278182 0.131486
-0.0113974 -0.080732 -0.145294
0.00452921 -0.305402 0.504378
0.000255989 -0.305402 -0.473189
0.0373578 0.278182 0.868437
-0.0113974 -0.0457606 -0.430121
0.011802 0.133079 -0.0176229
0.011802 -0.25568 0.48204
0.011802 -0.245629 -0.527438
0.123534 0.278182 -0.33097
-0.137464 0.278182 0.355878
-0.169517 0.306581 -0.655733
-0.0113974 -0.259058 0.670714
-0.182523 -0.305402 0.719145
-0.203792 -0.288594 -0.0410245
-0.0113974 -0.0933035 0.604246
0.0216335 -0.305402 -0.375577
-0.178462 -0.305402 -0.0225278
-0.0975418 0.278182 0.256515
-0.0413601 0.278182 -0.602489
0.150445 -0.277003 0.33679
0.011802 0.169469 -0.854672
0.0894897 0.278182 -0.864213
0.011802 -0.0370092 -0.493826
-0.10359 0.278182 -0.552994
0.0129609 -0.305402 0.696974
-0.159673 -0.277003 -0.204642
0.0756414 -0.277003 -0.331037
-0.0113974 0.166607 -0.0244952
-0.151018 0.306581 0.765366
0.011802 -0.225258 0.491444
-0.0113974 0.230988 0.349027
0.0470333 0.306581 -0.0264298
-0.179537 -0.277003 -0.65014
0.16416 -0.305402 -0.0852016
0.0801116 -0.305402 0.962964
0.00668408 0.306581 0.362881
0.186691 -0.305402 0.937297
0.011802 0.00175231 0.307697
0.108719 0.306581 -0.855775
0.0779187 -0.305402 0.412714
-0.195856 -0.277003 -0.845329
-0.203792 -0.278243 -0.178902
-0.142903 -0.305402 -0.552455
0.182159 0.306581 0.597616
-0.185459 -0.277003 0.985219
0.0174958 0.276566 -0.457944
-0.0113974 -0.110633 -0.694055
-0.0113974 0.257695 -0.123696
-0.167824 0.306581 -0.0274841
0.011802 0.198005 0.10383
0.126984 -0.277003 -0.129456
-0.132979 -0.277003 -0.0835651
0.0519049 0.306581 -0.889647
-0.0113974 0.224067 -0.179212
-0.140745 0.306581 0.537548
-0.0113974 0.00221077 -0.339022
0.0574279 -0.305402 0.043193
-0.0694054 -0.277003 -0.101989
-0.107045 -0.277003 0.905786
-0.0113974 0.155661 0.640698
-0.0113974 -0.0690293 0.66155
0.011802 -0.164909 -0.840506
0.011802 -0.164391 0.456515
0.011802 -0.0996158 0.431518
-0.133025 0.306581 -0.876281
0.182639 -0.277003 0.205915
0.011802 0.0115577 0.33003
-0.0113974 -0.0299257 0.811064
0.011802 -0.0455415 -0.20445
0.011802 0.0906461 -0.855893
0.0913991 0.278182 -0.176682
-0.0702651 -0.277003 0.135073
0.011802 0.120871 0.0587751
-0.182424 0.306581 -0.996114
-0.0113974 -0.0737644 -0.608739
0.011802 -0.025597 0.920846
0.0384702 0.278182 -0.0069097
-0.0113974 0.0663633 0.407852
0.011802 -0.202275 -0.836786
0.0449428 -0.305402 -0.675652
-0.0270973 0.278182 -0.0930998
-0.160376 0.278182 -0.712671
-0.0113974 -0.0214945 0.941218
0.0169281 -0.275028 0.733565
0.183488 0.306581 0.838402
0.0959369 0.278182 -0.777611
0.011802 0.157799 0.710895
0.163879 -0.303804 -0.999946
-0.0113974 0.0745142 0.243139
0.011802 -0.0108431 0.126651
-0.130642 0.278182 -0.98309
-0.0178138 -0.305402 0.131284
-0.0993365 -0.305402 -0.201563
-0.0113974 0.00699847 0.548955
0.109348 0.278182 -0.376505
-0.0113974 0.217094 -0.732514
0.011802 -0.0825456 0.252672
0.011802 0.102207 -0.214795
-0.0113974 -0.236559 -0.579477
0.204197 -0.298799 0.548253
-0.0856081 -0.305402 -0.72335
-0.172772 -0.277003 -0.165677
-0.0113974 0.0220343 -0.0335983
0.0760419 0.278182 -0.311655
0.011802 -0.244679 -0.305577
0.100074 -0.277003 -0.250084
0.0413279 0.278182 -0.913638
0.011802 -0.0784618 0.442875
0.0703967 0.306581 -0.799113
0.155821 0.278182 0.839317
0.0562739 0.278182 0.436299
-0.168584 -0.277003 -0.0216101
-0.0591862 0.306581 0.385204
0.0412791 -0.277003 -0.85308
-0.0113974 -0.0135019 -0.768711
-0.0890878 0.278182 -0.393335
0.199539 -0.305402 -0.966906
-0.131 0.306581 0.408775
0.110655 -0.277003 -0.697503
0.011802 0.119407 0.711338
0.0944187 -0.305402 0.306084
-0.0113974 -0.00861484 0.0102186
-0.0882685 0.278182 -0.503628
0.033795 0.278182 0.926975
0.0933104 -0.305402 0.0560914
-0.0685656 0.278182 0.692447
0.0932008 -0.277003 0.619877
0.011802 -0.245992 0.173421
-0.0670869 0.278182 -0.452231
-0.147793 0.278182 -0.355795
-0.0113974 -0.245773 -0.857727
0.0333982 -0.305402 -0.978583
-0.0380465 0.306581 0.890578
0.182597 -0.277003 -0.0673821
-0.0307462 0.306581 0.965607
0.011802 0.0259915 -0.407025
-0.0113974 -0.037454 0.625134
0.172446 0.306581 -0.165045
-0.0113974 0.0762891 -0.684333
-0.0113974 0.265579 0.207261
0.147577 0.278182 -0.0774985
0.155633 -0.277003 -0.834581
-0.0144041 0.274374 -0.814099
0.037168 0.306581 -0.942509
-0.0113974 0.126125 -0.254975
-0.102621 0.278182 -0.198242
-0.0113974 0.135699 -0.828566
-0.0113974 0.243465 -0.836965
-0.203792 -0.279316 0.449478
0.141493 0.278182 -0.700194
-0.0113974 0.0569041 0.925707
-0.106396 -0.305402 -0.056527
0.011802 0.0471356 0.85253
0.011802 -0.163076 0.981413
0.011802 -0.245122 0.104086
0.011802 0.118726 0.776829
-0.0113974 -0.100992 0.0963833
0.159975 0.278182 -0.751207
0.183258 -0.305402 -0.549822
-0.0162971 0.306581 0.761782
0.011802 0.00207492 -0.301195
0.011802 0.173352 0.556982
-0.0113974 -0.184629 0.699879
-0.0633485 0.306581 -0.353645
0.0388883 -0.277003 0.923914
-0.0675695 -0.305402 0.157569
-0.0433127 -0.305402 -0.00789978
0.0172777 0.306581 0.84832
0.011802 -0.240891 -0.0311894
0.011802 0.0584128 0.814955
0.011802 0.233216 -0.232372
-0.00984641 0.306581 -0.760977
-0.203792 0.302022 -0.531597
-0.0113974 -0.100343 -0.827362
0.0309403 0.281751 1
-0.0113974 -0.153774 0.552784
0.0471385 0.278182 0.314673
0.123481 0.306581 0.700913
0.011802 0.229137 -0.303588
0.151865 -0.305402 0.722826
-0.0113974 0.0804606 0.673345
-0.156491 0.306581 0.393525
0.204197 0.290102 0.322193
0.204197 0.280756 0.595959
0.146083 0.306581 0.292646
0.011802 0.10262 -0.427248
0.0226261 0.306581 0.666995
0.011802 -0.0956737 0.856754
-0.0113974 0.210609 0.428024
0.011802 0.0929431 -0.598822
-0.0164833 -0.275001 0.810599
-0.174232 -0.305402 0.0254181
-0.0113974 0.235432 0.190064
0.141013 0.278182 -0.830681
0.188176 -0.305402 0.769367
-0.147086 -0.305402 -0.721252
-0.203792 -0.294353 -0.340791
-0.0282785 -0.305402 -0.150044
0.166528 -0.277003 -0.75427
0.107521 -0.305402 -0.492505
0.159343 0.278182 -0.159149
-0.152209 -0.305402 -0.946782
0.0802494 0.278182 0.079109
-0.0113974 0.222505 -0.55761
-0.128086 -0.277003 -0.000619637
0.011802 -0.206005 -0.784643
0.011802 -0.106096 -0.463351
-0.0210882 0.278024 0.983015
-0.079229 0.306581 -0.174826
0.204197 0.291724 0.616583
0.135107 -0.277003 0.0366504
0.172796 0.306581 -0.880127
0.13712 0.306581 -0.985612
0.0180348 0.306581 -0.238895
0.011802 -0.0253833 -0.742099
0.011802 0.172543 0.778353
0.011802 0.194927 -0.888969
0.011802 -0.189943 -0.942435
0.148155 0.278182 -0.477406
-0.0113974 0.203108 -0.361274
-0.0113974 -0.233024 0.0876958
-0.131487 0.278182 -0.94662
0.0943003 -0.277003 0.427579
0.193367 0.278182 -0.485931
0.011802 0.23117 0.953948
0.011802 0.24928 0.0465523
-0.133698 -0.305402 -0.637099
-0.181537 0.278182 -0.178977
0.011802 0.146696 -0.641739
-0.203792 0.304215 0.886506
0.117382 0.278182 0.142224
0.011802 0.126926 -0.171443
0.015953 -0.305402 -0.910697
0.0917777 0.278182 0.567177
0.0851542 0.278182 0.300618
0.0334197 -0.277003 0.831998
0.011802 -0.012087 -0.135275
-0.129251 -0.277003 -0.846785
0.011802 0.126902 0.271514
-0.0113974 0.242983 0.0700072
0.14235 0.306581 -0.664591
0.011802 -0.236821 -0.502345
-0.130339 -0.277003 -0.333706
0.0384173 -0.277003 -0.10546
-0.0113974 -0.0941556 -0.445037
-0.0113974 0.233593 -0.914314
0.011802 0.0628884 -0.271536
0.011802 -0.231084 -0.41588
0.011802 -0.263702 0.669382
-0.0113974 0.0012912 0.431746
-0.182762 -0.277003 0.797365
0.011802 -0.149394 0.502593
0.147202 -0.305402 0.173926
0.011802 -0.0313312 0.988829
0.011802 -0.235227 -0.755916
-0.203792 0.302932 -0.78347
0.118718 -0.277003 0.597008
0.011802 -0.190212 -0.760395
0.00595 -0.305402 -0.0518583
0.159727 0.306581 0.179316
-0.0113974 -0.145112 -0.473798
0.0809404 -0.305402 -0.889865
-0.166948 0.278182 0.615081
-0.0113974 -0.00370362 0.486369
-0.184652 -0.305402 0.602055
0.113238 0.306581 -0.968444
-0.124783 -0.277003 0.80272
-0.0113974 -0.00982659 0.662916
-0.144534 0.306581 -0.618618
-0.0113974 0.244496 0.122617
0.00155769 -0.305402 -0.533761
0.0806133 -0.305402 0.522854
-0.0113974 0.19819 0.700377
0.0742271 -0.277003 -0.505977
-0.157975 -0.305402 -0.658198
-0.0113974 -0.188455 -0.707633
-0.0113974 -0.133069 0.051816
-0.180951 -0.305402 0.840248
0.204197 -0.27913 -0.742063
0.0383271 0.278182 0.288873
-0.0113974 -0.205048 -0.161914
0.011802 -0.0139418 -0.519389
0.011802 -0.0321565 -0.695468
0.0334782 0.306581 0.711397
0.0940218 0.306581 -0.296176
0.011802 -0.208671 0.844543
0.011802 0.179931 -0.265806
0.0782663 0.306581 0.836563
-0.0113974 -0.129052 0.852316
-0.0656446 -0.277003 -0.682353
-0.00533392 0.306581 -0.825377
-0.0113974 -0.181805 -0.052964
0.160953 -0.305402 0.901392
0.135879 -0.277003 -0.407348
-0.0529038 0.278182 -0.38316
-0.0575966 -0.277003 0.390851
-0.0113974 0.0677093 -0.815737
-0.0113974 0.245929 -0.506636
-0.101189 0.278182 0.15948
0.011802 -0.126756 -0.384858
-0.0113974 0.260513 -0.869297
0.0195464 -0.276343 -0.622529
-0.0113974 -0.256684 -0.53919
0.011802 0.0667881 -0.411336
-0.203792 0.292867 -0.404359
-0.11971 -0.305402 -0.514207
0.136489 0.278182 0.717457
-0.198721 -0.305402 -0.378775
-0.0839293 0.306581 0.86668
0.102471 0.306581 -0.626735
0.011802 -0.049287 0.365485
-0.0646374 -0.305402 -0.146541
-0.0213935 0.306581 -0.0900438
-0.0113974 0.0656486 0.658413
0.174234 0.278182 -0.864715
0.204197 0.292138 0.06671
-0.0113974 -0.23153 -0.0436221
0.011802 0.188591 0.373126
-0.00540984 -0.305402 -0.971954
0.0188979 -0.276093 0.514041
-0.185188 0.278182 -0.75121
0.011802 0.0487422 -0.338629
-0.082137 -0.305402 0.942833
0.011802 -0.255721 0.921775
-0.0113974 -0.160388 -0.796889
-0.0113974 -0.178194 -0.366695
-0.151416 -0.305402 -0.344237
-0.134909 -0.305402 0.978958
-0.038905 0.278182 0.894715
-0.0113974 0.13006 -0.572749
-0.186871 -0.305402 0.79727
-0.0113974 0.130775 0.00635063
0.192963 0.306581 -0.683296
0.0125419 -0.26948 -0.415151
-0.184577 -0.277003 0.129204
0.0736162 0.306581 0.520588
-0.113819 -0.277003 -0.602901
0.011802 -0.18683 -0.168075
0.011802 0.0234289 0.557661
0.131463 0.306581 0.454384
0.0234936 0.278182 -0.120907
0.0238893 0.306581 0.543139
-0.0113974 0.159766 -0.162816
0.011802 0.0751836 -0.215816
0.011802 0.00492586 -0.863384
0.0423547 0.278182 -0.535008
-0.0113974 0.120743 0.412327
0.0418697 -0.305402 -0.075897
0.011802 0.251048 0.885518
0.011802 -0.00111566 0.37645
-0.015408 0.275355 0.0987223
0.011802 0.200108 -0.511367
-0.0712254 -0.277003 0.935371
-0.139989 0.278182 0.579206
0.127896 -0.277003 -0.899158
0.011802 0.0707617 -0.587681
0.011802 0.128658 0.167466
-0.0113974 0.0230884 -0.332685
-0.0631685 -0.277003 -0.0455356
-0.0113974 0.064975 -0.706343
-0.018103 -0.305402 -0.925337
-0.0113974 -0.135416 -0.0602943
0.152282 -0.277003 0.452411
0.157874 0.278182 -0.978295
-0.0113974 0.186126 0.957646
0.130937 0.306581 0.764725
-0.154562 0.278182 -0.0409979
-0.0113974 -0.0735534 0.359074
-0.0113974 0.235347 -0.751961
0.204177 0.306581 -0.220828
-0.0908526 0.278182 -0.589492
0.011802 0.0772244 -0.798387
0.0865676 0.306581 -0.913545
0.011802 0.211494 -0.450504
0.011802 0.0737652 0.134216
-0.159604 -0.305402 -0.41737
0.123058 0.306581 0.678757
-0.0267547 -0.305402 -0.440476
0.011802 -0.0919747 0.0593164
0.0459481 -0.277003 0.661913
-0.10041 0.278182 0.575053
-0.0266021 -0.277003 -0.945571
-0.0113974 -0.0560314 0.246638
0.011802 -0.14797 0.794331
-0.0113974 0.027118 0.508568
-0.203792 -0.291753 0.340459
-0.0670802 -0.305402 0.797565
0.183254 -0.277003 0.166617
0.144241 -0.305402 -0.326303
-0.170221 -0.305402 0.327574
-0.0113974 -0.135617 0.588145
0.011802 -0.169214 -0.994861
0.011802 0.180047 -0.532439
0.111488 0.306581 0.473615
0.0537635 -0.305402 -0.502969
0.011802 -0.166459 0.656189
-0.139567 -0.305402 0.930195
0.011802 -0.143952 0.687502
0.011802 -0.0151983 -0.229102
0.136468 0.278182 0.755974
-0.115892 -0.277003 -0.170586
-0.175557 -0.277003 -0.279028
-0.0402078 -0.277003 0.617733
0.092156 0.306581 0.625329
0.202788 0.306581 0.00365492
0.143516 -0.305402 0.935271
0.011802 -0.139373 0.420907
0.204197 -0.279737 0.977179
-0.1452 0.278182 0.986777
0.011802 -0.0831704 -0.369124
0.011802 -0.236336 0.144034
-0.0628476 0.278182 0.29753
0.14076 0.306581 -0.562336
0.0493983 0.306581 -0.513583
-0.133629 -0.277003 0.44744
0.011802 0.191698 -0.912071
0.011802 -0.132575 0.729659
-0.0113974 -0.14921 0.66012
0.011802 -0.00847613 -0.481282
-0.203283 -0.305402 -0.420494
0.17744 -0.305402 0.458857
0.101642 0.278182 -0.00915472
0.182164 0.278182 -0.906423
-0.0113974 -0.207054 -0.576907
-0.0757136 -0.305402 0.292729
-0.0113974 -0.137513 0.421934
-0.0145338 0.274515 0.0595501
-0.0113974 -0.244521 -0.00810317
0.0378807 0.278182 0.196115
-0.203792 -0.285499 -0.541019
-0.0341474 -0.277003 0.893544
0.101595 -0.305402 0.755123
-0.0851273 0.306581 0.152605
-0.0163043 -0.305402 0.0466871
-0.134885 -0.277003 -0.0400814
-0.0113974 -0.0542509 0.0166377
0.0788055 -0.305402 -0.741983
0.011802 0.140593 0.234049
-0.203792 0.281194 -0.510498
0.011802 0.0874728 0.862158
0.204197 0.293631 0.684001
0.0981103 0.278182 0.767399
-0.00757826 0.306581 0.598037
-0.109717 -0.277003 -0.893868
-0.0934895 -0.277003 0.766502
-0.0486438 -0.305402 0.981098
0.011802 -0.050302 0.480149
0.011802 -0.157098 0.0204168
0.011802 -0.251876 0.529851
0.011802 0.0283214 -0.0159465
0.204197 0.300851 -0.826053
-0.042889 0.306581 0.92348
-0.0113974 -0.231821 -0.379183
-0.175977 0.278182 -0.649856
0.011802 0.0116882 -0.514441
0.011802 0.0211006 0.83893
-0.126014 -0.305402 -0.231831
0.0118908 0.268015 0.492782
-0.0113974 -0.0505189 0.586392
-0.134924 -0.277003 -0.19532
-0.038065 -0.305402 0.0119995
-0.101793 -0.305402 -0.179024
-0.0310272 -0.277003 0.595552
-0.180837 0.306581 0.477508
-0.18945 -0.305402 -0.900824
0.0446796 0.278182 -0.479471
0.0439898 0.306581 -0.351535
-0.0113974 -0.164593 -0.0747641
-0.0113974 -0.0891559 -0.754974
-0.0461327 0.306581 0.435514
-0.0113974 0.0607555 0.776113
0.025721 -0.277003 -0.497194
-0.190106 0.306581 0.616254
0.132353 -0.305402 -0.217954
0.011802 0.0101986 0.112906
-0.0632437 0.306581 0.108542
0.0975715 0.278182 0.591356
-0.181724 0.306581 -0.158229
-0.0113974 0.0857025 -0.791245
0.011802 -0.238659 -0.965954
0.011802 -0.254308 -0.574847
-0.203792 0.28896 0.276215
0.0190419 0.306581 -0.54488
-0.11518 0.306581 0.758224
0.139706 -0.277003 0.31723
0.0125638 -0.269538 0.753597
-0.0113974 -0.0219585 -0.920269
0.195423 0.306581 0.942586
-0.0113974 -0.0530511 -0.290228
-0.0477929 -0.277003 0.717605
0.196345 -0.277003 0.226059
-0.00200358 0.306581 0.795737
0.0519848 0.306581 0.447527
0.091506 -0.277003 -0.925132
0.166284 -0.277003 -0.464377
-0.193394 0.278182 0.704186
-0.123434 -0.277003 -0.372435
-0.0673111 0.306581 -0.046864
0.011802 0.109708 0.565978
-0.00257214 0.256276 -0.999946
-0.203792 0.300417 0.769017
0.0185932 0.277139 -0.412719
-0.00599393 0.306581 -0.174388
-0.0113974 0.0247095 -0.0794971
-0.0776227 0.306581 -0.316539
-0.0840935 -0.277003 0.231818
0.145138 0.278182 -0.552304
-0.00240393 0.0175212 -0.999946
-0.186835 -0.305402 -0.565902
0.168756 0.278182 0.757058
0.011802 0.241147 -0.5034
-0.203792 0.304075 0.859731
0.13962 -0.277003 0.589511
0.088011 0.306581 0.668184
0.130809 0.278182 0.831036
0.110161 0.304421 1
0.0145019 -0.305402 0.297276
-0.0961261 0.278182 -0.789615
0.181894 0.306581 -0.529264
-0.17559 -0.277003 -0.107711
0.011802 -0.145086 -0.644311
0.0605689 -0.277003 0.0382108
-0.0113974 -0.151352 0.91438
0.18764 -0.305402 -0.74295
-0.203792 -0.282305 0.425989
0.011802 -0.0402083 -0.844016
0.0506396 -0.277003 -0.616043
-0.177599 -0.305402 0.758688
0.198576 0.306581 0.225683
-0.0113974 0.25302 0.274407
-0.164503 0.306581 0.17746
-0.0113974 0.18257 0.116369
-0.158022 0.306581 0.0810887
-0.122333 -0.305402 0.367215
-0.0131655 0.306581 -0.923704
-0.136777 0.298515 1
0.169201 -0.305402 0.0255657
-0.125114 0.278182 0.950296
-0.134039 0.278182 -0.682794
0.011802 0.0480419 0.00913468
0.0408229 0.306581 -0.670252
-0.121949 0.306581 0.290334
0.011802 0.258325 0.00360693
-0.0611082 0.306581 0.764309
-0.0113974 -0.163314 -0.512498
0.178066 0.278182 0.665497
0.167097 -0.305402 0.804713
-0.0331357 0.306581 -0.8019
-0.0250825 0.306581 0.29196
-0.0113974 -0.0217875 0.851748
0.113611 -0.305402 0.0190893
0.0945169 -0.277003 -0.732338
0.172259 0.306581 -0.908802
-0.0683773 -0.305402 0.610893
-0.0113974 0.17085 -0.343053
0.011802 0.0231176 0.255273
-0.0113974 0.034366 0.640332
-0.0113974 0.194897 0.820646
0.108518 -0.305402 0.880176
0.154976 0.306581 -0.691805
0.122735 -0.277003 -0.803388
0.011802 0.265882 -0.288768
0.106395 -0.305402 -0.317007
-0.114673 -0.277003 -0.805391
-0.0108181 -0.305402 0.397928
0.011802 -0.0414359 0.960064
0.157772 -0.305402 -0.0484768
-0.0113974 -0.175638 0.0164341
-0.0113974 0.0533414 0.805953
-0.0635378 0.306581 0.806103
0.011802 0.137483 0.467187
-0.0113974 0.252722 0.371596
0.00519715 0.306581 -0.691797
-0.0329839 0.306581 0.360874
-0.0113974 0.122096 0.691949
-0.138895 -0.305402 -0.0309413
0.100258 0.278182 -0.827797
-0.0113974 -0.136307 -0.580371
-0.147585 0.278182 -0.753431
-0.124967 -0.285595 1
0.011802 -0.155811 0.295518
-0.0108612 0.306581 -0.071176
-0.0129338 -0.271172 -0.281623
-0.0113974 0.16899 0.788944
-0.203216 -0.277003 0.0465297
-0.111334 -0.277003 0.567958
-0.104839 0.306581 -0.810394
0.011802 0.167043 -0.206998
-0.0113974 -0.206872 -0.804039
0.011802 -0.226453 -0.807941
-0.101536 0.306581 0.381853
0.011802 0.0773488 -0.935616
-0.0113974 -0.184552 -0.992243
-0.0113974 -0.0981034 0.0671463
0.110323 -0.277003 -0.055817
0.0205826 0.306581 -0.3337
-0.0437071 0.278182 -0.531473
-0.113889 0.306581 -0.30118
0.137624 -0.305402 0.447773
0.011802 -0.221108 0.899842
0.0165791 -0.305402 -0.325974
-0.0113974 0.26571 -0.775767
0.0220045 -0.276918 -0.189428
-0.0975852 -0.305402 0.0545656
0.204197 -0.28514 -0.533234
0.011802 0.154521 0.323329
-0.0113974 0.0810296 0.984693
-0.127809 -0.305402 0.431061
0.011802 -0.110535 0.57808
0.0141246 -0.305402 0.251009
-0.117163 -0.277003 0.334362
-0.0698025 -0.277003 0.912137
-0.122617 0.278182 0.474448
-0.0612723 0.278182 -0.970547
0.0540753 0.278182 0.91019
-0.0298744 0.306581 0.222055
0.011802 -0.195943 0.951186
-0.15196 0.306581 -0.221417
-0.0113974 -0.242054 -0.474858
-0.0571193 0.306581 0.0747185
0.011802 -0.205691 0.365767
0.011802 -0.0176878 0.545189
-0.132543 0.306581 0.0544634
0.127319 -0.277003 -0.380743
0.11682 0.278182 0.556525
0.200962 0.278182 -0.134464
0.117423 0.278182 0.282208
0.011802 -0.202243 0.0262669
0.0905953 -0.305402 -0.433376
-0.0856755 -0.305402 -0.538311
0.011802 -0.143829 0.60751
0.0249325 -0.277003 0.957024
-0.0116338 0.268913 0.720633
-0.0914739 -0.277003 -0.509487
-0.013406 -0.305402 -0.621117
-0.184041 -0.305402 -0.930387
-0.178774 0.306581 0.343743
0.011802 0.0661615 0.933501
0.011802 -0.0885275 0.773256
0.011802 0.106032 0.878562
0.011802 -0.192968 0.000116111
-0.000912201 -0.305402 0.437158
-0.106103 -0.277003 0.693432
0.0433425 -0.305402 -0.7148
0.174574 0.278182 0.310808
-0.0113974 -0.0469917 -0.11137
-0.0113974 -0.0992941 -0.615421
-0.0113974 0.0549744 0.295159
0.011802 0.00823205 0.606003
-0.133591 -0.305402 -0.866891
0.158638 -0.294417 1
0.011802 0.0466555 -0.877478
0.110965 -0.277003 0.0470851
0.154053 -0.277003 -0.141805
-0.0113974 -0.209448 0.0163229
0.183404 0.278182 0.413845
-0.0829001 -0.305402 -0.598009
-0.151342 0.278182 -0.599249
0.011802 0.0647644 0.0858539
0.0504645 0.306581 0.596953
0.12872 0.306581 -0.77465
-0.0113974 0.205152 0.0733383
0.166099 -0.277003 0.793083
-0.0113974 -0.192752 0.832953
-0.0113974 0.0344917 -0.242586
0.011802 -0.166953 0.758706
-0.0113974 0.242291 -0.215677
-0.0113974 0.0802243 -0.445851
-0.0901619 -0.305402 0.322762
0.055404 -0.277003 -0.729395
0.153768 0.306581 0.141438
0.011802 -0.13584 -0.713902
-0.0113974 -0.144959 -0.933745
-0.0113974 0.0413218 -0.360715
0.191348 -0.305402 -0.169865
0.0745183 -0.305402 -0.252339
0.0709831 0.306581 -0.578333
0.011802 0.193747 0.40107
0.011802 0.24332 0.985059
0.011802 0.198855 0.978018
0.0636502 0.306581 -0.499547
0.184685 0.278182 0.718838
0.135971 -0.305402 -0.392998
0.011802 -0.0144729 -0.345883
0.181986 -0.277003 -0.129836
0.0998308 -0.277003 0.0144525
0.204197 0.292761 0.65159
0.159114 0.278182 0.444111
0.0536827 0.306581 0.932601
-0.203792 -0.279231 -0.67078
0.011802 -0.142091 -0.915643
0.0205325 -0.305402 0.174575
-0.0113974 0.200718 -0.450486
-0.0113974 -0.0577953 0.619187
-0.13962 0.278182 -0.268729
0.011802 0.107559 -0.638126
0.0884266 0.306581 -0.814204
-0.0113974 0.218147 0.211908
-0.203447 -0.305402 0.289799
0.182982 0.278182 -0.219177
-0.20034 0.306581 -0.180483
0.0417764 -0.305402 0.130689
-0.18813 -0.305402 -0.345421
-0.104634 0.306581 -0.921567
0.0600261 0.306581 -0.39949
-0.201345 0.306581 -0.136698
-0.0205669 0.306581 0.462
0.178192 -0.305402 -0.0139428
-0.103554 -0.305402 -0.866392
-0.162876 -0.305402 0.0968124
0.0331805 0.306581 -0.451982
0.011802 0.203081 0.915748
0.204197 -0.29716 -0.9355
0.0935829 -0.277003 -0.866039
0.177732 0.306581 -0.416705
-0.0113974 0.0239301 0.319774
-0.0960644 -0.277003 -0.356364
-0.035414 0.278182 -0.422913
-0.0113974 -0.0304232 -0.195417
-0.021756 0.278116 -0.855656
0.0230352 0.278176 0.642922
-0.00520728 -0.22537 1
-0.0657165 -0.305402 -0.863242
0.011802 0.117101 0.327671
-0.0113974 -0.26141 -0.40093
0.011802 -0.0450376 0.00113401
-0.16821 0.306581 0.879623
0.011802 -0.0493612 0.528313
0.011802 -0.115658 -0.670209
-0.0557243 -0.277003 -0.872021
0.191367 -0.305402 0.0169163
0.157347 0.306581 -0.422891
-0.0803047 0.306581 -0.270991
-0.0113974 -0.220784 0.306719
0.011802 -0.0405061 -0.767589
0.0338979 -0.305402 -0.780441
0.011802 0.0444387 0.317319
-0.0662384 -0.305402 0.768326
-0.0931908 0.278182 0.490891
-0.0113974 0.0978509 0.124227
-0.0918565 0.278182 0.529234
0.011802 -0.006202 0.959069
0.0481349 -0.305402 0.241187
0.0597586 -0.277003 -0.0996968
0.134083 0.278182 0.369134
-0.00321555 0.306581 -0.221653
-0.0113974 0.19223 -0.0360149
-0.0113974 -0.0396784 -0.0249039
-0.146751 0.306581 0.682899
-0.0464178 0.278182 -0.0848385
0.108479 0.278182 -0.290488
-0.0344318 0.278182 -0.124001
-0.0113974 -0.258179 0.143664
0.011802 -0.0255187 0.0299329
-0.161844 0.278182 -0.927045
-0.20313 -0.305402 -0.623082
0.011802 -0.0367174 -0.545549
0.011802 0.0349547 0.515825
0.0356608 -0.277003 -0.736451
0.011802 -0.217318 -0.104199
-0.0727532 -0.277003 -0.397187
0.136967 0.278182 -0.193357
-0.189391 -0.277003 -0.99422
0.0638334 0.306581 -0.645272
-0.0392332 0.306581 0.31879
-0.183988 0.306581 -0.0457408
0.0310611 -0.305402 -0.555026
-0.0113974 -0.17276 0.575069
-0.0184404 -0.305402 -0.58196
-0.156725 0.306581 -0.963006
0.167182 0.278182 -0.521716
0.011802 -0.0280636 0.39879
-0.0113974 -0.14865 -0.387645
-0.166117 0.306581 0.948056
-0.0113974 -0.0662924 -0.447742
