ply
format ascii 1.0
element vertex 8210
property float x
property float y
property float z
end_header
-0.0365525 -0.829656 -0.345093
0.379815 1 0.468309
-0.388048 0.88215 -0.467194
-0.0343854 -0.0495005 0.468484
0.390117 -0.985835 0.468282
0.0364304 0.071034 -0.449861
0.390117 0.998383 -0.334362
-0.390239 -0.883893 0.364007
-0.390076 0.869005 0.334796
0.388621 -0.998608 -0.0693525
-0.0371922 0.839317 -0.0611739
0.0378576 -0.841227 0.194258
-0.389945 -0.867613 -0.0833696
0.387964 0.869005 0.0677909
0.376768 -0.867613 -0.466849
0.0364801 0.834419 -0.456118
-0.390239 0.998304 -0.0684846
-0.062907 -0.866176 0.466731
-0.109115 -0.986058 -0.467194
0.38907 1 0.462092
-0.0268434 0.265968 -0.467194
0.029191 -0.365875 0.468484
-0.387211 1 -0.0385271
0.389769 1 -0.396043
0.389667 -0.998608 0.151153
-0.390239 -0.997862 0.266786
-0.0365525 0.381183 0.299925
0.0364304 -0.368278 -0.216508
-0.164478 0.910032 0.468484
0.0364304 0.68515 -0.140318
0.390117 -0.871103 -0.361644
0.0386726 -0.87066 0.468484
-0.148147 1 -0.466235
-0.0365525 -0.810921 -0.0188302
-0.0365525 -0.0533578 0.125203
0.390117 0.874961 0.040012
-0.387245 -0.998608 -0.156417
-0.000615467 1 0.11158
0.0364304 0.278694 -0.0734084
0.0346531 -0.643949 -0.467194
-0.0248549 -0.104695 -0.467194
0.0300274 0.0607755 0.468484
-0.0365525 -0.468385 0.125777
0.383674 -0.869641 0.468484
-0.0365525 0.609925 -0.465751
0.0364304 0.711859 0.282342
0.0940355 1 -0.239648
0.207623 -0.998608 -0.124447
-0.384818 0.869005 0.249113
0.0364304 -0.015697 -0.174818
-0.390239 0.872447 -0.323686
-0.390239 -0.867978 -0.450496
-0.0816089 -0.998608 0.217051
0.105965 1 0.390663
-0.0365525 -0.619943 0.365757
-0.241514 -0.871359 0.468484
-0.16842 0.869005 -0.145806
0.168674 -0.998608 -0.463972
-0.0365525 0.527328 0.0695291
0.160417 -0.867613 0.217588
0.038203 -0.842356 -0.281974
0.162984 0.876236 -0.467194
-0.295524 -0.867613 0.0565744
-0.0365525 0.453799 -0.254581
-0.0355345 -0.381891 -0.467194
-0.0365525 -0.612178 -0.185542
-0.129267 -0.998608 -0.167793
0.280991 0.869005 0.26717
0.304929 0.869005 -0.201023
-0.0365525 -0.15417 0.354172
0.0364304 0.191171 0.15751
-0.032296 0.560218 0.468484
0.0364304 -0.249828 -0.00219159
-0.390239 0.997272 0.46564
-0.0365525 0.827457 -0.343387
-0.199831 0.869005 0.0976521
0.154751 0.869005 -0.0133543
0.389935 -0.867613 -0.0491233
0.0364304 -0.684504 0.157806
0.211445 -0.998608 0.402644
0.0700926 -0.998608 0.053307
-0.0365525 0.182507 -0.261208
-0.156142 1 0.268001
-0.261678 -0.867613 -0.276634
0.0364304 0.814478 0.46803
-0.0365525 0.740047 0.0614453
0.0324569 0.274762 0.468484
0.0364304 -0.287714 0.21098
-0.0365525 0.0948608 -0.0171789
-0.232067 -0.867613 0.260081
0.241674 1 0.116053
-0.0365525 -0.17645 -0.278327
-0.240241 1 -0.280438
0.238285 0.869005 0.463325
0.0364304 0.0825942 -0.419931
-0.0365525 -0.816796 0.29245
0.386207 -0.998608 -0.208776
-0.101117 -0.998608 0.414068
-0.151503 -0.998608 0.032667
-0.0346472 1 -0.0808861
-0.349367 1 -0.465401
-0.0365525 0.0623279 0.285654
0.0364304 -0.478882 -0.056616
0.210326 -0.867613 0.0308125
0.340885 -0.867613 0.281171
-0.382872 -0.998608 0.462622
0.0364304 -0.456392 0.30289
-0.00420168 -0.829069 -0.467194
0.100564 0.869005 0.202507
0.223155 -0.867613 -0.266759
0.294834 1 -0.0682654
0.0305995 1 -0.414838
0.0364304 -0.501242 -0.345142
0.0364304 0.445243 -0.425928
-0.323551 1 0.134982
0.0364304 0.507307 -0.0957877
0.0364304 0.368993 0.121019
0.0364304 0.535205 0.241466
-0.274688 -0.998608 -0.401654
-0.203045 1 -0.0229667
-0.0365525 -0.633594 -0.00354825
-0.0505536 0.861251 0.320531
0.0472632 -0.998608 -0.197575
0.0364304 0.616877 -0.302427
0.388974 1 0.222009
-0.356822 0.869005 -0.150519
-0.227252 -0.867613 -0.105859
0.0760753 -0.998608 0.293168
-0.0365525 -0.097498 -0.04143
0.0468648 0.858061 -0.154477
0.342219 -0.998608 -0.465476
-0.237525 0.869005 -0.403305
0.22492 1 -0.347652
0.0283927 -0.998608 -0.369139
-0.0721566 1 -0.276697
0.105094 -0.867613 -0.105216
-0.389669 -0.998608 0.0153981
0.218909 -0.998608 0.134444
-0.239888 0.869005 0.327036
-0.264778 -0.998608 0.160914
-0.0365525 -0.699977 -0.324108
-0.107256 -0.867613 0.121727
0.0364304 0.317614 -0.323043
-0.376975 -0.867613 0.364498
-0.386217 0.869005 0.0610116
0.0364304 0.203817 0.32034
-0.109172 -0.867613 -0.346607
0.374114 -0.998608 0.370827
0.0364304 -0.24772 -0.412222
0.324154 0.869005 -0.46397
0.309302 -0.998608 0.0016512
-0.252326 -0.998608 0.350479
-0.0365525 -0.0215932 -0.323672
0.0346943 0.757278 -0.467194
0.389835 1 -0.229324
0.261702 1 0.363281
0.255157 -0.867613 -0.443596
-0.031448 1 0.467962
0.0364304 -0.524081 0.46682
0.142172 0.869005 -0.310785
-0.388644 -0.867613 -0.071255
-0.388464 1 -0.23129
0.00221252 1 0.272286
-0.324463 1 0.308572
-0.390111 -0.867613 0.180389
-0.0523316 0.862557 0.162655
-0.0870067 0.869005 -0.0135261
-0.215708 -0.867613 -0.458246
0.390117 0.871435 0.377166
0.0455249 -0.855226 0.110316
0.132784 1 -0.0906811
-0.0341034 -0.734171 0.468484
0.0364304 0.42703 0.435126
0.0364304 -0.186846 -0.142628
-0.390239 -0.946863 -0.303034
-0.0365525 -0.764119 -0.165804
0.278336 -0.998608 -0.323588
-0.0365525 0.39792 -0.012557
-0.0365525 -0.307568 0.342831
0.161339 1 0.24893
-0.310557 0.869005 0.460344
0.342204 -0.867613 0.100232
-0.0365525 -0.350387 -0.0886536
0.0364304 -0.0743659 0.25343
0.0301216 -0.0884244 0.468484
0.154054 -0.867613 0.366482
0.0364304 0.143223 -0.135564
0.383382 0.869005 -0.325463
-0.0178637 -0.998608 -0.0656891
0.150775 0.869005 0.339946
-0.0365525 0.697206 0.41818
-0.265337 0.869005 -0.0345803
-0.0365525 0.320193 -0.192242
0.235789 1 -0.201077
-0.160017 -0.998608 -0.309812
-0.0365525 0.636041 0.16403
-0.145996 1 0.123026
-0.0365525 -0.204421 0.113045
0.0364304 0.623843 -0.0103789
-0.0365525 -0.577817 0.220435
0.271337 -0.998608 0.27059
-0.0365525 0.242007 0.0448732
-0.26878 -0.998608 -0.0677304
0.261817 -0.867613 -0.109659
0.123061 -0.867613 -0.391859
-0.0939287 0.869765 -0.467194
-0.0365525 -0.522948 -0.462736
-0.00501073 -0.228745 0.468484
-0.138464 -0.867613 0.373156
-0.0365525 -0.342051 -0.331466
-0.278626 1 -0.146819
0.0364304 0.0622059 0.102986
-0.0365525 -0.33778 0.0761312
-0.0365525 0.578359 -0.19209
0.24568 -0.879536 0.468484
0.0758027 -0.998608 0.43438
0.387486 0.869005 0.177354
0.390117 0.90141 -0.094238
-0.266357 -0.998608 -0.220454
0.144923 -0.998608 -0.293402
0.256004 0.869005 0.0784397
-0.390239 0.869092 -0.460207
-0.114148 -0.867613 -0.209442
-0.270403 0.869005 -0.258286
0.353074 -0.867613 -0.224603
-0.0365525 -0.482075 -0.231683
0.0512189 0.86185 0.0740223
-0.0365525 0.724645 -0.246864
-0.258143 1 0.432765
0.373346 1 0.0862916
0.119153 1 0.041499
0.0364304 0.597997 0.361469
-0.141527 1 -0.163754
0.0364304 0.781421 -0.0409865
0.185822 0.869005 -0.14332
-0.0365525 0.166731 0.426165
0.279647 0.996753 -0.467194
0.0364304 -0.708351 0.298971
-0.0365525 0.291703 0.198008
-0.0639557 0.867855 -0.222936
0.0364304 -0.570481 0.0833488
0.0364304 0.0766503 -0.27214
-0.385861 -0.998608 -0.467047
-0.38413 -0.867613 -0.201562
0.0364304 0.765793 0.163015
0.0364304 -0.718115 -0.0670799
-0.0365525 0.530315 -0.361051
-0.165614 -0.867613 0.00840928
-0.164035 0.869005 0.225056
0.0364304 -0.0112833 0.363724
0.0364304 0.202367 -0.376244
0.275951 0.869005 -0.0476138
-0.0365525 0.453038 0.180563
-0.0365525 0.705544 -0.372771
0.0367044 -0.998608 0.173747
-0.390239 0.907284 0.372469
-0.0365525 -0.388045 0.22066
0.154729 1 -0.460806
-0.127227 1 0.388699
0.0364304 -0.00414635 -0.00315802
-0.0365525 -0.173694 0.232259
-0.390239 -0.991102 0.143953
0.0296919 0.888848 -0.467194
-0.0365525 0.498177 0.362635
0.0364304 -0.123343 -0.362477
0.0364304 -0.607673 -0.283832
-0.0365525 -0.26946 -0.198809
-0.149481 0.869005 -0.31024
0.254128 0.869005 -0.359083
0.0364304 -0.124766 0.0565847
-0.214943 -0.998608 0.466311
-0.0365525 -0.44341 0.402275
-0.0365525 -0.750624 0.0871982
0.198278 0.991993 0.468484
0.185922 -0.998608 0.0183738
0.390117 -0.981874 -0.0869501
-0.303756 0.869005 0.157665
0.0364304 -0.596199 -0.0917969
0.0543848 -0.934739 -0.467194
-0.390239 0.990346 -0.350558
0.115352 0.904334 0.468484
0.390117 0.993553 0.341422
0.101758 -0.998608 -0.069171
-0.0365525 0.283221 0.370839
-0.0446018 -0.998608 0.0847484
-0.049692 -0.998608 -0.266815
0.0364304 0.38879 -0.1164
-0.0365525 0.778518 -0.133908
0.312665 -0.979902 0.468484
-0.0777334 -0.897845 0.468484
-0.248233 1 -0.406317
0.390117 -0.991995 -0.359755
0.0364304 -0.639934 0.46307
0.0674943 -0.867207 0.286836
0.0364304 -0.426155 0.0471931
-0.0896404 1 0.0202588
0.0364304 -0.742403 -0.404444
0.276877 1 0.244635
-0.191051 -0.998608 0.254019
-0.223386 -0.867613 0.144274
-0.0365525 -0.601022 -0.379798
0.0946245 -0.867613 0.00749962
-0.0951876 -0.867613 -0.0978412
-0.0365525 0.358378 -0.399239
0.272893 -0.867613 0.190811
0.0364304 -0.790462 0.389029
-0.0365525 0.0696522 -0.185443
-0.0365525 -0.111632 -0.183852
-0.0365525 0.626252 0.277737
0.0364304 -0.72482 -0.241852
-0.0365525 0.00687807 -0.465051
0.0364304 0.80002 0.355999
-0.0365525 0.169728 0.239573
0.0364304 -0.270162 -0.286488
-0.0352185 -0.998608 0.318817
-0.0551307 0.886666 0.468484
0.0364304 -0.785018 0.214037
0.390117 -0.9803 0.261094
-0.265574 -0.998608 0.0433586
-0.0365525 -0.514707 0.0209875
-0.0365525 0.698299 -0.0493539
-0.390239 0.978348 0.22194
-0.119446 -0.867613 0.231443
0.0364304 0.159272 0.0450304
0.0382536 0.843904 -0.264101
0.0364304 0.0930368 0.208876
-0.151269 1 -0.35394
0.167841 -0.998608 0.232942
-0.0365525 0.197231 -0.0646102
0.365558 -0.887874 -0.467194
0.208216 0.869005 0.181662
0.0364304 -0.566692 0.301326
-0.351997 -0.893747 0.468484
0.0364304 -0.229648 0.319662
-0.00945665 1 -0.187245
0.0364304 0.105854 0.368575
-0.30815 -0.867613 -0.375407
0.13869 -0.914072 0.468484
-0.0365525 0.782455 0.242635
0.277297 -0.998608 -0.208097
-0.0365525 0.00456172 -0.0833285
0.126476 -0.867613 -0.217202
-0.0365525 0.15791 -0.466336
-0.390239 0.887764 -0.045732
-0.0365525 0.587689 -0.0842042
-0.0365525 0.111936 -0.345601
0.0364304 0.240427 -0.187785
-0.268835 -0.867613 0.3632
-0.10656 -0.878062 -0.467194
0.0364304 0.450907 0.0467414
0.267663 -0.867613 0.363516
0.107895 1 0.155246
-0.0365525 -0.238319 -0.080639
0.0364304 0.663263 0.0898176
0.390117 0.985 -0.0188446
-0.0365525 -0.519544 -0.131876
0.0364304 -0.395311 -0.387636
0.0364304 -0.138679 0.163228
0.0364304 0.305392 0.274016
-0.0365525 0.355509 0.466153
0.0364304 0.327149 0.0210668
0.119013 1 -0.345526
0.0364304 -0.376961 0.142136
-0.233544 1 0.190665
0.338799 0.907164 0.468484
-0.292681 1 0.0338249
0.390117 -0.945656 0.0480636
0.0364304 -0.0967727 -0.258366
0.0364304 -0.491596 0.204088
0.322571 1 -0.310183
0.019031 1 0.00890354
0.390117 -0.89155 0.192168
0.390117 0.909957 0.27904
-0.0365525 -0.0135062 0.438104
0.0364304 -0.68722 0.0483971
-0.154536 -0.998608 0.136676
0.0364304 0.379418 -0.236624
0.0364304 0.637903 0.465656
-0.0677259 1 0.195665
0.230882 1 0.0131265
0.0364304 -0.0235623 -0.396378
0.0364304 0.554481 0.136918
0.154059 0.869005 0.0928247
0.0364304 0.756814 -0.318782
-0.0365525 -0.704785 0.226937
-0.0345709 0.507548 -0.467194
0.0364304 0.400068 0.228998
-0.0771192 -0.998608 -0.370798
0.0369789 -0.837425 -0.178118
0.388378 1 -0.121039
0.0364304 0.506167 -0.197862
-0.0511955 0.962352 -0.467194
-0.353551 -0.998608 0.362717
0.0364304 -0.455327 -0.162567
-0.166949 -0.998608 -0.0697825
-0.0365525 0.451224 -0.150239
-0.390239 -0.895284 0.0315779
-0.143317 0.869005 0.377768
0.0364304 0.466393 -0.324218
-0.0365525 0.133521 0.110896
0.390117 -0.886962 0.36748
0.146847 -0.867613 0.109605
-0.0365525 0.0257584 0.189395
0.0364304 -0.292286 -0.132657
0.0364304 0.641776 -0.403467
-0.0181743 -0.980181 0.468484
-0.0365525 -0.638816 0.0979712
0.0364304 -0.272991 0.10348
0.0534635 0.863384 -0.372848
-0.301849 -0.918711 -0.467194
-0.390239 0.981746 0.0621359
-0.0365525 -0.79766 -0.346916
-0.33103 -0.867613 0.274978
0.266696 0.869005 0.367646
0.0364304 -0.372139 0.364203
0.0364304 0.350848 0.363683
0.292077 -0.867613 -0.34661
-0.390239 0.96866 -0.132626
0.0216806 1 -0.308947
0.0364304 -0.455052 -0.466847
0.308116 -0.867613 0.00683786
-0.0274078 1 0.368969
-0.299503 0.912345 -0.467194
-0.03556 -0.203053 -0.467194
0.0364304 0.34913 -0.465247
0.0364304 0.4543 0.312539
-0.0365525 0.499065 -0.0297871
-0.0365525 -0.0617571 0.318644
-0.208666 -0.867613 -0.35975
-0.225257 1 0.340057
0.209009 0.869005 -0.239079
0.0364304 0.77107 -0.198874
-0.390239 0.916886 0.146264
-0.0736504 0.869005 -0.12361
-0.0365525 -0.438628 -0.319857
0.0364304 -0.54304 -0.21119
-0.0365525 0.253736 -0.328826
-0.306165 -0.998608 -0.309741
-0.20735 -0.974431 -0.467194
-0.0365525 -0.73163 0.358205
-0.288851 0.869005 0.0597077
0.390117 0.903435 -0.234611
0.0364304 -0.673814 -0.159702
0.0364304 -0.0925582 -0.116215
-0.0377357 -0.840338 0.186755
-0.0365525 -0.175361 0.0190242
-0.0365525 -0.515012 0.337141
0.0364304 -0.343127 -0.0255512
-0.287687 -0.998608 0.254303
0.0364304 0.274403 0.104308
-0.0323396 -0.719504 -0.467194
0.390117 -0.932235 -0.284861
0.390117 -0.902303 -0.140306
-0.05725 1 -0.371923
0.0400104 0.848276 0.27352
-0.0424484 -0.851009 0.393008
0.0364304 -0.789624 0.0390154
0.307658 -0.998608 0.0971552
-0.0365525 -0.245982 -0.343808
-0.0365525 0.025994 0.0505374
-0.0365525 -0.424622 -0.0275766
0.0364304 -0.283227 0.402039
0.0364304 -0.158345 -0.0436339
-0.291186 -0.867613 -0.182597
-0.0149327 -0.998608 -0.456779
-0.262636 0.869005 -0.159565
0.0364304 0.0680033 -0.0783431
-0.390239 0.903251 -0.231687
0.0663805 0.868414 -0.0612848
-0.106788 0.869005 0.0832371
-0.0365525 0.3364 -0.0852922
0.296283 -0.998608 -0.0940233
0.142307 -0.998608 -0.191561
0.255261 -0.998608 -0.428356
-0.0365525 -0.654577 -0.0972014
-0.0365525 0.790824 0.413894
-0.179372 0.869005 0.00193814
-0.187079 0.914551 -0.467194
0.116153 0.869005 -0.219522
-0.0365525 -0.551372 -0.29683
-0.0365525 0.370586 -0.296184
0.390117 0.939034 -0.466139
-0.0365525 0.739416 0.332673
-0.291173 -0.867613 -0.0361562
-0.0365525 0.623597 0.0469413
0.12311 -0.998608 0.129287
0.289913 1 0.4583
0.0364304 0.540751 -0.418009
0.0364304 -0.633107 0.236916
0.0364304 0.628442 0.221041
-0.0365525 -0.584216 0.45342
0.231382 -0.867613 0.278628
-0.154659 -0.998608 0.338615
0.0364304 -0.169874 0.407862
-0.390239 -0.959502 -0.0711194
0.123702 -0.998608 -0.384012
-0.0365525 -0.259622 0.264648
0.0611164 0.982014 0.468484
-0.0365525 0.189303 -0.166007
-0.0365525 0.406234 0.0802653
0.164061 -0.998608 0.324306
-0.0365525 0.149698 0.330317
-0.0365525 0.249452 0.28425
0.0364304 -0.808836 -0.0913239
0.0364304 0.593226 -0.139165
-0.0365525 -0.292209 -0.44779
-0.0365525 -0.799433 -0.252109
0.0364304 0.517667 0.425505
-0.0365525 -0.023942 -0.228653
0.16084 -0.901891 -0.467194
-0.0365525 -0.29031 0.156777
-0.294815 1 -0.057335
0.182254 -0.867613 -0.0574927
-0.0365525 -0.405337 0.319967
-0.0391773 -0.844711 0.066463
0.0364304 0.534794 0.0124443
0.0364304 -0.560993 -0.415585
-0.0365525 0.48992 0.270174
-0.285888 0.869005 0.249118
-0.0334588 -0.998608 -0.156778
-0.390239 -0.938529 -0.393985
0.0379807 -0.841644 -0.376223
0.0364304 0.67312 -0.229629
0.0364304 -0.0251426 0.175801
-0.228022 0.869005 0.419776
0.307575 -0.998608 0.187903
0.0364304 -0.362477 0.266223
0.0883566 1 0.301099
0.0364304 -0.661412 -0.36591
-0.0365525 0.796394 -0.429348
-0.386218 1 0.376238
-0.332277 0.869005 -0.391983
0.298917 0.869005 0.164354
-0.127107 1 -0.0754826
-0.0365525 0.699316 -0.466331
-0.0365525 -0.395499 -0.173096
-0.0365525 -0.476284 0.252827
0.0364304 -0.555886 -0.00923787
0.0463844 1 -0.117583
0.0364304 -0.578251 0.394756
0.0364304 0.228877 -0.284659
-0.0365525 0.410085 0.387801
0.0364304 0.711909 0.0157508
-0.0365525 0.542937 -0.273064
-0.299484 -0.969923 0.468484
-0.0349332 0.466858 0.468484
-0.349818 -0.867613 -0.297602
0.0364304 -0.441888 -0.270379
-0.0365525 -0.146594 0.463859
0.080529 0.869005 0.395658
-0.0365525 -0.308175 0.447155
0.0364304 -0.701074 0.399694
0.0752575 -0.867613 0.195263
-0.0365525 0.059 0.388297
-0.173807 -0.867613 -0.277882
-0.0365525 0.55196 0.195485
0.0364304 0.0151063 0.273358
-0.0365525 -0.556769 0.130158
-0.219496 -0.998608 -0.146271
-0.200049 -0.867613 -0.191638
0.0364304 -0.203368 -0.229722
0.0364304 0.153651 -0.0424434
-0.302671 -0.867613 0.185512
-0.0365525 -0.720862 -0.0106987
-0.147779 0.869005 -0.398157
-0.0365525 -0.166984 -0.382706
0.0364304 0.148846 -0.222884
-0.0365525 -0.297279 -0.00962341
0.0364304 0.703395 0.369281
0.0364304 0.284413 -0.406601
0.0364304 0.436823 -0.0404868
-0.0365525 0.322909 0.108331
0.318144 1 0.167771
-0.0365525 0.829045 0.050438
0.205062 -0.867613 -0.179879
0.254792 -0.867613 0.105859
0.220551 1 -0.115645
-0.173641 1 0.461948
0.0364304 -0.0356855 0.0775432
0.143816 -0.867613 -0.307739
-0.156219 1 -0.255758
-0.390239 0.910886 0.459388
0.0364304 0.461663 0.134763
0.0364304 -0.164656 -0.438566
-0.0365525 -0.0852317 0.208389
-0.0365525 0.636793 -0.258367
0.0364304 0.727594 0.453115
0.0364304 -0.10226 0.354069
0.289211 -0.998608 0.355478
-0.0365525 -0.0644871 0.0381043
-0.0365525 0.109692 -0.104879
0.0364304 0.215533 0.405497
0.0364304 -0.337387 -0.451967
-0.163979 -0.998608 -0.395647
0.175771 1 0.340561
-0.0365525 0.443078 -0.381039
-0.154868 -0.935145 0.468484
0.0364304 -0.770358 0.12749
-0.239518 1 0.1053
-0.0365525 0.621711 -0.346559
-0.0365525 -0.456756 -0.40328
-0.0365525 0.230049 0.13637
-0.0365525 0.410668 -0.466668
-0.0365525 0.724856 0.146412
0.180738 1 -0.266195
0.0364304 -0.399836 -0.0978521
-0.18391 0.869005 -0.232384
0.0364304 0.22973 0.23339
0.308138 1 -0.152082
-0.304401 1 -0.335952
0.0364304 -0.49445 0.38161
0.151342 1 -0.177179
-0.0365525 0.698661 0.226979
0.0364304 -0.0080093 -0.27516
-0.0365525 -0.682916 -0.232027
-0.0365525 -0.157869 -0.111235
0.195289 0.869005 0.268042
-0.35828 -0.998608 -0.235825
-0.0365525 -0.553695 -0.0539888
0.0679061 -0.867266 0.373494
0.08197 0.955129 -0.467194
0.155881 -0.996527 0.468484
-0.3237 0.869005 0.333837
0.237676 0.914644 -0.467194
0.204641 -0.867613 -0.371907
0.056738 -0.998608 -0.281008
0.0363614 0.144497 0.468484
-0.0686177 -0.998608 0.00430917
0.390117 0.950411 -0.304108
0.0364304 -0.203246 -0.33708
0.390117 -0.959101 0.442984
0.0364304 0.126972 0.286928
0.0364304 0.241648 0.00371649
0.0364304 0.205103 -0.459946
-0.303548 -0.998608 -0.14545
-0.0797265 0.869005 0.242456
-0.0783719 1 0.298705
0.0364304 -0.571674 0.168097
0.31049 0.869005 -0.284578
-0.0365525 -0.0721116 -0.391279
0.313253 1 0.025803
-0.390239 0.942078 -0.420192
-0.0365525 0.263079 -0.127861
-0.0365525 -0.64406 0.28629
0.0295619 0.897201 0.468484
0.0364304 -0.152619 0.28089
0.390117 0.947164 0.149779
0.0351907 1 0.196234
-0.0326009 -0.915383 -0.467194
0.390117 0.879004 -0.409061
-0.0365525 -0.33861 -0.244287
-0.0365525 0.818564 -0.0614881
-0.032021 -0.818951 0.468484
-0.310325 1 0.220861
0.0364304 0.0758509 0.016679
-0.0365525 0.607843 0.398444
-0.390239 -0.926244 0.307413
0.0364304 0.77358 0.0811275
0.0364304 0.3868 -0.367379
-0.0365525 0.646031 -0.14207
0.0364304 -0.746656 -0.321024
-0.390239 0.951188 0.302982
0.00652875 -0.998608 0.390354
0.0364304 -0.366966 -0.303864
-0.0365525 0.370424 0.175424
-0.315381 0.953594 0.468484
-0.0365525 -0.0873081 0.402778
0.0364304 0.145375 -0.316519
-0.0365525 -0.760177 -0.0844226
-0.0365525 0.033432 -0.388064
-0.0424373 -0.850992 -0.167046
-0.0365525 -0.231967 0.377607
-0.305126 1 -0.223592
0.0364304 -0.203772 0.211778
-0.215746 1 -0.197889
0.0364304 0.326447 0.194328
-0.207773 1 -0.107876
0.0364304 -0.442843 0.445376
0.0364304 -0.310281 -0.361389
0.00258081 -0.998608 0.24675
0.0364304 0.298977 -0.243147
0.296089 1 -0.386235
0.207044 -0.998608 -0.36092
-0.0365525 0.282543 -0.0246444
-0.339019 -0.998608 0.0823597
0.0364304 0.585939 -0.225031
-0.0365525 -0.489614 0.467794
-0.390239 -0.932637 0.409833
0.0364304 0.319335 -0.159425
-0.0548141 -0.862733 -0.404971
0.0364304 0.0493578 -0.347199
-0.0365525 -0.0995468 -0.299866
-0.0365525 -0.60792 -0.465668
0.315206 0.869005 -0.116885
0.216455 1 0.191553
0.133124 0.869005 -0.389805
-0.0365525 0.804393 -0.262167
-0.359354 -0.867613 0.103934
-0.0365525 0.213169 -0.405797
-0.0359367 0.234414 0.468484
-0.224437 0.869005 0.173102
0.166615 0.869005 0.419394
-0.186007 -0.998608 -0.223139
0.0364304 -0.0852536 -0.0131886
0.0364304 -0.486542 0.101178
-0.0365525 0.10355 -0.257748
-0.0365525 -0.126091 0.0945806
0.0364304 -0.793163 0.310122
0.342322 -0.998608 -0.274117
-0.167875 1 0.047392
0.0364304 -0.637878 0.334724
-0.0918299 -0.867613 -0.0186374
-0.390239 -0.943756 0.209834
-0.0365525 -0.763356 0.164641
0.313889 -0.867613 0.426802
0.285215 -0.867613 -0.185458
0.0364304 0.0644886 -0.157487
-0.0365525 -0.0375103 -0.151608
0.0364304 -0.778362 0.466215
0.298056 -0.928446 -0.467194
0.0364304 0.790344 -0.39453
0.390117 -0.869222 0.0289023
0.377899 0.869005 -0.164145
0.0364304 -0.202388 0.063706
0.0408125 -0.998608 -0.119906
-0.0365525 -0.447378 -0.102497
0.0364304 0.684104 0.164892
0.312367 0.869005 0.0247481
0.0390458 0.84608 0.160804
-0.0365525 0.26381 -0.245811
0.390117 -0.947219 -0.423447
-0.0678355 -0.867239 -0.273399
-0.0365525 0.103787 0.182556
-0.136404 0.869005 0.297548
-0.242302 0.927387 0.468484
0.215232 -0.998608 -0.261175
0.390117 0.942512 0.407644
-0.0997328 0.95222 0.468484
-0.0365525 0.567875 0.329527
0.0364304 0.538761 -0.297696
-0.133769 0.869005 -0.0754676
0.33933 0.869005 0.098857
-0.0365525 -0.672075 0.422366
-0.0365525 -0.188247 -0.190265
0.319839 1 0.311193
-0.090929 -0.998608 -0.0891083
0.0363766 -0.0584733 -0.467194
-0.0365525 0.396053 -0.204242
0.0364304 -0.413843 0.209279
-0.0365525 -0.0221871 0.253099
-0.0365525 -0.642295 0.179175
0.308481 1 -0.234953
-0.233604 -0.998608 -0.337168
0.0364304 -0.02171 -0.0874947
0.0364304 -0.747775 -0.137493
0.0364304 -0.306884 0.320292
0.0364304 0.522952 0.347295
0.0364304 -0.635706 -0.0259083
-0.144912 0.869005 0.150688
0.387883 -0.998608 -0.00677325
-0.0365525 0.165872 0.0240803
-0.0365525 0.0960169 0.457582
0.0364304 0.349017 0.43977
-0.0365525 -0.417665 0.0690445
-0.271159 0.869005 -0.335045
-0.0917388 -0.867613 0.305103
0.225224 -0.998608 -0.0465247
0.336735 1 0.394933
-0.0656198 0.868242 0.395719
0.00670409 -0.998608 0.0118635
-0.0365525 -0.627045 -0.297415
-0.390239 -0.912822 -0.13188
-0.0365525 -0.368524 0.391762
0.0364304 0.433096 -0.178616
0.0364304 -0.28522 -0.210175
-0.0365525 0.0825041 -0.463712
-0.0365525 0.52493 -0.125989
0.23441 -0.969971 0.468484
-0.212987 -0.867613 0.0670424
0.0364304 0.679108 -0.061518
-0.0365525 -0.395134 0.145
-0.0365525 0.799611 0.124781
-0.213865 -0.998608 -0.0111088
0.0364304 0.216601 -0.116602
0.087943 -0.867613 -0.465567
-0.0745255 1 0.0989651
-0.250463 1 0.265886
0.0862687 1 -0.0257291
-0.0365525 -0.252698 0.0504499
-0.34806 -0.998608 -0.379782
0.0364304 -0.127726 -0.188372
0.0364304 0.778016 -0.11565
-0.318792 -0.867613 -0.113144
-0.0365525 -0.684226 -0.397142
0.0364304 -0.524279 -0.115948
0.350726 0.869005 -0.039336
-0.0365525 0.438268 -0.0753391
-0.335551 -0.998608 0.197082
0.322233 -0.998608 -0.389828
0.0364304 0.638824 0.297047
0.332113 0.869005 0.321316
0.168506 1 0.102235
-0.390239 -0.935026 0.0949809
-0.0365525 0.0566378 0.121657
0.222306 -0.943808 -0.467194
0.0364304 0.714987 -0.39028
-0.195014 -0.867613 0.3249
0.0950852 -0.998608 -0.453593
0.0364304 -0.346862 0.0655729
-0.0365525 -0.527275 -0.37079
-0.0365525 -0.335808 0.274252
0.0364304 0.0185607 -0.458968
-0.385201 -0.867613 -0.372941
-0.0365525 -0.404667 0.465485
0.335629 -0.867613 -0.103741
-0.0365525 0.765831 -0.00795193
-0.312097 -0.992601 -0.467194
-0.390239 0.95125 -0.287853
0.115524 0.869005 0.275054
0.227707 0.869005 0.00829692
-0.16517 -0.867613 -0.0658699
-0.0365525 0.667492 0.349064
-0.303885 0.869005 -0.0974361
-0.0365525 -0.774639 -0.416943
0.0364304 0.584901 0.069803
-0.0570992 0.865337 -0.403597
-0.0365525 0.5691 -0.00725946
0.390117 0.942872 -0.172554
0.146757 -0.867613 0.289784
-0.0356755 -0.998608 0.157545
0.0364304 0.775757 0.244374
0.0364304 -0.233979 -0.0855389
-0.337878 0.869005 0.00196295
0.169977 1 -0.0275601
-0.0365525 0.643145 0.46768
0.236635 -0.998608 0.205905
-0.175436 -0.867613 0.437255
0.132843 0.869005 -0.0918534
-0.318019 -0.998608 -0.00754967
-0.390239 -0.940377 -0.202084
0.0364304 -0.0127324 0.439649
-0.0365525 0.756361 -0.319566
0.0356648 0.599904 -0.467194
-0.0771474 0.869005 -0.299478
-0.0365525 0.50534 -0.198956
-0.0365525 -0.512787 0.187971
-0.102655 -0.998608 0.287934
0.354607 -0.867613 -0.297199
-0.0365525 0.346389 0.0384062
0.0364304 -0.713283 0.224326
-0.0365525 0.717382 -0.174765
0.223021 1 -0.422155
0.337207 -0.998608 -0.155451
0.202659 -0.867613 0.158811
0.0993391 -0.998608 0.361653
0.0364304 -0.205803 0.135943
0.390117 -0.929922 0.128866
-0.067967 1 -0.144917
0.0364304 0.455646 -0.249258
0.0364304 -0.601613 -0.169296
0.0364304 0.38128 0.298504
-0.0365525 -0.257122 -0.272766
0.0364304 0.13338 0.113222
0.081343 0.869005 0.00913742
-0.24217 0.9623 -0.467194
0.0332504 0.682295 -0.467194
0.0366622 -0.835227 -0.0245009
0.044535 -0.943656 0.468484
0.248966 -0.998608 0.0525541
-0.0365525 0.0353462 -0.279904
-0.219223 0.869005 -0.0894889
0.322318 0.869005 -0.381212
0.0364304 -0.0577608 -0.326699
-0.0365525 -0.584038 0.0518928
0.0364304 0.571088 -0.0634336
-0.117864 -0.998608 -0.245267
-0.0365525 -0.124181 0.283817
-0.0365525 0.0102669 0.336022
0.0364304 0.273822 0.364162
-0.0365525 -0.350945 -0.402363
0.390117 -0.921797 0.302018
-0.312442 1 0.386412
-0.0365525 -0.292272 -0.130064
0.0364304 0.365818 -0.0475619
0.327682 -0.867613 -0.410256
0.0993608 -0.998608 0.207778
0.252952 1 -0.279411
0.353586 1 -0.463687
0.207921 0.869005 -0.0681636
-0.0365525 0.183569 -0.339739
0.0364304 0.684068 -0.325241
-0.0365525 0.676237 0.0944514
-0.0365525 -0.0148493 -0.0125199
-0.106807 -0.867613 0.0508693
-0.0365525 -0.412945 -0.247154
-0.221817 -0.998608 0.0990481
0.0364304 -0.414847 -0.0226448
-0.0365525 -0.573619 0.292161
-0.0365525 -0.527469 0.408111
-0.0339954 0.339353 -0.467194
-0.0365525 0.209781 0.367315
-0.161813 -0.867613 -0.412736
0.251385 -0.867613 -0.0399737
-0.1869 -0.998608 0.401257
-0.0365525 -0.693777 -0.161955
0.0415322 1 0.35372
-0.0365525 0.465836 0.0321826
-0.158528 -0.867613 0.171202
0.180986 -0.867613 0.431304
0.0364304 -0.536715 -0.281098
0.321825 0.869005 0.41099
-0.147478 1 0.193119
0.0364304 -0.575048 -0.345782
0.390117 0.944914 0.0405699
-0.0338178 0.74569 0.468484
0.0364304 0.4671 0.204443
-0.0365525 -0.551521 -0.224318
-0.0365525 0.288739 -0.395173
0.350874 0.869005 0.238484
0.0226163 -0.998608 0.105475
-0.339361 0.869005 -0.268439
0.263209 0.933846 0.468484
-0.300693 -0.867613 0.429402
-0.0365525 0.509624 0.140108
0.0737164 1 0.0946743
-0.0365525 -0.747811 0.283649
-0.390239 0.932304 0.0132987
-0.390239 0.990285 0.151838
-0.0365525 0.317566 0.270791
-0.16595 -0.915187 -0.467194
0.0364304 -0.680883 -0.298838
-0.0365525 0.582573 0.119956
0.0364304 0.81582 0.019074
-0.0365525 0.418144 0.240316
0.390117 -0.929681 -0.204577
-0.0365525 -0.364372 0.0070731
-0.0365525 -0.831066 -0.0994118
-0.0365525 -0.200302 0.30272
-0.0365525 -0.783336 0.405544
0.0364304 -0.499372 0.0302128
0.036194 -0.773328 -0.467194
-0.0365525 -0.218934 0.180333
0.254864 0.869005 -0.153864
0.0364304 0.5837 -0.364343
0.219825 1 0.287843
0.0364304 0.516872 0.0793894
0.117837 -0.998608 0.00398898
0.131558 0.975875 0.468484
-0.295742 -0.998608 0.403633
0.0364304 0.260233 0.171457
0.0364304 -0.638424 0.10712
0.182297 0.91885 0.468484
0.0953286 1 0.228791
0.10064 1 -0.411375
0.0944493 0.869005 0.126455
-0.0365525 -0.686803 0.0493562
-0.338947 1 -0.39799
-0.0365525 0.683125 -0.308384
-0.0365525 0.384493 -0.136381
-0.159433 -0.867613 -0.136985
-0.0365525 0.170671 0.170098
0.0364304 -0.654541 -0.234549
0.0339918 -0.298085 0.468484
-0.0365525 -0.134816 0.162081
0.218055 0.869005 -0.421042
0.0932225 0.869005 -0.454401
-0.335519 -0.998608 -0.0793018
-0.0365525 0.475083 -0.318868
-0.0959726 1 -0.213548
0.0364304 -0.161778 -0.282813
-0.0365525 0.633442 -0.0309342
0.0201805 1 0.41806
0.332652 -0.998608 0.298424
0.0364304 0.035869 -0.218558
0.390117 -0.935758 -0.0307399
0.0320886 0.13834 -0.467194
-0.0365525 0.813097 -0.191614
-0.0365525 -0.586114 -0.122339
0.0805141 -0.867613 -0.330024
0.0364304 0.0505279 0.330594
0.0364304 -0.556417 0.233388
0.139855 -0.998608 -0.124634
-0.390239 0.871185 0.316074
0.390117 0.935966 -0.37388
-0.0288364 0.854433 -0.467194
-0.202992 -0.998608 0.186386
-0.341188 1 -0.280259
-0.0365525 0.645532 -0.409426
-0.0365525 -0.696791 0.130779
0.323636 0.935644 -0.467194
0.291989 -0.867613 -0.251679
-0.22065 0.869005 0.263356
0.0266876 -0.70718 0.468484
-0.390239 -0.882949 0.245029
0.075167 0.869005 0.32771
-0.114411 0.942332 -0.467194
-0.366058 -0.935117 -0.467194
0.202697 1 0.401039
-0.0933516 1 -0.427405
-0.344409 1 -0.170321
0.170869 -0.998608 0.0828121
-0.227863 -0.867613 -0.0169393
0.330515 -0.91616 0.468484
0.0364304 0.568421 0.467833
0.0364304 0.0498773 0.403618
0.0364304 -0.78797 -0.222854
0.214753 0.869005 -0.304727
0.0364304 0.156658 0.228214
-0.0365525 0.688683 0.0205188
0.0364304 0.465048 0.378274
0.0364304 0.398304 -0.302779
-0.390239 0.906885 -0.108495
-0.317451 0.869005 -0.202989
-0.0558469 -0.863306 0.246647
0.0364304 -0.730191 -0.00106575
0.0364304 0.823884 -0.463355
0.105414 -0.867613 0.436678
0.0364304 0.734445 -0.253058
0.0364304 -0.0741579 0.130422
-0.0365525 -0.170343 -0.0470454
-0.0365525 0.0936657 0.0481405
-0.0365525 0.318867 -0.337225
0.0348482 0.497837 -0.467194
0.166922 -0.867613 -0.125968
-0.276187 -0.867613 -0.433879
-0.0365525 -0.785668 0.225906
0.0364304 0.573692 0.294242
-0.0346866 -0.0814288 0.468484
-0.0365525 0.295229 0.441459
-0.0365525 0.554706 0.263669
0.30341 1 0.0901555
-0.216084 0.869005 -0.294158
0.390117 0.870195 0.453178
0.0364304 0.038752 0.163665
-0.0365525 0.578628 -0.404483
-0.222925 1 -0.346497
0.0644165 1 -0.181882
0.0247363 1 -0.242416
-0.369458 0.869005 0.186095
0.0364304 0.38695 0.0575056
0.0364304 -0.463428 -0.397789
0.0364304 -0.708465 -0.461372
0.208388 -0.998608 -0.189233
-0.0365525 -0.0916817 -0.105952
-0.248233 0.872759 -0.467194
-0.183699 1 -0.411854
-0.0365525 0.346484 0.399747
-0.126116 0.869005 -0.203298
0.0364304 0.212655 0.0815003
-0.286984 -0.867613 0.1228
-0.241107 -0.939563 0.468484
0.0364304 0.821226 -0.324578
-0.0365525 -0.46191 -0.165451
-0.0327102 -0.448126 -0.467194
-0.0282574 0.824142 0.468484
-0.0365525 0.123577 -0.411756
0.0153364 0.96562 -0.467194
-0.108956 -0.998608 0.0823388
-0.355794 0.869005 0.414564
-0.337055 1 -0.105889
0.0364304 -0.660492 -0.0954421
-0.0365525 -0.235444 -0.407138
0.0364304 0.618432 0.142492
0.0435189 -0.998608 -0.0407061
-0.123471 0.869005 0.441115
0.390117 -0.955065 0.200781
0.390117 0.919484 -0.0182081
-0.354995 0.869005 0.119259
0.115479 0.869005 -0.155496
0.337654 -0.867613 0.164435
-0.226013 -0.998608 -0.273052
-0.289374 0.869005 0.387806
0.227704 -0.998608 0.330663
-0.0365525 -0.233468 -0.0133655
-0.195996 0.869005 -0.354803
-0.0176713 -0.998608 -0.322023
0.390093 -0.998608 0.0836733
0.0364304 -0.356985 -0.15373
-0.0365525 0.226992 0.20008
0.0364304 -0.446983 0.151105
-0.338236 -0.867613 0.00738859
-0.151903 -0.998608 0.457491
0.390117 0.908228 0.0942359
-0.306898 -0.998608 0.317799
0.0364304 -0.611558 0.0348456
-0.0365525 -0.487322 -0.0374573
0.0364304 0.137263 -0.379384
0.03235 0.210394 0.468484
-0.0365525 0.437358 0.330655
0.329803 -0.867613 0.351842
0.0935972 -0.867613 0.0706218
0.0303005 1 -0.0565436
-0.0365525 0.720931 -0.108268
-0.0365525 0.805022 0.352523
-0.0799494 -0.968132 0.468484
0.0785662 0.869005 -0.305117
0.02604 -0.157567 0.468484
-0.0705929 1 0.415656
0.390117 0.925386 0.345194
0.0257053 -0.517174 -0.467194
-0.0256759 1 0.0527594
-0.32761 -0.867613 -0.239055
0.213408 0.869005 0.334874
0.144194 0.938673 -0.467194
0.0364304 0.716311 0.220002
0.0364304 0.518308 -0.35901
0.0364304 -0.268654 0.270962
0.0364304 -0.294621 -0.0647508
0.0364304 -0.827867 0.167003
0.0364304 0.650852 0.404684
0.0364304 -0.42595 -0.333368
0.0364304 -0.481491 -0.220881
-0.239268 0.869005 0.0220642
0.160863 1 -0.39562
-0.390239 -0.906261 -0.255895
0.0364304 -0.0722653 0.408811
-0.0970837 -0.998608 -0.311957
-0.200185 1 0.405822
-0.0489199 -0.858501 -0.334744
0.163897 -0.998608 -0.0556375
-0.390239 0.928788 -0.357238
0.390117 -0.967484 -0.147166
-0.0166486 -0.907852 0.468484
0.0364304 -0.0415627 0.309838
0.0364304 -0.312553 0.154381
-0.0921091 -0.998608 0.35292
-0.143554 -0.998608 0.203138
0.0364304 -0.432704 0.381949
-0.0365525 -0.771166 0.0283912
0.0347894 0.268663 -0.467194
-0.0365525 -0.232869 -0.146654
0.169277 -0.998608 0.170993
0.326876 -0.998608 0.410416
-0.0365525 -0.330015 -0.178721
0.0364304 0.778002 0.413506
-0.390239 0.951938 -0.19284
0.0288799 -0.274259 -0.467194
-0.0109173 -0.998608 -0.217491
0.146747 -0.998608 0.407707
-0.0365525 0.69427 0.288301
-0.0444379 -0.853778 0.127006
-0.0365525 0.522714 0.420001
-0.210256 -0.867613 0.384405
-0.168214 -0.867613 0.109073
0.20827 -0.867613 0.337773
-0.0365525 -0.740918 -0.270477
-0.102057 0.869005 -0.357306
0.0364304 0.254775 -0.340105
0.0364304 -0.510934 0.275148
0.0626391 -0.866134 -0.231246
0.150328 0.869005 0.162329
0.23616 1 -0.0515155
-0.0365525 0.133539 -0.190725
-0.0365525 0.662791 -0.203227
-0.0365525 -0.32518 0.214228
-0.390239 -0.938726 -0.0111616
-0.0365525 0.0262144 -0.140278
0.211489 0.869005 0.120827
-0.0408955 1 -0.0204471
-0.385437 -0.867613 0.425027
-0.16912 -0.867613 0.26632
-0.119551 -0.998608 -0.0321104
0.0364304 0.497076 -0.0349789
0.0268331 -0.998608 0.333417
0.345156 -0.998608 -0.0495192
0.0364304 0.0219463 0.0579336
0.148368 -0.867613 0.0350077
0.0364304 0.154862 0.409055
-0.0365525 0.805181 0.186808
-0.0365525 -0.674028 0.338522
-0.0365525 0.324586 -0.257375
0.347035 -0.867613 -0.163906
0.0421486 -0.850733 0.0445281
-0.0365525 -0.293543 -0.380535
0.0191638 -0.884882 -0.467194
0.359296 1 -0.0684961
0.0364304 -0.715859 0.102369
0.0364304 0.718685 0.112829
0.0364304 -0.744777 0.35014
-0.227802 1 0.0452244
0.390117 0.977855 0.283558
0.390117 -0.930985 -0.364596
0.0364304 -0.0822913 0.193886
0.0364304 -0.161833 0.347581
0.262417 -0.998608 -0.14866
0.0486176 -0.858341 -0.12283
-0.239341 -0.998608 0.289514
-0.352724 0.940339 -0.467194
0.0364304 0.218504 -0.0569398
-0.0365525 -0.523457 0.0799585
0.00451753 0.952457 0.468484
-0.390239 0.951418 0.415712
0.0364304 -0.222998 0.380896
-0.149697 1 0.333523
0.038753 -0.843932 0.235925
-0.365167 -0.998608 -0.322739
-0.0365525 0.454798 0.11686
-0.0365525 -0.438164 0.186124
-0.0365525 -0.192121 0.421814
-0.291319 1 -0.45242
0.0800639 1 -0.297822
-0.101199 -0.867613 0.423073
0.268408 -0.998608 0.420815
0.389796 0.937513 0.468484
-0.0365525 0.33263 0.333999
0.0223408 -0.582574 0.468484
0.33818 1 0.252619
0.0272626 0.477917 0.468484
0.388249 1 -0.336428
0.390117 -0.871153 0.136156
-0.0365525 0.19401 0.0893905
0.021676 -0.585904 -0.467194
-0.0365525 0.218534 -0.00942082
-0.332055 1 -0.0113995
-0.0365525 0.246949 -0.189138
0.28806 -0.867613 0.247942
0.0364304 -0.396577 -0.446725
-0.0365525 0.495433 -0.408657
-0.383932 -0.867613 0.305386
0.390117 -0.890638 0.25115
0.0364304 -0.299216 0.0308041
0.262225 0.869005 0.210506
-0.0365525 -0.0283394 0.381047
0.0364304 -0.145764 0.222281
0.0364304 -0.0864654 -0.415314
-0.0720392 -0.998608 -0.208212
0.199775 -0.922295 0.468484
-0.0915733 -0.998608 0.138919
0.0364304 0.571177 0.193412
0.278659 0.869005 -0.426564
0.059681 1 -0.363645
-0.0365525 -0.0895862 -0.241842
-0.144904 1 -0.0137252
-0.390239 0.918265 0.210722
-0.0365525 -0.0328492 0.180294
-0.390239 0.926583 0.082367
0.0364304 -0.619471 -0.409971
-0.0365525 -0.456117 0.0242372
-0.279285 -0.867613 0.302618
0.382331 0.877994 -0.467194
0.0364304 -0.341948 0.41449
0.390117 0.917041 0.220825
-0.390239 0.881147 -0.391416
0.181472 0.869005 -0.356698
-0.373909 1 0.273828
0.0965859 -0.867613 -0.166884
0.0364304 0.343557 -0.406708
-0.0365525 0.111296 0.240703
-0.236828 -0.867613 0.201848
0.159659 0.869005 0.221761
0.0366288 0.836314 -0.09992
0.0364304 0.408623 0.171252
0.124687 -0.867613 -0.0479755
-0.0365525 -0.0506468 -0.448635
0.0364304 -0.170862 0.0146329
-0.334819 -0.867613 -0.432584
-0.0365525 0.737469 -0.421475
0.0364304 -0.806224 -0.330054
-0.390239 0.94578 -0.0594536
-0.25843 0.869005 0.121197
0.0364304 -0.0674261 -0.208146
-0.0507263 0.861385 0.0967361
-0.0365525 -0.493415 -0.292261
0.0364304 -0.241187 -0.163261
-0.0365525 0.610862 0.221695
0.0364304 -0.636202 0.398601
0.390117 -0.944309 0.386821
-0.0365525 -0.396125 -0.366078
0.0364304 0.446687 -0.118481
0.266939 0.869005 -0.246421
0.197617 -0.867613 -0.429366
-0.0365525 -0.804261 0.351578
-0.0213561 0.0341702 0.468484
-0.238382 -0.920073 -0.467194
0.0364304 -0.356029 0.207414
0.283221 -0.867613 0.305578
-0.286777 -0.998608 0.106915
0.0916715 -0.998608 -0.326957
-0.0259946 -0.998608 -0.397549
-0.0984725 1 -0.328041
-0.0365525 0.410728 0.44944
0.042328 -0.998608 -0.43032
0.210227 -0.998608 0.272028
0.0940709 -0.998608 -0.231218
-0.0365525 0.0924122 0.33605
-0.0365525 0.342015 -0.0262825
0.272868 -0.998608 -0.266298
0.0364304 0.623193 -0.0878644
-0.289676 -0.908713 0.468484
0.36076 1 -0.17533
0.308175 -0.867613 -0.0506748
0.345513 -0.998608 0.0473524
0.0364304 0.828364 -0.203747
0.160572 1 0.178417
0.20028 -0.867613 0.0878952
-0.0365525 0.141372 -0.0514605
-0.333978 0.869005 -0.334449
0.0364304 0.0733397 0.262744
0.0379207 -0.841443 0.415235
0.0364304 0.333136 -0.102741
0.0364304 0.636501 -0.176716
-0.0365525 -0.704978 -0.0692752
-0.0365525 0.395094 -0.347878
0.238262 -0.867613 0.412568
-0.0365525 -0.610669 -0.0587974
0.0364304 -0.817859 -0.428648
-0.266852 -0.867613 -0.333494
-0.151021 0.87017 -0.467194
0.0863161 -0.998608 -0.154369
0.0364304 0.714655 -0.190369
-0.182989 0.869005 0.336767
0.0364304 0.405396 0.380287
0.0197092 -0.217033 -0.467194
-0.12237 0.869005 -0.260153
0.342562 -0.998608 0.235668
-0.037332 0.840016 0.267045
0.197763 0.957937 -0.467194
-0.101926 0.869005 0.189752
0.0364304 0.826121 0.218074
-0.382931 -0.942135 0.468484
0.295026 -0.867613 0.0659172
0.177908 0.869005 0.0383749
-0.159011 0.869005 0.0583439
-0.0365525 -0.60752 -0.242012
0.390117 -0.918268 -0.0859912
-0.0365525 0.464811 0.408369
-0.0365525 -0.797625 0.1196
-0.0365525 0.0397059 -0.0389991
-0.0289999 -0.640208 0.468484
0.218951 -0.867613 0.223459
-0.0516999 -0.860719 -0.461388
0.0693879 -0.867441 -0.0614008
0.00140428 1 -0.366462
0.386363 -0.867613 -0.418728
0.0364304 0.0923628 -0.217865
0.171791 1 -0.321958
0.390117 -0.985676 0.317304
0.336092 0.96924 0.468484
0.103838 -0.958416 0.468484
-0.249176 -0.867613 -0.221643
0.0364304 -0.32462 -0.252145
0.296035 0.870476 0.468484
-0.0365525 0.0505886 -0.334147
-0.0365525 0.115825 0.402089
-0.0869428 -0.930825 -0.467194
-0.0365525 0.00252995 0.106221
0.211771 1 0.0660433
-0.0231548 1 -0.431415
0.125917 -0.953604 -0.467194
-0.0365525 -0.286903 0.100041
0.108263 -0.867613 0.330716
-0.0365525 0.654216 -0.0864938
-0.0365525 -0.740196 -0.37257
0.338975 -0.867613 0.224275
0.36961 1 0.142307
0.0364304 0.330892 0.0770608
-0.187586 1 -0.302277
-0.0450556 -0.998608 0.413938
0.390117 0.869685 0.317962
-0.361737 -0.867613 -0.150265
-0.0365525 -0.122548 0.0387261
0.102081 1 -0.140497
0.345983 0.869005 -0.239038
-0.0365525 -0.455094 0.345533
0.390117 0.951988 -0.064006
0.0364304 0.795058 0.300307
-0.220904 -0.998608 -0.418656
0.0364304 0.727745 -0.0912423
0.0364304 -0.627288 0.163125
0.0364304 -0.114232 -0.464418
-0.0958448 -0.867613 -0.153663
-0.0365525 0.356178 0.230475
-0.0365525 0.571545 -0.320926
-0.0365525 -0.252238 0.323007
0.0364304 0.530285 -0.14659
0.0364304 0.259543 0.305736
0.0912555 -0.867613 0.141873
-0.0342365 1 -0.317535
0.0364304 -0.516852 0.330591
-0.00645324 0.555638 -0.467194
-0.0365525 0.254407 -0.0728568
0.0364304 0.482664 0.26465
-0.0284737 -0.662942 -0.467194
-0.084347 -0.867613 0.17341
0.276553 -0.929584 0.468484
0.224957 0.869005 0.409346
0.022028 0.40279 -0.467194
-0.0365525 -0.148256 -0.228831
-0.0212583 1 0.165237
0.10753 -0.867613 0.240461
-0.259561 1 -0.0144283
-0.33357 -0.998608 0.137581
0.0364304 0.397597 0.00305717
-0.333238 0.869005 -0.459391
-0.200268 1 0.144493
-0.121179 1 0.44398
-0.0365525 0.75484 -0.0644252
0.0364304 -0.00042694 0.120299
0.0364304 0.274867 0.0480555
0.0364304 0.185746 -0.178998
-0.0365525 -0.421165 0.265009
0.0364304 0.2699 -0.134571
-0.0365525 -0.562988 0.364676
0.0364304 0.377425 -0.170518
-0.0365525 -0.28816 0.39564
0.313892 -0.868267 -0.467194
0.0364304 -0.599967 -0.225866
0.0744319 0.869005 0.452888
-0.213639 0.869005 -0.185839
0.105184 0.869005 0.0647377
-0.321225 -0.867613 0.345751
-0.0365525 0.164261 -0.113306
0.0364304 -0.213518 0.266101
0.0364304 -0.423279 -0.212078
-0.0365525 0.269243 0.0956275
-0.0365525 0.143992 -0.300726
0.0364304 0.822164 0.10931
-0.0365525 0.748431 0.19927
-0.0382318 0.843456 -0.0111722
0.102594 -0.867613 -0.269165
0.390117 -0.903518 0.423809
-0.0123015 1 -0.131195
0.244801 -0.867613 -0.318431
0.0364304 0.0253083 0.219276
0.0364304 0.209219 -0.233106
0.351755 -0.944442 -0.467194
0.0364304 0.103801 0.0668464
0.0123912 0.389265 0.468484
0.0364304 -0.782225 -0.0390933
-0.390239 -0.958271 0.355789
-0.256701 -0.998608 -0.466634
-0.253608 0.873619 0.468484
-0.0365525 -0.294895 -0.0751997
0.0383144 -0.842695 0.333706
0.0364304 0.590136 0.417422
-0.0365525 -0.116827 -0.359527
0.0364304 0.790785 -0.250048
-0.0365525 -0.376733 -0.288336
0.0364304 0.101069 0.431881
-0.348845 -0.998608 0.419657
0.184667 -0.998608 -0.411578
-0.288462 0.869005 -0.424792
0.169581 -0.867613 -0.250922
0.331268 -0.998608 -0.217128
-0.0365525 0.500147 0.213072
0.0364304 0.152739 0.339956
0.0364304 0.0991296 -0.0328242
0.037158 0.839764 0.411579
-0.0682402 -0.998608 -0.432228
-0.0365525 0.19398 0.298291
0.132353 -0.998608 0.274424
-0.0365525 -0.146057 -0.433549
0.0364304 0.632911 0.0438376
0.367923 1 -0.279831
-0.0484153 -0.858048 -0.0502793
0.0364304 0.0161191 -0.126735
0.0364304 -0.515566 0.14727
-0.0491502 1 0.246826
-0.390239 -0.920252 0.147365
-0.339695 0.869005 -0.0531464
-0.0404175 0.907589 -0.467194
0.0364304 -0.145455 -0.103539
-0.109756 1 0.232203
0.0566671 -0.998608 0.241742
-0.0365525 -0.271262 0.208155
-0.0365525 -0.530252 0.258354
0.0364304 -0.151057 0.110424
0.152888 1 0.422497
0.0364304 -0.403602 0.320039
-0.0365525 0.317839 -0.136198
-0.390239 -0.990917 -0.4129
0.386738 -0.998608 -0.305136
-0.163561 -0.998608 -0.125879
0.0364304 -0.185601 -0.388268
-0.038414 1 -0.232979
0.0364304 -0.37646 0.0202528
-0.13351 -0.881618 0.468484
-0.0192809 0.76111 -0.467194
0.00192247 0.688853 0.468484
0.3738 -0.998608 -0.419193
-0.390239 0.995916 -0.425279
-0.353226 1 0.421902
0.169152 0.869005 -0.202551
-0.0365525 0.0333689 -0.225879
0.052645 1 0.145074
0.0364304 0.517948 0.184014
0.0364304 -0.456511 -0.108558
-0.0949178 0.869005 0.350319
-0.344799 -0.867613 0.220228
0.0364304 -0.537817 -0.0636968
0.0364304 -0.423742 0.101108
-0.0365525 0.790463 0.300563
-0.0365525 -0.634853 0.233154
-0.0365525 -0.566947 -0.430661
0.0364304 -0.102062 0.300203
-0.0365525 -0.558399 -0.170927
0.0364304 -0.746261 0.175626
-0.0365525 -0.213439 -0.239245
-0.0365525 -0.0445496 -0.0613493
0.254799 0.869005 -0.100078
-0.389208 -0.867613 -0.0175049
0.363675 -0.998608 0.467899
0.0364304 0.441099 -0.371527
-0.0700928 0.868886 0.0373762
0.0364304 0.292343 -0.0197197
-0.0365525 0.0583441 -0.0896354
-0.390239 -0.900111 -0.329157
-0.0718107 0.868984 -0.0648616
-0.34294 1 0.0792612
0.390117 0.997941 0.397854
-0.195563 0.869005 -0.43758
-0.0365525 -0.344143 0.164212
-0.285311 1 0.173593
-0.195571 1 0.231875
-0.177278 0.869005 0.436647
-0.0365525 0.763721 -0.374924
0.366603 1 0.0288825
-0.170402 -0.998608 0.0845252
-0.389047 -0.998608 0.320792
0.338529 -0.998608 -0.328104
0.0364304 0.0919288 0.155494
0.280285 1 -0.0169144
0.156137 0.869005 -0.259279
0.137965 -0.867613 0.167665
0.0364304 -0.25701 -0.358437
0.0813336 -0.905026 0.468484
-0.0861465 -0.867613 0.358158
0.390117 -0.882036 0.0818296
0.0364304 0.751796 0.331461
-0.079885 1 0.359635
0.0364304 -0.459123 0.249701
0.0672807 -0.867174 -0.416482
-0.308873 -0.998608 -0.255695
-0.162736 -0.998608 -0.451072
-0.374477 -0.998608 -0.0386788
-0.0365525 0.294362 0.0271835
-0.345677 0.869005 0.28544
0.254941 -0.998608 -0.00246155
0.0364304 -0.683321 -0.414572
-0.323574 -0.998608 -0.195619
0.0364304 -0.344693 -0.0824625
-0.388646 -0.998608 0.197888
-0.0365525 0.213846 -0.46434
-0.0365525 -0.571715 -0.00404978
0.0364304 0.297877 0.411477
-0.104081 1 0.155557
-0.0476317 -0.998608 0.26724
0.0364304 -0.00122968 -0.331271
0.0364304 -0.251527 0.162801
0.0364304 -0.0701909 -0.066017
0.390117 -0.885026 -0.260864
0.0820787 0.869005 -0.111801
-0.0404548 -0.84754 -0.219789
-0.335796 0.869005 0.229258
0.0364304 0.0292046 -0.399511
0.386341 -0.867613 0.308133
0.00183501 -0.0403758 0.468484
0.0364304 -0.725528 -0.185412
0.0364304 -0.0265145 0.231038
-0.00585646 0.463222 -0.467194
-0.244857 -0.998608 0.218537
0.345284 1 -0.367132
0.0364304 -0.0741789 0.0383969
0.0364304 -0.235788 0.436616
-0.120168 -0.867613 -0.279938
0.0364304 0.282251 0.226625
0.252083 1 0.419505
-0.185843 -0.867613 0.21637
-0.0365525 -0.161345 -0.330342
0.253907 -0.867613 -0.3905
0.0364304 0.171049 -0.419739
-0.0365525 0.765019 -0.213024
0.268952 1 0.187973
-0.24614 -0.998608 0.421115
-0.0365525 -0.726968 -0.203332
0.0364304 0.314323 0.138499
0.0364304 0.533451 -0.245456
-0.0365525 0.242414 0.408396
-0.0365525 0.826966 -0.113807
0.0364304 0.0390917 -0.0346053
-0.0216542 -0.77357 -0.467194
-0.0365525 -0.63721 -0.420311
-0.0365525 0.285606 0.145962
0.0364304 0.42181 0.0966215
0.265101 1 0.052802
-0.224701 0.98128 0.468484
0.0364304 -0.510216 -0.170374
-0.0365525 -0.141833 0.407195
-0.144052 -0.867613 0.312272
0.0364304 -0.739384 0.0556343
0.271888 -0.998608 0.1497
0.338413 -0.998608 0.141172
0.131524 1 -0.28362
-0.288055 -0.867613 0.245353
-0.0365525 -0.731067 0.410397
-0.0493594 -0.858882 0.0103632
0.170628 1 0.0333351
0.165807 -0.998608 -0.238065
0.0152741 0.0654543 -0.467194
-0.0365525 -0.652662 -0.345913
-0.281307 1 0.344661
-0.0365525 -0.0203689 -0.385388
0.0360817 1 0.0586883
0.0364304 -0.747353 0.423502
-0.352779 1 0.186527
-0.0456809 -0.855264 0.326175
0.0364304 -0.120563 0.428147
-0.0365525 0.404285 0.132173
0.00622635 0.525395 0.468484
0.0364304 -0.766158 0.265775
0.00206405 0.320932 0.468484
-0.343419 -0.867613 0.153427
0.0364304 0.349723 0.241339
-0.0903193 1 -0.0360387
0.00191198 -0.998608 -0.271154
-0.0365525 -0.243444 0.428721
-0.257999 1 -0.0953628
-0.390239 -0.950948 0.0391199
-0.390239 -0.996197 0.0892041
-0.0365525 0.558754 0.382166
0.267908 -0.998608 -0.374229
-0.0365525 -0.400489 -0.417589
0.274442 1 -0.332873
-0.0365525 0.496016 -0.0813535
0.0536628 1 -0.463444
-0.0169906 0.144577 0.468484
0.0727098 -0.998608 0.117801
-0.201248 -0.906851 0.468484
-0.0365525 -0.608848 0.139979
-0.0490711 0.937833 0.468484
0.0364304 0.169898 -0.269908
-0.106078 -0.867613 -0.403588
0.220295 -0.99528 -0.467194
-0.17934 0.869005 -0.0515254
0.0364304 -0.780806 -0.273824
-0.0365525 0.735975 0.384339
-0.0365525 -0.469084 0.0740364
-0.3419 -0.867613 -0.044708
-0.0365525 0.0539145 0.23243
-0.337194 -0.998608 0.267902
-0.390239 -0.994421 -0.275772
-0.0365525 0.572356 0.0442689
-0.390202 0.869005 -0.19354
0.255141 1 -0.153622
0.0364304 0.342615 -0.272284
0.064526 0.868026 -0.227305
-0.202853 1 -0.459384
0.0364304 0.190737 0.270794
0.0364304 0.117556 -0.0911796
-0.0365525 -0.478536 -0.351897
-0.272072 -0.867613 -0.134035
0.145703 1 0.299224
-0.390239 0.988863 0.0115181
0.023187 -0.998608 0.444876
0.0364304 -0.21911 -0.287595
0.291848 -0.990407 -0.467194
-0.0415686 0.850978 0.213729
0.332009 1 -0.0216762
-0.0365525 -0.727968 -0.123912
0.390117 0.947872 -0.115163
-0.0365525 -0.697108 0.278706
-0.0365525 0.57541 -0.133641
-0.390239 0.870897 0.00231995
0.0364304 0.762459 0.0217097
-0.0365525 -0.396802 -0.109524
-0.0365525 -0.750768 -0.321478
-0.0847145 0.869005 -0.173247
-0.218533 -0.998608 -0.0754668
0.26775 0.869005 0.316864
-0.0365525 0.618636 0.328305
0.26561 1 0.312677
-0.0365525 -0.311662 -0.287294
0.0364304 0.312539 0.324255
0.0521449 0.862513 -0.42555
-0.380298 -0.998608 -0.106314
0.0364304 -0.462371 -0.00426317
0.29754 -0.867613 0.132831
-0.0365525 -0.509123 -0.188989
-0.0365525 -0.203327 0.0612606
-0.0251519 1 0.318482
-0.0365525 -0.821878 -0.297347
0.0364304 0.488397 -0.399799
-0.29048 1 -0.284941
0.390117 -0.875118 -0.191213
-0.229217 -0.867613 -0.409681
-0.389359 1 -0.300647
0.0364304 -0.623599 -0.332241
0.0364304 0.192951 -0.00925872
0.0364304 -0.0639602 -0.157873
-0.30769 1 0.450448
-0.207548 1 0.292895
-0.287514 1 0.0901051
-0.160454 -0.867613 -0.229188
0.0364304 0.636833 -0.353379
0.0364304 -0.205744 -0.026471
-0.0365525 0.517608 0.0201494
0.0364304 -0.117958 -0.307527
-0.0365525 -0.0394709 -0.276666
-0.154789 -0.867613 -0.325526
0.0364304 0.68127 0.324166
0.345205 -0.998608 -0.105491
0.0364304 -0.694284 0.347174
0.125698 -0.998608 0.0609112
-0.221674 -0.867613 -0.306952
-0.390239 0.923348 0.261232
0.0364304 -0.788031 -0.167425
0.0364304 -0.620833 0.2876
-0.00231552 0.64646 -0.467194
-0.0365525 0.744406 0.280948
0.0364304 0.334335 -0.207143
-0.0365525 -0.301658 0.0403769
0.390117 0.950043 -0.252625
-0.254593 -0.867613 0.0279729
-0.0349431 -0.353267 0.468484
0.215277 -0.998608 -0.311077
0.0364304 0.731523 -0.0404906
0.184206 0.869005 0.467225
-0.0110666 -0.336147 -0.467194
-0.0365525 0.448015 -0.200027
-0.390239 -0.974007 -0.358941
0.354874 -0.867613 0.398454
0.301281 0.869005 -0.33355
0.0364304 -0.787811 -0.383948
0.24844 -0.867613 -0.22386
0.340253 -0.867613 -0.359198
-0.187276 1 0.0951926
-0.212424 -0.998608 0.0386202
-0.390239 -0.942119 0.259555
0.0364304 0.830897 -0.0359258
-0.0365525 0.249091 0.333953
0.0364304 -0.685299 -0.0226748
0.258717 -0.867613 0.0121119
0.203979 1 -0.162472
-0.266857 -0.998608 -0.0180972
-0.011939 -0.535195 0.468484
-0.390239 0.991064 -0.0883509
0.0364304 0.198102 -0.32353
0.0364304 -0.391336 0.418726
-0.0365525 0.140364 0.281665
-0.0365525 -0.355888 0.322788
-0.388574 0.869005 -0.273961
-0.0365525 -0.713092 0.178131
-0.359907 0.869005 0.463995
-0.0061431 0.604124 0.468484
0.0613737 0.86713 0.232632
-0.390239 0.917237 -0.156831
0.0364304 -0.252981 0.0482898
0.390117 -0.987094 -0.257208
-0.0365525 0.445402 -0.0261515
-0.114743 1 0.0703297
-0.155645 1 -0.115744
-0.0365525 0.419911 -0.295622
0.273476 0.869005 0.420735
-0.364676 0.952255 0.468484
-0.0365525 -0.48008 0.301974
0.0364304 0.675872 0.248665
-0.0684439 -0.998608 -0.045263
0.390117 -0.896394 -0.318673
-0.126447 0.869005 0.0213663
-0.203067 -0.998608 0.351306
-0.0365525 -0.590487 -0.330435
0.0645493 -0.998608 0.00381077
0.0106579 -0.957364 -0.467194
-0.0365525 -0.641243 -0.145807
-0.0365525 -0.50449 -0.415323
0.0459541 1 0.244258
0.0364304 0.142704 0.18102
-0.0365525 -0.105497 0.346898
0.157945 -0.867613 -0.356393
-0.0365525 -0.493923 -0.0862147
-0.192297 1 -0.154571
0.249852 0.869005 0.151608
-0.158145 -0.867613 0.0609508
-0.0878455 0.869005 0.129283
0.162102 -0.998608 -0.341039
0.0441951 0.855017 0.365407
0.0364304 -0.296672 -0.416433
0.0364304 0.0970341 -0.335455
-0.356235 -0.867613 0.0549398
0.0644365 0.931748 0.468484
-0.0365525 0.384054 -0.0735136
-0.0458008 -0.998608 -0.108406
-0.390239 0.998671 0.327347
-0.178658 -0.998608 -0.173473
0.107384 0.869005 -0.345349
0.0364304 -0.512776 -0.40667
0.0364304 -0.349112 -0.404033
0.0364304 0.429271 0.270409
0.0364304 0.391188 -0.421815
0.0364304 -0.716588 -0.3597
-0.125733 -0.998608 -0.364873
-0.0365525 -0.821876 -0.431178
0.0364304 -0.406396 -0.161861
0.0982856 1 0.438983
0.0364304 0.810378 -0.157625
-0.390239 -0.986372 0.395803
0.0364304 -0.678744 0.258928
-0.0365525 0.627384 0.0961217
-0.257287 1 -0.234642
-8.37205e-05 0.782008 0.468484
0.18356 1 -0.217423
0.0364304 -0.485848 -0.29169
0.135459 -0.867613 -0.443383
0.283733 -0.998608 -0.0418921
-0.00714468 -0.450657 0.468484
-0.355814 0.869005 -0.0992196
-0.249965 -0.867613 0.420556
0.0364304 0.124879 0.0104098
-0.242137 0.869005 0.219549
-0.0175348 -0.251687 -0.467194
-0.136206 1 -0.400343
-0.0365525 -0.340426 -0.0354214
0.382768 0.869005 0.122284
-0.0365525 0.539889 -0.0564677
0.218761 -0.889924 -0.467194
-0.258215 -0.998608 -0.116686
0.227728 1 0.239784
0.00277006 -0.0232591 -0.467194
-0.121172 0.869005 -0.134316
-0.390239 0.95317 0.356382
0.06866 1 0.0195886
-0.0365525 -0.357824 -0.138545
0.390117 0.904772 -0.287438
-0.0365525 -0.0656315 -0.199465
-0.0365525 -0.222521 0.228755
-0.0365525 0.0740556 -0.414631
-0.0365525 -0.80342 -0.194275
-0.269276 0.869005 -0.208529
-0.242905 0.869005 0.0751119
-0.0365525 -0.66086 -0.0436071
0.262863 0.869005 -0.299001
-0.0365525 0.687095 0.17676
0.390117 -0.980871 -0.461199
0.0364304 0.278289 -0.294802
0.0364304 -0.319643 -0.313883
0.0364304 0.719059 0.0635876
-0.08214 1 -0.0932743
-0.00574238 -0.165044 -0.467194
0.0364304 0.550587 0.389681
-0.0365525 0.219741 -0.291981
-0.133344 -0.998608 0.250349
-0.336637 0.869005 0.0527146
0.147204 -0.867613 -0.170048
0.0364304 0.672799 -0.278299
0.369956 -0.998608 0.195569
-0.187338 -0.998608 -0.350885
0.383683 -0.867613 -0.0996229
0.31729 1 -0.431943
0.0364304 0.0371192 -0.299737
-0.0105271 1 0.212209
-0.0365525 0.215171 -0.109323
-0.153627 -0.867938 -0.467194
0.0364304 -0.0233261 -0.22953
0.284836 0.905601 -0.467194
0.170101 1 -0.120868
0.0364304 0.174824 -0.0855124
-0.217403 0.869005 0.370211
0.074652 -0.998608 -0.381883
0.0364304 0.553291 -0.188907
-0.363137 0.869005 0.36243
0.0364304 -0.591635 0.348697
0.0364304 -0.702052 -0.119383
-0.0365525 -0.0251797 0.0670851
0.390117 0.871278 -0.0121082
0.0364304 0.747241 -0.155208
-0.343052 -0.998608 -0.431088
-0.0365525 0.0584723 0.0152811
-0.0365525 -0.247737 0.133521
-0.0365525 0.585777 -0.239408
-0.0889769 0.869005 0.290893
0.0364304 -0.814405 0.0799818
-0.0365525 0.372159 -0.248377
-0.0314741 -0.998608 0.213165
-0.0365525 0.521028 0.319963
-0.0365525 0.190406 -0.213784
-0.0365525 -0.678794 -0.279638
0.0364304 -0.524523 0.418748
0.183636 -0.867613 0.259407
-0.0365525 -0.0812953 0.262773
-0.106794 0.904418 0.468484
-0.342932 -0.867613 0.403336
-0.0365525 -0.38704 -0.0581198
0.0551473 -0.998608 0.379573
-0.292562 -0.998608 -0.355445
-0.291784 0.869005 0.298439
0.215819 -0.867613 -0.122018
0.225843 0.869005 -0.191616
0.0364304 0.576466 -0.0148233
-0.0365525 0.266957 0.240026
0.190998 -0.867613 -0.301959
-0.0365525 -0.79201 -0.126485
-0.0805824 0.996895 0.468484
0.0364304 -0.509662 -0.0202487
0.0364304 0.582473 0.246314
0.376749 -0.998608 0.420233
-0.203166 1 -0.248509
-0.0365525 -0.220101 -0.303993
0.016673 -0.998608 -0.161257
-0.0365525 -0.610451 0.413852
0.0364304 0.124416 -0.182177
0.288217 0.869005 0.118118
0.307203 -0.867613 -0.301637
0.0170052 0.999483 0.468484
-0.0365525 0.0736879 -0.135758
0.0364304 0.232682 0.126864
0.0364304 -0.267423 0.348332
0.244785 0.963756 -0.467194
0.175274 -0.94945 -0.467194
0.390117 0.957989 -0.41792
0.169268 0.869005 -0.420415
0.128746 1 0.34614
-0.17523 0.96118 -0.467194
-0.0425463 0.852552 -0.159536
-0.309695 0.869005 -0.154281
-0.0419628 0.851634 -0.26149
0.0364304 0.23819 -0.416313
-0.0370612 0.838586 0.418845
0.0988769 -0.914892 -0.467194
-0.174417 1 -0.0724331
-0.0365525 -0.763419 -0.0310895
-0.080448 -0.998608 -0.161104
0.35485 0.869005 -0.0913035
0.200757 -0.998608 0.451952
-0.0365525 0.443137 0.280321
-0.161021 -0.998608 0.290392
0.340513 -0.867613 0.0531219
-0.303894 0.869005 0.108757
0.0364304 0.630686 -0.257193
0.296661 -0.998608 0.0470117
0.112156 0.869005 -0.0334027
0.112928 -0.867613 0.389387
-0.0182928 -0.686019 0.468484
0.0364304 0.526691 0.295991
0.0364304 0.482596 -0.157191
-0.205634 -0.867613 -0.242164
-0.0365525 -0.122675 0.236839
0.209773 -0.867613 -0.0181333
0.246339 0.977697 0.468484
-0.390239 0.96955 0.10974
0.0284756 -0.998608 0.286526
-0.343152 -0.867613 -0.344042
0.0364304 0.462709 -0.00136019
-0.16831 -0.998608 -0.0222548
-0.0464464 -0.998608 0.364322
-0.26193 -0.867613 -0.0743371
0.0364304 -0.139574 -0.239308
0.107889 1 -0.460713
0.018532 -0.828405 0.468484
0.315065 0.869005 0.208342
0.122873 1 0.0919426
-0.0497725 -0.969204 -0.467194
-0.389878 1 -0.181248
0.259732 -0.998608 0.0980578
-0.0365525 0.0837768 -0.30121
-0.0365525 0.378294 0.353525
0.0364304 0.587452 -0.419872
-0.0365525 -0.486997 0.384765
-0.0365525 -0.0840068 0.161686
-0.158855 1 -0.207133
-0.133765 1 -0.296713
0.149322 -0.867613 0.465616
0.0364304 -0.559764 -0.148645
0.298002 -0.881241 0.468484
-0.350532 1 -0.328078
0.0364304 0.489699 -0.283828
-0.0365525 -0.440398 -0.206818
0.28675 1 -0.193498
0.123761 0.869005 0.378334
0.0364304 -0.31835 0.251352
0.390117 0.957279 0.0941542
0.0364304 0.643667 0.35241
0.0143024 -0.998608 0.0596684
0.0364304 0.695395 0.418144
0.0364304 0.507526 0.126907
0.335963 1 -0.114793
-0.390239 0.967737 -0.465113
0.153409 -0.867613 -0.0112178
0.0116406 0.309839 -0.467194
0.103365 0.913856 -0.467194
0.302162 -0.867613 -0.136004
-0.261408 -0.998608 0.467582
-0.272917 0.972466 0.468484
-0.0365525 -0.136311 -0.0154363
0.175993 -0.998608 0.371648
0.222961 0.869781 -0.467194
-0.0365525 0.690795 -0.4197
0.140176 1 -0.234806
0.0364304 -0.762617 -0.0875624
0.329321 0.869005 -0.161585
-0.23245 -0.867613 -0.158094
-0.0365525 0.481734 0.0778532
0.0364304 -0.325932 0.110011
-0.110339 -0.998608 -0.412903
-0.0365525 0.138847 0.0616995
-0.0365525 0.287976 -0.297641
0.0364304 -0.326987 -0.19018
0.344159 0.869005 0.154549
-0.0365525 -0.723728 -0.421244
0.0364304 -0.367349 -0.350107
-0.0365525 0.785435 0.0702617
0.0288313 -0.998608 -0.317865
-0.289601 -0.998608 0.202016
-0.0365525 0.000439714 -0.189407
-0.152157 -0.867613 -0.183226
-0.390239 -0.910709 0.354651
-0.0741218 -0.867613 0.0896445
-0.342533 -0.998608 0.0315123
0.0364304 -0.323565 0.3722
-0.301762 -0.867613 -0.299386
-0.0365525 0.214714 0.249551
-0.390239 -0.952047 -0.250778
0.0364304 -0.410858 0.274581
0.0364304 -0.631101 -0.133951
-0.0365525 0.817145 -0.388261
-0.0365525 0.40073 -0.421745
-0.00982633 0.87344 0.468484
-0.248157 -0.867613 0.0966913
0.0365061 -0.833471 0.282808
-0.0410591 -0.86891 0.468484
0.0364304 0.723243 -0.436364
-0.306299 0.959153 -0.467194
-0.221216 0.869005 -0.0218696
0.0364304 -0.357723 0.320046
0.125481 0.869005 0.0219627
0.390117 -0.895142 -0.00892967
-0.0365525 0.748102 0.1069
-0.0365525 0.447329 -0.437084
-0.0365525 -0.824775 -0.383876
0.0364304 -0.0298802 -0.0410808
0.0364304 -0.246337 0.230684
-0.176038 0.869005 0.273787
-0.0155926 -0.273473 0.468484
0.0364304 -0.669728 0.209406
0.200332 -0.867613 0.382878
-0.0365525 -0.793873 0.0721763
-0.345048 1 0.0325012
0.180542 0.869005 0.374731
-0.0365525 -0.377541 -0.218138
0.246837 -0.998608 -0.0868579
-0.0551128 1 -0.190142
-0.0365525 -0.291424 -0.334843
0.0364304 -0.526671 0.0702091
-0.229565 -0.998608 -0.190862
-0.390239 -0.914128 -0.0656301
0.349837 -0.867613 -0.0271982
0.0364304 -0.0568813 0.359422
-0.0365525 0.14861 -0.37284
-0.0144738 0.809316 -0.467194
0.0871414 -0.998608 0.163775
-0.151176 0.953709 0.468484
0.314981 0.869005 0.363637
0.246299 -0.867613 -0.160283
0.0364304 -0.130726 -0.00712568
-0.0365525 0.396081 0.0357583
0.346289 0.869005 -0.420058
-0.14405 -0.998608 0.385594
-0.27011 1 -0.366302
0.0364304 0.0992451 0.323466
-0.0365525 -0.451024 -0.272218
0.0364304 0.31186 -0.368265
-0.00943832 0.192233 0.468484
-0.141261 0.869005 -0.0230336
0.132097 1 -0.00225992
-0.154793 0.869005 0.104324
-0.390239 0.914608 -0.46545
0.210664 0.869005 0.0746068
0.224967 1 0.333113
0.0364304 -0.0542131 -0.281376
-0.353302 -0.890561 -0.467194
-0.298074 1 0.271566
0.108239 1 -0.193857
-0.0365525 0.617413 -0.301338
0.195192 1 0.14904
-0.0365525 -0.818853 0.0292604
-0.0365525 0.498761 -0.248476
0.0364304 0.582779 -0.272496
0.390117 -0.936735 0.248453
0.278352 -0.998608 0.223717
0.0364304 -0.246958 -0.24225
0.304036 0.869005 0.070402
-0.0365525 -0.191357 -0.423413
-0.390239 0.951789 -0.242531
-0.0365525 0.165662 0.377699
-0.0321866 -0.998608 0.0351271
0.33415 -0.998608 0.343713
0.0802882 1 -0.0706446
-0.0365525 -0.573507 0.175345
0.0364304 0.469387 0.0901509
-0.209837 0.89583 0.468484
0.265968 0.869005 0.0324833
0.343999 1 0.20774
-0.0365525 0.58913 0.164729
-0.0365525 0.00812894 0.290825
0.213836 1 -0.302135
0.09941 0.869005 -0.261546
0.0364304 -0.18736 -0.0783389
-0.338024 -0.998279 0.468484
-0.0365525 0.0322285 0.424753
-0.198395 -0.954416 0.468484
-0.0365525 -0.0618659 -0.00703311
0.0364304 0.124715 -0.268318
0.0364304 0.470823 0.423897
0.0364304 -0.605684 0.432278
0.0364304 0.285289 -0.193317
-0.0365525 -0.354481 0.120233
0.0364304 0.556366 -0.106137
-0.0365525 -0.656648 -0.193461
-0.390239 -0.910221 -0.434514
0.115251 -0.998608 0.31939
0.166094 -0.952546 0.468484
0.0364304 -0.399899 -0.250657
-0.0365525 -0.405859 0.366448
0.0364304 -0.0933412 0.089632
0.0384426 0.844464 0.318845
0.390117 0.898706 0.418133
0.0364304 -0.640727 -0.191634
-0.015362 -0.775115 0.468484
-0.221432 0.869005 -0.141417
-0.0365525 0.302331 -0.441751
0.0364304 -0.131982 -0.407632
-0.238533 0.917485 -0.467194
0.0364304 -0.11474 -0.060081
0.0364304 0.403164 -0.0725555
-0.00582799 -0.484096 -0.467194
-0.0365525 0.248469 -0.375324
0.221211 0.869005 0.228759
0.0364304 -0.581336 -0.0494364
0.0364304 -0.0782613 -0.371196
-0.331216 0.907979 0.468484
-0.112139 1 -0.129874
-0.0365525 0.654786 0.212723
0.156334 0.869005 0.293551
0.0364304 -0.187658 -0.187775
-0.0245492 1 0.415856
-0.284956 0.869005 0.204344
0.0364304 -0.65774 0.0130659
0.246683 -0.998608 0.37503
-0.176157 0.869005 -0.101573
-0.220754 1 -0.0651019
0.390117 -0.954223 -0.323774
-0.0365525 0.6217 -0.181252
-0.158965 -0.998608 -0.262748
-0.0365525 -0.765655 0.329142
-0.294109 1 -0.403931
-0.276798 0.869005 -0.379313
-0.0365525 0.170545 -0.41895
-0.268109 -0.955505 -0.467194
-0.346345 1 -0.056366
0.0364304 0.468268 -0.0742484
0.0364304 0.189558 0.369272
-0.262361 0.869005 -0.113615
-0.128794 -0.946089 -0.467194
0.115712 0.869005 0.422971
0.0364304 0.193359 0.202979
-0.117748 -0.867613 -0.0594758
-0.0365525 -0.0646838 -0.334778
-0.390239 0.951904 0.174333
-0.226724 0.869005 -0.244465
-0.0365525 0.119651 -0.148228
0.386905 -0.91399 0.468484
-0.0365525 -0.799352 -0.0633899
0.0583239 1 0.395236
0.199427 1 -0.0765359
-0.0736491 -0.998608 0.051136
-0.208176 -0.867613 0.0228445
0.0381759 -0.842272 -0.466934
-0.0365525 -0.0668109 0.0824642
-0.0365525 -0.297915 0.297343
-0.203226 0.869005 0.0479466
-0.0365525 -0.508946 0.143773
-0.390239 -0.95717 -0.131533
-0.100286 0.869005 -0.41285
0.0364304 -0.291381 -0.0175932
0.277743 1 -0.115508
-0.342617 -0.998608 -0.284374
0.390117 0.869102 0.261966
-0.0365525 -0.295149 -0.234872
-0.0584067 0.865941 -0.342349
0.0364304 0.322734 -0.0597166
0.31623 1 0.355721
0.220729 1 -0.242681
-0.0365525 0.326798 0.168091
-0.0365525 -0.201852 -0.34809
0.143433 -0.998608 -0.427681
-0.0291243 -0.998608 -0.0229424
-0.0365525 -0.127272 -0.0793648
0.380165 0.869005 -0.208787
-0.390239 -0.996765 -0.205386
-0.0365525 -0.183827 0.152116
-0.0365525 0.540232 -0.426275
0.390117 0.95928 0.243536
0.390117 0.905288 -0.142222
-0.295611 0.869005 0.0145694
0.171787 -0.998608 0.126905
-0.239322 1 0.385502
0.0364304 -0.589831 0.127913
-0.0198164 1 -0.272959
-0.0365525 -0.0395338 -0.107584
-0.304742 -0.871562 -0.467194
-0.0365525 0.769448 0.156884
0.294191 1 0.406617
0.00253464 -0.328875 0.468484
0.281229 1 0.143815
-0.0365525 0.0992097 0.138401
-0.0399314 0.84785 0.361859
0.272646 -0.998082 0.468484
0.25215 1 -0.385152
-0.283047 0.91091 0.468484
-0.208155 -0.867613 -0.0567375
0.0364304 -0.159337 -0.335422
-0.0365525 0.540888 -0.224767
-0.390239 0.896233 0.4152
-0.0365525 -0.628232 0.0400243
0.0197503 0.0158336 0.468484
-0.26113 -0.998608 -0.299361
0.0364304 0.619595 0.0966468
-0.0365525 0.0155153 0.380617
-0.0365525 0.366418 0.0986283
-0.0365525 -0.198294 0.46794
-0.0365525 0.486665 -0.365701
-0.109044 -0.998608 0.0217732
0.00885477 0.433948 0.468484
0.258736 -0.907863 -0.467194
0.390117 0.872794 -0.0610663
0.225414 0.911246 0.468484
0.346734 1 0.437549
-0.152227 0.869005 -0.354533
0.390117 0.986453 0.180405
0.385293 0.869005 -0.262687
0.0364304 -0.668827 0.429267
-0.258387 1 -0.18811
-0.212239 -0.998608 0.143636
-0.0365525 0.664187 -0.35698
0.0364304 0.209304 0.0331432
-0.0365525 0.539147 -0.171239
-0.0589908 -0.864798 -0.122188
-0.0365525 0.681527 -0.254052
-0.390239 0.912894 0.329097
-0.0365525 0.290618 0.320395
0.390117 -0.92793 0.345265
-0.0365525 0.527714 -0.313972
-0.0365525 0.075225 -0.370177
-0.16576 -0.867613 -0.369285
0.0364304 -0.533924 0.193569
0.0364304 0.555801 -0.459243
-0.125822 0.869005 0.246053
-0.0365525 0.574712 0.427591
-0.0365525 -0.589214 0.101075
0.00691423 -0.40476 0.468484
0.0364304 0.75534 0.376306
-0.0365525 -0.126755 -0.143006
-0.237985 -0.867613 0.317886
-0.0365525 -0.380761 0.284036
0.0898827 0.869005 -0.404848
-0.0365525 -0.761546 -0.230687
-0.100767 1 -0.372692
-0.263422 -0.867613 0.161298
0.0364482 -0.83226 -0.238886
-0.273147 0.869005 0.429912
0.253421 -0.867613 0.149319
-0.3391 1 0.352072
-0.11076 -0.998608 -0.127788
0.0364304 -0.549419 0.362245
0.145824 -0.867613 -0.0879809
0.0364304 -0.384295 -0.0572856
-0.180152 0.869005 0.184729
-0.0365525 0.293024 -0.0926996
0.0364304 -0.37558 0.0981257
-0.0365525 -0.729866 0.0416608
-0.265024 -0.867613 -0.385218
0.323616 0.869005 0.275142
0.162255 0.869005 -0.0560559
-0.0365525 -0.425759 0.114324
0.0547142 -0.978079 -0.467194
0.390117 0.911144 -0.332906
-0.0365525 -0.549984 -0.0984747
0.200173 0.869005 -0.0251203
-0.0365525 -0.18573 -0.14435
0.0364304 -0.55192 0.0350636
-0.0365525 -0.402433 0.0276521
0.0364304 0.666829 -0.0200418
0.0943236 -0.998608 -0.111876
-0.0365525 0.122941 0.0157008
0.0364304 -0.0302769 -0.130785
-0.0365525 -0.745128 0.210923
-0.0487169 -0.938262 0.468484
0.00021546 0.922294 -0.467194
-0.390239 0.910081 -0.302468
-0.00869466 0.124114 -0.467194
-0.0365525 0.0935721 0.0945364
-0.0960001 0.983573 -0.467194
-0.111844 -0.93228 0.468484
-0.390239 -0.883538 0.0761009
-0.0365525 0.722437 -0.00626195
-0.234892 1 -0.148084
0.00159831 0.723434 -0.467194
-0.168834 0.869005 -0.188874
-0.0365525 0.832195 -0.299526
-0.0573659 1 0.141796
0.125953 1 -0.0481804
0.0364304 0.421402 -0.223208
0.00836359 -0.422459 -0.467194
0.0400738 1 0.292699
-0.178507 1 0.368673
0.0251313 -0.998608 -0.0795496
0.344704 0.869005 0.449704
-0.0365525 -0.712434 0.319323
-0.357019 0.869005 -0.229318
-0.189984 0.869005 0.139419
-0.0365525 0.142154 0.206703
-0.0101058 -0.556433 -0.467194
0.0364304 -0.0272215 0.0330065
0.0364304 0.492814 0.0375767
0.00490467 0.0962016 0.468484
0.0364304 -0.485678 0.443782
0.205598 -0.867613 -0.22426
0.0995059 -0.998608 -0.273703
-0.0365525 0.654634 0.422812
-0.0365525 0.141391 -0.237721
0.353645 -0.952177 0.468484
0.344055 0.869005 -0.344359
-0.0365525 0.724072 -0.289644
-0.0365525 -0.679759 0.00114738
0.0364304 -0.130324 -0.143547
0.203608 -0.871895 0.468484
-0.359501 0.869005 -0.425664
-0.0365525 -0.681924 0.380528
-0.0365525 -0.201602 -0.102515
0.193487 0.906132 -0.467194
-0.305196 -0.998608 0.361991
0.0364304 0.754465 0.285049
-0.0365525 0.0141992 0.148304
0.390117 0.911596 0.177951
0.227407 -0.867613 -0.0752682
0.0364304 -0.254235 -0.0446035
0.0364304 0.170729 0.0926503
-0.0365525 0.745851 0.425812
0.0364304 -0.227852 0.0994599
-0.0365525 0.805578 0.00828444
-0.390239 -0.907252 0.445122
-0.0365525 0.478426 0.31903
-0.261268 1 -0.317492
0.0364304 -0.192493 0.446441
-0.34723 0.991097 0.468484
-0.0365525 -0.612077 0.32392
-0.0365525 0.0627302 0.1683
0.307899 0.869005 -0.0194852
0.0364304 0.713123 -0.29192
0.253061 -0.867613 0.0588174
-0.0365525 0.100116 -0.0618947
-0.390239 0.891657 0.111912
-0.193671 0.952049 0.468484
-0.264033 1 0.220302
0.0364304 0.681205 -0.419341
0.156535 -0.998608 -0.0135614
0.0364304 -0.465562 0.0642302
0.0364304 0.250168 -0.244421
-0.0365525 0.495595 -0.156694
-0.156347 1 0.419606
0.0364304 -0.180507 0.170547
0.174449 -0.998608 -0.0979488
-0.00170037 0.187897 -0.467194
-0.367962 -0.867613 -0.252232
-0.0365525 0.00047984 -0.422362
0.353058 0.869005 0.00844332
0.0364304 -0.465988 0.350145
0.0364304 0.353158 0.160378
-0.0729198 -0.867612 -0.199518
-0.0365525 0.458939 0.228752
0.083604 1 0.348451
-0.169831 0.869005 -0.272377
-0.0365525 0.307456 0.06885
0.347342 1 -0.218003
-0.121341 1 0.292204
-0.390239 -0.904362 -0.179731
0.0364304 0.0809991 -0.377607
-0.138498 -0.867613 -0.0987433
-0.0365525 -0.741029 0.128414
-0.108167 0.869005 0.401311
-0.338386 -0.933788 0.468484
0.27277 -0.867613 0.437405
0.344608 0.869005 0.0521123
0.0364304 0.563496 0.335278
0.0774694 0.869005 -0.18152
0.0364304 0.756227 0.206061
-0.0365525 0.407981 0.199285
-0.0599314 -0.998608 -0.332112
-0.0365525 -0.529099 -0.0187448
-0.0365525 -0.104673 -0.425044
-0.0365525 -0.516193 -0.330022
0.390117 -0.952473 0.0897541
0.239628 0.869005 0.275747
0.0808111 1 0.189126
0.172313 -0.998608 -0.161902
-0.0365525 -0.124685 -0.265194
0.0364304 0.803011 0.182833
0.0364304 0.101145 -0.133402
-0.0365525 -0.37758 0.43291
0.0364304 -0.132238 0.38367
0.0364304 -0.643455 0.0652982
0.0364304 0.572224 -0.323257
0.390117 0.869057 0.219864
-0.0365525 0.68809 -0.143712
0.0364304 0.260294 0.263658
-0.18292 0.869005 0.394329
-0.252315 1 0.145374
0.0364304 -0.214044 0.0232915
-0.00447987 -0.998608 -0.11616
0.203373 1 -0.383719
0.390117 0.992599 -0.444354
0.0364304 0.676682 0.206193
0.0364304 0.232028 0.360405
-0.0365525 -0.195716 0.348323
-0.0365525 -0.261566 -0.0445199
0.027971 1 -0.161116
0.0364304 0.680441 0.0472279
-0.0365525 0.220588 -0.243643
-0.35553 1 0.231156
-0.0365525 -0.165311 0.0797543
0.390117 -0.908364 -0.440092
0.0297927 -0.998608 -0.239855
0.390117 -0.975668 -0.0434848
0.00642677 -0.737086 -0.467194
0.0364304 0.38403 0.416828
-0.0176596 -0.998608 0.116848
-0.107925 1 -0.254992
0.390117 0.886035 -0.366353
-0.0365525 -0.806945 0.161623
-0.285576 -0.867613 -0.242207
0.143096 0.869005 0.459651
-0.346701 1 -0.229515
0.0364304 0.793638 -0.291749
-0.0365525 -0.0820651 -0.15432
0.0364304 0.823333 0.0674009
0.0364304 0.74543 -0.358984
0.298769 -0.998608 -0.171829
0.0364304 0.00674061 0.401413
-0.111661 -0.996536 0.468484
0.0364304 -0.430122 -0.0691014
-0.0365525 0.656546 0.308768
-0.368104 -0.867613 -0.107594
-0.255074 1 0.307361
-0.390239 -0.967691 0.4331
-0.287627 0.869005 -0.296732
0.00392865 0.230197 -0.467194
-0.0365525 -0.438553 -0.36578
0.348984 -0.998608 0.0917176
0.0364304 -0.768594 0.08585
0.0364304 0.0159788 -0.0692861
-0.122847 -0.998608 0.166979
-0.293417 -0.867613 0.012901
0.0423813 -0.851094 -0.332613
0.0364304 0.674079 -0.371954
0.317736 -0.998608 -0.431839
0.0364304 0.396506 0.337184
0.390117 -0.98936 0.0431496
-0.0014629 0.368511 -0.467194
0.04628 0.926929 -0.467194
-0.00708807 -0.112458 0.468484
0.336035 1 0.0605217
0.0364304 -0.817279 0.124484
0.214447 0.869005 -0.109803
-0.390239 -0.951708 -0.433611
0.168026 -0.867613 -0.206729
0.0364304 0.637186 -0.444664
0.0322363 0.446881 -0.467194
0.0540291 0.863734 0.118966
-0.331711 -0.867613 -0.191251
0.0364304 -0.190181 0.300327
0.0847322 -0.867613 -0.37617
-0.145618 0.911231 -0.467194
0.313241 0.869005 -0.0656085
-0.390239 -0.881708 0.132242
0.378606 0.869005 0.0793082
0.168777 -0.867613 0.325487
-0.12835 -0.867613 0.273221
-0.390239 0.961547 -0.383719
-0.0365525 0.179206 0.129657
0.0364304 -0.569833 -0.256384
0.0364304 0.791756 -0.437374
-0.0365525 -0.515234 -0.257175
0.0364304 0.648901 -0.120514
0.0364304 -0.605836 0.205894
-0.129654 1 0.0304767
-0.0365525 0.468706 -0.112848
-0.0365525 -0.158848 0.306209
-0.0365525 -0.825187 0.237798
0.0364304 0.245076 0.440093
0.166991 -0.867613 -0.396652
0.139011 1 0.214232
0.0364304 0.334893 -0.0202469
-0.0899024 -0.867613 -0.310125
-0.390239 0.959294 -0.0204729
-0.0365525 -0.0675142 0.36658
0.269783 -0.998608 0.311816
-0.292731 0.869207 -0.467194
0.390117 -0.948701 -0.242138
0.254588 -0.972389 -0.467194
0.0364304 -0.800634 -0.000678551
0.0367733 -0.836112 0.374419
-0.0365525 0.508476 0.458638
0.0364304 0.660138 0.131425
0.288045 0.956471 -0.467194
0.0364304 -0.409071 -0.295851
0.0971403 -0.998608 0.249096
0.11654 -0.867613 -0.349825
-0.0365525 -0.333191 0.412766
0.0364304 0.767827 0.121824
0.127924 0.869005 -0.430572
0.0364304 0.43821 -0.286463
-0.0365525 -0.475044 0.429399
-0.0365525 -0.245322 0.0925407
-0.195587 0.869005 -0.396534
0.239389 1 0.157514
0.0364304 0.0251484 -0.178773
0.0364304 -0.800843 0.431886
0.0364304 -0.115244 0.256931
-0.0365525 0.0437111 -0.447006
0.029301 0.854863 0.468484
0.0364304 -0.540193 -0.376171
-0.0521178 -0.998608 0.45433
-0.0365525 -0.425419 -0.145059
0.0364304 -0.0245736 -0.437364
-0.0365525 0.0522016 0.344025
0.0364304 -0.484669 -0.43651
0.00523496 1 -0.0902936
-0.186511 -0.867613 -0.101532
0.0364304 -0.598797 -0.00813513
0.363474 0.869005 0.4089
-0.0365525 0.363949 -0.178827
0.0364304 -0.815717 -0.131668
0.14003 -0.998608 0.199615
-0.00829871 0.264577 0.468484
-0.0700006 1 0.0583088
0.00370114 -0.945593 0.468484
0.0364304 0.537884 -0.0373884
-0.0365525 0.660368 0.253219
-0.0365525 0.412812 -0.244179
-0.0365525 0.763198 -0.260396
0.344968 -0.867613 0.453323
0.390117 -0.904106 -0.395343
-0.0365525 -0.64772 -0.252733
0.213029 0.953919 0.468484
0.390117 0.869856 -0.121949
-0.0365525 -0.108419 0.437917
0.0364304 0.826571 -0.368392
-0.0365525 -0.60137 0.256477
0.0483459 0.859489 -0.332259
0.240129 -0.998608 -0.228853
0.089359 -0.998608 -0.0303169
-0.0365525 0.698624 0.458934
-0.0365525 0.168669 -0.0165986
0.0624391 -0.9807 0.468484
0.356772 1 -0.421768
0.303551 1 0.212817
0.0364304 0.355908 -0.337
-0.0365525 0.257339 -0.421138
0.305513 0.930659 0.468484
-0.0365525 -0.69867 0.0883184
-0.390239 -0.869666 -0.293041
0.0364304 0.0634408 0.0615201
-0.196374 1 0.0183282
-0.34943 -0.998608 -0.132841
0.0736194 0.869005 0.283365
0.0364304 0.72459 0.168993
-0.0747886 -0.867613 -0.368369
-0.306695 -0.998608 -0.0505835
-0.390239 -0.868151 0.465422
-0.347574 -0.998608 0.317418
0.0364304 -0.593132 0.250869
0.390117 -0.952593 0.00802442
0.0430554 0.853481 0.00536234
-0.0829143 0.869005 0.443364
0.211474 -0.998608 0.0833254
0.220327 1 -0.46267
0.359735 1 0.303709
-0.0365525 0.38373 0.419132
0.267293 0.869005 -0.467044
-0.0365525 -0.817925 0.42817
-0.0609196 -0.86554 0.427544
-0.390239 -0.965048 0.175061
0.11788 0.869005 0.315555
-0.0365525 0.449453 0.37082
-0.0365525 0.542849 0.111731
-0.300918 -0.998608 0.0684382
0.0364304 0.169328 -0.352106
0.0364304 0.0353238 0.0161121
0.30241 1 -0.275013
-0.267484 -0.998608 -0.176596
0.390117 0.904425 -0.185328
-0.0365525 0.570789 -0.362605
-0.00240028 -0.0701575 -0.467194
-0.0365525 -0.299237 0.25636
0.355638 0.869005 0.356128
-0.148941 -0.998608 -0.206942
-0.350332 -0.979298 -0.467194
-0.0365525 -0.1592 0.119726
0.265775 -0.867613 -0.283874
0.0364304 -0.541025 0.115878
0.0364304 0.00233142 0.32567
-0.390239 -0.90043 0.203963
0.209543 -0.998608 0.174315
0.110211 1 0.266352
0.0364304 0.12211 -0.428275
-0.0584501 1 -0.454532
-0.365802 1 0.119891
0.0364304 0.588605 0.023641
0.352929 -0.867613 0.0133803
-0.0365525 0.71809 -0.332215
0.145355 1 0.140368
-0.131846 -0.867613 -0.0139071
0.0625566 0.867502 0.189258
-0.016673 0.913903 0.468484
0.0364304 -0.720021 -0.281823
0.0364304 -0.660077 0.296497
0.390117 -0.926041 0.16891
0.167322 0.957488 0.468484
-0.0365525 -0.567282 0.413765
-0.0606761 0.866845 -0.443592
0.101325 -0.998608 -0.191628
0.0364304 0.785183 -0.347218
-0.0365525 0.0548243 0.0785033
-0.0365525 -0.480595 0.211986
0.0999812 0.950432 0.468484
-0.281387 -0.867613 0.465603
-0.0365525 0.762517 -0.172951
-0.0709892 -0.998608 0.178344
0.0364304 0.596689 -0.181738
-0.0365525 0.00885628 0.227696
-0.30624 0.869005 -0.0310235
0.063948 -0.866492 -0.190138
0.0364304 0.547733 0.0538109
0.121115 -0.998608 0.448644
0.0364304 -0.0344512 0.270323
0.390117 0.965664 -0.205509
0.0458872 1 -0.276919
-0.0365525 -0.0986905 0.124415
0.374647 -0.998608 -0.169676
-0.0365525 0.670247 0.134037
0.0364304 0.639713 0.182636
-0.0365525 0.791518 -0.0952244
0.0364304 -0.78812 0.17161
-0.135473 -0.998608 -0.0944739
0.390117 0.917654 -0.419383
-0.0365525 -0.473592 0.167616
-0.0365525 0.613298 0.00358031
0.055167 -0.863002 0.00316924
0.0645761 -0.866645 0.43834
-0.00217351 1 -0.0302045
0.105622 -0.998608 0.407838
0.117165 -0.867613 0.20177
0.306555 -0.867613 0.384205
0.218944 0.869005 -0.377779
0.0364304 -0.675089 0.0894905
0.155344 1 0.382761
-0.0365525 -0.377272 0.0811448
-0.0365525 -0.777948 -0.285622
0.390117 0.967175 0.4396
0.26043 1 -0.239802
0.390117 0.960631 0.372214
-0.051616 -0.860659 0.286116
-0.0365525 0.415806 -0.111849
-0.203941 -0.998608 0.307609
0.0589825 -0.894801 -0.467194
0.0364304 -0.459262 -0.35501
0.0364304 0.504098 0.38817
0.0364304 -0.687585 -0.212515
0.0364304 -0.175949 0.24875
0.0364304 0.340346 0.292861
-0.0365525 -0.426998 -0.0684254
0.321275 1 0.125602
0.314293 -0.867613 -0.216156
-0.0365525 -0.211955 -0.0467089
-0.199358 -0.867613 0.179077
-0.0365525 -0.00808246 0.0265526
0.235174 0.869005 -0.270641
0.186422 1 0.217413
0.0364304 0.373662 0.199448
0.306544 0.869005 -0.242816
0.0388927 -0.844299 -0.0716077
-0.346593 -0.867613 -0.384985
0.0364304 -0.508643 -0.249711
0.0364304 -0.626997 -0.0645248
0.0364304 0.810421 -0.0700075
0.349455 0.900002 -0.467194
-0.272275 0.869005 -0.0736574
-0.0365525 0.23171 -0.151923
0.0364304 0.427367 -0.330486
0.243442 -0.867613 0.316263
0.0364304 -0.573857 -0.304263
-0.0365525 0.656087 -0.447477
-0.0365525 0.300147 -0.226381
-0.00155038 -0.998608 0.183457
0.0364304 -0.721649 0.144466
0.0364304 0.675642 -0.181686
0.00388194 -0.686944 -0.467194
0.0364304 -0.777606 -0.422231
0.0364304 -0.784824 0.350028
-0.0470782 1 0.01847
0.0364304 0.467679 -0.206205
-0.0365525 0.28475 -0.175094
-0.390239 0.965472 0.264302
-0.0365525 -0.674859 0.201287
0.331507 -0.907701 -0.467194
0.347284 -0.998608 -0.00862078
-0.0365525 0.415646 -0.170144
0.0364304 0.766582 0.458262
-0.0365525 -0.520104 0.296343
-0.100662 1 -0.174516
-0.0365525 0.595617 -0.0416417
0.0364304 0.060366 -0.118401
0.0364304 -0.388322 0.0578395
0.0364304 -0.68603 -0.258067
-0.0365525 0.354752 0.139382
-0.315914 -0.867613 0.0901699
0.390117 0.979509 -0.158369
0.210809 1 -0.0215156
0.000168849 -0.621767 -0.467194
0.0364304 -0.592175 -0.381121
0.304568 -0.998608 -0.354758
0.307622 -0.998608 0.253584
0.286621 -0.867613 -0.412211
-0.366604 1 -0.13174
-0.299733 -0.867613 0.390161
-0.0365525 0.575307 -0.447254
-0.11047 1 0.334551
0.0364304 0.110824 0.24385
0.0364304 -0.113657 0.13301
-0.390239 0.905762 0.0478993
0.390117 0.940057 0.308812
-0.0365525 0.697789 0.375375
-0.0365525 -0.203261 0.26292
0.390117 -0.940418 -0.118814
-0.0365525 0.797348 -0.318296
-0.037602 0.841202 0.127653
0.0514846 -0.860652 0.151729
-0.0365525 0.104808 0.298112
-0.0365525 -0.0323484 0.290917
0.390117 0.947552 0.193422
0.00125688 -0.188195 0.468484
0.352662 0.869005 -0.301214
-0.390239 -0.90626 -0.369393
-0.390239 0.874403 -0.130912
-0.302851 -0.998608 0.028499
-0.154674 0.872177 0.468484
-0.298511 1 -0.0993592
0.0364304 0.0656593 0.366639
-0.0365525 0.133756 0.157265
0.0967651 -0.998608 -0.414554
0.0364304 -0.648173 -0.273096
-0.0365525 0.63028 0.365594
0.0364304 -0.0482659 0.00011986
0.00835947 -0.497003 0.468484
0.0112022 0.853418 -0.467194
0.276135 -0.867613 -0.0729581
0.0364304 -0.200857 0.347782
-0.0365525 0.0106488 -0.345657
-0.0365525 -0.782525 0.265823
-0.0365525 -0.478364 -0.1262
0.0364304 0.605565 0.317414
-0.390239 -0.870117 -0.411532
-0.0365525 -0.0544407 0.440403
0.0364304 0.629776 -0.215118
0.0364304 -0.212623 -0.432253
0.390117 -0.973048 -0.394249
0.0364304 0.180902 0.438059
-0.142449 0.869005 0.338807
0.390117 0.90319 0.13949
0.0364304 0.31487 -0.437571
-0.0365525 0.101454 -0.212806
-0.0365525 0.735233 0.243102
0.388351 -0.998608 -0.123832
0.0364304 0.217481 -0.156327
0.0364304 0.257726 -0.0406009
-0.0365525 -0.15073 0.200817
0.0364304 -0.435597 -0.424999
-0.271882 0.869005 0.353043
-0.0365525 0.774217 0.377161
-0.250678 0.869005 0.288096
-0.187258 1 -0.368693
-0.0365525 0.0224899 -0.00163598
-0.265684 0.869005 0.1706
0.0364304 0.800545 0.142782
0.0364304 0.752529 -0.403403
-0.229522 0.869005 -0.330582
0.240121 0.869005 -0.0326676
-0.314604 0.869005 0.421754
-0.390239 -0.937235 -0.340621
0.329644 -0.867613 -0.260968
-0.342526 0.869005 0.156932
-0.0365525 -0.339961 0.365536
0.390117 -0.965867 -0.185898
0.0364304 0.608436 -0.045943
-0.00883875 -0.998608 0.348547
-0.223477 -0.998608 -0.374568
-0.0365525 0.623637 -0.110462
-0.0971761 -0.867613 -0.24426
-0.0365525 -0.565364 -0.260712
-0.390239 -0.962826 0.292281
0.0364304 -0.513166 0.236251
0.138036 -0.998608 0.360635
-0.298472 -0.998608 -0.0925659
-0.184123 1 0.180655
0.0268319 1 -0.200701
0.0202472 -0.258886 0.468484
-0.0365525 -0.149707 -0.176984
0.180908 1 -0.432322
0.0364304 -0.22238 -0.376293
0.0364304 0.227018 0.284184
-0.323662 -0.867613 0.465476
-0.253543 1 -0.46059
-0.0385917 -0.843149 -0.258141
0.147539 0.869005 -0.127591
-0.133847 -0.867613 0.0914241
0.0364304 -0.745052 0.311005
-0.0365525 -0.769061 0.367721
0.0364304 -0.272518 -0.0994857
0.0364304 -0.386032 0.179668
0.233808 -0.998608 -0.396275
-0.00922879 0.996092 -0.467194
0.0364304 -0.138011 0.317222
-0.0365525 -0.0968149 0.0093183
0.0364304 -0.230172 -0.126282
0.390117 -0.908768 0.0271565
0.0364304 -0.056267 0.448146
-0.0365525 0.438554 -0.342741
0.00850811 -0.998608 0.145173
0.0364304 0.181782 -0.135955
-0.0751392 0.932145 -0.467194
0.0364304 0.308029 0.448653
0.350387 -0.867613 -0.068151
0.0364304 -0.463267 0.405382
-0.0365525 -0.252713 -0.234507
-0.0365525 -0.42662 0.226896
-0.0365525 -0.689348 -0.440372
-0.1793 -0.867613 -0.0300612
-0.0449972 0.855859 -0.0898577
-0.0365525 0.594182 0.0766999
0.196896 -0.998608 -0.0205096
-0.292648 -0.998608 0.441968
0.390117 0.984191 -0.0852047
0.0364304 0.479539 0.342654
0.0364304 0.311156 0.373342
0.0752803 -0.998608 0.331603
-0.121682 -0.867613 0.182548
-0.0365525 0.00139499 -0.261906
-0.0365525 -0.693536 -0.106861
0.0364304 -0.453495 0.208882
-0.223808 -0.998608 -0.229895
-0.0365525 -0.647238 0.141095
0.306509 -0.998608 -0.132407
-0.0365525 0.654519 0.00302179
0.139195 -0.867613 0.418456
0.0364304 -0.246876 -0.321422
0.14957 -0.998608 0.0306572
0.0364304 0.732996 0.410531
0.390117 -0.942813 -0.465891
-0.165792 -0.956165 -0.467194
-0.0365525 0.071396 -0.236608
-0.390239 0.945887 -0.10179
0.0364304 0.0985187 -0.458482
-0.174431 -0.867613 0.360016
0.0364304 0.245177 -0.377174
0.000526394 -0.614041 0.468484
0.209126 -0.998608 0.233765
-0.258605 -0.874391 -0.467194
-0.320147 -0.867613 -0.154765
-0.0775296 -0.998608 0.317563
0.0364304 0.028116 -0.262567
0.367843 -0.867613 0.343146
-0.0365525 0.379045 0.261129
-0.312222 -0.867613 -0.0688199
0.237624 -0.927594 0.468484
-0.111045 0.869005 -0.32016
-0.0373535 1 0.0900875
-0.323975 0.869005 0.192921
-0.0365525 0.357106 -0.343769
0.390117 -0.979007 0.117234
0.109594 -0.867613 0.280961
0.0364304 0.341687 0.400757
-0.0267421 -0.998608 -0.359114
-0.0365525 -0.317102 0.127983
0.125029 0.869005 0.237819
-0.144131 -0.867613 0.415424
-0.390239 0.99457 0.414378
-0.390239 -0.899412 0.280285
-0.377781 1 -0.385277
0.158228 -0.867613 0.0732248
-0.287047 -0.998608 -0.439114
-0.0365525 0.0746295 0.423048
0.303254 -0.998608 -0.289288
0.192092 0.869005 -0.273217
-0.00253853 -0.872468 0.468484
-0.0365525 0.43217 0.0143582
-0.0365525 0.282566 -0.353717
-0.0365525 0.302872 0.404147
-0.390239 -0.977776 0.23443
-0.0365525 -0.337995 -0.438957
-0.0373309 0.840011 -0.225522
0.182179 -0.998608 -0.285541
-0.312251 0.869005 -0.240689
-0.390239 0.8908 0.283463
-0.0365525 0.198296 0.0515775
0.10824 -0.867613 0.105746
0.0130572 1 0.328476
-0.0365525 0.661498 0.0501808
0.0364304 -0.348151 0.167778
0.0364304 -0.284266 -0.328385
0.0298708 -0.908571 0.468484
0.135012 1 -0.427627
-0.0365525 0.7693 0.0299019
-0.390239 0.911358 -0.194383
-0.390239 0.961487 -0.324449
0.0364304 -0.363774 -0.262442
0.0879361 -0.953721 -0.467194
-0.0365525 0.70494 -0.214402
0.0640282 -0.998608 -0.0734532
-0.0365525 -0.611772 0.203019
0.0108561 -0.998608 -0.40662
-0.123597 -0.998608 -0.282781
0.249949 0.869005 -0.400477
-0.212213 -0.867613 0.424367
0.364355 1 0.368522
-0.0365525 0.304552 0.234954
-0.0365525 -0.563234 -0.383102
-0.0695917 -0.867449 0.208349
-0.317962 1 -0.143163
-0.0365525 0.255821 0.169404
-0.35623 0.869005 -0.303768
0.0364304 -0.103342 -0.221062
0.235745 -0.867613 0.183442
0.112633 0.869005 0.165974
-0.315113 -0.998608 -0.405528
0.0364304 0.682121 -0.0992602
0.0364304 0.028485 0.436938
-0.0365525 0.256444 0.00278324
0.0364304 0.412853 -0.145629
-0.327731 -0.948939 -0.467194
0.0364304 -0.554962 0.444955
-0.0365525 -0.43602 0.44431
0.313 -0.998608 -0.250244
-0.196255 -0.998608 -0.296373
-0.0365525 -0.439996 0.304868
0.0364304 0.771224 -0.0784611
0.228437 0.869005 0.369556
0.0581492 -0.998608 -0.344412
-0.390216 0.869005 0.388792
-0.0992643 0.869005 -0.0908797
-0.0365525 -0.401171 -0.324765
0.0364304 0.00384006 -0.370399
-0.0365525 -0.417016 -0.288579
0.00478698 -0.370394 -0.467194
0.0364304 -0.270187 0.3107
0.182137 1 0.286015
0.175586 -0.998608 0.288387
-0.0365525 -0.266874 0.0127034
0.0364304 0.45017 0.170681
0.383235 -0.867613 0.220483
0.267106 0.869005 -0.189531
-0.212866 0.869005 0.300766
-0.30241 -0.998608 0.162946
0.0364304 0.508634 -0.322591
-0.0365525 0.701909 0.329241
-0.107904 0.869005 -0.04809
-0.0365525 0.616422 0.44114
0.0680769 -0.86729 0.232228
-0.232794 -0.998608 0.382672
-0.194414 -0.867613 -0.150921
0.390117 0.952409 5.83969e-05
0.390117 -0.965553 0.355734
0.249966 1 -0.0900937
-0.355558 -0.998608 -0.00474411
0.354653 0.962538 -0.467194
-0.0782688 0.869005 -0.257716
0.247234 -0.998608 -0.185495
0.0364304 0.549285 0.0996887
-0.0365525 0.211435 -0.364966
-0.0365525 -0.255248 -0.116456
0.13119 -0.998608 -0.253489
0.390117 0.908728 0.0564572
0.0688241 -0.867382 -0.285585
-0.0985903 -0.867613 0.460678
0.270558 0.869005 -0.010465
0.0364304 -0.277801 -0.171474
-0.0365525 0.629256 -0.22161
-0.0365525 0.591185 0.254891
0.0798001 1 0.0576746
-0.0365525 0.713126 0.0877585
-0.249158 -0.998608 0.124689
-0.0365525 0.552447 0.157031
0.264245 1 -0.433178
0.0364304 -0.162028 0.0527241
-0.0018513 0.0208158 -0.467194
-0.0365525 -0.0267109 0.341967
-0.0365525 -0.212479 0.0240105
-0.0365525 0.307399 -0.0581239
0.0364304 -0.485171 -0.139953
0.00345994 0.742172 0.468484
-0.0365525 0.205419 0.444825
0.368136 -0.998608 0.286552
0.0364304 -0.335207 0.0205877
-0.0365525 -0.695282 -0.361407
0.385696 -0.867613 -0.154847
-0.0365525 -0.177372 0.383489
-0.0365525 0.580761 -0.284694
0.0364304 -0.493716 -0.0944194
0.0160042 1 0.152475
0.161436 -0.998608 -0.37841
-0.390239 0.983852 -0.266967
0.0364304 -0.554135 -0.4542
-0.0655851 -0.866842 0.0520255
0.290959 1 0.279221
-0.0365525 -0.3783 0.179304
-0.38189 0.869005 0.150914
-0.0365525 0.32052 0.370954
-0.390239 0.998969 0.190867
0.0364304 -0.0354002 0.403197
0.390117 0.910661 -0.0581212
-0.0086441 0.886084 -0.467194
-0.109798 1 0.114289
0.390117 -0.931895 -0.162887
-0.0365525 -0.617598 -0.102486
-0.0854434 -0.867613 -0.434536
0.150269 0.869005 -0.168654
0.159654 1 0.465086
0.0364304 -0.74024 -0.442061
-0.348997 -0.998608 0.232643
0.0834259 1 -0.108341
-0.084999 -0.867613 0.0179029
0.311426 -0.867613 0.190763
0.390117 0.908511 0.379449
0.0364304 0.78957 0.0476067
0.0364304 -0.681457 -0.0611295
0.0364304 -0.307473 0.432648
0.390117 0.968551 -0.356061
-0.210591 -0.867613 0.109428
-0.390239 -0.963162 0.119518
0.171105 0.869005 0.131573
0.153735 1 -0.358626
0.18701 -0.870748 -0.467194
0.124897 1 -0.382147
0.0364304 -0.481851 0.168301
-0.0365525 0.201371 0.403431
0.390117 0.908536 0.0172189
0.0362054 1 0.107239
-0.257743 1 -0.0569114
0.0364304 -0.723952 0.259831
-0.111885 -0.998608 -0.207046
0.0364304 -0.0410606 -0.359771
-0.29543 1 -0.187814
0.0364304 0.632896 0.260485
0.0712751 -0.867575 0.332535
-0.268587 -0.998608 0.312228
0.0364304 0.406699 0.134272
0.227003 -0.998608 0.0218382
-0.109286 1 0.195184
0.0364304 0.489623 0.301461
-0.0365525 -0.827007 -0.139478
-0.134126 0.869005 -0.434291
-0.0365525 -0.203806 -0.386294
-0.0365525 0.799766 -0.0296282
-0.210897 -0.867613 0.290415
0.0927872 -0.998608 0.086737
0.0364304 0.0507525 -0.438731
-0.00942888 -0.998608 0.292324
-0.0365525 0.341175 -0.224335
0.0364304 -0.225999 -0.200491
0.0364304 0.624534 0.430917
-0.105393 0.904889 -0.467194
0.0364304 -0.70939 0.185109
-0.354636 -0.867613 0.32999
-0.390239 -0.965588 -0.172707
0.354481 0.869005 -0.131627
-0.131766 -0.867613 0.0231842
0.0592364 -0.998608 0.203009
0.0364304 0.243533 -0.0847021
0.0364304 0.165284 0.297525
-0.0365525 0.783292 0.450014
0.390117 0.980827 0.0498777
-0.327008 1 -0.436067
-0.00308317 0.594509 -0.467194
0.122171 -0.867613 -0.140327
-0.041832 0.85142 -0.371909
0.0364304 -0.539254 -0.336943
-0.0365525 -0.641632 -0.381085
-0.0421561 0.851945 -0.0468173
-0.0365525 0.822773 0.0957584
0.0654247 1 -0.428526
-0.0365525 -0.270419 -0.159728
-0.0365525 0.516288 0.179962
0.0364304 -0.745682 -0.0345479
0.318341 0.989416 -0.467194
-0.205449 0.869005 0.216509
0.0364304 0.812641 0.265024
-0.390239 0.905321 -0.422121
-0.390239 0.87022 -0.0862579
0.0364304 0.356548 -0.134147
0.0364304 -0.655529 0.367011
-0.351843 0.903562 -0.467194
0.0407227 1 -0.0208063
-0.390239 -0.902741 -0.216481
-0.0365525 0.499787 -0.285242
-0.0365525 0.360242 -0.435965
0.382344 -0.867613 0.425426
-0.0365525 -0.044801 0.224105
0.146369 0.92662 0.468484
-0.271522 -0.998608 -0.264124
-0.0365525 0.131547 0.362256
-0.0365525 0.190734 0.205922
-0.0365525 -0.475517 -0.443034
-0.0365574 0.833111 -0.430096
0.0364304 0.0490903 0.290312
-0.139841 -0.867613 0.138634
0.0364304 0.250066 0.393045
0.0364304 -0.560333 -0.109057
0.172502 -0.867613 0.180092
-0.0365525 0.613479 -0.382322
-0.0385578 1 0.284321
-0.0365525 0.445042 0.0776268
0.0364304 0.29696 -0.108865
-0.0365525 -0.157182 0.265023
0.13094 0.869005 0.122732
0.0364304 -0.0747897 0.325359
0.0364304 0.223779 0.175385
-0.0365525 0.594773 0.356479
0.240424 -0.867613 -0.354819
-0.0365525 -0.193354 -0.0151394
-0.00456657 -0.289204 -0.467194
0.0364304 0.488753 0.159416
-0.390239 -0.888213 0.395135
0.289657 -0.998608 -0.406488
-0.0365525 -0.402273 0.40589
-0.0365525 0.240166 -0.0388935
-0.0365525 -0.541016 0.442087
0.31972 -0.867613 0.316703
-0.0893786 -0.867613 0.260555
0.241823 -0.998608 0.445896
0.192763 -0.867613 -0.0936837
-0.351011 -0.867613 0.438958
-0.190141 -0.998608 -0.100829
-0.19838 -0.870442 0.468484
0.301779 -0.998608 0.439067
-0.0365525 -0.328141 0.0116557
-0.357445 0.869005 -0.362423
-0.390239 -0.917644 0.0628739
0.0364304 -0.283715 0.0685862
-0.390239 -0.995308 0.0517483
-0.360276 -0.998608 -0.184623
0.0573596 -0.864128 0.0748769
-0.170245 1 0.303364
-0.369942 -0.867613 0.271686
-0.0365525 -0.269877 0.354936
0.124486 0.884117 -0.467194
-0.0365525 -0.76697 0.439937
0.0364304 0.734462 0.253721
-0.0365525 0.322831 -0.411591
-0.074936 -0.998608 0.388691
-0.0365525 0.00224783 -0.0469451
0.125623 -0.998608 0.166126
-0.258311 -0.998608 0.0841477
-0.0365525 0.229357 0.0804926
-0.0242432 1 -0.394986
-0.390239 0.921287 -0.263352
-0.0365525 -0.584102 -0.0856733
-0.356277 -0.998608 0.166074
-0.0365525 0.410991 -0.0489818
-0.330172 0.869005 0.377923
-0.0365525 0.406792 -0.384033
0.0364304 -0.28824 -0.252226
-0.0365525 0.818339 0.388624
-0.0876817 -0.998608 -0.265562
0.0364304 0.406117 -0.261309
-0.0925877 1 0.265238
0.116761 -0.883507 0.468484
0.130771 -0.998608 -0.0407072
-0.295687 1 -0.0182905
-0.116991 -0.867613 0.336501
0.0988563 0.869005 -0.0790397
0.361026 -0.998608 -0.380459
0.390117 -0.919086 0.216728
-0.203523 -0.938347 -0.467194
-0.0365525 0.534623 -0.0185174
0.00469128 -0.998608 -0.0360051
-0.311071 0.869005 -0.362585
-0.125544 -0.867613 -0.434143
0.243175 -0.998608 -0.287966
0.193822 -0.867613 0.123542
-0.0365525 -0.515456 0.224097
-0.176594 -0.867613 0.397774
0.0364304 -0.750481 0.22493
-0.0365525 -0.306969 -0.414722
0.0364304 0.677919 0.467616
0.0364304 -0.741589 0.462824
0.0364304 -0.0931625 -0.334279
0.0364304 0.555898 0.429186
0.0364304 -0.359588 -0.117634
-0.0365525 0.622003 -0.070041
0.0364304 -0.696715 0.0126246
0.0364304 0.759393 -0.279238
-0.0365525 -0.524742 0.372057
0.244844 -0.998608 -0.346405
-0.0365525 0.336929 0.435155
0.353352 -0.867613 -0.439876
0.390117 -0.983975 0.225156
0.282879 0.964129 0.468484
0.360479 0.869005 -0.377984
-0.0365525 -0.357895 0.245689
0.15286 1 0.0697111
0.0364304 -0.741008 0.386029
-0.0459792 0.856991 0.448572
-0.0365525 -0.440237 0.148349
-0.165209 -0.998608 0.17428
-0.0365525 -0.710486 0.441378
-0.183247 -0.867613 -0.441738
0.390117 -0.964468 0.165977
-0.0365525 -0.352794 0.0412149
0.0364304 0.445535 0.238235
0.0188945 -0.998608 0.214606
-0.05267 -0.998608 0.125381
-0.363145 -0.998608 0.116999
-0.0817264 -0.867613 -0.0601119
0.0364304 -0.0332479 0.135134
-0.386569 0.869005 0.439779
0.0364304 0.583519 0.115617
-0.0365525 -0.78603 -0.380998
0.223802 1 0.441783
-0.250227 0.869005 0.391438
0.222853 0.869005 -0.339802
0.00984777 -0.919643 -0.467194
0.317694 -0.965369 -0.467194
0.0364304 0.789618 -0.00556922
-0.0365525 -0.552445 0.0346966
0.0364304 0.643851 -0.0544096
0.00218246 0.652893 0.468484
0.0364304 0.393257 0.264291
0.0364304 0.416766 0.0355334
0.0364304 -0.186562 0.104912
-0.0365525 -0.00974854 -0.127654
-0.0478814 1 -0.114271
0.0364304 0.821152 -0.412983
-0.191957 -0.998608 0.438733
-0.0365525 -0.580628 -0.203304
0.364946 -0.867613 -0.386999
-0.356478 -0.967498 0.468484
-0.255339 1 0.0222474
0.217598 -0.998608 -0.428266
-0.0365525 0.334985 -0.300418
-0.0739037 -0.892858 -0.467194
-0.150877 -0.867613 0.20847
-0.0365525 -0.460354 -0.0138574
-0.150359 1 0.0874616
0.176659 0.869005 -0.321203
0.0364304 -0.806762 0.258961
0.170532 -0.896302 0.468484
-0.354071 0.869005 -0.193652
-0.0365525 -0.0238696 0.145481
0.0364304 -0.411705 0.0140557
0.0364304 0.722227 -0.327943
0.127435 -0.998608 -0.326519
-0.0365525 -0.323191 -0.112087
-0.0365525 -0.665337 0.251856
-0.0365525 0.612947 -0.430116
0.0364304 -0.748418 -0.212889
-0.0803926 -0.867613 0.39399
-0.188613 0.869005 -0.319818
-0.0365525 -0.222957 -0.198841
0.0364304 -0.313888 -0.104182
-0.0365525 0.209967 0.331598
-0.0365525 0.132508 0.436385
-0.212227 0.942831 -0.467194
-0.390239 0.923679 -0.0231407
0.14846 -0.867613 0.253265
0.213377 1 0.366967
-0.210936 0.881666 -0.467194
-0.130055 -0.962963 0.468484
-0.0365525 -0.559896 0.0807471
-0.0217661 -0.879216 -0.467194
0.290483 -0.998608 0.391118
0.0364304 -0.123564 0.463682
-0.0365525 0.82627 0.299937
0.0394118 -0.845568 0.197803
-0.0365525 -0.721563 -0.240542
-0.215038 1 -0.393325
0.268178 0.89855 0.468484
-0.0365525 -0.325123 -0.364011
-0.188773 1 0.333811
-0.0541852 -0.862362 -0.0869595
0.0364824 -0.833069 0.0140786
0.0561493 1 -0.324197
0.0364304 -0.215625 0.178214
-0.0365525 0.533343 0.357136
-0.0365525 0.47297 -0.0539841
-0.146379 -0.998608 0.422338
0.0880347 0.869005 0.36088
0.0128394 0.786524 -0.467194
0.0364304 -0.431212 -0.136389
0.0364304 -0.685582 -0.334088
-0.0365525 0.247661 0.371051
0.0596335 0.8665 -0.0232757
-0.0448492 -0.998608 -0.231122
-0.338413 1 0.275804
0.0746614 1 0.266116
-0.0365525 -0.49904 0.105797
0.0592276 0.866338 0.0396792
0.390117 0.986192 0.114827
0.0364304 0.489695 -0.239072
-0.209231 -0.998608 0.22137
-0.0147385 -0.998608 0.432475
0.0364304 -0.331072 0.29426
0.00401347 -0.653444 0.468484
0.0511651 1 0.439508
0.0364304 0.807949 0.432609
0.0364304 0.427439 0.201362
-0.0752324 -0.867613 0.137991
-0.0365525 0.472059 0.150591
-0.168789 -0.892488 0.468484
0.157306 1 -0.064808
-0.0365525 0.619963 0.130825
-0.0361817 -0.813699 -0.467194
0.0364304 -0.593911 -0.134667
0.390117 -0.87128 -0.293566
0.0364304 0.154173 0.2636
0.0351082 -0.220272 0.468484
0.345394 0.869005 -0.201786
-0.0365525 -0.258031 -0.437938
-0.0365525 -0.463581 -0.0678588
0.134911 -0.998608 -0.0817554
0.0364304 -0.783578 -0.116212
0.0364304 -0.0543326 -0.101359
-0.329382 0.869005 -0.124805
-0.134036 -0.998608 0.107385
-0.0365525 -0.539789 0.164468
-0.390239 -0.994975 -0.0725093
-0.0365525 0.216899 -0.327749
-0.0365525 -0.661195 -0.311541
-0.0365525 -0.602235 0.0139019
-0.0365525 -0.824477 0.0965234
0.0364304 -0.028772 -0.305989
0.0364304 -0.272868 0.440096
0.0364304 -0.610975 0.0793631
-0.147021 1 0.228509
0.0118072 1 0.383673
-0.147 0.869005 -0.231865
0.0364304 -0.770681 -0.353001
-0.0565126 1 -0.0530861
0.0364304 0.654672 0.01596
-0.0365525 -0.125099 -0.396174
-0.0365525 0.567099 0.228998
-0.1231 0.869005 0.120012
-0.258312 -0.998608 -0.364245
-0.351024 1 0.385363
-0.271144 0.94206 -0.467194
0.0796683 0.869005 0.0943637
-0.0365525 0.756549 -0.100273
0.390117 0.904857 0.314612
-0.272048 -0.867613 0.204538
0.390117 -0.916799 0.0755816
0.312555 1 -0.353878
-0.0767695 -0.998608 0.0993043
-0.303721 -0.867613 -0.410435
0.0364304 0.0250596 0.355044
-0.231053 0.869005 -0.0557735
-0.0121904 7.87937e-05 0.468484
0.0364304 0.158992 0.137512
-0.0365525 -0.749243 -0.446405
-0.0365525 -0.097578 0.312501
0.0364304 0.5482 -0.377777
0.0827308 -0.867613 -0.0287289
0.0364304 0.583653 0.156779
-0.0365525 0.420121 0.16615
0.390117 -0.876069 -0.226481
0.390117 -0.91272 -0.235513
-0.390239 -0.978179 -0.0146425
0.159381 0.869005 0.25702
0.0364304 -0.106002 0.219982
-0.0365525 0.573981 0.294805
0.0364304 -0.463233 -0.318715
-0.284839 1 0.131813
-0.0365525 0.334352 -0.373464
0.142604 0.869005 -0.346383
-0.0365525 -0.604106 -0.0228258
-0.222153 -0.867613 0.349356
0.182635 0.869005 0.317744
0.0364304 0.362424 0.00485489
-0.390239 -0.993307 0.359253
0.0364304 0.110686 -0.300604
0.0364304 0.723954 -0.128811
0.0665746 1 -0.146406
-0.0329525 -0.0308987 0.468484
0.0451931 0.856236 -0.297367
0.0364304 -0.568114 -0.182824
-0.324696 -0.998608 -0.341145
-0.0365525 0.284612 0.284811
-0.293988 1 0.418099
0.0500891 0.860979 -0.460756
-0.0365525 0.648439 -0.323775
0.129563 -0.998608 -0.460225
0.138498 -0.867613 -0.273035
-0.173156 -0.998608 0.222
0.0266368 -0.998608 -0.462497
0.13778 -0.998608 0.0945119
0.253695 -0.867613 0.228328
-0.0365525 0.816148 -0.156672
0.21258 -0.998608 0.362309
0.000302596 1 0.076323
-0.222816 1 -0.430483
-0.0365525 -0.48672 0.0437426
-0.0365525 0.352194 -0.122776
-0.0365525 -0.545827 0.206138
-0.00600572 0.427823 -0.467194
0.390117 -0.951228 0.280637
-0.129066 1 -0.22554
0.0364304 0.056498 0.203369
-0.0365525 0.185415 -0.298853
-0.0365525 -0.712026 -0.290633
0.195007 -0.867613 -0.336724
-0.324842 -0.867613 0.310949
-0.0365525 -0.732793 -0.0480065
0.256271 1 0.272908
-0.231076 1 0.232008
-0.0365525 0.523099 0.285053
-0.0984495 -0.998608 0.248047
-0.0365525 0.148297 -0.337876
0.0364304 -0.107205 0.0187401
0.0443642 -0.998608 0.0774744
-0.121618 -0.998608 0.327299
0.357572 1 -0.319735
-0.378611 -0.867613 -0.33445
-0.0365525 0.557055 -0.100958
0.220538 0.869005 -0.147007
0.0364304 0.613528 -0.382956
0.390117 -0.949492 -0.07039
-0.26328 -0.867613 -0.0151808
-0.0365525 -0.674384 0.165455
-0.0365525 0.335083 0.20199
-0.390239 -0.965125 0.0709971
0.0364304 0.509235 0.217795
0.066007 0.898157 -0.467194
0.195552 -0.998608 0.0519032
0.0364304 0.48152 -0.120352
0.309774 -0.867613 -0.376667
-0.129083 -0.998608 -0.32592
0.0364304 -0.332683 0.460617
0.0364304 0.242924 0.0620394
-0.0365525 0.00868679 -0.306393
-0.0365525 -0.649978 0.395402
-0.0365525 -0.117489 0.382246
0.366645 -0.867613 -0.329897
0.0364304 0.64897 -0.320722
0.286008 0.869005 -0.138249
-0.0365525 0.669249 -0.02855
0.0667777 0.868484 0.151036
-0.0365525 0.080321 0.209724
-0.0365525 -0.392671 -0.0132251
0.390117 -0.902165 -0.0449111
-0.0457923 0.856783 -0.195387
-0.0365525 0.03594 -0.173696
-0.0365525 0.774479 0.335836
-0.208517 -0.902202 -0.467194
0.177319 0.869005 -0.0874195
-0.00365912 0.688059 -0.467194
-0.0365525 -0.102345 0.0670326
0.0364304 0.0640026 -0.239
0.136576 1 -0.136112
0.0251009 -0.810056 -0.467194
-0.366728 0.869005 -0.0283143
-0.0365525 0.704174 0.0541758
0.0364304 0.715854 0.327599
-0.390239 -0.895789 -0.0951466
-0.390239 0.947837 0.0443823
0.0420361 -0.998608 0.134286
0.279228 -0.876013 -0.467194
-0.278185 -0.941483 0.468484
-0.347913 -0.867613 -0.0788944
-0.390239 0.900897 0.180675
0.0364304 0.307997 -0.276864
-0.0365525 -0.72845 -0.163367
0.0364304 -0.0596976 0.161963
-0.0365525 0.358781 0.00600376
0.0364304 -0.763765 0.0158984
-0.390239 0.888185 -0.357453
-0.0365525 -0.815355 0.392262
0.356349 0.869005 0.28653
0.263562 1 0.0874183
0.0364304 0.365042 -0.0822036
0.186556 1 0.436875
0.286413 -0.867613 -0.0201685
0.201608 0.869005 0.43493
0.0364304 -0.710312 -0.154303
0.230732 -0.867613 0.366295
0.169959 -0.998608 0.436123
-0.0365525 -0.144361 -0.300168
0.385506 0.90316 0.468484
-0.390239 -0.963689 -0.466091
-0.195171 -0.867613 -0.403419
0.0364304 -0.321752 0.202652
0.0364304 0.507424 -0.433983
0.0816879 0.869005 -0.147183
-0.139364 -0.998608 0.000277984
-0.0365525 0.789982 -0.352416
-0.0365525 -0.734133 0.251889
0.0174742 0.352467 0.468484
0.0364304 -0.47477 -0.256661
-0.0365525 0.489927 0.111691
0.220051 -0.998608 -0.156693
0.0364304 0.605298 0.185757
-0.324984 -0.867613 0.124203
-0.0682335 0.868687 0.197343
0.0364304 0.021331 0.0934825
0.139178 0.869005 0.0587203
-0.0365525 -0.0819436 -0.0728435
0.193631 0.869005 -0.445418
0.0364304 -0.593234 -0.432383
0.0364304 0.138667 0.0791268
-0.390239 0.967151 0.44882
0.173181 0.869005 0.188172
0.304289 0.869005 0.24173
-0.251835 1 0.0730804
0.0364304 -0.652397 0.139489
-0.0365525 -0.0428841 -0.411503
0.0364304 0.71095 -0.227822
-0.390239 -0.933437 -0.160253
-0.0365525 -0.538467 -0.409462
0.0364304 -0.812289 -0.0559526
-0.19315 -0.998608 -0.25837
0.279505 1 0.0188181
-0.0365525 -0.425024 -0.441923
0.0364304 -0.377077 -0.183203
0.0904332 0.869005 0.251452
-0.187449 -0.867613 -0.310835
-0.320685 1 0.174056
0.127755 -0.892373 -0.467194
0.198533 -0.917746 -0.467194
-0.0365525 0.519802 0.241301
0.0364304 0.602796 0.466597
0.0364304 0.43907 0.400788
0.0364304 -0.276357 0.139042
0.0364304 0.742149 -0.00601175
0.0364304 0.0991103 0.115669
-0.368384 0.869005 0.0287593
0.244299 0.869005 -0.220587
-0.224503 1 -0.310962
0.175155 -0.998608 -0.205036
-0.0365525 0.156674 -0.155351
0.302197 0.869005 0.301964
0.0556755 1 -0.227553
0.0364304 0.12573 0.149572
0.0364304 0.36623 0.0848534
-0.0365525 -0.659687 0.0703769
-0.0365525 -0.557478 -0.33977
0.0520858 -0.998608 -0.156544
0.212545 0.869005 0.30059
-0.0365525 0.692701 -0.0831887
0.361012 0.869005 0.201743
-0.0365525 0.346911 0.298999
0.0364304 0.702258 -0.0226304
0.0579328 0.865785 0.423021
-0.000637923 -0.744176 0.468484
-0.0365525 0.311019 -0.00274375
0.303784 -0.998608 0.324483
0.341085 -0.998608 0.441574
-0.221373 0.869005 0.125731
0.0808303 -0.867613 -0.12983
-0.24021 -0.998608 0.252461
-0.11906 -0.913268 -0.467194
0.0364304 -0.173635 -0.24667
-0.374764 -0.867613 0.0187153
0.0364304 -0.103066 -0.16466
-0.149448 0.869005 0.411422
-0.0365525 0.113524 -0.449318
-0.300912 -0.867613 -0.336533
-0.0365525 -0.258359 -0.381767
0.0268478 1 -0.342732
-0.180621 -0.998608 0.00960652
0.195808 -0.867613 0.291321
-0.0365525 -0.0771771 -0.27366
0.028844 -0.973988 0.468484
-0.313867 1 -0.259777
-0.253547 0.869005 -0.298756
0.0364304 0.268755 0.137973
-0.0365525 -0.362081 -0.368542
-0.0419533 -0.998608 -0.192094
-0.255864 -0.904066 0.468484
-0.0544493 1 0.336886
0.369926 1 0.267265
0.353314 1 0.174928
-0.123744 -0.867613 -0.134044
-0.329904 1 -0.358579
0.0364304 -0.647244 -0.307173
0.0364304 0.818257 0.385143
-0.350827 0.869005 0.0837015
-0.0365525 -0.268562 -0.309571
-0.0365525 -0.379503 -0.253685
-0.0365525 -0.673897 0.303642
-0.0371991 1 -0.159539
-0.118456 0.869005 -0.168611
-0.257134 -0.867613 -0.182258
-0.062064 1 -0.338215
0.0364304 0.0134966 0.186501
-0.288982 1 0.310426
0.0364304 0.0681425 -0.317456
-0.381873 1 0.0898892
0.0364304 0.618548 0.388593
-0.0365525 -0.578863 0.331307
0.0851041 -0.867613 0.465452
-0.130128 -0.998608 -0.440575
0.366075 -0.867613 0.183124
0.124659 0.971131 -0.467194
0.0364304 -0.0830905 -0.299329
-0.0771405 -0.998608 -0.121576
-0.0365525 -0.232817 0.292801
-0.137616 0.967706 -0.467194
-0.358437 1 0.307884
-0.0365525 0.43184 0.422819
-0.0745171 0.915025 0.468484
0.0364304 -0.409103 0.449315
0.0364304 -0.24853 0.196636
-0.0365525 -0.192313 0.203852
-0.14936 1 0.159211
-0.0365525 -0.803757 0.19717
0.390117 0.931591 -0.215633
0.110193 -0.867613 -0.302254
0.00763647 -0.133846 -0.467194
0.0364304 0.0876762 0.39724
0.0364304 -0.241477 -0.450129
-0.273233 0.869005 0.0906558
0.0364304 0.590392 -0.105345
-0.111362 1 -0.00869874
0.0364304 -0.184215 -0.466266
0.0364304 0.351698 0.329787
0.0364304 -0.273884 -0.390664
0.0364304 -0.638548 0.196103
-0.390239 0.936338 0.11651
0.269566 -0.998608 0.190982
0.299705 -0.998608 0.130341
0.0364304 0.0396401 0.129799
0.27662 -0.964439 0.468484
0.322309 1 -0.195192
0.361157 -0.998608 -0.233036
-0.0365525 0.485382 0.00453866
-0.0365525 -0.525799 -0.0747928
0.134005 -0.998608 0.233174
-0.0365525 0.544615 -0.39171
0.242979 -0.998608 0.16727
0.229545 -0.867613 -0.418186
-0.0365525 -0.590078 0.386846
0.0495403 0.964751 -0.467194
-0.0365525 -0.278298 0.431304
0.0467982 0.857993 -0.191202
0.390117 0.931497 0.118754
0.0863298 1 0.129217
0.0364304 0.353266 -0.371583
-0.0217932 -0.947403 -0.467194
0.0364304 -0.449825 -0.0393779
0.20507 -0.998608 0.305587
0.0927474 -0.995591 0.468484
0.116124 -0.867613 0.0450348
-0.111932 0.869005 0.321158
0.366142 -0.998608 0.0206304
-0.227064 -0.867613 -0.268242
-0.0365525 0.0925286 0.377667
-0.0988139 0.869005 -0.230943
0.326878 1 -0.0822948
-0.193936 -0.998608 -0.0495318
-0.390239 -0.894939 -0.0372645
0.0364304 0.535718 -0.0775962
0.0364304 -0.454033 -0.198222
0.0364304 0.157032 0.000262972
0.067862 0.898154 0.468484
0.355337 0.936533 0.468484
-0.0365525 0.172246 0.467538
-0.0357578 -0.147491 -0.467194
-0.0365525 -0.615835 0.0713448
0.0758402 -0.867613 0.0420046
-0.0365525 0.141316 -0.0886625
0.310932 -0.943548 0.468484
-0.315341 -0.998608 0.23184
0.0364304 -0.197716 -0.110767
0.0364304 -0.414577 0.161849
-0.0365525 -0.594028 -0.155044
0.390117 -0.897338 0.115025
-0.0365525 0.832585 0.160154
-0.0365525 0.480769 -0.440742
0.29233 0.869005 -0.365985
-0.168907 -0.970585 0.468484
0.346883 1 0.339792
-0.329133 -0.998608 0.392417
0.0364304 -0.38253 -0.012812
0.0364304 0.193829 0.117052
-0.390239 0.876264 0.216763
-0.385359 -0.904174 -0.467194
0.0364304 -0.38005 0.294968
-0.0365525 -0.600216 -0.277242
-0.240448 0.869005 -0.369869
0.0364304 0.387186 -0.20263
-0.390239 0.945426 0.235977
-0.390239 -0.982142 -0.235966
0.310237 -0.998608 -0.0635252
-0.0365525 -0.372454 0.351949
0.0108659 0.236146 0.468484
-0.0365525 0.731328 0.0260735
-0.0365525 0.404126 0.324381
-0.262556 -0.867613 0.0626968
0.0364304 0.318689 0.228641
-0.0175562 0.959111 -0.467194
-0.156062 1 -0.430832
0.0364304 0.8231 -0.237875
0.0364304 -0.425918 0.349133
0.0364304 0.0896677 -0.179587
0.319524 -0.998608 0.374417
-0.0365525 0.0363074 0.314537
-0.150423 1 -0.0490617
0.0364304 -0.73451 -0.105743
0.390117 0.907557 -0.451298
0.390117 0.889218 0.345139
0.0364304 -0.239016 0.131763
0.0364304 0.300232 0.173528
0.023186 0.176605 0.468484
0.302301 -0.867613 -0.100839
-0.390239 0.967801 0.386467
-0.210245 1 0.444825
0.0213681 1 -0.446991
0.0364304 0.535171 0.457966
-0.0729878 0.869005 0.0729803
-0.0365525 0.496291 0.397134
0.279447 -0.867613 0.403734
0.0364304 0.364706 -0.297347
-0.263537 0.869005 -0.00123077
-0.0365525 -0.237878 0.462402
-0.216041 -0.867613 0.230625
0.0364304 0.189516 0.236149
0.0364304 -0.71439 0.43737
0.0364304 0.666711 0.436162
0.0496647 -0.998608 0.412504
0.178587 -0.867613 0.0204763
0.0364304 -0.625231 -0.376485
-0.0365525 0.731874 -0.0382703
-0.228845 1 0.00195938
-0.188829 -0.998608 0.112338
-0.390239 0.881933 0.347913
-0.0365525 -0.672156 -0.133325
0.0364304 -0.18124 -0.309879
0.100661 -0.867613 -0.416544
0.0364304 -0.186616 0.37905
-0.390239 -0.894663 0.325451
0.0364304 -0.212306 0.41244
-0.390239 0.8698 -0.227065
0.390117 0.988899 -0.0519198
0.390117 -0.96968 0.410576
-0.321072 0.869005 0.263006
0.013971 0.523745 -0.467194
-0.00699051 0.0651394 0.468484
-0.0365525 0.768498 -0.409504
-0.0672937 1 -0.406748
-0.390239 -0.901296 -0.00112534
0.0364304 0.135789 0.436283
-0.0365525 0.0366624 0.264528
-0.0365525 0.669318 0.392533
0.0364304 0.136703 0.380955
0.124942 -0.998608 -0.163218
0.340071 -0.998608 0.180963
-0.349478 -0.867613 0.186097
-0.390239 -0.902924 0.106671
0.0364304 0.485222 -0.351592
-0.320445 -0.867613 -0.271915
-0.0704353 0.893253 -0.467194
-0.390239 -0.931008 -0.094232
0.0364304 0.203862 -0.414662
0.194457 1 0.251264
0.288427 0.869005 -0.0876627
0.0364304 0.278897 -0.373869
0.0293891 0.173487 -0.467194
0.0364304 -0.642591 -0.434081
-0.0365525 0.796251 -0.224235
-0.0365525 0.255297 -0.29188
-0.0365525 0.611349 -0.149725
0.100546 -0.998608 0.0392819
0.0364304 -0.581654 0.0203681
-0.0365525 -0.514299 -0.223834
0.0364304 -0.462644 0.028893
0.256368 0.869005 0.243138
0.0364304 0.436747 0.361025
-0.0365525 0.561614 0.0828385
0.390117 0.9458 0.273804
-0.191199 -0.867613 0.136417
0.357525 -0.867613 0.131435
-0.0365525 -0.112555 0.189669
0.0364304 -0.154593 -0.37344
0.0364304 -0.388126 0.230144
0.0364304 -0.0535134 -0.418553
-0.190091 -0.998608 -0.43242
0.0131144 1 0.24005
-0.0365525 -0.0324198 -0.185447
0.103575 0.870526 0.468484
0.0364304 -0.129931 -0.273847
0.333433 1 -0.263516
-0.0310166 0.321309 0.468484
-0.0365525 -0.545094 0.323377
-0.254554 -0.998608 -0.432955
0.367034 -0.867613 0.260932
-0.0365525 0.542922 -0.462126
-0.338716 -0.998608 -0.0423578
-0.0365525 -0.325497 -0.145451
-0.390239 -0.871728 -0.131792
0.390117 -0.952682 0.315365
-0.269535 -0.998608 0.378695
-0.132258 0.869005 0.213638
-0.042231 -0.850671 0.359964
-0.0365525 -0.119813 -0.326617
0.263953 -0.867613 0.273077
0.0364304 0.605053 -0.333276
-0.0365525 -0.63982 0.429503
-0.390239 0.915305 -0.390631
0.194369 -0.998608 -0.0683487
-0.0365525 0.269961 -0.21281
-0.390239 0.912887 -0.0760354
0.0364304 -0.42784 0.415977
-0.0365525 -0.133097 0.328773
-0.226216 -0.998608 -0.0417121
0.390117 0.981715 -0.261892
0.324339 1 0.466331
-0.186427 1 -0.335707
-0.234324 -0.998608 0.173614
-0.0365525 0.452212 -0.288892
0.0364304 -0.420593 -0.365922
0.234151 0.869005 0.0411822
-0.0621843 -0.865959 -0.23641
-0.0365525 -0.617142 -0.351036
-0.0365525 0.252458 0.440908
-0.0365525 0.0886763 0.26586
0.0364304 -0.569205 0.20302
-0.00382651 -0.373609 0.468484
-0.359746 0.869005 0.329658
-0.0648286 -0.998608 -0.464995
0.00545214 1 0.0420184
-0.0365525 0.369482 0.0658448
-0.0365525 -0.317223 -0.210453
0.0364304 0.789456 0.214445
0.359831 -0.867613 -0.126036
-0.255513 0.869005 -0.430852
0.241952 1 -0.319214
-0.0365525 -0.63797 -0.22132
0.241767 -0.998608 0.284986
-0.0365525 -0.177165 -0.0805089
0.358665 1 -0.138581
0.255289 1 0.217882
0.0583154 -0.864562 -0.448009
-0.239741 -0.867613 -0.0476198
-0.0387939 -0.843713 -0.0182591
-0.390239 -0.972273 -0.323886
0.0364304 -0.0648096 0.28488
0.315174 0.869005 -0.430625
0.0364304 0.240804 -0.449856
0.390117 0.995369 -0.191481
-0.266583 0.900387 -0.467194
-0.00527718 0.494627 0.468484
-0.122614 -0.867613 -0.313073
-0.0365525 -0.365443 -0.186324
0.123908 -0.867613 0.134601
-0.0365525 0.160536 0.0863384
-0.0259859 -0.998608 -0.29027
-0.111692 -0.998608 0.380139
0.0758659 -0.867613 0.405318
-0.0365525 0.477501 -0.223491
0.0364304 0.740467 0.140286
-0.0365525 -0.823788 0.32484
-0.230215 -0.998608 0.0672232
0.0892587 -0.867613 -0.212162
-0.306499 -0.998608 0.28502
-0.0595286 -0.998608 -0.398455
0.0364304 -0.556392 0.270212
0.365002 1 -0.0336007
0.0364304 -0.427883 0.239857
0.0364304 -0.250649 0.398451
-0.237123 -0.998608 0.0119491
-0.199966 1 0.0624611
0.216139 -0.867613 0.436698
0.124644 -0.998608 -0.219526
0.0364304 -0.532777 0.299522
0.0506135 0.861392 -0.116604
0.00268216 0.83479 0.468484
-0.129826 -0.867613 -0.246373
0.00411932 0.563381 0.468484
0.0364304 -0.280006 0.179197
-0.0365525 0.812588 0.229994
-0.0365525 0.132714 -0.0199771
0.388133 -0.867613 -0.45133
0.186239 -0.867613 0.0564653
0.271624 -0.998608 -0.117346
-0.0502304 0.973314 0.468484
-0.0365525 -0.494818 -0.384152
-0.331441 1 -0.200666
0.183026 0.869005 0.00294365
0.390117 -0.89076 0.330802
0.171787 -0.867613 0.39866
0.308684 -0.867613 0.276038
-0.129307 0.977886 0.468484
0.0364304 0.755073 -0.227275
0.0364304 0.607559 0.284879
0.203884 -0.958551 0.468484
-0.0365525 0.699921 0.120573
-0.32014 1 -0.30512
0.178655 -0.998608 0.202185
0.0565646 -0.863741 -0.0917121
-0.0365525 -0.228201 0.345271
0.123618 0.869005 -0.283309
-0.0365525 0.356375 -0.0563883
-0.0365525 -0.593571 -0.411938
-0.122133 -0.998608 -0.0645441
-0.0851512 -0.964051 -0.467194
0.0364304 0.00565538 -0.204818
-0.0365525 -0.296425 -0.17927
0.0364304 0.55665 0.266534
-0.0365525 -0.752733 0.00159835
-0.0134004 1 0.0065155
-0.0449069 -0.854358 -0.366726
0.0364304 -0.783594 -0.306192
0.0364304 -0.302646 -0.286001
0.0364304 -0.0952621 0.159788
0.0364304 0.102934 0.464482
0.2547 0.869005 0.119495
-0.386583 1 -0.46445
0.312878 -0.867613 -0.16666
0.0364304 0.56208 -0.153188
-0.0365525 -0.785742 0.301879
-0.044478 0.855221 0.0228709
-0.390239 -0.926243 0.179256
0.0364304 -0.407916 0.130099
-0.0963546 -0.998608 -0.344388
-0.0365525 0.378236 -0.466081
-0.0365525 -0.308527 -0.0413052
-0.0365525 -0.77132 -0.198934
0.0364304 -0.0558506 -0.248984
-0.0365525 -0.668324 0.115255
0.0364304 0.778767 -0.167385
-0.0586619 0.866051 0.279807
0.0364304 -0.6762 -0.458308
0.361995 -0.867613 -0.262827
0.0364304 0.187278 0.0613497
0.102939 -0.998608 -0.357339
0.297868 0.869005 -0.169356
0.390117 0.959604 0.339841
0.298048 -0.998608 0.292609
-0.0365525 -0.760881 -0.117551
-0.101782 0.869005 0.0440429
-0.0195403 0.382961 0.468484
-0.0365525 -0.428247 0.00776259
0.0364304 0.219317 -0.348661
0.0364304 0.286354 -0.332981
0.0278594 -0.466592 0.468484
-0.0365525 -0.308909 0.183248
-0.142482 -0.998608 0.0681908
-0.00809663 1 0.445585
-0.0118127 -0.998608 0.085047
-0.0365525 0.202854 0.0195776
0.0597204 1 -0.39672
0.0364304 0.241153 0.203164
-0.0552463 -0.862978 -0.303381
-0.0365525 -0.444527 -0.238853
-0.234191 -0.956468 -0.467194
-0.0365525 0.831512 0.331803
0.359463 -0.998608 0.317658
-0.0365525 -0.611116 0.287263
-0.155051 -0.998608 -0.350477
0.0558032 -0.863348 -0.36029
0.0364304 -0.171301 0.135577
-0.0365525 -0.695916 -0.19449
-0.0365525 -0.0433711 -0.35901
-0.0365525 -0.344511 -0.28673
0.0364304 0.399202 -0.0291308
0.101217 -0.867613 -0.0700594
0.375837 0.967195 0.468484
0.0364304 0.317342 0.106423
-0.327081 -0.998608 -0.227797
-0.0365525 0.395086 -0.275091
0.0364304 0.450902 -0.151455
-0.320615 0.869005 -0.294623
-0.0737017 1 -0.00771862
0.0364304 -0.68397 0.125616
0.0400651 0.84839 -0.0702994
0.028218 -0.674636 0.468484
-0.0856162 -0.998608 0.449722
0.167822 0.969683 -0.467194
0.19187 0.869005 -0.174905
-0.302907 0.869005 -0.0638742
0.290207 1 -0.304847
-0.32731 -0.867613 0.0408954
0.290677 -0.867613 0.101419
-0.0365525 0.55022 0.0209594
0.0364304 0.0449187 0.247731
0.0364304 0.395411 -0.334787
0.0364304 0.271903 0.0145532
-0.390239 -0.871373 -0.170243
0.0364304 -0.305386 -0.454595
0.0364304 -0.0119315 0.2932
0.321114 0.869005 0.132203
-0.105564 0.869005 0.467742
0.0620785 -0.998608 -0.233682
0.0364304 -0.341091 -0.370351
0.0364304 0.349389 0.0508446
0.0364304 -0.454464 0.110346
-0.318382 0.991154 -0.467194
0.0364304 0.667908 0.377541
-0.0055124 1 -0.231831
-0.13505 0.869005 0.181176
0.0364304 0.168506 -0.386487
-0.0365525 0.259903 0.201913
0.0364304 -0.0577718 0.214506
0.0364304 -0.390887 -0.133832
-0.0365525 -0.392748 0.109191
-0.291497 -0.998608 -0.197796
0.0364304 -0.326859 -0.0558541
0.296334 0.869005 0.333442
0.134363 -0.968082 0.468484
-0.342444 -0.867613 0.369728
-0.0365525 -0.0848267 -0.36051
0.0364304 0.230079 -0.316632
0.187476 1 0.00613473
0.0364304 0.596643 0.217505
0.0364304 -0.51425 -0.306416
0.0364304 0.667558 0.28298
-0.234213 -0.867613 -0.336384
0.0364304 -0.765432 -0.245554
0.0364304 0.79701 -0.217591
0.041033 -0.848862 -0.422305
-0.0365525 -0.0726391 -0.425425
-0.0331682 -0.0248394 -0.467194
0.390117 -0.990929 0.448234
0.0325366 0.933672 0.468484
-0.0365525 -0.475684 -0.318841
0.241403 0.869005 -0.0645923
-0.0365525 -0.181857 -0.234551
-0.3245 0.869005 -0.422948
0.0364304 -0.394619 -0.327234
-0.0365525 -0.424549 -0.39447
0.0364304 -0.376004 -0.421227
-0.0874228 0.869005 0.161319
0.390117 0.925763 0.438809
0.0364304 0.422558 0.315887
0.0364304 -0.58624 0.0542735
0.0364304 -0.156266 -0.202626
0.0654728 1 0.217563
-0.390239 -0.916147 -0.294438
0.176099 0.934529 -0.467194
-0.390239 0.935235 0.387809
0.390117 -0.964019 -0.287346
0.0364304 0.0806081 0.29511
0.0803056 -0.936879 0.468484
0.0364304 -0.0832794 -0.447186
-0.0365525 -0.804309 -0.162422
-0.0365525 -0.220106 -0.437154
-0.377986 1 0.0391073
0.0364304 0.27825 0.332643
-0.0976787 -0.998608 -0.00899966
-0.0365525 0.717102 0.193717
0.260296 -0.998608 0.342183
-0.0365525 -0.826395 -0.0466275
0.0364304 0.0679692 -0.0141372
0.0364304 -0.704848 -0.389249
-0.126342 1 -0.443097
0.0524018 1 -0.0859014
-0.0365525 0.270743 0.0584581
0.0364304 -0.050343 0.105745
-0.0365525 -0.260466 0.167709
-0.365161 1 -0.201227
0.0391885 0.846431 0.193734
-0.390239 -0.922221 0.234785
-0.0545548 -0.862582 0.16158
0.0364304 0.49445 -0.00266662
-0.0365525 0.6166 0.189153
-0.0365525 0.473695 -0.181335
-0.0365525 0.38811 0.224044
0.0364304 -0.812078 -0.291316
-0.227672 -0.969618 0.468484
0.390117 -0.934913 0.419189
-0.390239 -0.943265 -0.0438588
0.00225265 -0.655038 -0.467194
-0.0365525 -0.369728 -0.427923
-0.0365525 -0.728638 -0.0904005
-0.390239 -0.926633 0.0187628
-0.187768 1 -0.220143
0.0364304 0.0648678 0.431544
-0.251096 -0.867613 0.28542
0.0406114 -0.998608 0.0417171
0.0364304 -0.318797 -0.221018
-0.0067417 -0.157557 0.468484
-0.218379 0.869005 0.449936
-0.384442 -0.998608 0.429563
-0.0365525 0.000552134 0.40976
-0.0365525 0.0596931 0.457601
0.28686 -0.958315 -0.467194
-0.0365525 0.0995361 -0.17513
-0.246086 -0.867613 0.385138
-0.180835 -0.998608 0.0444219
-0.0365525 -0.219631 -0.270229
-0.0365525 -0.487051 0.0057122
0.317072 0.904745 -0.467194
0.247135 0.869005 -0.433378
-0.0365525 0.585095 0.20304
0.0234347 -0.015534 0.468484
-0.0365525 0.026683 -0.105859
0.0364304 0.43957 -0.0874126
0.0364304 0.0403515 -0.093563
-0.0171772 0.296012 -0.467194
0.317341 -0.998608 -0.0327765
0.0364304 0.281211 -0.437983
0.0897628 1 -0.381777
0.203335 -0.998608 -0.220358
0.0364304 -0.489455 0.314987
-0.0365525 0.0695928 -0.27306
-0.0365525 0.525889 -0.0944879
-0.0347256 0.730763 -0.467194
0.0364304 0.544816 0.210674
-0.0365525 0.592213 0.461297
0.186501 0.869005 -0.394045
-0.0365525 -0.138059 -0.0468799
-0.0365525 -0.0349901 0.415079
-0.0365525 0.293095 -0.257463
-0.0365525 0.176038 0.347559
0.0364304 0.553956 -0.22157
-0.0365525 0.186107 -0.389724
-0.351815 1 0.148822
0.0364304 0.4145 -0.400675
0.0364304 0.29628 0.0816978
0.294908 -0.867613 0.33604
0.155901 -0.867613 0.139722
0.0680224 0.868675 -0.259658
0.0364304 -0.812935 0.199565
0.267715 0.869005 0.179548
-0.164422 1 0.0109173
-0.226946 -0.998608 -0.449498
0.252662 -0.867613 -0.254988
-0.0365525 0.363036 0.326078
-0.233858 -0.998608 0.320434
-0.322138 1 -0.0782651
-0.0365525 0.184002 -0.448882
0.0364304 0.127791 0.208639
0.0364304 -0.211856 -0.0572557
0.0364304 -0.163021 -0.163054
-0.0365525 0.484912 0.179556
0.0364304 -0.316715 0.0742676
0.390117 0.987294 0.0124504
-0.365241 1 -0.00382262
-0.0365525 -0.409024 -0.216028
0.0364304 0.427687 -0.00579549
0.19363 0.869005 0.403461
-0.183199 -0.867613 0.0420884
0.0364304 0.101544 0.0355678
0.0741576 -0.867613 0.107179
-0.0463442 0.857388 0.0612245
-0.00479964 -0.0719677 0.468484
-0.304174 0.869005 0.360174
-0.0365525 -0.640446 0.34205
0.390117 -0.906153 0.392577
0.0364304 0.826045 -0.129518
0.0364304 -0.0862272 0.437879
-0.0535896 1 0.441962
0.0364304 -0.0903066 0.383208
-0.0365525 0.40553 0.277846
0.188864 1 -0.348213
0.0364304 0.00465986 0.242817
0.0364304 0.00246209 -0.0410417
-0.0365525 0.73732 -0.134948
0.0364304 0.378527 0.450196
0.0364304 -0.613776 0.37081
-0.0365525 -0.156013 0.0498846
0.0160471 -0.998608 -0.19952
0.0364304 -0.0663973 0.0716643
0.0364304 -0.365173 0.438076
-0.0365525 0.815099 0.439731
0.0498947 1 0.322378
0.0364304 0.147239 -0.104575
0.0364304 -0.549111 0.327154
-0.0365525 -0.107448 -0.216223
0.185564 0.869005 0.093186
0.390117 0.990849 -0.306635
-0.390239 0.952969 -0.159617
-0.0365525 0.211061 0.173236
-0.0365525 0.647309 -0.287755
-0.0767723 0.869005 -0.379646
-0.0365525 0.78698 -0.464691
0.0364304 -0.666217 -0.12611
0.180677 -0.867613 -0.160429
-0.0365525 -0.0305191 0.103961
0.0364304 0.133935 -0.348379
0.0364304 0.528661 0.154732
0.0364304 -0.344964 0.134704
0.0364304 -0.282534 0.24172
-0.270489 1 0.38492
-0.0264066 1 0.129059
0.0480144 -0.85779 -0.157288
-0.0365525 0.167806 -0.192356
-0.0365525 0.808973 0.264732
0.0364304 0.7012 0.13887
0.0364304 -0.326127 -0.157869
-0.0735863 1 -0.2456
-0.0365525 0.736752 -0.200008
0.267481 -0.998608 0.0260094
0.0364304 0.546505 -0.345872
-0.0365525 -0.352363 0.196477
0.354526 -0.998608 0.394989
0.0364304 -0.240565 0.284317
0.0364304 -0.449365 -0.238727
0.113325 1 0.185865
-0.0365525 0.784022 0.209595
-0.390239 0.89567 0.0790804
0.202426 1 0.0364071
0.0364304 0.212416 0.437746
-0.0601549 -0.998608 -0.296068
0.0881396 1 -0.348996
-0.0365525 -0.44442 0.0532603
0.0364304 0.408755 0.460236
-0.0365525 -0.698861 0.406657
-0.386631 -0.998608 -0.383034
0.0364304 -0.808982 -0.199993
-0.0365525 -0.783072 -0.00495327
0.362269 1 -0.00184809
0.286655 0.869005 0.39141
0.246306 -0.867613 -0.191315
0.236628 -0.998608 0.248135
-0.0365525 0.606293 -0.264032
-0.105337 0.869005 -0.28653
0.0364304 -0.339434 0.345546
-0.0365525 0.464551 -0.405766
-0.183197 -0.998528 0.468484
0.0364304 -0.481116 0.283675
0.0364304 -0.124332 0.0884798
0.355719 0.931548 -0.467194
-0.0365525 -0.488757 0.353636
-0.284122 0.869005 -0.135702
-0.20107 -0.867613 0.260739
-0.0365525 0.274347 0.416291
-0.255615 0.869005 0.255799
0.384255 0.869005 -0.294483
0.0364304 0.155121 -0.174254
0.0364304 0.178257 -0.234393
-0.0587972 1 0.387003
-0.0365525 0.0706363 -0.0408423
-0.0570723 0.865324 -0.0224375
0.109372 0.997505 0.468484
-0.080956 -0.929845 0.468484
0.0364304 -0.159783 0.194656
-0.0365525 0.671995 -0.393332
-0.102802 1 -0.296003
0.330641 -0.867613 -0.329762
-0.0365525 0.379914 -0.1042
0.0346993 0.721073 -0.467194
-0.0365525 -0.555235 -0.140139
0.0877438 0.869005 -0.369267
-0.268134 0.869005 0.0331928
-0.390239 0.98495 0.299626
0.390117 -0.967267 -0.216795
-0.207933 0.869005 0.0137931
-0.0365525 0.223159 -0.212827
0.0364304 0.743721 0.0891532
0.0364304 0.47654 -0.432786
0.114116 -0.867613 -0.0164813
-0.390239 0.901655 0.005244
-0.00861339 1 -0.0626774
-0.390239 0.995168 0.247853
0.0364304 -0.199988 -0.263342
-0.189922 0.872227 0.468484
-0.390239 0.87194 -0.425524
0.297296 -0.867613 0.218479
0.368421 -0.998608 -0.335824
-0.00489635 0.499041 -0.467194
0.0364304 -0.483956 -0.186601
0.270479 0.869005 -0.331652
-0.203828 0.869005 -0.265152
0.195763 -0.972514 -0.467194
0.244204 0.869005 0.34304
-0.199975 -0.998608 -0.395992
0.00753512 1 0.182567
-0.0492076 -0.970526 0.468484
0.0505972 -0.998608 0.310525
0.0364304 -0.114077 -0.433591
0.108439 -0.919966 0.468484
0.36554 -0.998608 -0.0788395
-0.0365525 -0.171069 0.444321
0.189682 0.869005 0.214191
0.0438876 -0.853226 0.305297
-0.0365525 -0.830739 -0.339729
0.262163 0.938336 -0.467194
0.296225 -0.867613 -0.441465
-0.0668278 0.868472 0.362916
0.245911 1 -0.0223136
0.0364304 -0.0438171 -0.188401
-0.0365525 -0.184292 -0.309833
-0.0365525 0.433833 0.0489656
-0.316807 -0.998608 -0.374801
0.0364304 0.211403 -0.202415
-0.313848 -0.867613 0.228585
0.0364304 0.653757 -0.0843676
0.0364304 -0.528355 0.384658
-0.112224 -0.998608 0.220001
0.390117 0.97003 -0.465248
-0.0365525 -0.454197 0.277589
-0.0365525 0.192499 -0.13542
0.0364304 0.26418 -0.168273
0.0988401 1 0.0137625
-0.300412 -0.867613 0.277582
-0.17976 0.869005 0.304289
-0.0365525 0.604987 0.299914
0.276481 -0.998608 0.0701746
0.0364304 -0.626503 -0.247098
0.0364304 0.234178 0.32501
0.342797 -0.998608 -0.188656
-0.0994614 1 0.405166
-0.0365525 0.651799 -0.172236
0.233742 -0.867613 0.0835165
0.253382 -0.938085 -0.467194
0.0364304 -0.714565 -0.0319216
0.154812 -0.868 -0.467194
-0.0365525 -0.505595 0.432253
-0.0559217 -0.998608 -0.0794429
-0.0365525 -0.726631 -0.340414
-0.0365525 0.0342173 -0.0706984
0.0364304 -0.301519 0.350489
-0.0365525 0.374271 0.386781
0.0364304 0.222755 -0.0204323
0.0364304 -0.745312 -0.37042
0.0364304 -0.629415 -0.103341
0.0364304 0.258272 -0.214856
0.0993833 1 -0.269833
0.34393 -0.998608 -0.412325
0.0364304 -0.262315 -0.139065
0.121655 0.869005 0.093527
-0.303454 -0.867613 -0.217322
-0.390239 0.8868 -0.160353
-0.258907 -0.968084 0.468484
0.0364304 0.467365 -0.0428323
-0.0276499 -0.998608 -0.428131
-0.0365525 0.508706 -0.339348
-0.181295 -0.867613 0.0809997
-0.0365525 0.671571 -0.117925
0.272815 -0.89919 0.468484
-0.0365525 -0.0622365 -0.300385
0.0364304 -0.518996 -0.438577
0.0364304 0.29017 0.303361
-0.356965 1 -0.422734
-0.0365525 -0.4085 0.174321
0.0364304 -0.251074 0.0795245
0.0364304 -0.372394 -0.465483
0.0364304 -0.637476 0.432566
0.0388925 -0.844298 -0.207877
0.0364304 0.519365 -0.274027
-0.0365525 0.033543 0.101605
-0.130798 1 -0.192395
-0.319147 1 0.0491486
0.338803 0.869005 -0.27302
-0.0365525 0.27946 0.46766
-0.276548 1 0.248202
-0.0365525 -0.0629062 0.185879
0.0364304 -0.297637 0.291158
0.0364304 -0.496219 0.0675964
0.0364304 -0.149063 -0.0731896
0.0325261 1 -0.377665
0.191359 -0.998608 0.338031
0.0364304 0.111869 0.182562
0.376923 -0.867613 0.0583505
-0.162441 0.869005 0.0279871
0.0364304 -0.435711 0.183904
-0.0365525 0.236509 -0.44348
-0.272252 1 -0.428558
0.0364304 0.130143 -0.0619439
-0.0365525 -0.256806 0.395364
-0.176394 -0.998608 0.372591
0.0364304 0.192572 -0.293508
0.131706 -0.923634 -0.467194
0.0364304 -0.0975075 -0.0852752
0.0364304 -0.81788 -0.398129
-0.318411 -0.898443 0.468484
-0.0331609 0.443743 -0.467194
-0.0365525 0.372338 -0.0296547
0.390117 0.906527 -0.388955
0.375505 -0.867613 -0.00713949
-0.234758 0.869005 -0.215039
0.0364304 -0.0616066 -0.0324457
-0.0365525 -0.702359 0.0216228
-0.318592 -0.998608 0.425941
0.0364304 0.361048 0.270472
0.0364304 0.0540228 -0.188561
0.0364304 0.185641 0.399538
0.29447 1 0.0609458
-0.0365525 0.00438432 0.0744881
0.0364304 -0.753576 -0.173493
-0.0365525 0.11754 -0.284817
-0.0103482 -0.586891 -0.467194
-0.0365525 -0.702061 -0.034658
-0.0365525 0.492061 0.0476362
-0.268226 -0.998608 -0.146169
-0.0212778 -0.998608 -0.251446
0.0364304 0.113187 -0.399182
-0.21738 1 0.259178
0.293099 1 0.325718
-0.373957 -0.998608 0.294375
-0.0365525 0.658987 -0.233409
-0.253704 1 0.357447
-0.0365525 0.224683 -0.0793071
-0.0895237 -0.998608 -0.2331
-0.208989 1 -0.278359
0.0364304 0.356495 -0.435743
-0.0365525 -0.128814 0.128557
-0.2187 -0.998608 -0.115878
-0.148133 -0.998608 -0.0449944
-0.323707 -0.897504 -0.467194
0.196722 1 0.113541
-0.0365525 0.348787 0.263994
-0.360494 0.922156 0.468484
-0.0365525 -0.0383368 0.0121902
0.00496895 0.262862 -0.467194
-0.0365525 0.430942 -0.408887
0.390117 0.97701 0.314947
-0.293016 0.869005 0.331226
0.206053 0.869005 0.15137
-0.0292923 0.433241 0.468484
-0.160254 1 -0.315506
-0.0365525 0.0906545 0.0128927
0.276212 -0.867613 -0.155082
-0.0365525 0.224617 0.301711
-0.0365525 0.524943 0.386309
-0.182689 -0.867613 -0.340814
-0.318677 -0.998608 -0.119136
-0.0365525 0.0702729 0.315292
0.154579 1 -0.207351
-0.0907279 1 0.438357
-0.0365525 0.182957 0.270038
-0.00570896 -0.564874 0.468484
0.0364304 0.616945 -0.120283
0.360138 -0.974216 -0.467194
-0.147016 -0.867613 0.244045
-0.0365525 0.259071 0.127623
-0.389823 -0.998608 -0.341243
-0.0365525 0.46042 0.438926
0.200583 0.869005 -0.208332
0.193668 -0.867613 0.206778
-0.265114 -0.867613 -0.104558
-0.172228 1 -0.177242
-0.0365525 0.0966424 -0.394469
0.355004 1 0.466669
0.0364304 -0.657873 0.172196
0.0397972 -0.846431 0.450383
0.0364304 0.427792 0.066961
-0.0365525 -0.317043 0.38529
-0.281971 -0.867613 -0.360165
-0.0115054 0.0513966 -0.467194
0.0468812 -0.856685 -0.043195
-0.0365525 -0.0760764 -0.464983
0.390117 0.939376 -0.343715
-0.390239 -0.869722 -0.231087
-0.0210581 1 -0.34473
-0.0365525 0.78113 -0.284711
-0.135985 0.920061 0.468484
0.128143 -0.867613 0.0759039
-0.135186 0.869005 -0.107562
0.0364304 -0.74852 -0.271849
0.337278 -0.867613 -0.196583
-0.216218 -0.998608 0.408442
-0.17122 -0.867613 0.299119
0.0364304 0.693401 -0.252373
-0.282982 -0.892468 -0.467194
-0.390239 0.991667 -0.152252
0.340326 -0.998608 -0.358511
0.113691 1 -0.307954
0.196612 1 0.31875
0.0364304 -0.673081 0.325723
-0.0365525 -0.00858884 -0.160629
0.134967 1 0.447759
0.0364304 -0.710088 -0.316512
0.0364304 0.736069 0.0363051
0.127416 0.869005 -0.0594127
-0.390239 0.954754 0.144312
-0.299461 0.869005 -0.324651
-0.164248 0.869005 -0.433139
-0.0168738 1 0.243078
0.0359774 -0.485185 -0.467194
0.324899 1 -0.402787
0.0364304 -0.811105 0.33432
-0.0365525 -0.12121 -0.111819
0.0364304 0.824757 0.295401
0.120556 1 0.121947
-0.358532 -0.867613 -0.0148268
-0.196063 0.869005 -0.125244
-0.0365525 0.726261 0.305617
0.360807 1 0.232793
-0.390239 -0.930529 0.377283
-0.36068 -0.998608 0.0562639
-0.0365525 0.740076 -0.356328
0.0364304 -0.715749 0.0359161
-0.137796 -0.867613 -0.358211
0.390117 0.967108 -0.38927
-0.228231 1 -0.226914
-0.0365525 0.643398 -0.37938
0.0364304 0.0988322 -0.251849
0.326506 1 0.280322
-0.0365525 -0.582378 -0.0435988
0.0364304 0.13381 -0.0188225
0.390117 -0.897921 0.149827
0.145621 0.869005 -0.225413
0.0364304 -0.275854 -0.438103
-0.0365525 -0.273789 0.0718536
0.0364304 -0.609965 0.465253
0.325698 -0.867613 0.251228
-0.370919 0.869005 -0.0590485
0.309682 1 0.24312
-0.244989 0.869005 0.148834
-0.240205 0.869005 -0.271851
-0.0365525 -0.387185 0.252306
0.254367 0.869005 0.395026
-0.255468 1 0.462673
-0.0365525 0.670089 0.449593
0.317732 -0.998608 0.218787
-0.0182244 0.972053 0.468484
0.0364304 -0.558961 0.140905
0.30479 1 -0.0343054
0.0364304 0.478635 0.232134
0.0910075 -0.867613 0.306185
0.130951 0.869005 -0.191596
0.206957 1 -0.192819
0.390117 0.938298 0.0698203
-0.0365525 -0.00544943 0.19248
0.128527 1 0.242327
0.0364304 0.313923 0.0523371
0.0364304 -0.647019 0.269504
-0.0365525 0.757175 0.308513
-0.0365525 -0.346863 -0.214987
0.0364304 0.0141309 -0.42543
0.0364304 0.83202 0.346041
-0.0365525 0.0301357 -0.418037
-0.0365525 0.727639 -0.393018
-0.299848 1 -0.37
-0.132267 1 0.359163
-0.0365525 0.7694 -0.0382451
0.0364304 -0.480875 0.130585
0.189303 -0.998608 -0.442263
-0.0365525 0.32319 0.138369
0.254891 -0.998608 -0.0338722
0.291668 1 -0.415837
0.0364304 -0.132127 0.352187
0.189448 -0.998608 -0.32619
-0.180879 0.869005 -0.465625
0.327632 -0.867613 0.130154
-0.340389 0.869005 0.440203
-0.0365525 -0.387167 -0.14437
0.309472 -0.998608 -0.321013
-0.390239 0.931585 -0.324853
-0.0365525 -0.2858 -0.264304
-0.26868 -0.925611 -0.467194
-0.0365525 0.78042 0.0997366
-0.0365525 0.687766 -0.178838
0.0364304 0.343812 -0.176587
0.181888 -0.98179 0.468484
0.390117 -0.899163 -0.17346
-0.105098 -0.998608 0.0527036
-0.390239 -0.907247 -0.399261
-0.329673 -0.998608 0.341347
0.0364304 -0.616221 -0.451478
-0.0365525 -0.207962 -0.167817
-0.273883 -0.998608 0.280799
-0.0365525 0.374856 -0.369853
-0.0270274 -0.41226 -0.467194
0.367262 -0.998608 0.255224
0.0364304 -0.0121944 0.204838
-0.305006 -0.867613 0.146605
0.183773 1 0.370849
-0.135109 -0.867613 -0.396613
0.0364304 0.181223 0.0230104
0.0364304 0.129026 0.047207
0.161205 0.906025 -0.467194
-0.270214 -0.998608 -0.335676
0.0364304 0.00980734 0.156423
-0.0365525 0.598927 0.0301607
0.0364304 0.731037 0.358051
-0.0365525 0.0158704 0.450475
-0.0365525 -0.0668318 0.289245
-0.0365525 0.120164 0.325107
0.00555841 -0.104089 -0.467194
-0.0418953 -0.850131 0.444575
0.0364304 -0.347175 0.240625
0.084186 1 0.412706
-0.0365525 -0.206845 0.395883
0.340048 1 0.0900682
-0.20822 1 0.366207
0.372596 -0.998608 -0.278403
-0.390239 -0.894966 0.168535
0.301507 0.869005 -0.404134
0.364578 1 0.413083
-0.218409 -0.867613 -0.215237
0.390117 -0.896028 -0.105881
0.0364304 -0.541874 -0.240959
-0.145146 0.869005 0.268713
-0.390239 0.901549 0.240942
0.0364304 0.26751 -0.104564
0.0788169 0.869005 -0.337002
0.388208 -0.998608 0.344037
-0.0365525 -0.630911 -0.0369885
0.384587 0.869005 -0.0922862
-0.318176 1 -0.0389162
0.0364304 -0.712565 -0.431151
-0.283207 -0.867613 0.337155
-0.390239 -0.872034 0.212821
0.0364304 -0.821564 0.0434325
-0.0365525 0.788559 -0.0656317
-0.279299 1 0.060383
0.0364304 -0.255723 -0.199573
0.0364304 -0.536407 -0.0339924
-0.22578 0.869005 -0.431296
-0.0365525 -0.63612 -0.450025
-0.186258 1 0.272141
-0.363402 -0.998608 0.390766
-0.138089 -0.979413 -0.467194
-0.0365525 -0.296591 0.223708
-0.0365525 -0.0536621 -0.228922
-0.319619 -0.998608 0.111345
0.0364304 0.257037 -0.27333
0.0364304 0.341691 -0.235923
-0.292322 -0.867613 -0.0908649
-0.0772758 -0.998608 0.268951
-0.00218989 0.461508 0.468484
0.0364304 0.0664798 0.174277
-0.0365525 0.350701 -0.274154
-0.390239 0.933153 0.439772
-0.157001 1 0.389117
-0.0751215 1 -0.306687
-0.0365525 0.649432 -0.0559204
0.215309 1 -0.271839
0.14086 0.869005 0.198827
-0.212342 -0.998608 0.277253
0.0364304 0.752756 -0.433496
-0.113689 0.869005 0.273108
0.0364304 0.313616 -0.401497
-0.0365525 -0.217638 0.150717
0.0364304 -0.167165 0.0824989
-0.0365525 0.535662 0.446827
0.0364304 0.505219 -0.0662328
0.0364304 0.179839 -0.056299
0.0364304 0.635672 -0.147103
0.0364304 0.800924 -0.188227
0.00812612 0.099091 -0.467194
-0.390239 0.975344 -0.0612696
-0.163553 1 -0.28497
-0.039786 1 0.216779
0.00773053 -0.856166 -0.467194
0.00978574 1 -0.273094
-0.252192 -0.867613 -0.304673
0.107941 1 0.325103
-0.0365525 -0.784779 -0.314409
-0.0365525 -0.603673 0.174571
-0.355478 0.869005 0.252833
-0.122881 1 -0.34565
-0.0365525 -0.792123 0.456815
-0.278681 -0.998608 0.00900736
-0.196464 0.869005 0.244675
0.233298 0.869005 0.19731
-0.0365525 -0.279518 0.128654
-0.0966424 0.869005 -0.201181
0.282887 1 0.111413
0.0364304 0.643857 -0.284239
-0.117222 -0.998608 0.438827
-0.0365525 -0.342452 0.440807
-0.0365525 -0.455396 0.37506
-0.306471 -0.998608 0.468482
-0.0906562 0.869005 0.016195
0.282722 0.869005 -0.221476
0.0364304 -0.335708 -0.338647
0.263697 1 -0.0621434
-0.322448 0.869005 0.134823
0.0364304 0.266464 0.419757
0.101751 -0.867613 0.169449
-0.100037 -0.998608 -0.440549
-0.0365525 0.434752 0.211683
-0.0365525 -0.31624 0.0962775
-0.128643 1 0.254851
-0.0365525 -0.237902 0.202912
-0.0365525 -0.667277 0.451459
0.240077 -0.998608 -0.129418
0.0364304 -0.493817 0.415447
-0.117055 -0.867613 0.393416
0.307742 1 -0.106295
-0.285639 0.869005 0.132519
-0.0365525 -0.701764 0.358737
-0.36377 -0.867613 -0.427082
-0.327285 -0.998608 -0.166387
0.0364304 -0.440315 0.273849
-0.0365525 0.499448 -0.111199
-0.0365525 -0.444616 0.0916938
0.355577 -0.890526 0.468484
0.0364304 -0.391407 0.386475
0.109472 0.944643 -0.467194
0.0364304 -0.00694141 0.0635613
0.0995485 -0.867613 0.358827
0.0364304 -0.211848 -0.165536
0.0364304 -0.569383 -0.224301
0.023269 -0.430249 0.468484
-0.245633 -0.867613 0.233971
0.0364304 0.442969 0.463589
0.00754197 -0.998608 -0.348382
-0.379941 0.869005 0.0897554
-0.280625 -0.867613 0.085915
0.0294741 -0.998608 0.365214
-0.0365525 -0.49551 -0.162916
-0.0365525 -0.281648 0.323197
-0.0365525 0.312777 0.30106
-0.127548 0.869005 -0.371956
0.0364304 -0.698645 -0.0901826
0.277827 -0.867613 -0.223138
-0.0365525 0.170634 -0.0488179
0.0364304 0.380685 0.0278712
0.0406956 0.849634 0.441917
-0.0365525 -0.581573 -0.302444
-0.243 0.869005 -0.186734
0.390117 -0.969702 -0.116698
-0.0365525 0.086525 -0.330894
-0.0365525 -0.42464 -0.176673
-0.0120043 -0.840428 0.468484
0.0364304 0.809427 0.325906
-0.0477675 0.858833 -0.294391
-0.0365525 -0.618619 0.450094
-0.255208 1 -0.124578
0.0364304 -0.591043 0.284947
0.390117 -0.869171 0.165434
-0.0365525 0.769664 0.127541
0.18306 -0.998608 0.258029
-0.0365525 -0.559535 0.256494
-0.0365525 -0.251351 0.234207
0.390117 0.975774 0.143273
-0.297445 -0.955217 -0.467194
0.31795 -0.867613 -0.0208017
0.359949 -0.998608 0.121252
-0.0365525 0.336772 0.0698741
0.0364304 0.120845 0.410233
-0.0365525 0.513369 -0.438012
0.0492546 -0.998608 -0.401851
-0.0365525 0.723067 -0.0662118
0.0782575 1 0.159943
0.269598 -0.998608 -0.0675494
0.243065 1 0.391639
-0.390239 -0.968433 0.0129752
0.220572 -0.867613 -0.448318
0.0364304 0.239388 0.0329747
-0.233557 1 0.416866
-0.272826 -0.867613 0.401694
0.368074 -0.998608 -0.451752
0.283348 0.869005 -0.273626
-0.0365525 0.584611 -0.163499
0.169787 -0.867613 -0.2818
-0.0365525 -0.762224 -0.348402
-0.0985448 -0.998608 0.193191
-0.0227018 -0.998608 0.389184
0.0526437 -0.86146 -0.258337
-0.229813 -0.867613 -0.380443
-0.0365525 -0.0515501 0.154908
0.0044816 1 -0.400456
-0.390239 -0.970662 -0.390831
-0.284169 1 0.468244
-0.17584 0.869005 0.365114
0.0364304 -0.815662 0.228671
0.0364304 0.00892262 -0.0984014
0.0364304 -0.719055 0.331655
-0.0365525 -0.796348 -0.0975853
0.298931 0.899553 0.468484
-0.388488 -0.867613 0.101716
0.0364304 0.282469 0.197413
-0.188854 -0.998608 -0.14049
0.308222 -0.867613 0.039858
-0.0365525 -0.774557 0.19645
-0.0365525 -0.747898 -0.404873
-0.0365525 -0.0513772 0.25274
-0.390239 0.918221 0.293464
-0.180913 1 -0.0439808
-0.129599 0.869005 0.05286
-0.0365525 0.14042 0.242501
0.0364304 0.208166 -0.0842256
-0.0365525 0.187473 -0.0956284
-0.0365525 -0.325102 -0.0740951
0.0364304 0.718465 -0.161448
-0.0365525 -0.523536 -0.288113
-0.226524 1 0.131751
0.0364304 0.371559 -0.398545
-0.0365525 0.561488 -0.0354109
0.36038 0.884874 0.468484
0.115735 -0.867613 -0.190094
0.0134112 -0.249542 -0.467194
-0.0365525 -0.811514 -0.222273
0.103379 -0.998608 0.282981
0.0364304 -0.716791 -0.213211
0.0487544 0.859855 0.393945
-0.0365525 -0.275049 -0.405651
0.11114 0.869005 -0.00428319
-0.0365525 -0.14614 0.0216302
-0.102563 -0.867613 0.0833355
0.166564 0.894348 0.468484
0.0364304 -0.615271 0.316372
0.277448 -0.867613 -0.373381
0.182963 -0.998608 0.408622
0.353073 0.86928 -0.467194
0.174786 0.869005 -0.236947
-0.195534 0.923016 0.468484
-0.0896427 1 -0.0651695
-0.239157 -0.867613 -0.437018
-0.0365525 -0.49939 0.270496
-0.386581 -0.867613 0.052038
-0.362318 1 -0.0806719
0.2506 0.995315 -0.467194
0.0157058 0.123202 0.468484
-0.0365525 0.39244 -0.315364
0.0364304 -0.818869 -0.358214
-0.390239 0.947076 0.206835
0.0364304 -0.655332 -0.0473508
0.371063 -0.867613 0.103689
-0.0365525 -0.725534 0.0725451
0.390117 0.972003 0.209112
0.336116 -0.998608 -0.0779035
0.273323 -0.867613 -0.323917
0.155843 0.869005 0.0194917
-0.0365525 0.623278 0.247939
0.0364304 0.698044 -0.350687
-0.040734 0.849475 0.39219
-0.0357729 -0.116894 0.468484
0.390117 -0.887944 -0.0702126
-0.0365525 0.244531 -0.100479
0.0419824 0.851862 -0.235809
0.066519 -0.998608 -0.103587
0.390117 0.942221 -0.036226
0.129615 -0.867613 0.350351
-0.0365525 0.236389 0.227514
0.0364304 0.15645 -0.444809
0.113709 -0.998608 -0.298985
-0.0365525 -0.0104567 0.315744
-0.389154 0.872161 0.468484
0.0364304 -0.741057 0.122933
0.0174644 -0.547458 0.468484
-0.0137505 -0.22295 -0.467194
0.0364304 -0.646049 -0.396651
0.0364304 -0.609151 -0.0413029
0.223618 -0.867613 0.138801
0.0364304 -0.0165024 -0.465194
0.0364304 0.00161539 0.0358301
0.0575429 -0.998608 -0.313974
0.0364304 0.706636 -0.0713957
0.03567 -0.998608 0.0120377
-0.0178658 0.718589 0.468484
-0.305207 0.869005 0.22505
0.38424 -0.867613 0.388211
0.0364304 -0.156465 0.441477
-0.0365525 0.417201 0.359734
-0.0365525 -0.0633981 -0.0393703
0.0364304 0.417829 -0.10653
-0.185582 0.869005 0.0724535
-0.0365525 -0.481645 -0.265814
-0.327137 0.920959 -0.467194
0.317912 1 0.434897
-0.222708 1 0.0817384
-0.0399515 1 0.187527
0.026362 -0.155914 -0.467194
0.152194 1 -0.261451
-0.283141 1 -0.256955
0.0761858 0.926782 -0.467194
0.0364304 0.783875 0.381075
-0.0365525 0.28963 -0.142613
-0.278884 -0.998608 0.135661
0.390117 0.995905 0.43348
-0.0729491 -0.998608 0.423727
0.326927 -0.884367 0.468484
0.0364304 -0.534598 0.0103281
-0.141169 1 0.0585977
0.255613 1 -0.354812
-0.107305 1 -0.400901
-0.0365525 0.441313 -0.228511
0.000696946 0.292059 0.468484
-0.00351883 1 0.35215
0.390117 0.928749 0.247246
0.0305602 -0.998608 0.257703
-0.23854 1 -0.376511
-0.0365525 -0.448167 0.246186
0.0364304 0.521497 0.0410334
-0.226411 1 0.162676
-0.0365525 -0.671542 -0.0738259
-0.0365525 -0.333949 0.303068
0.0364304 0.057582 -0.404839
0.0364304 0.510657 0.271724
-0.24916 -0.998608 -0.0889055
0.0364304 0.511679 -0.169526
0.338673 0.869005 0.182887
-0.145297 -0.867613 0.342148
0.0364304 -0.701559 0.0734422
0.0364304 -0.319564 -0.398861
0.0364304 0.685674 0.0037408
0.038165 -0.842238 0.0718089
0.0364304 -0.509103 0.178874
0.377789 1 -0.369804
-0.170555 1 0.211832
0.0364304 0.770128 -0.373876
0.0364304 -0.597881 0.15606
0.0364304 -0.739761 0.0859128
-0.115241 0.869005 0.371206
0.0364304 0.459447 -0.393768
-0.0365525 -0.767258 0.0610922
-0.0365525 -0.30945 0.0682625
-0.0506713 -0.998608 0.238581
-0.0365525 -0.721053 0.107643
0.0364304 -0.484495 0.233346
0.112837 1 -0.111478
-0.329584 0.869005 -0.176852
0.0396159 0.847425 0.237214
0.0502825 0.875323 0.468484
-0.0365525 0.276111 -0.0527297
0.0365712 0.835717 -0.171333
-0.0365525 -0.536381 -0.198309
-0.233739 1 -0.0271969
-0.14553 -0.867613 -0.293597
-0.0365525 -0.796137 -0.444369
0.0364304 -0.51233 0.118216
-0.232961 -0.867613 -0.075594
0.0364304 0.325455 -0.130477
-0.0633995 -0.866315 -0.0271408
0.0364304 0.0880772 -0.0989652
0.237422 1 0.041152
0.360642 1 -0.393255
0.390117 0.932307 -0.279086
0.0364304 0.371744 0.390813
0.0364304 -0.42588 -0.461911
0.0364304 0.207597 -0.265307
0.0717287 -0.998608 -0.436808
0.209969 -0.867613 -0.0468931
0.168117 0.869005 -0.293741
-0.0365525 -0.529958 0.119769
0.0364304 0.475683 0.0621008
0.245555 -0.998608 -0.316615
0.18555 -0.867613 0.358224
0.0364304 -0.603173 -0.352467
0.196803 1 -0.131842
0.0364304 -0.49796 -0.373697
-0.0365525 0.292195 0.112929
0.0364304 0.0924631 -0.0607801
0.212277 0.885687 0.468484
0.267524 0.869005 0.448846
0.0364304 -0.109452 -0.387628
0.304969 -0.896697 -0.467194
-0.0365525 -0.518235 0.0494977
0.359392 -0.916752 -0.467194
0.0364304 -0.438128 0.0762486
0.390117 -0.917729 -0.337892
0.0364304 -0.0881641 -0.0436336
0.0364304 0.462235 -0.178028
-0.352512 -0.998608 -0.348492
-0.0365525 -0.26658 -0.085557
0.0364304 -0.509632 -0.215347
0.21837 -0.998608 -0.0978576
0.0277805 -0.998608 -0.283529
-0.0383177 0.843726 -0.402023
0.390117 0.990057 0.248879
-0.250204 -0.867613 -0.250297
0.15383 0.869005 0.393735
0.03636 0.0460566 -0.467194
0.0364304 -0.168302 0.319671
0.0364304 0.393189 0.0978818
-0.0872921 1 0.132015
0.0364304 -0.352849 0.385383
-0.211441 0.869005 0.333469
0.0364304 -0.542121 0.164071
0.390117 -0.900345 -0.209686
0.0364304 -0.427257 -0.108026
-0.0365525 0.215269 -0.178081
0.0364304 -0.422152 -0.399721
-0.244846 0.960935 0.468484
0.0364304 0.569733 -0.397389
0.0364304 0.801841 0.0891574
0.347941 -0.867613 0.321452
0.369123 -0.998608 0.0635227
-0.143331 -0.908959 0.468484
-0.204981 -0.998608 -0.328359
-0.0551704 -0.998608 0.294837
-0.29328 -0.998608 -0.282696
-0.000540842 -0.297796 0.468484
-0.390239 -0.985749 -0.130396
-0.0365525 0.204362 0.116057
0.390117 0.892119 -0.0363538
-0.113541 -0.867613 0.149856
-0.191371 0.869005 -0.167903
0.218018 0.935402 -0.467194
0.291739 0.869005 -0.306157
0.0364304 0.615739 -0.415771
-0.0365525 0.798014 0.156005
0.0364304 -0.815304 0.403158
-0.0365525 -0.713988 -0.394379
0.390117 -0.969944 0.0641165
-0.0926034 -0.998608 -0.0605814
-0.0365525 0.341512 -0.161134
0.0364304 -0.164979 -0.0133271
0.106871 0.869005 -0.308997
0.0364304 -0.269698 0.0183308
-0.0454273 -0.854974 0.21709
0.0364304 -0.807398 0.461124
0.150151 -0.968713 -0.467194
-0.0365525 0.656689 0.183753
0.0364304 0.514826 -0.388998
0.0837428 0.869005 -0.0386279
-0.00508935 1 -0.15881
-0.283509 0.873085 0.468484
0.263568 -0.998608 -0.455654
-0.0348405 -0.490601 -0.467194
-0.0365525 -0.822433 0.133689
-0.298369 -0.998608 -0.229172
0.0364304 0.109194 -0.362578
-0.00669038 -0.802289 0.468484
0.0364304 -0.169755 -0.118476
-0.0365525 0.692257 0.254774
-0.133319 -0.998608 0.283603
-0.390239 -0.97944 -0.442318
0.0364304 0.0135738 -0.236338
-0.313888 0.869005 0.082049
-0.0365525 -0.170244 -0.44865
0.0364304 0.24033 -0.132407
0.0364304 -0.314963 0.405144
-0.0365525 -0.521537 -0.0462283
0.317177 0.869005 0.442302
-0.0466797 0.857744 -0.131819
-0.286923 1 0.202043
0.233352 -0.867613 -0.000860796
0.123504 0.869005 0.348178
0.359865 -0.922946 0.468484
0.0373319 0.840575 -0.436055
0.0391866 0.846426 0.036091
-0.263232 -0.998608 0.189349
0.0364304 0.742764 -0.185824
-0.00522804 -0.998608 -0.180599
0.390117 -0.922719 -0.00185954
0.0364304 -0.697105 -0.1838
0.264287 1 0.445901
0.187389 1 0.0807264
-0.0365525 -0.0577071 0.397934
-0.363208 0.869005 -0.331891
0.0364304 -0.657167 -0.335585
-0.0365525 -0.232112 0.257379
-0.197486 -0.867613 -0.00352417
-0.0365525 0.567832 -0.0631468
-0.00961788 1 -0.303278
-0.347698 -0.867613 -0.214779
-0.149222 -0.998608 -0.236028
-0.390239 -0.965156 0.320623
0.390117 -0.90914 0.272737
-0.0311652 -0.312269 -0.467194
-0.0369674 -0.836609 0.263822
0.0551719 -0.8938 0.468484
0.309603 -0.998608 -0.198743
0.267328 -0.998608 -0.23843
-0.0645109 1 0.272793
0.0364304 -0.507272 -0.0561187
-0.0365525 0.121783 -0.318971
0.0364304 -0.596909 -0.320837
-0.0365525 0.422381 -0.142564
0.139579 -0.998608 -0.360293
0.00629214 -0.998608 -0.434634
-0.000486487 0.151284 -0.467194
-0.0722174 -0.867603 0.3257
-0.0365525 -0.385442 0.0539697
-0.178941 -0.880758 -0.467194
-0.136483 -0.867613 0.442744
0.0364304 0.524037 -0.118917
-0.12225 0.871408 -0.467194
0.173051 1 -0.293498
-0.0365525 -0.775945 0.137886
0.0364304 0.121295 -0.229575
0.110052 1 -0.0716515
-0.0365525 0.514775 -0.387932
0.390117 -0.899445 -0.361106
0.0364304 -0.687182 0.374612
-0.327749 -0.967843 0.468484
-0.107931 -0.867613 -0.179293
-0.19142 0.869005 -0.0237054
-0.334285 0.963551 -0.467194
0.0364304 0.181059 0.339267
0.298457 -0.911623 0.468484
0.0364304 -0.536867 -0.183548
0.232661 1 -0.170849
-0.361037 0.869005 -0.390514
-0.0463249 -0.896735 0.468484
0.0144249 -0.317994 -0.467194
0.0714854 1 -0.256776
-0.174941 0.990899 -0.467194
-0.0365525 0.516585 0.101161
0.282038 1 -0.221514
0.166209 -0.867613 -0.329318
-0.122586 1 -0.0346861
0.250773 1 -0.125657
-0.0365525 -0.21213 0.443256
0.313334 -0.998608 0.155137
0.0364304 -0.549979 0.406396
0.0364304 -0.178886 -0.355867
0.2362 -0.998608 0.416302
0.305172 1 -0.00350536
0.137747 -0.867613 -0.115071
-0.0365525 0.788214 -0.161
-0.223244 -0.998608 -0.304774
0.232392 -0.867613 0.250383
0.0364304 -0.135259 0.0221494
-0.215854 0.972596 -0.467194
-0.0565182 -0.998608 0.337377
0.0364304 -0.779498 -0.194356
-0.0365525 0.693995 -0.0149249
-0.0365525 -0.46346 0.457126
0.0364304 0.246479 0.0900608
-0.315416 1 0.0944716
-0.390239 0.999447 -0.116294
0.240067 0.869005 0.306887
-0.244474 -0.998608 -0.251694
-0.052087 -0.860995 -0.433168
-0.0365525 -0.40817 0.291888
0.0364304 0.546563 0.179612
0.200837 -0.867613 -0.401333
-0.390239 0.957083 0.084433
-0.0365525 0.823393 -0.4567
0.0364304 0.0251719 0.305256
-0.0365525 -0.806142 -0.407772
0.0364304 -0.784106 -0.0692989
0.390117 0.870085 -0.435815
-0.23042 -0.867613 0.0448852
-0.0365525 -0.580936 -0.457508
-0.338155 -0.998608 -0.255559
0.177965 0.869005 -0.116252
-0.303536 0.869005 -0.389738
-0.0365525 -0.723848 0.150745
-0.390239 -0.966252 -0.27616
-0.0365525 -0.546265 0.285453
-0.390239 -0.968766 -0.208406
-0.195659 0.980138 0.468484
-0.0365525 -0.329739 0.24527
0.204859 -0.998608 -0.388993
0.0364304 0.520678 -0.0129085
0.126201 1 0.413527
0.390117 0.885069 0.292198
0.371946 1 0.199596
-0.0365525 -0.356844 -0.058284
0.0364304 0.622293 0.0177713
0.390117 -0.982179 -0.327738
0.0483671 -0.858115 -0.396757
-0.282627 -0.987681 -0.467194
-0.183312 1 0.435522
-0.0365525 0.713674 -0.436495
0.106556 1 0.069018
0.328281 -0.998608 0.0251097
0.0364304 0.808203 -0.0989872
0.0146928 -0.998608 0.418067
0.0364304 -0.373185 -0.0888814
-0.390239 0.980295 0.348631
-0.352394 -0.998608 -0.102849
-0.0365525 -0.738868 0.440817
-0.367266 1 -0.269759
-0.0152915 -0.422808 0.468484
-0.0365525 -0.739629 0.310538
0.245157 -0.998608 0.124414
-0.267059 0.869005 0.311778
-0.0365525 -0.179943 0.325078
-0.0365525 0.54596 -0.33772
-0.0365525 0.602587 -0.212787
0.0594663 -0.865041 0.25887
0.0364304 0.332933 -0.299505
-0.0365525 0.322212 0.0236217
0.0364304 0.144754 -0.409897
0.369647 1 -0.100124
0.226071 -0.867613 0.110842
0.0569325 1 -0.0476875
-0.196489 -0.998608 0.0741791
-0.117407 0.869005 0.156242
-0.0365525 -0.540041 -0.440483
0.143969 1 -0.318321
-0.0365525 0.0813007 -0.108762
0.0364304 0.561899 -0.24847
-0.0365525 0.752502 -0.291785
0.0364304 0.437988 0.119733
-0.0365525 -0.275291 -0.357777
0.338161 1 0.0124656
0.00626192 -0.789308 -0.467194
-0.101784 -0.998608 -0.179268
0.0364304 0.375541 -0.271508
0.194727 -0.867613 -0.26904
0.0364304 0.145873 -0.288513
-0.209379 -0.867613 -0.429442
-0.132538 -0.888501 -0.467194
0.390117 -0.96014 -0.351138
-0.0365525 0.348509 0.370368
-0.0365525 0.499471 0.300063
-0.0365525 0.375954 0.447036
0.0364304 0.690359 0.0968336
-0.132481 -0.867613 -0.163324
-0.0365525 -0.758681 0.238455
0.0340142 0.653599 -0.467194
0.390117 0.871815 0.149134
0.0173511 0.621056 -0.467194
0.0364304 -0.598789 -0.257302
0.0364304 0.495995 0.0987962
0.02211 -0.998608 -0.0141144
0.0364304 -0.175949 0.220777
-0.0365525 -0.066737 -0.130923
-0.362682 -0.998608 -0.451009
-0.201756 1 0.202358
0.0364304 -0.54574 -0.307558
0.0858611 1 -0.210613
0.235634 -0.867613 -0.292022
0.0364304 0.0712069 -0.0419015
-0.0365525 -0.0959157 0.0966019
-0.390239 -0.997302 -0.310459
-0.307418 0.924583 0.468484
0.0364304 0.430211 0.151123
0.0364304 0.760619 0.056383
0.0364304 0.415034 -0.355546
0.387261 -0.914967 -0.467194
0.28536 -0.998608 -0.434081
0.0364304 0.101637 0.27022
0.0364304 -0.719645 0.362305
-0.200113 0.869005 0.418964
-0.0365525 0.796297 0.0445432
0.113781 -0.998608 -0.134611
0.0519605 -0.860992 -0.306895
0.0364304 -0.431713 0.315939
0.172363 -0.867613 -0.441242
-0.0365525 -0.530534 -0.169455
0.364017 -0.998608 -0.137487
0.0030003 -0.998349 0.468484
-0.0365525 0.0628913 0.0428294
-0.0365525 -0.634606 -0.324271
0.0364304 -0.793366 -0.447783
0.116139 1 -0.220646
0.0364304 0.380929 0.360324
-0.361126 0.869005 -0.458847
-0.0365525 0.41604 0.106373
0.0364304 0.331724 0.264844
-0.345199 -0.867613 -0.123488
0.181406 -0.998608 -0.133925
0.0364304 0.734176 0.304163
-0.0594591 -0.926176 -0.467194
0.331238 0.869005 -0.319041
-0.0365525 0.692886 -0.347941
-0.0365525 -0.452055 -0.136859
-0.310037 1 0.0120243
0.0364304 0.589043 0.389586
-0.259166 -0.867613 0.124251
-0.0133132 -0.998608 0.0560374
-0.390239 0.932443 -0.126183
0.0572251 0.865457 0.305599
-0.379451 -0.867613 0.153704
-0.234824 -0.998608 0.446809
-0.143095 -0.998608 -0.415943
-0.390239 -0.95593 0.394592
-0.172866 -0.867613 -0.204278
0.0364304 -0.00474037 -0.14924
-0.390239 -0.892694 -0.152363
-0.0365525 -0.613141 -0.129952
-0.0365525 -0.520707 -0.104078
-0.0284682 -0.846557 -0.467194
0.294544 -0.867613 0.160488
-0.167404 0.934217 -0.467194
0.0364304 -0.229074 0.35375
-0.0526213 0.862755 0.242309
-0.240256 0.899648 0.468484
0.0773936 0.869005 0.0637
0.0364304 -0.404523 0.080442
-0.390239 0.96006 0.0149849
-0.0607549 0.866874 0.426702
-0.0365525 -0.0947795 0.0399654
0.0364304 -0.0795745 -0.180862
0.0364304 -0.142323 0.249855
0.0364304 0.752649 -0.127952
0.0364304 -0.368038 -0.382322
-0.0365525 0.0413565 -0.307941
0.105806 -0.976883 -0.467194
0.0364304 0.18306 -0.207029
0.0364304 -0.531898 0.256923
-0.0365525 0.699599 -0.275146
-0.0365525 -0.649817 -0.281511
0.0364304 0.166288 0.196768
0.0364304 0.122627 0.34644
0.0364304 -0.798689 0.102879
0.0468429 0.958198 0.468484
0.123939 -0.867613 0.305603
0.0364304 0.598551 -0.0750714
-0.24693 -0.998608 -0.402254
0.0364304 0.30146 0.00650094
-0.0365525 -0.0243667 -0.434738
-0.361605 1 0.335824
-0.0365526 0.832599 0.191132
0.335306 0.869005 -0.0128931
0.0364304 0.605793 0.0497422
-0.136766 0.869005 -0.285576
0.359261 0.869005 0.327017
0.0364304 -0.532405 -0.144071
-0.0365525 0.559 -0.246646
-0.0365525 -0.661902 -0.43636
-0.0365525 -0.653952 0.0296399
0.0364304 -0.434677 -0.00282034
0.0364304 -0.559346 -0.0813462
-0.0365525 -0.521461 0.46174
-0.0365525 0.083656 0.238566
-0.0365525 0.132222 -0.123525
-0.371602 0.869005 0.295244
-0.0365525 -0.172118 0.183195
0.390117 -0.872414 -0.126143
0.0364304 0.0753547 0.13329
0.083364 -0.998608 -0.300524
0.227942 0.869005 0.0962646
0.0364304 -0.0221369 0.103087
-0.309228 -0.867613 -0.0151434
0.0364304 -0.264588 -0.0703
-0.178545 -0.867613 -0.173629
0.0364304 -0.617913 0.136926
0.0364304 0.286515 -0.0467954
0.0364304 -0.628773 -0.163885
-0.0365525 0.474703 -0.272731
-0.145067 1 0.463122
-0.0365525 -0.0374967 -0.0296103
0.0364304 0.812601 -0.271588
-0.262424 -0.867613 0.445453
-0.0365525 0.167222 0.30532
0.0364304 0.0674261 0.231645
0.0422243 1 0.0317152
0.180995 0.994134 -0.467194
0.0364304 -0.811373 0.361979
-0.0365525 0.368895 0.204149
-0.103697 1 0.373702
0.0862619 0.869005 0.174299
-0.0365525 0.653585 0.110314
0.390117 -0.893024 0.2979
0.0364304 -0.766054 -0.011658
0.0364304 0.331174 0.46377
-0.364567 -0.867613 -0.182037
0.0364304 0.407178 0.288855
0.244412 -0.867613 -0.131126
-0.0365525 -0.829377 -0.18483
0.0364304 0.749012 0.433032
0.390117 -0.898355 -0.288115
-0.0628665 1 -0.220142
-0.0365525 0.639304 0.0696561
0.0364304 0.497457 0.44432
-0.0365525 -0.239077 0.0165975
0.0364304 -0.396293 0.350833
0.390117 -0.966452 -0.017468
0.033433 0.376498 -0.467194
0.280663 -0.867613 0.0288467
0.0364304 -0.0381825 0.337219
-0.0365525 0.299047 0.171416
0.0364304 0.0764229 0.340107
0.0364304 -0.805063 -0.244506
-0.00404563 -0.397002 -0.467194
-0.0365525 0.601096 -0.323578
-0.0365525 -0.322771 -0.39149
0.0364304 -0.160733 -0.411277
-0.0775033 0.869005 0.103727
0.100381 -0.998608 0.113238
0.308537 1 0.38308
-0.0365525 0.0384347 -0.358886
0.0364304 -0.213997 -0.404727
-0.0365525 -0.705047 -0.263972
0.16593 -0.998608 0.0556995
0.0364304 0.589478 -0.299518
0.0364304 -0.509421 -0.277351
-0.363047 -0.921508 0.468484
0.377358 0.869005 -0.236306
0.225657 -0.998608 -0.005677
-0.0365525 0.316603 -0.10694
-0.0365525 0.528193 0.209406
-0.151998 -0.867613 -0.0336876
0.225501 -0.867613 0.0572399
0.0364304 -0.743866 0.281942
0.215446 -0.867613 0.310624
0.0364304 0.114012 0.0925131
0.0364304 0.0225827 -0.00977291
0.103543 0.869005 -0.194228
-0.390239 0.892306 -0.259387
0.0364304 0.405638 -0.176641
0.390117 -0.97195 0.382507
-0.0959622 -0.867613 0.200464
-0.305235 0.979179 0.468484
0.0364304 0.385332 0.156597
0.158176 1 0.00648883
-0.0632361 0.867662 0.00426588
-0.0365525 -0.158235 -0.143675
-0.0365525 -0.139051 0.437415
-0.179485 -0.980008 -0.467194
0.0364304 -0.355453 0.0391902
0.18056 0.869005 0.347237
0.290204 0.869005 -0.451861
0.0364304 0.824352 -0.00704859
0.0364304 0.60424 -0.249724
0.282556 1 -0.360187
-0.0365525 -0.0228858 -0.0782393
0.285701 -0.998608 -0.0123884
-0.00802097 -0.711478 0.468484
-0.0685947 0.868733 -0.0954073
0.0364914 0.834624 0.135995
0.317582 -0.867613 0.08155
0.332981 -0.867613 -0.131713
-0.0365525 0.0430449 -0.253563
0.108087 -0.867613 -0.445308
0.149434 -0.998608 0.296688
-0.0222334 0.943538 0.468484
-0.159981 1 -0.386663
-0.293492 -0.998608 -0.0246466
-0.374135 1 0.443607
0.00696948 0.0415328 0.468484
-0.0326684 -0.998608 0.00425274
-0.273179 -0.998608 0.223978
-0.36962 -0.998608 0.3405
-0.0659276 1 0.225139
0.0364304 0.30642 -0.0817509
0.390117 -0.870097 0.275514
-0.0365525 0.680905 0.204394
0.135951 -0.867613 0.00991915
-0.0365525 0.101239 0.429621
0.0364304 0.554961 -0.275591
-0.0365525 -0.0177994 -0.293439
-0.0365525 0.151315 0.136227
-0.0365525 -0.346005 -0.465235
-0.36208 1 -0.29812
-0.390239 -0.956808 -0.103433
-0.318273 0.892398 -0.467194
0.390117 0.887867 0.199958
0.12435 1 -0.17171
-0.367954 -0.867613 0.240771
0.187908 1 0.176794
-0.237638 -0.867613 -0.131195
0.0364304 0.0841608 0.0866237
0.0364304 -0.188821 -0.418736
-0.139223 0.869005 0.081813
0.390117 0.973727 -0.329
-0.261467 -0.867613 0.260097
-0.0365525 0.293303 -0.327471
-0.390239 -0.93819 -0.277091
0.0364304 -0.627374 -0.219762
-0.321674 -0.867613 -0.31873
0.144163 -0.867613 0.194301
-0.0404156 -0.847462 -0.285083
-0.335561 1 0.210331
0.0364304 0.465121 0.287427
-0.280276 0.979814 -0.467194
0.00665176 0.75244 -0.467194
-0.277063 1 -0.21576
-0.236328 -0.867613 0.174511
0.0364304 -0.459839 0.376784
-0.0439316 1 -0.285832
-0.204838 -0.998608 -0.203329
0.0364304 0.263284 -0.0129833
-0.390239 0.967741 -0.22034
0.0364304 -0.0661077 -0.12602
-0.215279 0.869005 0.0751106
-0.249891 -0.867613 0.343508
-0.0299186 0.479084 -0.467194
-0.265292 0.942148 0.468484
-0.27404 -0.998608 0.421966
-0.200252 -0.867613 -0.284679
0.390117 0.932405 -0.139059
0.0364304 0.655573 0.160417
0.162928 0.869005 -0.380294
0.0364304 0.160581 0.367745
-0.0365525 0.828709 0.0227559
-0.390239 0.88688 0.0282034
-0.0365525 0.137318 -0.264699
0.350362 -0.867613 0.425361
-0.0145804 0.11529 0.468484
0.0364304 -0.385854 -0.278456
0.390117 0.889025 0.238445
-0.0365525 -0.317674 0.157425
-0.0365525 0.0578642 -0.0167496
-0.0365525 -0.755495 0.39828
-0.0365525 0.475553 0.379437
-0.104101 -0.904769 0.468484
0.0364304 0.424133 -0.443175
-0.0280595 0.931884 -0.467194
-0.0287944 -0.690196 -0.467194
-0.0365525 0.75149 -0.448434
-0.269593 0.869005 0.226849
-0.0365525 0.443435 0.141625
0.236557 1 0.083807
-0.0365525 -0.382594 -0.397045
0.0364304 -0.823708 0.310172
0.0166103 0.575692 -0.467194
0.324527 0.869005 -0.0913046
0.335343 -0.998608 0.261915
0.0364304 0.522126 -0.220702
0.0597804 0.866557 -0.0914993
0.0364304 -0.762518 0.198719
-0.113642 0.869005 -0.019126
-0.0365525 0.236046 -0.351109
-0.0503429 -0.859692 0.10111
-0.256277 -0.998608 -0.0435618
0.0364304 0.021486 -0.349686
-0.140563 -0.998608 -0.143043
-0.364716 -0.998608 -0.407461
-0.283388 -0.998608 0.335051
0.0364304 -0.583883 0.322628
0.0364304 -0.638692 0.0330244
0.176514 -0.867613 0.46545
0.154267 -0.998608 0.147701
-0.0365525 0.209518 -0.0350744
-0.272922 1 0.281895
0.0364304 0.0318008 0.383315
-0.0365525 0.47405 0.345858
0.151818 -0.867613 -0.0463505
-0.0365525 -0.322667 -0.312419
0.0364304 -0.790594 0.0668859
-0.0365525 -0.152199 -0.255716
0.120027 -0.998608 0.384798
-0.0365525 -0.091829 -0.333643
-0.149064 -0.867613 -0.266659
0.0364304 -0.769766 0.323915
0.0364304 0.32322 0.421233
-0.00693456 0.411858 0.468484
0.0364304 -0.773412 0.410159
0.036671 -0.835305 -0.308148
0.207258 -0.867613 -0.147783
-0.323821 -0.998608 0.0511692
-0.0365525 -0.152713 -0.40724
0.0364304 -0.220216 -0.00313332
-0.17056 0.869005 -0.383422
0.390117 -0.926613 0.100874
0.390117 -0.994589 -0.0629252
0.277467 0.869005 -0.391564
0.176856 1 -0.162498
-0.0365525 -0.239143 -0.173038
-0.00473095 0.34159 -0.467194
0.0983185 0.869005 0.296773
-0.0365525 0.755887 0.355577
0.338264 1 -0.338768
0.381758 -0.95526 0.468484
0.0364304 -0.806794 0.149482
0.340249 0.869005 -0.0679202
-0.0365525 -0.375243 -0.316872
0.20279 0.869005 0.0276329
0.0364304 0.129196 0.313936
0.0467824 0.857977 -0.0457504
-0.122258 -0.998608 0.139895
-0.0842741 1 0.325137
-0.0365525 0.452273 0.305813
-0.0365525 -0.194867 0.0877105
0.143301 1 0.0291048
-0.00157783 -0.198775 -0.467194
-0.0365525 0.287671 0.257448
-0.243772 -0.998608 -0.163548
0.390117 0.934307 -0.0917454
-0.0365525 -0.364463 -0.0229892
0.363837 1 0.0609591
-0.0365525 0.542408 0.046854
0.386554 1 0.300202
0.365695 -0.998608 0.168862
0.0364304 -0.514479 0.361447
-0.0365525 0.739322 0.173811
-0.364139 -0.998608 -0.066479
-0.0395387 -0.845579 0.0320023
-0.0365525 -0.620501 -0.398535
-0.0365525 0.0592309 -0.159985
-0.0365525 0.409402 -0.0828844
0.0364304 0.757488 -0.0535361
-0.0850747 0.888339 0.468484
-0.0978075 0.869005 -0.149609
0.00305193 1 0.299291
0.0976806 1 -0.167393
-0.0365525 -0.142109 -0.369051
0.0509314 0.861635 0.337089
-0.0430082 0.877428 -0.467194
-0.0365525 -0.668615 -0.367708
0.339932 0.869005 0.378099
0.0364304 0.0994204 0.00140913
0.0364304 0.251465 -0.300156
0.364368 -0.867613 -0.188166
-0.159049 -0.998608 0.258581
0.390117 0.923598 -0.307169
-0.0365525 -0.113166 0.410503
0.340817 -0.870084 -0.467194
0.0364304 -0.305017 0.12847
0.0364304 0.699421 0.187099
0.0364304 -0.0511146 0.188364
-0.0365525 0.49068 0.23833
0.239408 0.946525 0.468484
0.390117 -0.972347 -0.435616
-0.105037 -0.998608 0.109013
0.0488458 1 0.17176
-0.0324209 -0.561266 0.468484
-0.0365525 0.262908 -0.159313
-0.0890571 -0.867613 0.233611
-0.307445 1 0.338155
0.130043 -0.867613 -0.243897
0.0364304 -0.732451 0.204924
0.0364304 0.662316 -0.154596
0.0364304 0.291067 -0.166763
-0.0365525 -0.579152 0.145128
-0.167856 0.869005 -0.0759584
-0.231606 -0.867613 0.443731
0.0574864 -0.998608 0.268653
-0.195058 0.869005 -0.0776399
-0.0365525 0.547197 0.297422
-0.318623 1 0.254192
-0.0365525 0.720224 0.434014
-0.230312 1 -0.174585
0.0364304 0.802186 0.23813
-0.0375751 -0.8397 -0.411072
0.0364304 -0.00204327 -0.303069
0.196159 1 -0.104333
-0.19009 -0.998608 0.158879
0.187561 -0.998608 0.105137
-0.294563 -0.998608 -0.170785
-0.0365525 0.781835 -0.192054
0.377943 -0.998608 -0.0317467
-0.174516 1 0.136792
0.0364304 0.493759 0.195734
-0.0270448 0.635932 -0.467194
0.28935 0.869005 0.216159
-0.200289 -0.998608 -0.457284
0.184 1 -0.0545327
0.0364304 0.314038 -0.185766
-0.081799 0.960767 -0.467194
0.0364304 -0.233668 -0.0273193
-0.390239 0.971835 -0.437187
-0.0365525 0.366093 -0.214307
-0.390239 -0.972339 0.208126
-0.266109 1 0.109036
0.156128 -0.998608 0.261961
0.0754905 -0.998608 -0.184357
-0.0365525 -0.107309 -0.0153771
-0.227235 -0.867613 -0.189914
-0.0365525 0.306684 -0.365436
0.067226 -0.998608 0.145822
0.0364304 0.755637 -0.100886
0.0364304 -0.488568 0.00143142
-0.305284 0.869005 -0.266573
-0.329806 1 0.408863
0.0364304 0.617529 0.343113
0.0426333 -0.998608 0.46615
-0.249314 1 -0.341809
0.229801 1 -0.142341
-0.0365525 0.210176 0.275954
-0.0365525 -0.233951 -0.367744
-0.327116 -0.867613 0.424954
0.0364304 0.510005 0.318839
-0.337878 -0.867613 0.0748406
-0.390239 -0.973026 0.459696
0.0364304 -0.330602 -0.426061
-0.0365525 0.166152 -0.225133
-0.0365525 0.760579 0.258078
0.0755933 -0.867613 0.163721
-0.0365525 0.762416 0.404776
-0.341907 -0.867613 -0.458404
0.0364304 -0.316226 -0.00761628
0.0364304 0.0452832 0.081194
0.133772 -0.867613 0.230888
0.269618 1 0.396005
-0.0731985 0.955731 0.468484
0.390117 0.992894 0.370006
-0.0365525 0.142291 -0.444604
0.0364304 -0.667484 -0.192174
-0.390239 -0.929538 -0.226549
0.0238335 0.973613 0.468484
-0.0365525 -0.102253 -0.132263
0.0364304 0.371401 -0.0203407
0.0364304 0.216594 0.149229
-0.0365525 0.697058 0.151948
0.0364304 0.299836 -0.467178
0.314351 -0.867613 -0.0769781
0.361523 -0.867613 0.298158
0.390117 -0.930179 -0.312102
0.0942077 0.924338 0.468484
0.0364304 -0.441714 -0.297102
0.390117 0.870578 0.410243
-0.0853938 -0.867613 -0.125187
0.0364304 -0.571648 0.42203
0.0388326 -0.844142 0.133688
0.25179 -0.867613 0.389528
0.0364304 -0.400935 -0.197433
0.0364304 0.343569 0.129224
-0.00871471 0.345375 0.468484
0.0941005 0.869005 0.0326074
0.0364304 -0.184895 -0.0465521
-0.00679931 -0.998608 -0.378985
-0.0365525 -0.226269 -0.112742
0.390117 0.972318 0.405371
-0.278766 0.869005 -0.180841
-0.0425827 -0.998608 0.183332
0.106238 0.869005 -0.123146
0.0364304 -0.108962 0.192882
0.332183 -0.998608 0.0709818
-0.390239 -0.938026 0.331355
0.0364304 -0.614157 -0.194085
-0.0207802 0.667594 -0.467194
0.0364304 -0.766649 0.376998
-0.236849 0.869005 0.104
-0.337121 0.935012 0.468484
-0.0365525 0.469895 0.204431
0.183102 -0.867613 -0.017965
-0.390239 -0.979187 -0.0479359
0.36997 0.869005 -0.350649
-0.0365525 0.54819 0.406651
-0.287148 0.869005 -0.228319
-0.0700411 -0.872317 0.468484
0.0385745 0.844838 0.0954527
0.390117 0.972822 -0.124556
0.0364304 -0.396109 -0.355377
-0.0365525 -0.773278 0.108743
0.28961 0.869005 0.04478
-0.0448267 0.855653 -0.320679
-0.387762 0.941298 -0.467194
0.0364304 -0.283652 -0.361978
-0.102067 0.981153 0.468484
-0.0365525 0.383933 0.152473
0.196866 1 -0.411002
-0.0365525 0.443208 0.25024
-0.0365525 -0.539671 0.349448
-0.0257318 -0.998608 0.252095
0.0364304 -0.0948077 0.273992
-0.0365525 -0.650085 0.315546
0.243652 -0.872015 -0.467194
-0.0365525 0.152898 0.403423
0.168954 1 -0.0887395
0.0364304 -0.772614 0.440229
-0.240011 -0.998608 -0.0160649
0.227301 -0.867613 -0.390985
-0.0365525 -0.176269 -0.355407
-0.390239 -0.881008 -0.264275
0.0890306 0.869005 0.420869
-0.0365525 0.78708 -0.390469
-0.0615328 0.867142 0.125864
0.333251 -0.998608 0.115079
0.176243 0.869005 0.0649181
-0.379967 -0.899771 0.468484
0.0364304 0.610111 0.240435
0.200873 -0.867613 0.41365
-0.331702 -0.998608 0.296091
0.176992 1 0.411297
0.275347 -0.998608 0.119706
0.0840603 0.990173 -0.467194
-0.276961 1 0.00566008
-0.274818 1 -0.0365511
0.0364304 0.689518 0.297941
0.046527 -0.856319 0.39497
-0.0365525 -0.366214 0.149424
-0.0365525 0.43787 -0.315199
-0.0365525 -0.00448231 0.358118
0.0364304 0.652476 0.232354
0.0352056 -0.911732 -0.467194
-0.348361 -0.998608 -0.211184
0.0254206 0.789428 0.468484
0.00992726 -0.456767 -0.467194
0.0364304 -0.681987 0.185846
0.0364304 0.451535 -0.346228
0.0364304 -0.188046 0.0413569
0.0364304 -0.144445 -0.305727
-0.0365525 0.00884792 -0.236051
0.221004 -0.867613 -0.202641
-0.0365525 -0.16682 -0.0159322
0.0198847 1 -0.119121
0.00411065 -0.998608 0.315151
0.0600089 0.866644 0.26071
-0.175326 -0.918204 0.468484
-0.102134 -0.867613 -0.377349
-0.273163 -0.867613 -0.203402
-0.0635358 1 0.169467
-0.0365525 0.460902 -0.359374
0.0364304 0.276733 0.395298
-0.0364176 -0.289897 0.468484
-0.0943423 -0.867613 -0.273912
-0.284709 -0.998608 -0.117694
0.235931 0.869005 0.433479
0.0364304 -0.0492666 0.0514337
0.0161889 0.000494262 -0.467194
-0.0365525 0.639596 0.0258153
-0.0365525 -0.660772 -0.163704
0.00401212 -0.998608 -0.306811
-0.123803 1 0.137883
0.0364304 0.170721 -0.325663
0.0364304 0.789081 0.0211343
-0.0801188 1 -0.121399
-0.356162 1 -0.361921
-0.33656 -0.998608 -0.31014
-0.0365525 0.554266 -0.296985
0.0364304 -0.352972 -0.0515363
-0.363993 -0.867613 0.462087
-0.168556 1 -0.138843
-0.17901 -0.998608 0.328262
-0.0365525 0.553239 -0.201375
-0.0365525 -0.259813 -0.0181262
-0.175288 1 -0.0181342
-0.0365525 -0.57649 -0.233037
0.0364304 0.663435 -0.441432
0.251118 1 0.337049
0.259405 0.898353 -0.467194
0.168472 1 0.312666
0.361489 1 -0.254185
0.015301 -0.346134 -0.467194
0.24337 -0.998608 -0.255093
-0.0365525 -0.0981426 -0.395906
-0.104511 0.869005 -0.438949
0.269951 -0.867613 0.12752
0.0797183 1 0.37971
0.0364304 0.215043 0.00525354
0.0167743 -0.998608 -0.131869
-0.0365525 -0.796762 0.0459078
0.174452 1 0.132669
0.0273033 0.504339 0.468484
-0.0365525 0.19701 0.149173
0.232206 -0.919317 -0.467194
-0.0202898 -0.998608 -0.0919888
-0.0137606 -0.972563 -0.467194
0.338721 -0.998608 -0.301695
0.0220771 0.937495 -0.467194
0.0364304 0.440837 -0.203861
-0.0365525 0.0399804 0.142601
0.0364304 -0.0303963 -0.332341
0.226169 1 0.413127
-0.0309797 1 -0.369339
-0.0365525 0.806979 -0.290037
-0.37078 0.869005 -0.251837
-0.0365525 -0.0816265 0.234529
-0.104814 1 0.0458883
-0.0893499 1 0.17744
-0.302306 -0.867613 -0.441236
0.0364304 0.5445 0.316998
0.0364304 -0.777725 -0.141916
0.00246519 1 -0.33271
0.0378773 -0.841295 -0.105838
-0.0365525 0.100066 -0.426659
0.0364304 -0.160294 0.377783
-0.138118 1 -0.135403
-0.0776307 0.869005 0.314661
0.0364304 -0.609475 0.11037
0.0364304 -0.251324 0.369171
-0.168229 1 0.244118
0.0364304 -0.230318 0.0616981
-0.390239 -0.937466 0.435715
-0.0365525 0.473566 -0.0189868
-0.247963 0.869005 0.443188
0.172339 -0.867613 0.0954455
0.0364304 -0.404835 -0.421732
0.0364304 0.527881 0.373151
0.130568 0.869005 -0.253032
-0.359643 0.869005 0.210513
-0.390239 -0.935637 -0.367828
0.232462 1 0.4669
-0.0512805 1 0.307356
-0.0365525 0.0376728 0.365958
-0.354916 1 -0.0314936
-0.126436 -0.998608 0.405124
0.0468943 0.858091 -0.400165
-0.278172 1 -0.337821
0.0364304 -0.81451 -0.165243
-0.180774 1 -0.108022
0.0364304 0.0456175 -0.0645625
0.390117 0.882879 0.101196
-0.00527285 0.809736 0.468484
0.0364304 -0.788185 0.284312
0.279885 0.869005 -0.112687
0.0364304 0.343165 0.101517
-0.047599 -0.998608 0.0564124
-0.0365525 -0.366036 -0.109757
-0.0603824 -0.865346 -0.154315
-0.367142 -0.998608 0.254293
0.0364304 0.220001 0.258869
-0.135373 0.889994 0.468484
0.390117 -0.934145 0.451179
-0.238681 -0.998608 0.0392389
0.248139 1 -0.411108
0.0364304 -0.298189 0.0960746
-0.20929 1 0.111938
0.00329479 -0.533852 -0.467194
0.0364304 -0.0966647 0.0519531
-0.0365525 0.0079774 -0.381646
-0.0365525 0.126919 0.0854957
0.0364304 0.497734 0.362711
-0.390239 -0.946256 0.143876
0.073186 -0.998608 0.359573
0.152209 0.869005 -0.440496
0.0367535 -0.954701 -0.467194
-0.0365525 -0.451269 0.21793
0.390117 0.88966 -0.310771
-0.0365525 -0.0785663 0.43012
0.246093 0.869005 -0.319164
0.0364304 0.503521 0.246493
-0.174036 -0.998608 -0.199344
0.0364304 -0.116115 -0.103748
-0.0793883 -0.867613 -0.462729
-0.0365525 -0.539503 -0.267089
0.0781147 -0.867613 -0.257828
0.390117 -0.933445 -0.390685
-0.137948 -0.998608 0.358795
0.0364304 -0.347868 -0.28326
0.0206385 0.713428 0.468484
0.294136 0.869005 0.19011
-0.0365525 -0.587712 -0.357239
0.0364304 0.638626 0.114641
-0.130736 1 -0.270698
0.390117 -0.983219 0.189044
0.0364304 -0.0258648 -0.255595
0.333744 -0.867613 0.382995
0.159097 -0.998608 -0.405958
0.390117 -0.89282 0.225069
-0.231896 0.869005 0.0471761
0.0364304 0.701129 0.241812
0.0364304 -0.0386872 0.467521
0.0364304 -0.13072 -0.330354
0.0364304 0.589677 0.443562
-0.390239 0.97394 0.0371368
-0.0365525 -0.824687 0.00339113
-0.390239 0.888435 -0.0196014
0.152976 -0.998608 -0.267931
-0.0365525 -0.64581 0.209433
-0.0365525 0.00392755 0.253856
-0.253111 -0.867613 -0.355714
0.0364304 0.208689 0.346003
0.308304 0.970117 0.468484
0.0364304 -0.475254 -0.030751
0.0364304 -0.319475 -0.132613
-0.0365525 0.63328 0.404361
-0.0365525 0.211299 -0.436671
0.255896 -0.948556 0.468484
0.138195 -0.867613 -0.413136
-0.390239 0.977933 -0.195277
0.0364304 0.196208 -0.0359594
-0.390239 0.975532 -0.405762
-0.353651 -0.867613 0.303911
0.0364304 0.471194 -0.458326
-0.0365525 0.82337 -0.0879653
-0.0365525 -0.43079 0.35876
0.268856 -0.867613 0.334659
-0.0365525 0.430887 -0.267049
0.0364304 0.744166 0.22951
0.0364304 -0.431681 -0.173576
0.0364304 0.564762 -0.43475
0.0364304 0.504124 -0.142476
0.367361 -0.998608 0.227626
-0.231558 0.869005 -0.112455
-0.390239 0.881893 -0.296559
-0.235051 -0.867613 0.00810911
0.0364304 -0.359886 8.2099e-05
-0.0365525 -0.701771 -0.137158
0.0364304 -0.303739 -0.173901
-0.0365525 -0.168425 0.410993
0.161059 -0.998608 -0.313849
0.0364304 0.34407 0.213506
-0.167814 -0.867613 0.324939
-0.0365525 -0.803209 -0.277869
-0.245257 0.869005 -0.0894408
-0.0365525 0.656902 0.279014
0.347692 -0.97808 0.468484
0.0364304 0.560501 0.00845932
0.0364304 0.649813 0.0675541
-0.359882 -0.867613 0.129931
-0.152534 -0.998608 -0.179401
0.208071 1 -0.327488
-0.0688854 0.868767 -0.197424
-0.218837 -0.925998 0.468484
-0.265812 -0.867613 -0.0418719
-0.117621 -0.867613 0.302693
-0.0773382 0.869005 -0.0382907
0.280128 -0.867613 -0.047275
-0.0434341 -0.998608 -0.448778
0.150992 -0.998608 -0.216052
-0.365003 -0.998608 0.0835052
0.278077 -0.998608 -0.295684
-0.0365525 -0.0788916 0.338157
0.361736 -0.867613 0.0794562
-0.337406 0.869005 -0.0790064
0.0364304 -0.252132 -0.26769
0.0364304 0.035244 0.46413
-0.289309 0.869005 -0.0106128
0.226722 1 -0.0785483
-0.0381809 -0.841901 -0.31636
-0.3785 1 -0.329526
0.390117 0.96827 -0.234156
-0.204904 -0.998608 -0.167726
-0.0365525 -0.426428 -0.342841
0.0925988 -0.998608 0.0100095
-0.0365525 0.750609 -0.237713
0.0462861 1 0.0825335
0.0364304 -0.138882 -0.450424
0.0747529 0.956442 0.468484
-0.0365525 -0.70051 0.252516
-0.0365525 -0.163376 -0.207762
0.390117 0.872963 0.0137699
-0.0365525 0.308287 -0.164211
-0.0365525 0.329331 0.242596
-0.199803 -0.867613 -0.123796
-0.390239 -0.904974 0.414919
0.0364304 0.703279 0.444117
0.0364304 0.165967 0.163567
0.152536 1 0.356995
-0.21275 0.91098 -0.467194
0.0364304 0.0492118 0.0379928
-0.0365525 -0.602262 0.22904
-0.291097 1 -0.313714
-0.331536 0.881853 0.468484
0.0364304 0.0460846 -0.372894
0.143205 -0.867613 -0.195638
0.0364304 0.110097 -0.157706
0.163612 -0.92126 0.468484
0.28749 1 0.36565
-0.319234 0.869005 0.0251673
-0.169524 0.869005 0.158706
0.361051 -0.867613 0.368124
0.0770028 -0.998608 -0.254826
0.0364304 0.432327 -0.260476
-0.134151 0.869005 -0.336017
0.0364304 -0.307559 0.227583
-0.360236 -0.998608 0.442886
-0.127104 1 -0.101349
-0.0365525 0.505459 -0.054849
0.0364304 -0.279471 0.371217
-0.390239 0.973114 0.191437
0.319327 0.881711 0.468484
0.0364304 -0.690335 -0.359505
-0.322188 0.869005 0.296225
0.289768 1 0.432082
0.0364304 0.57713 -0.198877
0.280282 0.869005 0.0872868
-0.0365525 0.0807633 0.0720958
-0.0365525 -0.47003 -0.208825
0.108009 1 -0.0116033
0.137915 -0.867613 -0.335314
-0.0365525 0.306897 0.349005
-0.165887 0.974944 0.468484
-0.0365525 -0.0147217 -0.350503
-0.0365525 -0.659132 -0.0178369
0.0364304 -0.21606 0.292473
0.0364304 0.570983 0.371127
0.125714 0.948302 0.468484
-0.13256 -0.867613 0.0490094
-0.360476 0.894425 0.468484
0.0364304 -0.128595 0.293184
-0.390239 0.948363 0.466524
-0.0365525 -0.22326 0.0791571
-0.0365525 -0.456257 -0.301015
-0.299759 -0.867613 0.364362
-0.0365525 -0.397594 -0.443225
-0.0365525 -0.0966171 0.283527
-0.335287 0.869005 -0.0237024
0.187654 -0.998608 -0.251778
-0.233017 1 0.288818
0.198426 -0.998608 0.150116
0.0364304 0.283204 -0.263552
-0.0365525 0.114624 0.205955
-0.329894 0.869005 0.110135
-0.0365525 0.593109 0.322796
-0.0365525 -0.316944 -0.338497
0.144035 1 0.110345
0.0364304 0.655814 0.320129
-0.0365525 0.827439 -0.0312946
-0.0365525 -0.182155 0.0465675
0.19814 0.869005 0.240242
0.246614 0.869005 -0.129451
0.0364304 -0.558021 0.0607938
0.0126866 -0.762081 -0.467194
-0.125455 0.950754 0.468484
-0.0365525 -0.275927 0.24194
-0.368313 -0.998608 -0.259554
-0.390239 -0.93617 -0.458377
0.279054 -0.998608 -0.35101
0.00746369 -0.690042 0.468484
-0.0365525 -0.540007 -0.320225
-0.233071 1 -0.2522
0.0364304 0.189588 -0.111423
0.141369 0.869005 0.425069
0.0364304 -0.411184 -0.048125
-0.329248 1 0.436381
-0.0365525 -0.773718 -0.061063
-0.0365525 0.282983 -0.423307
0.0364304 0.611037 -0.441069
0.220843 -0.998608 -0.0722466
0.0364304 -0.195452 0.00550494
0.0364304 0.401073 0.203288
-0.0220165 -0.944964 0.468484
-0.0365525 0.109207 -0.372025
-0.0365525 0.0298807 0.0230006
-0.0365525 -0.473406 0.326811
0.217302 -0.867613 -0.323908
-0.0365525 -0.663436 0.36266
-0.0321186 1 -0.201639
-0.0365525 -0.737919 0.186253
0.0364304 -0.465897 -0.0846328
0.0364304 -0.345051 -0.227505
0.0364304 0.664625 -0.204903
-0.0387809 -0.843678 0.149948
0.317508 -0.991758 -0.467194
0.0364304 -0.658794 0.236276
0.390117 0.980731 0.083554
-0.0365525 0.551594 -0.143275
0.0904955 -0.867613 0.219686
-0.00830035 -0.998608 -0.141562
-0.0365525 0.600301 -0.121199
0.255525 -0.867613 -0.0146221
-0.0168464 0.539701 0.468484
0.0364304 0.776015 -0.415841
0.0364304 -0.319793 0.0487793
-0.0365707 0.833667 -0.176253
0.0364304 0.461736 -0.276193
0.132896 0.915624 -0.467194
0.212518 1 0.0933107
0.0364304 -0.199871 0.237146
0.0862707 1 -0.323411
0.389681 1 0.158634
-0.0365525 0.170019 0.0493878
0.245509 -0.867613 0.0340932
0.0192899 -0.0631781 0.468484
0.317049 0.869005 -0.356118
0.154765 -0.867613 -0.228671
-0.0365525 0.120966 0.264442
0.137849 1 0.274824
-0.363554 1 -0.106291
-0.117615 0.999804 -0.467194
0.326481 0.945387 0.468484
-0.0365525 0.71666 0.262587
0.175948 0.869005 0.162618
-0.0365525 0.16274 -0.283268
0.283874 1 -0.257332
0.0364304 -0.387243 0.255741
0.0697814 -0.998608 -0.464458
0.353418 0.869005 0.130671
0.0364304 -0.121763 -0.0354616
-0.045384 0.856316 0.187285
-0.217616 0.943001 0.468484
0.390117 -0.927575 -0.0571677
0.292565 1 0.168413
-0.318783 1 -0.177361
-0.0365525 0.210828 0.221743
-0.0365525 0.421993 0.306084
-0.157811 -0.867613 -0.437994
0.227639 1 -0.375649
0.102649 -0.867613 -0.243593
0.0364304 -0.699681 -0.235039
0.0364304 0.375274 0.240595
-0.0365525 0.440762 -0.174897
-0.342497 1 0.109394
-0.0837606 -0.998608 -0.406585
-0.0365525 -0.0526403 0.342521
-0.390038 1 -0.0131291
-0.0365525 -0.455821 -0.0435235
-0.145957 -0.867613 -0.20816
0.287713 -0.998608 0.171854
-0.181016 -0.867613 0.24373
-0.286875 -0.867613 -0.272541
-0.25877 1 0.186775
-0.0365525 0.672356 -0.277869
-0.0365525 0.714197 0.397637
0.116438 0.869005 -0.370508
0.390117 -0.995664 0.391902
0.00288544 0.161165 0.468484
0.0364304 0.69809 -0.440576
-0.178281 0.869005 0.11426
-0.302677 -0.93438 0.468484
0.220211 1 0.140708
-0.0429449 -0.998608 -0.0453071
0.0497202 -0.998608 0.349598
0.23925 1 0.311992
0.226228 -0.998608 -0.207442
-0.0365525 -0.722338 0.282685
-0.147284 1 0.291899
-0.0365525 0.0480334 -0.119764
0.228269 0.869005 0.16514
-0.390239 -0.930349 -0.418901
0.0364304 -0.723536 0.411708
-0.0365525 -0.469382 0.403165
0.390117 0.915079 -0.115732
0.0364304 0.534851 -0.323224
0.171522 1 -0.23986
-0.0365525 0.270454 0.34881
-0.390239 0.962587 -0.349886
0.134043 -0.939102 0.468484
0.300418 1 -0.331501
-0.303189 -0.867613 -0.133258
-0.0519299 1 -0.429926
-0.0365525 -0.496888 0.080433
-0.0365525 -0.375702 -0.0860185
-0.0365525 0.371868 0.027915
-0.0365525 0.813317 0.0721353
0.0364304 0.803788 0.406073
-0.0365525 -0.30129 0.420409
0.0364304 -0.188567 0.271077
0.0325632 -0.739506 -0.467194
0.207934 -0.867613 0.266938
-0.0365525 -0.259493 0.298626
0.0369854 1 0.380057
0.390117 -0.927189 -0.25643
0.0364304 0.668758 0.348263
-0.0365525 -0.053331 -0.085213
0.212835 -0.895579 0.468484
0.390117 0.905138 -0.259967
-0.0365525 0.500617 0.434474
0.261933 -0.998608 0.245859
-0.154062 0.869005 -0.0540647
-0.0365525 0.482864 -0.133934
-0.0365525 -0.404922 0.431147
0.390117 -0.985268 0.0147204
0.0364304 -0.105421 -0.138595
-0.390239 -0.993899 0.114489
0.0364304 -0.0105009 -0.0647142
0.0364304 -0.582829 -0.278607
-0.000716464 -0.712728 -0.467194
-0.215581 -0.998608 0.246318
-0.0365525 0.238654 0.257986
-0.0365525 -0.427167 0.0333391
-0.0365525 -0.0203691 0.217242
-0.209212 1 0.318214
0.065734 -0.998608 0.0911536
-0.283556 -0.867613 -0.156659
0.0364304 0.648438 -0.235492
-0.337153 -0.998608 -0.455757
-0.380449 -0.998608 0.173754
-0.0544457 -0.998608 -0.359436
0.0364304 0.777104 0.345135
-0.0899035 1 0.216424
-0.0365525 -0.298441 -0.100308
-0.0365525 -0.074668 0.111461
0.390117 0.878218 -0.18436
-0.0807533 -0.867613 -0.404792
-0.0365525 -0.579046 0.0241438
-0.0365525 -0.538467 0.0048047
-0.0365525 0.471961 0.288056
0.2058 -0.998608 0.208643
-0.0365525 -0.210334 -0.132446
0.0364304 0.148614 -0.256159
0.0364304 0.359577 -0.204939
-0.211274 0.869005 0.396217
-0.308996 0.893422 0.468484
0.265493 -0.998608 0.39565
0.29765 0.869005 0.00412887
0.164726 0.869005 0.44647
-0.390239 0.995546 0.124849
-0.126049 1 0.169112
-0.0365525 -0.592489 0.352655
-0.0365525 0.0576497 -0.20774
-0.0381456 0.843178 0.0808519
-0.0365525 0.596832 -0.35126
0.307282 -0.998608 -0.225228
0.147502 -0.867613 0.391527
-0.390239 -0.930718 0.282502
-0.0365525 -0.106964 -0.158982
-0.0999617 -0.998608 -0.381685
-0.0661224 -0.998608 -0.183612
0.330349 -0.998608 0.464484
-0.0365525 0.0723188 0.362452
-0.220196 -0.890093 0.468484
0.128703 1 0.37959
0.0772214 -0.998608 0.391914
0.0364304 -0.127545 -0.213739
0.223583 -0.998608 0.0611289
-0.383207 0.869005 0.12067
-0.0365525 -0.281802 0.181275
-0.0365525 -0.204534 -0.070875
-0.126014 1 -0.371413
0.390117 -0.97152 0.296363
-0.290186 0.951599 0.468484
0.0364304 0.565918 0.0347768
-0.0365525 -0.460666 -0.378001
0.346586 -0.867613 0.200185
-0.390239 0.963816 0.324859
0.0364304 0.392335 -0.447746
-0.144407 -0.998608 0.309418
0.086417 0.986971 0.468484
-0.0365525 0.817378 -0.238075
-0.0140471 -0.0421017 -0.467194
0.0364304 0.706135 -0.415311
-0.0365525 -0.544837 0.23137
-0.168257 -0.867613 0.464176
-0.198958 1 -0.0783731
0.0364304 -0.543664 0.0907672
0.0128113 0.81177 -0.467194
0.0364304 -0.246232 -0.294531
0.0364304 0.303465 -0.210836
0.0364304 0.335721 -0.352156
0.132883 1 0.321222
-0.0365525 -0.158649 0.150395
-0.0365525 -0.790602 0.431087
0.390117 -0.954153 -0.375649
-0.0365525 -0.642378 -0.0751194
-0.0365525 -0.627257 0.12273
-0.155415 0.869005 -0.124192
0.0897108 0.869005 -0.22628
-0.293952 1 -0.12679
0.0364304 -0.739167 -0.345964
-0.0984987 0.869005 0.225621
-0.0231786 1 -0.103338
-0.154219 0.869005 0.00358629
-0.277405 0.869005 0.272854
0.361306 -0.867613 0.236387
0.0364304 0.767531 0.311772
-0.0365525 -0.671009 0.278605
0.0364304 -0.218676 -0.31279
0.0364304 -0.221293 -0.247431
0.0364304 0.615131 -0.277015
0.0364304 -0.0492285 -0.443758
-0.102991 0.869005 -0.382478
0.355161 1 0.121677
0.0364304 0.703173 -0.113087
-0.373181 -0.867613 0.403024
0.0364304 0.817031 0.16182
0.340723 1 -0.160083
0.0364304 -0.460496 -0.134993
-0.390239 0.965202 -0.0843033
0.0533678 -0.861931 0.184227
-0.0365525 0.80132 -0.123268
-0.17224 0.938867 0.468484
0.26768 0.869005 -0.0734347
-0.169409 0.869005 -0.336065
-0.232973 1 -0.0928832
0.0364304 0.0015556 -0.397612
0.164304 -0.926799 -0.467194
-0.0974723 -0.998608 0.168069
0.0364304 0.487288 -0.308854
0.365768 -0.867613 -0.356444
0.0364304 -0.565094 0.108617
0.0364304 0.764513 -0.254625
0.0364304 -0.0125797 -0.11142
-0.390239 -0.90587 0.255343
0.343302 1 -0.0462738
0.342571 1 0.152211
-0.166754 0.869005 -0.0285075
0.312719 0.869005 -0.141889
0.0649641 0.868127 0.370797
0.145573 -0.867613 -0.380705
0.0364304 -0.316927 -0.0789308
-0.0206654 -0.312831 0.468484
-0.390239 0.97504 -0.297958
0.356588 0.869005 -0.1793
0.188813 0.881453 -0.467194
-0.0365525 0.676294 0.32554
-0.36369 1 0.0597564
0.00829804 0.910558 0.468484
-0.375849 1 0.170315
-0.0365525 -0.786315 -0.226581
0.162161 1 0.204514
-0.0365525 0.0484098 0.200221
-0.0855555 -0.867613 -0.338097
0.0364304 -0.350774 0.106426
-0.373848 -0.998608 0.229128
-0.0365525 0.571512 -0.218761
-0.390239 -0.930543 0.124309
0.0364304 0.66513 -0.254225
-0.0365525 0.41809 -0.442702
0.127697 -0.867613 0.448202
-0.156033 0.869005 0.313167
-0.0406834 -0.847986 -0.125564
0.00689324 -0.898517 0.468484
0.255825 1 -0.185995
-0.0365525 -0.136605 0.0718183
-0.0365525 0.222937 0.390649
0.0364304 -0.299228 -0.384214
0.0364304 -0.579909 0.447349
0.279193 0.869005 0.148893
0.0483995 -0.998608 -0.0153523
0.321251 -0.867613 -0.442657
-0.0365525 -0.378215 0.466854
-0.0618109 -0.865841 0.352484
0.317554 -0.867613 0.452398
-0.210802 1 -0.137695
0.17833 1 -0.377672
0.111975 -0.998608 -0.435101
0.286521 1 -0.092057
0.0364304 -0.631946 -0.00115272
-0.161522 -0.998608 0.107936
0.265486 0.869005 0.286827
0.0364304 0.789589 0.274782
-0.0365525 -0.356209 0.288915
0.0364304 -0.73979 0.0289432
-0.0356746 0.131023 -0.467194
-0.311418 -0.998608 -0.433406
-0.390239 -0.870508 -0.0427006
0.390117 -0.958881 0.225514
0.101298 1 -0.43639
-0.0365525 -0.407992 0.205561
0.0364304 -0.0556654 0.384407
0.338004 1 0.368028
0.10315 1 0.365812
0.0364304 0.796295 -0.322596
0.236464 -0.998608 0.0825787
-0.0365525 0.129855 0.463467
-0.269971 1 -0.393997
-0.366543 -0.998608 -0.291562
-0.0365525 0.391406 0.102247
0.090125 -0.867613 0.258374
0.141664 -0.998608 0.335925
-0.361396 0.869005 0.0582858
-0.0365525 0.232402 0.105276
-0.356126 -0.998608 -0.156896
-0.130433 -0.998608 0.046065
-0.224076 -0.998608 0.199757
-0.0329773 -0.441134 0.468484
-0.238296 -0.867613 0.0685886
0.390117 -0.957171 -0.0941429
-0.36735 -0.867613 0.0802882
0.223729 0.869005 0.256509
-0.204361 0.869005 0.190794
-0.0365525 -0.748438 -0.139185
0.0364304 -0.384003 0.204542
0.0364304 0.606116 -0.207183
0.0364304 0.767372 -0.0203623
0.0364304 0.312039 -0.0350387
-0.0365525 -0.152 -0.0869898
0.0364304 -0.0691902 0.0139555
-0.0994168 0.869005 -0.122113
-0.0365525 -0.484314 -0.186426
0.0364304 -0.65887 -0.0118495
-0.0365525 -0.549907 0.395892
0.0364304 0.454861 0.339165
0.0364304 0.77402 0.186541
-0.0365525 -0.590704 0.0762019
-0.0365525 -0.641622 0.259498
0.3105 -0.867613 -0.276911
-0.0488568 1 0.0436328
0.0364304 -0.132783 0.201018
-0.390239 -0.888623 -0.351801
-0.0217164 0.663499 0.468484
0.0102749 -0.766562 0.468484
0.0364304 -0.0462979 -0.0730371
0.0364304 0.299691 0.351239
-0.0365525 -0.502769 0.404967
0.0811544 -0.867613 -0.0916052
0.00139306 -0.507917 -0.467194
-0.0472541 1 0.115459
-0.0365525 -0.00693053 0.462835
0.0189422 1 0.215075
-0.368218 -0.867613 -0.0570517
0.370967 0.869005 0.0547297
-0.0365525 -0.283012 -0.289017
-0.390239 0.896833 -0.328547
0.390117 0.891791 -0.208609
-0.325915 -0.867613 0.171086
-0.0365525 -0.26779 0.453836
-0.150684 0.869005 -0.256452
-0.236812 -0.998608 0.14741
-0.0365525 -0.232195 0.40246
-0.385558 1 -0.0633222
-0.0365525 -0.627238 0.159406
-0.381966 0.869005 -0.37091
-0.0365525 0.146982 0.00793839
-0.0365525 -0.301259 0.0149011
-0.390239 -0.919506 -0.0335579
-0.358976 0.966303 -0.467194
0.0671489 -0.998608 0.028518
-0.107716 -0.998608 -0.155148
0.0364304 0.449494 0.0219438
0.321426 -0.936853 -0.467194
0.370547 1 -0.209153
-0.0365525 0.0938587 -0.150244
-0.0365525 -0.353607 0.0954194
0.0810068 -0.867613 -0.438415
-0.369242 1 0.402223
-0.0151259 0.216393 0.468484
0.0364304 0.022178 -0.154133
-0.293024 1 0.366535
-0.0365525 -0.82416 0.36907
-0.0365525 0.717513 -0.149883
-0.0365525 -0.672429 0.139718
0.0792663 -0.96248 0.468484
-0.0365525 -0.503317 -0.0185037
-0.0365525 0.726671 0.119375
-0.262089 1 -0.292166
-0.0423722 -0.998608 -0.132962
-0.206894 -0.867613 0.203271
0.390117 -0.953732 0.135772
-0.0420111 0.851712 0.291284
0.193309 -0.998608 -0.466745
0.0364304 -0.0262566 -0.0143689
0.0364304 -0.491657 0.339679
0.0871008 -0.89308 -0.467194
0.0364304 0.250534 0.465071
-0.231641 -0.893275 -0.467194
0.0364304 0.226767 -0.394318
-0.246956 1 -0.210098
0.0364304 0.10121 -0.276516
0.0364304 0.800633 -0.125766
-0.00676124 -0.998608 0.223807
0.0364304 0.0788194 0.45277
-0.0365525 0.599963 0.102325
0.0364304 -0.594846 -0.407358
-0.0365525 0.466936 -0.0780007
-0.0365525 0.640247 0.340386
-0.0365525 0.117688 -0.0812683
-0.0365525 -0.65738 -0.405956
0.0364304 -0.284112 -0.0423362
0.288396 1 -0.167018
0.0364304 -0.0470049 0.425062
0.19864 -0.867613 0.237606
-0.367286 1 -0.448331
0.0364304 -0.40255 -0.226054
0.321282 1 -0.378308
0.102336 -0.998608 0.142731
0.390117 0.95158 -0.44182
-0.147982 0.869005 -0.175556
0.0620636 -0.86596 0.130005
-0.0992456 1 0.0896105
0.176348 1 -0.187224
-0.0365525 -0.646438 -0.121628
-0.0365525 -0.725947 0.0134984
-0.0365525 0.227113 -0.268382
-0.0365525 0.686847 0.0721222
0.330529 -0.867613 0.029202
0.273779 1 -0.398775
0.0719226 1 -0.00559966
0.145047 0.869005 -0.412745
-0.277226 -0.867613 -0.29642
-0.0365525 0.681823 -0.223962
-0.0365525 0.590401 0.380945
-0.0365525 -0.710626 0.384932
-0.0365525 -0.58472 -0.17894
0.0364304 0.217911 0.0562993
-0.0365525 0.801413 0.322705
0.0364304 -0.488073 -0.399427
-0.0905638 0.869005 0.418636
0.362444 0.869005 0.260303
-0.0365525 0.125131 0.134133
0.0364304 0.1145 -0.205842
-0.0365525 -0.284073 -0.0343795
0.295112 1 -0.448229
0.256107 -0.867613 -0.415087
-0.0776988 0.869005 -0.42279
0.357764 -0.998608 -0.208276
-0.0365525 0.317777 -0.0309136
-0.276284 -0.998608 0.0670474
0.25441 -0.867613 -0.0846523
0.0395316 0.847235 -0.351775
-0.367834 -0.867613 -0.397534
-0.205586 -0.867613 -0.0858863
0.390117 0.955915 -0.151173
-0.0365525 0.261614 0.0269012
0.0364304 -0.682962 0.231378
0.238631 -0.867613 0.446807
0.0364304 -0.674247 -0.391645
0.0364437 0.833498 -0.293634
0.0680073 -0.998608 -0.049132
-0.367564 0.869005 -0.172699
-0.311419 0.869005 -0.443832
-0.123249 -0.998608 -0.389736
-0.176112 1 0.0706135
0.239048 -0.867613 0.208518
-0.0365525 0.271386 -0.273223
0.151655 -0.867613 0.441091
0.390117 0.982853 -0.413728
0.0364304 -0.785814 0.245998
-0.0191238 0.765462 0.468484
0.0364304 -0.759118 -0.111946
-0.0365525 0.597743 -0.015516
0.0530151 -0.998608 -0.369662
0.390117 0.935454 -0.398499
0.0364304 0.727997 0.198328
0.0364304 -0.522597 -0.357398
-0.0365525 0.420671 -0.203852
-0.0818805 -0.998608 0.0250521
-0.0365525 0.517384 -0.232097
-0.0365525 0.271128 -0.445168
0.0364304 -0.522845 -0.0913727
0.376835 -0.867613 -0.0741902
-0.227129 -0.998608 0.346168
0.0364304 0.173615 -0.026243
-0.0365525 -0.128172 0.210609
-0.0365525 -0.0116322 0.167863
0.123934 -0.998608 0.0316914
-0.0365525 0.388874 -0.180725
-0.390239 -0.884336 -0.390337
-0.0365525 0.122032 0.043761
-0.369721 0.981164 0.468484
0.0364304 -0.829942 0.103415
-0.263349 0.869005 -0.234456
0.0343205 0.985308 -0.467194
-0.0365525 -0.367364 -0.161193
-0.0365525 -0.235372 -0.456412
-0.0373191 0.839954 0.235277
-0.0365525 0.362829 -0.147977
0.0364304 -0.649892 -0.149783
0.0364304 -0.381304 -0.157236
-0.0330211 0.86326 0.468484
0.344997 0.869005 0.425137
0.0364304 0.283766 0.437197
0.14151 -0.998608 0.434953
-0.058568 0.866011 -0.172401
-0.0365525 0.527126 0.157336
-0.0746892 -0.998608 -0.0215125
0.0364304 -0.510221 0.442998
0.390117 0.962947 0.173309
-0.0365525 -0.357127 -0.263794
0.0364304 0.659404 -0.34294
0.0364304 -0.249044 -0.10666
0.362854 0.869005 -0.0140621
-0.167414 -0.867613 0.142476
0.363712 0.869005 0.101671
-0.330198 -0.998608 0.173131
0.0364304 0.328626 0.160539
0.317047 -0.867613 -0.351256
-0.160231 -0.867613 -0.112473
0.0364304 0.748785 0.180682
0.0712624 0.868967 -0.443492
0.0364304 0.12001 -0.117738
-0.0365525 -0.677247 -0.333305
-0.0100622 0.528606 -0.467194
0.0364304 -0.0349216 0.371335
0.0364304 -0.765178 -0.395369
-0.350308 -0.867613 -0.269235
-0.0365525 -0.141109 0.375709
-0.0365525 -0.771171 -0.262081
-0.0365525 0.152856 -0.402011
0.0364304 -0.692742 0.448815
0.330899 -0.998608 -0.130232
0.132958 1 -0.194628
-0.164715 -0.998608 -0.101425
0.0364304 0.265119 0.0723634
0.0364304 -0.460192 -0.436669
0.14306 1 -0.0241425
0.211708 1 -0.050515
-0.0365525 -0.321652 -0.264955
-0.0365525 0.0555258 -0.398581
-0.0365525 0.573955 0.401339
0.118346 -0.998608 -0.107259
-0.0365525 0.0329197 0.219878
-0.0365525 0.227667 0.434661
-0.101707 -0.867613 0.281679
0.0364304 -0.184514 0.196702
-0.133182 1 0.315485
-0.0365525 -0.247128 -0.208776
0.0611501 1 0.122146
-0.325643 -0.867613 0.250004
-0.0365525 -0.106532 0.152173
-0.0365525 0.439234 -0.0997678
-0.372388 -0.868417 -0.467194
-0.364565 -0.998608 0.0179816
0.0364304 0.69324 -0.210976
0.0321974 -0.998608 -0.342071
0.0364304 0.730368 -0.209081
-0.0365525 0.379707 0.128407
-0.193503 0.869005 0.164265
-0.0661508 -0.998608 -0.248757
0.0364304 0.452323 0.261706
-0.0262928 0.0319511 -0.467194
-0.356256 0.869005 0.385868
-0.0738083 -0.867613 -0.174595
0.0364304 0.321077 -0.253549
-0.274874 -0.867613 0.0415836
-0.0365525 -0.503391 -0.361283
0.0364304 0.284593 0.261201
0.0364304 -0.583763 -0.201571
-0.000391085 0.628609 0.468484
0.0364304 0.0354956 -0.3241
-0.0365525 0.70157 -0.39686
-0.0771786 0.869005 -0.327043
0.379121 -0.998608 -0.10123
0.0364304 -0.609215 0.230069
0.0364304 0.360413 -0.252354
0.0725279 -0.867611 -0.162769
0.0364304 0.289736 0.125503
-0.233047 0.891999 -0.467194
-0.0860859 0.869005 0.377899
0.195907 1 -0.23885
-0.0365525 0.0858817 0.158846
0.0364304 0.584687 -0.0403222
-0.320595 -0.867613 -0.353347
0.046082 -0.998608 -0.25802
0.292623 -0.867613 0.364178
0.0364304 -0.434338 0.130242
0.338992 1 -0.444141
-0.0365525 0.0305864 0.0757549
0.0364304 0.792384 -0.465208
-0.070497 -0.998608 0.0757388
-0.340686 -0.998608 -0.403325
-0.0365525 -0.121133 0.0110994
-0.0365525 -0.600087 -0.218794
-0.0365525 -0.439885 -0.420878
-0.31337 0.869005 -0.00212844
-0.166576 -0.998608 -0.425999
-0.0365525 0.347776 -0.321164
-0.390239 0.942207 -0.220127
0.255938 1 0.0250063
-0.0340159 -0.172885 0.468484
-0.0365525 -0.133417 0.259667
0.0364304 -0.471402 0.190463
-0.390239 0.945975 0.278905
-0.0365525 0.727289 0.215844
-0.0365525 -0.461924 0.191486
-0.0365525 -0.663464 0.227571
-0.0365525 -0.0297018 -0.254354
-0.0365525 0.724693 0.362754
-0.251008 -0.974934 -0.467194
-0.101531 0.869005 0.107684
0.0164681 0.87667 0.468484
0.370543 -0.867613 0.446723
0.0364304 -0.224003 0.155353
0.0364304 0.772931 -0.14142
0.0364304 0.122182 -0.323921
-0.0338358 -0.550996 -0.467194
0.390117 -0.875064 -0.0259479
-0.0444779 0.855221 -0.423698
0.0364304 0.804505 -0.0332723
0.144324 0.869005 0.363413
-0.0365525 -0.42374 -0.12078
0.370084 0.869005 0.0275445
-0.340427 0.869005 0.353685
-0.0365525 0.165669 0.200438
0.343762 0.869005 -0.395664
-0.0258403 0.584228 -0.467194
0.226683 -0.867613 0.391171
0.222587 -0.998608 -0.334277
-0.0365525 0.271165 0.305078
-0.0125014 -0.804777 -0.467194
-0.0365525 0.246157 -0.220726
-0.0365525 -0.590527 0.309632
0.311903 0.869005 0.387751
-0.0365525 0.314503 0.425776
0.0364304 0.0533501 -0.279064
-0.00419927 0.392662 -0.467194
0.197509 0.869005 -0.338435
-0.312388 0.869005 0.0510689
0.0505217 -0.859929 0.358175
0.0364304 0.366414 -0.106469
-0.0365525 -0.0730642 0.139427
-0.343355 0.869005 0.0281264
-0.0198312 0.2353 -0.467194
-0.342308 1 -0.255984
0.0364304 0.738148 -0.382929
-0.0365525 0.155849 0.261271
0.0471783 -0.998608 0.110539
0.0364304 0.530864 -0.461263
-0.361056 0.869005 -0.122942
-0.0264268 1 0.344068
-0.0365525 0.762331 -0.346592
0.390117 -0.89746 0.0486526
-0.0365525 -0.288648 0.371358
0.0364304 -0.560687 -0.0334371
-0.0365525 0.326605 -0.441197
-0.0365525 -0.0651087 -0.250333
-0.179547 -0.998608 -0.32423
0.191734 -0.867613 -0.201532
-0.390239 -0.935113 -0.118152
0.0151976 -0.852444 0.468484
0.142648 0.902639 0.468484
-0.14898 -0.998608 0.226788
0.0364304 0.0169992 -0.286177
0.390117 -0.890155 -0.460079
0.3441 -0.998608 0.204884
0.0364304 0.278782 -0.227798
-0.0365525 -0.5 -0.062739
0.295151 0.869005 0.432162
-0.0365525 0.422166 -0.0123479
-0.0365525 0.179381 -0.366429
0.0364304 0.757431 0.400684
-0.295225 0.869005 0.180354
0.0364304 0.743255 -0.297322
0.0364304 0.13613 0.247418
-0.0365525 0.518925 -0.15013
-0.0365525 0.0139381 -0.0243118
0.0364304 0.298748 -0.307838
-0.343588 1 -0.1393
0.191291 -0.998608 -0.0440752
-0.0365525 -0.402581 -0.269128
0.390117 -0.98854 -0.233031
0.370999 0.869005 0.43192
-0.166983 -0.998608 -0.150892
-0.261717 0.869005 -0.404415
-0.298343 1 -0.160876
0.24204 0.892362 0.468484
0.0717306 -0.998608 -0.410849
0.338985 0.869005 0.217395
0.0364304 0.406681 0.404462
0.0132329 -0.209232 0.468484
0.282911 -0.909094 -0.467194
-0.251027 0.869005 0.189857
-0.138591 0.941406 -0.467194
-0.209984 -0.867613 -0.328134
-0.357449 -0.998608 0.141446
-0.0365525 0.643211 0.140929
0.0364304 0.667593 -0.305295
-0.0365525 -0.637388 -0.169866
0.0364304 -0.681992 0.286276
0.233071 0.869005 -0.246552
0.170061 -0.867613 0.283335
-0.0365525 -0.0707411 -0.175679
0.0364304 -0.665133 0.405377
-0.253234 1 0.0489502
-0.0365525 -0.20085 -0.218614
0.0364304 0.234118 -0.215624
-0.0365525 0.10506 0.356635
0.0364304 0.421029 0.241012
0.0364304 0.594301 0.0939983
-0.0365525 -0.33835 0.339402
0.22012 0.979296 0.468484
0.390117 -0.882987 0.405888
-0.00817917 1 0.398097
0.0364304 0.732528 0.384237
-0.0365525 -0.714475 0.204818
0.0364304 0.263882 -0.421168
0.112499 1 0.300783
0.278784 -0.867613 0.463223
0.232765 -0.994052 0.468484
-0.317484 -0.867613 0.204563
0.0580154 -0.864429 -0.0207502
-0.232485 1 0.45532
0.0364304 0.158258 -0.0670891
-0.0365525 0.264758 0.388074
0.0364304 -0.739942 -0.0773591
0.0951722 1 0.0388697
0.0364304 -0.513724 0.0941388
-0.0365525 -0.480619 -0.418745
-0.0365525 -0.54696 0.0603994
0.0364304 -0.233603 -0.352651
-0.0365525 -0.105831 -0.0640553
0.186951 0.869005 -0.04528
-0.0365525 0.387093 0.00922652
0.235172 -0.998608 -0.37221
0.0747958 0.869005 0.209968
0.0364304 -0.451289 0.331045
-0.0199925 -0.639562 -0.467194
-0.0365525 0.313402 -0.289693
0.0256162 1 0.260653
-0.100536 -0.867613 -0.0426081
-0.229487 -0.867613 -0.236637
0.0238598 -0.998608 -0.0546347
0.390117 0.954246 0.126687
0.0364304 0.717274 0.0887779
-0.00322474 -0.899406 -0.467194
0.0364304 0.389582 -0.0515102
-0.00248515 -0.474286 0.468484
0.0121958 0.58607 0.468484
-0.264907 0.869005 0.0571239
-0.0365525 0.0774474 -0.0749738
-0.0365525 -0.266086 -0.463899
0.330313 0.869005 0.0765313
-0.0365525 -0.235176 -0.0373825
-0.0365525 0.597975 0.142337
-0.188156 0.869005 -0.203234
0.0364304 -0.274621 -0.23179
-0.0365525 0.730935 -0.223366
-0.390239 0.898118 -0.135036
-0.0815102 -0.867613 0.443721
0.0364304 -0.112528 0.397482
0.0364304 -0.635011 -0.354494
0.0265047 -0.404434 -0.467194
-0.316677 1 -0.118686
-0.0365525 -0.243351 -0.310188
0.09968 -0.998608 -0.385384
0.0364304 0.564704 0.230091
0.0364304 -0.150267 -0.26099
-0.365079 -0.998608 0.193066
-0.169348 -0.998608 -0.369822
0.132573 -0.998608 -0.0167214
-0.0365525 0.498378 -0.312877
0.110959 -0.867613 -0.32643
0.353748 -0.867613 -0.408284
0.0364304 0.338816 -0.0775952
0.367404 0.869005 -0.401009
-0.157261 0.869005 0.192084
-0.0365525 -0.228147 0.321233
-0.362218 1 0.364102
-0.191806 1 -0.195849
-0.0264411 -0.599967 0.468484
0.156972 0.869005 -0.104567
0.165883 -0.998608 -0.436902
-0.0365525 0.589543 0.00717681
-0.107888 -0.867613 -0.000769004
0.206214 -0.867613 0.186293
0.0364304 0.80263 -0.366428
-0.0377577 -0.840422 0.287524
-0.390239 -0.976502 0.036814
0.0805778 -0.998608 0.222741
-0.302317 -0.880623 0.468484
0.0364304 0.25261 0.226114
-0.358191 1 0.255017
0.0364304 0.477034 -0.0967703
0.296994 1 -0.129842
0.0364304 0.612657 0.0727384
0.255652 0.869005 0.0541516
-0.0365525 0.334761 0.000739863
-0.216461 0.869005 -0.370525
-0.152649 -0.867613 0.283768
-0.0365525 -0.483286 0.14567
0.251245 0.869005 0.0129271
0.0680824 -0.998608 0.178341
0.0764831 1 0.321936
-0.0365525 0.280809 0.00739838
0.0364304 0.216209 0.108434
-0.0393936 0.904753 0.468484
-0.34441 -0.912825 -0.467194
0.0364304 -0.440204 -0.379707
0.0364304 0.613097 -0.356717
0.0758697 -0.998608 -0.127171
-0.0306924 0.797397 0.468484
0.0364304 -0.618125 0.255622
-0.264272 0.869005 -0.358881
-0.0365525 -0.82112 0.0631655
0.107659 0.973602 0.468484
-0.390239 -0.884986 0.354674
-0.390239 -0.965841 0.262913
-0.24675 1 -0.431515
0.332459 -0.867613 -0.236806
-0.0365525 0.529284 -0.198205
0.121871 -0.867613 -0.0880914
0.214019 1 0.163847
-0.0365525 -0.10166 -0.27601
-0.0365525 0.0371665 0.166384
-0.0365525 0.786312 -0.246468
-0.0365525 -0.398547 -0.0364331
0.0670398 0.868528 -0.283577
0.0364304 -0.291009 0.00742965
0.0364304 -0.561003 -0.388
0.390117 0.917608 -0.162743
0.390117 -0.888287 0.0140029
-0.122519 0.869005 -0.396318
-0.259656 -0.998608 0.400492
-0.366346 -0.96152 -0.467194
-0.108475 -0.958721 -0.467194
-0.0365525 0.828164 -0.264848
0.0364304 -0.496368 0.254113
0.0364304 0.402892 0.0753368
0.313523 0.96599 -0.467194
-0.0365525 -0.43673 0.330213
0.390117 -0.867694 0.190574
0.37711 0.997615 -0.467194
0.0364304 -0.316148 0.179415
-0.0365525 -0.378443 0.307825
0.00171513 -0.135204 0.468484
-0.0365525 -0.548164 0.104287
-0.0365525 0.75972 -0.149217
0.102448 1 -0.0433152
0.0364304 0.719722 -0.360741
-0.0475912 -0.896774 -0.467194
0.0364304 -0.69032 -0.140194
-0.0365264 -0.998608 -0.3369
-0.125032 1 0.213836
-0.289632 0.869005 -0.352063
0.303311 -0.998608 0.415235
0.390117 -0.877839 -0.333705
0.0364304 -0.488687 -0.315399
0.0364304 -0.409478 0.370869
0.0364304 -0.737434 -0.298158
-0.180564 -0.998608 0.199304
-0.0811517 1 0.243526
-0.180039 -0.867613 0.193215
-0.0365525 -0.504903 0.315517
0.112898 -0.867613 0.414012
0.236408 1 0.360729
-0.0365525 0.414924 -0.323345
0.0364304 -0.662005 0.110744
-0.0365525 0.733944 -0.311413
-0.103794 -0.968782 0.468484
0.22167 -0.998608 0.110752
-0.208998 -0.998608 0.0150155
0.242711 -0.867613 0.340103
0.0364304 0.213879 -0.437769
0.332745 0.869005 0.297176
-0.0365525 -0.0835698 -0.0176284
0.0277777 1 0.444133
-0.225596 -0.867613 0.402654
0.0364304 -0.461667 -0.284066
0.352932 -0.998608 0.419501
-0.0365525 -0.139621 -0.198571
0.0444557 -0.867305 -0.467194
-0.37927 -0.998608 -0.00916579
0.330991 0.869005 0.25161
0.0364304 -0.310459 -0.0318629
0.0723304 0.869 -0.204817
-0.0365525 -0.300264 -0.155758
0.0364304 -0.607188 0.393704
-0.0365525 -0.175276 -0.165754
0.0364304 0.735419 -0.0639885
-0.0365525 0.239384 -0.125437
0.0364304 -0.241784 -0.218884
-0.0713545 -0.995197 0.468484
-0.130484 1 0.00548874
0.0364304 -0.772744 0.153434
0.0364304 -0.307055 -0.335269
-0.0365525 -0.750964 -0.186593
0.372313 1 0.327
0.161565 0.869005 -0.146817
-0.0365525 -0.488669 0.189601
0.000154454 -0.998608 0.0364206
-0.138518 1 -0.327718
0.390117 -0.918616 0.192941
-0.0145137 0.0907617 -0.467194
0.0364304 -0.368443 0.41226
0.373585 0.90124 -0.467194
-0.0365525 0.388353 -0.399059
0.348345 -0.998608 0.372023
-0.0365525 -0.228918 0.0507876
0.055006 -0.862912 0.207932
0.390117 -0.893446 -0.421578
0.0364304 -0.00336277 0.0870663
0.389407 -0.998608 0.245942
0.369523 -0.867613 0.153658
-0.008344 -0.998608 0.408895
-0.0365525 -0.428652 0.420905
-0.255607 -0.867613 -0.151174
0.386671 -0.978977 0.468484
0.365221 -0.867613 -0.0495845
-0.0365525 0.0146739 -0.442608
-0.000470791 -0.589204 0.468484
0.323806 0.869005 -0.186605
-0.261559 -0.902951 -0.467194
0.374707 -0.998608 0.102641
-0.136271 -0.998608 -0.119683
0.099541 -0.998608 0.433632
0.0364304 0.0708606 0.317018
0.165168 1 0.154528
-0.196741 1 -0.436438
0.177658 -0.998608 -0.36107
-0.302565 -0.998608 0.133953
0.0364304 -0.385878 0.454232
0.0364304 0.499353 -0.260754
-0.0365525 0.238929 0.0199207
-0.0365525 0.67361 -0.334094
0.0286045 1 -0.0861805
0.0364304 0.16868 -0.295061
-0.0365525 0.468116 0.250631
-0.0365525 -0.740517 -0.0239866
0.28275 -0.867613 -0.302145
0.390117 -0.989589 -0.186218
-0.361514 0.869005 0.00400469
-0.0365525 -0.607462 -0.431169
0.390117 0.89394 -0.00509576
0.0364304 -0.187039 -0.286877
0.0661938 1 0.292651
-0.0365525 -0.364283 -0.339726
-0.0318224 1 -0.461146
-0.158092 0.869005 0.130975
0.0364304 0.0089158 0.377118
-0.159753 1 -0.0923966
0.0364304 0.603488 0.00333729
-0.355371 -0.867613 -0.323728
0.0364304 0.587244 0.269534
-0.390239 -0.977373 -0.0916444
0.390117 0.973318 -0.182784
-0.0691486 -0.867404 0.000279332
0.0364304 -0.0443581 -0.213595
-0.0365525 0.769369 0.288192
-0.320262 -0.867613 0.378321
-0.232834 1 0.316317
0.0364304 0.206665 0.296814
0.0364304 0.819601 0.0439999
-0.0365525 -0.197014 0.227076
-0.0365525 -0.207375 0.372195
0.0995821 0.970978 -0.467194
-0.109152 -0.867613 0.371083
0.0364304 0.450736 0.0728463
0.211518 0.869005 0.0496505
0.363309 -0.998608 -0.301714
0.0364304 -0.793954 0.129448
0.0364304 -0.168204 -0.22307
0.255605 1 0.140266
0.390117 0.960958 0.0627485
0.108919 0.869005 0.396777
-0.115463 -0.867613 -0.111867
-0.0365525 -0.81327 -0.319394
-0.0365525 0.0840884 0.116221
-0.0350954 0.0559698 -0.467194
-0.146487 0.869005 0.435632
-0.0365525 0.199225 -0.279642
-0.0365525 0.630231 -0.446294
0.0364304 0.419296 0.343532
0.00922157 1 -0.42669
0.389947 -0.867613 0.245731
-0.379556 1 0.227311
-0.0365525 0.763445 0.0579985
0.0364304 -0.700393 0.249407
0.0364304 -0.22255 0.230444
0.0943002 -0.998608 0.308238
-0.0130584 0.208638 -0.467194
-0.390239 0.927968 -0.445939
-0.390239 0.920294 0.406136
-0.0365525 -0.61284 0.100363
-0.146358 -0.998608 -0.379895
0.366026 0.869005 0.163517
-0.0365525 -0.732272 -0.306765
0.0532449 1 -0.299376
0.101923 -0.998608 0.182212
-0.352617 -0.867613 0.0315916
-0.0842633 1 -0.389596
-0.0365525 -0.503258 -0.447324
-0.0365525 0.546474 0.241531
-0.390239 0.922849 0.17196
-0.0322318 -0.758587 0.468484
-0.0365525 -0.629035 -0.270295
0.308153 -0.867613 -0.19107
-0.0365525 0.615878 0.464747
0.133099 1 -0.451339
-0.32175 1 -0.381813
0.303408 -0.867613 -0.32494
0.0364304 -0.577785 -0.450236
0.100718 1 0.109154
0.0364304 -0.764945 -0.0551733
0.307638 1 0.18957
-0.390239 0.891685 0.445189
0.0452396 -0.854898 0.278154
0.0275502 0.74314 0.468484
0.216585 -0.998608 0.429405
0.241671 1 0.198622
-0.390239 0.977339 -0.171699
0.390117 0.926678 -0.249435
-0.0590141 -0.864808 0.403539
0.0364304 -0.342517 -0.308155
0.347423 0.869005 -0.444304
0.268528 -0.867613 -0.347669
0.390117 -0.931371 0.0204716
-0.0365525 0.176718 0.105408
-0.0365525 0.388381 -0.441819
0.390117 0.890835 0.0783339
-0.0255057 -0.748161 -0.467194
-0.289103 -0.867613 0.22181
-0.0365525 0.258914 -0.0206497
-0.0711213 0.981766 -0.467194
-0.0365525 -0.597024 0.433208
-0.0656257 -0.866851 0.268219
0.0364304 0.643403 -0.375999
-0.390239 0.923329 0.355232
-0.0676969 -0.948232 -0.467194
-0.341537 0.869005 0.309636
-0.0365525 0.764852 0.179972
0.264158 0.993357 0.468484
0.0373699 -0.839348 -0.131004
-0.0274444 -0.998608 0.457152
-0.0365525 -0.00360845 -0.216084
0.0364304 0.0595248 -0.215897
0.274131 -0.867613 0.0767421
-0.120873 1 0.414929
-0.0308448 1 -0.0417228
-0.0365525 -0.817803 -0.0799786
-0.0365525 -0.406116 0.0898311
-0.0365525 0.346644 -0.2492
0.390117 -0.966301 0.0286331
-0.390239 0.89191 -0.454496
0.390117 -0.902139 0.448422
0.151629 -0.998608 -0.103645
0.293443 0.933579 -0.467194
-0.002891 -0.998608 0.269624
0.0364304 0.476071 -0.377133
0.235058 0.869005 -0.16998
-0.390239 -0.869823 -0.0999659
0.131789 0.869005 -0.0184159
-0.000888564 -0.998608 -0.239735
0.0364304 -0.692601 0.421625
-0.0365525 -0.700088 0.463858
0.154955 1 -0.150771
-0.188462 0.869005 0.0269543
0.339552 0.869005 0.0291614
0.0473994 0.858595 0.140914
0.0364304 -0.192389 0.323719
-0.0365525 -0.417871 -0.0980296
0.0364304 0.192819 -0.351688
0.0364304 0.422852 -0.0593704
-0.261256 -0.867613 0.321082
-0.390239 -0.893188 -0.289502
-0.037331 1 -0.257317
0.390117 0.972343 -0.283423
0.0364304 0.788107 0.10999
-0.293433 0.869005 -0.199173
-0.289166 -0.867613 -0.0643933
-0.0365525 -0.669774 0.0915738
0.0364304 -0.529604 0.0423432
0.0364304 -0.580043 0.231385
0.362549 0.869005 -0.0606134
-0.0633256 -0.866295 0.183756
0.0364304 0.691794 -0.303084
0.0120255 0.482785 -0.467194
0.0364304 0.683741 0.123195
-0.0365525 -0.0144893 -0.104675
-0.039716 -0.998608 -0.309296
0.390117 -0.920659 -0.42011
0.0364304 0.297565 0.0355304
-0.0365525 0.239701 -0.397076
-0.0365525 0.605687 -0.404442
0.149569 -0.998608 0.0725003
-0.0365525 -0.762587 0.305578
-0.0365525 0.544495 0.331294
-0.0365525 0.311919 -0.313218
-0.0650177 1 -0.0772594
0.0364304 0.544808 0.355777
0.28688 -0.998608 0.0128452
-0.111999 -0.867613 0.253672
-0.0365525 0.0351825 0.291121
-0.0365525 0.127229 0.182764
-0.122185 0.869005 -0.232743
0.117295 1 -0.254713
0.390117 0.999003 -0.145354
-0.0365525 0.360294 0.419377
-0.0365525 0.0804314 0.184444
-0.0365525 0.571985 0.183318
0.0413674 1 -0.141895
0.0364304 -0.581507 -0.0735498
-0.390239 0.890215 -0.0701399
-0.0365525 0.126135 -0.21295
0.0364304 0.457601 -0.299606
0.0364304 -0.240965 0.028181
-0.0115284 -0.438125 -0.467194
0.0364304 -0.147706 -0.127845
-0.0365525 -0.45925 -0.338603
0.0364304 -0.20225 0.0875215
0.0364304 0.135537 -0.161409
0.390117 -0.869756 0.350054
-0.23369 0.869005 0.353389
-0.0365525 -0.728956 0.22906
-0.129674 0.894093 -0.467194
0.0364304 -0.614254 0.342679
0.327642 0.869005 -0.0354771
-0.0365525 0.820611 0.138723
0.330564 0.869005 0.346182
-0.0365525 -0.258414 0.111934
-0.296386 1 -0.429579
-0.0365525 0.233213 0.163385
-0.100148 -0.867613 -0.0748868
-0.0365525 -0.823575 0.2096
-0.0365525 -0.0434238 0.0820675
0.125027 0.869005 0.444805
-0.333676 0.869005 -0.227906
0.0364304 0.694854 0.391048
-0.0547428 0.998057 0.468484
-0.0365525 0.440867 -0.0490881
-0.0365525 0.0634981 0.262303
-0.377264 0.869005 0.272561
0.0364304 -0.207956 -0.0897533
0.0364304 -0.254642 0.328762
-0.0365525 0.447207 -0.127214
0.0364304 0.144003 -0.200023
-0.0365525 -0.314275 -0.440101
0.139922 1 0.189346
0.0364304 -0.166008 -0.0924302
0.266147 -0.998608 -0.171782
-0.0365525 0.143177 0.304852
0.185035 0.869005 0.289027
0.378326 -0.867613 -0.24613
0.0364304 -0.138318 0.139877
0.220718 1 0.264507
0.0364304 -0.765824 0.300336
0.0364304 -0.657868 -0.0705642
-0.0533108 -0.861817 0.078046
-0.0365525 -0.0448128 -0.382315
0.0364304 -0.0099494 0.269935
-0.0365525 -0.498723 -0.111942
0.151569 -0.998608 -0.14483
0.0364304 -0.767155 -0.444679
0.0364304 0.0770309 -0.137797
-0.0857582 -0.867613 0.0671335
0.0364304 -0.0666124 -0.399233
-0.19164 -0.998608 -0.0182389
-0.0365525 -0.452067 0.42395
-0.0390961 0.845899 -0.069148
0.390117 0.923829 0.150375
-0.309594 1 0.196525
-0.184927 -0.998608 0.136125
-0.27726 -0.867613 -0.410572
0.00856504 0.286712 -0.467194
-0.36586 1 -0.161157
-0.0365525 -0.733817 0.334983
-0.305164 -0.867613 0.0335752
0.179506 -0.867613 -0.365279
0.0364304 0.482069 0.117501
0.148405 -0.867613 -0.140138
0.208265 0.980566 -0.467194
-0.390239 -0.871526 0.282467
-0.0365525 -0.149265 0.224084
-0.0365525 0.610001 -0.0909321
0.0364304 -0.0185722 -0.197944
-0.296921 1 0.151739
-0.0365525 0.813165 -0.41122
0.0435993 1 0.417473
0.0364304 -0.535915 -0.40398
0.22672 0.869005 0.140629
0.0364304 -0.589128 0.371853
-0.0365525 0.504989 0.0766574
-0.0683463 0.868701 0.461521
-0.0365525 0.330568 -0.0558533
-0.0365525 0.761499 0.0861738
0.0364304 -0.210119 -0.142072
-0.390239 0.91329 0.10332
-0.0365525 0.454982 0.00973319
0.390117 -0.88101 -0.39823
0.14642 -0.998608 0.00759649
-0.0365525 0.561328 0.129461
-0.05203 0.93491 -0.467194
-0.184188 -0.998608 0.292607
0.0364304 0.697929 0.0733349
0.204287 0.869005 0.382781
0.0364304 -0.798422 -0.410881
0.0364304 -0.282675 0.330765
0.0156907 -0.0478375 -0.467194
0.0447567 -0.998608 0.435237
0.0364304 -0.116573 -0.242745
-0.16662 0.869005 0.248165
0.00912808 -0.525353 0.468484
-0.0365525 0.601469 0.0540847
0.390117 0.895102 -0.431668
-0.0365525 0.394809 0.369886
0.0364304 -0.66568 -0.429708
-0.142284 -0.914099 -0.467194
0.0943492 0.869005 -0.288065
-0.0365525 -0.502257 0.166024
0.0364304 0.564319 0.0819755
-0.0177855 -0.0066472 -0.467194
0.0364304 -0.104766 -0.191893
0.0364304 -0.401643 0.0349884
0.0243682 0.307246 0.468484
0.390117 -0.913856 0.323841
-3.31919e-05 -0.998608 -0.0805673
0.0815028 -0.998608 -0.348412
-0.390239 -0.940603 0.06634
0.170362 -0.867613 0.121557
-0.266929 -0.998608 0.444068
-0.0365525 0.789162 -0.00813211
-0.387858 -0.998608 -0.182366
0.0364304 -0.199169 -0.369433
-0.0365525 0.520497 -0.414061
-0.390239 -0.883359 -0.430591
-0.0200139 -0.998608 0.139934
-0.0365525 -0.211603 -0.412074
-0.19296 0.869005 -0.296071
0.103984 1 0.207104
-0.0524542 0.862642 0.343613
0.0364304 0.165652 -0.118691
0.0364304 -0.339545 0.269741
-0.0365525 -0.292233 -0.203241
0.0364304 -0.607747 -0.111917
-0.201466 -0.867613 0.359845
-0.0365525 0.747914 0.14391
0.0574916 1 -0.204013
0.349605 1 -0.29405
-0.0365525 0.421922 -0.366461
-0.263115 -0.998608 0.256069
0.0364304 -0.116402 0.169659
-0.0365525 0.509168 -0.175492
0.11766 -0.987118 0.468484
0.0364304 0.184489 0.181558
-0.0164813 -0.361168 -0.467194
0.23141 -0.972007 -0.467194
0.0364304 -0.38708 0.118253
-0.288551 -0.867613 -0.115291
-0.0365525 -0.77367 0.0847567
-0.0365525 -0.207355 -0.325578
-0.0365525 -0.377369 0.129112
0.0364304 -0.458512 0.428062
-0.390239 0.889739 0.157028
-0.293271 -0.998608 -0.0699874
-0.0365525 0.667725 -0.421821
0.0364304 -0.0441408 -0.382731
0.0364304 -0.768543 -0.329941
-0.0365525 0.673751 -0.0698795
0.0617019 1 0.365096
0.19591 1 -0.450482
-0.0365525 -0.305766 0.319124
0.0364304 -0.538562 0.218651
0.0364304 0.253947 0.115149
-0.168095 0.869005 -0.214788
-0.129752 -0.867613 -0.335095
-0.129567 -0.867613 -0.188286
0.267274 -0.998608 0.364451
0.0364304 0.228378 -0.252237
0.189785 -0.867613 -0.122338
0.272091 -0.998608 -0.0905621
-0.204569 1 -0.0460601
-0.0365525 -0.786547 -0.0302457
-0.187887 1 -0.268857
-0.383334 0.869005 0.410884
0.0364304 0.215345 0.38236
-0.0365525 -0.532005 -0.348143
0.390117 -0.918488 0.366385
-0.15204 -0.867613 0.0365328
-0.0365525 0.118303 -0.239132
0.0364304 0.783978 0.43585
0.0143162 0.12179 -0.467194
0.0364304 0.480241 0.0155781
-0.24647 -0.998608 -0.206639
-0.249384 -0.998608 -0.27429
-0.076065 1 -0.18036
0.0399442 0.848137 0.0592098
-0.176335 -0.867613 -0.2549
0.0174574 -0.556512 -0.467194
-0.0365525 0.646731 -0.109433
-0.280767 -0.867613 0.178125
0.0640271 -0.92047 0.468484
-0.0365525 0.314923 0.213289
0.202884 -0.998608 0.00180578
-0.390239 0.896389 0.305881
-0.0365525 -0.666965 -0.215313
-0.169326 1 -0.234054
0.0364304 0.617819 -0.163131
-0.0410743 0.850108 -0.34319
-0.367367 -0.867613 0.215307
0.390117 -0.917651 -0.122691
-0.0365525 0.0645893 -0.314062
-0.0365525 -0.131081 0.35371
0.331822 -0.867613 -0.383536
0.329133 -0.963717 0.468484
-0.366062 1 0.0193349
-0.0365525 -0.301918 -0.356028
-0.0577075 0.865626 -0.24505
-0.279609 -0.998608 -0.379106
-0.0365525 -0.632272 -0.196892
-0.0365525 -0.0335323 0.315769
-0.0365525 0.191373 -0.0124816
-0.0786095 -0.867613 0.115166
0.331676 -0.867613 0.00439885
-0.317938 1 -0.407526
-0.0365525 0.393289 0.178503
0.0364304 0.781719 -0.271262
0.3782 0.869005 0.351318
0.0364304 -0.336003 0.0869197
-0.0365525 0.351256 0.162591
0.390117 -0.997342 0.276636
-0.0365525 -0.384306 0.332163
-0.275904 1 -0.0808264
0.212793 1 0.222213
0.0364304 0.076237 -0.345413
-0.0365525 -0.679056 -0.0294384
-0.142816 -0.998608 0.179766
-0.0365525 0.108926 0.159515
-0.0365525 0.132942 -0.167062
0.272148 -0.867613 0.214519
-0.0365525 0.343216 -0.191173
-0.0365525 -0.109816 -0.448008
0.162585 -0.998608 0.390969
-0.0365525 0.67566 0.228377
-0.0365525 -0.674622 -0.253525
0.0364304 0.390989 -0.0934643
0.0364304 0.373381 0.337572
0.146424 -0.867613 0.331059
-0.0365525 -0.802845 0.24341
0.0364304 -0.608743 0.17679
-0.0365525 0.105832 0.0750343
0.191418 0.94 0.468484
-0.0365525 -0.700975 -0.417675
0.0364304 0.761621 -0.342606
0.0364304 -0.408747 0.297513
-0.0365525 0.781938 0.266681
-0.142392 0.869005 -0.143244
0.0364304 0.530514 -0.192253
-0.0365525 0.120828 -0.0410727
-0.0526364 -0.861373 -0.256848
0.0364304 -0.0974264 0.241343
0.0969673 -0.867613 -0.0474372
-0.0365525 0.745608 0.00303926
0.0364304 -0.240837 0.261302
0.0364304 -0.478576 -0.34114
0.0364304 0.511053 0.0205296
-0.0365525 0.0249635 -0.20446
0.0364304 -0.00789126 -0.418763
-0.0365525 0.223768 -0.0563177
0.0364304 0.76239 0.263451
-0.0365525 0.219912 0.0594492
0.0364304 -0.27517 0.467045
-0.170501 -0.998608 -0.282649
0.0364304 -0.266797 -0.0177212
-0.390239 -0.894343 0.0557958
-0.255829 1 0.409882
-0.254037 0.869005 -0.0566083
-0.0365525 0.315905 -0.389666
-0.390239 0.977366 -0.106814
0.0364304 -0.369715 -0.240234
-0.0365525 -0.140904 -0.346094
0.0364304 0.159573 0.451135
-0.0365525 -0.239375 0.158588
-0.0365525 0.650023 0.37735
0.0364304 0.550893 -0.133118
0.19737 -0.998608 0.126447
-0.335332 0.971443 0.468484
-0.0378344 -0.840708 0.413019
0.0364304 0.701464 -0.0455908
-0.0365525 -0.0879093 -0.193853
-0.390239 -0.960941 -0.411646
-0.126619 1 0.0986432
-0.0365525 -0.606713 0.0482188
-0.358466 -0.867613 -0.365321
-0.272031 -0.998608 -0.090985
0.242984 -0.998608 -0.465963
0.0364304 -0.638746 0.311776
-0.228962 0.879655 0.468484
0.0364304 0.661251 -0.390998
0.0364304 0.379083 -0.315336
-0.390239 0.902203 -0.280103
0.0364304 -0.114254 0.334495
-0.0365525 -0.738855 -0.225445
-0.0365525 0.270118 -0.312061
-0.244343 -0.998608 -0.0664658
0.0124941 -0.998608 -0.100714
-0.0365525 0.173376 -0.318391
0.0364304 -0.192184 0.401407
0.0364304 -0.812295 -0.0237342
0.0364304 -0.768787 0.0597546
0.0364304 0.546466 -0.00968124
0.0364304 0.376294 -0.145814
-0.0476477 1 -0.394916
0.247022 -0.998608 0.31462
-0.0922866 1 0.0656909
-0.0365525 0.0651942 0.145503
-0.0365525 0.505264 0.340828
-0.00601695 -0.998608 -0.00721067
0.0364304 -0.544172 -0.433552
-0.0365525 0.751417 0.226867
0.0364304 -0.0801814 0.219324
-0.157012 -0.867613 -0.159774
0.0153339 0.036946 -0.467194
-0.0365525 -0.610966 -0.320158
0.0315723 -0.188559 0.468484
-0.0365525 -0.195004 0.172117
-0.390239 0.892886 -0.211254
-0.208646 1 0.180507
-0.0365525 -0.355892 0.219113
-0.37448 1 -0.407976
-0.245068 0.939581 -0.467194
-0.0365525 0.638172 -0.200516
0.0966961 0.869005 0.446694
0.390117 0.891674 0.439921
0.175749 -0.867613 0.237317
0.0364304 -0.135743 0.406291
-0.3375 1 0.329238
0.14307 0.869005 -0.0427137
0.0369233 -0.837098 -0.0499721
-0.258641 -0.867613 0.18599
0.340979 -0.998608 -0.43502
0.0364304 0.616278 0.165678
-0.0365525 0.185922 -0.236654
0.359069 0.869005 -0.327092
-0.0365525 -0.0131686 0.122861
-0.390239 0.941691 0.336594
-0.0649822 -0.998608 -0.14425
-0.0365525 0.317183 -0.462038
0.390117 0.892097 -0.116621
-0.0365525 -0.181519 -0.113452
-0.0365525 -0.176214 0.104455
-0.158918 0.891623 -0.467194
-0.0365525 -0.0947319 0.380089
0.0364304 0.167441 0.320909
0.284318 0.922103 0.468484
-0.0365525 0.739244 -0.168107
0.146872 0.869005 -0.280169
-0.0365525 0.406429 0.416528
0.390117 0.930024 0.371759
-0.208914 0.869005 -0.230159
-0.252014 0.869005 -0.322589
-0.108146 1 -0.0882155
0.168325 0.869005 -0.0317194
-0.0365525 0.0545918 0.412093
0.232748 0.869005 -0.0941519
0.0364304 -0.359349 -0.44572
-0.0365525 0.0652047 0.100496
0.170283 -0.998608 0.346799
0.328187 1 0.224201
-0.344844 0.869005 0.183678
0.0364304 0.424465 -0.466327
-0.390239 0.889438 -0.183379
-0.33389 0.869005 -0.362785
0.0262143 -0.998608 0.309232
-0.0365525 0.527119 -0.289507
-0.0365525 0.0798898 -0.437301
0.0198231 -0.0753001 -0.467194
-0.325418 0.869005 0.40167
-0.12132 -0.998608 0.198044
-0.390239 0.923665 -0.0538683
0.168034 -0.867613 -0.0827871
0.0364304 -0.0113669 -0.351698
-0.0126949 -0.998608 0.163564
-0.136343 -0.998608 -0.25989
0.156481 1 -0.417992
0.390117 0.888022 0.395567
-0.0365525 0.705109 -0.302355
-0.181233 1 0.391305
0.0364304 0.454318 0.43962
-0.111055 0.869005 -0.0713723
-0.0365525 0.457678 0.0586562
0.0364325 -0.831516 -0.262002
-0.0546097 -0.998608 0.0310423
0.10579 -0.998608 -0.0467416
0.0364304 0.64994 0.203001
-0.0365525 0.192441 0.424396
-0.390239 0.938075 -0.389845
-0.390239 0.944521 -0.266088
0.0364304 0.085505 -0.29313
-0.0772304 1 -0.355214
0.173358 -0.867613 0.157331
0.34595 1 -0.192628
0.0364304 0.471071 0.401128
-0.0365525 0.61331 0.162704
0.0364304 0.148035 0.0211762
0.0364304 0.476046 0.319733
-0.0365525 -0.0560926 0.0623835
0.0364304 0.626419 -0.323781
0.0337766 -0.998608 -0.215904
-0.0365525 0.13449 0.389072
-0.102842 1 0.305455
0.0364304 -0.330119 0.434867
0.0364304 0.506528 0.0581682
0.198523 -0.867613 0.00164245
-0.016761 0.0892668 0.468484
0.0364304 0.317356 -0.22885
0.196062 0.869005 -0.415236
-0.290642 0.869005 0.444449
-0.0365525 -0.415314 0.342095
-0.210062 -0.998608 -0.351724
-0.0365525 -0.0132304 0.0891904
-0.0365525 -0.283165 -0.426927
0.349141 1 0.278164
0.390117 -0.955448 -0.263847
0.029592 0.227788 -0.467194
0.0322886 1 0.13496
-0.236683 0.986263 -0.467194
-0.0365525 0.323639 0.0513251
0.3611 0.869005 -0.277411
0.0364304 -0.498892 -0.121839
-0.0583935 -0.998608 0.157822
0.0364304 0.167693 0.116525
0.012597 1 -0.0129448
-0.326609 1 0.463023
0.317056 -0.998608 0.28017
-0.331708 -0.867613 -0.0184069
0.0364304 -0.213079 0.436586
0.060777 -0.865532 0.46761
-0.0365525 -0.811721 -0.115214
-0.0365525 0.408779 0.0159529
0.0364304 0.645224 0.376575
0.129179 1 0.0671261
-0.126761 -0.867613 -0.460435
0.271309 -0.867613 0.163297
0.360208 -0.998608 0.340344
-0.0365525 -0.196027 -0.445624
-0.315556 -0.867613 0.0672436
-0.0365525 -0.22943 -0.223144
-0.0365525 -0.120985 -0.287905
-0.0600663 0.86662 -0.271054
-0.0365525 0.0129878 -0.283778
-0.113729 0.869005 0.298341
0.390117 -0.969534 0.333248
0.0867235 -0.998608 -0.208993
-0.0271549 0.488171 0.468484
0.0364304 -0.225366 0.20482
-0.0552787 -0.862996 0.378642
-0.0365525 0.385906 -0.0478304
-0.122216 -0.867613 0.208937
0.0364304 -0.376126 0.340467
-0.0602304 -0.865289 0.0292026
0.0934134 -0.867613 -0.348671
0.188866 -0.89724 -0.467194
0.368435 1 -0.441207
-0.0365525 0.191957 0.234297
-0.0443327 1 -0.138028
0.153043 0.869005 0.317398
0.0364304 0.434921 -0.309121
-0.0365525 -0.394674 -0.303059
0.204931 -0.867613 -0.0724128
0.274695 -0.867613 0.0520879
0.207929 0.869005 -0.00274013
-0.0365525 -0.77168 -0.443313
-0.0365525 0.192914 -0.188366
0.0364304 0.00975883 0.449669
-0.132049 0.869005 -0.0487621
0.0364304 0.358074 0.0290296
-0.0365525 -0.417783 0.151241
-0.0365525 -0.65569 0.00453872
0.0911766 0.869005 -0.0149529
0.250974 -0.998608 -0.208985
0.0364304 -0.438583 0.0282756
-0.0365525 -0.560487 -0.0755784
0.276014 -0.938253 -0.467194
0.235288 1 -0.223704
-0.0365525 -0.358881 0.412235
0.0364304 -0.0848268 -0.239146
-0.0017707 1 0.13847
0.0167523 0.613841 0.468484
0.0148295 -0.998608 0.0822894
0.280987 1 0.214506
0.364458 -0.998608 -0.358098
-0.390239 0.925921 -0.285495
0.297972 -0.998608 -0.376397
0.236339 0.869005 -0.297961
0.390117 0.967596 -0.0443147
-0.31986 -0.867613 0.403531
0.0364304 -0.188817 -0.441353
-0.312215 -0.998608 0.201825
-0.0365525 0.481416 -0.390701
0.0364304 0.244034 -0.0620944
-0.368373 -0.867613 -0.223934
0.262012 1 -0.00360647
-0.0458781 0.856878 0.141748
0.197855 -0.998608 -0.160971
-0.00607656 -0.25297 0.468484
-0.0365525 0.429614 0.186663
0.0782107 1 0.451945
-0.0365525 -0.475717 -0.0995975
0.0364304 0.82551 0.18489
-0.0365525 -0.201306 -0.283442
-0.300292 1 0.0687259
0.0364304 0.0344726 0.198352
-0.0365525 -0.549155 -0.365183
0.297415 -0.998608 -0.26747
0.0364304 -0.696895 -0.282915
-0.0225901 0.179329 -0.467194
-0.117159 -0.998608 0.266091
0.390117 0.884542 -0.340384
-0.0365525 0.589553 0.232381
0.32219 -0.867613 0.29427
-0.0365525 0.599042 -0.183065
0.0364304 -0.58518 -0.11149
0.369076 -0.998608 0.445501
-0.187766 -0.920943 -0.467194
-0.0365525 -0.0101746 0.277633
0.273423 1 -0.289774
-0.0365525 -0.802857 0.00907539
0.0911606 0.869005 0.152282
-0.0365525 -0.465234 0.103444
0.0540113 -0.86233 0.0256804
0.0364304 -0.354898 -0.187277
-0.224702 -0.867613 0.0918413
-0.0585468 -0.864609 0.449946
-0.207403 0.869005 -0.334946
0.14231 0.869005 -0.461847
0.0179929 -0.345283 0.468484
0.226846 0.891986 -0.467194
-0.259916 0.910673 0.468484
-0.0365525 0.696616 0.351151
0.00825728 0.666365 -0.467194
0.0364304 0.250048 0.346872
0.0364304 0.527853 0.395685
0.0528558 -0.8616 0.419769
0.204424 0.869005 -0.130607
-0.198715 -0.867613 0.446135
0.390117 -0.942049 0.362814
-0.0365525 0.226946 0.346393
0.0364304 0.818212 -0.438555
0.0450042 0.913592 0.468484
-0.0365525 -0.103653 0.224789
0.0364304 -0.331085 0.224874
-0.0399688 0.84793 -0.446701
0.358206 -0.867613 -0.103579
0.0117694 0.987967 -0.467194
-0.0257024 -0.885367 0.468484
-0.122075 0.869005 0.34976
0.227959 -0.948411 0.468484
-0.325495 -0.867613 -0.40475
-0.390239 -0.890539 -0.0593336
0.194295 -0.867613 -0.243718
-0.236099 -0.991256 0.468484
0.0364304 -0.726731 -0.129525
0.377673 -0.998608 -0.395596
0.0364304 0.57084 -0.345714
-0.183655 0.893835 0.468484
-0.0365525 -0.579562 0.246247
0.0365151 -0.833607 -0.153355
0.0364304 0.400367 0.312212
0.0175917 1 0.361937
-0.0365525 0.792551 0.391469
0.0266978 0.911138 -0.467194
0.0364304 0.354176 0.188221
-0.0365525 -0.409434 -0.193241
-0.0365525 -0.257102 0.189944
-0.0184032 -0.133193 -0.467194
0.0364304 -0.463213 0.0865914
0.0364304 -0.0482455 0.236805
0.139519 0.869005 0.278634
0.0364304 -0.652634 -0.212154
0.0364304 0.710435 -0.267035
0.20101 0.906403 0.468484
-0.106163 -0.998608 0.310133
-0.139638 -0.867613 -0.0524572
-0.0365525 -0.0331063 -0.129572
0.0365688 0.835689 0.459303
0.369237 0.869005 -0.427598
-0.0365525 -0.344499 -0.119192
0.00981977 0.203786 0.468484
0.145285 -0.942237 -0.467194
-0.390239 -0.98318 0.304518
0.367012 -0.998608 -0.0564334
0.0364304 0.101022 -0.435979
0.337289 -0.998608 0.321174
-0.230824 0.869005 -0.453525
-0.166503 -0.867613 -0.30276
-0.0967982 1 -0.146259
-0.113511 -0.867613 0.44184
0.0364304 0.0473947 0.352834
-0.0365525 -0.298251 -0.313463
0.0216035 -0.998608 0.0295193
0.0364304 0.217719 0.196984
0.250852 1 0.25114
0.0364304 -0.558735 -0.361175
-0.183668 -0.867613 0.163051
0.0364304 -0.0525449 0.0289866
-0.0365525 -0.259296 -0.138514
0.0364304 0.171992 -0.15613
0.189109 0.869005 0.115328
0.315637 -0.867613 0.15288
-0.0365525 0.194608 0.465984
0.0431231 -0.852184 -0.23109
0.0193781 -0.794858 0.468484
-0.0365525 0.815566 -0.365909
-0.0365525 0.661422 0.0732405
0.0844218 -0.998608 -0.0833656
0.0364304 -0.699843 0.320126
0.0364304 0.542201 -0.440365
0.0364304 0.102873 0.297593
-0.242545 0.869005 -0.00905312
0.0961058 1 -0.0891826
-0.0365525 -0.755664 -0.287909
0.174093 1 0.0625721
0.0364304 0.305153 0.210796
0.212349 -0.998608 -0.283386
-0.0355437 -0.791312 -0.467194
-0.0365525 0.573997 0.364842
-0.150566 0.869005 -0.0902766
0.29227 1 0.0386617
0.0364304 -0.419107 -0.275835
0.0364304 0.627913 0.318799
0.0752104 0.872623 -0.467194
0.0364304 -0.612795 0.0124935
-0.0365525 -0.553044 0.184414
0.390117 0.893193 0.165212
0.0364304 -0.105929 -0.288655
-0.0210997 -0.185973 -0.467194
-0.0365525 -0.346163 0.390872
0.0364304 -0.369697 0.0702424
-0.312117 -0.867613 -0.044028
-0.0365525 -0.712539 -0.446353
-0.0365525 0.266884 -0.0996488
-0.279585 0.869005 -0.445323
0.0831043 -0.931883 -0.467194
0.316348 0.869005 0.181535
-0.0365525 0.145786 0.0339171
-0.0365525 -0.272065 -0.223295
-0.330157 1 0.235032
-0.0209324 0.301349 0.468484
-0.182463 -0.867613 -0.225228
0.0364304 0.539652 0.119868
-0.0908684 0.930276 0.468484
0.0364304 -0.411601 0.400609
-0.0317566 1 0.390899
0.0364304 -0.0113311 0.149145
-0.327267 -0.998608 -0.144031
-0.390239 -0.958691 -0.228363
0.0379234 1 -0.181291
-0.155087 -0.867613 -0.0115489
0.0364304 -0.0167154 0.390929
-0.0365525 -0.0751178 0.0146832
-0.0365525 -0.337999 0.142723
-0.13085 -0.998608 -0.193825
0.330529 -0.867613 -0.307418
-0.0365525 -0.782731 0.343553
0.0364304 0.644766 0.444394
0.0364304 0.321342 0.345727
0.125797 -0.998608 -0.413968
0.225656 0.869005 -0.445032
0.0364304 0.541676 0.0786859
-0.0365525 -0.272874 0.0342209
-0.0795326 -0.867613 -0.22085
-0.0365525 0.372534 -0.327621
-0.0365525 -0.428524 0.380978
-0.390239 0.974904 0.424961
-0.0365525 0.345073 0.105596
-0.390239 -0.928151 -0.315219
0.0364304 -0.0420773 -0.162306
0.0364304 -0.253886 -0.380739
0.121092 -0.867613 0.258193
-0.00590819 1 -0.255501
-0.0365525 0.366039 0.283528
-0.0365525 0.156761 -0.0676259
0.0364304 -0.760768 -0.303733
0.123379 -0.998608 0.421938
-0.272884 -0.867613 0.280609
-0.115661 -0.998608 0.357739
0.0515687 0.862105 0.213231
0.0364304 -0.299751 -0.232637
0.135698 -0.867613 -0.0247819
-0.0317354 -0.998608 0.292203
0.390117 -0.97921 0.140148
-0.156907 -0.867613 0.385703
-0.0365525 -0.802263 0.094527
-0.261699 0.869005 -0.135907
-0.0365525 -0.476487 0.278277
0.000777002 0.983722 0.468484
-0.250435 -0.938833 -0.467194
0.067831 -0.867256 -0.39086
0.161929 1 0.442877
0.127178 0.885435 0.468484
-0.0365525 -0.687291 -0.305777
0.0364304 -0.145965 -0.0249585
0.187037 -0.867613 0.311806
0.390117 0.928124 0.00232869
0.0364304 0.206501 0.221731
-0.020107 0.845109 0.468484
0.0364304 -0.763235 0.243692
-0.0365525 0.557858 0.44496
0.0261887 0.329447 -0.467194
-0.320345 -0.998608 -0.284258
-0.0365525 -0.448514 -0.441408
0.0364304 -0.569367 0.348472
0.0364304 -0.624323 -0.298618
-0.10593 -0.867613 0.025497
-0.186655 -0.867613 0.280042
0.0686289 0.868752 -0.356798
-0.0365525 -0.831159 -0.362546
-0.175438 1 -0.442908
-0.0365525 -0.183155 0.272476
0.369156 -0.867613 0.0374887
-0.373525 1 0.140802
-0.0365525 -0.361341 -0.233404
0.213291 0.869005 -0.280006
0.264836 0.97342 -0.467194
0.209277 -0.867613 0.360372
-0.0365525 0.461304 0.0928237
-0.0772379 -0.867613 0.28822
-0.226668 0.869005 -0.163038
0.0894086 -0.867613 0.379162
-0.198568 -0.867613 0.403325
0.0364304 0.431194 0.295395
-0.0365525 -0.534796 0.142803
0.299375 1 0.130969
-0.0365525 -0.627918 0.398166
-0.325922 -0.867613 -0.0920862
-0.0365525 0.483286 -0.33953
-0.260704 1 0.328863
0.109185 -0.873945 -0.467194
0.0364304 -0.423204 -0.234302
0.390117 -0.930321 -0.443521
-0.0753465 0.869005 -0.35747
0.177612 -0.867613 -0.41965
-0.378119 -0.998608 -0.225819
0.11787 -0.867613 0.0228301
-0.0365525 0.209405 -0.156548
0.320895 -0.998608 0.0460618
-0.304103 -0.998608 -0.332811
0.0232419 1 0.308733
0.249437 0.913309 0.468484
-0.390239 -0.90689 0.383109
-0.390239 -0.976798 0.100317
0.0364304 -0.402944 -0.0693466
-0.158644 -0.998608 0.403823
0.0277739 -0.998608 0.396819
0.387512 -0.998608 0.127338
0.0364304 0.189027 -0.43277
0.168872 -0.867613 -0.307275
0.0364304 0.654954 0.262996
0.341141 0.869005 -0.113885
0.372664 0.869005 -0.0359542
-0.198638 -0.97661 0.468484
-0.111955 1 -0.0541696
-0.0365525 -0.745523 -0.0661881
0.27888 -0.867613 0.00283522
0.0300274 -0.977183 -0.467194
0.0364304 -0.00325568 -0.44353
-0.0365525 0.730482 -0.268399
-0.0365525 0.295943 0.0910591
-0.0365525 0.636867 0.198184
-0.0365525 -0.74461 -0.248605
-0.0365525 -0.499973 -0.314894
0.00331771 1 -0.205375
0.0898128 0.9026 0.468484
0.211157 0.928231 0.468484
0.364232 -0.867613 -0.14777
-0.132113 -0.867613 -0.0763687
-0.0365525 0.352762 -0.100259
0.0364304 -0.113583 0.110837
-0.0365525 0.237359 -0.305443
0.144832 0.980324 -0.467194
-0.367228 0.919522 -0.467194
-0.147694 -0.867613 0.117458
0.325572 -0.867613 0.4036
-0.0365525 -0.33039 0.188714
-0.0365525 0.778296 -0.306969
0.0364304 0.615153 0.120573
0.31931 1 -0.0614655
0.0364304 -0.280118 0.0420462
-0.160137 1 -0.409049
0.133876 -0.867613 -0.0693175
0.32263 1 -0.284075
0.0364304 -0.193856 -0.20971
0.0364304 -0.380529 -0.110396
-0.0157345 -0.205851 0.468484
0.235504 1 -0.297531
-0.040306 -0.847241 -0.387192
0.0364304 0.701036 0.0350483
-0.0365525 0.733248 -0.0898621
0.0601124 1 0.0447721
-0.362481 1 0.210129
0.390117 -0.979258 0.0950925
-0.117834 -0.998608 -0.304236
0.106759 0.869005 -0.390416
-0.0365525 -0.688456 0.445022
-0.339927 -0.867613 -0.164701
0.0364304 -0.515236 0.214213
0.214373 -0.867613 -0.298178
-0.390239 0.869695 -0.109286
-0.282747 -0.867613 0.144523
0.30474 0.869005 -0.041389
-0.117101 1 -0.316095
0.0364304 -0.0747123 -0.349353
0.258518 0.957683 0.468484
0.147164 -0.998608 0.171833
-0.0365525 0.336093 -0.351111
-0.0365525 0.174855 0.400696
-0.0365525 0.27277 -0.379861
-0.217817 1 -0.36877
-0.0365525 -0.570398 -0.408812
-0.198939 0.869005 0.267583
-0.0365525 -0.202743 0.324701
0.334321 -0.937946 0.468484
0.0486188 -0.998608 -0.458037
-0.179286 1 0.158384
0.390117 0.999557 -0.286311
-0.303923 -0.867613 0.329427
0.0388467 -0.844179 -0.443801
-0.287861 1 0.22413
0.0364304 0.316354 0.293212
0.0951171 0.886932 -0.467194
0.233594 -0.998608 0.355451
-0.0365525 0.394493 0.0615368
-0.378792 0.869005 -0.40591
-0.390239 -0.966609 0.152491
-0.0365525 -0.119067 -0.0355854
0.0364304 0.0854616 0.188119
0.314469 1 0.0478654
0.0364304 0.578026 -0.087035
-0.0524578 -0.998608 0.393123
-0.0575285 0.865542 0.218336
0.0364304 0.5678 0.410588
-0.0365525 0.504083 -0.00720026
-0.0365525 -0.405818 0.234298
0.0364304 -0.018618 0.418371
0.0364304 0.269508 -0.315057
0.0364304 0.403047 -0.235474
-0.0365525 0.666992 0.0246183
0.0364304 -0.489104 -0.163932
-0.133285 -0.992112 0.468484
-0.0365525 -0.386318 -0.193488
0.390117 0.931652 0.0966874
0.0155039 1 0.0965158
-0.0571821 -0.998608 0.217502
-0.109546 0.869005 0.00481115
0.390117 -0.939398 0.0719949
0.214958 -0.980357 0.468484
-0.0365525 -0.641265 0.0578112
-0.0351406 -0.998608 0.342762
0.0447839 -0.998608 0.219655
-0.390239 0.885394 0.369866
-0.0365525 -0.732582 0.38689
0.256522 -0.998608 0.215406
-0.197626 -0.998608 0.378501
0.390117 0.960458 0.0249479
-0.0365525 -0.82595 -0.244517
-0.0365525 -0.573089 -0.281349
-0.0365525 0.640259 0.445835
-0.0180104 1 0.189551
-0.0365525 -0.114808 -0.245498
0.0174646 -0.834758 -0.467194
-0.291134 0.891963 -0.467194
0.381926 0.869005 -0.142485
-0.316711 -0.867613 0.0120804
0.0364304 0.49596 -0.217382
0.0364304 0.194482 0.419713
0.390117 0.895314 -0.16186
0.379002 0.869005 0.282026
0.281105 -0.998608 0.0927612
0.285453 -0.998608 -0.138848
0.0151259 1 -0.182052
0.38997 0.869005 -0.389445
0.0364304 -0.553292 0.183044
-0.0365525 -0.332958 0.110604
0.129947 0.869005 0.406176
-0.32089 0.94207 -0.467194
-0.0365525 0.827442 -0.137777
-0.0365525 0.248227 -0.262157
0.261678 -0.867613 0.416724
0.0364304 0.774738 -0.306008
0.10206 0.869005 0.343225
0.0364304 0.272878 0.281713
0.218171 0.869005 0.454394
0.0377293 -0.840771 0.262084
-0.0365525 -0.544784 -0.120774
0.0605513 1 0.341625
0.0364304 -0.470033 0.149745
-0.0365525 -0.794302 0.385884
0.125933 -0.998608 0.300163
-0.0365525 0.598451 0.275651
-0.0365525 -0.587006 -0.256791
0.0281164 -0.998608 -0.181134
0.390117 0.947337 0.215413
0.36702 0.915072 0.468484
-0.0365525 -0.828737 0.447319
-0.307716 -0.867613 0.450336
-0.0365525 0.595008 -0.301441
0.217501 0.869005 -0.0386541
0.083897 -0.998608 0.412859
0.0364304 0.185473 0.308228
0.245964 1 -0.445384
0.0364304 0.501501 0.341055
0.0364304 0.362505 0.421275
0.224883 -0.867613 -0.0970981
0.0364304 -0.111936 0.37527
0.0364304 0.492478 0.420188
-0.0365525 0.228132 -0.421884
-0.251146 -0.867613 -0.411022
0.0136118 0.764834 0.468484
-0.215125 0.869005 0.153211
-0.0365525 -0.671552 0.400412
-0.134722 1 -0.246759
-0.316209 1 -0.283515
0.0364304 -0.797253 -0.362082
-0.366987 0.869005 -0.277972
0.0364304 0.584238 -0.444887
0.0421155 1 0.22264
0.0364304 0.537565 0.415376
-0.390239 -0.91738 0.0386705
-0.0365525 0.630761 -0.161257
-0.0365525 0.25455 0.0732792
-0.0365525 0.151034 -0.209218
0.0364304 0.697148 0.26605
-0.187075 -0.998608 -0.0790942
0.29965 1 0.302585
-0.390239 -0.905835 0.130818
0.317386 0.869005 0.0991252
0.0364304 -0.248301 0.107419
0.0364304 -0.560193 -0.287095
0.0364304 -0.80593 -0.26643
0.0364304 -0.728301 -0.384276
0.0995312 0.869005 0.103679
-0.0365525 -0.425796 -0.264934
-0.0365525 -0.179512 -0.404948
-0.0365525 0.382813 -0.228504
0.0364304 -0.142173 -0.171868
-0.0365525 0.705076 -0.236334
-0.0365525 0.547143 -0.0813933
-0.390239 0.910784 0.0251859
-0.0365525 -0.410808 0.0482131
-0.238993 -0.867613 -0.460102
0.257083 -0.867613 0.299094
-0.390239 0.971523 0.16455
0.390117 0.94472 -0.194398
0.320029 1 0.409127
0.00555551 -0.976578 0.468484
-0.0365525 -0.570693 0.436168
0.0364304 0.704618 0.347398
0.0364304 0.521489 0.100814
0.100043 0.869005 0.231759
-0.180801 -0.867613 -0.386879
0.218107 1 -0.400804
-0.0365525 0.799837 0.0894059
-0.121433 -0.867613 0.0678819
0.0170281 -0.292893 -0.467194
0.390117 0.92467 0.200289
0.0364304 -0.158415 0.172725
-0.390239 0.879081 0.182603
-0.0365525 -0.784563 -0.173657
-0.128195 0.869305 0.468484
-0.0860102 -0.998608 -0.287396
0.0364304 -0.0848658 -0.146125
0.35564 0.958752 0.468484
-0.0138661 0.583647 0.468484
-0.0365525 0.645767 0.236917
0.0364304 -0.314913 0.272964
0.22029 -0.867613 -0.240477
-0.0365525 0.658697 0.161963
0.0364304 0.485219 -0.178915
-0.0365525 0.281606 -0.0740334
-0.265866 -0.867613 0.225526
-0.0151301 1 0.287121
-0.0365525 -0.330999 0.0431174
-0.275437 -0.892104 0.468484
0.0364304 0.476932 -0.256837
-0.207151 1 -0.000842986
0.0688868 0.868781 -0.398719
0.0364304 0.238465 0.149535
0.28322 1 -0.0385873
0.0364304 0.739066 -0.454883
0.0364304 -0.520319 -0.385298
0.30933 -0.998608 0.346915
0.0364304 0.613441 -0.229889
0.390117 0.947388 0.430298
-0.00130377 -0.998608 0.369067
0.16072 1 0.281638
0.299076 -0.998608 0.230661
0.0364304 0.787151 0.167655
0.0364304 -0.108912 -0.00577138
-0.0446253 -0.854012 -0.104929
-0.353629 -0.998608 0.282304
-0.000754144 0.94412 -0.467194
-0.115541 0.927764 0.468484
0.0887162 -0.867613 -0.298267
0.0364304 -0.103016 -0.353771
0.0364304 0.447807 0.100224
0.213105 -0.998608 0.0386816
0.0364304 0.0440003 -0.132854
-0.0365525 0.700871 -0.12601
-0.0365525 -0.0263802 0.0452846
-0.0718311 -0.998608 -0.100398
-0.0365525 0.495678 0.0237881
-0.0365525 0.827265 -0.321558
0.0364304 0.115522 0.130277
-0.219621 -0.94781 0.468484
0.0364304 -0.558404 -0.326474
-0.270991 0.871104 -0.467194
-0.326069 -0.998608 0.01719
-0.0812103 1 -0.445537
0.0364304 -0.824736 0.429186
0.0364304 0.562178 0.160618
-0.0365525 -0.578065 0.196676
-0.323131 -0.973786 -0.467194
0.0364304 -0.64698 0.216217
0.0364304 0.441542 -0.231568
-0.229937 1 0.364243
0.381004 1 -0.0705516
0.106105 -0.998608 0.229221
0.0364304 0.691987 0.221718
0.0364304 0.437812 -0.405435
0.0364304 0.116769 0.447003
-0.0903485 -0.998608 -0.141686
0.0364304 -0.207487 0.114213
0.390117 -0.997715 -0.433612
-0.204524 1 0.465852
-0.0329471 -0.0526897 0.468484
0.153901 1 0.335251
0.0609304 -0.957199 -0.467194
0.0923559 -0.998608 0.0649556
0.0364304 0.408933 -0.201341
-0.0922471 -0.909696 -0.467194
0.0364304 0.576223 0.315879
-0.0365525 0.286823 -0.463357
0.0364304 -0.377099 -0.0367242
-0.0365525 0.569614 -0.265978
0.10174 -0.998608 0.336477
-0.0365525 -0.769926 -0.142747
